x,y,region,boundary_flag
0.0001791977611316,0.1275181808682386,1.0,1.0
0.0018196270320511,0.1276608268917967,1.0,1.0
0.0034600563029705,0.1277321499035758,1.0,1.0
0.0052431315974482,0.1277321499035758,1.0,1.0
0.0070975299037049,0.1274468578564594,1.0,1.0
0.0088092821864035,0.1267336277386684,1.0,1.0
0.0105210344691021,0.1260203976208773,1.0,1.0
0.0131599859049291,0.1252358444913071,1.0,1.0
0.0145151231287321,0.123809384255725,1.0,1.0
0.022503300447992,0.123809384255725,1.0,1.0
0.0307054468025893,0.1236667382321668,1.0,1.0
0.0346282124504402,0.1235240922086085,1.0,1.0
0.0355554116035686,0.1243799683499578,1.0,1.0
0.0361973187095806,0.1229535081143757,1.0,1.0
0.0365539337684761,0.12181233992591,1.0,1.0
0.036482610756697,0.1203858796903279,1.0,1.0
0.0379803940040582,0.1205285257138861,1.0,1.0
0.038479655086512,0.1215270478787936,1.0,1.0
0.0441854960288405,0.1213844018552353,1.0,1.0
0.0505189807807886,0.1245939373852952,1.0,1.0
0.0536571932990693,0.126519658703331,1.0,1.0
0.0560821756995589,0.1276608268917967,1.0,1.0
0.0585784811118275,0.1276608268917967,1.0,1.0
0.0605042024298634,0.1277321499035758,1.0,1.0
0.0619306626654456,0.1284453800213669,1.0,1.0
0.0633571229010278,0.1283740570095878,1.0,1.0
0.0650688751837264,0.1283740570095878,1.0,1.0
0.0652115212072846,0.1294439021862745,1.0,1.0
0.0679217956548906,0.1292299331509371,1.0,1.0
0.0703467780553803,0.1292299331509371,1.0,1.0
0.0724864684087535,0.1276608268917967,1.0,1.0
0.0739842516561147,0.1268762737622266,1.0,1.0
0.0769798181508372,0.1268049507504475,1.0,1.0
0.0783349553746402,0.1269475967740057,1.0,1.0
0.080831260786909,0.127803472915355,1.0,1.0
0.0834702122227359,0.1276608268917967,1.0,1.0
0.0857668140726654,0.1285880260449252,1.0,1.0
0.0894042876733998,0.1300858092922864,1.0,1.0
0.0924711771799014,0.1320115306103223,1.0,1.0
0.095538066686403,0.1340085749401373,1.0,1.0
0.0983909871575673,0.1317975615749849,1.0,1.0
0.10217110678186,0.1308703624218566,1.0,1.0
0.1052379962883615,0.1299431632687282,1.0,1.0
0.1090181159126542,0.129158610139158,1.0,1.0
0.1157224790198903,0.1295152251980535,1.0,1.0
0.1214996429739979,0.1292299331509371,1.0,1.0
0.1262782847631981,0.1292299331509371,1.0,1.0
0.1307716345052818,0.1294439021862745,1.0,1.0
0.1328400018468759,0.1329387297634507,1.0,1.0
0.134266462082458,0.1348644510814866,1.0,1.0
0.1326260371647497,0.1372181104701971,1.0,1.0
0.1312708999409467,0.1390725087764538,1.0,1.0
0.1306289928349348,0.1409269070827107,1.0,1.0
0.1300584087407019,0.1444217346598869,1.0,1.0
0.1308429618702721,0.1466327480250392,1.0,1.0
0.1309142848820512,0.1499136065668781,1.0,1.0
0.131484868976284,0.1519106508966931,1.0,1.0
0.1315561919880631,0.155191509438532,1.0,1.0
0.1332679442707617,0.1553341554620902,1.0,1.0
0.1359782187183678,0.1561187085916604,1.0,1.0
0.1380465860599619,0.1569032617212306,1.0,1.0
0.1421119977313709,0.1569745847330096,1.0,1.0
0.1446083031436397,0.1569745847330096,1.0,1.0
0.1471759315676875,0.1561187085916604,1.0,1.0
0.1497435599917354,0.1561187085916604,1.0,1.0
0.1530244185335743,0.1562613546152186,1.0,1.0
0.1565905691225297,0.1563326776269977,1.0,1.0
0.1585162904405655,0.1563326776269977,1.0,1.0
0.160869949829276,0.1563326776269977,1.0,1.0
0.1640794853593359,0.1560473855798813,1.0,1.0
0.1669324058305001,0.1551201864267529,1.0,1.0
0.1693716493507767,0.1537650492029499,1.0,1.0
0.1710120786216961,0.1529091730616006,1.0,1.0
0.1740076451164186,0.1529804960733797,1.0,1.0
0.17628998149335,0.1523385889673677,1.0,1.0
0.1790002559409561,0.1520532969202513,1.0,1.0
0.1812825923178875,0.1520532969202513,1.0,1.0
0.1830656676123652,0.1512687437906811,1.0,1.0
0.1868457872366578,0.1512687437906811,1.0,1.0
0.1893420926489266,0.1507694827082274,1.0,1.0
0.1919097210729744,0.150484190661111,1.0,1.0
0.1947626415441387,0.1505555136728901,1.0,1.0
0.1967596858739537,0.1506268366846691,1.0,1.0
0.1993273142980015,0.1504128676493318,1.0,1.0
0.2019662657338285,0.1504128676493318,1.0,1.0
0.204391248134318,0.1503415446375527,1.0,1.0
0.2070301995701451,0.1503415446375527,1.0,1.0
0.2078860757114943,0.1495569915079826,1.0,1.0
0.2091841597497275,0.150484190661111,1.0,1.0
0.2116804651619963,0.1512687437906811,1.0,1.0
0.2144620626213814,0.1520532969202513,1.0,1.0
0.2166730759865337,0.1529804960733797,1.0,1.0
0.2189554123634651,0.153836372214729,1.0,1.0
0.2224502399406414,0.1529091730616006,1.0,1.0
0.2270149126945041,0.1529091730616006,1.0,1.0
0.229582541118552,0.1521959429438095,1.0,1.0
0.2323641385779372,0.1521959429438095,1.0,1.0
0.234931767001985,0.151839327884914,1.0,1.0
0.2384265945791613,0.1513400668024602,1.0,1.0
0.2425633292623495,0.1514827128260184,1.0,1.0
0.2453449267217346,0.1514827128260184,1.0,1.0
0.2476985861104452,0.150484190661111,1.0,1.0
0.2505372454618226,0.1506268366846691,1.0,1.0
0.2532475199094287,0.1506268366846691,1.0,1.0
0.2572416085690586,0.1496996375315408,1.0,1.0
0.2610217281933513,0.1494856684962034,1.0,1.0
0.26351803360562,0.1496996375315408,1.0,1.0
0.2663709540767843,0.1489150844019706,1.0,1.0
0.2694378435832859,0.1488437613901915,1.0,1.0
0.2714348879131009,0.1482731772959586,1.0,1.0
0.2740738393489278,0.1480592082606213,1.0,1.0
0.2765701447611966,0.147203332119272,1.0,1.0
0.2789238041499071,0.1472746551310511,1.0,1.0
0.2809208484797221,0.1463474559779227,1.0,1.0
0.2847009681040148,0.1457768718836899,1.0,1.0
0.2874968266831868,0.1447070267070033,1.0,1.0
0.2897078400483391,0.1441364426127704,1.0,1.0
0.2925607605195034,0.1434232124949794,1.0,1.0
0.2951283889435512,0.1427813053889674,1.0,1.0
0.2977673403793782,0.1415688141887226,1.0,1.0
0.2997643847091932,0.1410695531062689,1.0,1.0
0.3028312742156948,0.1400710309413614,1.0,1.0
0.3053275796279635,0.1392864778117912,1.0,1.0
0.307681239016674,0.138501924682221,1.0,1.0
0.3106768055113965,0.1376460485408717,1.0,1.0
0.3139576640532354,0.1366475263759642,1.0,1.0
0.3171671995832952,0.1361482652935105,1.0,1.0
0.3199487970426804,0.1355063581874985,1.0,1.0
0.3231583325727402,0.1354350351757194,1.0,1.0
0.3260112530439045,0.1347218050579283,1.0,1.0
0.3308469393122522,0.1343651899990328,1.0,1.0
0.3346983819483239,0.1343651899990328,1.0,1.0
0.3388351166315121,0.1348644510814866,1.0,1.0
0.3431144973382585,0.1348644510814866,1.0,1.0
0.3475365240685631,0.1356490042110567,1.0,1.0
0.3518872277870887,0.1364335573406269,1.0,1.0
0.3558099934349396,0.1370754644466389,1.0,1.0
0.3593761440238949,0.1357916502346149,1.0,1.0
0.362728325577513,0.134507836022591,1.0,1.0
0.3668650602607011,0.1355776811992776,1.0,1.0
0.3692900426611907,0.1363622343288478,1.0,1.0
0.3711301972605054,0.1348644510814866,1.0,1.0
0.3731272415903203,0.1337946059048,1.0,1.0
0.3744110558023442,0.1329387297634507,1.0,1.0
0.3768360382028339,0.1325107916927761,1.0,1.0
0.3799742507211145,0.1322254996456596,1.0,1.0
0.3816146799920341,0.1332240218105671,1.0,1.0
0.3852521535927685,0.1333666678341253,1.0,1.0
0.3886043351463865,0.1330100527752298,1.0,1.0
0.3908153485115388,0.1330100527752298,1.0,1.0
0.391599901641109,0.1320828536221014,1.0,1.0
0.3951660522300643,0.1322254996456596,1.0,1.0
0.3961645743949719,0.1312269774807521,1.0,1.0
0.3998733710074854,0.1307277163982984,1.0,1.0
0.4043667207495691,0.1299431632687282,1.0,1.0
0.4082181633856409,0.1292299331509371,1.0,1.0
0.4129254821630619,0.1292299331509371,1.0,1.0
0.415635756610668,0.1300858092922864,1.0,1.0
0.4180607390111576,0.1300858092922864,1.0,1.0
0.4211989515294382,0.12980051724517,1.0,1.0
0.4249077481419518,0.1292299331509371,1.0,1.0
0.4274040535542206,0.1285880260449252,1.0,1.0
0.4301143280018267,0.1273042118329012,1.0,1.0
0.4324679873905372,0.126519658703331,1.0,1.0
0.4385161648591297,0.1266623047268893,1.0,1.0
0.4445786208603538,0.1266623047268893,1.0,1.0
0.4496425546966704,0.1266623047268893,1.0,1.0
0.4539219354034168,0.1269475967740057,1.0,1.0
0.4593424842986289,0.1267336277386684,1.0,1.0
0.4646203871702828,0.1267336277386684,1.0,1.0
0.4693277059477039,0.1268762737622266,1.0,1.0
0.4742489937604621,0.1268049507504475,1.0,1.0
0.4779577903729757,0.1257351055737609,1.0,1.0
0.4827792329343813,0.1248792294324116,1.0,1.0
0.4859887684644411,0.1245939373852952,1.0,1.0
0.4881997818295934,0.1230961541379339,1.0,1.0
0.49021110469204,0.1212417558316771,1.0,1.0
0.4926360870925296,0.1213130788434563,1.0,1.0
0.4950610694930191,0.121170432819898,1.0,1.0
0.4979853129759626,0.121170432819898,1.0,1.0
0.5009808794706851,0.1212417558316771,1.0,1.0
0.5040477689771866,0.1205998487256652,1.0,1.0
0.5086694862101971,0.1203858796903279,1.0,1.0
0.5115224066813613,0.1192447115018621,1.0,1.0
0.5138047430582927,0.1178895742780591,1.0,1.0
0.5168003095530153,0.1188167734311875,1.0,1.0
0.520009845083075,0.1187454504194084,1.0,1.0
0.5221495354364483,0.1195300035489786,1.0,1.0
0.5244318718133797,0.1196726495725368,1.0,1.0
0.525287747954729,0.1206711717374443,1.0,1.0
0.5270708232492066,0.1205998487256652,1.0,1.0
0.527284792284544,0.1193160345136412,1.0,1.0
0.5327623856589037,0.1195300035489786,1.0,1.0
0.5381116115423367,0.119815295596095,1.0,1.0
0.542319669237304,0.119815295596095,1.0,1.0
0.5448159746495727,0.1188167734311875,1.0,1.0
0.5488813863209818,0.1190307424665248,1.0,1.0
0.5518056298039252,0.1187454504194084,1.0,1.0
0.5557283954517761,0.1186741274076293,1.0,1.0
0.5585099929111612,0.1178895742780591,1.0,1.0
0.5601504221820807,0.1169623751249307,1.0,1.0
0.5622901125354539,0.1146800387479993,1.0,1.0
0.5609349753116508,0.1131109324888589,1.0,1.0
0.5622901125354539,0.1099727199705783,1.0,1.0
0.5637878957828151,0.1055506932402736,1.0,1.0
0.5670117098455065,0.1086175827467752,1.0,1.0
0.5694366922459961,0.1110425651472648,1.0,1.0
0.5718616746464857,0.11382416260665,1.0,1.0
0.5752851792118828,0.1161064989835814,1.0,1.0
0.5792079448597338,0.1175329592191636,1.0,1.0
0.5784233917301635,0.1158925299482441,1.0,1.0
0.5745006260823127,0.114466069712662,1.0,1.0
0.5722896127171604,0.1121837333357306,1.0,1.0
0.5704352144109036,0.1094021358763454,1.0,1.0
0.5686521391164259,0.1070484764876349,1.0,1.0
0.567368324904402,0.1039815869811333,1.0,1.0
0.5714337365758111,0.1041242330046915,1.0,1.0
0.5742866570469753,0.1039815869811333,1.0,1.0
0.5763550243885694,0.1048374631224826,1.0,1.0
0.579421913895071,0.1036962949340169,1.0,1.0
0.5821321883426771,0.1030543878280049,1.0,1.0
0.584771139778504,0.1021271886748765,1.0,1.0
0.5866255380847608,0.1014139585570854,1.0,1.0
0.5904769807208327,0.1013426355453063,1.0,1.0
0.5941144543215671,0.1021271886748765,1.0,1.0
0.5968817732483207,0.1024124807219929,1.0,1.0
0.599734693719485,0.1023411577102138,1.0,1.0
0.6018743840728582,0.1036249719222377,1.0,1.0
0.605155242614697,0.1021985116866556,1.0,1.0
0.6087213932036524,0.1014139585570854,1.0,1.0
0.6115743136748166,0.1009860204864108,1.0,1.0
0.6159963404051213,0.0999161753097242,1.0,1.0
0.6205610131589842,0.0990602991683749,1.0,1.0
0.6238704287660861,0.0992029451919331,1.0,1.0
0.6282924554963908,0.0992029451919331,1.0,1.0
0.6336416813798238,0.1000588213332824,1.0,1.0
0.637065185945221,0.1003441133803988,1.0,1.0
0.6425570578522122,0.097776484956351,1.0,1.0
0.6456239473587138,0.0967066397796644,1.0,1.0
0.6489761289123318,0.0954228255676405,1.0,1.0
0.6519716954070542,0.094424303402733,1.0,1.0
0.6553951999724513,0.0934257812378255,1.0,1.0
0.6597316599840347,0.0928551971435926,1.0,1.0
0.6644389787614557,0.0918566749786851,1.0,1.0
0.6700021736802261,0.0911434448608941,1.0,1.0
0.6745668464340889,0.0903588917313239,1.0,1.0
0.6771059177928737,0.090430214743103,1.0,1.0
0.6803867763347126,0.0894316925781955,1.0,1.0
0.6835249888529933,0.0886471394486253,1.0,1.0
0.6866632013712739,0.0880052323426134,1.0,1.0
0.6900867059366711,0.0872920022248223,1.0,1.0
0.6936528565256264,0.0859368650010193,1.0,1.0
0.6968623920556862,0.0852236348832282,1.0,1.0
0.699430020479734,0.0842251127183207,1.0,1.0
0.7021402949273401,0.0838684976594252,1.0,1.0
0.704066016245376,0.0830126215180759,1.0,1.0
0.7076321668343313,0.0831552675416341,1.0,1.0
0.7114836094704031,0.0821567453767266,1.0,1.0
0.7155490211418122,0.0823707144120639,1.0,1.0
0.7186872336600929,0.08108690020004,1.0,1.0
0.7211835390723617,0.0793038249055623,1.0,1.0
0.7243930746024214,0.0793038249055623,1.0,1.0
0.727459964108923,0.0783766257524339,1.0,1.0
0.730141681491266,0.0785192717759921,1.0,1.0
0.7327093099153138,0.0776633956346428,1.0,1.0
0.7357048764100363,0.0774494265993056,1.0,1.0
0.738129858810526,0.0768075194932936,1.0,1.0
0.741553363375923,0.0768788425050727,1.0,1.0
0.7435504077057381,0.0785905947877713,1.0,1.0
0.7450481909530993,0.078447948764213,1.0,1.0
0.7476871423889263,0.0770214885286309,1.0,1.0
0.7504687398483114,0.0760942893755025,1.0,1.0
0.7529650452605802,0.0752384132341532,1.0,1.0
0.7570304569319893,0.0747391521516995,1.0,1.0
0.762237036791864,0.0738832760103502,1.0,1.0
0.765517895333703,0.0731700458925591,1.0,1.0
0.7694549395141854,0.0731700458925591,1.0,1.0
0.774518873350502,0.0730273998690009,1.0,1.0
0.7777284088805618,0.0731700458925591,1.0,1.0
0.78186514356375,0.0730273998690009,1.0,1.0
0.7854312941527053,0.07309872288078,1.0,1.0
0.7894967058241145,0.0730273998690009,1.0,1.0
0.7942753476133145,0.07309872288078,1.0,1.0
0.7976988521787117,0.0730273998690009,1.0,1.0
0.8009083877087716,0.0730273998690009,1.0,1.0
0.8036899851681566,0.0720288777040934,1.0,1.0
0.8086968745253258,0.0707450634920695,1.0,1.0
0.8118350870436064,0.0696038953036038,1.0,1.0
0.81554388365612,0.0701031563860575,1.0,1.0
0.8168276978681438,0.0705310944567322,1.0,1.0
0.8186820961744007,0.0680347890444634,1.0,1.0
0.824958521210962,0.0681774350680217,1.0,1.0
0.8300937780590578,0.0680347890444634,1.0,1.0
0.8324474374477684,0.0690333112093709,1.0,1.0
0.8350150658718162,0.0688906651858127,1.0,1.0
0.8379393093547596,0.0676781739855679,1.0,1.0
0.841006198861261,0.0667509748324395,1.0,1.0
0.8445010264384374,0.0658950986910902,1.0,1.0
0.8470686548624852,0.0651105455615201,1.0,1.0
0.8498502523218704,0.0643259924319499,1.0,1.0
0.852988464840151,0.065039222549741,1.0,1.0
0.8566972614526647,0.0648252535144036,1.0,1.0
0.8600494430062826,0.0649678995379618,1.0,1.0
0.8625457484185515,0.0642546694201708,1.0,1.0
0.8648994078072619,0.0636840853259379,1.0,1.0
0.8673957132195307,0.063042178219926,1.0,1.0
0.8708905407967069,0.0620436560550185,1.0,1.0
0.873672138256092,0.0613304259372274,1.0,1.0
0.8773096118568264,0.0611164569018901,1.0,1.0
0.8805191473868863,0.0611164569018901,1.0,1.0
0.882302222681364,0.0601892577487617,1.0,1.0
0.8859396962820985,0.0602605807605408,1.0,1.0
0.8885073247061462,0.0602605807605408,1.0,1.0
0.892358767342218,0.0596186736545288,1.0,1.0
0.8957822719076152,0.0596186736545288,1.0,1.0
0.8994910685201286,0.0586201514896214,1.0,1.0
0.9021727859024716,0.0580495673953885,1.0,1.0
0.9052396754089732,0.0569083992069228,1.0,1.0
0.9078786268448004,0.056409138124469,1.0,1.0
0.910446255268848,0.0557672310184571,1.0,1.0
0.9130138836928958,0.0546973858417704,1.0,1.0
0.9154388660933854,0.0539128327122003,1.0,1.0
0.9194329547530156,0.0538415097004212,1.0,1.0
0.9229991053419708,0.0539128327122003,1.0,1.0
0.9242829195539948,0.0531282795826301,1.0,1.0
0.9276351011076128,0.0532709256061883,1.0,1.0
0.9301314065198816,0.0532709256061883,1.0,1.0
0.9338402031323952,0.0523437264530599,1.0,1.0
0.9366931236035596,0.0516304963352689,1.0,1.0
0.93983133612184,0.0507746201939196,1.0,1.0
0.943112194663679,0.0501327130879076,1.0,1.0
0.9456085000759475,0.0493481599583375,1.0,1.0
0.9486040665706702,0.0484922838169882,1.0,1.0
0.9513856640300552,0.047707730687418,1.0,1.0
0.9543099075129988,0.0467805315342896,1.0,1.0
0.957234150995942,0.0459246553929403,1.0,1.0
0.9603010405024438,0.0453540712987074,1.0,1.0
0.9639385141031782,0.0447121641926955,1.0,1.0
0.96778995673925,0.0437849650395671,1.0,1.0
0.973067859610904,0.0427864428746596,1.0,1.0
0.9769193022469757,0.0422871817922059,1.0,1.0
0.9812415185516168,0.0415739516744148,1.0,1.0
0.9859488373290378,0.0407893985448446,1.0,1.0
0.987517943588178,0.0372232479558893,1.0,1.0
0.9865907444350496,0.0347982655553996,1.0,1.0
0.9858061913054796,0.0321593141195727,1.0,1.0
0.983523854928548,0.031018145931107,1.0,1.0
0.9821687177047452,0.0293777166601875,1.0,1.0
0.9802429963867092,0.0271667032950352,1.0,1.0
0.9779606600097778,0.0262395041419069,1.0,1.0
0.9764628767624166,0.0248130439063247,1.0,1.0
0.9751077395386136,0.0231012916236261,1.0,1.0
0.973253341232357,0.0223167384940559,1.0,1.0
0.9723261420792284,0.0209616012702529,1.0,1.0
0.9729680491852404,0.0198917560935663,1.0,1.0
0.9750364165268344,0.0191785259757752,1.0,1.0
0.9766768457977538,0.0177520657401931,1.0,1.0
0.9785312441040108,0.0162542824928319,1.0,1.0
0.9783885980804524,0.0151131143043662,1.0,1.0
0.9763202307388584,0.0161829594810528,1.0,1.0
0.9746084784561596,0.0171101586341812,1.0,1.0
0.9736099562912522,0.0178233887519722,1.0,1.0
0.9722548190674491,0.018322649834426,1.0,1.0
0.973324664244136,0.0171101586341812,1.0,1.0
0.974751124479718,0.0161829594810528,1.0,1.0
0.9761062617035208,0.0153984063514826,1.0,1.0
0.9776753679626614,0.0144712071983542,1.0,1.0
0.97938712024536,0.0134298842612414,1.0,1.0
0.980813580480942,0.0108622558371935,1.0,1.0
0.9824540097518616,0.0072961052482382,1.0,1.0
0.984665023117014,0.0036586316475037,1.0,1.0
0.9865907444350496,0.0004490961174439,1.0,1.0
0.9850929611876884,0.0004490961174439,1.0,1.0
0.9832385628814316,0.0036586316475037,1.0,1.0
0.9815981336105122,0.0067255211540053,1.0,1.0
0.9804569654220464,0.009150503554495,1.0,1.0
0.9793157972335808,0.01114754788431,1.0,1.0
0.9779606600097778,0.013144592214125,1.0,1.0
0.975464354597509,0.0144284064261489,1.0,1.0
0.9736099562912522,0.0155695746146146,1.0,1.0
0.9716129119614374,0.0167107428030803,1.0,1.0
0.9699011596787388,0.017851910991546,1.0,1.0
0.967618823301807,0.0184224950857789,1.0,1.0
0.9658357480073296,0.0184224950857789,1.0,1.0
0.965479132948434,0.0189930791800117,1.0,1.0
0.9619129823594788,0.0189930791800117,1.0,1.0
0.9592740309236518,0.0189217561682326,1.0,1.0
0.9579188936998488,0.0182798490622207,1.0,1.0
0.9544240661226726,0.0182085260504415,1.0,1.0
0.9535681899813232,0.0174952959326505,1.0,1.0
0.9516424686632872,0.0173526499090922,1.0,1.0
0.9516424686632872,0.0164254507559638,1.0,1.0
0.952854959863532,0.015212959555719,1.0,1.0
0.9532828979342068,0.0141431143790324,1.0,1.0
0.9540674510637772,0.0126453311316712,1.0,1.0
0.952854959863532,0.0113615169196473,1.0,1.0
0.9521417297457412,0.0101490257194025,1.0,1.0
0.9514998226397292,0.0095784416251696,1.0,1.0
0.9452376761357992,0.0130019461905667,1.0,1.0
0.9398884502523666,0.0152842825674981,1.0,1.0
0.9346818703924916,0.0197776323095819,1.0,1.0
0.9306164587210825,0.023843043980991,1.0,1.0
0.9261231089789989,0.0255547962636896,1.0,1.0
0.9219863742958104,0.0269812564992716,1.0,1.0
0.9188481617775298,0.0254834732519104,1.0,1.0
0.9157099492592492,0.023843043980991,1.0,1.0
0.9123434891729996,0.0253408272283522,1.0,1.0
0.9074222013602412,0.0269812564992716,1.0,1.0
0.9030714976417156,0.0278371326406209,1.0,1.0
0.8960818424873632,0.0284790397466329,1.0,1.0
0.8898054174508017,0.0294062388997613,1.0,1.0
0.883243700367124,0.029905499982215,1.0,1.0
0.878607704601482,0.0304760840764479,1.0,1.0
0.8758974301538759,0.0303334380528897,1.0,1.0
0.8736864167887237,0.0289069778173076,1.0,1.0
0.8689790980113027,0.0287643317937494,1.0,1.0
0.8642717792338814,0.0295488849233195,1.0,1.0
0.8587799073268904,0.0304047610646688,1.0,1.0
0.8544292036083647,0.03190254431203,1.0,1.0
0.8500784998898392,0.0336142965947286,1.0,1.0
0.8460130882184302,0.0348981108067526,1.0,1.0
0.8418763535352419,0.0361819250187764,1.0,1.0
0.8376682958402747,0.0378223542896959,1.0,1.0
0.8328896540510746,0.0391061685017198,1.0,1.0
0.829894087556352,0.0422443810200005,1.0,1.0
0.8272551361205251,0.0403186597019646,1.0,1.0
0.823831631555128,0.0387495534428243,1.0,1.0
0.8191956357894861,0.0376083852543586,1.0,1.0
0.8149875780945186,0.0369664781483466,1.0,1.0
0.8092817371521902,0.0372517701954631,1.0,1.0
0.8030053121156288,0.0376083852543586,1.0,1.0
0.7989399004442197,0.0383929383839288,1.0,1.0
0.7939472896196822,0.0383929383839288,1.0,1.0
0.7910943691485178,0.0381789693485914,1.0,1.0
0.7876565860504893,0.0371804471836839,1.0,1.0
0.7851602806382204,0.0363245710423347,1.0,1.0
0.7829492672730682,0.0349694338185316,1.0,1.0
0.7811661919785905,0.0338282656300659,1.0,1.0
0.7786698865663217,0.0324018053944838,1.0,1.0
0.7766728422365068,0.0306900531117852,1.0,1.0
0.7738912447771216,0.0289069778173076,1.0,1.0
0.7711809703295155,0.029905499982215,1.0,1.0
0.7695405410585962,0.0312606372060181,1.0,1.0
0.7667589435992109,0.0312606372060181,1.0,1.0
0.7642626381869422,0.0319738673238092,1.0,1.0
0.7619803018100108,0.0321165133473674,1.0,1.0
0.7634210405782245,0.0294062388997613,1.0,1.0
0.7647761778020274,0.0271239025228299,1.0,1.0
0.7665592530965051,0.0248415661458985,1.0,1.0
0.7669871911671798,0.0224165837454089,1.0,1.0
0.767201160202517,0.0194210172506863,1.0,1.0
0.7670585141789589,0.0167107428030803,1.0,1.0
0.7667018991200634,0.0140717913672533,1.0,1.0
0.7662026380376097,0.0169960348501967,1.0,1.0
0.7659173459904932,0.0201342473684774,1.0,1.0
0.7659173459904932,0.0234864289220954,1.0,1.0
0.7643482397313528,0.0261967033697015,1.0,1.0
0.7616379652837468,0.0294062388997613,1.0,1.0
0.7586423987890243,0.0324731284062629,1.0,1.0
0.7559321243414182,0.0350407568303107,1.0,1.0
0.7534358189291496,0.0364672170658929,1.0,1.0
0.7505828984579852,0.0377510312779168,1.0,1.0
0.7468741018454716,0.0389635224781617,1.0,1.0
0.7430939822211791,0.040532628737302,1.0,1.0
0.739099893561549,0.0421017349964423,1.0,1.0
0.7358903580314893,0.0435995182438036,1.0,1.0
0.7326808225014294,0.0446693634204902,1.0,1.0
0.7293999639595905,0.0460958236560723,1.0,1.0
0.7272745521388488,0.0470943458209798,1.0,1.0
0.7230664944438815,0.0476649299152126,1.0,1.0
0.7196429898784844,0.0480928679858873,1.0,1.0
0.7152209631481798,0.0491627131625739,1.0,1.0
0.7122967196652364,0.051231080504168,1.0,1.0
0.7102283523236423,0.0531568018222039,1.0,1.0
0.7054497105344422,0.0511597574923889,1.0,1.0
0.7011988172415802,0.0509457884570516,1.0,1.0
0.6982032507468576,0.0508744654452724,1.0,1.0
0.6954216532874725,0.0500185893039232,1.0,1.0
0.6927113788398664,0.0506604964099352,1.0,1.0
0.6889312592155739,0.0520869566455173,1.0,1.0
0.6854364316383976,0.0529428327868666,1.0,1.0
0.6825121881554542,0.0535847398928785,1.0,1.0
0.679017360578278,0.0546545850695651,1.0,1.0
0.6741816743099303,0.0550112001284607,1.0,1.0
0.670686846732754,0.0558670762698099,1.0,1.0
0.665337620849321,0.0556531072344726,1.0,1.0
0.6609155941190163,0.0557244302462517,1.0,1.0
0.6583479656949686,0.0566516293993801,1.0,1.0
0.6539259389646639,0.056580306387601,1.0,1.0
0.6502171423521503,0.056580306387601,1.0,1.0
0.6462230536925204,0.0577927975878458,1.0,1.0
0.6432274871977979,0.0590766117998698,1.0,1.0
0.6410164738326456,0.0597185189058817,1.0,1.0
0.639233398538168,0.060574395047231,1.0,1.0
0.6356498699302292,0.0613469115479212,1.0,1.0
0.6324403344001694,0.0626307257599452,1.0,1.0
0.6296587369407843,0.0635935864189631,1.0,1.0
0.6265561859283931,0.0644494625603123,1.0,1.0
0.6231326813629959,0.065519307736999,1.0,1.0
0.6192812387269242,0.0670170909843602,1.0,1.0
0.6131831212198106,0.0675520135727035,1.0,1.0
0.6077269108187089,0.0671240755020289,1.0,1.0
0.6006659326525774,0.0676589980903722,1.0,1.0
0.5957446448398189,0.0681939206787155,1.0,1.0
0.5896465273327054,0.0688358277847275,1.0,1.0
0.5814087194722185,0.0700126574790827,1.0,1.0
0.5762734626241228,0.0707615491027633,1.0,1.0
0.5710312212583585,0.071189487173438,1.0,1.0
0.5660029489279313,0.0719383787971186,1.0,1.0
0.5584070481734565,0.0749339452918411,1.0,1.0
0.5549407602486988,0.0754688678801844,1.0,1.0
0.5510893176126269,0.0766456975745396,1.0,1.0
0.5476658130472299,0.0780364963042322,1.0,1.0
0.5438143704111581,0.0797482485869308,1.0,1.0
0.540390865845761,0.0806041247282801,1.0,1.0
0.5355765625506713,0.0806041247282801,1.0,1.0
0.5320460734676055,0.0810320627989547,1.0,1.0
0.5259479559604918,0.0811390473166234,1.0,1.0
0.5197428539357096,0.0811390473166234,1.0,1.0
0.5138587054639333,0.0811390473166234,1.0,1.0
0.5099002783101928,0.0811390473166234,1.0,1.0
0.5051929595327718,0.0827438150816533,1.0,1.0
0.5011275478613627,0.0831717531523279,1.0,1.0
0.4974900742606282,0.0837066757406712,1.0,1.0
0.4931037090362131,0.0832787376699966,1.0,1.0
0.4881824212234547,0.0827438150816533,1.0,1.0
0.4835820869637024,0.0840276292936772,1.0,1.0
0.4794524480147183,0.0847765209173578,1.0,1.0
0.4745311602019599,0.0859533506117131,1.0,1.0
0.4698238414245389,0.0871301803060684,1.0,1.0
0.4657584297531298,0.0880930409650863,1.0,1.0
0.4609441264580399,0.0888419325887669,1.0,1.0
0.4535621947389026,0.0891628861417729,1.0,1.0
0.4519574269738726,0.0895908242124475,1.0,1.0
0.4487478914438128,0.087879071929749,1.0,1.0
0.4462872475374336,0.0858463660940444,1.0,1.0
0.44018913003032,0.0867022422353937,1.0,1.0
0.4365516564295855,0.087879071929749,1.0,1.0
0.4328071983111824,0.0879860564474176,1.0,1.0
0.4287417866397733,0.087237164823737,1.0,1.0
0.424462405933027,0.0859533506117131,1.0,1.0
0.4188350359752156,0.0856323970587071,1.0,1.0
0.412736918468102,0.0857393815763758,1.0,1.0
0.4065318164433196,0.0860603351293818,1.0,1.0
0.400754652489212,0.0871301803060684,1.0,1.0
0.3962613027471283,0.0880930409650863,1.0,1.0
0.3913400149343699,0.0894838396947789,1.0,1.0
0.3870606342276235,0.0896978087301162,1.0,1.0
0.3788228263671366,0.0896978087301162,1.0,1.0
0.3732596314483663,0.0896978087301162,1.0,1.0
0.3684453281532766,0.0900187622831222,1.0,1.0
0.3629891177521749,0.0899117777654535,1.0,1.0
0.3585813608480795,0.0898047932477849,1.0,1.0
0.3557997633886944,0.0905536848714655,1.0,1.0
0.3543019801413332,0.0890559016241042,1.0,1.0
0.3539810265883272,0.0863812886823877,1.0,1.0
0.3509854600936047,0.0846695363996891,1.0,1.0
0.3491667232932374,0.0831717531523279,1.0,1.0
0.3476689400458762,0.0797482485869308,1.0,1.0
0.3498086303992494,0.0751479143271784,1.0,1.0
0.351199429128942,0.069905672961414,1.0,1.0
0.3526972123763032,0.0672310600196976,1.0,1.0
0.3491667232932374,0.0664821683960169,1.0,1.0
0.3482038626342195,0.0673380445373662,1.0,1.0
0.3449943271041597,0.0656262922546676,1.0,1.0
0.3417847915740999,0.0639145399719691,1.0,1.0
0.3394311321853894,0.0630586638306198,1.0,1.0
0.3339749217842877,0.064877400630987,1.0,1.0
0.3323701540192578,0.0624167567246078,1.0,1.0
0.3284117268655174,0.0684078897140528,1.0,1.0
0.3250952068177889,0.0735431465621485,1.0,1.0
0.3203878880403679,0.0776085582335576,1.0,1.0
0.3169643834749707,0.0798552331045994,1.0,1.0
0.3135408789095736,0.081887938940304,1.0,1.0
0.3088335601321526,0.0845625518820205,1.0,1.0
0.3038052878017255,0.0874511338590743,1.0,1.0
0.2982420928829552,0.0890559016241042,1.0,1.0
0.2932138205525281,0.0902327313184595,1.0,1.0
0.2873296720807518,0.0921584526364954,1.0,1.0
0.2809106010206322,0.0942981429898686,1.0,1.0
0.2755613751371992,0.0961168797902358,1.0,1.0
0.2695702421477542,0.0967587868962478,1.0,1.0
0.26272323301696,0.0975076785199284,1.0,1.0
0.2550631311041771,0.0986845082142836,1.0,1.0
0.2476811993850395,0.0994333998379643,1.0,1.0
0.2426529270546125,0.1001822914616449,1.0,1.0
0.2353779798531436,0.1008241985676569,1.0,1.0
0.22927986234603,0.1014661056736688,1.0,1.0
0.2225398377329044,0.1022149972973495,1.0,1.0
0.2124832930720503,0.1015730901913375,1.0,1.0
0.2040315161762262,0.1005032450146509,1.0,1.0
0.1937610024800348,0.0995403843556329,1.0,1.0
0.1866144314759149,0.0990054617672896,1.0,1.0
0.1805163139688012,0.0994333998379643,1.0,1.0
0.1753810571207055,0.1009311830853255,1.0,1.0
0.1691759550959232,0.1018940437443435,1.0,1.0
0.1605102091647618,0.1015730901913375,1.0,1.0
0.1523793858219436,0.1015730901913375,1.0,1.0
0.1439276089261194,0.1015730901913375,1.0,1.0
0.1315174048765549,0.1020010282620121,1.0,1.0
0.1245634112280919,0.1020010282620121,1.0,1.0
0.1170744949912857,0.1033918269917047,1.0,1.0
0.1146138510849064,0.104247703133054,1.0,1.0
0.1103558672804185,0.10456865668606,1.0,1.0
0.1056485485029974,0.1058524708980839,1.0,1.0
0.1006202761725704,0.1070293005924392,1.0,1.0
0.0970897870895046,0.1075642231807824,1.0,1.0
0.0937732670417762,0.1084200993221317,1.0,1.0
0.0901357934410417,0.109917882569493,1.0,1.0
0.0868192733933132,0.1109877277461796,1.0,1.0
0.0835027533455848,0.1126994800288782,1.0,1.0
0.0791163881211697,0.1134483716525587,1.0,1.0
0.0756928835557726,0.1134483716525587,1.0,1.0
0.0722693789903755,0.1135553561702274,1.0,1.0
0.069273812495653,0.1143042477939081,1.0,1.0
0.0664922150362678,0.1143042477939081,1.0,1.0
0.0644595092005632,0.1168718762179559,1.0,1.0
0.0651014163065752,0.1192255421364832,1.0,1.0
0.0651014163065752,0.1220071395958683,1.0,1.0
0.0649944317889066,0.1244677835022475,1.0,1.0
0.0661712614832618,0.1263935048202834,1.0,1.0
0.0609290201174975,0.1253236596435968,1.0,1.0
0.0554728097163958,0.1237188918785669,1.0,1.0
0.0590032987994616,0.1229700002548863,1.0,1.0
0.0599661594584795,0.1191185576188145,1.0,1.0
0.0607150510821601,0.1151601304650741,1.0,1.0
0.0593242523524675,0.1135553627000442,1.0,1.0
0.0563286858577451,0.1160160066064234,1.0,1.0
0.0540820109867032,0.1200814182778324,1.0,1.0
0.0494816747692811,0.1186906195481399,1.0,1.0
0.0435975262975048,0.1165509291947666,1.0,1.0
0.0388902075200838,0.1150531459474054,1.0,1.0
0.0363225790960359,0.1136623472177128,1.0,1.0
0.0333270126013134,0.1139833007707188,1.0,1.0
0.0295825544829103,0.116122991124092,1.0,1.0
0.0265869879881879,0.117406805336116,1.0,1.0
0.0225215763167788,0.1185836350304712,1.0,1.0
0.018028226574695,0.1199744337601638,1.0,1.0
0.01364186135028,0.121472217007525,1.0,1.0
0.0102183567848828,0.122435077666543,1.0,1.0
0.0063669141488111,0.1231839692902236,1.0,1.0
0.0034783321717572,0.1238258763962356,1.0,1.0
0.0004827656770348,0.1230769847725549,1.0,1.0
0.0001791977611316,0.1275181808682386,1.0,0.0
0.0018196270320511,0.1276608268917967,1.0,0.0
0.0034600563029705,0.1277321499035758,1.0,0.0
0.0052431315974482,0.1277321499035758,1.0,0.0
0.0070975299037049,0.1274468578564594,1.0,0.0
0.0088092821864035,0.1267336277386684,1.0,0.0
0.0105210344691021,0.1260203976208773,1.0,0.0
0.0131599859049291,0.1252358444913071,1.0,0.0
0.0145151231287321,0.123809384255725,1.0,0.0
0.022503300447992,0.123809384255725,1.0,0.0
0.0307054468025893,0.1236667382321668,1.0,0.0
0.0346282124504402,0.1235240922086085,1.0,0.0
0.0355554116035686,0.1243799683499578,1.0,0.0
0.0361973187095806,0.1229535081143757,1.0,0.0
0.0365539337684761,0.12181233992591,1.0,0.0
0.036482610756697,0.1203858796903279,1.0,0.0
0.0379803940040582,0.1205285257138861,1.0,0.0
0.038479655086512,0.1215270478787936,1.0,0.0
0.0441854960288405,0.1213844018552353,1.0,0.0
0.0505189807807886,0.1245939373852952,1.0,0.0
0.0536571932990693,0.126519658703331,1.0,0.0
0.0560821756995589,0.1276608268917967,1.0,0.0
0.0585784811118275,0.1276608268917967,1.0,0.0
0.0605042024298634,0.1277321499035758,1.0,0.0
0.0619306626654456,0.1284453800213669,1.0,0.0
0.0633571229010278,0.1283740570095878,1.0,0.0
0.0650688751837264,0.1283740570095878,1.0,0.0
0.0652115212072846,0.1294439021862745,1.0,0.0
0.0679217956548906,0.1292299331509371,1.0,0.0
0.0703467780553803,0.1292299331509371,1.0,0.0
0.0724864684087535,0.1276608268917967,1.0,0.0
0.0739842516561147,0.1268762737622266,1.0,0.0
0.0769798181508372,0.1268049507504475,1.0,0.0
0.0783349553746402,0.1269475967740057,1.0,0.0
0.080831260786909,0.127803472915355,1.0,0.0
0.0834702122227359,0.1276608268917967,1.0,0.0
0.0857668140726654,0.1285880260449252,1.0,0.0
0.0894042876733998,0.1300858092922864,1.0,0.0
0.0924711771799014,0.1320115306103223,1.0,0.0
0.095538066686403,0.1340085749401373,1.0,0.0
0.0983909871575673,0.1317975615749849,1.0,0.0
0.10217110678186,0.1308703624218566,1.0,0.0
0.1052379962883615,0.1299431632687282,1.0,0.0
0.1090181159126542,0.129158610139158,1.0,0.0
0.1157224790198903,0.1295152251980535,1.0,0.0
0.1214996429739979,0.1292299331509371,1.0,0.0
0.1262782847631981,0.1292299331509371,1.0,0.0
0.1307716345052818,0.1294439021862745,1.0,0.0
0.1328400018468759,0.1329387297634507,1.0,0.0
0.134266462082458,0.1348644510814866,1.0,0.0
0.1326260371647497,0.1372181104701971,1.0,0.0
0.1312708999409467,0.1390725087764538,1.0,0.0
0.1306289928349348,0.1409269070827107,1.0,0.0
0.1300584087407019,0.1444217346598869,1.0,0.0
0.1308429618702721,0.1466327480250392,1.0,0.0
0.1309142848820512,0.1499136065668781,1.0,0.0
0.131484868976284,0.1519106508966931,1.0,0.0
0.1315561919880631,0.155191509438532,1.0,0.0
0.1332679442707617,0.1553341554620902,1.0,0.0
0.1359782187183678,0.1561187085916604,1.0,0.0
0.1380465860599619,0.1569032617212306,1.0,0.0
0.1421119977313709,0.1569745847330096,1.0,0.0
0.1446083031436397,0.1569745847330096,1.0,0.0
0.1471759315676875,0.1561187085916604,1.0,0.0
0.1497435599917354,0.1561187085916604,1.0,0.0
0.1530244185335743,0.1562613546152186,1.0,0.0
0.1565905691225297,0.1563326776269977,1.0,0.0
0.1585162904405655,0.1563326776269977,1.0,0.0
0.160869949829276,0.1563326776269977,1.0,0.0
0.1640794853593359,0.1560473855798813,1.0,0.0
0.1669324058305001,0.1551201864267529,1.0,0.0
0.1693716493507767,0.1537650492029499,1.0,0.0
0.1710120786216961,0.1529091730616006,1.0,0.0
0.1740076451164186,0.1529804960733797,1.0,0.0
0.17628998149335,0.1523385889673677,1.0,0.0
0.1790002559409561,0.1520532969202513,1.0,0.0
0.1812825923178875,0.1520532969202513,1.0,0.0
0.1830656676123652,0.1512687437906811,1.0,0.0
0.1868457872366578,0.1512687437906811,1.0,0.0
0.1893420926489266,0.1507694827082274,1.0,0.0
0.1919097210729744,0.150484190661111,1.0,0.0
0.1947626415441387,0.1505555136728901,1.0,0.0
0.1967596858739537,0.1506268366846691,1.0,0.0
0.1993273142980015,0.1504128676493318,1.0,0.0
0.2019662657338285,0.1504128676493318,1.0,0.0
0.204391248134318,0.1503415446375527,1.0,0.0
0.2070301995701451,0.1503415446375527,1.0,0.0
0.2078860757114943,0.1495569915079826,1.0,0.0
0.2091841597497275,0.150484190661111,1.0,0.0
0.2116804651619963,0.1512687437906811,1.0,0.0
0.2144620626213814,0.1520532969202513,1.0,0.0
0.2166730759865337,0.1529804960733797,1.0,0.0
0.2189554123634651,0.153836372214729,1.0,0.0
0.2224502399406414,0.1529091730616006,1.0,0.0
0.2270149126945041,0.1529091730616006,1.0,0.0
0.229582541118552,0.1521959429438095,1.0,0.0
0.2323641385779372,0.1521959429438095,1.0,0.0
0.234931767001985,0.151839327884914,1.0,0.0
0.2384265945791613,0.1513400668024602,1.0,0.0
0.2425633292623495,0.1514827128260184,1.0,0.0
0.2453449267217346,0.1514827128260184,1.0,0.0
0.2476985861104452,0.150484190661111,1.0,0.0
0.2505372454618226,0.1506268366846691,1.0,0.0
0.2532475199094287,0.1506268366846691,1.0,0.0
0.2572416085690586,0.1496996375315408,1.0,0.0
0.2610217281933513,0.1494856684962034,1.0,0.0
0.26351803360562,0.1496996375315408,1.0,0.0
0.2663709540767843,0.1489150844019706,1.0,0.0
0.2694378435832859,0.1488437613901915,1.0,0.0
0.2714348879131009,0.1482731772959586,1.0,0.0
0.2740738393489278,0.1480592082606213,1.0,0.0
0.2765701447611966,0.147203332119272,1.0,0.0
0.2789238041499071,0.1472746551310511,1.0,0.0
0.2809208484797221,0.1463474559779227,1.0,0.0
0.2847009681040148,0.1457768718836899,1.0,0.0
0.2874968266831868,0.1447070267070033,1.0,0.0
0.2897078400483391,0.1441364426127704,1.0,0.0
0.2925607605195034,0.1434232124949794,1.0,0.0
0.2951283889435512,0.1427813053889674,1.0,0.0
0.2977673403793782,0.1415688141887226,1.0,0.0
0.2997643847091932,0.1410695531062689,1.0,0.0
0.3028312742156948,0.1400710309413614,1.0,0.0
0.3053275796279635,0.1392864778117912,1.0,0.0
0.307681239016674,0.138501924682221,1.0,0.0
0.3106768055113965,0.1376460485408717,1.0,0.0
0.3139576640532354,0.1366475263759642,1.0,0.0
0.3171671995832952,0.1361482652935105,1.0,0.0
0.3199487970426804,0.1355063581874985,1.0,0.0
0.3231583325727402,0.1354350351757194,1.0,0.0
0.3260112530439045,0.1347218050579283,1.0,0.0
0.3308469393122522,0.1343651899990328,1.0,0.0
0.3346983819483239,0.1343651899990328,1.0,0.0
0.3388351166315121,0.1348644510814866,1.0,0.0
0.3431144973382585,0.1348644510814866,1.0,0.0
0.3475365240685631,0.1356490042110567,1.0,0.0
0.3518872277870887,0.1364335573406269,1.0,0.0
0.3558099934349396,0.1370754644466389,1.0,0.0
0.3593761440238949,0.1357916502346149,1.0,0.0
0.362728325577513,0.134507836022591,1.0,0.0
0.3668650602607011,0.1355776811992776,1.0,0.0
0.3692900426611907,0.1363622343288478,1.0,0.0
0.3711301972605054,0.1348644510814866,1.0,0.0
0.3731272415903203,0.1337946059048,1.0,0.0
0.3744110558023442,0.1329387297634507,1.0,0.0
0.3768360382028339,0.1325107916927761,1.0,0.0
0.3799742507211145,0.1322254996456596,1.0,0.0
0.3816146799920341,0.1332240218105671,1.0,0.0
0.3852521535927685,0.1333666678341253,1.0,0.0
0.3886043351463865,0.1330100527752298,1.0,0.0
0.3908153485115388,0.1330100527752298,1.0,0.0
0.391599901641109,0.1320828536221014,1.0,0.0
0.3951660522300643,0.1322254996456596,1.0,0.0
0.3961645743949719,0.1312269774807521,1.0,0.0
0.3998733710074854,0.1307277163982984,1.0,0.0
0.4043667207495691,0.1299431632687282,1.0,0.0
0.4082181633856409,0.1292299331509371,1.0,0.0
0.4129254821630619,0.1292299331509371,1.0,0.0
0.415635756610668,0.1300858092922864,1.0,0.0
0.4180607390111576,0.1300858092922864,1.0,0.0
0.4211989515294382,0.12980051724517,1.0,0.0
0.4249077481419518,0.1292299331509371,1.0,0.0
0.4274040535542206,0.1285880260449252,1.0,0.0
0.4301143280018267,0.1273042118329012,1.0,0.0
0.4324679873905372,0.126519658703331,1.0,0.0
0.4385161648591297,0.1266623047268893,1.0,0.0
0.4445786208603538,0.1266623047268893,1.0,0.0
0.4496425546966704,0.1266623047268893,1.0,0.0
0.4539219354034168,0.1269475967740057,1.0,0.0
0.4593424842986289,0.1267336277386684,1.0,0.0
0.4646203871702828,0.1267336277386684,1.0,0.0
0.4693277059477039,0.1268762737622266,1.0,0.0
0.4742489937604621,0.1268049507504475,1.0,0.0
0.4779577903729757,0.1257351055737609,1.0,0.0
0.4827792329343813,0.1248792294324116,1.0,0.0
0.4859887684644411,0.1245939373852952,1.0,0.0
0.4881997818295934,0.1230961541379339,1.0,0.0
0.49021110469204,0.1212417558316771,1.0,0.0
0.4926360870925296,0.1213130788434563,1.0,0.0
0.4950610694930191,0.121170432819898,1.0,0.0
0.4979853129759626,0.121170432819898,1.0,0.0
0.5009808794706851,0.1212417558316771,1.0,0.0
0.5040477689771866,0.1205998487256652,1.0,0.0
0.5086694862101971,0.1203858796903279,1.0,0.0
0.5115224066813613,0.1192447115018621,1.0,0.0
0.5138047430582927,0.1178895742780591,1.0,0.0
0.5168003095530153,0.1188167734311875,1.0,0.0
0.520009845083075,0.1187454504194084,1.0,0.0
0.5221495354364483,0.1195300035489786,1.0,0.0
0.5244318718133797,0.1196726495725368,1.0,0.0
0.525287747954729,0.1206711717374443,1.0,0.0
0.5270708232492066,0.1205998487256652,1.0,0.0
0.527284792284544,0.1193160345136412,1.0,0.0
0.5327623856589037,0.1195300035489786,1.0,0.0
0.5381116115423367,0.119815295596095,1.0,0.0
0.542319669237304,0.119815295596095,1.0,0.0
0.5448159746495727,0.1188167734311875,1.0,0.0
0.5488813863209818,0.1190307424665248,1.0,0.0
0.5518056298039252,0.1187454504194084,1.0,0.0
0.5557283954517761,0.1186741274076293,1.0,0.0
0.5585099929111612,0.1178895742780591,1.0,0.0
0.5601504221820807,0.1169623751249307,1.0,0.0
0.5622901125354539,0.1146800387479993,1.0,0.0
0.5609349753116508,0.1131109324888589,1.0,0.0
0.5622901125354539,0.1099727199705783,1.0,0.0
0.5637878957828151,0.1055506932402736,1.0,0.0
0.5670117098455065,0.1086175827467752,1.0,0.0
0.5694366922459961,0.1110425651472648,1.0,0.0
0.5718616746464857,0.11382416260665,1.0,0.0
0.5752851792118828,0.1161064989835814,1.0,0.0
0.5792079448597338,0.1175329592191636,1.0,0.0
0.5784233917301635,0.1158925299482441,1.0,0.0
0.5745006260823127,0.114466069712662,1.0,0.0
0.5722896127171604,0.1121837333357306,1.0,0.0
0.5704352144109036,0.1094021358763454,1.0,0.0
0.5686521391164259,0.1070484764876349,1.0,0.0
0.567368324904402,0.1039815869811333,1.0,0.0
0.5714337365758111,0.1041242330046915,1.0,0.0
0.5742866570469753,0.1039815869811333,1.0,0.0
0.5763550243885694,0.1048374631224826,1.0,0.0
0.579421913895071,0.1036962949340169,1.0,0.0
0.5821321883426771,0.1030543878280049,1.0,0.0
0.584771139778504,0.1021271886748765,1.0,0.0
0.5866255380847608,0.1014139585570854,1.0,0.0
0.5904769807208327,0.1013426355453063,1.0,0.0
0.5941144543215671,0.1021271886748765,1.0,0.0
0.5968817732483207,0.1024124807219929,1.0,0.0
0.599734693719485,0.1023411577102138,1.0,0.0
0.6018743840728582,0.1036249719222377,1.0,0.0
0.605155242614697,0.1021985116866556,1.0,0.0
0.6087213932036524,0.1014139585570854,1.0,0.0
0.6115743136748166,0.1009860204864108,1.0,0.0
0.6159963404051213,0.0999161753097242,1.0,0.0
0.6205610131589842,0.0990602991683749,1.0,0.0
0.6238704287660861,0.0992029451919331,1.0,0.0
0.6282924554963908,0.0992029451919331,1.0,0.0
0.6336416813798238,0.1000588213332824,1.0,0.0
0.637065185945221,0.1003441133803988,1.0,0.0
0.6425570578522122,0.097776484956351,1.0,0.0
0.6456239473587138,0.0967066397796644,1.0,0.0
0.6489761289123318,0.0954228255676405,1.0,0.0
0.6519716954070542,0.094424303402733,1.0,0.0
0.6553951999724513,0.0934257812378255,1.0,0.0
0.6597316599840347,0.0928551971435926,1.0,0.0
0.6644389787614557,0.0918566749786851,1.0,0.0
0.6700021736802261,0.0911434448608941,1.0,0.0
0.6745668464340889,0.0903588917313239,1.0,0.0
0.6771059177928737,0.090430214743103,1.0,0.0
0.6803867763347126,0.0894316925781955,1.0,0.0
0.6835249888529933,0.0886471394486253,1.0,0.0
0.6866632013712739,0.0880052323426134,1.0,0.0
0.6900867059366711,0.0872920022248223,1.0,0.0
0.6936528565256264,0.0859368650010193,1.0,0.0
0.6968623920556862,0.0852236348832282,1.0,0.0
0.699430020479734,0.0842251127183207,1.0,0.0
0.7021402949273401,0.0838684976594252,1.0,0.0
0.704066016245376,0.0830126215180759,1.0,0.0
0.7076321668343313,0.0831552675416341,1.0,0.0
0.7114836094704031,0.0821567453767266,1.0,0.0
0.7155490211418122,0.0823707144120639,1.0,0.0
0.7186872336600929,0.08108690020004,1.0,0.0
0.7211835390723617,0.0793038249055623,1.0,0.0
0.7243930746024214,0.0793038249055623,1.0,0.0
0.727459964108923,0.0783766257524339,1.0,0.0
0.730141681491266,0.0785192717759921,1.0,0.0
0.7327093099153138,0.0776633956346428,1.0,0.0
0.7357048764100363,0.0774494265993056,1.0,0.0
0.738129858810526,0.0768075194932936,1.0,0.0
0.741553363375923,0.0768788425050727,1.0,0.0
0.7435504077057381,0.0785905947877713,1.0,0.0
0.7450481909530993,0.078447948764213,1.0,0.0
0.7476871423889263,0.0770214885286309,1.0,0.0
0.7504687398483114,0.0760942893755025,1.0,0.0
0.7529650452605802,0.0752384132341532,1.0,0.0
0.7570304569319893,0.0747391521516995,1.0,0.0
0.762237036791864,0.0738832760103502,1.0,0.0
0.765517895333703,0.0731700458925591,1.0,0.0
0.7694549395141854,0.0731700458925591,1.0,0.0
0.774518873350502,0.0730273998690009,1.0,0.0
0.7777284088805618,0.0731700458925591,1.0,0.0
0.78186514356375,0.0730273998690009,1.0,0.0
0.7854312941527053,0.07309872288078,1.0,0.0
0.7894967058241145,0.0730273998690009,1.0,0.0
0.7942753476133145,0.07309872288078,1.0,0.0
0.7976988521787117,0.0730273998690009,1.0,0.0
0.8009083877087716,0.0730273998690009,1.0,0.0
0.8036899851681566,0.0720288777040934,1.0,0.0
0.8086968745253258,0.0707450634920695,1.0,0.0
0.8118350870436064,0.0696038953036038,1.0,0.0
0.81554388365612,0.0701031563860575,1.0,0.0
0.8168276978681438,0.0705310944567322,1.0,0.0
0.8186820961744007,0.0680347890444634,1.0,0.0
0.824958521210962,0.0681774350680217,1.0,0.0
0.8300937780590578,0.0680347890444634,1.0,0.0
0.8324474374477684,0.0690333112093709,1.0,0.0
0.8350150658718162,0.0688906651858127,1.0,0.0
0.8379393093547596,0.0676781739855679,1.0,0.0
0.841006198861261,0.0667509748324395,1.0,0.0
0.8445010264384374,0.0658950986910902,1.0,0.0
0.8470686548624852,0.0651105455615201,1.0,0.0
0.8498502523218704,0.0643259924319499,1.0,0.0
0.852988464840151,0.065039222549741,1.0,0.0
0.8566972614526647,0.0648252535144036,1.0,0.0
0.8600494430062826,0.0649678995379618,1.0,0.0
0.8625457484185515,0.0642546694201708,1.0,0.0
0.8648994078072619,0.0636840853259379,1.0,0.0
0.8673957132195307,0.063042178219926,1.0,0.0
0.8708905407967069,0.0620436560550185,1.0,0.0
0.873672138256092,0.0613304259372274,1.0,0.0
0.8773096118568264,0.0611164569018901,1.0,0.0
0.8805191473868863,0.0611164569018901,1.0,0.0
0.882302222681364,0.0601892577487617,1.0,0.0
0.8859396962820985,0.0602605807605408,1.0,0.0
0.8885073247061462,0.0602605807605408,1.0,0.0
0.892358767342218,0.0596186736545288,1.0,0.0
0.8957822719076152,0.0596186736545288,1.0,0.0
0.8994910685201286,0.0586201514896214,1.0,0.0
0.9021727859024716,0.0580495673953885,1.0,0.0
0.9052396754089732,0.0569083992069228,1.0,0.0
0.9078786268448004,0.056409138124469,1.0,0.0
0.910446255268848,0.0557672310184571,1.0,0.0
0.9130138836928958,0.0546973858417704,1.0,0.0
0.9154388660933854,0.0539128327122003,1.0,0.0
0.9194329547530156,0.0538415097004212,1.0,0.0
0.9229991053419708,0.0539128327122003,1.0,0.0
0.9242829195539948,0.0531282795826301,1.0,0.0
0.9276351011076128,0.0532709256061883,1.0,0.0
0.9301314065198816,0.0532709256061883,1.0,0.0
0.9338402031323952,0.0523437264530599,1.0,0.0
0.9366931236035596,0.0516304963352689,1.0,0.0
0.93983133612184,0.0507746201939196,1.0,0.0
0.943112194663679,0.0501327130879076,1.0,0.0
0.9456085000759475,0.0493481599583375,1.0,0.0
0.9486040665706702,0.0484922838169882,1.0,0.0
0.9513856640300552,0.047707730687418,1.0,0.0
0.9543099075129988,0.0467805315342896,1.0,0.0
0.957234150995942,0.0459246553929403,1.0,0.0
0.9603010405024438,0.0453540712987074,1.0,0.0
0.9639385141031782,0.0447121641926955,1.0,0.0
0.96778995673925,0.0437849650395671,1.0,0.0
0.973067859610904,0.0427864428746596,1.0,0.0
0.9769193022469757,0.0422871817922059,1.0,0.0
0.9812415185516168,0.0415739516744148,1.0,0.0
0.9859488373290378,0.0407893985448446,1.0,0.0
0.987517943588178,0.0372232479558893,1.0,0.0
0.9865907444350496,0.0347982655553996,1.0,0.0
0.9858061913054796,0.0321593141195727,1.0,0.0
0.983523854928548,0.031018145931107,1.0,0.0
0.9821687177047452,0.0293777166601875,1.0,0.0
0.9802429963867092,0.0271667032950352,1.0,0.0
0.9779606600097778,0.0262395041419069,1.0,0.0
0.9764628767624166,0.0248130439063247,1.0,0.0
0.9751077395386136,0.0231012916236261,1.0,0.0
0.973253341232357,0.0223167384940559,1.0,0.0
0.9723261420792284,0.0209616012702529,1.0,0.0
0.9729680491852404,0.0198917560935663,1.0,0.0
0.9750364165268344,0.0191785259757752,1.0,0.0
0.9766768457977538,0.0177520657401931,1.0,0.0
0.9785312441040108,0.0162542824928319,1.0,0.0
0.9783885980804524,0.0151131143043662,1.0,0.0
0.9763202307388584,0.0161829594810528,1.0,0.0
0.9746084784561596,0.0171101586341812,1.0,0.0
0.9736099562912522,0.0178233887519722,1.0,0.0
0.9722548190674491,0.018322649834426,1.0,0.0
0.973324664244136,0.0171101586341812,1.0,0.0
0.974751124479718,0.0161829594810528,1.0,0.0
0.9761062617035208,0.0153984063514826,1.0,0.0
0.9776753679626614,0.0144712071983542,1.0,0.0
0.97938712024536,0.0134298842612414,1.0,0.0
0.980813580480942,0.0108622558371935,1.0,0.0
0.9824540097518616,0.0072961052482382,1.0,0.0
0.984665023117014,0.0036586316475037,1.0,0.0
0.9865907444350496,0.0004490961174439,1.0,0.0
0.9850929611876884,0.0004490961174439,1.0,0.0
0.9832385628814316,0.0036586316475037,1.0,0.0
0.9815981336105122,0.0067255211540053,1.0,0.0
0.9804569654220464,0.009150503554495,1.0,0.0
0.9793157972335808,0.01114754788431,1.0,0.0
0.9779606600097778,0.013144592214125,1.0,0.0
0.975464354597509,0.0144284064261489,1.0,0.0
0.9736099562912522,0.0155695746146146,1.0,0.0
0.9716129119614374,0.0167107428030803,1.0,0.0
0.9699011596787388,0.017851910991546,1.0,0.0
0.967618823301807,0.0184224950857789,1.0,0.0
0.9658357480073296,0.0184224950857789,1.0,0.0
0.965479132948434,0.0189930791800117,1.0,0.0
0.9619129823594788,0.0189930791800117,1.0,0.0
0.9592740309236518,0.0189217561682326,1.0,0.0
0.9579188936998488,0.0182798490622207,1.0,0.0
0.9544240661226726,0.0182085260504415,1.0,0.0
0.9535681899813232,0.0174952959326505,1.0,0.0
0.9516424686632872,0.0173526499090922,1.0,0.0
0.9516424686632872,0.0164254507559638,1.0,0.0
0.952854959863532,0.015212959555719,1.0,0.0
0.9532828979342068,0.0141431143790324,1.0,0.0
0.9540674510637772,0.0126453311316712,1.0,0.0
0.952854959863532,0.0113615169196473,1.0,0.0
0.9521417297457412,0.0101490257194025,1.0,0.0
0.9514998226397292,0.0095784416251696,1.0,0.0
0.9452376761357992,0.0130019461905667,1.0,0.0
0.9398884502523666,0.0152842825674981,1.0,0.0
0.9346818703924916,0.0197776323095819,1.0,0.0
0.9306164587210825,0.023843043980991,1.0,0.0
0.9261231089789989,0.0255547962636896,1.0,0.0
0.9219863742958104,0.0269812564992716,1.0,0.0
0.9188481617775298,0.0254834732519104,1.0,0.0
0.9157099492592492,0.023843043980991,1.0,0.0
0.9123434891729996,0.0253408272283522,1.0,0.0
0.9074222013602412,0.0269812564992716,1.0,0.0
0.9030714976417156,0.0278371326406209,1.0,0.0
0.8960818424873632,0.0284790397466329,1.0,0.0
0.8898054174508017,0.0294062388997613,1.0,0.0
0.883243700367124,0.029905499982215,1.0,0.0
0.878607704601482,0.0304760840764479,1.0,0.0
0.8758974301538759,0.0303334380528897,1.0,0.0
0.8736864167887237,0.0289069778173076,1.0,0.0
0.8689790980113027,0.0287643317937494,1.0,0.0
0.8642717792338814,0.0295488849233195,1.0,0.0
0.8587799073268904,0.0304047610646688,1.0,0.0
0.8544292036083647,0.03190254431203,1.0,0.0
0.8500784998898392,0.0336142965947286,1.0,0.0
0.8460130882184302,0.0348981108067526,1.0,0.0
0.8418763535352419,0.0361819250187764,1.0,0.0
0.8376682958402747,0.0378223542896959,1.0,0.0
0.8328896540510746,0.0391061685017198,1.0,0.0
0.829894087556352,0.0422443810200005,1.0,0.0
0.8272551361205251,0.0403186597019646,1.0,0.0
0.823831631555128,0.0387495534428243,1.0,0.0
0.8191956357894861,0.0376083852543586,1.0,0.0
0.8149875780945186,0.0369664781483466,1.0,0.0
0.8092817371521902,0.0372517701954631,1.0,0.0
0.8030053121156288,0.0376083852543586,1.0,0.0
0.7989399004442197,0.0383929383839288,1.0,0.0
0.7939472896196822,0.0383929383839288,1.0,0.0
0.7910943691485178,0.0381789693485914,1.0,0.0
0.7876565860504893,0.0371804471836839,1.0,0.0
0.7851602806382204,0.0363245710423347,1.0,0.0
0.7829492672730682,0.0349694338185316,1.0,0.0
0.7811661919785905,0.0338282656300659,1.0,0.0
0.7786698865663217,0.0324018053944838,1.0,0.0
0.7766728422365068,0.0306900531117852,1.0,0.0
0.7738912447771216,0.0289069778173076,1.0,0.0
0.7711809703295155,0.029905499982215,1.0,0.0
0.7695405410585962,0.0312606372060181,1.0,0.0
0.7667589435992109,0.0312606372060181,1.0,0.0
0.7642626381869422,0.0319738673238092,1.0,0.0
0.7619803018100108,0.0321165133473674,1.0,0.0
0.7634210405782245,0.0294062388997613,1.0,0.0
0.7647761778020274,0.0271239025228299,1.0,0.0
0.7665592530965051,0.0248415661458985,1.0,0.0
0.7669871911671798,0.0224165837454089,1.0,0.0
0.767201160202517,0.0194210172506863,1.0,0.0
0.7670585141789589,0.0167107428030803,1.0,0.0
0.7667018991200634,0.0140717913672533,1.0,0.0
0.7662026380376097,0.0169960348501967,1.0,0.0
0.7659173459904932,0.0201342473684774,1.0,0.0
0.7659173459904932,0.0234864289220954,1.0,0.0
0.7643482397313528,0.0261967033697015,1.0,0.0
0.7616379652837468,0.0294062388997613,1.0,0.0
0.7586423987890243,0.0324731284062629,1.0,0.0
0.7559321243414182,0.0350407568303107,1.0,0.0
0.7534358189291496,0.0364672170658929,1.0,0.0
0.7505828984579852,0.0377510312779168,1.0,0.0
0.7468741018454716,0.0389635224781617,1.0,0.0
0.7430939822211791,0.040532628737302,1.0,0.0
0.739099893561549,0.0421017349964423,1.0,0.0
0.7358903580314893,0.0435995182438036,1.0,0.0
0.7326808225014294,0.0446693634204902,1.0,0.0
0.7293999639595905,0.0460958236560723,1.0,0.0
0.7272745521388488,0.0470943458209798,1.0,0.0
0.7230664944438815,0.0476649299152126,1.0,0.0
0.7196429898784844,0.0480928679858873,1.0,0.0
0.7152209631481798,0.0491627131625739,1.0,0.0
0.7122967196652364,0.051231080504168,1.0,0.0
0.7102283523236423,0.0531568018222039,1.0,0.0
0.7054497105344422,0.0511597574923889,1.0,0.0
0.7011988172415802,0.0509457884570516,1.0,0.0
0.6982032507468576,0.0508744654452724,1.0,0.0
0.6954216532874725,0.0500185893039232,1.0,0.0
0.6927113788398664,0.0506604964099352,1.0,0.0
0.6889312592155739,0.0520869566455173,1.0,0.0
0.6854364316383976,0.0529428327868666,1.0,0.0
0.6825121881554542,0.0535847398928785,1.0,0.0
0.679017360578278,0.0546545850695651,1.0,0.0
0.6741816743099303,0.0550112001284607,1.0,0.0
0.670686846732754,0.0558670762698099,1.0,0.0
0.665337620849321,0.0556531072344726,1.0,0.0
0.6609155941190163,0.0557244302462517,1.0,0.0
0.6583479656949686,0.0566516293993801,1.0,0.0
0.6539259389646639,0.056580306387601,1.0,0.0
0.6502171423521503,0.056580306387601,1.0,0.0
0.6462230536925204,0.0577927975878458,1.0,0.0
0.6432274871977979,0.0590766117998698,1.0,0.0
0.6410164738326456,0.0597185189058817,1.0,0.0
0.639233398538168,0.060574395047231,1.0,0.0
0.6356498699302292,0.0613469115479212,1.0,0.0
0.6324403344001694,0.0626307257599452,1.0,0.0
0.6296587369407843,0.0635935864189631,1.0,0.0
0.6265561859283931,0.0644494625603123,1.0,0.0
0.6231326813629959,0.065519307736999,1.0,0.0
0.6192812387269242,0.0670170909843602,1.0,0.0
0.6131831212198106,0.0675520135727035,1.0,0.0
0.6077269108187089,0.0671240755020289,1.0,0.0
0.6006659326525774,0.0676589980903722,1.0,0.0
0.5957446448398189,0.0681939206787155,1.0,0.0
0.5896465273327054,0.0688358277847275,1.0,0.0
0.5814087194722185,0.0700126574790827,1.0,0.0
0.5762734626241228,0.0707615491027633,1.0,0.0
0.5710312212583585,0.071189487173438,1.0,0.0
0.5660029489279313,0.0719383787971186,1.0,0.0
0.5584070481734565,0.0749339452918411,1.0,0.0
0.5549407602486988,0.0754688678801844,1.0,0.0
0.5510893176126269,0.0766456975745396,1.0,0.0
0.5476658130472299,0.0780364963042322,1.0,0.0
0.5438143704111581,0.0797482485869308,1.0,0.0
0.540390865845761,0.0806041247282801,1.0,0.0
0.5355765625506713,0.0806041247282801,1.0,0.0
0.5320460734676055,0.0810320627989547,1.0,0.0
0.5259479559604918,0.0811390473166234,1.0,0.0
0.5197428539357096,0.0811390473166234,1.0,0.0
0.5138587054639333,0.0811390473166234,1.0,0.0
0.5099002783101928,0.0811390473166234,1.0,0.0
0.5051929595327718,0.0827438150816533,1.0,0.0
0.5011275478613627,0.0831717531523279,1.0,0.0
0.4974900742606282,0.0837066757406712,1.0,0.0
0.4931037090362131,0.0832787376699966,1.0,0.0
0.4881824212234547,0.0827438150816533,1.0,0.0
0.4835820869637024,0.0840276292936772,1.0,0.0
0.4794524480147183,0.0847765209173578,1.0,0.0
0.4745311602019599,0.0859533506117131,1.0,0.0
0.4698238414245389,0.0871301803060684,1.0,0.0
0.4657584297531298,0.0880930409650863,1.0,0.0
0.4609441264580399,0.0888419325887669,1.0,0.0
0.4535621947389026,0.0891628861417729,1.0,0.0
0.4519574269738726,0.0895908242124475,1.0,0.0
0.4487478914438128,0.087879071929749,1.0,0.0
0.4462872475374336,0.0858463660940444,1.0,0.0
0.44018913003032,0.0867022422353937,1.0,0.0
0.4365516564295855,0.087879071929749,1.0,0.0
0.4328071983111824,0.0879860564474176,1.0,0.0
0.4287417866397733,0.087237164823737,1.0,0.0
0.424462405933027,0.0859533506117131,1.0,0.0
0.4188350359752156,0.0856323970587071,1.0,0.0
0.412736918468102,0.0857393815763758,1.0,0.0
0.4065318164433196,0.0860603351293818,1.0,0.0
0.400754652489212,0.0871301803060684,1.0,0.0
0.3962613027471283,0.0880930409650863,1.0,0.0
0.3913400149343699,0.0894838396947789,1.0,0.0
0.3870606342276235,0.0896978087301162,1.0,0.0
0.3788228263671366,0.0896978087301162,1.0,0.0
0.3732596314483663,0.0896978087301162,1.0,0.0
0.3684453281532766,0.0900187622831222,1.0,0.0
0.3629891177521749,0.0899117777654535,1.0,0.0
0.3585813608480795,0.0898047932477849,1.0,0.0
0.3557997633886944,0.0905536848714655,1.0,0.0
0.3543019801413332,0.0890559016241042,1.0,0.0
0.3539810265883272,0.0863812886823877,1.0,0.0
0.3509854600936047,0.0846695363996891,1.0,0.0
0.3491667232932374,0.0831717531523279,1.0,0.0
0.3476689400458762,0.0797482485869308,1.0,0.0
0.3498086303992494,0.0751479143271784,1.0,0.0
0.351199429128942,0.069905672961414,1.0,0.0
0.3526972123763032,0.0672310600196976,1.0,0.0
0.3491667232932374,0.0664821683960169,1.0,0.0
0.3482038626342195,0.0673380445373662,1.0,0.0
0.3449943271041597,0.0656262922546676,1.0,0.0
0.3417847915740999,0.0639145399719691,1.0,0.0
0.3394311321853894,0.0630586638306198,1.0,0.0
0.3339749217842877,0.064877400630987,1.0,0.0
0.3323701540192578,0.0624167567246078,1.0,0.0
0.3284117268655174,0.0684078897140528,1.0,0.0
0.3250952068177889,0.0735431465621485,1.0,0.0
0.3203878880403679,0.0776085582335576,1.0,0.0
0.3169643834749707,0.0798552331045994,1.0,0.0
0.3135408789095736,0.081887938940304,1.0,0.0
0.3088335601321526,0.0845625518820205,1.0,0.0
0.3038052878017255,0.0874511338590743,1.0,0.0
0.2982420928829552,0.0890559016241042,1.0,0.0
0.2932138205525281,0.0902327313184595,1.0,0.0
0.2873296720807518,0.0921584526364954,1.0,0.0
0.2809106010206322,0.0942981429898686,1.0,0.0
0.2755613751371992,0.0961168797902358,1.0,0.0
0.2695702421477542,0.0967587868962478,1.0,0.0
0.26272323301696,0.0975076785199284,1.0,0.0
0.2550631311041771,0.0986845082142836,1.0,0.0
0.2476811993850395,0.0994333998379643,1.0,0.0
0.2426529270546125,0.1001822914616449,1.0,0.0
0.2353779798531436,0.1008241985676569,1.0,0.0
0.22927986234603,0.1014661056736688,1.0,0.0
0.2225398377329044,0.1022149972973495,1.0,0.0
0.2124832930720503,0.1015730901913375,1.0,0.0
0.2040315161762262,0.1005032450146509,1.0,0.0
0.1937610024800348,0.0995403843556329,1.0,0.0
0.1866144314759149,0.0990054617672896,1.0,0.0
0.1805163139688012,0.0994333998379643,1.0,0.0
0.1753810571207055,0.1009311830853255,1.0,0.0
0.1691759550959232,0.1018940437443435,1.0,0.0
0.1605102091647618,0.1015730901913375,1.0,0.0
0.1523793858219436,0.1015730901913375,1.0,0.0
0.1439276089261194,0.1015730901913375,1.0,0.0
0.1315174048765549,0.1020010282620121,1.0,0.0
0.1245634112280919,0.1020010282620121,1.0,0.0
0.1170744949912857,0.1033918269917047,1.0,0.0
0.1146138510849064,0.104247703133054,1.0,0.0
0.1103558672804185,0.10456865668606,1.0,0.0
0.1056485485029974,0.1058524708980839,1.0,0.0
0.1006202761725704,0.1070293005924392,1.0,0.0
0.0970897870895046,0.1075642231807824,1.0,0.0
0.0937732670417762,0.1084200993221317,1.0,0.0
0.0901357934410417,0.109917882569493,1.0,0.0
0.0868192733933132,0.1109877277461796,1.0,0.0
0.0835027533455848,0.1126994800288782,1.0,0.0
0.0791163881211697,0.1134483716525587,1.0,0.0
0.0756928835557726,0.1134483716525587,1.0,0.0
0.0722693789903755,0.1135553561702274,1.0,0.0
0.069273812495653,0.1143042477939081,1.0,0.0
0.0664922150362678,0.1143042477939081,1.0,0.0
0.0644595092005632,0.1168718762179559,1.0,0.0
0.0651014163065752,0.1192255421364832,1.0,0.0
0.0651014163065752,0.1220071395958683,1.0,0.0
0.0649944317889066,0.1244677835022475,1.0,0.0
0.0661712614832618,0.1263935048202834,1.0,0.0
0.0609290201174975,0.1253236596435968,1.0,0.0
0.0554728097163958,0.1237188918785669,1.0,0.0
0.0590032987994616,0.1229700002548863,1.0,0.0
0.0599661594584795,0.1191185576188145,1.0,0.0
0.0607150510821601,0.1151601304650741,1.0,0.0
0.0593242523524675,0.1135553627000442,1.0,0.0
0.0563286858577451,0.1160160066064234,1.0,0.0
0.0540820109867032,0.1200814182778324,1.0,0.0
0.0494816747692811,0.1186906195481399,1.0,0.0
0.0435975262975048,0.1165509291947666,1.0,0.0
0.0388902075200838,0.1150531459474054,1.0,0.0
0.0363225790960359,0.1136623472177128,1.0,0.0
0.0333270126013134,0.1139833007707188,1.0,0.0
0.0295825544829103,0.116122991124092,1.0,0.0
0.0265869879881879,0.117406805336116,1.0,0.0
0.0225215763167788,0.1185836350304712,1.0,0.0
0.018028226574695,0.1199744337601638,1.0,0.0
0.01364186135028,0.121472217007525,1.0,0.0
0.0102183567848828,0.122435077666543,1.0,0.0
0.0063669141488111,0.1231839692902236,1.0,0.0
0.0034783321717572,0.1238258763962356,1.0,0.0
0.0004827656770348,0.1230769847725549,1.0,0.0
0.985535746766492,0.0022074255650398784,1.0,0.0
0.9835705273401641,0.005459253731998517,1.0,0.0
0.9831998801731487,0.006069028103540235,1.0,0.0
0.9488780841978615,0.01101174145604682,1.0,0.0
0.9803275723833226,0.00937694137226157,1.0,0.0
0.9468503968225834,0.012120274605519782,1.0,0.0
0.9475767182805537,0.016277375267041004,1.0,0.0
0.9495983716920184,0.013845562553987514,1.0,0.0
0.9789110604032113,0.011744002160644054,1.0,0.0
0.9410764507917515,0.017918349277121916,1.0,0.0
0.942536806929364,0.014154317051979129,1.0,0.0
0.9443044449027118,0.016831627400416885,1.0,0.0
0.9722823699713018,0.01632819536887207,1.0,0.0
0.9373110228148893,0.01750863775326618,1.0,0.0
0.9384669798728232,0.02039580974842217,1.0,0.0
0.9422759567546464,0.020484064783050242,1.0,0.0
0.9454955817769545,0.019773549984259783,1.0,0.0
0.9487421379194964,0.019568749831678486,1.0,0.0
0.9518017152906165,0.02094298147144627,1.0,0.0
0.9552839060457243,0.021165235960199532,1.0,0.0
0.9581095849910164,0.022172961273456037,1.0,0.0
0.9636764833517145,0.0189930791800117,1.0,0.0
0.9666953775165648,0.02219930787421111,1.0,0.0
0.9695292504722482,0.02130969872508709,1.0,0.0
0.9326043522379776,0.021855150464095887,1.0,0.0
0.9361223246547222,0.022924946794802427,1.0,0.0
0.9398465987240928,0.023250615032211742,1.0,0.0
0.9433864331110505,0.023317281585391893,1.0,0.0
0.9465580348355574,0.022887330436949307,1.0,0.0
0.9496445074253366,0.023252503463699586,1.0,0.0
0.9532321223114297,0.023993321922224677,1.0,0.0
0.9563952154686289,0.02482587833188959,1.0,0.0
0.9610639685652803,0.02234146688510623,1.0,0.0
0.9639165751389932,0.022609815099709368,1.0,0.0
0.9696654218560176,0.02436157001923172,1.0,0.0
0.9152926490995582,0.02704048281028059,1.0,0.0
0.9182649201034868,0.028628564259474465,1.0,0.0
0.9283094614047271,0.024721900101507342,1.0,0.0
0.9307873598873073,0.02731591367334765,1.0,0.0
0.9339604907176428,0.025525221617622964,1.0,0.0
0.9376629339287436,0.025963079035792164,1.0,0.0
0.9412254072664485,0.026290256646628526,1.0,0.0
0.9446405955989379,0.026326224720307396,1.0,0.0
0.947790249744633,0.02627989571467389,1.0,0.0
0.9510997971042017,0.026457749943883977,1.0,0.0
0.954535767626547,0.027437681486711808,1.0,0.0
0.9596523914942752,0.025517852842201292,1.0,0.0
0.9630067814061557,0.025655634101975,1.0,0.0
0.966509032632699,0.025498533814892338,1.0,0.0
0.9720005149856038,0.02568387377914128,1.0,0.0
0.9743638593047486,0.02711863211254061,1.0,0.0
0.8983815404601411,0.028267842994030835,1.0,0.0
0.9007218861863553,0.028052913284480542,1.0,0.0
0.9054262732815255,0.029362448985711345,1.0,0.0
0.9097419792520488,0.02620799720200242,1.0,0.0
0.9118556186561968,0.02882619762749098,1.0,0.0
0.9147219832271455,0.030224220716617997,1.0,0.0
0.9176890385922102,0.03187477923369551,1.0,0.0
0.921192184822859,0.030003384271318902,1.0,0.0
0.9247436649178672,0.02883278426208738,1.0,0.0
0.9280918917451292,0.0286496465040024,1.0,0.0
0.933111389990727,0.029041737697277675,1.0,0.0
0.9361767061841265,0.028796871115535968,1.0,0.0
0.939545297491286,0.02922071265175354,1.0,0.0
0.9429058540899146,0.029453637159751946,1.0,0.0
0.9461548636624721,0.029552101568586755,1.0,0.0
0.9493323068570997,0.029509382770834636,1.0,0.0
0.9525614567562761,0.0296594116646774,1.0,0.0
0.9576098116871372,0.028311985137777787,1.0,0.0
0.9612764759798745,0.028530121551160567,1.0,0.0
0.9650518241272268,0.02838401106539038,1.0,0.0
0.9689007578535955,0.028015002627564314,1.0,0.0
0.9720750991041204,0.02940401614309752,1.0,0.0
0.97586588306077,0.029609961488575753,1.0,0.0
0.9788098410071989,0.030110660846734156,1.0,0.0
0.7655358058911503,0.03161010512260683,1.0,0.0
0.7705917430182823,0.034390663975722886,1.0,0.0
0.7734292781354302,0.03247359025957974,1.0,0.0
0.7760057377224272,0.03434014476308262,1.0,0.0
0.8566139687401938,0.031150412053531508,1.0,0.0
0.8614282883759197,0.029992026355729152,1.0,0.0
0.863432635678168,0.032740282256029256,1.0,0.0
0.867034823203745,0.031580333392872785,1.0,0.0
0.8708837487377821,0.03144641950885607,1.0,0.0
0.874116374311272,0.03269174331993096,1.0,0.0
0.8779457437506587,0.03379238821295596,1.0,0.0
0.8813460349642063,0.032166575393703434,1.0,0.0
0.8863733309134731,0.029667375918905843,1.0,0.0
0.8917010314112629,0.03210736049622121,1.0,0.0
0.893004216614282,0.028933689023338073,1.0,0.0
0.8953113807327008,0.031785278240214584,1.0,0.0
0.8988389716718933,0.031566460840597575,1.0,0.0
0.9023513442631473,0.0315080951638711,1.0,0.0
0.9059370943397012,0.032366734223129315,1.0,0.0
0.9088038579563783,0.030382837024396935,1.0,0.0
0.9114348854514379,0.03231158222535702,1.0,0.0
0.9147345832564845,0.033459520000684626,1.0,0.0
0.9205140178134064,0.033116433959326654,1.0,0.0
0.923819036136972,0.03222293788280032,1.0,0.0
0.9271138587421471,0.03179694882764304,1.0,0.0
0.9306386476975543,0.03137922199795578,1.0,0.0
0.9343535897323715,0.03203407369228777,1.0,0.0
0.9378158464798095,0.03207892638769896,1.0,0.0
0.9413730888637923,0.03248444320265798,1.0,0.0
0.9447543776640073,0.032700311377844696,1.0,0.0
0.9481220831430629,0.0326979408228549,1.0,0.0
0.9516034168922377,0.032513380305699634,1.0,0.0
0.9554085386414627,0.031258970844944334,1.0,0.0
0.9590982106893675,0.03111583032574915,1.0,0.0
0.9630708632252604,0.03117116616125211,1.0,0.0
0.9667935161585389,0.031005178700756746,1.0,0.0
0.9699629261539117,0.03163645577985571,1.0,0.0
0.9738307125479296,0.03240860285470446,1.0,0.0
0.9771111408208698,0.03303698395353812,1.0,0.0
0.9806881052711396,0.032838586571941,1.0,0.0
0.7585576069316323,0.03605358039747974,1.0,0.0
0.7614030916045378,0.03532244593509686,1.0,0.0
0.7645302792237326,0.03543066399742773,1.0,0.0
0.7676667058065321,0.03491293638829272,1.0,0.0
0.7730294642416121,0.03620776732811682,1.0,0.0
0.7761517551993892,0.03762057552171706,1.0,0.0
0.7790427830184632,0.03620488415385841,1.0,0.0
0.7818770476610698,0.03815458907108854,1.0,0.0
0.8481035414515051,0.034237967680518365,1.0,0.0
0.8532568668158341,0.03468772909198638,1.0,0.0
0.856880148805457,0.03478915685508599,1.0,0.0
0.8598136759491424,0.033538192730308274,1.0,0.0
0.8619034580153332,0.035753038782895596,1.0,0.0
0.8654871206426072,0.035101553180822816,1.0,0.0
0.8687438713859187,0.03458109798010457,1.0,0.0
0.8718825023020493,0.035094768072763086,1.0,0.0
0.8753859312615105,0.03563084179697175,1.0,0.0
0.8811333012010566,0.035288098562320895,1.0,0.0
0.884718287097007,0.033587149689503805,1.0,0.0
0.8878841925929075,0.032717657313360564,1.0,0.0
0.8901358690616645,0.034963430242425694,1.0,0.0
0.8936853859593968,0.03492006544598196,1.0,0.0
0.8971711988094353,0.0347485097638378,1.0,0.0
0.9006717190225825,0.03463274582872521,1.0,0.0
0.9041804489335193,0.03483647966667666,1.0,0.0
0.9082607142672492,0.03447786715163944,1.0,0.0
0.9115632332938126,0.0355356055511395,1.0,0.0
0.9148909412105113,0.0364047278875902,1.0,0.0
0.9181335122400784,0.03550344006714329,1.0,0.0
0.9220497439293579,0.03565374504764544,1.0,0.0
0.925492849710709,0.03509433444533226,1.0,0.0
0.9289852348142826,0.03462947630439277,1.0,0.0
0.9324349727279547,0.03468608345955649,1.0,0.0
0.9360751244891952,0.03505702442725968,1.0,0.0
0.939639264352083,0.03520627489900322,1.0,0.0
0.9433455033764753,0.035767137611378196,1.0,0.0
0.9467180364766675,0.0358764934007618,1.0,0.0
0.9502306705595197,0.03554374157714267,1.0,0.0
0.9539292235722339,0.03464159165655013,1.0,0.0
0.957356037393988,0.03406235263027103,1.0,0.0
0.9609812008104828,0.03364493638164065,1.0,0.0
0.9648549317796046,0.033942581022779195,1.0,0.0
0.9679063153777492,0.034467474458559334,1.0,0.0
0.9715776046338988,0.03449350488633179,1.0,0.0
0.975507753132657,0.03584004197340929,1.0,0.0
0.9793052472632174,0.03568615588337025,1.0,0.0
0.9831235435433717,0.035005573597626335,1.0,0.0
0.752755364276593,0.04011381741192094,1.0,0.0
0.7561167834286355,0.0387768886888851,1.0,0.0
0.759732053380539,0.038912414865873816,1.0,0.0
0.7629946042497401,0.03857436884115033,1.0,0.0
0.766460543146004,0.03836215481381847,1.0,0.0
0.7698061733152161,0.03812753208029958,1.0,0.0
0.7729598682844616,0.03945239259197937,1.0,0.0
0.7761621603830772,0.04062560940931577,1.0,0.0
0.7793289977224289,0.039749489397025266,1.0,0.0
0.7845651342806487,0.039675473236555604,1.0,0.0
0.7879689364385117,0.03999764167292837,1.0,0.0
0.8009654193363486,0.03800204877316707,1.0,0.0
0.806224278330657,0.037425489446686555,1.0,0.0
0.8079475742725188,0.04073817736999747,1.0,0.0
0.8122293730215526,0.03710438840199494,1.0,0.0
0.8167516533020632,0.03910449804827833,1.0,0.0
0.8214196170006645,0.03815582678326404,1.0,0.0
0.8401774170473457,0.038529188756919915,1.0,0.0
0.8430505560724202,0.039754827809402885,1.0,0.0
0.8451491724979284,0.0377138339301204,1.0,0.0
0.8485033558623124,0.03780157387196917,1.0,0.0
0.851657096658169,0.03739463814263236,1.0,0.0
0.8553738922991438,0.03769834899008166,1.0,0.0
0.8591798663011307,0.03755369196921901,1.0,0.0
0.8632996035412376,0.03826116636593734,1.0,0.0
0.866894088656676,0.03800112285034123,1.0,0.0
0.8702611031227562,0.0380294748427147,1.0,0.0
0.8738382118946925,0.038272112886295236,1.0,0.0
0.8778334658553866,0.03768035345884372,1.0,0.0
0.8810681759869678,0.03838126795725123,1.0,0.0
0.8842749823989176,0.037182828169502115,1.0,0.0
0.8875181249444899,0.036776727412681384,1.0,0.0
0.8914371370401848,0.03780306343394389,1.0,0.0
0.8951652342255516,0.037860148972690445,1.0,0.0
0.8987740268640435,0.03775215518769776,1.0,0.0
0.902349032677572,0.03775068719047669,1.0,0.0
0.9060841433580463,0.037567438518781,1.0,0.0
0.9094140413127205,0.03806926004706225,1.0,0.0
0.9128739607532512,0.03889002514834562,1.0,0.0
0.9166908118284101,0.038943168086493105,1.0,0.0
0.9200730281375857,0.0384178976828684,1.0,0.0
0.92377025712452,0.03836577480411424,1.0,0.0
0.9272459843125626,0.03789525113246702,1.0,0.0
0.9307009321185241,0.03766668583008937,1.0,0.0
0.9342753961879531,0.037886357874020817,1.0,0.0
0.9378295905665656,0.03810843250406332,1.0,0.0
0.9414211715649736,0.03819734055425133,1.0,0.0
0.9453926588427664,0.03909591233447687,1.0,0.0
0.9489211207856464,0.03870004540964989,1.0,0.0
0.9525428488039708,0.03791992907249254,1.0,0.0
0.9560691235478666,0.037310751252854095,1.0,0.0
0.9594956614511464,0.03674751147410955,1.0,0.0
0.9628423087345229,0.036277439209068875,1.0,0.0
0.9657579050152916,0.03771019094582532,1.0,0.0
0.9692169473449824,0.03723194046952007,1.0,0.0
0.9727875714052509,0.037226724108808965,1.0,0.0
0.9777818998936423,0.03860323668033625,1.0,0.0
0.9812108601260473,0.03835051536269178,1.0,0.0
0.98425321668089,0.03825374634902367,1.0,0.0
0.7411875678575055,0.04128157723731658,1.0,0.0
0.746200345907372,0.041846455293382503,1.0,0.0
0.7496949573733126,0.04126418070629836,1.0,0.0
0.7547499871484932,0.042159056088430215,1.0,0.0
0.7579392820606481,0.04183678518198013,1.0,0.0
0.7613675002620294,0.04188465742945998,1.0,0.0
0.7646934434937528,0.041593645057393616,1.0,0.0
0.7680344296144163,0.04145123122849935,1.0,0.0
0.77114181821224,0.0419511546350483,1.0,0.0
0.7744821114667866,0.04296219160166519,1.0,0.0
0.7784887918482271,0.04296627673298388,1.0,0.0
0.7820531745271232,0.04209064845636851,1.0,0.0
0.7858004673507701,0.04264225007887129,1.0,0.0
0.7897129454947939,0.042121748391476616,1.0,0.0
0.7927952927509601,0.04155876965013751,1.0,0.0
0.7962245279031256,0.040870589774572016,1.0,0.0
0.7992915058430069,0.041700773386519625,1.0,0.0
0.8022848894141573,0.0413917929417919,1.0,0.0
0.805010707549543,0.040546769085148315,1.0,0.0
0.8110432282745236,0.04051941260112451,1.0,0.0
0.8141882175096571,0.04074356152629239,1.0,0.0
0.8182599385441173,0.041473932173627194,1.0,0.0
0.8214208529655478,0.04156057150934705,1.0,0.0
0.8247637764818961,0.042024449319648605,1.0,0.0
0.8330303658985855,0.04212237915842356,1.0,0.0
0.8361561777967861,0.040917442592999745,1.0,0.0
0.8395315601648097,0.04157721932996293,1.0,0.0
0.8430722385726318,0.04248645963440944,1.0,0.0
0.8465777574734219,0.04103723416558831,1.0,0.0
0.8501758141482797,0.0407905898868046,1.0,0.0
0.8536613151790469,0.04056616362323367,1.0,0.0
0.8573884618106897,0.040576623418663374,1.0,0.0
0.861017628141526,0.040658053118602926,1.0,0.0
0.8648731789419768,0.04106137762398291,1.0,0.0
0.8684611601324491,0.0410876945093598,1.0,0.0
0.8720518452215853,0.041122739102465715,1.0,0.0
0.8758202726855303,0.04086729487830958,1.0,0.0
0.8792207102346086,0.04112007151710668,1.0,0.0
0.8829771176505212,0.040912071230921665,1.0,0.0
0.8862099710215917,0.040306830935812936,1.0,0.0
0.8894500231561,0.040336061752227946,1.0,0.0
0.8931592823717036,0.04076284914402037,1.0,0.0
0.8968481787562709,0.040802458698656736,1.0,0.0
0.9004766773154148,0.040753204407291396,1.0,0.0
0.9041348666992695,0.04063790265491919,1.0,0.0
0.9076225707918761,0.04096041259850218,1.0,0.0
0.9110459136172175,0.04148817878092704,1.0,0.0
0.9147415707467302,0.04177050272155716,1.0,0.0
0.9183816868248413,0.041707848862052546,1.0,0.0
0.9218589395481233,0.041322101899263095,1.0,0.0
0.925461790181742,0.041163298777681344,1.0,0.0
0.9289046895787294,0.04080827496254136,1.0,0.0
0.9323740431482904,0.04065496006989948,1.0,0.0
0.9360615365173776,0.04109680401665334,1.0,0.0
0.9393935103309851,0.041208432222529685,1.0,0.0
0.9427853063967175,0.04097815041086858,1.0,0.0
0.9481082360363773,0.04195310689518929,1.0,0.0
0.9515175465911623,0.04117456691967641,1.0,0.0
0.955041431082407,0.04041351295956253,1.0,0.0
0.9586979195589516,0.039814408026825794,1.0,0.0
0.962285075284237,0.03929791438642824,1.0,0.0
0.9678763025623759,0.040393251488390215,1.0,0.0
0.9703595318864466,0.04329882920090829,1.0,0.0
0.9711669495861637,0.039993977221229396,1.0,0.0
0.9747853885281339,0.03975640014140889,1.0,0.0
0.9791246615615021,0.041923264631932744,1.0,0.0
0.7382635981346706,0.04543224290892131,1.0,0.0
0.7414957987237676,0.044793340108050014,1.0,0.0
0.7445089266431069,0.04429759295187287,1.0,0.0
0.7483538862906599,0.04445464502312401,1.0,0.0
0.751955638222321,0.044093569501717285,1.0,0.0
0.7557574831503856,0.04499647165271441,1.0,0.0
0.7592776910897605,0.04488707603842119,1.0,0.0
0.7627974941682565,0.04486062316699059,1.0,0.0
0.7661726227442315,0.044695063518068255,1.0,0.0
0.769443547934535,0.04491066058037202,1.0,0.0
0.7727638709018734,0.04544585822146109,1.0,0.0
0.7765888284363569,0.04557306131539987,1.0,0.0
0.7804620326678123,0.045399902024129406,1.0,0.0
0.7839049674609004,0.04520999085873701,1.0,0.0
0.7877769558988433,0.04512916670633561,1.0,0.0
0.7913845931341676,0.04496415150759239,1.0,0.0
0.7948191873196654,0.04432008674455884,1.0,0.0
0.7980876677282848,0.044495486522684875,1.0,0.0
0.8017538670268671,0.044544693467855986,1.0,0.0
0.8053485368919849,0.043876213993464336,1.0,0.0
0.8089393805157905,0.043821213398533114,1.0,0.0
0.812417789552198,0.04380532801967615,1.0,0.0
0.8159831946328638,0.043876577465853994,1.0,0.0
0.8196876477901599,0.04455270792538108,1.0,0.0
0.823284094680468,0.04474004837070404,1.0,0.0
0.8271893892438853,0.044370568018591294,1.0,0.0
0.8309440972547631,0.045176077562775835,1.0,0.0
0.834565540162373,0.044710128436663776,1.0,0.0
0.8377116067844912,0.044392835965616224,1.0,0.0
0.8411602562888907,0.0448550309022606,1.0,0.0
0.8451988983784904,0.04454840062708486,1.0,0.0
0.8485727176768056,0.04395521485264546,1.0,0.0
0.8521108733629431,0.04375354796810524,1.0,0.0
0.8556609146949308,0.04358992420722701,1.0,0.0
0.8592553945358199,0.043658786623901595,1.0,0.0
0.8628392432414824,0.043773928381299614,1.0,0.0
0.8665414774630694,0.04403542222922448,1.0,0.0
0.870203703917754,0.04406530021963782,1.0,0.0
0.8739180553737763,0.04395987251972264,1.0,0.0
0.8774600218538597,0.04407605447216194,1.0,0.0
0.8811229584010009,0.04398896040325782,1.0,0.0
0.8846871658703594,0.043860467723686486,1.0,0.0
0.8879696163349551,0.04365622088614569,1.0,0.0
0.8913091639636448,0.0436622994904792,1.0,0.0
0.8949116779212914,0.04375684067868702,1.0,0.0
0.8985997799858976,0.043754367309054146,1.0,0.0
0.9022489321242942,0.04368400527628288,1.0,0.0
0.9058104652975949,0.04379639840379467,1.0,0.0
0.909400495639048,0.0443106840017483,1.0,0.0
0.9129412604289012,0.0445959723759645,1.0,0.0
0.9165676407425306,0.04474387672331298,1.0,0.0
0.920123987678152,0.04451134951362807,1.0,0.0
0.9236206795595504,0.04421935873527442,1.0,0.0
0.9271979956476889,0.04403253305280176,1.0,0.0
0.9305610419382238,0.04376320303252704,1.0,0.0
0.9340644853884726,0.04351184828926396,1.0,0.0
0.9380855653013996,0.04437428483810065,1.0,0.0
0.9415438272220014,0.044078543879341195,1.0,0.0
0.9451317145042584,0.043038870809322304,1.0,0.0
0.9507690814087468,0.04457026732454334,1.0,0.0
0.9541132061819466,0.043613098379013504,1.0,0.0
0.9576076903993671,0.04278959392819256,1.0,0.0
0.9612512571245048,0.04234878795758469,1.0,0.0
0.9648419423217284,0.041467859244970505,1.0,0.0
0.7251808935338404,0.04737823173352327,1.0,0.0
0.7286065777844922,0.04985372782588136,1.0,0.0
0.7320075537124721,0.04803613207438638,1.0,0.0
0.7354854967146142,0.04733729740539468,1.0,0.0
0.7394981977768056,0.048041927373988096,1.0,0.0
0.7430458297838829,0.047700673526413793,1.0,0.0
0.7464823952715025,0.047290159446607645,1.0,0.0
0.7501485305698574,0.047285438760120424,1.0,0.0
0.7535739940768783,0.047406780408486636,1.0,0.0
0.7573128942858159,0.04788598767697596,1.0,0.0
0.7608575662559784,0.047895236134643124,1.0,0.0
0.7643414196288787,0.04789717933810434,1.0,0.0
0.767699256106519,0.047957044213261614,1.0,0.0
0.7710890258578847,0.04823244956767324,1.0,0.0
0.7747484074162393,0.048298273620941926,1.0,0.0
0.7785293628656251,0.04826193618239854,1.0,0.0
0.7822171016047822,0.048270008750767146,1.0,0.0
0.7858578611384526,0.04800068554945322,1.0,0.0
0.7895545245272293,0.04796246649623426,1.0,0.0
0.7931989519406821,0.047686581521366095,1.0,0.0
0.7965641647009324,0.04755084157690519,1.0,0.0
0.8000690829410215,0.04748076828303166,1.0,0.0
0.8037067919617296,0.0472084252433225,1.0,0.0
0.8071376102033193,0.046904638169234264,1.0,0.0
0.8106607630581022,0.046871809163513266,1.0,0.0
0.8141985677617813,0.04686591055496892,1.0,0.0
0.8177214320786499,0.047103351102295604,1.0,0.0
0.821476845428602,0.04749210960017732,1.0,0.0
0.8252865291083428,0.047356695582855816,1.0,0.0
0.828816321557388,0.04757943539638973,1.0,0.0
0.8326710453853962,0.04786039250270242,1.0,0.0
0.8361411621179503,0.04774842092752378,1.0,0.0
0.8394849783556841,0.04766835815320029,1.0,0.0
0.843206880968002,0.04745942492066804,1.0,0.0
0.846879299244639,0.047307282647036965,1.0,0.0
0.8503759965187009,0.046901828025484586,1.0,0.0
0.853955402182488,0.046712457180718564,1.0,0.0
0.857528903141859,0.04668070931390032,1.0,0.0
0.8610893559180158,0.046783106424397536,1.0,0.0
0.8646352710915154,0.04689393257361927,1.0,0.0
0.8682904357884006,0.04699528847412025,1.0,0.0
0.8719859193811812,0.04694192928608387,1.0,0.0
0.8756513935485855,0.0470436453649315,1.0,0.0
0.8793224659838179,0.047027478297081725,1.0,0.0
0.8829202551346901,0.04701209075450808,1.0,0.0
0.886406313730205,0.04704102342748828,1.0,0.0
0.889725412879077,0.04697004654741742,1.0,0.0
0.8930986729402198,0.046835032409341504,1.0,0.0
0.8966930137163237,0.04667841312110919,1.0,0.0
0.9004063662536008,0.04669706881576336,1.0,0.0
0.9040101842696364,0.04673498278000588,1.0,0.0
0.907546681207771,0.04691720209567908,1.0,0.0
0.9113053345121751,0.04755071786821799,1.0,0.0
0.9148244291843322,0.04767522494024149,1.0,0.0
0.9185057221546178,0.047689817106387,1.0,0.0
0.921872398372695,0.04738324780483113,1.0,0.0
0.9254489654895709,0.047054000231118456,1.0,0.0
0.9288101085235566,0.04712429987997896,1.0,0.0
0.9320102435785617,0.046676439631569054,1.0,0.0
0.9354114000291308,0.04608418409940719,1.0,0.0
0.9407977582486405,0.047281348362699954,1.0,0.0
0.9441497482813218,0.0463973375663744,1.0,0.0
0.947508352885963,0.045615686095697834,1.0,0.0
0.6940191568265424,0.05035075951835406,1.0,0.0
0.7154108285591295,0.052290348050096275,1.0,0.0
0.7185077703948669,0.05100620904096016,1.0,0.0
0.7221029153211886,0.05084370718427098,1.0,0.0
0.7255505187716905,0.050812168387559385,1.0,0.0
0.7310600102702758,0.05135829896711742,1.0,0.0
0.7342564692155181,0.05066502229242276,1.0,0.0
0.7375235555655957,0.05049109702731785,1.0,0.0
0.7412814177390242,0.050776002997996235,1.0,0.0
0.744847435399497,0.05052767132295072,1.0,0.0
0.7483097307662008,0.05029706391527331,1.0,0.0
0.7518056463129096,0.05042126300983797,1.0,0.0
0.7553049776529144,0.050565053074770265,1.0,0.0
0.7589494953740649,0.05087284562750621,1.0,0.0
0.762474885928914,0.050950071214282334,1.0,0.0
0.7659252624249839,0.0510423749197798,1.0,0.0
0.7693469083078323,0.05115660524810936,1.0,0.0
0.7729248114890903,0.051164966242466296,1.0,0.0
0.7766135306267444,0.05111146692665233,1.0,0.0
0.7803240286344222,0.05112783146548858,1.0,0.0
0.784058988671184,0.051034791369542885,1.0,0.0
0.7877263499357398,0.05086189475210042,1.0,0.0
0.7914317738890797,0.050751852202583145,1.0,0.0
0.794968874781152,0.050698486180955064,1.0,0.0
0.7984339952336272,0.050572553275894994,1.0,0.0
0.80194852992432,0.05037591407851857,1.0,0.0
0.8054250731470253,0.05015840342080957,1.0,0.0
0.8088860176964145,0.04993739818514426,1.0,0.0
0.8124188592888366,0.04989067730988781,1.0,0.0
0.8159590546260318,0.04997700441365086,1.0,0.0
0.819590405930948,0.05013982764531252,1.0,0.0
0.8233888597852825,0.050249360028019774,1.0,0.0
0.8269855310843107,0.05043667639659114,1.0,0.0
0.8306295719870967,0.050547676930635076,1.0,0.0
0.8343278888999398,0.05084234023955085,1.0,0.0
0.8378256836212776,0.050826070678782746,1.0,0.0
0.8413457081051811,0.050529690526746565,1.0,0.0
0.8449265672629968,0.050340475202953636,1.0,0.0
0.8485782723491205,0.050116133086842124,1.0,0.0
0.8521627965276947,0.04981348528689995,1.0,0.0
0.8557661235775242,0.049697220105298194,1.0,0.0
0.8593747835694675,0.04980112513460149,1.0,0.0
0.8628989675077312,0.049945036071566,1.0,0.0
0.8664117615303287,0.04996934734813398,1.0,0.0
0.870022845032675,0.0499203224391087,1.0,0.0
0.873697318954666,0.049888563796880156,1.0,0.0
0.877510184401935,0.050002575711922834,1.0,0.0
0.881145130657527,0.05006535383086479,1.0,0.0
0.8846841667515106,0.05016491533542976,1.0,0.0
0.8881614150319573,0.050333610473140764,1.0,0.0
0.8914907271019918,0.050211004191426184,1.0,0.0
0.8949360584875106,0.049802592981735075,1.0,0.0
0.8984894236556348,0.04954530508656766,1.0,0.0
0.9023017967547763,0.04967218237730464,1.0,0.0
0.9057860024197382,0.04988666782217752,1.0,0.0
0.9091967118711682,0.04990405937377845,1.0,0.0
0.9132706606975836,0.05076377736731691,1.0,0.0
0.9169080968700423,0.05052350270980479,1.0,0.0
0.9205697677712712,0.05081379664344148,1.0,0.0
0.9238833722879423,0.050000152983287194,1.0,0.0
0.9272529741196384,0.050238075052411034,1.0,0.0
0.9308018022763778,0.05011027107946263,1.0,0.0
0.9341929054705347,0.04915727824402363,1.0,0.0
0.9377056040191418,0.048180377436120365,1.0,0.0
0.6850668784206541,0.056259642950191965,1.0,0.0
0.6884657741397079,0.05501654971732008,1.0,0.0
0.6920697353944318,0.053940378569689446,1.0,0.0
0.6956848168634225,0.053739591361443795,1.0,0.0
0.6993337283571994,0.05402011506240408,1.0,0.0
0.7030509959459929,0.05370938093630145,1.0,0.0
0.706881904554865,0.05390495281359114,1.0,0.0
0.7100414584376562,0.05611707598280305,1.0,0.0
0.7135063016764609,0.05479423198448169,1.0,0.0
0.7174802692160124,0.054527897728978876,1.0,0.0
0.7208290198365146,0.05387813335635622,1.0,0.0
0.7244273926125069,0.05377143428584482,1.0,0.0
0.7281822298139005,0.05347073428609828,1.0,0.0
0.7321747457788682,0.05399153705346297,1.0,0.0
0.7357183608804265,0.0536452450907031,1.0,0.0
0.7392668372553057,0.05351055562843877,1.0,0.0
0.7429728165408199,0.053593868592812954,1.0,0.0
0.7465287537368117,0.05345522719291778,1.0,0.0
0.7499931657903924,0.05341242055512483,1.0,0.0
0.7534988753061895,0.053527736552801866,1.0,0.0
0.7570246714269907,0.05367604691462072,1.0,0.0
0.7606218080652413,0.05392951279467802,1.0,0.0
0.7641216105608656,0.054069001202746735,1.0,0.0
0.7675856705232386,0.05417992930923033,1.0,0.0
0.7710964588610804,0.054142528871972684,1.0,0.0
0.774699640986316,0.054019988928713104,1.0,0.0
0.7783907662671269,0.05396252630683991,1.0,0.0
0.7821500529315667,0.05393010968795189,1.0,0.0
0.7859330056535131,0.053799037779367245,1.0,0.0
0.7896553187116804,0.05367504260293433,1.0,0.0
0.7932828115303275,0.05371731192312567,1.0,0.0
0.7967868614468191,0.05372034422864759,1.0,0.0
0.8002295200923621,0.05356531848654364,1.0,0.0
0.8036868969846526,0.05338026297231677,1.0,0.0
0.8071575494551202,0.053111357201256426,1.0,0.0
0.8106412275495908,0.05294207278052625,1.0,0.0
0.8141789167930175,0.052919549241829976,1.0,0.0
0.8177923469060722,0.052967009759101444,1.0,0.0
0.8214973341784142,0.05303839238126562,1.0,0.0
0.825120454096685,0.053294590311885603,1.0,0.0
0.828731573291654,0.053433602584014014,1.0,0.0
0.8323359641301039,0.053582239103343615,1.0,0.0
0.8360352710057085,0.05390487538005795,1.0,0.0
0.839567713035001,0.053772067874248305,1.0,0.0
0.843012582398566,0.05346632740468875,1.0,0.0
0.8466336688568833,0.05316742868251112,1.0,0.0
0.8503217241811352,0.052918266266783975,1.0,0.0
0.8539552594509499,0.052727755372112446,1.0,0.0
0.8575564004686945,0.052701030138247666,1.0,0.0
0.8611995666175619,0.052985890489549096,1.0,0.0
0.8646892727013453,0.05312465993911494,1.0,0.0
0.8681200367088845,0.05301202980925358,1.0,0.0
0.8717044579428168,0.05282789669001322,1.0,0.0
0.8754782615707173,0.05268050649670778,1.0,0.0
0.8793646099215019,0.05304476585120748,1.0,0.0
0.8829065368880982,0.05322839926705059,1.0,0.0
0.8863894038557222,0.05339921324596164,1.0,0.0
0.8899780292480484,0.053664281515070675,1.0,0.0
0.8935019318346002,0.05315313652044777,1.0,0.0
0.8968303588349554,0.05274618913106101,1.0,0.0
0.9004008028600555,0.05222500145790439,1.0,0.0
0.9041934422938165,0.052874163954505816,1.0,0.0
0.9072677878854402,0.053260897531948945,1.0,0.0
0.9105152398555332,0.052467735804883425,1.0,0.0
0.9174990325438659,0.05387604402558459,1.0,0.0
0.6522661196808626,0.059004134249097416,1.0,0.0
0.6559133601369308,0.05998028218911733,1.0,0.0
0.6561610518801178,0.05661635659591477,1.0,0.0
0.6625799309726786,0.0578497011349331,1.0,0.0
0.6655399115795586,0.058933410094074296,1.0,0.0
0.6684185547734469,0.05751169113642705,1.0,0.0
0.6725441722797405,0.05816867208801392,1.0,0.0
0.6761181951756303,0.05732989048579804,1.0,0.0
0.6791898212159381,0.05787574801020576,1.0,0.0
0.6821776214542551,0.05710813105099993,1.0,0.0
0.6874183290069342,0.058212976272479136,1.0,0.0
0.6907707502633377,0.057372897804740586,1.0,0.0
0.6940350623200222,0.05691716328631078,1.0,0.0
0.697419191079536,0.05689503284387592,1.0,0.0
0.7009910820559144,0.05686134295932613,1.0,0.0
0.7043675583240909,0.056756190390467934,1.0,0.0
0.7074511981005945,0.057396395644191106,1.0,0.0
0.7123943322144531,0.057986019919721465,1.0,0.0
0.7157962378218744,0.05737650825767985,1.0,0.0
0.7194318510696281,0.05718668245467995,1.0,0.0
0.7228715928414338,0.05677299769219057,1.0,0.0
0.7264874362166106,0.05650671730503438,1.0,0.0
0.7300588506021429,0.05645637800627285,1.0,0.0
0.7338958146158067,0.056700139908069144,1.0,0.0
0.7374861023866423,0.05653661638892669,1.0,0.0
0.7410578163011994,0.05646987357360633,1.0,0.0
0.7446727327436872,0.05650238314822928,1.0,0.0
0.7481936637844152,0.05647427722629241,1.0,0.0
0.7516814859618053,0.05651180247392946,1.0,0.0
0.7551861954626359,0.05661780335096872,1.0,0.0
0.7587251607758527,0.05676583230626338,1.0,0.0
0.7623158186897884,0.057044674928799124,1.0,0.0
0.7658049480922131,0.05720295958685335,1.0,0.0
0.7692983755274142,0.05722407316870114,1.0,0.0
0.7728153254042012,0.05705234880512344,1.0,0.0
0.7764204033721988,0.056841653532547214,1.0,0.0
0.7801611067481574,0.05675103413954726,1.0,0.0
0.7840746468321999,0.05661697688964095,1.0,0.0
0.7878926671093934,0.05654406231341795,1.0,0.0
0.7915689031985217,0.05660900036677124,1.0,0.0
0.7951141962144371,0.056796922884838126,1.0,0.0
0.7985315984816644,0.05680327901843344,1.0,0.0
0.8019306016173533,0.05658410541090807,1.0,0.0
0.8054791318619428,0.0563249636740539,1.0,0.0
0.8089006903724189,0.0560795067309631,1.0,0.0
0.8123982499066889,0.055928884823603586,1.0,0.0
0.8159841530392297,0.05586395008097215,1.0,0.0
0.8196591683766862,0.05585450207465634,1.0,0.0
0.8232546264884538,0.056123496488070725,1.0,0.0
0.826841138780095,0.05634751380270811,1.0,0.0
0.8303809786024277,0.05648473808129115,1.0,0.0
0.833973695782095,0.0565860810494501,1.0,0.0
0.837808736418754,0.05695672200367262,1.0,0.0
0.8411967869395914,0.0568165572810179,1.0,0.0
0.8446860519075313,0.05625830584977697,1.0,0.0
0.8484028730125944,0.05591492668598055,1.0,0.0
0.8521127681541713,0.0557356996911683,1.0,0.0
0.855716016328756,0.05570351786576491,1.0,0.0
0.859254615127724,0.05572842271506397,1.0,0.0
0.8630354096281891,0.056221722135715996,1.0,0.0
0.8664271551720127,0.056369482332389184,1.0,0.0
0.8697739216752477,0.05595595397040305,1.0,0.0
0.8734616449565972,0.05555393684034271,1.0,0.0
0.8771801791395119,0.05545428587549082,1.0,0.0
0.8810562129260868,0.05631086856140143,1.0,0.0
0.8841584076974116,0.056612288634819,1.0,0.0
0.8901172738068801,0.057104872892519566,1.0,0.0
0.8931577335841673,0.05632471345992536,1.0,0.0
0.8961956774689538,0.05630234377202319,1.0,0.0
0.8991455389008204,0.0553800747305929,1.0,0.0
0.9023317883925756,0.05502598397517479,1.0,0.0
0.642916420582115,0.062455096453977586,1.0,0.0
0.6460306940656444,0.06123686196632058,1.0,0.0
0.6491719445908701,0.0603145828761491,1.0,0.0
0.6528720181209886,0.061715560068998594,1.0,0.0
0.6579849185012387,0.062183659150214975,1.0,0.0
0.659854136060767,0.05977234309132263,1.0,0.0
0.663108474342853,0.06126395879667644,1.0,0.0
0.6671096974455895,0.061291697641260204,1.0,0.0
0.6703761155565711,0.06056325385278803,1.0,0.0
0.6742603042769671,0.060691316589391815,1.0,0.0
0.6776025642003914,0.06073705198196673,1.0,0.0
0.6812805758357006,0.06056870205134796,1.0,0.0
0.6846943899637432,0.06008392618813822,1.0,0.0
0.6887397740384307,0.0607261645609398,1.0,0.0
0.6922247392324058,0.06028731578931533,1.0,0.0
0.69563092906398,0.06002785291182872,1.0,0.0
0.6991256588006843,0.05992224818426927,1.0,0.0
0.7026383008304841,0.05991280659107216,1.0,0.0
0.7060465315257826,0.060193179440690844,1.0,0.0
0.709814019832228,0.06003247807253683,1.0,0.0
0.7138831883404394,0.060516961654030234,1.0,0.0
0.717550978938672,0.06015035119381515,1.0,0.0
0.7212239759658491,0.059942199900995904,1.0,0.0
0.7247840798454351,0.059585668581501945,1.0,0.0
0.7283324925921223,0.059442897315910466,1.0,0.0
0.7319211266118195,0.05939544003206433,1.0,0.0
0.7356366011598249,0.05952955925357377,1.0,0.0
0.739223186118341,0.059456572405836475,1.0,0.0
0.7428023842761384,0.05945068216009185,1.0,0.0
0.7463535884096262,0.059493900629706706,1.0,0.0
0.7498556669992433,0.05952471700975973,1.0,0.0
0.7533511705508447,0.0596096894685394,1.0,0.0
0.7568452273474972,0.059693339452613535,1.0,0.0
0.7603956664539069,0.0598365064390734,1.0,0.0
0.7640248909823426,0.06020248223650336,1.0,0.0
0.7675057720998163,0.06030884507589622,1.0,0.0
0.771009893618219,0.06021574038872776,1.0,0.0
0.7745116782986258,0.05990369116688025,1.0,0.0
0.7781117351114677,0.05959581843276242,1.0,0.0
0.7821157855507894,0.05925742234045353,1.0,0.0
0.7860904043425422,0.05928855448368003,1.0,0.0
0.7898431991742043,0.05942061117779915,1.0,0.0
0.7933923516483764,0.05972135000046991,1.0,0.0
0.7968378864037857,0.06001755984617494,1.0,0.0
0.8001962373633599,0.05989563322928994,1.0,0.0
0.8037708485808416,0.05938956502071934,1.0,0.0
0.8073098969410899,0.05936669936107746,1.0,0.0
0.8106366006882338,0.05902973666062152,1.0,0.0
0.8141905300114911,0.05883562078026264,1.0,0.0
0.8178512381887441,0.0587060278114149,1.0,0.0
0.8213589078653364,0.058934007908126605,1.0,0.0
0.8249549754070775,0.059231290652395574,1.0,0.0
0.8284580465952132,0.05948382420096819,1.0,0.0
0.8319243094591585,0.059536557677900524,1.0,0.0
0.835624254351243,0.059389892799272696,1.0,0.0
0.8394741690242823,0.060256919833948805,1.0,0.0
0.8429466622676293,0.05961991979097546,1.0,0.0
0.8464830197995942,0.0588827394268736,1.0,0.0
0.8502424499128134,0.05865751373036202,1.0,0.0
0.8538567448387621,0.058684477177278545,1.0,0.0
0.8573236945677379,0.058809434228599106,1.0,0.0
0.8608716391756112,0.05859189921371292,1.0,0.0
0.8648190892822407,0.05963215420400601,1.0,0.0
0.8682390790562867,0.05952778697901747,1.0,0.0
0.8716074311849243,0.058563515350635864,1.0,0.0
0.8752190584284085,0.058349255186088626,1.0,0.0
0.878807471087855,0.058213223507947935,1.0,0.0
0.8841239865071446,0.06022497860809073,1.0,0.0
0.8872189165375074,0.056665521985967686,1.0,0.0
0.6344226134108992,0.06476216322406242,1.0,0.0
0.6375403724408747,0.06401432502037949,1.0,0.0
0.6405713207860901,0.06417013637309184,1.0,0.0
0.6445005383965551,0.06484510703483085,1.0,0.0
0.6476954097200746,0.06399126729958646,1.0,0.0
0.6508175351971224,0.06385121539994519,1.0,0.0
0.6547983851354943,0.06398291915034744,1.0,0.0
0.6580184801431813,0.06516275644730371,1.0,0.0
0.6612007839562191,0.06375270853621405,1.0,0.0
0.6650170340201464,0.06396164689619281,1.0,0.0
0.6687998691552903,0.0639543263450799,1.0,0.0
0.6722536004563178,0.0635288427910251,1.0,0.0
0.6758500543814667,0.06374502859063493,1.0,0.0
0.6794724242391331,0.0635717974130736,1.0,0.0
0.6830949833632035,0.06337811959272079,1.0,0.0
0.6865589860416396,0.06319473385395372,1.0,0.0
0.6903501885949774,0.063479341142281,1.0,0.0
0.6938594732076232,0.06324597327320307,1.0,0.0
0.6973244118963733,0.06305123255860381,1.0,0.0
0.7008100412288799,0.06297298741614701,1.0,0.0
0.7043046560217754,0.06306735719584623,1.0,0.0
0.7080027740446988,0.06296239269375563,1.0,0.0
0.7116770426691595,0.06288087397529532,1.0,0.0
0.7156499571713949,0.06307583685967089,1.0,0.0
0.719401119027891,0.06289191515960478,1.0,0.0
0.7230792221476621,0.0626897292652966,1.0,0.0
0.7266260743013999,0.0624901074400097,1.0,0.0
0.7301641695824287,0.06236907576530318,1.0,0.0
0.7337241353564897,0.06234783741872152,1.0,0.0
0.7373672127366495,0.0624372174652239,1.0,0.0
0.7409477955685193,0.06239278784856533,1.0,0.0
0.7445284795385866,0.06247673361409957,1.0,0.0
0.7480173779135733,0.06254124447066618,1.0,0.0
0.7514918114185596,0.06259604671292664,1.0,0.0
0.7549904264746873,0.06271515202800146,1.0,0.0
0.758449716832083,0.06275262599516933,1.0,0.0
0.761997298669796,0.06287140882205833,1.0,0.0
0.765741778519222,0.0633927831922095,1.0,0.0
0.7692358191968998,0.06335782282301754,1.0,0.0
0.7727748557661327,0.06314783098090464,1.0,0.0
0.7762105245302762,0.06270396686113634,1.0,0.0
0.7801306044324918,0.061837107213531736,1.0,0.0
0.7841219709841549,0.06176644973344988,1.0,0.0
0.7880653554509061,0.06210423322334272,1.0,0.0
0.7916150626681542,0.0625706951877378,1.0,0.0
0.794993092253818,0.06301723236399596,1.0,0.0
0.7984637058569927,0.06327326600093097,1.0,0.0
0.8022162879976447,0.06250767601493191,1.0,0.0
0.8056306611296861,0.06236052656138767,1.0,0.0
0.8092048005846972,0.062494290150951,1.0,0.0
0.8123792348621041,0.061852608613760275,1.0,0.0
0.8161220703524414,0.06157568613809477,1.0,0.0
0.8194676466445786,0.061877716790069016,1.0,0.0
0.8229432645820289,0.06198788935276871,1.0,0.0
0.8264873164996114,0.06245269875216348,1.0,0.0
0.8298152551905177,0.06271422500812877,1.0,0.0
0.8333565885435632,0.06238359921880147,1.0,0.0
0.8366427516481458,0.06227821033979246,1.0,0.0
0.8418852096254955,0.06314424189275293,1.0,0.0
0.8450842285050988,0.06224776029767592,1.0,0.0
0.8483665663455596,0.0615039463790293,1.0,0.0
0.8519667528374792,0.061617870154406645,1.0,0.0
0.8552540384280534,0.061909584813890604,1.0,0.0
0.8587692814708274,0.06181933769480479,1.0,0.0
0.8620379122366317,0.06128925441244737,1.0,0.0
0.8661589429314969,0.06336020486542036,1.0,0.0
0.33038139903770525,0.06542676426425498,1.0,0.0
0.3366676678082841,0.06397981862298821,1.0,0.0
0.3388274580663283,0.06683114234032958,1.0,0.0
0.3422224093524982,0.0671876439310272,1.0,0.0
0.3466111527288245,0.06648859925448883,1.0,0.0
0.6251702754620017,0.06765247922271103,1.0,0.0
0.6285154338943723,0.06712963815860674,1.0,0.0
0.6317113413180281,0.06667095534373302,1.0,0.0
0.6354173607380241,0.06750017949000783,1.0,0.0
0.6387015055053724,0.06728219871951557,1.0,0.0
0.6421507213148185,0.06727871849236827,1.0,0.0
0.6458859592361176,0.06751795578829485,1.0,0.0
0.6491882146988543,0.0671156630557275,1.0,0.0
0.6526147290190355,0.06683956285149849,1.0,0.0
0.6559561898513225,0.06746125565781548,1.0,0.0
0.6599406952394905,0.06738858290189766,1.0,0.0
0.6632047979145814,0.0667875952364279,1.0,0.0
0.6668458534239406,0.06682185711330114,1.0,0.0
0.6705111124678198,0.0667484844186895,1.0,0.0
0.6740015253336971,0.06660857253028347,1.0,0.0
0.6776603914475348,0.06659815816118726,1.0,0.0
0.6812632135293891,0.0664433975510741,1.0,0.0
0.6848296648453318,0.06632716056976538,1.0,0.0
0.6883627794488599,0.06626035529717446,1.0,0.0
0.6920206461227846,0.06637352120623771,1.0,0.0
0.6955422817031758,0.06621981694453409,1.0,0.0
0.6990260514548647,0.06607797494703659,1.0,0.0
0.7025339219403938,0.06603343417117372,1.0,0.0
0.7061803075155424,0.0658967153671863,1.0,0.0
0.7098726030817335,0.06580339009556,1.0,0.0
0.713576384473044,0.06564573719468611,1.0,0.0
0.7174678075659938,0.06569766886625761,1.0,0.0
0.7212862689462207,0.06563664092975165,1.0,0.0
0.7249213630286487,0.06553938014469356,1.0,0.0
0.7284608746101844,0.06542135803387619,1.0,0.0
0.731925098622288,0.0653409341522452,1.0,0.0
0.7354569740928657,0.06530861329230518,1.0,0.0
0.7391093512528476,0.06536334975076569,1.0,0.0
0.7426650064475401,0.06535320254238478,1.0,0.0
0.7462366406684835,0.06558168593323924,1.0,0.0
0.749639508165813,0.06563389840341695,1.0,0.0
0.7530841360080375,0.06567230524340438,1.0,0.0
0.7565737670325635,0.06585581251054107,1.0,0.0
0.7599056262674095,0.06581348316374647,1.0,0.0
0.7634680572231544,0.06578452815779663,1.0,0.0
0.7675738928603849,0.0665339712525191,1.0,0.0
0.7711118321755771,0.0662886980076723,1.0,0.0
0.7746193340896514,0.06609891724224176,1.0,0.0
0.7784517973774713,0.06465726967562253,1.0,0.0
0.7821411340268758,0.06428211035666773,1.0,0.0
0.786023857342606,0.06439954720401138,1.0,0.0
0.7897040990593137,0.06530585786972132,1.0,0.0
0.7927999578470917,0.06605362481326353,1.0,0.0
0.7959473695113058,0.0663079797684516,1.0,0.0
0.8012406187512977,0.06542177084518414,1.0,0.0
0.8044574130238111,0.06570983696033296,1.0,0.0
0.8074905371407582,0.06533796820208644,1.0,0.0
0.8113840433186423,0.06557715240131899,1.0,0.0
0.8143554180909204,0.06425288395728572,1.0,0.0
0.8209419213558045,0.06496001371789052,1.0,0.0
0.8218677820994646,0.0681071909973058,1.0,0.0
0.8243357507421223,0.06507909348719187,1.0,0.0
0.8278214233749793,0.06587119165718262,1.0,0.0
0.8317999138335203,0.06538479508967904,1.0,0.0
0.8351749848660163,0.06551617509681516,1.0,0.0
0.8387940803908523,0.06421258166582677,1.0,0.0
0.3321235413634166,0.06834516161277238,1.0,0.0
0.335489730507373,0.06779296984537868,1.0,0.0
0.33720024181573716,0.0704915946489822,1.0,0.0
0.34073692021249824,0.06997205804342765,1.0,0.0
0.3445584012615058,0.06972987779575932,1.0,0.0
0.347715510787411,0.07047042114914444,1.0,0.0
0.3519358374770341,0.06859065805410663,1.0,0.0
0.5856041072414431,0.0694133163691935,1.0,0.0
0.592729507632048,0.06851130354269142,1.0,0.0
0.5985852027123031,0.06982750613629765,1.0,0.0
0.6026546145865623,0.07022522621254607,1.0,0.0
0.6042170345083777,0.06738997522250853,1.0,0.0
0.6064838050765833,0.06992745127923349,1.0,0.0
0.6102642715723271,0.0681836216684349,1.0,0.0
0.6161744322681656,0.06728961786670745,1.0,0.0
0.6184150435583108,0.07028868922845645,1.0,0.0
0.6221449682067071,0.0691799650621606,1.0,0.0
0.6261547297383513,0.07026044547686014,1.0,0.0
0.6297014923129896,0.07006279132295243,1.0,0.0
0.6330618921552713,0.06998569486844564,1.0,0.0
0.6367163993655786,0.07044006038364313,1.0,0.0
0.6402080034048199,0.0703260394151552,1.0,0.0
0.6437276598617259,0.07030696920824524,1.0,0.0
0.6473453276720904,0.07039003545906039,1.0,0.0
0.6507963930767201,0.07007815676368045,1.0,0.0
0.6541693488512751,0.07019648741668935,1.0,0.0
0.6578890140051699,0.07017516563672631,1.0,0.0
0.6615742970587281,0.07015786228904838,1.0,0.0
0.6650061152070041,0.06978809257426317,1.0,0.0
0.6686029966385809,0.06971834695360192,1.0,0.0
0.672206616950312,0.06966251138126651,1.0,0.0
0.6757979432040495,0.06954885508188338,1.0,0.0
0.6794207584985573,0.06949280215784429,1.0,0.0
0.6829913346407144,0.06938219938610032,1.0,0.0
0.6865576471871617,0.06929182091044037,1.0,0.0
0.6901411935012829,0.0693042590310401,1.0,0.0
0.6937318215109656,0.069329142781863,1.0,0.0
0.697253863898694,0.06921261754552059,1.0,0.0
0.7007651729379816,0.06908461602134609,1.0,0.0
0.7043827104875782,0.06889024591524452,1.0,0.0
0.7080515992240861,0.06870058449447365,1.0,0.0
0.711805918251856,0.06858290230669147,1.0,0.0
0.7154863998700839,0.06837971785517905,1.0,0.0
0.7193352647115262,0.06832273886618727,1.0,0.0
0.723181680671177,0.0684724200362514,1.0,0.0
0.7267980500686717,0.06844562671605658,1.0,0.0
0.730218748827451,0.0684801548081364,1.0,0.0
0.7335852763634653,0.06832572124968925,1.0,0.0
0.7371881678539495,0.06818394743981997,1.0,0.0
0.7408688641124931,0.06833345564930186,1.0,0.0
0.744333598079137,0.06836595486909691,1.0,0.0
0.7479288815098798,0.06879351611119898,1.0,0.0
0.7512044300516411,0.06874035432163242,1.0,0.0
0.7545934991082481,0.06876227755384604,1.0,0.0
0.7578970924274897,0.06917139675161717,1.0,0.0
0.7610817571456019,0.06875341451616009,1.0,0.0
0.7648670424141665,0.06827597597002855,1.0,0.0
0.7698822037023241,0.06956633372447285,1.0,0.0
0.7729141980448067,0.06941347220142169,1.0,0.0
0.777391723804245,0.06753415814587412,1.0,0.0
0.7807113869873085,0.06732421073257175,1.0,0.0
0.7840849433337098,0.06688722456437886,1.0,0.0
0.7876216488364305,0.06741366056103093,1.0,0.0
0.7908067903794,0.06911508899269532,1.0,0.0
0.7937263291777978,0.06955473300271427,1.0,0.0
0.7988598241386065,0.06708697235127438,1.0,0.0
0.8025992826717213,0.06862746969834126,1.0,0.0
0.8058563502507237,0.06914222600188782,1.0,0.0
0.8090956451901903,0.06767964871862311,1.0,0.0
0.8147242209555308,0.06732803254717615,1.0,0.0
0.8175816067676572,0.06495036531207735,1.0,0.0
0.3267366657632476,0.07100153271111569,1.0,0.0
0.3303935595457155,0.07146639499581868,1.0,0.0
0.3339998317130398,0.07144310180866742,1.0,0.0
0.33912327715146867,0.07294554279235121,1.0,0.0
0.3427670174830013,0.07280128878075919,1.0,0.0
0.34635884795102306,0.07335205264426413,1.0,0.0
0.35047047788759,0.072653258409587,1.0,0.0
0.5622609841762882,0.07341408320621734,1.0,0.0
0.5685218694367062,0.0715632204234713,1.0,0.0
0.5736312145727882,0.07097724282123963,1.0,0.0
0.576265130098593,0.07400969815052025,1.0,0.0
0.5794477770215857,0.07203819316495702,1.0,0.0
0.5837858479554177,0.07211529476914705,1.0,0.0
0.5876769247833852,0.07190342752475652,1.0,0.0
0.591297689423015,0.07187393213386906,1.0,0.0
0.594836897859099,0.07164797519218272,1.0,0.0
0.5979443556390728,0.07279529144980702,1.0,0.0
0.6012828625255293,0.07278539569942907,1.0,0.0
0.6050977529684874,0.07274187920455888,1.0,0.0
0.6089367052055704,0.07182935291483415,1.0,0.0
0.612216635954648,0.07124865546948816,1.0,0.0
0.6153998491910183,0.07097051677017754,1.0,0.0
0.6206212357273098,0.07233064167985936,1.0,0.0
0.6238960719995654,0.07250207090589644,1.0,0.0
0.6276181458803569,0.07311665117031461,1.0,0.0
0.6311250230358075,0.07312056316863147,1.0,0.0
0.6345819899108017,0.07316071160765748,1.0,0.0
0.6382209418454289,0.07337018351994246,1.0,0.0
0.6417713553857923,0.07332941759247512,1.0,0.0
0.6453174520308089,0.07331120696399385,1.0,0.0
0.6489169527421212,0.07326411917282012,1.0,0.0
0.6523934268421192,0.0731909700519313,1.0,0.0
0.6559967407552016,0.07310171071229124,1.0,0.0
0.6596255347363805,0.07307884384044945,1.0,0.0
0.6632672823853507,0.07300027811178751,1.0,0.0
0.6667661193315583,0.07274532429397096,1.0,0.0
0.6703272345432233,0.07264549725017377,1.0,0.0
0.6739298994553429,0.07254393454427607,1.0,0.0
0.6775571449414638,0.07248669251157891,1.0,0.0
0.6811483689515729,0.07243701135835479,1.0,0.0
0.6847064321821689,0.07233301142491998,1.0,0.0
0.6882718276154851,0.07224934084741688,1.0,0.0
0.6919177059231908,0.07234719134285227,1.0,0.0
0.6954639028472107,0.0723181806023079,1.0,0.0
0.6989945599437855,0.07219624451026076,1.0,0.0
0.7026128977646428,0.07192670324787666,1.0,0.0
0.7062851551228848,0.07167954460669862,1.0,0.0
0.709997013881621,0.07141184463575995,1.0,0.0
0.7137912862064326,0.07136980719381524,1.0,0.0
0.7174283358356798,0.07106678552801686,1.0,0.0
0.7211764709376972,0.07099782995884601,1.0,0.0
0.725165566332734,0.07133188282169954,1.0,0.0
0.7285895329891036,0.07160252125591048,1.0,0.0
0.7318499378995713,0.0716314715007661,1.0,0.0
0.7352693849073892,0.07110984584065803,1.0,0.0
0.7389272052620834,0.07102405106115833,1.0,0.0
0.7425828454223699,0.07145489076258145,1.0,0.0
0.7459188741135426,0.07136266550917104,1.0,0.0
0.7497126234842869,0.07210580928492216,1.0,0.0
0.7527546773281717,0.07183293671195576,1.0,0.0
0.7557749933433653,0.0721118899594666,1.0,0.0
0.759485237684195,0.07231294650948256,1.0,0.0
0.7630967543022695,0.07091069142069159,1.0,0.0
0.7670333986861144,0.07045772897275335,1.0,0.0
0.7719583724661019,0.07309952665447696,1.0,0.0
0.775781074134652,0.0700273998576852,1.0,0.0
0.7792400424544261,0.07053227084466437,1.0,0.0
0.7824819538496794,0.0701487828074667,1.0,0.0
0.7852902137551768,0.06991210930951473,1.0,0.0
0.7881842725468388,0.07074216169951293,1.0,0.0
0.791849696309031,0.0730625191299698,1.0,0.0
0.7966491051599646,0.06993557874631487,1.0,0.0
0.8000239078732826,0.07013023716506993,1.0,0.0
0.32284782104588317,0.07548407063788529,1.0,0.0
0.3285551235060694,0.07442077786685827,1.0,0.0
0.3322983795918452,0.07456778909882102,1.0,0.0
0.3360617859203934,0.07451488049712181,1.0,0.0
0.33999883138396036,0.07569873019720305,1.0,0.0
0.34358003845416135,0.07598081354649922,1.0,0.0
0.3470707537896369,0.07671312620409446,1.0,0.0
0.5570919716300686,0.07806225972613029,1.0,0.0
0.560907434529048,0.07657381395949452,1.0,0.0
0.5644026716548741,0.0756446231410833,1.0,0.0
0.5674655099250723,0.07524312334577794,1.0,0.0
0.57050581656711,0.07483472225198506,1.0,0.0
0.5734666157838688,0.07459983471206129,1.0,0.0
0.5788943169344032,0.07545549501906952,1.0,0.0
0.5820246129421579,0.07482328925346778,1.0,0.0
0.5857080963086961,0.07491195900537877,1.0,0.0
0.589308349460869,0.07491022675377151,1.0,0.0
0.5928942455105795,0.07486281250826113,1.0,0.0
0.5961975225665349,0.07534612508800444,1.0,0.0
0.5999067834278168,0.07577411688640713,1.0,0.0
0.6035632313216799,0.0755753210194939,1.0,0.0
0.6073766766239258,0.07513572327574387,1.0,0.0
0.6109013644927557,0.07474108275734306,1.0,0.0
0.6143271943363512,0.07439528812609231,1.0,0.0
0.6177978909718681,0.07424974552698711,1.0,0.0
0.6215834682509229,0.07538519414219691,1.0,0.0
0.625257485863417,0.07566779409860094,1.0,0.0
0.6290020239551269,0.07608540737630302,1.0,0.0
0.6325945568403153,0.07617460175588894,1.0,0.0
0.636145954740741,0.07622023232939888,1.0,0.0
0.6397693966766265,0.07631252719708659,1.0,0.0
0.6433698655278585,0.07631485123873627,1.0,0.0
0.6469490160754712,0.07626717763926985,1.0,0.0
0.6505166261160638,0.07621652902835362,1.0,0.0
0.6541302409493581,0.07609767907028,1.0,0.0
0.6577481130112204,0.07603941377157027,1.0,0.0
0.6613823523098034,0.0759734120427252,1.0,0.0
0.665000410720929,0.07588902007631566,1.0,0.0
0.6685016817324381,0.07570401935326332,1.0,0.0
0.6720286565275042,0.07555944240660215,1.0,0.0
0.6756230402215575,0.07541533803723921,1.0,0.0
0.6792939162639549,0.07544926298818554,1.0,0.0
0.6828722518863092,0.07540208218483206,1.0,0.0
0.6863908101094859,0.07529841037552049,1.0,0.0
0.6899527613939582,0.07516756211856501,1.0,0.0
0.6937052834248564,0.07541471296282763,1.0,0.0
0.6971901757123657,0.07531780305812141,1.0,0.0
0.7008745035432443,0.07499340901986239,1.0,0.0
0.7045634702862582,0.07467488029672427,1.0,0.0
0.7083020411223723,0.0743738434260723,1.0,0.0
0.7119720266731264,0.07410036296325964,1.0,0.0
0.7159077405435724,0.07412461626644196,1.0,0.0
0.7193558147414042,0.07383315414075572,1.0,0.0
0.723107555375231,0.07349921558451848,1.0,0.0
0.7269700518771608,0.0745572588962373,1.0,0.0
0.730137593827727,0.07500391404762873,1.0,0.0
0.7336455872278806,0.07442110443601338,1.0,0.0
0.7369713474199882,0.07383918638470797,1.0,0.0
0.7405231862935941,0.07396995624200438,1.0,0.0
0.7442473642959387,0.07471781248953749,1.0,0.0
0.7474300273581373,0.07407300731821741,1.0,0.0
0.7516701682939744,0.07568237105127518,1.0,0.0
0.32028884918665307,0.08044267937648313,1.0,0.0
0.3236312688287413,0.07895130129821563,1.0,0.0
0.3265297754881966,0.07736710866256395,1.0,0.0
0.3302689149803629,0.07758868361692683,1.0,0.0
0.33394511222900997,0.0776789770889225,1.0,0.0
0.3374018817558246,0.07801289776938525,1.0,0.0
0.34098626077795985,0.0788120831679755,1.0,0.0
0.3443411952585789,0.07927614482014347,1.0,0.0
0.5470367216809481,0.08079587320301211,1.0,0.0
0.5506401566304588,0.07994606646196732,1.0,0.0
0.5539661228345448,0.07898254184514655,1.0,0.0
0.5595278893282869,0.07967042426245399,1.0,0.0
0.5629312927102023,0.07913958580427376,1.0,0.0
0.5661772569561447,0.07871852500883963,1.0,0.0
0.569468845519371,0.07832728590001282,1.0,0.0
0.5727814072914843,0.07800047099463996,1.0,0.0
0.5761809846626272,0.07772442652400176,1.0,0.0
0.580070765030746,0.07824295543493825,1.0,0.0
0.5836271443564157,0.07787554387180191,1.0,0.0
0.5872983461440038,0.07791427160365312,1.0,0.0
0.5909415856388236,0.07791815660146678,1.0,0.0
0.5944574064290176,0.07818674840601296,1.0,0.0
0.5981061699735494,0.07842661250346541,1.0,0.0
0.6019348905247301,0.07854409786685773,1.0,0.0
0.6056574988176002,0.07827127785531754,1.0,0.0
0.6092379731477665,0.07805369418344146,1.0,0.0
0.612708326937478,0.07778091510330273,1.0,0.0
0.6161290328434943,0.07757418773716518,1.0,0.0
0.6194848849241117,0.07783607558562186,1.0,0.0
0.6232071683099017,0.07845758868815086,1.0,0.0
0.626881278821311,0.0787681256934721,1.0,0.0
0.6305889682011939,0.07908814990792856,1.0,0.0
0.6341915062194645,0.07920635836977873,1.0,0.0
0.6377545604432824,0.07923501147193494,1.0,0.0
0.641367711579839,0.07924102180494397,1.0,0.0
0.6450249387728474,0.07927373637677344,1.0,0.0
0.6486080348740895,0.07923170880310874,1.0,0.0
0.6522023740220523,0.07907226845987642,1.0,0.0
0.655860087784594,0.0789967411768974,1.0,0.0
0.6595365561224957,0.0789399117442554,1.0,0.0
0.6631716534091177,0.07887441984621649,1.0,0.0
0.6667508023526905,0.07884396743912495,1.0,0.0
0.6701853134247318,0.07868793688816493,1.0,0.0
0.6736825961029912,0.07844738547259153,1.0,0.0
0.6772735508753117,0.07826147563687931,1.0,0.0
0.6810529603784705,0.07842442462502801,1.0,0.0
0.6845608499685173,0.07843322573408133,1.0,0.0
0.6880173713068988,0.07825569721211798,1.0,0.0
0.6915688882399248,0.07799017213958337,1.0,0.0
0.6954606745563415,0.07857550915588893,1.0,0.0
0.6991170176255401,0.07800009284654191,1.0,0.0
0.7029112405079438,0.07768830669484805,1.0,0.0
0.7066800434194698,0.07729496613092564,1.0,0.0
0.7103772798161087,0.07712302441895404,1.0,0.0
0.7140751789553643,0.07657097567115194,1.0,0.0
0.718046806466389,0.077108361412417,1.0,0.0
0.7213849519435619,0.07639780535514398,1.0,0.0
0.7245916079390107,0.07632642536789654,1.0,0.0
0.31606664040868976,0.08318699323793081,1.0,0.0
0.3191022673267759,0.08323903866108055,1.0,0.0
0.3226726795731063,0.082615122612137,1.0,0.0
0.32576612147013023,0.08143824967921293,1.0,0.0
0.3287624822841481,0.08072902223574678,1.0,0.0
0.3321860970843672,0.08085075581011131,1.0,0.0
0.3355809780693772,0.08110057481497117,1.0,0.0
0.3389379594435589,0.08153831240068586,1.0,0.0
0.34238445460295236,0.08215931321558603,1.0,0.0
0.34580748257169125,0.08261186528632614,1.0,0.0
0.5075523382668206,0.0819394814223185,1.0,0.0
0.5121631727132563,0.08388528152456388,1.0,0.0
0.5168110301804288,0.0811390473166234,1.0,0.0
0.5215424060883003,0.08399030717320881,1.0,0.0
0.5230155998134416,0.0811390473166234,1.0,0.0
0.5289993315808478,0.0810855144110031,1.0,0.0
0.5311148271136346,0.08430651655049175,1.0,0.0
0.5345314122851222,0.08368992535102521,1.0,0.0
0.5382053390513086,0.08282973804363249,1.0,0.0
0.5421711841978926,0.08309235777604629,1.0,0.0
0.5454822703528607,0.08327675845998567,1.0,0.0
0.5494237842948,0.08307210093200883,1.0,0.0
0.5531014286529952,0.08237073692726532,1.0,0.0
0.5566665290039412,0.0817829857763288,1.0,0.0
0.5606797799392803,0.0823467555336251,1.0,0.0
0.5643035109059807,0.08206152822343453,1.0,0.0
0.5678075422011921,0.08171711810599849,1.0,0.0
0.5712308245272797,0.08139915481830508,1.0,0.0
0.5746248421316293,0.08109002330077054,1.0,0.0
0.5780317844798477,0.0809542807293859,1.0,0.0
0.581775649815916,0.08107025845119815,1.0,0.0
0.5853630286508474,0.08088426907246543,1.0,0.0
0.5890290267714385,0.08089378443013757,1.0,0.0
0.5926522211245486,0.08104544079292415,1.0,0.0
0.5963360812395928,0.08121349566341882,1.0,0.0
0.600090599541553,0.0813062546802391,1.0,0.0
0.6038882577856265,0.08133664319022198,1.0,0.0
0.6074919574768743,0.08124923910615486,1.0,0.0
0.6109871469092503,0.08110439637496626,1.0,0.0
0.6144073867916741,0.08091546965457035,1.0,0.0
0.6177942153841457,0.08094065384560512,1.0,0.0
0.6212744133426015,0.0811764409228431,1.0,0.0
0.6249387018179847,0.08156806049771377,1.0,0.0
0.6286036880820859,0.08185170295599047,1.0,0.0
0.6322619054513025,0.08213917119366525,1.0,0.0
0.6358363386533166,0.08225004123672104,1.0,0.0
0.6393905907230996,0.08221513805273893,1.0,0.0
0.6430001375066611,0.08212553293133644,1.0,0.0
0.6467253174348024,0.0822397266006238,1.0,0.0
0.6503291919477655,0.08214604385358641,1.0,0.0
0.6538836666687543,0.08190009277273397,1.0,0.0
0.6576523755614321,0.08182542731928466,1.0,0.0
0.6613899839673931,0.08183003491477217,1.0,0.0
0.6649796886408768,0.08183583769303501,1.0,0.0
0.6684380026271877,0.08193662262868445,1.0,0.0
0.6718150057003196,0.08163710345248024,1.0,0.0
0.6752796944320483,0.08130235493541338,1.0,0.0
0.6789227351931358,0.08099332044390536,1.0,0.0
0.6827468839169861,0.0815461405310591,1.0,0.0
0.6860978798707035,0.08154426658598302,1.0,0.0
0.6893866539963195,0.0811998272052388,1.0,0.0
0.6927393758714808,0.08072773931234434,1.0,0.0
0.69786010248205,0.08124275464295046,1.0,0.0
0.7012771038297054,0.08060532050842381,1.0,0.0
0.705188559353446,0.08022308613306998,1.0,0.0
0.7088018435324391,0.08006756072534103,1.0,0.0
0.7126850848296117,0.07962905231333782,1.0,0.0
0.7159432200591765,0.07923083489176487,1.0,0.0
0.31108706555742793,0.08328215107220494,1.0,0.0
0.31345116848162063,0.08564813378925805,1.0,0.0
0.3170710232993603,0.0862758373724873,1.0,0.0
0.32074188524872377,0.08591485541566396,1.0,0.0
0.3242251498263831,0.08530233987910352,1.0,0.0
0.3273899799138804,0.08448649895730145,1.0,0.0
0.33060034236221675,0.08411508686203968,1.0,0.0
0.3339508300770457,0.08426810965375726,1.0,0.0
0.3373061518761774,0.08458085011568724,1.0,0.0
0.3406764157560361,0.0850174864174962,1.0,0.0
0.3441257018227976,0.08547897514990783,1.0,0.0
0.3475394519059265,0.08596527667476847,1.0,0.0
0.482215124505697,0.0864584589291274,1.0,0.0
0.4861966528008274,0.08559393753997578,1.0,0.0
0.4898284031052049,0.08540126150657076,1.0,0.0
0.4928087814034368,0.08643480330208207,1.0,0.0
0.495924832274164,0.08613829116684318,1.0,0.0
0.4996921636916051,0.08626286586636579,1.0,0.0
0.5032202092906852,0.0857688494700684,1.0,0.0
0.5065650464145959,0.08577161580756852,1.0,0.0
0.5095408589622463,0.08503400948062768,1.0,0.0
0.5151774002384232,0.08459999840432063,1.0,0.0
0.5183282996882215,0.08467449708563023,1.0,0.0
0.5216044906172956,0.08697059060092392,1.0,0.0
0.524799926069368,0.08465954317796388,1.0,0.0
0.528001361179486,0.08449445415259246,1.0,0.0
0.5333802226330694,0.08697700826216362,1.0,0.0
0.536941789249902,0.08600453231274308,1.0,0.0
0.5403709060251326,0.08582157555335834,1.0,0.0
0.5439545183526407,0.0861900796922394,1.0,0.0
0.5476562866262392,0.08590989590123828,1.0,0.0
0.551444734119717,0.08559082185720014,1.0,0.0
0.5550348781720886,0.08509846392261682,1.0,0.0
0.5585432948999731,0.08488468290599813,1.0,0.0
0.5623865332144627,0.0851160561872639,1.0,0.0
0.5660405777917935,0.08493486706622035,1.0,0.0
0.5695751699172296,0.08472419949382792,1.0,0.0
0.5730000729392106,0.08448088409694787,1.0,0.0
0.5763702797273508,0.08423706895026703,1.0,0.0
0.5798338213384626,0.0840310614198546,1.0,0.0
0.5835036200553377,0.08397584087888707,1.0,0.0
0.587144978474457,0.08384655688509926,1.0,0.0
0.590820565571823,0.08390422457841439,1.0,0.0
0.5945337400586373,0.0840222527981542,1.0,0.0
0.5982631579376538,0.08413100510604611,1.0,0.0
0.6019994129325267,0.08419464328168037,1.0,0.0
0.6057040991126699,0.0843361711483319,1.0,0.0
0.6092381138016003,0.08435481194161798,1.0,0.0
0.6126548723092206,0.08425081510565305,1.0,0.0
0.6160422485011957,0.08414495901266661,1.0,0.0
0.6195251184562474,0.08418858406503747,1.0,0.0
0.6231039601795669,0.08438672696637567,1.0,0.0
0.6267486736066026,0.08467325594964153,1.0,0.0
0.6303642746548962,0.08496679243640747,1.0,0.0
0.6339790343270058,0.08524376813762963,1.0,0.0
0.637524802012846,0.08529116716467977,1.0,0.0
0.6410489932182335,0.08515482114143094,1.0,0.0
0.6446307721986214,0.08495175343311427,1.0,0.0
0.6485114121136016,0.08517976809799443,1.0,0.0
0.6520773010500928,0.08507897642595871,1.0,0.0
0.6556316656248901,0.08457377390403834,1.0,0.0
0.6595314298839575,0.08459487016335479,1.0,0.0
0.6632996282453428,0.08479528469427332,1.0,0.0
0.666643062522024,0.08502992764081821,1.0,0.0
0.6701274042527858,0.08501980007712687,1.0,0.0
0.67339176828759,0.08454631961919003,1.0,0.0
0.6769534205597508,0.08399808885359399,1.0,0.0
0.6804509883356635,0.083742796769015,1.0,0.0
0.6845135153216634,0.08480733070953493,1.0,0.0
0.6878840540276002,0.08459742367945862,1.0,0.0
0.691308560542604,0.08392830534849972,1.0,0.0
0.6949744322108568,0.0825775149680108,1.0,0.0
0.3063204525788832,0.08600625196581355,1.0,0.0
0.30774366626799016,0.08849382516205018,1.0,0.0
0.31098515623804435,0.0878026746588683,1.0,0.0
0.31474234606371465,0.08875590036750375,1.0,0.0
0.31865988900097403,0.08896926664193053,1.0,0.0
0.32232599021079483,0.0886776786911062,1.0,0.0
0.32578739869986145,0.08816939560873861,1.0,0.0
0.32907189766860045,0.08763638552163529,1.0,0.0
0.3323803463286833,0.08749671880398342,1.0,0.0
0.33575962901178114,0.08768650142422517,1.0,0.0
0.33918399107775254,0.08800140535805429,1.0,0.0
0.3427004705006878,0.08834600159670729,1.0,0.0
0.34637359527527256,0.08865640360972524,1.0,0.0
0.3504329898560262,0.08813637025776323,1.0,0.0
0.3985574804732051,0.08760100288092698,1.0,0.0
0.4035668499219612,0.08660940300370742,1.0,0.0
0.40860292115649854,0.08894870565538245,1.0,0.0
0.4097660301023023,0.08589304821598613,1.0,0.0
0.4127020914553269,0.08867333567175092,1.0,0.0
0.4156243403353308,0.08568872505238931,1.0,0.0
0.4168256749756485,0.08868778511589381,1.0,0.0
0.4216372288786179,0.08738529355936485,1.0,0.0
0.4256742467684775,0.08841423727171763,1.0,0.0
0.4302000029302573,0.09016257519933127,1.0,0.0
0.43465930163898725,0.08793313920948034,1.0,0.0
0.43982403300295936,0.08959351539529083,1.0,0.0
0.4432063027574614,0.08627877939649664,1.0,0.0
0.44369295901731715,0.08892648882625313,1.0,0.0
0.4678992373780367,0.08758600758023997,1.0,0.0
0.4720703534622692,0.08656855229663579,1.0,0.0
0.4745306898235789,0.08926418375060957,1.0,0.0
0.47740497645017166,0.08728961364117796,1.0,0.0
0.48025938282216957,0.08876665503262199,1.0,0.0
0.48423039650687144,0.08874615750482093,1.0,0.0
0.48771416874162,0.08856115018290685,1.0,0.0
0.4909628946541588,0.0890510889744293,1.0,0.0
0.49461144446550204,0.08935961448611045,1.0,0.0
0.49809205283651325,0.089075037542954,1.0,0.0
0.501814331723109,0.08894614201914869,1.0,0.0
0.5053524478421819,0.08879017929969649,1.0,0.0
0.5090302293727446,0.08840237293279662,1.0,0.0
0.5124985654419978,0.08753591695845997,1.0,0.0
0.5159165430837044,0.08782545969731882,1.0,0.0
0.5190327000871257,0.08819183283875993,1.0,0.0
0.5242136276059374,0.08820715121046427,1.0,0.0
0.5272461503861645,0.08779589949282011,1.0,0.0
0.5304022398651907,0.0878342326132172,1.0,0.0
0.5354890291599078,0.08915452603188943,1.0,0.0
0.5388640105331882,0.08896766826407378,1.0,0.0
0.5422595319989327,0.08898941149092239,1.0,0.0
0.5459467286010292,0.08893072003541987,1.0,0.0
0.5496015083894819,0.08863335702893352,1.0,0.0
0.5532454276819183,0.08833494102088739,1.0,0.0
0.5567877525419465,0.08802787520359057,1.0,0.0
0.5603846704602116,0.08788778432777238,1.0,0.0
0.5641433587583036,0.08796519573835929,1.0,0.0
0.5677874581526458,0.08787893553069956,1.0,0.0
0.5713323295414269,0.0878092155187003,1.0,0.0
0.5747170371979641,0.08763369381461429,1.0,0.0
0.578082213199242,0.08731225107684869,1.0,0.0
0.5816136302813052,0.08699295281207678,1.0,0.0
0.5853050261995457,0.08685396724646174,1.0,0.0
0.5889941060299004,0.08677827037683371,1.0,0.0
0.592714531324855,0.08683223958204535,1.0,0.0
0.5964257238875464,0.0869716658643698,1.0,0.0
0.6001185487096967,0.08707604223006858,1.0,0.0
0.6037838530154533,0.0871879414584988,1.0,0.0
0.6074678244722727,0.0874720224753036,1.0,0.0
0.6109280291844097,0.08757827953050482,1.0,0.0
0.6142715134188691,0.08745159901219866,1.0,0.0
0.6177228154443496,0.08727835541895358,1.0,0.0
0.6213395058518525,0.08730267210747589,1.0,0.0
0.6250067272020193,0.08752427313971978,1.0,0.0
0.6285663223784274,0.08784214071053191,1.0,0.0
0.6321240186908234,0.08811544430102895,1.0,0.0
0.6357676681759474,0.088360656083562,1.0,0.0
0.639269203027524,0.08832705219975516,1.0,0.0
0.642700845257791,0.08807158207333544,1.0,0.0
0.6462842018497734,0.08759649021157394,1.0,0.0
0.6503317127179791,0.0881869300682716,1.0,0.0
0.6540406447461312,0.08783682567078084,1.0,0.0
0.6574619533879433,0.08710040963914961,1.0,0.0
0.6614769242268385,0.08735384129319029,1.0,0.0
0.6649066211342591,0.08824235492347515,1.0,0.0
0.6682975911315362,0.08806787685299569,1.0,0.0
0.671823316132595,0.08816379096875683,1.0,0.0
0.6751346713257661,0.08713573891411396,1.0,0.0
0.6783425744755448,0.08695835197090847,1.0,0.0
0.6817189310434589,0.08620103351304892,1.0,0.0
0.2903733947022612,0.09116232523309231,1.0,0.0
0.2960238863451672,0.09119136292486615,1.0,0.0
0.299671697497948,0.09216375281777987,1.0,0.0
0.30178146370192327,0.08977434242205024,1.0,0.0
0.305314834623257,0.09083242973764434,1.0,0.0
0.3092155544098993,0.0912816911225656,1.0,0.0
0.31266032163216706,0.09125243992231487,1.0,0.0
0.3164942003129256,0.09166158213677321,1.0,0.0
0.32031491480198065,0.09176458020201222,1.0,0.0
0.3239531414246106,0.09153049816996521,1.0,0.0
0.3274235103529954,0.09114850409506144,1.0,0.0
0.3307829419962864,0.09085119876471277,1.0,0.0
0.33415679979377605,0.09084601058367345,1.0,0.0
0.3375808944628303,0.0910397700004107,1.0,0.0
0.3410702046953945,0.09127969449475025,1.0,0.0
0.3446585633955256,0.09146403226284266,1.0,0.0
0.3484310327795302,0.09124645078735792,1.0,0.0
0.35189374807158996,0.09129972365312512,1.0,0.0
0.3576937980178647,0.09379222274368328,1.0,0.0
0.36064909439607573,0.09198170806455369,1.0,0.0
0.36582378522215675,0.0899673594805512,1.0,0.0
0.3677476353806129,0.09351331229607436,1.0,0.0
0.37091759662435747,0.09153474543932119,1.0,0.0
0.3760575549257559,0.0896978087301162,1.0,0.0
0.38113977780423414,0.09215893355110336,1.0,0.0
0.38297448707751536,0.0896978087301162,1.0,0.0
0.38514378096320023,0.09215693514457318,1.0,0.0
0.38918181075979535,0.09183776322712761,1.0,0.0
0.3941209989924318,0.0906840288561772,1.0,0.0
0.39777419888665044,0.0911708138641801,1.0,0.0
0.4012635177459082,0.0904932165649655,1.0,0.0
0.404679663954175,0.08967959837897374,1.0,0.0
0.40684623945946435,0.09190996634603484,1.0,0.0
0.4106176423031955,0.09156572899174212,1.0,0.0
0.4142164856652389,0.09149769442600433,1.0,0.0
0.41746935599734036,0.09182037653177502,1.0,0.0
0.42036412820657787,0.09052024913787944,1.0,0.0
0.4236811443428999,0.09083711908251725,1.0,0.0
0.42737254171407046,0.09116866699626333,1.0,0.0
0.4330253596720316,0.09155512879239176,1.0,0.0
0.43628197976439653,0.09142079617852514,1.0,0.0
0.4393529508453737,0.09259625593225874,1.0,0.0
0.44273303858020874,0.09188969770718325,1.0,0.0
0.4463189834054415,0.09075710884474011,1.0,0.0
0.4494753913594153,0.09132839470579701,1.0,0.0
0.45565952499931794,0.09184384589175255,1.0,0.0
0.4572877847380075,0.08900090396789875,1.0,0.0
0.4596267157839041,0.09164277613895674,1.0,0.0
0.4636458738693485,0.09085909275454232,1.0,0.0
0.4674935134799062,0.09112279112720689,1.0,0.0
0.4710323978666474,0.09055121795794754,1.0,0.0
0.47442489626791307,0.09207236286764128,1.0,0.0
0.4779282572143146,0.09114182329394918,1.0,0.0
0.4819034814862631,0.09150345987617017,1.0,0.0
0.4856285888905857,0.09167816106360818,1.0,0.0
0.48910298675782793,0.09188440579951349,1.0,0.0
0.49273796331294456,0.09208450505303764,1.0,0.0
0.4965020006509274,0.09214537410349039,1.0,0.0
0.5001391736667792,0.09189386365821303,1.0,0.0
0.503815714976172,0.09180225802317221,1.0,0.0
0.5075069324417187,0.09148577402307373,1.0,0.0
0.5111701130749208,0.09101331731770253,1.0,0.0
0.5145584855650658,0.09085406552902105,1.0,0.0
0.518082043847101,0.0911574376204381,1.0,0.0
0.5217892077678727,0.09082066945623378,1.0,0.0
0.5255853075547835,0.0911750247233165,1.0,0.0
0.5291129499425843,0.09102055620572447,1.0,0.0
0.5327157719831558,0.09091989763504783,1.0,0.0
0.5366868207114132,0.09195406476450664,1.0,0.0
0.5403668753208073,0.09198257651612472,1.0,0.0
0.5440391260587716,0.09187347220461224,1.0,0.0
0.5477347347256593,0.09172181434489667,1.0,0.0
0.5513585985490655,0.09146260824972646,1.0,0.0
0.554944167881517,0.09119780144000922,1.0,0.0
0.5585217908929757,0.09092783237590496,1.0,0.0
0.5621819713233115,0.0908395121399175,1.0,0.0
0.5658890767956894,0.09088728145471524,1.0,0.0
0.569518839027126,0.09089899819217354,1.0,0.0
0.5730742057338537,0.09100959214178427,1.0,0.0
0.576407038956017,0.09078323935474847,1.0,0.0
0.5798463124753932,0.09021288866302075,1.0,0.0
0.5834662725552646,0.0898329594443039,1.0,0.0
0.5872033911990384,0.08969076626380987,1.0,0.0
0.5909161912537966,0.08966654832979772,1.0,0.0
0.5945718432250103,0.08980333157430932,1.0,0.0
0.5982424328066704,0.08997056648294045,1.0,0.0
0.601853710422229,0.09010996354616911,1.0,0.0
0.6054644598454502,0.09022137499305036,1.0,0.0
0.6092041803443335,0.090751711319263,1.0,0.0
0.6125907770256989,0.09089807721772629,1.0,0.0
0.6159294234046745,0.0905284069306291,1.0,0.0
0.6195127169497666,0.09023404012990481,1.0,0.0
0.6232730120018621,0.09030156400574588,1.0,0.0
0.6269009474349432,0.09077700287960912,1.0,0.0
0.6303286511098363,0.09108269307386428,1.0,0.0
0.6339157586530184,0.09118267306015602,1.0,0.0
0.6376519313698873,0.09150664159357283,1.0,0.0
0.6408974762527574,0.09147520156868086,1.0,0.0
0.644186661686888,0.09088152350351213,1.0,0.0
0.6475019234782988,0.09015389232397976,1.0,0.0
0.6528324264646206,0.09088144721481523,1.0,0.0
0.6563754063001938,0.09064553014213625,1.0,0.0
0.6591838984164881,0.08957675543103386,1.0,0.0
0.6621445531669944,0.090798789881078,1.0,0.0
0.6671509896373298,0.09150898127665001,1.0,0.0
0.28393697840570886,0.09328935052817636,1.0,0.0
0.2866072321111238,0.09525500173847602,1.0,0.0
0.2900109011439967,0.0946094113514109,1.0,0.0
0.2933027809978849,0.0939187655284129,1.0,0.0
0.2967915837837834,0.09447413289057525,1.0,0.0
0.30029484710317217,0.0951006547416753,1.0,0.0
0.30336062890798804,0.0936180676511268,1.0,0.0
0.30710420644423847,0.0939956371896066,1.0,0.0
0.3108711545627894,0.09434632383019591,1.0,0.0
0.3145052747269127,0.09440823432272541,1.0,0.0
0.3182762012926088,0.09461399517867806,1.0,0.0
0.32202187633653007,0.09464624844893033,1.0,0.0
0.32563452657178854,0.09446460432218726,1.0,0.0
0.32911908154675723,0.09421733436949782,1.0,0.0
0.3325394747595631,0.09408275406898499,1.0,0.0
0.33597849279217157,0.09414008639554373,1.0,0.0
0.33947501314326894,0.0942903071258574,1.0,0.0
0.34305299468084255,0.09441189258490805,1.0,0.0
0.34674789434330466,0.09432321854290197,1.0,0.0
0.3503775661270645,0.09432065736784881,1.0,0.0
0.35413416244702967,0.09387928608101782,1.0,0.0
0.35911559649512015,0.09731139573528821,1.0,0.0
0.3614009581259933,0.09497751311510438,1.0,0.0
0.36429225398599474,0.0931097581157101,1.0,0.0
0.3711363389553222,0.094775612336439,1.0,0.0
0.37422681397735363,0.09313115598781065,1.0,0.0
0.3774120363795242,0.09332607363366716,1.0,0.0
0.3803175677105098,0.09507585898777984,1.0,0.0
0.3838210202256491,0.09485080685917512,1.0,0.0
0.38770323171127824,0.09453719427039874,1.0,0.0
0.391787161317511,0.09363357852402059,1.0,0.0
0.3954821670601728,0.09385323587683449,1.0,0.0
0.3993752613857582,0.09387127011338613,1.0,0.0
0.4029732081214845,0.09340050335134507,1.0,0.0
0.4058168137965819,0.09485083590926066,1.0,0.0
0.4092199755006718,0.09467036323115022,1.0,0.0
0.4126221822097951,0.09459751544506402,1.0,0.0
0.4160035113853563,0.09478484110518352,1.0,0.0
0.4196036625987742,0.09432689025962072,1.0,0.0
0.4227648794298946,0.0939251296754494,1.0,0.0
0.426241841045097,0.0940337480515409,1.0,0.0
0.43006626321183317,0.09388076294894496,1.0,0.0
0.43383302118500056,0.09453479220724163,1.0,0.0
0.43726288391435053,0.09495189596712866,1.0,0.0
0.44125367045622704,0.0951043008941977,1.0,0.0
0.4448964232525561,0.09429507408487423,1.0,0.0
0.4482733155296341,0.09418320461246713,1.0,0.0
0.45209826613156073,0.09354530759372502,1.0,0.0
0.4551597729903178,0.09486088451946231,1.0,0.0
0.458506585247044,0.09452304721122744,1.0,0.0
0.4621583380949168,0.0940703634553701,1.0,0.0
0.46564557051797195,0.09397980087861596,1.0,0.0
0.46930312864600593,0.09395296709481012,1.0,0.0
0.472532137594483,0.09430740075011501,1.0,0.0
0.4764959114398866,0.09450454249549811,1.0,0.0
0.47994951516511525,0.09424055952222446,1.0,0.0
0.48362326969130315,0.09452117206524194,1.0,0.0
0.4872529898530271,0.09477404571834604,1.0,0.0
0.4909103135175995,0.094888297778614,1.0,0.0
0.49465198361864676,0.09493336239449715,1.0,0.0
0.49843936868882727,0.09489379553587739,1.0,0.0
0.502126093922611,0.09473090971245715,1.0,0.0
0.5058592808751572,0.0945292313897722,1.0,0.0
0.5095334073461087,0.09421947006804163,1.0,0.0
0.5130617486434742,0.09406153966690314,1.0,0.0
0.5165372192375587,0.0940734828091444,1.0,0.0
0.5202052320931083,0.09398283513085882,1.0,0.0
0.5237313532374813,0.09398530589007249,1.0,0.0
0.5274144665314952,0.09414221441103687,1.0,0.0
0.5309954163905812,0.09405041005937446,1.0,0.0
0.534502241911151,0.09424314055069204,1.0,0.0
0.538394884181804,0.09481441089675645,1.0,0.0
0.5421468533528404,0.0948407639933192,1.0,0.0
0.5458270352953591,0.09473103253801472,1.0,0.0
0.5494774310163987,0.09457106123065276,1.0,0.0
0.5530734696219932,0.09434590946853517,1.0,0.0
0.5566422464716291,0.09406150871608444,1.0,0.0
0.5602262691193367,0.09379382036616385,1.0,0.0
0.5639217569850783,0.09379700162191285,1.0,0.0
0.5675789165072233,0.09388342288035441,1.0,0.0
0.5711835111642369,0.09399847305158379,1.0,0.0
0.5747968846787119,0.09432842138885152,1.0,0.0
0.5782927394793225,0.09364659566610738,1.0,0.0
0.5817648314768054,0.0929574378581602,1.0,0.0
0.5854355992898065,0.09257952204924179,1.0,0.0
0.589178382677554,0.09252646259325842,1.0,0.0
0.5927456956023907,0.09269508678554021,1.0,0.0
0.5963330468435942,0.09282205863043326,1.0,0.0
0.5999305715973272,0.09307393494904011,1.0,0.0
0.6034393897124171,0.093209938596096,1.0,0.0
0.606988059890785,0.09320910252246399,1.0,0.0
0.6109158818398351,0.09419810804870499,1.0,0.0
0.6144208262821724,0.09409382217596456,1.0,0.0
0.617765863206639,0.09334477796010808,1.0,0.0
0.6214614475915641,0.09301247827182806,1.0,0.0
0.6251264407154767,0.09344943591230485,1.0,0.0
0.628710565347438,0.09422371353463845,1.0,0.0
0.632144215559911,0.09416928566182295,1.0,0.0
0.6358659810977447,0.09405798977544194,1.0,0.0
0.6396484109684466,0.09496095670424752,1.0,0.0
0.64295491358352,0.09430425178660755,1.0,0.0
0.646362516062932,0.09342091444392295,1.0,0.0
0.649799217124151,0.09196423260107912,1.0,0.0
0.26617673665719704,0.09712995155927749,1.0,0.0
0.27144382127393496,0.09945721872255298,1.0,0.0
0.27273015638428044,0.09642022465661998,1.0,0.0
0.2780718308904449,0.09526332483413227,1.0,0.0
0.2806934531319322,0.0975261009423311,1.0,0.0
0.2839833520443467,0.09707072088831496,1.0,0.0
0.2880182967577415,0.09786464964338697,1.0,0.0
0.2915951639920004,0.09746097346185043,1.0,0.0
0.29492541651673676,0.09734990071727348,1.0,0.0
0.2984408705269767,0.09776091910974859,1.0,0.0
0.30229261932038715,0.09746216389882886,1.0,0.0
0.3055175012888163,0.09696372284978876,1.0,0.0
0.309079486152075,0.09721293329878279,1.0,0.0
0.3127525003109623,0.09742045624763404,1.0,0.0
0.31639419157733145,0.09749942886716048,1.0,0.0
0.32009831714365944,0.09760360023378953,1.0,0.0
0.3237791179216773,0.09759853971409352,1.0,0.0
0.3273667038893713,0.09747294246964963,1.0,0.0
0.3308699109086189,0.09733544775304681,1.0,0.0
0.33434319021209863,0.09729320541047735,1.0,0.0
0.3378458648842378,0.09735167372640385,1.0,0.0
0.341408824414327,0.09742194296084662,1.0,0.0
0.34504448129882737,0.09738673669830222,1.0,0.0
0.348660815311539,0.09735520807196649,1.0,0.0
0.35232468804706224,0.09713991780790915,1.0,0.0
0.35580330987182884,0.09701260458715824,1.0,0.0
0.36265939314195433,0.09801865136101288,1.0,0.0
0.3651665064076259,0.09620042972703265,1.0,0.0
0.36813594701921243,0.09713012340611682,1.0,0.0
0.3715311851497497,0.09776815089227606,1.0,0.0
0.37476962548497816,0.09654830066512081,1.0,0.0
0.37809270098963393,0.09716235854716745,1.0,0.0
0.3820914281345642,0.09779185287964624,1.0,0.0
0.38593749942434186,0.09744351691347156,1.0,0.0
0.3898220917214932,0.09690629516266484,1.0,0.0
0.3933803489986303,0.09677946265507346,1.0,0.0
0.39706209027324896,0.09681456134657133,1.0,0.0
0.40066511716897796,0.09679456595356181,1.0,0.0
0.40380132553784087,0.09729542506254334,1.0,0.0
0.4074500198303643,0.09780083568255361,1.0,0.0
0.4109317115993528,0.09774175533075732,1.0,0.0
0.41438166437888596,0.09778674110742054,1.0,0.0
0.4179747914070538,0.0975911032631257,1.0,0.0
0.42142571360426845,0.0973633007040575,1.0,0.0
0.4247841363757225,0.09714514904367887,1.0,0.0
0.4283216273580452,0.0970054059578445,1.0,0.0
0.4317997647784087,0.09720524747399381,1.0,0.0
0.4354311963380756,0.09772316562080216,1.0,0.0
0.43921496873414057,0.09773885594059847,1.0,0.0
0.44311200109272497,0.09761057838769796,1.0,0.0
0.4466124481075261,0.0973381385313686,1.0,0.0
0.4501966458686476,0.09690985399936645,1.0,0.0
0.45339316284494874,0.09736865857194835,1.0,0.0
0.4571040653731777,0.09770180343772941,1.0,0.0
0.46064052816484785,0.09730870058716344,1.0,0.0
0.4641084088803523,0.09715501541917441,1.0,0.0
0.4675968675506275,0.09706497610683998,1.0,0.0
0.4710308474212939,0.09731969420101223,1.0,0.0
0.47459917693069575,0.09730420349935602,1.0,0.0
0.47827082897911216,0.09743980066440519,1.0,0.0
0.48177574763153613,0.09739328715766207,1.0,0.0
0.4853952596568946,0.09760149103041704,1.0,0.0
0.48908934930545794,0.09773045480999966,1.0,0.0
0.49282373206182334,0.09775392890428,1.0,0.0
0.4965986542342975,0.09772178673488538,1.0,0.0
0.5003823585743874,0.09766844323558493,1.0,0.0
0.5041191309734208,0.09749767062946522,1.0,0.0
0.5078248375246918,0.09731200962402733,1.0,0.0
0.5114266130364691,0.09718101055952215,1.0,0.0
0.5149769069585888,0.09714290311077453,1.0,0.0
0.5185547224526702,0.09705699367130176,1.0,0.0
0.5221045278302506,0.09707802851065854,1.0,0.0
0.5256412492362943,0.09710328759540564,1.0,0.0
0.5292436233231989,0.09716244163692571,1.0,0.0
0.5327756125263204,0.09723006995887241,1.0,0.0
0.5363790148982268,0.09737259702065666,1.0,0.0
0.5402235703393379,0.0977065318975464,1.0,0.0
0.5439423108775813,0.09772931549567601,1.0,0.0
0.5475909320175407,0.0976255895031053,1.0,0.0
0.5512048548125197,0.09746381052027991,1.0,0.0
0.5547926005443067,0.09724048045858794,1.0,0.0
0.5583022773581516,0.09693765154343148,1.0,0.0
0.5618180941548183,0.09665922678187187,1.0,0.0
0.5654634074542341,0.09684828328943361,1.0,0.0
0.5688556911535226,0.09703827424455559,1.0,0.0
0.5720433526632857,0.09722469711499594,1.0,0.0
0.5776658573040827,0.09712045889471049,1.0,0.0
0.580734603074882,0.09640908735852581,1.0,0.0
0.5838994539567318,0.09562677181466248,1.0,0.0
0.5874972768513741,0.09533055864014979,1.0,0.0
0.5909837399774024,0.09566185642861919,1.0,0.0
0.5944549181516262,0.09577945732139438,1.0,0.0
0.5978938208720417,0.09593924495442978,1.0,0.0
0.6013271768730623,0.096331668201234,1.0,0.0
0.6045368631994453,0.09638163497938834,1.0,0.0
0.6079172958797565,0.09596614542209923,1.0,0.0
0.6133100722016646,0.09748317152177113,1.0,0.0
0.6169185206360838,0.0969573772924243,1.0,0.0
0.6198724100770607,0.09597215097464797,1.0,0.0
0.6231422428019122,0.09611267687535795,1.0,0.0
0.6265959865844697,0.0967464236721872,1.0,0.0
0.6306828544995691,0.09753320775898706,1.0,0.0
0.6340086064191255,0.09700635941373256,1.0,0.0
0.6371863897824286,0.09712210708948549,1.0,0.0
0.6399843467509458,0.09897931092577417,1.0,0.0
0.17802469382619504,0.10016012237955774,1.0,0.0
0.1834557417568889,0.0992271242037125,1.0,0.0
0.18464165673128496,0.10244270260851544,1.0,0.0
0.19016803661186438,0.09927144998124231,1.0,0.0
0.1916577198701753,0.10254068393818241,1.0,0.0
0.1971806812679206,0.09986097924199722,1.0,0.0
0.20060991248657345,0.10018246966874593,1.0,0.0
0.23908624262703046,0.10049699891113745,1.0,0.0
0.2452539940136394,0.09979489851030046,1.0,0.0
0.24823844725246047,0.10271292196121132,1.0,0.0
0.25108506100719186,0.09908808054296331,1.0,0.0
0.2536765735541118,0.10126323124948938,1.0,0.0
0.25892733502852205,0.098090846409912,1.0,0.0
0.26105218352168474,0.10071862761218678,1.0,0.0
0.2645686613040949,0.10043397558022991,1.0,0.0
0.2680616382549013,0.1002788704252949,1.0,0.0
0.2715605447930765,0.10231392498123942,1.0,0.0
0.2748087634266331,0.09977862831382278,1.0,0.0
0.27818162270391217,0.09936311760557337,1.0,0.0
0.28219081818961006,0.10029344498428534,1.0,0.0
0.28578804559134263,0.10028119609876063,1.0,0.0
0.28967158414293925,0.10064103957225469,1.0,0.0
0.29323056432485267,0.10056966937519082,1.0,0.0
0.29672047812092445,0.1006244404082264,1.0,0.0
0.30044591479093935,0.10054863812283618,1.0,0.0
0.30404777583142134,0.10042871255914508,1.0,0.0
0.30745621107216475,0.10025470790806279,1.0,0.0
0.3110185784419411,0.10039060502102813,1.0,0.0
0.31464681743025175,0.1005159142228124,1.0,0.0
0.3182768886366284,0.10057726834953384,1.0,0.0
0.32193365116771105,0.10062662187358459,1.0,0.0
0.32556840268784876,0.10060927362898103,1.0,0.0
0.3291428696719757,0.10053212216040214,1.0,0.0
0.3326699291906083,0.1004655216609545,1.0,0.0
0.33619256323233776,0.10045552639893043,1.0,0.0
0.33975003573848234,0.10047655312908062,1.0,0.0
0.3433568478058782,0.10045614077951541,1.0,0.0
0.3469703063045264,0.10042233331803505,1.0,0.0
0.3506086142720767,0.10030237707289742,1.0,0.0
0.3541812417522276,0.10022474004431951,1.0,0.0
0.35768570610920697,0.10033562815208244,1.0,0.0
0.361291440807647,0.10057596566387343,1.0,0.0
0.365436166036971,0.0999941007541186,1.0,0.0
0.36910976710729854,0.1003576283856149,1.0,0.0
0.3730273249212183,0.10028956038469299,1.0,0.0
0.37634829625406213,0.10002531911651005,1.0,0.0
0.38001297899405334,0.10023745836119206,1.0,0.0
0.3840072757627452,0.10038600865951162,1.0,0.0
0.3878215866584088,0.10007638729221892,1.0,0.0
0.39142143134558466,0.09992959204266083,1.0,0.0
0.39499157291595427,0.09986050677373756,1.0,0.0
0.39854657090386314,0.09992074855421924,1.0,0.0
0.4019356400514618,0.10025734049660381,1.0,0.0
0.4054373996425051,0.10053625074173499,1.0,0.0
0.40908565177084255,0.10079946483007614,1.0,0.0
0.41263739851575293,0.10082416761607635,1.0,0.0
0.4162283623507359,0.10072038695525437,1.0,0.0
0.4197663548007511,0.10059652223797347,1.0,0.0
0.4232418161140538,0.10043632253913344,1.0,0.0
0.4266843344041463,0.10023214132080409,1.0,0.0
0.43011742818468707,0.10025882303132307,1.0,0.0
0.43361579893954555,0.10046447602053529,1.0,0.0
0.4373578549481675,0.10059726886514832,1.0,0.0
0.44111785393433595,0.10051518783699848,1.0,0.0
0.4448165320776544,0.10048729854150046,1.0,0.0
0.44840971876051955,0.10019937707204048,1.0,0.0
0.4517859315527017,0.10033674826845355,1.0,0.0
0.45531205817627735,0.1004967225978723,1.0,0.0
0.4589978802282572,0.10052433047988188,1.0,0.0
0.4624945657533411,0.10034482801475,1.0,0.0
0.46598199262486556,0.10024926450508392,1.0,0.0
0.4694202661604681,0.10033613669807503,1.0,0.0
0.4729598979143825,0.10038596035852283,1.0,0.0
0.47648775415892564,0.10040266809754149,1.0,0.0
0.4800742853328193,0.10047929693323307,1.0,0.0
0.48362110528271757,0.1004972944888241,1.0,0.0
0.48727939148367544,0.10057648619449776,1.0,0.0
0.49100660546330266,0.10059970217185339,1.0,0.0
0.49476995233316545,0.10056211142050177,1.0,0.0
0.49854597501921305,0.10050405847518407,1.0,0.0
0.5023344653258681,0.10043364317705661,1.0,0.0
0.5060556572606955,0.10031058836790716,1.0,0.0
0.5097122034466971,0.10022849980245795,1.0,0.0
0.513316091521392,0.10018724035740247,1.0,0.0
0.516910126442181,0.10014953246551951,1.0,0.0
0.5204487843532294,0.10015306506622176,1.0,0.0
0.5239763956101721,0.10019289783175617,1.0,0.0
0.527494004161466,0.10022166028565335,1.0,0.0
0.5310273266905106,0.100276451768429,1.0,0.0
0.534603405679428,0.10031691031796301,1.0,0.0
0.5382565924066123,0.10038292208744763,1.0,0.0
0.5420854665439049,0.10065994219779471,1.0,0.0
0.5457550398843141,0.10066500692703262,1.0,0.0
0.5493673853178219,0.10054912441341075,1.0,0.0
0.5529893537937076,0.10034935340096922,1.0,0.0
0.5565478252413999,0.1001829197690747,1.0,0.0
0.559937369018264,0.09985707415923237,1.0,0.0
0.563345485948164,0.09955194397671088,1.0,0.0
0.566994649302897,0.1001196744249464,1.0,0.0
0.5700795311971676,0.1004927863383573,1.0,0.0
0.5749712118991803,0.09795109895221249,1.0,0.0
0.5797190153448973,0.10006240816461141,1.0,0.0
0.5827670822413874,0.09928883426028012,1.0,0.0
0.5857919482516869,0.09824993093803751,1.0,0.0
0.5890665807519937,0.09851548228393579,1.0,0.0
0.5926790833569393,0.09879800486275499,1.0,0.0
0.5960277971492594,0.09898552868445364,1.0,0.0
0.5993145750814616,0.09917481594793516,1.0,0.0
0.6027284259361588,0.09977730632312087,1.0,0.0
0.6064095268578716,0.09908076751415947,1.0,0.0
0.6101209805255531,0.09796770007564962,1.0,0.0
0.12058541948139923,0.10273979815782647,1.0,0.0
0.12290320738279478,0.10486122088943886,1.0,0.0
0.12650498062523657,0.10454284270734199,1.0,0.0
0.12830378306743837,0.1020010282620121,1.0,0.0
0.13466074038663073,0.10189263738235432,1.0,0.0
0.13782929035420408,0.10178337703864491,1.0,0.0
0.14096679400480816,0.1016751872575896,1.0,0.0
0.14648182989612712,0.10405012794958658,1.0,0.0
0.1480201633033211,0.1015730901913375,1.0,0.0
0.15032683832235366,0.10367800385698575,1.0,0.0
0.1559111009450124,0.1015730901913375,1.0,0.0
0.15855000307665898,0.10362564943298708,1.0,0.0
0.1627035014984246,0.10394418975883744,1.0,0.0
0.16505173928028175,0.10174129501043083,1.0,0.0
0.1667149828876091,0.10438788552013392,1.0,0.0
0.17225311741134583,0.10141655304022618,1.0,0.0
0.17408547511745456,0.10426525814301983,1.0,0.0
0.17766297221623786,0.10366814852794173,1.0,0.0
0.18112176316882966,0.10274375298406516,1.0,0.0
0.18811727903470646,0.10233539264463724,1.0,0.0
0.1897746995379109,0.10563325515310713,1.0,0.0
0.19517329566409589,0.10285074823732426,1.0,0.0
0.19869990701785833,0.10313957190043528,1.0,0.0
0.20227144521101503,0.10341341275622333,1.0,0.0
0.20598235930820843,0.10348419428874833,1.0,0.0
0.20815339455556153,0.10102500177152879,1.0,0.0
0.21386776522806666,0.10483987083901465,1.0,0.0
0.2158797511311636,0.10178988538660007,1.0,0.0
0.21923855689849903,0.10200427724408957,1.0,0.0
0.22443360870142892,0.10476647477738024,1.0,0.0
0.22607001665450974,0.10182275519494886,1.0,0.0
0.23225808519989843,0.10115260853115636,1.0,0.0
0.2341064786410325,0.10423909098088353,1.0,0.0
0.23768846917308314,0.10345012152238837,1.0,0.0
0.2412975284798657,0.10333107775305785,1.0,0.0
0.24483394293164962,0.10323242001575934,1.0,0.0
0.251439367331407,0.1031670454068817,1.0,0.0
0.25539930362495505,0.10395342786120844,1.0,0.0
0.25743727646582965,0.10110449967307227,1.0,0.0
0.2591105278793293,0.10390655788758307,1.0,0.0
0.2625946038189038,0.10370323572917373,1.0,0.0
0.2659381511906667,0.10352529961703803,1.0,0.0
0.2690541955131492,0.10373117228258555,1.0,0.0
0.27416979835649347,0.10340571237647855,1.0,0.0
0.27719771528215403,0.10279106708255131,1.0,0.0
0.28039504018806216,0.10287708963722751,1.0,0.0
0.28407880958406545,0.10332354807430383,1.0,0.0
0.28768254812013944,0.10340322303838564,1.0,0.0
0.29139814575459594,0.1036379714095597,1.0,0.0
0.29500279480050057,0.10367330320981115,1.0,0.0
0.2986417954058415,0.10359467801179349,1.0,0.0
0.30227032335789655,0.10355871749490238,1.0,0.0
0.3058470838483532,0.10350553705230135,1.0,0.0
0.309351767777595,0.10345644541300178,1.0,0.0
0.3129250240792748,0.10353821799907835,1.0,0.0
0.31653454556910565,0.10361490972731878,1.0,0.0
0.320150662889877,0.10365542587789242,1.0,0.0
0.32377602451315585,0.10367664636602594,1.0,0.0
0.32738420738447244,0.10365882370305261,1.0,0.0
0.3309580196378108,0.10361426902937834,1.0,0.0
0.33451175662146526,0.10357892947221689,1.0,0.0
0.33807373101142096,0.1035629597737462,1.0,0.0
0.3416633847941863,0.1035367501924341,1.0,0.0
0.3452662688641588,0.1035012157185891,1.0,0.0
0.3488842434807899,0.10342422504465118,1.0,0.0
0.352474437927884,0.10336232627200653,1.0,0.0
0.3560362270496979,0.10338384943321541,1.0,0.0
0.35965595283652907,0.10344011391906224,1.0,0.0
0.3634957566094215,0.1031021262976567,1.0,0.0
0.36711203428407896,0.10316143638220836,1.0,0.0
0.37090631041642913,0.10319379064348692,1.0,0.0
0.37460963994963364,0.10326192212136603,1.0,0.0
0.37819309993597156,0.103129127794978,1.0,0.0
0.38194957095576587,0.10312348223476007,1.0,0.0
0.385796574921821,0.1031313620390104,1.0,0.0
0.38945459108056407,0.10304465920936633,1.0,0.0
0.3930416603503298,0.10298241172529564,1.0,0.0
0.396575549493412,0.10300831020162145,1.0,0.0
0.40004647847237823,0.10323475784554999,1.0,0.0
0.403570123639774,0.10347362605417099,1.0,0.0
0.40714602000885036,0.10365553106848838,1.0,0.0
0.41078864573979945,0.10381184252374523,1.0,0.0
0.4144191023674724,0.10378713841983309,1.0,0.0
0.41800533775441606,0.10371998459205953,1.0,0.0
0.42155579455569747,0.10363437179263,1.0,0.0
0.42505231052063674,0.10350422425280477,1.0,0.0
0.4284786219275825,0.10342256665122906,1.0,0.0
0.43193892586511,0.10346251406071573,1.0,0.0
0.43553474603468606,0.10348066505298215,1.0,0.0
0.43924341810971557,0.10347089135174263,1.0,0.0
0.44292774779743416,0.10343779533674706,1.0,0.0
0.44661268242473834,0.10335094524010523,1.0,0.0
0.45011478535527444,0.10338608017138173,1.0,0.0
0.4536374255678213,0.10347622207521022,1.0,0.0
0.4572175363146129,0.10350828360958501,1.0,0.0
0.46080446268126335,0.1035103422753854,1.0,0.0
0.46431682510636046,0.10340260472795545,1.0,0.0
0.4678097895237004,0.1034312880188864,1.0,0.0
0.47131406809772747,0.10346315935443962,1.0,0.0
0.4748265041280061,0.10349076169380418,1.0,0.0
0.47835107766704155,0.10349883399232411,1.0,0.0
0.4819203737167319,0.10352435917415258,1.0,0.0
0.48552722245053603,0.10349203111913083,1.0,0.0
0.48921394055243245,0.10347343378955234,1.0,0.0
0.49295713670029556,0.10341874158910572,1.0,0.0
0.49672136606997586,0.10335915956959506,1.0,0.0
0.5004842146695129,0.10328366041752966,1.0,0.0
0.5042500398250663,0.1032530518126987,1.0,0.0
0.5079388896224366,0.10320785621000587,1.0,0.0
0.5115851936784263,0.10319107196383215,1.0,0.0
0.515205747273807,0.10318257283754484,1.0,0.0
0.5187893080816826,0.10322833579566158,1.0,0.0
0.5223107261218255,0.10328026660233128,1.0,0.0
0.5258057034164925,0.10333746369767555,1.0,0.0
0.5293012215961624,0.10336609484439631,1.0,0.0
0.5328342204418072,0.10334125859710269,1.0,0.0
0.5364269089585098,0.10333670647968889,1.0,0.0
0.5400908451156238,0.10331739166983195,1.0,0.0
0.5439924028676072,0.10366377317670432,1.0,0.0
0.5476081310999538,0.10363781391306413,1.0,0.0
0.5512638721228702,0.10340747212573446,1.0,0.0
0.5548741067512428,0.10326869516041555,1.0,0.0
0.5583578581958811,0.1032432011155532,1.0,0.0
0.5614767473409794,0.10285308892273733,1.0,0.0
0.5647090125081007,0.10242926551563046,1.0,0.0
0.5693528843499349,0.10405122064588881,1.0,0.0
0.5731990263925288,0.10080400741857232,1.0,0.0
0.576702738506454,0.1010790419719134,1.0,0.0
0.10322117514264145,0.10642057955689065,1.0,0.0
0.1086651967484218,0.10692494145385309,1.0,0.0
0.1125055530493761,0.10706314709512085,1.0,0.0
0.11609191272779405,0.1071720093291428,1.0,0.0
0.1193347840057382,0.10639916500824545,1.0,0.0
0.12246476906082418,0.10778228747359027,1.0,0.0
0.12595099218142158,0.10732710158818108,1.0,0.0
0.12962588468092026,0.10566367948651696,1.0,0.0
0.13297478391893428,0.10532936684241928,1.0,0.0
0.13635163948892726,0.10521119127546961,1.0,0.0
0.1397251540042519,0.10511994456898519,1.0,0.0
0.1430823449931511,0.10525119145268291,1.0,0.0
0.14641419400064287,0.10690240655710848,1.0,0.0
0.14988957732063563,0.1064389483069363,1.0,0.0
0.15370169301752687,0.10514960238924663,1.0,0.0
0.15689042355618016,0.1061089680328386,1.0,0.0
0.16067214882354627,0.10651718847153248,1.0,0.0
0.16448860905421075,0.1068986269978407,1.0,0.0
0.16832844499230765,0.10730724116156312,1.0,0.0
0.17051103794108463,0.10472332364094462,1.0,0.0
0.17223776765951213,0.10737294591487484,1.0,0.0
0.17593309227101203,0.10693773653609924,1.0,0.0
0.1795168706016747,0.10633161586245285,1.0,0.0
0.18289781518556306,0.10580124999352672,1.0,0.0
0.1863387524775152,0.10562095319315762,1.0,0.0
0.1932520956903263,0.10584944348712576,1.0,0.0
0.19677236517011695,0.10610230082856308,1.0,0.0
0.2003337536327351,0.10632398008359274,1.0,0.0
0.20397808056455205,0.10642630972676226,1.0,0.0
0.20763575600244422,0.10647631537102017,1.0,0.0
0.20995845150583498,0.10379976701798872,1.0,0.0
0.21134620203415172,0.10684852459713695,1.0,0.0
0.2173440575196629,0.10517231182197767,1.0,0.0
0.22089033735167873,0.1054719886829491,1.0,0.0
0.22442163160279285,0.10761582907841438,1.0,0.0
0.22781951932269093,0.10514492126614662,1.0,0.0
0.23111497508817028,0.10489609475369065,1.0,0.0
0.2363075369103997,0.10651124038088099,1.0,0.0
0.23970698044214162,0.10641909856716313,1.0,0.0
0.2431556681789742,0.10637795329395136,1.0,0.0
0.2466443779400006,0.10617287150047305,1.0,0.0
0.2499375405743502,0.10622451690036705,1.0,0.0
0.25339453272619933,0.10646770987925486,1.0,0.0
0.25717964953452915,0.10684453314861554,1.0,0.0
0.26084903190943787,0.10685830061475843,1.0,0.0
0.26441996722200894,0.10674908689051028,1.0,0.0
0.2679461246197298,0.10677501421226432,1.0,0.0
0.2716770646990697,0.10622298760829446,1.0,0.0
0.2753748950578508,0.10636584800956343,1.0,0.0
0.278777381644448,0.10611565643731305,1.0,0.0
0.2822533807349887,0.10618809285598672,1.0,0.0
0.28590041528881527,0.10641975970312731,1.0,0.0
0.2895168940571091,0.10652849923043557,1.0,0.0
0.29319384057914183,0.10667880649132545,1.0,0.0
0.29685305558665775,0.10666576956064719,1.0,0.0
0.3004762787113843,0.10663041653526735,1.0,0.0
0.30408975098710966,0.1066151346029482,1.0,0.0
0.3076767953679582,0.10660698086055265,1.0,0.0
0.3112317473433886,0.10661018084389542,1.0,0.0
0.314814624088201,0.10666573061493434,1.0,0.0
0.3184148467904847,0.10671389620484989,1.0,0.0
0.3220196160207626,0.106737946388067,1.0,0.0
0.3256273058301624,0.10674380697116156,1.0,0.0
0.32922499834325236,0.10672676197524801,1.0,0.0
0.33280752029367705,0.10669567017457993,1.0,0.0
0.33638319575121195,0.10666579172929873,1.0,0.0
0.3399661356246829,0.10663156243833842,1.0,0.0
0.34355774882220635,0.10659148204076355,1.0,0.0
0.3471611339748792,0.10653223378025681,1.0,0.0
0.3507570108913501,0.10647757797317582,1.0,0.0
0.3543427757737653,0.10645778283591482,1.0,0.0
0.35795885900474933,0.10644051220401168,1.0,0.0
0.3616684983727583,0.10623990907295876,1.0,0.0
0.3652725218043022,0.10618166160478036,1.0,0.0
0.36894423051150743,0.1061366177902513,1.0,0.0
0.37264254961405247,0.10618480004419156,1.0,0.0
0.37637059380993315,0.10619090630133243,1.0,0.0
0.3800581378119268,0.10607952544847214,1.0,0.0
0.3837821775068144,0.10604353687642486,1.0,0.0
0.3874909649582502,0.10608320860030993,1.0,0.0
0.3911156700876041,0.10606934445066162,1.0,0.0
0.39467466235898185,0.10609701434304172,1.0,0.0
0.3981841398573435,0.10624382351868507,1.0,0.0
0.4017157906163505,0.10643842189397416,1.0,0.0
0.4052842677601733,0.10660457928365763,1.0,0.0
0.40888659122923154,0.10671940954799203,1.0,0.0
0.41254311049843484,0.1067775675910776,1.0,0.0
0.41618436120522906,0.10677597560165944,1.0,0.0
0.41978856445066653,0.10673300510853644,1.0,0.0
0.4233643387885142,0.10668908081892096,1.0,0.0
0.4268594312158176,0.10664218836169533,1.0,0.0
0.43029172700443336,0.10659237629777754,1.0,0.0
0.4337962995358552,0.10651756171508918,1.0,0.0
0.4374113047287495,0.10643647688550176,1.0,0.0
0.44109241375971076,0.1063964749180057,1.0,0.0
0.4447901409981902,0.10634053652931941,1.0,0.0
0.4483833160896994,0.10641107800224199,1.0,0.0
0.45193607986373685,0.10648772630123315,1.0,0.0
0.45549580439303855,0.10654054952729534,1.0,0.0
0.45905123370588535,0.10656421887437456,1.0,0.0
0.462606497007584,0.10653955125191626,1.0,0.0
0.4661230208927421,0.10649707282710509,1.0,0.0
0.4696825802500516,0.1065581587003455,1.0,0.0
0.473185449271647,0.1065967659904214,1.0,0.0
0.4766896748033174,0.1065879612383609,1.0,0.0
0.4802243730286445,0.10656526727626214,1.0,0.0
0.4838261899789935,0.10649549747456308,1.0,0.0
0.4874704480328429,0.10640824875910898,1.0,0.0
0.4911818835385684,0.10631086219520758,1.0,0.0
0.49491536285742727,0.10622642640140345,1.0,0.0
0.4986597718773934,0.10616996978788475,1.0,0.0
0.5023772562838642,0.10610109953716482,1.0,0.0
0.5061286327675311,0.10613972607455334,1.0,0.0
0.5097990503782711,0.1061492630350137,1.0,0.0
0.5134440871645677,0.10616986444442751,1.0,0.0
0.5170639612596959,0.10621979403600768,1.0,0.0
0.5206559101828853,0.10635687354780975,1.0,0.0
0.5241284426944876,0.10645991150109833,1.0,0.0
0.5276080955782431,0.1064936246699438,1.0,0.0
0.5311329496861407,0.10646222395641095,1.0,0.0
0.5346197229521263,0.10637887733013862,1.0,0.0
0.538210094613352,0.1063146137721758,1.0,0.0
0.541875760278009,0.10612224107985044,1.0,0.0
0.5459544673623481,0.10672971999774432,1.0,0.0
0.5496851981313051,0.10644100395052249,1.0,0.0
0.5533576181608088,0.10625258356006176,1.0,0.0
0.5570353692163819,0.1062195081189683,1.0,0.0
0.5606988134921339,0.10636030017887982,1.0,0.0
0.5652154013270637,0.10690871255807322,1.0,0.0
0.09610393734365824,0.1109424528402699,1.0,0.0
0.09968371129658625,0.10999378856806583,1.0,0.0
0.10335743007263137,0.10967842388875529,1.0,0.0
0.10670585968281461,0.10954772571120408,1.0,0.0
0.11043532392890681,0.10990895674800064,1.0,0.0
0.1140246225001205,0.11015823077934112,1.0,0.0
0.11755187122850713,0.11005111661942914,1.0,0.0
0.1206624422400588,0.11021918928404813,1.0,0.0
0.12450262617935179,0.11040348043093483,1.0,0.0
0.12819329401999013,0.10942544708769358,1.0,0.0
0.1314262050110959,0.10879811967251105,1.0,0.0
0.13474841751153627,0.1085860008634157,1.0,0.0
0.13808675926161876,0.1084976629104608,1.0,0.0
0.14139435051114255,0.10852720082283107,1.0,0.0
0.1445486830485843,0.10917238720021878,1.0,0.0
0.14843421798846676,0.10957637221951227,1.0,0.0
0.15209277065014104,0.10881714570032242,1.0,0.0
0.15531509894528456,0.10893587160447443,1.0,0.0
0.15887225220059134,0.1093169670025866,1.0,0.0
0.16254121685964873,0.10962751429892928,1.0,0.0
0.16628335535650446,0.10993162323939784,1.0,0.0
0.1701483853881359,0.11010157563309368,1.0,0.0
0.1740041288574947,0.1100490018023297,1.0,0.0
0.17767023926216186,0.10967985549602638,1.0,0.0
0.18116721886680942,0.10926629862973422,1.0,0.0
0.18457213187139684,0.10893861099495358,1.0,0.0
0.18799646669378736,0.10885702597389836,1.0,0.0
0.1914279345298986,0.10893602734981056,1.0,0.0
0.19490213610115512,0.10911958999558422,1.0,0.0
0.19841402891069548,0.10930956910043772,1.0,0.0
0.20195866423773423,0.10943075943595075,1.0,0.0
0.20547699155118135,0.10950557219029484,1.0,0.0
0.20890426321873448,0.1096260912155934,1.0,0.0
0.21233070230430814,0.10980448577964055,1.0,0.0
0.21522333904004257,0.10832956400910125,1.0,0.0
0.2186386888818162,0.10849232456209236,1.0,0.0
0.22182688813085152,0.10892879527436035,1.0,0.0
0.22715631047823334,0.10866953739084248,1.0,0.0
0.23029435001305837,0.10827026214768125,1.0,0.0
0.233613201392052,0.10824248521890438,1.0,0.0
0.23749877734867003,0.10939636216152394,1.0,0.0
0.24116848121415208,0.10946438357967946,1.0,0.0
0.24476065323456545,0.10940004418863336,1.0,0.0
0.24823151724913367,0.10941009071187734,1.0,0.0
0.2517037056781374,0.10949250795414077,1.0,0.0
0.25526325872219496,0.10963238368024195,1.0,0.0
0.25896513997598763,0.10982509003318669,1.0,0.0
0.2626272611294302,0.10983268718129993,1.0,0.0
0.2662380144995462,0.10979399849425078,1.0,0.0
0.26994008103210915,0.10950642402039017,1.0,0.0
0.2734630455364681,0.10935839342860439,1.0,0.0
0.2770827253375116,0.10939426027298797,1.0,0.0
0.2805782938062347,0.10931363164933487,1.0,0.0
0.28411732570705234,0.10938402464289901,1.0,0.0
0.2877364206787658,0.1095306432289283,1.0,0.0
0.2913628601860638,0.10962366864584865,1.0,0.0
0.29503424402768574,0.10969261795686225,1.0,0.0
0.29867698920131763,0.10969540522443219,1.0,0.0
0.30229940018970364,0.1096824158750435,1.0,0.0
0.30591736120440555,0.1096858683227135,1.0,0.0
0.30952540698966474,0.10971113640084403,1.0,0.0
0.3131087426422428,0.10973976049451335,1.0,0.0
0.3166972620665086,0.10978254348801282,1.0,0.0
0.32029166641906753,0.10981253528870272,1.0,0.0
0.32389003401840405,0.10982241963243035,1.0,0.0
0.32749169277158274,0.10981654983250337,1.0,0.0
0.3310919572473548,0.10979466745698928,1.0,0.0
0.3346833150453809,0.10976782979877922,1.0,0.0
0.33826794941446947,0.10973549189741143,1.0,0.0
0.3418502776228375,0.10969474375425675,1.0,0.0
0.3454378996841687,0.10963958563715204,1.0,0.0
0.3490315999947349,0.10958391071982308,1.0,0.0
0.35262831204258804,0.10954433508329728,1.0,0.0
0.3562410798429619,0.1095021436473147,1.0,0.0
0.3598881191042107,0.10937211514342325,1.0,0.0
0.3634833494379619,0.109281335825695,1.0,0.0
0.3670963255567732,0.10918859126684549,1.0,0.0
0.3707365000702282,0.1091473822810617,1.0,0.0
0.3744390695396275,0.10913169587864652,1.0,0.0
0.3781741507171588,0.10909302690769238,1.0,0.0
0.3818798405206579,0.10903117836622213,1.0,0.0
0.38555844130365424,0.10904410888191007,1.0,0.0
0.38920981243003766,0.10910192368031453,1.0,0.0
0.39279223809713526,0.10915843787197524,1.0,0.0
0.39632900149586675,0.10926795600923672,1.0,0.0
0.39987803485143797,0.10942787369389169,1.0,0.0
0.40344618268823557,0.10958167658134833,1.0,0.0
0.4070299026270098,0.10969109446618264,1.0,0.0
0.41063995684462046,0.10973483089558565,1.0,0.0
0.41428691883616736,0.10974862330788004,1.0,0.0
0.41796078431798683,0.1097683416422784,1.0,0.0
0.4215942857702712,0.10974654260136198,1.0,0.0
0.4252197614920691,0.10977977073803914,1.0,0.0
0.4287162230106968,0.10981610027468146,1.0,0.0
0.43211884354575086,0.10969463175840012,1.0,0.0
0.4356229990522755,0.10949435563552527,1.0,0.0
0.4392712916825088,0.1093569627755754,1.0,0.0
0.4430043878042538,0.10927430216886165,1.0,0.0
0.4466301467515326,0.10937811334820166,1.0,0.0
0.4501957513772918,0.10948432729868783,1.0,0.0
0.45375842188486143,0.10956768350188256,1.0,0.0
0.45731209820985563,0.10962221948778275,1.0,0.0
0.46086843511988657,0.10962595190378478,1.0,0.0
0.4644025890296528,0.10960028249856696,1.0,0.0
0.4679424772538356,0.10954660618100495,1.0,0.0
0.47156514183573983,0.10970237001331193,1.0,0.0
0.4750712558659002,0.109721136678234,1.0,0.0
0.47855688359075116,0.10966188717824668,1.0,0.0
0.48215293599211867,0.1095374372919551,1.0,0.0
0.48577180038038265,0.10940955268027834,1.0,0.0
0.48946034430554664,0.10924664237682397,1.0,0.0
0.4931628720070241,0.10913979353847497,1.0,0.0
0.49685530911882847,0.10905663467161159,1.0,0.0
0.5005542872109014,0.10903581102546622,1.0,0.0
0.5042152622023162,0.10894630331512777,1.0,0.0
0.5079810706803045,0.10907702667276814,1.0,0.0
0.5116326194919332,0.10911978371062409,1.0,0.0
0.5152784227204448,0.10917354539288192,1.0,0.0
0.5189076223458289,0.10928149110866733,1.0,0.0
0.5224787816941396,0.10959474157635356,1.0,0.0
0.5259189742271111,0.10964383212358879,1.0,0.0
0.5294695496736929,0.10956693951120391,1.0,0.0
0.5329133664284149,0.10962251126857754,1.0,0.0
0.536233674923281,0.10941602289036564,1.0,0.0
0.5397186692423224,0.1093013423846194,1.0,0.0
0.5430862975006304,0.1088347085647286,1.0,0.0
0.5487647250008573,0.10953411149692521,1.0,0.0
0.5521255694230879,0.10932577936603048,1.0,0.0
0.5555462067086243,0.10915737651319092,1.0,0.0
0.5591599094161842,0.10915741577596422,1.0,0.0
0.5681157691696724,0.10972164207094115,1.0,0.0
0.0866158438657945,0.11389528078955165,1.0,0.0
0.08991794079043518,0.1131176395608233,1.0,0.0
0.093155312905232,0.11209176723974691,1.0,0.0
0.0983108524068047,0.11305160826455114,1.0,0.0
0.10172803666478245,0.11274235239906236,1.0,0.0
0.10519566304736683,0.11271848151228869,1.0,0.0
0.10863848552349281,0.11276232516558686,1.0,0.0
0.11219297041196626,0.11311099182423007,1.0,0.0
0.11570546115580076,0.1132621655517059,1.0,0.0
0.11906149271313306,0.11340100397705245,1.0,0.0
0.12259791405814605,0.11317349207140745,1.0,0.0
0.12642667075916147,0.11286496872017157,1.0,0.0
0.12984849010022798,0.11237919051897147,1.0,0.0
0.1331496426058363,0.11200549197104633,1.0,0.0
0.13646587623065717,0.11187748134604493,1.0,0.0
0.13976665916996203,0.11186586457412291,1.0,0.0
0.14303846894551564,0.11215951142108693,1.0,0.0
0.14655926267616273,0.11231750474330265,1.0,0.0
0.15033259484071634,0.11224455132770511,1.0,0.0
0.1537247646175205,0.11215219238910963,1.0,0.0
0.15716883077743757,0.11226569270497512,1.0,0.0
0.1607460507815999,0.11250523789129568,1.0,0.0
0.16440357586961277,0.11272652503826,1.0,0.0
0.16815824305772337,0.11287097169233704,1.0,0.0
0.17196255739676025,0.11292579024934324,1.0,0.0
0.17572049524965722,0.1128385839121883,1.0,0.0
0.17931942154254815,0.11258350135541519,1.0,0.0
0.18280606861809043,0.11230020767009934,1.0,0.0
0.18623386742167486,0.11211685193393975,1.0,0.0
0.18966668321558544,0.11210862853681045,1.0,0.0
0.19311583640078936,0.11220651398529408,1.0,0.0
0.19659818829675352,0.11235451685665103,1.0,0.0
0.2001109300801685,0.11248214302765015,1.0,0.0
0.20362406292522967,0.1125812039953561,1.0,0.0
0.207113916202701,0.11268728143597476,1.0,0.0
0.2106221808340154,0.11276605100388219,1.0,0.0
0.21429309418148057,0.1122658663252917,1.0,0.0
0.2174609437666684,0.11167078977142134,1.0,0.0
0.22091931899437336,0.11190059688359683,1.0,0.0
0.22466067292444986,0.11145776361675025,1.0,0.0
0.228407819649947,0.11170661604013742,1.0,0.0
0.23190372486120223,0.11153351789674834,1.0,0.0
0.23533403083661877,0.11177707202745059,1.0,0.0
0.239141464127084,0.11236883475119312,1.0,0.0
0.242826766868688,0.11247494613907419,1.0,0.0
0.24640218781272286,0.11252414888788075,1.0,0.0
0.24994176464638349,0.11257705786699305,1.0,0.0
0.25349476244917035,0.1126467679613012,1.0,0.0
0.2570954818199422,0.11273241480913807,1.0,0.0
0.2607696740413694,0.11282192961697535,1.0,0.0
0.2644319709471123,0.11281992893370016,1.0,0.0
0.2681116434843723,0.11265925030866922,1.0,0.0
0.27170047627115085,0.1125399425921942,1.0,0.0
0.27525785995142255,0.11246033398488542,1.0,0.0
0.27884820800528176,0.11247651024697007,1.0,0.0
0.2823928825256518,0.11246795066489725,1.0,0.0
0.2859625903181165,0.11253364720827974,1.0,0.0
0.289577074948474,0.11262950973241864,1.0,0.0
0.29321098121391,0.11268580959595435,1.0,0.0
0.2968613374559398,0.11273256754266271,1.0,0.0
0.30049536265973453,0.11274119345698491,1.0,0.0
0.30412055928633974,0.11273810728491264,1.0,0.0
0.30775313929380116,0.11275490093741776,1.0,0.0
0.31139051842713794,0.11281416007579105,1.0,0.0
0.3149904448868159,0.1128599119767365,1.0,0.0
0.31857969757043575,0.11289509299131809,1.0,0.0
0.3221702479929242,0.11290832558119672,1.0,0.0
0.32576838910291434,0.11290233391545743,1.0,0.0
0.32937841311714083,0.11287984749550721,1.0,0.0
0.332982689976174,0.11285909305756564,1.0,0.0
0.3365735182708241,0.11283835848108542,1.0,0.0
0.34015077188766785,0.11280836096764145,1.0,0.0
0.3437203781127146,0.11275994436691077,1.0,0.0
0.3472991349070349,0.11269271211940526,1.0,0.0
0.3508978729951274,0.11263511931737052,1.0,0.0
0.3545138251116866,0.11258330295641597,1.0,0.0
0.3581406426839302,0.11249759552289708,1.0,0.0
0.3617316989996658,0.11241288335492362,1.0,0.0
0.3653094032412937,0.11230894776693995,1.0,0.0
0.36889572683936034,0.11220363444801225,1.0,0.0
0.3725391366111682,0.11211550764014501,1.0,0.0
0.3762450940796405,0.11205055073629074,1.0,0.0
0.37998230676489086,0.11200475771549849,1.0,0.0
0.38369678075512476,0.11201974750269485,1.0,0.0
0.3873458536672877,0.11208813190536017,1.0,0.0
0.3909330800194918,0.1121938488543079,1.0,0.0
0.39447083499771124,0.11230185313766827,1.0,0.0
0.39802223997088165,0.11241420016346652,1.0,0.0
0.40162138672106984,0.11256552947149688,1.0,0.0
0.405207627955939,0.11269522179484655,1.0,0.0
0.40877850218612966,0.11275410893793356,1.0,0.0
0.41236528405050277,0.11273733283207395,1.0,0.0
0.41602049887266906,0.11269435827276673,1.0,0.0
0.4197567293408146,0.11275268174810214,1.0,0.0
0.4234607767980648,0.1127248031636022,1.0,0.0
0.42715820699374524,0.11292147766875028,1.0,0.0
0.43062154809198067,0.11304428915934181,1.0,0.0
0.43391154438087587,0.11273152795031294,1.0,0.0
0.43744587916569866,0.11236394594781261,1.0,0.0
0.4412313275979565,0.11214912829559354,1.0,0.0
0.44488101861282897,0.11229511337519871,1.0,0.0
0.4484561957260774,0.11248204735892652,1.0,0.0
0.451979569899181,0.11257230091418587,1.0,0.0
0.4555409285421809,0.11266079424537195,1.0,0.0
0.4591275775461489,0.11268664968337974,1.0,0.0
0.462682408147937,0.11270623968603959,1.0,0.0
0.466196556082306,0.1126523433418114,1.0,0.0
0.46971548183320383,0.11255876766345496,1.0,0.0
0.4735082180347877,0.11284378026870458,1.0,0.0
0.4769634895401542,0.11286768419093374,1.0,0.0
0.48049443451070173,0.11259583356263406,1.0,0.0
0.4841218142523232,0.11246876865344252,1.0,0.0
0.4877967401245619,0.11221917158654728,1.0,0.0
0.4914757767115144,0.11208358713245102,1.0,0.0
0.4951280222674533,0.11201271123242171,1.0,0.0
0.498737539418166,0.1119466075122839,1.0,0.0
0.5024045358656493,0.1119537393024515,1.0,0.0
0.5059773455563082,0.1117904571342531,1.0,0.0
0.509803641730494,0.11206189355951343,1.0,0.0
0.5134484981086727,0.11210069358653534,1.0,0.0
0.5170995402165659,0.1121912399283409,1.0,0.0
0.5206234156204689,0.1124547404215852,1.0,0.0
0.5243191935504479,0.11287177828381185,1.0,0.0
0.5279092903270097,0.1126143717617502,1.0,0.0
0.5314002171908123,0.11276346977687406,1.0,0.0
0.5347621300554247,0.11287784515275538,1.0,0.0
0.5379820609964765,0.112345705142839,1.0,0.0
0.5419343969006084,0.11200729229571824,1.0,0.0
0.5456566528322115,0.11033264567636117,1.0,0.0
0.5481280525221373,0.11293772771235697,1.0,0.0
0.5513662669115063,0.11253730758215497,1.0,0.0
0.5545321437494652,0.11235946715284997,1.0,0.0
0.5579571327235271,0.11188939706438185,1.0,0.0
0.5704944424996077,0.11225586690876047,1.0,0.0
0.03247819118558048,0.11652844079002454,1.0,0.0
0.036076725490463625,0.11689612338438239,1.0,0.0
0.04147104739189788,0.11587432227025532,1.0,0.0
0.05890524609017612,0.11704305266349807,1.0,0.0
0.06817126271550432,0.1173065296770756,1.0,0.0
0.07434466173265016,0.11655948445034416,1.0,0.0
0.07801267460202808,0.11615093917903532,1.0,0.0
0.08180321231261922,0.11554636702452775,1.0,0.0
0.0850802285114599,0.1163852039973495,1.0,0.0
0.08876266225442311,0.11638223300293186,1.0,0.0
0.09222910400442721,0.11557473464174174,1.0,0.0
0.09565628191288747,0.11494319133975466,1.0,0.0
0.09951714072824729,0.11580620855213623,1.0,0.0
0.10311249822948332,0.11568470046912722,1.0,0.0
0.10673962485671179,0.11577817280898328,1.0,0.0
0.11034071184124802,0.11598106479514651,1.0,0.0
0.11390724616552776,0.11635425121898994,1.0,0.0
0.11730022779037728,0.11657045444672147,1.0,0.0
0.12089707837256965,0.11633440104962599,1.0,0.0
0.1244881399467696,0.11594505454364128,1.0,0.0
0.1281021014353708,0.11575190402669423,1.0,0.0
0.13152609667371362,0.1154572419722945,1.0,0.0
0.1348440481824015,0.11527052414095591,1.0,0.0
0.13811053653991118,0.11523854314531866,1.0,0.0
0.14142140222142602,0.11530796720621467,1.0,0.0
0.1448819581306718,0.1153860415520593,1.0,0.0
0.14845645934364435,0.1153308368017632,1.0,0.0
0.15200158989851228,0.115378026606764,1.0,0.0
0.15548505307788935,0.11537909146286865,1.0,0.0
0.15900635531427068,0.11548247876761976,1.0,0.0
0.16260705090859995,0.11563820066241762,1.0,0.0
0.16628128933430064,0.1157508398541773,1.0,0.0
0.17000336916668343,0.11581411646228468,1.0,0.0
0.1737329453491107,0.11582321010748266,1.0,0.0
0.17740740398418536,0.11574805585107664,1.0,0.0
0.1809775226910113,0.11557014289498192,1.0,0.0
0.184466112207184,0.11539548317003749,1.0,0.0
0.1879155302289089,0.11531357609467496,1.0,0.0
0.1913683546904385,0.11534698578067486,1.0,0.0
0.19483791330332575,0.11544322302957433,1.0,0.0
0.1983339981229783,0.11555380202065123,1.0,0.0
0.2018462685375808,0.11565234002983739,1.0,0.0
0.20536599690863658,0.11574062358840712,1.0,0.0
0.2089182684482447,0.11578423961179525,1.0,0.0
0.2125646958894126,0.11553877075730934,1.0,0.0
0.21606684255142744,0.1152194091793995,1.0,0.0
0.21942307289766966,0.11496373820723961,1.0,0.0
0.2230415593879934,0.11474837389371494,1.0,0.0
0.22654389952083137,0.11467565327066116,1.0,0.0
0.23016997771526093,0.11477997741454102,1.0,0.0
0.23365501613354137,0.11485801188019522,1.0,0.0
0.23718192506365834,0.11508414659453432,1.0,0.0
0.24088992187099012,0.1154195193503501,1.0,0.0
0.24453051283766744,0.11556098702260327,1.0,0.0
0.2481228472497253,0.11563891471274804,1.0,0.0
0.2517005815358389,0.11569620354539284,1.0,0.0
0.2552913379139923,0.11574628761254888,1.0,0.0
0.25891524907667907,0.11578885998918728,1.0,0.0
0.2625800160979527,0.11581878892359443,1.0,0.0
0.2662571060896643,0.11574741602802599,1.0,0.0
0.2698808271589774,0.11566300474831727,1.0,0.0
0.273475099224524,0.11559070900505018,1.0,0.0
0.27705173147224366,0.11555419016954113,1.0,0.0
0.280639595968849,0.11557271950373643,1.0,0.0
0.2842116070738272,0.11559666439898533,1.0,0.0
0.2877986787202694,0.11565305533479533,1.0,0.0
0.2914122963308883,0.11571053838942132,1.0,0.0
0.2950391093843457,0.11574823960817435,1.0,0.0
0.29868087061937076,0.11578610729385566,1.0,0.0
0.302309422963934,0.11579352601466758,1.0,0.0
0.3059386152690965,0.11578675423287098,1.0,0.0
0.309593829325527,0.11580978624414659,1.0,0.0
0.31327627623880444,0.11591997569936466,1.0,0.0
0.3168834611186913,0.1159817571342585,1.0,0.0
0.3204675562452159,0.11600531676150685,1.0,0.0
0.3240548502752578,0.1159956785543223,1.0,0.0
0.3276728743066893,0.11595735999574353,1.0,0.0
0.3312907505610882,0.11593780254837385,1.0,0.0
0.33488923637708085,0.1159310613855423,1.0,0.0
0.33846628165060677,0.11592271368348078,1.0,0.0
0.34201794586217926,0.11589829138728698,1.0,0.0
0.3455718268068873,0.11582651688768071,1.0,0.0
0.3491506750132415,0.11573361587058742,1.0,0.0
0.35277022938656144,0.11566273952029404,1.0,0.0
0.3564035011836776,0.11560048027218775,1.0,0.0
0.36001483247708677,0.11554410080608282,1.0,0.0
0.3635808102372531,0.11546966158856034,1.0,0.0
0.36711720601552617,0.1153506429245012,1.0,0.0
0.3706840543110971,0.11518728425328674,1.0,0.0
0.3743334020282269,0.11504494727137538,1.0,0.0
0.37806252382089706,0.1149422283105856,1.0,0.0
0.381817399843401,0.11492296396521054,1.0,0.0
0.38554347284933954,0.1150529595066888,1.0,0.0
0.3891286079874438,0.11521414407724741,1.0,0.0
0.39263179330748615,0.115359289996005,1.0,0.0
0.39615035908185603,0.11543690814788297,1.0,0.0
0.39974795923650047,0.11549930567303061,1.0,0.0
0.40340361020924376,0.11568097909873637,1.0,0.0
0.40697557206546947,0.11581841798163058,1.0,0.0
0.41048919038312276,0.1158252424282848,1.0,0.0
0.4140549042121169,0.1157009679302629,1.0,0.0
0.41773087702046496,0.11558287543514162,1.0,0.0
0.42164697195459194,0.11565240087601897,1.0,0.0
0.42537219481811106,0.11568541902866186,1.0,0.0
0.42918083498275594,0.11616684342085319,1.0,0.0
0.4325870669698537,0.116363036660026,1.0,0.0
0.43568394067898797,0.11557123051221456,1.0,0.0
0.4394350240251669,0.11495383927118547,1.0,0.0
0.4430953442337248,0.11515035888228865,1.0,0.0
0.446688311355035,0.1154135340207706,1.0,0.0
0.45022667032635083,0.11564585911357311,1.0,0.0
0.4536834943914505,0.11566666060885923,1.0,0.0
0.45734203486779906,0.11569013181769186,1.0,0.0
0.46096283067904315,0.11575884951710566,1.0,0.0
0.4645153550117544,0.11580718671642501,1.0,0.0
0.46791309819579213,0.11574464399544017,1.0,0.0
0.4714678192167572,0.11536339261154654,1.0,0.0
0.47544739594978835,0.11610856474148867,1.0,0.0
0.4790048980491257,0.11582081665367464,1.0,0.0
0.4824361077003758,0.11550375780924386,1.0,0.0
0.48623432919576687,0.1152345319706932,1.0,0.0
0.4898674985646508,0.1150484391788888,1.0,0.0
0.4934830334437962,0.11498719015408462,1.0,0.0
0.49702899215012125,0.11498984858212394,1.0,0.0
0.500559268841903,0.11485662455168474,1.0,0.0
0.5041900153456054,0.1149549524035444,1.0,0.0
0.5076117425814796,0.11456844820170095,1.0,0.0
0.5116295956606659,0.11505633887986645,1.0,0.0
0.5152287354131688,0.11510223531713958,1.0,0.0
0.5184065892120112,0.1155256395809299,1.0,0.0
0.5216722352359563,0.11559322806857199,1.0,0.0
0.5272598273683864,0.11571760153893762,1.0,0.0
0.5303270571019157,0.1158536264143806,1.0,0.0
0.5335276378536212,0.11615646907069249,1.0,0.0
0.5367977066598649,0.11609477373038479,1.0,0.0
0.5400110966334607,0.11453381537404075,1.0,0.0
0.5448184403971092,0.11343650693681451,1.0,0.0
0.5468563624747691,0.11625606673126626,1.0,0.0
0.5502880977804202,0.11569216460986906,1.0,0.0
0.5537479898953509,0.11573733643586556,1.0,0.0
0.5571489011414061,0.11488635920139936,1.0,0.0
0.5768202752933493,0.11666471574047835,1.0,0.0
0.024619957183426137,0.12056309930967314,1.0,0.0
0.027791031172031005,0.12073578233160574,1.0,0.0
0.030090353912909748,0.11931532827325782,1.0,0.0
0.033762810077503265,0.11917908370211872,1.0,0.0
0.039484159149228495,0.11820159932491507,1.0,0.0
0.041933624371831735,0.12005868424930867,1.0,0.0
0.046217777402279725,0.11750374777832118,1.0,0.0
0.0466889641571185,0.12029050205368938,1.0,0.0
0.05522781448436691,0.11800805956777433,1.0,0.0
0.05727056636465037,0.12017550132991875,1.0,0.0
0.06831901361828542,0.12016887342237915,1.0,0.0
0.07144886357201749,0.11738938939008907,1.0,0.0
0.07672867618718608,0.11887821983201034,1.0,0.0
0.08036216335087996,0.1185554595541298,1.0,0.0
0.08375476801424042,0.11900661584526223,1.0,0.0
0.08729033724713996,0.11945116935533827,1.0,0.0
0.090635172610988,0.11896571881241276,1.0,0.0
0.09412095458599432,0.11825446785678713,1.0,0.0
0.09738831457379984,0.11833983181266668,1.0,0.0
0.10104298201254193,0.11868696158135197,1.0,0.0
0.1045695495256367,0.11860590545487626,1.0,0.0
0.10833857853905549,0.11877888053047042,1.0,0.0
0.11200761196497462,0.11920846693152111,1.0,0.0
0.11549646576392349,0.11978522921377913,1.0,0.0
0.11918710821376154,0.11946901745500489,1.0,0.0
0.12277106567758976,0.11921918776495098,1.0,0.0
0.1262310777186373,0.11885482240784369,1.0,0.0
0.12981147865095127,0.11875920408701131,1.0,0.0
0.1332237948609009,0.11864845322368991,1.0,0.0
0.13642008827706037,0.11867217090722519,1.0,0.0
0.13972518705703074,0.1185723875322131,1.0,0.0
0.14315662438543744,0.11853707732813884,1.0,0.0
0.1466812013280714,0.11848811888478165,1.0,0.0
0.15020624364482663,0.11848237750099837,1.0,0.0
0.15375050334236656,0.11851719878958715,1.0,0.0
0.157280192626618,0.11855074004785447,1.0,0.0
0.16084360192600392,0.11862841853425754,1.0,0.0
0.16446470323289766,0.11870877004485839,1.0,0.0
0.16812666897632744,0.11876247912701528,1.0,0.0
0.1718072860918252,0.11879121804279368,1.0,0.0
0.17547857119789517,0.11878825419945456,1.0,0.0
0.17910629676737547,0.11872783517948134,1.0,0.0
0.18265989005787792,0.11861668614633371,1.0,0.0
0.1861556182400196,0.1185277499927322,1.0,0.0
0.18962577418350007,0.11851121222911773,1.0,0.0
0.19309883486893276,0.11856478590205244,1.0,0.0
0.19658732966876188,0.1186476769844778,1.0,0.0
0.2000947286748693,0.11873202111581618,1.0,0.0
0.20362126800217667,0.11880262115934553,1.0,0.0
0.20718122724028717,0.118828992989306,1.0,0.0
0.21079931343402078,0.11869933685764729,1.0,0.0
0.21436650911077323,0.11849910853365633,1.0,0.0
0.2178683762636739,0.11827811834605632,1.0,0.0
0.2213658669120725,0.11798944609131327,1.0,0.0
0.22487480600927148,0.11788835717503891,1.0,0.0
0.22838934561297491,0.1178613526631562,1.0,0.0
0.23193852854729252,0.11798249023486962,1.0,0.0
0.23546424157679083,0.1181147105323259,1.0,0.0
0.23902906731181742,0.11830150573927721,1.0,0.0
0.2426692038870759,0.11853282387487511,1.0,0.0
0.24628819785143052,0.11866512986853978,1.0,0.0
0.24988554670630475,0.11874214606322571,1.0,0.0
0.25347975199101763,0.11878683105645531,1.0,0.0
0.2570899375503697,0.1188100930696202,1.0,0.0
0.26072661555003457,0.11881778090934804,1.0,0.0
0.26439111869142135,0.11879173259322644,1.0,0.0
0.2680349771963356,0.11874369710516727,1.0,0.0
0.27165588182313455,0.11868748354887132,1.0,0.0
0.27525924967660215,0.11865038963161974,1.0,0.0
0.27885015697854004,0.11864299559522636,1.0,0.0
0.28244260683447553,0.11867040683039533,1.0,0.0
0.28603021982648785,0.1187094367732791,1.0,0.0
0.2896238758939078,0.11875470846654533,1.0,0.0
0.2932292113805464,0.11878863255530751,1.0,0.0
0.2968502198982086,0.11880815878456062,1.0,0.0
0.3004943269284759,0.11884769644278652,1.0,0.0
0.30411674542108047,0.11884589378326149,1.0,0.0
0.30774658847484304,0.11881690269606227,1.0,0.0
0.31143256243939926,0.1188333825497666,1.0,0.0
0.3151933054842056,0.1190396803480104,1.0,0.0
0.31879689050593496,0.11911392489232592,1.0,0.0
0.3223604278523687,0.11911434890357933,1.0,0.0
0.32597741726567236,0.11903367915716694,1.0,0.0
0.3296099490748718,0.11900021760493408,1.0,0.0
0.3332229805788764,0.11900923277854415,1.0,0.0
0.3368042068875007,0.11902504486676131,1.0,0.0
0.34033763454367155,0.11904763716349596,1.0,0.0
0.3438645279862517,0.11899497626217022,1.0,0.0
0.3474086726600976,0.11887706943403163,1.0,0.0
0.35099713783487585,0.11874167294370026,1.0,0.0
0.3546438897895727,0.11866984002162852,1.0,0.0
0.35830455575305864,0.11862799324877536,1.0,0.0
0.36190944001715647,0.11862414133793847,1.0,0.0
0.3654205937080768,0.11856743499270582,1.0,0.0
0.3689017207442206,0.11838417976383998,1.0,0.0
0.3724491959926474,0.11812407747211459,1.0,0.0
0.37615277024144456,0.11790162369774318,1.0,0.0
0.3799231356447737,0.11779977394705649,1.0,0.0
0.38368157133005343,0.1178591727958665,1.0,0.0
0.38739831799183755,0.11819639112083401,1.0,0.0
0.3908640777502895,0.11846323800675797,1.0,0.0
0.39429251565963863,0.11853641334978475,1.0,0.0
0.39785238785248483,0.11848783520191324,1.0,0.0
0.4014983941192829,0.11852244328636939,1.0,0.0
0.4052075760127416,0.11882977661533832,1.0,0.0
0.4087076612195579,0.11900979857425366,1.0,0.0
0.4121548119013963,0.11886676480159054,1.0,0.0
0.41570427058213166,0.11859796296028295,1.0,0.0
0.41955287335756664,0.1182212741155084,1.0,0.0
0.42356065953828326,0.11859724286187712,1.0,0.0
0.4272027334681039,0.11861189624075104,1.0,0.0
0.43125459789050447,0.11955713757820913,1.0,0.0
0.43484754233335027,0.11956984643313592,1.0,0.0
0.4376633433135127,0.11783114030631685,1.0,0.0
0.4411466509627942,0.11791281937458183,1.0,0.0
0.44479186281738753,0.11824593330361195,1.0,0.0
0.44839662100318356,0.11858800916295989,1.0,0.0
0.45188890909356794,0.11889343853973926,1.0,0.0
0.4554021714519306,0.11857294266648567,1.0,0.0
0.45917634221214115,0.11869704855360168,1.0,0.0
0.46286565502797006,0.11884011258233541,1.0,0.0
0.46616049568746093,0.11914001599128697,1.0,0.0
0.4694861110045515,0.11868150870457359,1.0,0.0
0.4727157716398884,0.11806200066282302,1.0,0.0
0.47808613683043505,0.11901911102260025,1.0,0.0
0.4812500160744388,0.1189721609744768,1.0,0.0
0.48457138760217666,0.11804571073733933,1.0,0.0
0.48842775112864917,0.1180759873663106,1.0,0.0
0.49194349635748,0.1179706470498175,1.0,0.0
0.49541108238570025,0.11804920707936983,1.0,0.0
0.49890143672854803,0.11800275083359325,1.0,0.0
0.50228201973911,0.11780233821087914,1.0,0.0
0.5059899261768932,0.11801255236626268,1.0,0.0
0.5092494522727887,0.1170336161464279,1.0,0.0
0.524500479782867,0.11641981542424182,1.0,0.0
0.5290874592374695,0.1193864513705692,1.0,0.0
0.5309729789074726,0.11946010466998876,1.0,0.0
0.5354340945020555,0.11967249468728,1.0,0.0
0.5400488929706243,0.11765762995639835,1.0,0.0
0.5430617318164085,0.11595129029848876,1.0,0.0
0.011606549835139453,0.1220446483711583,1.0,0.0
0.016031425886422333,0.12065626814152519,1.0,0.0
0.01837954705798672,0.12380938425572499,1.0,0.0
0.02080142791857645,0.12122772906814241,1.0,0.0
0.025257670779778734,0.12376148216299829,1.0,0.0
0.028017510646455024,0.12371348494792567,1.0,0.0
0.03237130924221042,0.1215372259946613,1.0,0.0
0.04759115097417535,0.12311024015409823,1.0,0.0
0.050459974392816506,0.12112310083525024,1.0,0.0
0.053170474536907146,0.12241633424929677,1.0,0.0
0.05711110533710291,0.12337137462568964,1.0,0.0
0.07123653632184178,0.12067029055035167,1.0,0.0
0.0742357972621667,0.12044583367994592,1.0,0.0
0.07823296156749857,0.12142894274550857,1.0,0.0
0.08190462554240165,0.12157335271563041,1.0,0.0
0.08553910739833032,0.1221507159737513,1.0,0.0
0.08917436579942499,0.1226274860394811,1.0,0.0
0.09231457565314458,0.12144363300875409,1.0,0.0
0.09548457513770947,0.12149789795584567,1.0,0.0
0.0989456813803437,0.12156106058836243,1.0,0.0
0.10234550703836973,0.12170929714054003,1.0,0.0
0.10595290770173972,0.12136598149155302,1.0,0.0
0.10961443195899948,0.12187952600341685,1.0,0.0
0.11253541560052457,0.12272272169246792,1.0,0.0
0.11830892652590023,0.1226440561353508,1.0,0.0
0.12150654665441442,0.12250762525073643,1.0,0.0
0.1247302713486338,0.1222687498912532,1.0,0.0
0.12793818678000132,0.12179033007943985,1.0,0.0
0.13161309973779775,0.12185032892831428,1.0,0.0
0.1346665346238076,0.12219767927577599,1.0,0.0
0.13793666839190075,0.12193781782422589,1.0,0.0
0.14137301637771926,0.12175624308646191,1.0,0.0
0.14489203074163487,0.12165702802903004,1.0,0.0
0.14843085043257878,0.12161580697886297,1.0,0.0
0.15197745567401882,0.1216150843777745,1.0,0.0
0.15553357338379323,0.12164559932733106,1.0,0.0
0.15909210640098198,0.12168016903340802,1.0,0.0
0.1626783350552899,0.1217226090270028,1.0,0.0
0.1662974510686572,0.12175923475486795,1.0,0.0
0.16993867293832116,0.12178484599281936,1.0,0.0
0.17358718698533618,0.12180088067037646,1.0,0.0
0.17722368666606542,0.12179560769101863,1.0,0.0
0.18082319821395315,0.1217588933943921,1.0,0.0
0.18436904767373974,0.12170524708317347,1.0,0.0
0.18787392689097468,0.12167933457056863,1.0,0.0
0.1913608434852573,0.12170277671264826,1.0,0.0
0.1948502190546114,0.12176134427286454,1.0,0.0
0.19835298789143094,0.12182814893468012,1.0,0.0
0.2018758383722684,0.12188252792064018,1.0,0.0
0.20542894744345788,0.12189875759286363,1.0,0.0
0.2090214192106401,0.12182289781803797,1.0,0.0
0.212601296889717,0.12168806817189544,1.0,0.0
0.21615136499780568,0.12151396185533733,1.0,0.0
0.21968295660346657,0.12128654687514917,1.0,0.0
0.22317194418676148,0.1211072922771391,1.0,0.0
0.22668044813346622,0.1210395741786541,1.0,0.0
0.2301942518729168,0.12106654043125208,1.0,0.0
0.2337410571264639,0.12118712583735276,1.0,0.0
0.23729238486607304,0.12132503957619582,1.0,0.0
0.2408649249094001,0.1214911833941997,1.0,0.0
0.24447258970942115,0.12166493609023543,1.0,0.0
0.2480731480883501,0.12177734806173823,1.0,0.0
0.25166602387756265,0.12183726771356844,1.0,0.0
0.25526553575852295,0.1218559179232351,1.0,0.0
0.2588861173324876,0.1218483084744462,1.0,0.0
0.26253038046185745,0.12182397517175632,1.0,0.0
0.26617772549100555,0.12179475522846867,1.0,0.0
0.2698155819031256,0.12175635598290392,1.0,0.0
0.27343939696848923,0.12172202251003429,1.0,0.0
0.27705310696537777,0.12171447174391271,1.0,0.0
0.2806527803664162,0.1217305216626568,1.0,0.0
0.28424820587119237,0.12176745604610402,1.0,0.0
0.28784310315429973,0.12181616799521756,1.0,0.0
0.2914328099546831,0.12185373779656636,1.0,0.0
0.29502669847822205,0.12186299962058617,1.0,0.0
0.2986436113649848,0.12185869530486987,1.0,0.0
0.30230529032753395,0.12191722222812491,1.0,0.0
0.30591296300758386,0.12189591347032798,1.0,0.0
0.30953140016132674,0.12181395202706331,1.0,0.0
0.3132517001482163,0.12179366837962664,1.0,0.0
0.31716581133131916,0.12218807281180842,1.0,0.0
0.3207237140448443,0.1222834032709508,1.0,0.0
0.3243215144706598,0.12213662573849003,1.0,0.0
0.32794238831745304,0.1220501840308682,1.0,0.0
0.33156958567012224,0.12205915554119927,1.0,0.0
0.33517825585111805,0.12210492725532417,1.0,0.0
0.3386836728723546,0.12219738742068371,1.0,0.0
0.34218313190456134,0.12218845612326885,1.0,0.0
0.3456948383115195,0.12207787855265212,1.0,0.0
0.3492344938170812,0.1218928560806502,1.0,0.0
0.3528225743061133,0.12171594937611784,1.0,0.0
0.35654969729587704,0.12163399875042762,1.0,0.0
0.36024437980552737,0.12168115742780074,1.0,0.0
0.3638193523350999,0.12178560259870624,1.0,0.0
0.3672364744960412,0.12170694988172125,1.0,0.0
0.37064526445410484,0.12137819537284665,1.0,0.0
0.3742649007382746,0.12091553822359388,1.0,0.0
0.3780456221719529,0.1206812619315917,1.0,0.0
0.3818101795043032,0.12067420823456766,1.0,0.0
0.38551133556459893,0.12086169822886333,1.0,0.0
0.38919973320054724,0.12154639014106453,1.0,0.0
0.39253143160738135,0.12178994729840702,1.0,0.0
0.3959796733021676,0.12157494306469538,1.0,0.0
0.399579312615139,0.12146347509476159,1.0,0.0
0.40322565362206353,0.12151242199046677,1.0,0.0
0.4069700028227311,0.12211555046836935,1.0,0.0
0.4104215889721577,0.12222737663012503,1.0,0.0
0.41376629381884383,0.12183517992794735,1.0,0.0
0.41760047637581127,0.12110608114819725,1.0,0.0
0.4212941978952923,0.12087397928277582,1.0,0.0
0.42520906766970507,0.12177836995119862,1.0,0.0
0.4284960037120676,0.12135577270991715,1.0,0.0
0.4337460274486281,0.12281994880695205,1.0,0.0
0.4386701613867259,0.12067486609388127,1.0,0.0
0.4403101671647524,0.12358045739957234,1.0,0.0
0.44244442169746534,0.12079408805874477,1.0,0.0
0.44629811388017254,0.12131721281011217,1.0,0.0
0.44986583114635625,0.1218810564610421,1.0,0.0
0.4537673234628682,0.12187794645812496,1.0,0.0
0.4571493176229714,0.12135675279948491,1.0,0.0
0.4612418480665106,0.12155869003360655,1.0,0.0
0.4646212274667024,0.12240946342007596,1.0,0.0
0.4683887978208357,0.12202336045035585,1.0,0.0
0.47179208925319027,0.12144301490132926,1.0,0.0
0.4750348668698539,0.11999128603011523,1.0,0.0
0.48027864078039795,0.12258218544512213,1.0,0.0
0.48354615277328855,0.12163098412894822,1.0,0.0
0.4864590621591457,0.12061686397199235,1.0,0.0
0.0055220564852309605,0.12485869805738671,1.0,0.0
0.008343910318474394,0.12279955336834464,1.0,0.0
0.05209346656718562,0.12556009911785698,1.0,0.0
0.05704171403878826,0.12418033432632938,1.0,0.0
0.0588738500145848,0.12471919784862248,1.0,0.0
0.06853443413134515,0.12323010799364888,1.0,0.0
0.0723731619734548,0.1237324128240399,1.0,0.0
0.07587599375707797,0.12362465197580255,1.0,0.0
0.07982964517076972,0.12414497284256024,1.0,0.0
0.0831991417549302,0.12463992610360124,1.0,0.0
0.08668411629467625,0.12532706191166743,1.0,0.0
0.08978029165672913,0.12619271852410452,1.0,0.0
0.09276155435839711,0.12444437602041518,1.0,0.0
0.09678590877226641,0.12439370491627157,1.0,0.0
0.10029751071339905,0.12490536986673052,1.0,0.0
0.10403773739945574,0.12434780781756914,1.0,0.0
0.10757045890009649,0.12419883179971637,1.0,0.0
0.11043748836247781,0.12583735346489328,1.0,0.0
0.11538337081519755,0.12316519553658047,1.0,0.0
0.11698742759896025,0.12619512794730525,1.0,0.0
0.12010842899183626,0.12586380232944136,1.0,0.0
0.12327500648195158,0.1257577729209225,1.0,0.0
0.12968505690280596,0.12441154662105147,1.0,0.0
0.13262452928116797,0.12574219058917033,1.0,0.0
0.13597629299435776,0.12539999149347464,1.0,0.0
0.13950854508370936,0.12501697364248632,1.0,0.0
0.14307906580995755,0.12483552661577514,1.0,0.0
0.14664989885610202,0.12475135878846647,1.0,0.0
0.15021384596819398,0.12472473966019548,1.0,0.0
0.1537748513785276,0.1247323390985788,1.0,0.0
0.15733988078986266,0.1247578980860056,1.0,0.0
0.1609106701605002,0.1247796956729005,1.0,0.0
0.1644978748393909,0.12479689059685628,1.0,0.0
0.16810501106187598,0.12480814540285819,1.0,0.0
0.17172938804164836,0.12481928692435777,1.0,0.0
0.1753597090264448,0.12483161514083696,1.0,0.0
0.17897555995477252,0.1248350021257369,1.0,0.0
0.18255959194408014,0.12482750080433908,1.0,0.0
0.18610300087682058,0.12482210484178322,1.0,0.0
0.18961497354556467,0.1248415676976284,1.0,0.0
0.19311238330831584,0.12488713590710372,1.0,0.0
0.19661202534044034,0.12494037081133083,1.0,0.0
0.20012841209369506,0.12498255708747277,1.0,0.0
0.20367007893637307,0.12499147779127792,1.0,0.0
0.20724122801543207,0.12493999991822043,1.0,0.0
0.21081667943149365,0.12484131618904158,1.0,0.0
0.21438200200514065,0.12470457324210509,1.0,0.0
0.21793287164570016,0.12452704917887174,1.0,0.0
0.22145113538689562,0.12435531192160144,1.0,0.0
0.22495364604967652,0.12423271902034679,1.0,0.0
0.2284641465676165,0.12420499478569053,1.0,0.0
0.23199569139047363,0.1242536647941336,1.0,0.0
0.23555997902687895,0.12437480148028397,1.0,0.0
0.2391254605711352,0.12451496026107019,1.0,0.0
0.24269927622220536,0.12466646268621122,1.0,0.0
0.24628459991673632,0.12480699582652925,1.0,0.0
0.24986619061892165,0.12489450176420394,1.0,0.0
0.2534499378356365,0.12492332610243063,1.0,0.0
0.25705112088499565,0.1249040264300001,1.0,0.0
0.26067676624063957,0.12486624040897426,1.0,0.0
0.2643203158452625,0.12483535095545541,1.0,0.0
0.26796540372968586,0.124804959935572,1.0,0.0
0.2716037147818403,0.12477665325356252,1.0,0.0
0.27523150211849967,0.12476139127923555,1.0,0.0
0.2788540449741415,0.12478513434635774,1.0,0.0
0.28245467361190085,0.124822598602826,1.0,0.0
0.28604745556094374,0.12486636422377033,1.0,0.0
0.2896459844988483,0.12492768347454086,1.0,0.0
0.2932258281502361,0.12495555069705984,1.0,0.0
0.2968014027165188,0.12493010777043896,1.0,0.0
0.3004167364249156,0.12488535010953562,1.0,0.0
0.30412396856360285,0.12500463266324685,1.0,0.0
0.3076956648602378,0.12494482019859557,1.0,0.0
0.31127501610065406,0.12475959548072149,1.0,0.0
0.3150363499657962,0.12460130258078368,1.0,0.0
0.31915048066439816,0.1254544355078654,1.0,0.0
0.3228085303427001,0.1253080146400221,1.0,0.0
0.32635083031741585,0.1251456331061264,1.0,0.0
0.32991935820232693,0.12508798127944584,1.0,0.0
0.33357676822523663,0.12511501603337294,1.0,0.0
0.3370739738862285,0.12535115471848696,1.0,0.0
0.34052355574553145,0.1253946397238685,1.0,0.0
0.3440117330447973,0.1253140001181769,1.0,0.0
0.34752177188791233,0.12512766865330174,1.0,0.0
0.3510158350613506,0.12489504794461458,1.0,0.0
0.3546846889822481,0.12455690821845795,1.0,0.0
0.35849006607677064,0.12459002666154592,1.0,0.0
0.3622096161249335,0.12481588168014038,1.0,0.0
0.36574165223451366,0.125079364820704,1.0,0.0
0.3689859190900772,0.12486213656978791,1.0,0.0
0.37250867723436165,0.12410191626665942,1.0,0.0
0.3762013458739753,0.12357184958049676,1.0,0.0
0.37996751116239674,0.12349630813675268,1.0,0.0
0.3836172579046107,0.12367426511152683,1.0,0.0
0.3871314612575024,0.1239700553137461,1.0,0.0
0.39091010230406126,0.12512270714488485,1.0,0.0
0.3943053023412034,0.12490436087189057,1.0,0.0
0.39770324146930874,0.12451110489575813,1.0,0.0
0.4012410661347599,0.12445872005063957,1.0,0.0
0.4047334202138096,0.12452269318773389,1.0,0.0
0.4087884932238293,0.12545438844662954,1.0,0.0
0.41217069471710116,0.1254560852670969,1.0,0.0
0.4158867074924502,0.12402457834127674,1.0,0.0
0.4193884620810281,0.12395991314102177,1.0,0.0
0.4226604648225614,0.12365088812825399,1.0,0.0
0.4278289775377235,0.12470525688668267,1.0,0.0
0.430907367057421,0.12343409628685542,1.0,0.0
0.4353986240008492,0.12658877765050577,1.0,0.0
0.4367582901026928,0.12328166170583088,1.0,0.0
0.4415917210472318,0.1266623047268893,1.0,0.0
0.44388382262079024,0.12362796373668583,1.0,0.0
0.44746358367146366,0.12462079824959793,1.0,0.0
0.4518992197395075,0.12447538261190473,1.0,0.0
0.4559888924880183,0.12493689920319774,1.0,0.0
0.45908086981018653,0.12366737325139986,1.0,0.0
0.4622704630268498,0.12516302208807656,1.0,0.0
0.4670598142072773,0.12488848968499605,1.0,0.0
0.4711767687525169,0.12470498440941877,1.0,0.0
0.4745521061911518,0.12366687404232526,1.0,0.0
0.477384796817865,0.12239920837723997,1.0,0.0
0.0696149187858004,0.12586790232259343,1.0,0.0
0.08757627687912414,0.1293330989652317,1.0,0.0
0.09215813711729431,0.12848750193308725,1.0,0.0
0.09464352543016247,0.12688381263517035,1.0,0.0
0.0976498273841399,0.1278157725114869,1.0,0.0
0.10020361785304212,0.12861484730419998,1.0,0.0
0.10308918192928418,0.12725327835213224,1.0,0.0
0.10665736461914639,0.12702035358786987,1.0,0.0
0.11227349297089925,0.12933176849331995,1.0,0.0
0.11368263449799061,0.12631282487578316,1.0,0.0
0.11865361689940558,0.12937047764844783,1.0,0.0
0.12395379771830084,0.1292299331509371,1.0,0.0
0.12632606855757306,0.12541762439943083,1.0,0.0
0.12901669995510576,0.12744622084581966,1.0,0.0
0.13407601882568612,0.12895899844522093,1.0,0.0
0.13770473520889312,0.12828483826927226,1.0,0.0
0.1413159709890347,0.12801435530046507,1.0,0.0
0.14490479609778265,0.12788639059212348,1.0,0.0
0.14847459144335828,0.127837712173183,1.0,0.0
0.1520354065358603,0.12782872862579042,1.0,0.0
0.15559555622742663,0.12784155261794522,1.0,0.0
0.15915784831056404,0.12786045869166554,1.0,0.0
0.16272296251232157,0.12786953740390927,1.0,0.0
0.16629870488495263,0.12786683986284436,1.0,0.0
0.1698927601937793,0.12785744951157754,1.0,0.0
0.17350885606622043,0.12785926151673987,1.0,0.0
0.17713258715558433,0.12787812719723662,1.0,0.0
0.18073848983719615,0.12789924227371588,1.0,0.0
0.1843149688397477,0.1279242331395206,1.0,0.0
0.18785602056885758,0.12796073533733954,1.0,0.0
0.19136917450280078,0.12801275830910605,1.0,0.0
0.19486942553646064,0.12806637015081238,1.0,0.0
0.198375966179521,0.12809970871539647,1.0,0.0
0.20190731575810814,0.1281045719551113,1.0,0.0
0.20546113830416726,0.12806372190051862,1.0,0.0
0.20902594433091617,0.12798329511918743,1.0,0.0
0.2125933458534807,0.12787075760471767,1.0,0.0
0.21615414783614503,0.12772765886571927,1.0,0.0
0.21969391454616058,0.12757663564051747,1.0,0.0
0.22321475827690793,0.12744339365036117,1.0,0.0
0.2267190420697359,0.1273702307224675,1.0,0.0
0.23024019602486823,0.12735909969290793,1.0,0.0
0.23379698617838418,0.1274127474266729,1.0,0.0
0.23738976495263836,0.1275490902080611,1.0,0.0
0.24096469320675157,0.1276954460434327,1.0,0.0
0.2445311530086202,0.1278417856800335,1.0,0.0
0.24809352227024573,0.12795921634245122,1.0,0.0
0.25165576261451,0.1280120049356439,1.0,0.0
0.2552342250604261,0.12799179862253432,1.0,0.0
0.25883167209761954,0.1279333557281482,1.0,0.0
0.2624585105836197,0.12787465830737024,1.0,0.0
0.26611213589608,0.12784330705874025,1.0,0.0
0.26976154833549215,0.12781683649585612,1.0,0.0
0.2734008082498021,0.1278024494036812,1.0,0.0
0.2770269969436034,0.12780629305981805,1.0,0.0
0.2806556190991546,0.12787057687238704,1.0,0.0
0.28424741725813985,0.12792597891903645,1.0,0.0
0.28783221356736893,0.1279673734202216,1.0,0.0
0.29144257526622225,0.1280497077998111,1.0,0.0
0.295002008980573,0.1280671853778163,1.0,0.0
0.29854761644479266,0.12797977158811533,1.0,0.0
0.3021598081102127,0.12786121846280715,1.0,0.0
0.3059691929061163,0.12813723358874476,1.0,0.0
0.3094291298038831,0.12801296313885788,1.0,0.0
0.3129146570789113,0.12761947263969886,1.0,0.0
0.3164598675121629,0.12727686924629844,1.0,0.0
0.32171184004109143,0.1284408860521887,1.0,0.0
0.32519893945584116,0.12840154541461477,1.0,0.0
0.3284262260442232,0.12824829595798976,1.0,0.0
0.3319857704372408,0.12803817169792253,1.0,0.0
0.33545478298565945,0.12842563772403703,1.0,0.0
0.3389228923138922,0.1286510493035607,1.0,0.0
0.34233624000923835,0.12855880503838904,1.0,0.0
0.3458653531236823,0.1283876066823438,1.0,0.0
0.3492678114312611,0.12823284109274943,1.0,0.0
0.3528995182558946,0.12766860315482276,1.0,0.0
0.3565410089802046,0.1273486155938461,1.0,0.0
0.36039662115433463,0.12758865217961082,1.0,0.0
0.36419318536177014,0.12805839810874434,1.0,0.0
0.3675972603707072,0.1286351725510912,1.0,0.0
0.37100542850075097,0.12745146287433243,1.0,0.0
0.3746063623743836,0.12665392345949972,1.0,0.0
0.3781657715183725,0.12630156086959685,1.0,0.0
0.38177603120643905,0.12651684309286335,1.0,0.0
0.3849764741200094,0.1270087460569933,1.0,0.0
0.38824839304831743,0.12691818223596435,1.0,0.0
0.39316111604580223,0.12834457460599943,1.0,0.0
0.3963019595959881,0.1279747985381818,1.0,0.0
0.3992642360886744,0.1275424783186924,1.0,0.0
0.40237813869717054,0.12768128697330086,1.0,0.0
0.4059643102533167,0.12710830724378563,1.0,0.0
0.41055940343675984,0.1292299331509371,1.0,0.0
0.4152682586791791,0.12685730697542222,1.0,0.0
0.4185090745159004,0.12697622445172885,1.0,0.0
0.42193749328585656,0.1268668867121835,1.0,0.0
0.4251234133703998,0.12570797653207724,1.0,0.0
0.09536032153372791,0.13040870327457407,1.0,0.0
0.13613673112759495,0.1315510505440203,1.0,0.0
0.13968225411227866,0.13120759693524223,1.0,0.0
0.14323659382334727,0.13103216380635901,1.0,0.0
0.14678250980338103,0.13096133562371318,1.0,0.0
0.15032626908358804,0.1309371921011556,1.0,0.0
0.1538727889250567,0.13093629374858798,1.0,0.0
0.1574229012180958,0.13095180946443158,1.0,0.0
0.16097163476994045,0.1309657138607451,1.0,0.0
0.16452009955651092,0.13096085208664113,1.0,0.0
0.16807998685900905,0.13093462828478653,1.0,0.0
0.17166392798139046,0.13090111481909267,1.0,0.0
0.1752819303068157,0.13089862759925103,1.0,0.0
0.17891213818559673,0.1309365715460164,1.0,0.0
0.18251574844879842,0.13098406686191788,1.0,0.0
0.18608556346576946,0.13104714507896273,1.0,0.0
0.18961803646480216,0.13112210635110136,1.0,0.0
0.1931236670758889,0.13119507960983456,1.0,0.0
0.1966223360059772,0.13123777504513914,1.0,0.0
0.20013653148711882,0.13123167269691147,1.0,0.0
0.20368095709655626,0.13119855875848888,1.0,0.0
0.20723397654417963,0.13112794742257955,1.0,0.0
0.21079632451091854,0.13102548680055906,1.0,0.0
0.2143633545827851,0.13090273619768203,1.0,0.0
0.21791951857199923,0.1307703322240419,1.0,0.0
0.221463187807073,0.13064063497929396,1.0,0.0
0.22496728051695472,0.1305604745553533,1.0,0.0
0.2284709821061802,0.1305046966135005,1.0,0.0
0.23200768931000015,0.1304863099391045,1.0,0.0
0.23559668891570798,0.1305378991721164,1.0,0.0
0.23923513769408988,0.13071762732104497,1.0,0.0
0.24280869754140877,0.13088354809088476,1.0,0.0
0.24635427276033525,0.13103178874338647,1.0,0.0
0.2498904792299817,0.13111961616196904,1.0,0.0
0.2534489564415799,0.13111005987242877,1.0,0.0
0.2570150846183718,0.13104598704054762,1.0,0.0
0.2606027130170826,0.13094610282956745,1.0,0.0
0.26423865876690267,0.13086375545881848,1.0,0.0
0.2679173900083446,0.1308439089988694,1.0,0.0
0.2715710338535872,0.1308325662564943,1.0,0.0
0.2752015306762451,0.13084123413530485,1.0,0.0
0.2788112442306129,0.13086128878521144,1.0,0.0
0.28244930035793175,0.13098203761396496,1.0,0.0
0.2860226124019597,0.13104351904420533,1.0,0.0
0.28960125431813394,0.13105626582692526,1.0,0.0
0.29324129634746654,0.1311978408803758,1.0,0.0
0.29677087347931025,0.13119011655092744,1.0,0.0
0.3002690777226041,0.1309919543241734,1.0,0.0
0.3038926590797487,0.1307100717948347,1.0,0.0
0.3079868532337443,0.13134152892476803,1.0,0.0
0.31154184618944264,0.13087768677311387,1.0,0.0
0.3150896775353793,0.1303159089616037,1.0,0.0
0.3187661152407562,0.12943836771325104,1.0,0.0
0.32407163418843,0.1313996301615355,1.0,0.0
0.32749338462803634,0.13186454972017678,1.0,0.0
0.33047161529660163,0.1310921296047891,1.0,0.0
0.33361341254080523,0.13138910471328433,1.0,0.0
0.3371788168311492,0.13173845838632578,1.0,0.0
0.3407692107924205,0.13193456690661814,1.0,0.0
0.34423128342313053,0.13156791153187794,1.0,0.0
0.34752030275997975,0.13168646574994236,1.0,0.0
0.3513000361844395,0.13086622200892048,1.0,0.0
0.3548024731678902,0.13052435146217226,1.0,0.0
0.35822365869322753,0.1301529031167654,1.0,0.0
0.3621717796140735,0.13057634518981348,1.0,0.0
0.3652248175506901,0.13186075887087545,1.0,0.0
0.37072208519773203,0.13092052777201177,1.0,0.0
0.37370077740665536,0.1298219432897059,1.0,0.0
0.37698196643852455,0.12942287285662699,1.0,0.0
0.38025741162880666,0.1292078743501706,1.0,0.0
0.3834405775466594,0.13015031014421738,1.0,0.0
0.3868026111961605,0.13015762048849636,1.0,0.0
0.390170177852108,0.12925284959079575,1.0,0.0
0.39306540102262166,0.1321414735973619,1.0,0.0
0.13795678516253868,0.1344055798905544,1.0,0.0
0.14155967771403963,0.13418892394513984,1.0,0.0
0.1451051294651892,0.13410065788169243,1.0,0.0
0.14863533703735932,0.13406154059722977,1.0,0.0
0.15216835783766886,0.13404650371620175,1.0,0.0
0.15570306201051057,0.13405065927379098,1.0,0.0
0.15924042625209872,0.13407198146519606,1.0,0.0
0.16276975430302648,0.1340814750269297,1.0,0.0
0.16629730385048064,0.13405448403839976,1.0,0.0
0.16984055888003236,0.13399520838563664,1.0,0.0
0.1734181353382292,0.13392970544755634,1.0,0.0
0.1770526538604925,0.13392884398239432,1.0,0.0
0.18070666655187623,0.1340051143405257,1.0,0.0
0.18430724844165644,0.13409389311952438,1.0,0.0
0.18786155205983007,0.13420372014078302,1.0,0.0
0.19137265797959357,0.13431227989250064,1.0,0.0
0.19486637471845553,0.13438478959171907,1.0,0.0
0.1983689930458597,0.13438926794727163,1.0,0.0
0.20188795335525625,0.1343347001491637,1.0,0.0
0.20544230314488765,0.13428130399926713,1.0,0.0
0.2089971281029992,0.13418269608300293,1.0,0.0
0.21256382724370249,0.13406072431800944,1.0,0.0
0.21613780417721595,0.13393962902291248,1.0,0.0
0.2197171491199006,0.13380899065177698,1.0,0.0
0.22321880016772602,0.13375959272650925,1.0,0.0
0.22669989311583652,0.13369141542271226,1.0,0.0
0.23020683476990816,0.1336185648499579,1.0,0.0
0.23376210941499848,0.13357402143141486,1.0,0.0
0.23739138558574208,0.1336169777270194,1.0,0.0
0.24110216207283927,0.13390291518753367,1.0,0.0
0.24464992818088924,0.13410473827313552,1.0,0.0
0.24815571736782285,0.1342456001015188,1.0,0.0
0.2517021709259563,0.1342466261339828,1.0,0.0
0.25524500695368785,0.13420085713398125,1.0,0.0
0.2587871718981129,0.1340888676029445,1.0,0.0
0.2623658117614165,0.13392881721630345,1.0,0.0
0.26602763744950564,0.13381686761865527,1.0,0.0
0.2697479562090518,0.1338435957628177,1.0,0.0
0.2733907712485965,0.13386913593792477,1.0,0.0
0.276986194580346,0.13391288517060498,1.0,0.0
0.28055748549492454,0.13392227888467395,1.0,0.0
0.2842300915243837,0.1341301898530915,1.0,0.0
0.2877823560239785,0.13416171985831007,1.0,0.0
0.29133172534741836,0.13412166611115672,1.0,0.0
0.29505216382472726,0.13439106554726926,1.0,0.0
0.2984722074616477,0.1343542773880529,1.0,0.0
0.3018113577656433,0.1339569334413601,1.0,0.0
0.30528783766688367,0.13332756284704872,1.0,0.0
0.3108399571921491,0.13413870057292882,1.0,0.0
0.31424983380498833,0.13350007260568506,1.0,0.0
0.31763712600813226,0.1326894576661492,1.0,0.0
0.32108393716825084,0.1322227860137352,1.0,0.0
0.32455743002647497,0.13508526081228572,1.0,0.0
0.34539332873624207,0.135268759877903,1.0,0.0
0.35003372075322314,0.13383955067082545,1.0,0.0
0.3536266527434764,0.13380647402336557,1.0,0.0
0.3567363527744793,0.1335838641630786,1.0,0.0
0.36001274901619956,0.13267459946510468,1.0,0.0
0.36824181622345287,0.13247458680330934,1.0,0.0
0.13640502212614442,0.13754123007546282,1.0,0.0
0.1399762782943909,0.1373296792913381,1.0,0.0
0.14347915087114768,0.13725232997852263,1.0,0.0
0.14697401788497472,0.13720520475272496,1.0,0.0
0.15048444076920836,0.13717177016303359,1.0,0.0
0.15400196090020318,0.13716620399436127,1.0,0.0
0.15751826784717976,0.1371767582254904,1.0,0.0
0.1610405832954441,0.13720934520465355,1.0,0.0
0.16454967985992372,0.1372077718347268,1.0,0.0
0.16805281034095068,0.1371461749032797,1.0,0.0
0.17157793503567076,0.1370406811827375,1.0,0.0
0.17515424369637878,0.13692726114720896,1.0,0.0
0.17882838411041296,0.13693621913069134,1.0,0.0
0.18252282797728808,0.137095013077473,1.0,0.0
0.1861050980631337,0.13724637095086506,1.0,0.0
0.1896207287198299,0.1374112896673051,1.0,0.0
0.1931009438639015,0.1375276943539831,1.0,0.0
0.19660218824198616,0.13755757421836212,1.0,0.0
0.20010942777235305,0.13751870215341488,1.0,0.0
0.20361869071756952,0.13741554064459366,1.0,0.0
0.20720125597616415,0.13735054482476738,1.0,0.0
0.21076232444494158,0.13722193853219106,1.0,0.0
0.21434249739998174,0.13708343070964102,1.0,0.0
0.2179969707027473,0.1369253369002282,1.0,0.0
0.2214932555933505,0.13695358539603988,1.0,0.0
0.2249414698874041,0.13691588861055412,1.0,0.0
0.2284086750528953,0.13680868309554717,1.0,0.0
0.2319256972827363,0.13669746241991193,1.0,0.0
0.2354983143472456,0.1366096159136783,1.0,0.0
0.23916169813109175,0.13663231801701173,1.0,0.0
0.24299138194945008,0.13715088138694287,1.0,0.0
0.24645529793570234,0.1373953522982474,1.0,0.0
0.25000015714927903,0.13738990919873414,1.0,0.0
0.2535301335254963,0.13737397689266156,1.0,0.0
0.25703674069204674,0.1372968007051093,1.0,0.0
0.2605512766331342,0.1371061246635275,1.0,0.0
0.26413520469540874,0.13685129143446653,1.0,0.0
0.2678325068747326,0.13672409681505862,1.0,0.0
0.27160895796062245,0.13687156147431834,1.0,0.0
0.27519773564329014,0.1369675150942213,1.0,0.0
0.27871757540628217,0.13703814942797235,1.0,0.0
0.2822259679215209,0.13695197966925426,1.0,0.0
0.2860453126626022,0.13729916277176132,1.0,0.0
0.28951741141113774,0.1373041677530196,1.0,0.0
0.29305297375320666,0.13707446458155056,1.0,0.0
0.2970308511397648,0.13766627487826172,1.0,0.0
0.30051161682547284,0.13742186996307754,1.0,0.0
0.3040989642872266,0.13644409752860412,1.0,0.0
0.30775722855627735,0.1352205639968233,1.0,0.0
0.13467112114174976,0.14041592004961423,1.0,0.0
0.13835615104617943,0.14044105593404888,1.0,0.0
0.14184489212596663,0.14041780125932055,1.0,0.0
0.145306674681249,0.14037268077367634,1.0,0.0
0.14880220900197144,0.14031436560829047,1.0,0.0
0.1523077074673661,0.14029181158344747,1.0,0.0
0.1558090978742344,0.14030384628342799,1.0,0.0
0.15930089415155385,0.14031838907019842,1.0,0.0
0.16282388748336998,0.14036074119289765,1.0,0.0
0.1663140112645624,0.14034341870761768,1.0,0.0
0.1697834783553084,0.14023094792072693,1.0,0.0
0.17329258098859715,0.14005603787560117,1.0,0.0
0.17687811097539527,0.13986481441296436,1.0,0.0
0.18060715383001685,0.13991604693921125,1.0,0.0
0.18436155766256834,0.14023773365914896,1.0,0.0
0.18787965715821997,0.14048139710737256,1.0,0.0
0.19132798265991977,0.14067640540258053,1.0,0.0
0.19481932015563677,0.14071401619959045,1.0,0.0
0.1983428440963752,0.14070882721427488,1.0,0.0
0.2018260136824175,0.14064879534110383,1.0,0.0
0.20532660667212524,0.14044717462600825,1.0,0.0
0.20897686339897653,0.14040495050170562,1.0,0.0
0.21254184589345237,0.14023787126671733,1.0,0.0
0.21630976408165797,0.1399317192522566,1.0,0.0
0.21981564939720238,0.14012189906634198,1.0,0.0
0.22321360376501134,0.14017402222935538,1.0,0.0
0.2266278005103303,0.14006238563727766,1.0,0.0
0.23010061808270957,0.13988653851423705,1.0,0.0
0.23363905099145615,0.13973167354643692,1.0,0.0
0.23719797025635178,0.13959982574997817,1.0,0.0
0.24085741706999972,0.1395384257748427,1.0,0.0
0.24481330605713614,0.14058329849512854,1.0,0.0
0.248367873720161,0.14053796526696585,1.0,0.0
0.2518847731191567,0.1405460263791299,1.0,0.0
0.25535648983773496,0.14053368996979315,1.0,0.0
0.2588245498486542,0.14038133508238865,1.0,0.0
0.26234358723070766,0.14004843007581577,1.0,0.0
0.26592083725106874,0.1397056528661122,1.0,0.0
0.2696397007916733,0.139586384868717,1.0,0.0
0.27348345040704813,0.139998145527438,1.0,0.0
0.2769452059788596,0.14018005363742275,1.0,0.0
0.28034239624621105,0.14021301018730087,1.0,0.0
0.2838432717879289,0.13977142952427352,1.0,0.0
0.2878201839502256,0.14062013727408354,1.0,0.0
0.2911108650708021,0.1404222532596627,1.0,0.0
0.29448206829660684,0.13978843015304493,1.0,0.0
0.2987820939567073,0.14131512579439037,1.0,0.0
0.1331616687699012,0.14335767922733653,1.0,0.0
0.13677143756053495,0.14339925407847276,1.0,0.0
0.1402358041069171,0.14358236697777213,1.0,0.0
0.14363195599607517,0.14357594086206413,1.0,0.0
0.14710378987795622,0.1434688862494426,1.0,0.0
0.1506116520313129,0.14342386806986976,1.0,0.0
0.15410299361954188,0.1434337625539239,1.0,0.0
0.1575690527051798,0.14347425069054617,1.0,0.0
0.16104864991977577,0.14344997011530794,1.0,0.0
0.1646071927514864,0.14352471801545172,1.0,0.0
0.1680663456074769,0.14349683205960073,1.0,0.0
0.1714929505362553,0.14328968871397113,1.0,0.0
0.17501147722037,0.14300711809125444,1.0,0.0
0.17857743768444104,0.14273609609488308,1.0,0.0
0.18236760261752588,0.1428609082106355,1.0,0.0
0.18619375129983914,0.14351255770753923,1.0,0.0
0.18955764328154762,0.14384382768215392,1.0,0.0
0.193023546354965,0.1438858649146558,1.0,0.0
0.19655929189068516,0.1438498061282969,1.0,0.0
0.20005270630546698,0.14390180293930072,1.0,0.0
0.20351846430856302,0.14374963519302128,1.0,0.0
0.20700538597769447,0.1433861451525737,1.0,0.0
0.21078614528187475,0.1434598229272074,1.0,0.0
0.21471863378960213,0.14280859605429094,1.0,0.0
0.218172290303854,0.14318515618981592,1.0,0.0
0.22154916588793866,0.14346562016047557,1.0,0.0
0.22487192379548426,0.14338811314955183,1.0,0.0
0.2282945936394041,0.14314950437323556,1.0,0.0
0.23180825868052773,0.14290188003980453,1.0,0.0
0.23531431873161524,0.14277331382162112,1.0,0.0
0.23873156625010827,0.14259605509619672,1.0,0.0
0.2421137013379506,0.1423378134008963,1.0,0.0
0.2471176683150582,0.1437492767803182,1.0,0.0
0.2504564748088967,0.14374443230590847,1.0,0.0
0.25378825414384687,0.14379709323459947,1.0,0.0
0.2571703179160424,0.1437044374352552,1.0,0.0
0.26069795384567146,0.14334883958266226,1.0,0.0
0.26420005987564094,0.1429314496383841,1.0,0.0
0.2677005536838052,0.14251812159407126,1.0,0.0
0.27138282026959293,0.14241123311271772,1.0,0.0
0.27532706330248036,0.14332723037214284,1.0,0.0
0.2785019267846445,0.14355891380715805,1.0,0.0
0.2820012771387568,0.1431791909324437,1.0,0.0
0.2852300997068322,0.14240566134284904,1.0,0.0
0.13482803990845454,0.14615820935890875,1.0,0.0
0.13847320682474842,0.14662649649675413,1.0,0.0
0.14189617719017308,0.1468296785894368,1.0,0.0
0.14536103126061228,0.1466517665126297,1.0,0.0
0.14888214411655606,0.14653782151494457,1.0,0.0
0.152398260480887,0.1465603316142099,1.0,0.0
0.15582343182268585,0.14663984030412133,1.0,0.0
0.1592784648722227,0.1466406838401528,1.0,0.0
0.16277092340700278,0.14652784539585614,1.0,0.0
0.1664084562508186,0.14673210161038966,1.0,0.0
0.16982638126277305,0.14665874494345424,1.0,0.0
0.17324748423858283,0.14624557482715161,1.0,0.0
0.17673820018453482,0.14593435485514228,1.0,0.0
0.18021572214518564,0.14553420251098778,1.0,0.0
0.18402744860397133,0.14576792644563052,1.0,0.0
0.18785886452973957,0.14708803369930784,1.0,0.0
0.19121429332688944,0.14709588073020893,1.0,0.0
0.19478383881559397,0.14698268447677934,1.0,0.0
0.19821518922551565,0.1470777467644772,1.0,0.0
0.2017309058540666,0.14709010532015562,1.0,0.0
0.2051528406829144,0.14680887159643363,1.0,0.0
0.20853588589291414,0.14619880922557973,1.0,0.0
0.2134244671682456,0.14548397956496498,1.0,0.0
0.2167082773873934,0.14623125825324615,1.0,0.0
0.21989792113342257,0.146641752472638,1.0,0.0
0.22322198360729256,0.14685088588408446,1.0,0.0
0.22652682344527708,0.14647941634362474,1.0,0.0
0.2301107031189177,0.14608679842482142,1.0,0.0
0.23369341523981738,0.14589304210993634,1.0,0.0
0.23730720671346253,0.14579631633233023,1.0,0.0
0.24076744881589654,0.1455284112434322,1.0,0.0
0.24418060984499268,0.14464215446914097,1.0,0.0
0.249116569489847,0.14701421887996263,1.0,0.0
0.2522427098282292,0.1471461799399486,1.0,0.0
0.25543450325996825,0.1470854422671146,1.0,0.0
0.25910062010317225,0.14659664068354297,1.0,0.0
0.26274301217500284,0.1462431395590629,1.0,0.0
0.26612152792069305,0.14584192761196546,1.0,0.0
0.26940234268834345,0.1453447600128072,1.0,0.0
0.27300458624025875,0.1451071693642433,1.0,0.0
0.13391118083446452,0.1488812978248046,1.0,0.0
0.13709784576660786,0.1495000407315362,1.0,0.0
0.14040859535384487,0.15011342815501091,1.0,0.0
0.14377527347617194,0.14993659339024004,1.0,0.0
0.14718900274459842,0.14967191433733237,1.0,0.0
0.15069265932163264,0.14962639236889747,1.0,0.0
0.15407904235762748,0.14984323857255483,1.0,0.0
0.1574599361098476,0.1498392967895745,1.0,0.0
0.1609636112445278,0.14975132246075948,1.0,0.0
0.16442612683204055,0.14953552712248933,1.0,0.0
0.16826649372580604,0.1500024722046574,1.0,0.0
0.17177502900177605,0.14966783146338758,1.0,0.0
0.17503101872917037,0.14920134471167845,1.0,0.0
0.1783967268926886,0.14890628296876923,1.0,0.0
0.18158525773988443,0.14830711691591267,1.0,0.0
0.18517307571980715,0.1486793710439924,1.0,0.0
0.1933198610069265,0.15051944415945978,1.0,0.0
0.2113279657909657,0.1476011492843948,1.0,0.0
0.21460733949838093,0.14886773155563576,1.0,0.0
0.21793848251199954,0.1498469517033063,1.0,0.0
0.2211757785214011,0.15002587857415167,1.0,0.0
0.22487387799586514,0.15008116337277425,1.0,0.0
0.2283723176247625,0.14921996075694555,1.0,0.0
0.23206178241098285,0.14898634729541058,1.0,0.0
0.2357980758835075,0.14873969341022558,1.0,0.0
0.23965521423251376,0.14868785421140557,1.0,0.0
0.24304140125083165,0.14823266157712903,1.0,0.0
0.24604111207571028,0.14750378411342324,1.0,0.0
0.13460169729250954,0.15228212638055108,1.0,0.0
0.137507885579727,0.15293704149056173,1.0,0.0
0.14018560248622652,0.15351041348566505,1.0,0.0
0.14589220041951095,0.15304298445355052,1.0,0.0
0.14907352487518893,0.15270745751903583,1.0,0.0
0.15225511351204116,0.15299712002506688,1.0,0.0
0.15559299061493612,0.15314982246876058,1.0,0.0
0.15903694498615334,0.1529154769226896,1.0,0.0
0.16244839983196696,0.1529288772213163,1.0,0.0
0.16577048216622092,0.1523525348384914,1.0,0.0
0.14007334232276328,0.15693881884864813,1.0,0.0
0.14299395227392267,0.1533971470557231,1.0,0.0
0.0003520901575404765,0.12498876654057509,1.0,0.0
