x,y,region,classification
0.0,0.15025595477914716,1,boundary
0.0,0.1550001998013245,1,boundary
0.0,0.15974444482350184,1,boundary
0.0006109086124533088,0.16430839666765168,1,boundary
0.0012218172249066177,0.16887234851180155,1,boundary
0.0035161360194340997,0.14948236606544213,1,boundary
0.003517575019588839,0.17293906262289466,1,boundary
0.00581333281427106,0.17700577673398776,1,boundary
0.0070322720388681995,0.14870877735173713,1,boundary
0.008362582539849187,0.1450687449889836,1,boundary
0.009692893040830174,0.14142871262623005,1,boundary
0.009906875075800608,0.17755740636269557,1,boundary
0.014512579628968156,0.14214292774168644,1,boundary
0.014000417337330155,0.17810903599140337,1,boundary
0.017638158276959144,0.17877075965068978,1,boundary
0.01933226621710614,0.14285714285714282,1,boundary
0.021275899216588134,0.17943248330997622,1,boundary
0.024419513264020896,0.14403778040141674,1,boundary
0.025154251227544944,0.17614445007115637,1,boundary
0.029506760310935652,0.14521841794569063,1,boundary
0.029032603238501757,0.1728564168323365,1,boundary
0.03377171625174948,0.17106889767977357,1,boundary
0.035108307219062454,0.14550250675662885,1,boundary
0.03851082926499721,0.16928137852721067,1,boundary
0.04070985412718925,0.14578659556756707,1,boundary
0.0426043715265267,0.16636847380995506,1,boundary
0.04629869989584348,0.1460928255287658,1,boundary
0.04669791378805618,0.16345556909269943,1,boundary
0.05100664630015836,0.16428511976121674,1,boundary
0.05188754566449772,0.14639905548996454,1,boundary
0.05531537881226054,0.16511467042973407,1,boundary
0.05663768692462984,0.14463076123229432,1,boundary
0.05894458432938883,0.1678529906658628,1,boundary
0.061387828184761954,0.1428624669746241,1,boundary
0.06257378984651712,0.1705913109019915,1,boundary
0.06434474616292798,0.17481290599597182,1,boundary
0.06611570247933884,0.1790345010899521,1,boundary
0.06611570247933884,0.18377874611212944,1,boundary
0.06611570247933884,0.18852299113430676,1,boundary
0.06611570247933884,0.19326723615648408,1,boundary
0.06611570247933884,0.1980114811786614,1,boundary
0.06715081387944317,0.14285980491588346,1,boundary
0.0684686042296086,0.20113088816902375,1,boundary
0.07082150597987834,0.20425029515938606,1,boundary
0.0729137995741244,0.14285714285714282,1,boundary
0.07556367134525722,0.20603249332580212,1,boundary
0.07718889506451203,0.14218873493893902,1,boundary
0.08030583671063611,0.20781469149221818,1,boundary
0.08146399055489965,0.14152032702073525,1,boundary
0.08147523240490484,0.21221382095734878,1,boundary
0.08205430932703661,0.1369502986412902,1,boundary
0.08264462809917357,0.1323802702618452,1,boundary
0.08264462809917357,0.21661295042247938,1,boundary
0.08323494687131053,0.22118297880192445,1,boundary
0.08382526564344747,0.22575300718136954,1,boundary
0.0873262696197536,0.13057578995036617,1,boundary
0.08734480952405849,0.22914693294945393,1,boundary
0.09086435340466949,0.23254085871753835,1,boundary
0.09200791114033362,0.12877130963888714,1,boundary
0.09265767847329107,0.23675585227842127,1,boundary
0.09381977611326009,0.1322389601184335,1,boundary
0.09458711433171021,0.14403778040141674,1,boundary
0.09445100354191263,0.2409708458393042,1,boundary
0.09510937770894838,0.1398721954996983,1,boundary
0.09504132231404959,0.2455408742187492,1,boundary
0.09563164108618655,0.13570661059797984,1,boundary
0.09563164108618655,0.25011090259819424,1,boundary
0.09785626401997127,0.25419861024232693,1,boundary
0.09844065795409404,0.14736906064656238,1,boundary
0.10008088695375598,0.2582863178864596,1,boundary
0.10229420157647787,0.15070034089170803,1,boundary
0.10283244607033878,0.2622185145473164,1,boundary
0.10550156201496141,0.1544980201023285,1,boundary
0.10558400518692158,0.2661507112081731,1,boundary
0.10710132963006055,0.27044715889966,1,boundary
0.10870892245344496,0.15829569931294898,1,boundary
0.10861865407319952,0.2747436065911469,1,boundary
0.11031554251472332,0.04316733824088467,1,boundary
0.10979929161747343,0.2791394183278595,1,boundary
0.11086056721798179,0.046589888929940815,1,boundary
0.11140559192124028,0.050012439618996964,1,boundary
0.11097992916174734,0.2835352300645721,1,boundary
0.11234666339307385,0.1598805589423073,1,boundary
0.1133088032332667,0.28698603297797676,1,boundary
0.11449495978695748,0.041064188600961796,1,boundary
0.11415715103782301,0.053944636279853686,1,boundary
0.11563767730478604,0.29043683589138136,1,boundary
0.11598440433270274,0.16146541857166558,1,boundary
0.11690871015440575,0.057876832940710415,1,boundary
0.11867437705919162,0.03896103896103892,1,boundary
0.11907203921059875,0.29383879678016567,1,boundary
0.11975797891189877,0.1598354247521846,1,boundary
0.12043782615158304,0.06157955468790265,1,boundary
0.12250640111641148,0.29724075766895,1,boundary
0.12309161592038684,0.03722897875064185,1,boundary
0.12396694214876032,0.06528227643509489,1,boundary
0.12353155349109479,0.15820543093270362,1,boundary
0.12441730917685981,0.30142104978538387,1,boundary
0.12632821723730814,0.3056013419018178,1,boundary
0.12750885478158205,0.03549691854024479,1,boundary
0.128099173553719,0.06637988369068683,1,boundary
0.128099173553719,0.30982293699579816,1,boundary
0.12861880053800953,0.1593860684769775,1,boundary
0.12977457982552892,0.031421341073873246,1,boundary
0.12987012987012986,0.3140445320897785,1,boundary
0.1320403048694758,0.027345763607501707,1,boundary
0.1322314049586777,0.06747749094627876,1,boundary
0.13216477784350425,0.08500590318772139,1,boundary
0.13216393623351586,0.31811182211311584,1,boundary
0.13322969458668038,0.07192711774577017,1,boundary
0.13319638102909365,0.08069132386649147,1,boundary
0.13309377027050712,0.08885317591782232,1,boundary
0.13370604758492427,0.16056670602125142,1,boundary
0.13422798421468304,0.07637674454526157,1,boundary
0.13402276269750998,0.09270044864792325,1,boundary
0.13445774259690185,0.3221791121364532,1,boundary
0.13508744877476153,0.026485317764250046,1,boundary
0.13570584886633758,0.3265550123010764,1,boundary
0.13631852049219212,0.09676716275901626,1,boundary
0.13695395513577333,0.3309309124656996,1,boundary
0.13794545752376583,0.0,1,boundary
0.13780668549538475,0.003214005448159181,1,boundary
0.13813459268004724,0.025624871920998382,1,boundary
0.13772058185360994,0.1629572865145126,1,boundary
0.13829031328442387,0.3348869438361556,1,boundary
0.13861427828687428,0.10083387687010928,1,boundary
0.13955507302773465,0.1049520384472995,1,boundary
0.13962667143307445,0.3388429752066116,1,boundary
0.14049586776859502,0.10907020002448972,1,boundary
0.1417351161222956,0.1653478670077738,1,boundary
0.14243500620454158,0.11409970514196775,1,boundary
0.14276098875920556,0.004626396079158299,1,boundary
0.1430128634615195,0.3417352170154665,1,boundary
0.14370997029264931,0.0,1,boundary
0.14339395687629158,0.02520913017537521,1,boundary
0.1440670858061301,0.1690922732269694,1,boundary
0.145597668391527,0.11791057583434264,1,boundary
0.14639905548996457,0.17283667944616501,1,boundary
0.14639905548996457,0.3446274588243214,1,boundary
0.14639905548996457,0.34937170384649874,1,boundary
0.14639905548996457,0.35411594886867603,1,boundary
0.1469893742621015,0.358685977248121,1,boundary
0.14757969303423848,0.36325600562756594,1,boundary
0.14771529202302638,0.006038786710157418,1,boundary
0.1486533210725359,0.024793388429752043,1,boundary
0.1487603305785124,0.12172144652671753,1,boundary
0.1487603305785124,0.12646569154889484,1,boundary
0.1487603305785124,0.13120993657107216,1,boundary
0.1487603305785124,0.36765181736427854,1,boundary
0.14947448306153283,0.0,1,boundary
0.14929433252226892,0.1357965853414532,1,boundary
0.1492775107752333,0.17614679308789952,1,boundary
0.14982833446602548,0.14038323411183423,1,boundary
0.14994096812278632,0.3720476291009912,1,boundary
0.15137845378341042,0.009701948470541425,1,boundary
0.15112160566706023,0.37644344083770387,1,boundary
0.1511216056670602,0.3994677993776612,1,boundary
0.15171192443919718,0.3948977709982162,1,boundary
0.1525798935826083,0.1443154307726909,1,boundary
0.15215596606050202,0.17945690672963402,1,boundary
0.15230224321133412,0.38083925257441653,1,boundary
0.15230224321133412,0.38558349759659394,1,boundary
0.15230224321133412,0.3903277426187713,1,boundary
0.15230224321133412,0.40386361111437385,1,boundary
0.15342937600261977,0.023356637019413214,1,boundary
0.15348288075560804,0.4082594228510866,1,boundary
0.15504161554379442,0.013365110230925433,1,boundary
0.1549891201474285,0.4115963173702045,1,boundary
0.15523899583041634,0.0,1,boundary
0.1553314526991911,0.14824762743354758,1,boundary
0.15627616969401084,0.17659047921581514,1,boundary
0.15662352323824902,0.01764249791999991,1,boundary
0.15649535953924892,0.4149332118893225,1,boundary
0.15820543093270364,0.021919885609074388,1,boundary
0.1580830118157739,0.15217982409440434,1,boundary
0.15938606847697756,0.1646342640374501,1,boundary
0.1598912209022486,0.16917915786972318,1,boundary
0.1597116703245241,0.41639493639176395,1,boundary
0.16011031970466713,0.16037314239635558,1,boundary
0.16039637332751966,0.17372405170199626,1,boundary
0.16100350859929985,0.0,1,boundary
0.1608345709323567,0.15611202075526107,1,boundary
0.16292798110979928,0.41785666089420537,1,boundary
0.1641086186540732,0.422252472630918,1,boundary
0.1652892561983471,0.4266482843676306,1,boundary
0.1652892561983471,0.4442315313144812,1,boundary
0.16533558776647073,0.44761753661355697,1,boundary
0.16538191933459434,0.4510035419126328,1,boundary
0.16593095514448672,0.43120314927635395,1,boundary
0.16593095514448672,0.4399947727497793,1,boundary
0.16676802136818336,0.0,1,boundary
0.16657265409062633,0.4357580141850773,1,boundary
0.16769686285501856,0.4544658097928679,1,boundary
0.17001180637544275,0.009317834869829013,1,boundary
0.17001180637544275,0.4579280776731029,1,boundary
0.1706021251475797,0.46249810605254793,1,boundary
0.17119244391971664,0.46706813443199297,1,boundary
0.172017820512521,0.013158438065499264,1,boundary
0.17253253413706687,0.0,1,boundary
0.17274988375843023,0.470842213615052,1,boundary
0.17340319967280948,0.0064298737513253665,1,boundary
0.1740238346495993,0.016999041261169516,1,boundary
0.17430732359714382,0.4746162927981111,1,boundary
0.17679459297017622,0.00354191263282172,1,boundary
0.1781173769111289,0.019911945978425227,1,boundary
0.17865307147979975,0.47703043257810185,1,boundary
0.1822109191726585,0.022824850695680937,1,boundary
0.1829988193624557,0.4794445723580927,1,boundary
0.18442379279216994,0.48376827495704866,1,boundary
0.18541827961114188,0.02662252990630128,1,boundary
0.18584876622188418,0.4880919775560046,1,boundary
0.18862564004962526,0.030420209116921622,1,boundary
0.1890561266603676,0.491889656766625,1,boundary
0.19183300048810864,0.03421788832754191,1,boundary
0.19226348709885105,0.49568733597724535,1,boundary
0.19504036092659202,0.0380155675381622,1,boundary
0.19614183910980787,0.4989753692160652,1,boundary
0.1984629116156482,0.0414381182272184,1,boundary
0.20002019112076466,0.5022634024548851,1,boundary
0.20094854494974512,0.5067336689166873,1,boundary
0.20188546230470436,0.0448606689162746,1,boundary
0.20187689877872558,0.5112039353784894,1,boundary
0.20247327819691885,0.5157721751219324,1,boundary
0.20306965761511214,0.5203404148653753,1,boundary
0.20543093270365997,0.5243877933166234,1,boundary
0.20597900456623397,0.047773573633530304,1,boundary
0.2077922077922078,0.5284351717678716,1,boundary
0.2089728453364817,0.5328309835045845,1,boundary
0.2100725468277636,0.05068647835078601,1,boundary
0.2101534828807556,0.5372267952412974,1,boundary
0.21074380165289258,0.5417968236207427,1,boundary
0.21133412042502953,0.546366852000188,1,boundary
0.21192443919716647,0.5509368803796333,1,boundary
0.21251475796930344,0.5555069087590786,1,boundary
0.2137102877673926,0.05373390051827806,1,boundary
0.21369539551357733,0.5599027204957915,1,boundary
0.21487603305785122,0.5642985322325044,1,boundary
0.21487603305785122,0.5690427772546821,1,boundary
0.21487603305785122,0.5737870222768598,1,boundary
0.2154663518299882,0.5783570506563052,1,boundary
0.21605667060212513,0.5829270790357506,1,boundary
0.21734802870702155,0.05678132268577011,1,boundary
0.21826827273396587,0.06047290827529893,1,boundary
0.21918851676091022,0.06416449386482774,1,boundary
0.21998386877006548,0.06844659898133795,1,boundary
0.22077922077922077,0.07272870409784818,1,boundary
0.22091687633917306,0.5836713317256675,1,boundary
0.22107000535778853,0.07738713190494166,1,boundary
0.22136078993635627,0.08204555971203514,1,boundary
0.22411234905293903,0.08597775637289182,1,boundary
0.22577708207622096,0.5844155844155845,1,boundary
0.22686390816952176,0.0899099530337485,1,boundary
0.22741038283267956,0.5884388503228002,1,boundary
0.22904368358913813,0.592462116230016,1,boundary
0.2296154672861045,0.09384214969460508,1,boundary
0.2319952774498229,0.5945313986326652,1,boundary
0.2323670264026872,0.09777434635546166,1,boundary
0.23494687131050765,0.5966006810353146,1,boundary
0.23602143564578748,0.6010277974149205,1,boundary
0.23671431708766288,0.10024490635364583,1,boundary
0.2370959999810673,0.6054549137945265,1,boundary
0.24015366705074617,0.6074928915542828,1,boundary
0.2410616077726386,0.10271546635182999,1,boundary
0.24321133412042503,0.6000520632130438,1,boundary
0.24321133412042503,0.609530869314039,1,boundary
0.243801652892562,0.6046220915924891,1,boundary
0.24439197166469895,0.6091921199719345,1,boundary
0.24554697236244055,0.1049453302234648,1,boundary
0.24675324675324678,0.6004783007067882,1,boundary
0.25003233695224253,0.10717519409509961,1,boundary
0.2502951593860685,0.6009045382005325,1,boundary
0.2526564344746163,0.604328674790188,1,boundary
0.2547055678733192,0.10907756162842347,1,boundary
0.2550177095631641,0.6077528113798436,1,boundary
0.2565539883415686,0.6131065267122887,1,boundary
0.2581409143388059,0.6170671472022904,1,boundary
0.2585596221959858,0.6301714897029236,1,boundary
0.25937879879439596,0.11097992916174734,1,boundary
0.25914373126601453,0.6255996286976078,1,boundary
0.2591277013215004,0.6344482005775538,1,boundary
0.2597278403360433,0.621027767692292,1,boundary
0.259695780447015,0.6387249114521841,1,boundary
0.264440570270733,0.64049901525254,1,boundary
0.2648046787022952,0.11038961038961038,1,boundary
0.268356648766212,0.6726114740200925,1,boundary
0.269185360094451,0.6422731190528961,1,boundary
0.26966034286024965,0.6468771857397083,1,boundary
0.27023055861019435,0.10979929161747343,1,boundary
0.27013532562604825,0.6514812524265206,1,boundary
0.2708805140319646,0.6776859504132231,1,boundary
0.27215030123828254,0.6698358432674252,1,boundary
0.27320225549307137,0.655008754996873,1,boundary
0.2738929854990617,0.11280368021993856,1,boundary
0.27529049535691164,0.6753246753246753,1,boundary
0.2762691853600945,0.6585362575672256,1,boundary
0.2761065695352237,0.6627982350409918,1,boundary
0.275943953710353,0.6670602125147579,1,boundary
0.2775554123879291,0.11580806882240367,1,boundary
0.2786832551904226,0.12021946150131399,1,boundary
0.27981109799291615,0.1246308541802243,1,boundary
0.2797004766818587,0.6729634002361274,1,boundary
0.2805399628483829,0.1291599944249177,1,boundary
0.2812688277038497,0.13368913466961116,1,boundary
0.2809364248816614,0.6773136908138653,1,boundary
0.282172373081464,0.6816639813916032,1,boundary
0.2831087841766311,0.13789036623094042,1,boundary
0.2833530106257379,0.6857481721975198,1,boundary
0.28494874064941256,0.14209159779226965,1,boundary
0.2845336481700118,0.6898323630034364,1,boundary
0.285862495511496,0.693794575834658,1,boundary
0.28719134285298015,0.6977567886658794,1,boundary
0.2888270926603692,0.14537963103108936,1,boundary
0.28991080968948657,0.7007922997535323,1,boundary
0.29161747343565525,0.7123205328354846,1,boundary
0.29212387498082415,0.7080741718383348,1,boundary
0.2922429433260738,0.7168801873117028,1,boundary
0.29270544467132587,0.14866766426990907,1,boundary
0.29263027652599305,0.7038278108411851,1,boundary
0.2928684132164924,0.7214398417879209,1,boundary
0.2934235808703477,0.7260202440705934,1,boundary
0.2939787485242031,0.7306006463532658,1,boundary
0.29679898693285534,0.15158056898716465,1,boundary
0.29686288274458317,0.7341820961219244,1,boundary
0.2997470169649632,0.737763545890583,1,boundary
0.3008925291943848,0.1544934737044202,1,boundary
0.3023879940986411,0.740570356986747,1,boundary
0.30451946412493736,0.15785570590444714,1,boundary
0.305028971232319,0.7433771680829111,1,boundary
0.3079539042459433,0.7473435655253836,1,boundary
0.30814639905548996,0.1612179381044741,1,boundary
0.3099173553719008,0.16509109991298968,1,boundary
0.3116883116883117,0.16896426172150525,1,boundary
0.31327007101529736,0.17302994668129573,1,boundary
0.3130411512928581,0.7485242030696575,1,boundary
0.3148518303422831,0.1770956316410862,1,boundary
0.31812839833977286,0.7497048406139315,1,boundary
0.31892317880624615,0.18004722550177096,1,boundary
0.32276965285626263,0.7504823131905083,1,boundary
0.3229945272702092,0.18299881936245574,1,boundary
0.32696404148950253,0.18612793487919133,1,boundary
0.3274109073727524,0.7512597857670852,1,boundary
0.3297364379062492,0.7546145445954671,1,boundary
0.3309335557087959,0.18925705039592694,1,boundary
0.3320619684397459,0.7579693034238488,1,boundary
0.3336851148253786,0.1931892470567836,1,boundary
0.3364366739419613,0.1971214437176402,1,boundary
0.33664019154856817,0.2014571927292058,1,boundary
0.3368437091551751,0.20579294174077137,1,boundary
0.3373914586451422,0.7587276527015383,1,boundary
0.34005106959365844,0.20959062095139164,1,boundary
0.34272094885053844,0.7594860019792279,1,boundary
0.3432584300321418,0.21338830016201193,1,boundary
0.34735197229367143,0.21630120487926766,1,boundary
0.3475659527389717,0.7587276527015383,1,boundary
0.35144551455520107,0.21921410959652338,1,boundary
0.3524109566274049,0.7579693034238488,1,boundary
0.35596943731787634,0.22137675727065076,1,boundary
0.3578368365353035,0.7585596221959858,1,boundary
0.36049336008055155,0.22353940494477817,1,boundary
0.3632627164432022,0.7591499409681227,1,boundary
0.36442613694700543,0.2228530416053258,1,boundary
0.36835891381345925,0.2221666782658734,1,boundary
0.36801133062913305,0.7609208972845336,1,boundary
0.37275994481506386,0.7626918536009445,1,boundary
0.37365914504668757,0.222653587066821,1,boundary
0.3773424696375103,0.7647523437470976,1,boundary
0.3789593762799159,0.2231404958677686,1,boundary
0.38192499445995665,0.7668128338932506,1,boundary
0.38438525618781516,0.22373081463990555,1,boundary
0.38644891722263164,0.7689754815673777,1,boundary
0.3898111360957145,0.2243211334120425,1,boundary
0.39097283998530663,0.7711381292415049,1,boundary
0.3945136598215151,0.22617243651982075,1,boundary
0.3961122349579781,0.7722278603704573,1,boundary
0.39921618354731564,0.228023739627599,1,boundary
0.4012516299306495,0.7733175914994096,1,boundary
0.4040108881933778,0.22971434915264247,1,boundary
0.4038927243644754,0.776071933576056,1,boundary
0.40495867768595045,0.7878499053379161,1,boundary
0.40574624824212585,0.7833380904953091,1,boundary
0.40653381879830125,0.7788262756527022,1,boundary
0.4085342998661118,0.791209486317128,1,boundary
0.40880559283943996,0.23140495867768593,1,boundary
0.41210992204627317,0.7945690672963399,1,boundary
0.41370430447044637,0.23107629596344126,1,boundary
0.41685853623220415,0.792798110979929,1,boundary
0.418027659410964,0.21007151414275504,1,boundary
0.4186030161014528,0.23074763324919656,1,boundary
0.4199469927464179,0.21325345376048338,1,boundary
0.42032341720564603,0.20600480003166213,1,boundary
0.42160715041813507,0.7910271546635181,1,boundary
0.42186632608187175,0.21643539337821174,1,boundary
0.4226191750003281,0.20193808592056922,1,boundary
0.4229117486135552,0.23040082224055575,1,boundary
0.4252888767709279,0.21985794406726794,1,boundary
0.4266943974650499,0.7898465171192444,1,boundary
0.42697507983474514,0.2013232342235668,1,boundary
0.42722048112565764,0.23005401123191496,1,boundary
0.42796595429282086,0.22666725299411955,1,boundary
0.4287114274599841,0.2232804947563241,1,boundary
0.43133098466916214,0.20070838252656434,1,boundary
0.4317816445119647,0.7886658795749705,1,boundary
0.4346050574399161,0.19834710743801653,1,boundary
0.437011595102853,0.7895977504147573,1,boundary
0.4378791302106701,0.19598583234946873,1,boundary
0.44037780401416765,0.5394554296258891,1,boundary
0.4417249248031312,0.5438021083291809,1,boundary
0.44224154569374124,0.7905296212545441,1,boundary
0.4430736668587856,0.19697943823515068,1,boundary
0.44307204559209473,0.5481487870324726,1,boundary
0.44446742805827244,0.5371421185909846,1,boundary
0.44467651866381597,0.5524195151598755,1,boundary
0.44453730348842346,0.7945963353656371,1,boundary
0.4462809917355372,0.5566902432872785,1,boundary
0.44683306128310574,0.7986630494767302,1,boundary
0.4474616292798111,0.561086055023992,1,boundary
0.4482682035069011,0.19797304412083264,1,boundary
0.4485570521023773,0.5348288075560802,1,boundary
0.448642266824085,0.5654818667607056,1,boundary
0.4509212243045355,0.5695535390308151,1,boundary
0.4504708022227346,0.7993491965556744,1,boundary
0.452909528091632,0.19993103209583546,1,boundary
0.4527318908681898,0.5350223319631553,1,boundary
0.453200181784986,0.5736252113009245,1,boundary
0.45367273429206656,0.5782299952129637,1,boundary
0.45414528679914706,0.582834779125003,1,boundary
0.45410854316236354,0.8000353436346186,1,boundary
0.45552600821657474,0.5871715415102627,1,boundary
0.45690672963400236,0.5352158563702304,1,boundary
0.45690672963400236,0.5915083038955224,1,boundary
0.45690672963400236,0.5962525489177012,1,boundary
0.45690672963400236,0.6009967939398799,1,boundary
0.4575508526763628,0.20188902007083825,1,boundary
0.4574970484061393,0.605566822319326,1,boundary
0.45808736717827625,0.5396116681069438,1,boundary
0.45808736717827625,0.6101368506987721,1,boundary
0.457974569167583,0.8020247556425748,1,boundary
0.45926800472255014,0.5440074798436574,1,boundary
0.460448642266824,0.5484032915803712,1,boundary
0.46154962188163473,0.8336097641868422,1,boundary
0.4617421833664095,0.20463145596565427,1,boundary
0.46162927981109797,0.5527991033170848,1,boundary
0.46184059517280246,0.8040141676505311,1,boundary
0.46229851834395586,0.6101843107834704,1,boundary
0.4633895783544164,0.8294085326255127,1,boundary
0.4632002013834069,0.8375419608476988,1,boundary
0.46527685012477193,0.8062419653686983,1,boundary
0.46522953482719803,0.8252073010641834,1,boundary
0.46485078088517906,0.8414741575085556,1,boundary
0.4659335140564561,0.20737389186047028,1,boundary
0.46601325089863627,0.5518266785639203,1,boundary
0.4665096695096354,0.6102317708681686,1,boundary
0.4680729558849246,0.8445859571486107,1,boundary
0.46890026342361163,0.21093095999976275,1,boundary
0.4687131050767414,0.8084697630868656,1,boundary
0.46893898098742703,0.8246461534836855,1,boundary
0.46926122862621844,0.6062995742073116,1,boundary
0.46989374262101535,0.8128655748235785,1,boundary
0.47039722198617456,0.5508542538107557,1,boundary
0.47107438016528924,0.8172613865602913,1,boundary
0.47129513088467007,0.8476977567886659,1,boundary
0.47186701279076715,0.21448802813905524,1,boundary
0.4720127877428014,0.6023673775464548,1,boundary
0.4718614036564726,0.8206731962317395,1,boundary
0.472648427147656,0.8240850059031877,1,boundary
0.47461297942535335,0.5528769498097462,1,boundary
0.47703055789813387,0.6010656250187999,1,boundary
0.4766395792676189,0.8481461207673961,1,boundary
0.47718160433894485,0.21409171182631626,1,boundary
0.47882873686453215,0.5548996458087367,1,boundary
0.4798516859135861,0.8188496127877125,1,boundary
0.4801137550890486,0.8351164692320848,1,boundary
0.48077590198867026,0.8231697486530228,1,boundary
0.4809069365764015,0.831303176875209,1,boundary
0.48091138679636536,0.8390458379218275,1,boundary
0.4820483280534663,0.599763872491145,1,boundary
0.4817001180637544,0.8274898845183332,1,boundary
0.48170901850368214,0.8429752066115702,1,boundary
0.4819840276505677,0.8485944847461265,1,boundary
0.4824961958871226,0.2136953955135773,1,boundary
0.48303362553131446,0.8156676731699841,1,boundary
0.48344563470012997,0.5569002155004494,1,boundary
0.48621556514904274,0.8124857335522558,1,boundary
0.48650878392462843,0.6008565207243415,1,boundary
0.4879220757950218,0.21428571428571425,1,boundary
0.4880625325357278,0.5589007851921621,1,boundary
0.49096923979579055,0.6019491689575378,1,boundary
0.4915820433270562,0.8129725007784891,1,boundary
0.4925864552984024,0.5610634328662889,1,boundary
0.49334795570292095,0.21487603305785122,1,boundary
0.4952779723078925,0.6044869451532289,1,boundary
0.49694852150506963,0.8134592680047225,1,boundary
0.49711037806107705,0.5632260805404158,1,boundary
0.498331155040597,0.2135140152547832,1,boundary
0.49935973891074026,0.8168423016254185,1,boundary
0.49958670481999445,0.60702472134892,1,boundary
0.5018767671596114,0.5649660508959458,1,boundary
0.5017709563164109,0.8202253352461146,1,boundary
0.5033143543782731,0.21215199745171517,1,boundary
0.5045410080838144,0.6066159446700643,1,boundary
0.5048302210893482,0.8234434790311775,1,boundary
0.5066431562581458,0.5667060212514757,1,boundary
0.5078894858622854,0.8266616228162406,1,boundary
0.5084838478926665,0.21237138253446433,1,boundary
0.5094953113476344,0.6062071679912086,1,boundary
0.5117304033050598,0.5678866587957496,1,boundary
0.5119830281238149,0.8272132524449483,1,boundary
0.51365334140706,0.2125907676172135,1,boundary
0.5146648048620269,0.6051699058817747,1,boundary
0.5160765703853445,0.8277648820736561,1,boundary
0.5168176503519737,0.5690672963400235,1,boundary
0.5183924544203076,0.21190787636101455,1,boundary
0.5199200412326574,0.5718814880742045,1,boundary
0.5198342983764195,0.6041326437723408,1,boundary
0.5198088536469594,0.8294668566212436,1,boundary
0.5231315674335552,0.2112249851048156,1,boundary
0.5230224321133412,0.5746956798083854,1,boundary
0.5230224321133412,0.5794399248305642,1,boundary
0.5230224321133412,0.584184169852743,1,boundary
0.5229520246272893,0.6057374676985665,1,boundary
0.5235411369085742,0.8311688311688312,1,boundary
0.5260697508781591,0.6073422916247924,1,boundary
0.5266031042642738,0.6112272260957492,1,boundary
0.5274402999456572,0.20868720890912434,1,boundary
0.5271364576503884,0.6151121605667059,1,boundary
0.5279690885925072,0.5842998771341638,1,boundary
0.5279705173492631,0.832315651374315,1,boundary
0.5317490324577593,0.20614943271343306,1,boundary
0.531546438975335,0.613931523022432,1,boundary
0.5323998977899521,0.8334624715797987,1,boundary
0.5329157450716733,0.5844155844155845,1,boundary
0.535385308989427,0.8361933543060571,1,boundary
0.5356273844687162,0.20286139947461318,1,boundary
0.5359564203002816,0.6127508854781581,1,boundary
0.5371635702445918,0.6168132563442223,1,boundary
0.5386802578405544,0.5844155844155845,1,boundary
0.538370720188902,0.6208756272102866,1,boundary
0.538370720188902,0.8389242370323157,1,boundary
0.5390849825560815,0.8344562153284365,1,boundary
0.539505736479673,0.19957336623579333,1,boundary
0.5397992449232611,0.8299881936245572,1,boundary
0.5415999119727037,0.6227164440655919,1,boundary
0.5442092262482081,0.8299881936245572,1,boundary
0.5445798983458989,0.198369918064768,1,boundary
0.5444447706094355,0.5844155844155845,1,boundary
0.5448291037565056,0.6245572609208973,1,boundary
0.5480934184662103,0.6228272586645401,1,boundary
0.5486192075731551,0.8299881936245572,1,boundary
0.5496540602121247,0.19716646989374265,1,boundary
0.5502092833783168,0.5844155844155845,1,boundary
0.551357733175915,0.621097256408183,1,boundary
0.551357733175915,0.6258415014303618,1,boundary
0.551357733175915,0.6305857464525406,1,boundary
0.5514141058648645,0.8331847854312975,1,boundary
0.5530054515160674,0.6345320909761041,1,boundary
0.5542090041565738,0.8363813772380377,1,boundary
0.5544885048735401,0.19554513680277025,1,boundary
0.5546531698562199,0.6384784354996674,1,boundary
0.5559737961471981,0.5844155844155845,1,boundary
0.556869662180247,0.6412852465958314,1,boundary
0.5590861545042741,0.6440920576919955,1,boundary
0.558759527099582,0.83849765438053,1,boundary
0.5593229495349554,0.19392380371179782,1,boundary
0.5617383089160792,0.5844155844155845,1,boundary
0.56331005004259,0.8406139315230224,1,boundary
0.5638252675175214,0.6440212175652651,1,boundary
0.5643243661063857,0.19259354294208547,1,boundary
0.5675028216849604,0.5844155844155845,1,boundary
0.5680225628755047,0.8424478212072203,1,boundary
0.5685643805307686,0.6439503774385348,1,boundary
0.5693257826778161,0.1912632821723731,1,boundary
0.5719128030099068,0.5855962219598584,1,boundary
0.5728301145207496,0.6413376444453595,1,boundary
0.5727350757084193,0.8442817108914181,1,boundary
0.5742329726340267,0.189768761680088,1,boundary
0.5763227843348533,0.5867768595041323,1,boundary
0.5764238860169209,0.846580052612179,1,boundary
0.5770958485107306,0.6387249114521841,1,boundary
0.5787381924343058,0.6348392477596663,1,boundary
0.5791401625902374,0.18827424118780292,1,boundary
0.5801126963254224,0.8488783943329398,1,boundary
0.5808154187941137,0.5866327751508902,1,boundary
0.580380536357881,0.6309535840671485,1,boundary
0.5826762941525636,0.626886869956055,1,boundary
0.5840688338668727,0.18681716781940325,1,boundary
0.5853080532533741,0.586488690797648,1,boundary
0.5849720519472461,0.6228201558449615,1,boundary
0.5851999433723372,0.8488783943329398,1,boundary
0.5867768595041323,0.6456228334272358,1,boundary
0.587698190243074,0.6195036987769968,1,boundary
0.5873671782762693,0.6414012383332548,1,boundary
0.5879574970484062,0.6276911531949163,1,boundary
0.5879574970484062,0.632435398217095,1,boundary
0.5879574970484062,0.6371796432392738,1,boundary
0.588089244139153,0.6499797635682372,1,boundary
0.5889975051435081,0.18536009445100357,1,boundary
0.5894016287741736,0.6543366937092384,1,boundary
0.5902871904192519,0.8488783943329398,1,boundary
0.5906512800269579,0.5860424563787531,1,boundary
0.5904243285389018,0.616187241709032,1,boundary
0.590318772136954,0.6236437747436678,1,boundary
0.5908343344748694,0.8530695913132689,1,boundary
0.5904720458907451,0.8630460448642265,1,boundary
0.5913814785304871,0.857260788293598,1,boundary
0.5926800472255018,0.6195963962924192,1,boundary
0.5935085498512758,0.6565662217070395,1,boundary
0.5940847521904231,0.18417945690672965,1,boundary
0.5958979257986438,0.8636363636363635,1,boundary
0.5959945068005416,0.5855962219598582,1,boundary
0.5976154709283779,0.6587957497048406,1,boundary
0.599171999237338,0.18299881936245574,1,boundary
0.6014203867084391,0.5850059031877213,1,boundary
0.6013238057065424,0.8642266824085005,1,boundary
0.6029613550570151,0.6592466165346826,1,boundary
0.6040189907052496,0.1813993583821326,1,boundary
0.6068462666163366,0.5844155844155845,1,boundary
0.6066393567127663,0.8638286935289166,1,boundary
0.6083072391856523,0.6596974833645247,1,boundary
0.6088659821731611,0.1797998974018095,1,boundary
0.6093903508328747,0.8396146719662867,1,boundary
0.6101373266743175,0.8351444055044839,1,boundary
0.6113987525977966,0.17611475209819338,1,boundary
0.6108843025157603,0.8306741390426812,1,boundary
0.6119549077189901,0.8634307046493325,1,boundary
0.6126107793852178,0.5844155844155845,1,boundary
0.6126159716977542,0.6571597071688337,1,boundary
0.6127242589885424,0.8264729074813513,1,boundary
0.6139315230224321,0.1724296067945773,1,boundary
0.6135137225000107,0.8424755768332024,1,boundary
0.6145642154613244,0.8222716759200214,1,boundary
0.6162054584377334,0.1683564523975718,1,boundary
0.6162927981109799,0.8097085159078398,1,boundary
0.6160484499805196,0.866343609366588,1,boundary
0.6169247042098561,0.6546219309731426,1,boundary
0.6174734356552538,0.682224485524155,1,boundary
0.6172881881562099,0.813945167044829,1,boundary
0.6176370941671466,0.845336481700118,1,boundary
0.6178749466214197,0.6868502354283615,1,boundary
0.6182764575875856,0.691475985332568,1,boundary
0.6182835782014399,0.8181818181818182,1,boundary
0.6184793938530347,0.1642832980005663,1,boundary
0.6183752921540989,0.5844155844155845,1,boundary
0.6192443919716646,0.678002890430174,1,boundary
0.6196459029378305,0.6958160755445215,1,boundary
0.6201123859785929,0.8068613417791854,1,boundary
0.620141992242049,0.8692565140838436,1,boundary
0.6210153482880755,0.14744846951616072,1,boundary
0.620928008614829,0.16026169549507602,1,boundary
0.6212334367219581,0.6520841547774514,1,boundary
0.6210153482880755,0.6737812953361931,1,boundary
0.6210153482880755,0.700156165756475,1,boundary
0.6210971775440219,0.8425050531249271,1,boundary
0.6221959858323494,0.14305265777944814,1,boundary
0.6221959858323494,0.15184428125287325,1,boundary
0.623237232853909,0.5833611386845788,1,boundary
0.6233766233766234,0.13865684604273557,1,boundary
0.6233766233766234,0.15624009298958574,1,boundary
0.6234511477800438,0.669755910749918,1,boundary
0.6239319738462057,0.8040141676505311,1,boundary
0.6246912052340519,0.7024983898439989,1,boundary
0.6245572609208973,0.8396736245497362,1,boundary
0.62554216923406,0.6495463785817603,1,boundary
0.6253173743930723,0.8702835108789938,1,boundary
0.6258869472720122,0.6657305261636429,1,boundary
0.6269185360094451,0.8461499845858353,1,boundary
0.6272685425623535,0.1356844377199351,1,boundary
0.628099173553719,0.5823066929535732,1,boundary
0.6283670621800282,0.704840613931523,1,boundary
0.6285577496882422,0.842791639282292,1,boundary
0.6293858925429612,0.5779421882903779,1,boundary
0.6294306262740645,0.8044776263639486,1,boundary
0.629850901746162,0.6470086023860693,1,boundary
0.6296624133568234,0.6622631379342417,1,boundary
0.6306726115322033,0.5735776836271828,1,boundary
0.6301969633670392,0.8394332939787486,1,boundary
0.6304145395771793,0.848150417296612,1,boundary
0.6304927565440956,0.871310507674144,1,boundary
0.6311604617480837,0.1327120293971346,1,boundary
0.6334378794416345,0.6587957497048406,1,boundary
0.6337929420879258,0.7042502951593861,1,boundary
0.6334281964538659,0.8742621015348288,1,boundary
0.634159634258264,0.6444708261903781,1,boundary
0.6339105431449135,0.8501508500073887,1,boundary
0.6345509635431599,0.570289650388363,1,boundary
0.6349292787019233,0.804941085077366,1,boundary
0.6356843845107589,0.1305493817230072,1,boundary
0.6354910766747724,0.654806441383033,1,boundary
0.6363636363636364,0.8772136953955135,1,boundary
0.6375442739079104,0.6508171330612256,1,boundary
0.6381366391404069,0.8087387642879864,1,boundary
0.6380886836149597,0.8499624527678464,1,boundary
0.6384293155541165,0.5670016171495433,1,boundary
0.6388035479437719,0.6437708178172858,1,boundary
0.6392188219958232,0.7036599763872492,1,boundary
0.6402083072734343,0.1283867340488798,1,boundary
0.640495867768595,0.6469439712527096,1,boundary
0.641086186540732,0.8589141122871967,1,boundary
0.6413439995788903,0.8125364434986069,1,boundary
0.641676505312869,0.8543440839077505,1,boundary
0.6420924773145006,0.5633384553891593,1,boundary
0.642266824085006,0.8497740555283043,1,boundary
0.6421281491325507,0.8772136953955135,1,boundary
0.6434474616292798,0.6430708094441937,1,boundary
0.6442982923408175,0.7048541705991043,1,boundary
0.6442853281252907,0.8154777720450074,1,boundary
0.643820029688129,0.8617881480611363,1,boundary
0.6447322300361088,0.12622408637475302,1,boundary
0.6457556390748846,0.5596752936287752,1,boundary
0.646553872835526,0.864662183835076,1,boundary
0.6464142109964355,0.8682192519743686,1,boundary
0.646274549157345,0.8717763201136612,1,boundary
0.6472266566716912,0.8184191005914079,1,boundary
0.647892661901465,0.8772136953955135,1,boundary
0.6492561527987833,0.12406143870062622,1,boundary
0.6494731251039539,0.556106832174482,1,boundary
0.6493777626858117,0.7060483648109593,1,boundary
0.6516646924960643,0.8200714157030238,1,boundary
0.6523445120529674,0.7096054329502519,1,boundary
0.6531906111330232,0.5525383707201889,1,boundary
0.6539952658120313,0.12227391954806316,1,boundary
0.6553112614201232,0.7131625010895445,1,boundary
0.6561027283204374,0.8217237308146398,1,boundary
0.6576602096270125,0.5502810227399713,1,boundary
0.6576070192148057,0.7172292152006379,1,boundary
0.6587343788252792,0.12048640039550008,1,boundary
0.6599027770094882,0.7212959293117313,1,boundary
0.660902307451231,0.8224028937810064,1,boundary
0.6612869321603697,0.7256316783232977,1,boundary
0.662129808121002,0.5480236747597536,1,boundary
0.6626710873112512,0.729967427334864,1,boundary
0.6634653904907517,0.11868475863930848,1,boundary
0.6645950103178799,0.54463020944934,1,boundary
0.6657018865820247,0.8230820567473731,1,boundary
0.667060212514758,0.5412367441389264,1,boundary
0.667650531286895,0.5366667157594802,1,boundary
0.6674102003244986,0.7317549464874264,1,boundary
0.6681964021562241,0.11688311688311688,1,boundary
0.6682408500590319,0.5320966873800339,1,boundary
0.6702239763657074,0.5279377085285599,1,boundary
0.6700609029621076,0.8206319374645956,1,boundary
0.6722071026723829,0.5237787296770858,1,boundary
0.6721493133377459,0.7335424656399889,1,boundary
0.6727284262666742,0.11473459181261852,1,boundary
0.673519934859958,0.10445263851993425,1,boundary
0.674803356708909,0.10025140695860504,1,boundary
0.6744199193421907,0.8181818181818182,1,boundary
0.675390192618541,0.10851935263102722,1,boundary
0.6754144631108664,0.5199810504664654,1,boundary
0.67608677855786,0.09605017539727585,1,boundary
0.6755079506476214,0.7372954995675843,1,boundary
0.6772604503771241,0.11258606674212018,1,boundary
0.6786218235493499,0.5161833712558449,1,boundary
0.678866587957497,0.7410485334951797,1,boundary
0.680047225501771,0.06725930947919381,1,boundary
0.6803700902492069,0.09412813879447673,1,boundary
0.6801844321110719,0.8181818181818182,1,boundary
0.680555267558887,0.7452944103395347,1,boundary
0.6816324432237988,0.06333133194082763,1,boundary
0.6812062364716165,0.08380363906901912,1,boundary
0.681373382665933,0.512251174594988,1,boundary
0.6817634778115302,0.07146476016301351,1,boundary
0.6822439471602769,0.7495402871838895,1,boundary
0.6823429832964529,0.07973692495792616,1,boundary
0.6829298192060851,0.08800487063034837,1,boundary
0.6832176609458266,0.05940335440246143,1,boundary
0.6834797301212895,0.07567021084683319,1,boundary
0.684124941782516,0.508318977934131,1,boundary
0.6836281023111586,0.753876036195456,1,boundary
0.6846534019405538,0.09220610219167762,1,boundary
0.6850122574620401,0.7582117852070223,1,boundary
0.6859489448799533,0.8181818181818182,1,boundary
0.6866619728868641,0.7624691612757767,1,boundary
0.6868808227062106,0.05574019264207737,1,boundary
0.6875474924715721,0.5048964272450749,1,boundary
0.6883116883116883,0.7667265373445311,1,boundary
0.6893463423775025,0.8153754736279996,1,boundary
0.6905439844665947,0.05207703088169332,1,boundary
0.6909700431606283,0.5014738765560187,1,boundary
0.6917092897981297,0.770468072047727,1,boundary
0.6927437398750517,0.8125691290741809,1,boundary
0.6937513449050781,0.04827935167107297,1,boundary
0.6951068912845711,0.774209606750923,1,boundary
0.6958038663674724,0.5010320976640779,1,boundary
0.696166290564108,0.8091465783851246,1,boundary
0.6969587053435614,0.044481672460452634,1,boundary
0.6983142517230547,0.7780072859615434,1,boundary
0.6995888412531641,0.8057240276960684,1,boundary
0.7006376895743166,0.500590318772137,1,boundary
0.7012987012987013,0.2209975825533077,1,boundary
0.7015216121615382,0.7818049651721638,1,boundary
0.7018170445092626,0.042901993255019685,1,boundary
0.7018890200708383,0.22556761093275263,1,boundary
0.7024793388429752,0.23013763931219755,1,boundary
0.7024793388429752,0.2348818843343748,1,boundary
0.7024793388429752,0.239626129356552,1,boundary
0.7025555906203198,0.8021669595567759,1,boundary
0.7044217601784513,0.21717502401437722,1,boundary
0.7043617505908045,0.7857110200411623,1,boundary
0.7052141844384127,0.243563258561789,1,boundary
0.7050476708992631,0.4982290436835892,1,boundary
0.7055223399874754,0.7986098914174833,1,boundary
0.7063621145037731,0.7941134831638221,1,boundary
0.7066753836749639,0.041322314049586736,1,boundary
0.7075448190582013,0.21335246547544676,1,boundary
0.7072018890200709,0.7896170749101609,1,boundary
0.7083825265643447,0.19531957870396177,1,boundary
0.7079490300338501,0.24750038776702601,1,boundary
0.7089728453364816,0.19988960708340664,1,boundary
0.70855399158341,0.20890605046914915,1,boundary
0.7095631641086186,0.19092376696724928,1,boundary
0.7095631641086186,0.20445963546285154,1,boundary
0.7094576522242096,0.4958677685950414,1,boundary
0.710700433991893,0.1770522639800866,1,boundary
0.7107221178223928,0.18179010960531167,1,boundary
0.7107438016528925,0.18652795523053675,1,boundary
0.7115104607863305,0.03970208347145842,1,boundary
0.7114031205814001,0.17285103241875738,1,boundary
0.7111563904723335,0.25129806697764634,1,boundary
0.7121058071709072,0.16864980085742812,1,boundary
0.7137856159804429,0.49336351709742354,1,boundary
0.7143637509108168,0.2550957461882667,1,boundary
0.7153131676093906,0.16485212164680776,1,boundary
0.7163455378976971,0.038081852893330104,1,boundary
0.7180269126712009,0.2587589079486507,1,boundary
0.7181135797366761,0.4908592655998057,1,boundary
0.7185205280478739,0.1610544424361874,1,boundary
0.7199450337996158,0.1567306018147088,1,boundary
0.7212998411615176,0.03666946226233128,1,boundary
0.7213695395513577,0.15240676119323018,1,boundary
0.721690074431585,0.2624220697090347,1,boundary
0.7224223122487781,0.48832148940411463,1,boundary
0.7245111285682249,0.15077354104205376,1,boundary
0.7255684264425417,0.2657101029478546,1,boundary
0.7262541444253381,0.03525707163133246,1,boundary
0.72673104476088,0.48578371320842356,1,boundary
0.7276527175850921,0.1491403208908773,1,boundary
0.7294467784534985,0.2689981361866745,1,boundary
0.729482603877463,0.4818515165475666,1,boundary
0.7297150297097175,0.031845834362775535,1,boundary
0.732674613675602,0.1457197192641855,1,boundary
0.732234162994046,0.4779193198867096,1,boundary
0.7331759149940968,0.028434597094218615,1,boundary
0.7345145701483835,0.14151848770285624,1,boundary
0.7344803255585113,0.27027238568483664,1,boundary
0.7350663140826192,0.47401090776982113,1,boundary
0.7363545266211649,0.13731725614152698,1,boundary
0.7378984651711924,0.4701024956529327,1,boundary
0.7387374544143122,0.028136278607413447,1,boundary
0.7395138726635242,0.27154663518299876,1,boundary
0.7403216723519749,0.13418401177796535,1,boundary
0.7410252336376858,0.4662810318983437,1,boundary
0.7416577627780432,0.27483806059924454,1,boundary
0.7438016528925621,0.27812948601549037,1,boundary
0.7442989938345275,0.027837960120608282,1,boundary
0.7442888180827849,0.13105076741440375,1,boundary
0.7441520021041792,0.46245956814375466,1,boundary
0.7482059083195509,0.2795606107763402,1,boundary
0.7482935666244613,0.12798307382188978,1,boundary
0.7486624713023504,0.46027346766101546,1,boundary
0.7491902563606523,0.02867694936372798,1,boundary
0.7522983151661378,0.12491538022937584,1,boundary
0.7526101637465398,0.2809917355371901,1,boundary
0.7531729405005215,0.45808736717827625,1,boundary
0.7540815188867772,0.02951593860684767,1,boundary
0.7561766671770946,0.121627346990556,1,boundary
0.7576974107934544,0.28217237308146403,1,boundary
0.7581406973288449,0.45905970444443833,1,boundary
0.7586684823871477,0.0315686910665453,1,boundary
0.7600550191880514,0.11833931375173615,1,boundary
0.7627846578403692,0.2833530106257379,1,boundary
0.7631084541571682,0.46003204171060036,1,boundary
0.763255445887518,0.03362144352624293,1,boundary
0.763933371199008,0.11505128051291644,1,boundary
0.7659138250887004,0.10593743783958587,1,boundary
0.7666240502618011,0.10200524117872925,1,boundary
0.7673342754349018,0.09807304451787262,1,boundary
0.7675641783996202,0.0361592197219342,1,boundary
0.7678117232099646,0.11176324727409671,1,boundary
0.7678719048872834,0.2845336481700118,1,boundary
0.7683151914226725,0.45905970444443833,1,boundary
0.7707568261239579,0.09465049382881657,1,boundary
0.7715667825465288,0.04252309895739058,1,boundary
0.7712606541813352,0.04634920199715568,1,boundary
0.7718729109117224,0.038696995917625474,1,boundary
0.7729591519341976,0.28571428571428575,1,boundary
0.7735219286881767,0.45808736717827625,1,boundary
0.7740122132979179,0.0502813986580123,1,boundary
0.774179376813014,0.09122794313976053,1,boundary
0.7767637724145006,0.054213595318868935,1,boundary
0.777842538573398,0.08756478137937651,1,boundary
0.7783850318420964,0.2863046044864227,1,boundary
0.7788693687020303,0.4573603087471348,1,boundary
0.7804690300515534,0.05780337381055609,1,boundary
0.781505700333782,0.0839016196189925,1,boundary
0.7841742876886063,0.06139315230224325,1,boundary
0.7842572594503647,0.07996942295813589,1,boundary
0.7838109117499951,0.2868949232585597,1,boundary
0.784216808715884,0.45663325031599333,1,boundary
0.7870088185669475,0.07603722629727926,1,boundary
0.7874315096005583,0.06451395773843199,1,boundary
0.7888487750397288,0.07183599473595001,1,boundary
0.7888981587969093,0.2868949232585597,1,boundary
0.7893824956568418,0.45558935243072396,1,boundary
0.7906887315125103,0.06763476317462075,1,boundary
0.7939854058438236,0.2868949232585597,1,boundary
0.7945481825977996,0.45454545454545453,1,boundary
0.7990726528907386,0.2857142857142858,1,boundary
0.7997214826856269,0.4535148282118562,1,boundary
0.8041598999376535,0.28453364817001187,1,boundary
0.8048947827734542,0.4524842018782578,1,boundary
0.8095180216408466,0.28382521050035325,1,boundary
0.8102346096404383,0.4517438718954453,1,boundary
0.8148761433440398,0.2831167728306946,1,boundary
0.8155744365074222,0.4510035419126328,1,boundary
0.8200311485956597,0.28205425418394237,1,boundary
0.8207887869197961,0.4500444761981418,1,boundary
0.8251861538472798,0.2809917355371901,1,boundary
0.8260031373321698,0.44908541048365075,1,boundary
0.8308005161255915,0.28072998700820195,1,boundary
0.8313019138746074,0.4482735198817309,1,boundary
0.8364148784039032,0.2804682384792138,1,boundary
0.8366006904170449,0.44746162927981115,1,boundary
0.8380659307128147,0.2765977556032433,1,boundary
0.839716983021726,0.2727272727272727,1,boundary
0.8412105204022473,0.44544873861973455,1,boundary
0.8454814957906082,0.2727272727272727,1,boundary
0.8458203503874496,0.44343584795965796,1,boundary
0.8512460085594903,0.2727272727272727,1,boundary
0.8510463816350913,0.4424971447590498,1,boundary
0.8562724128827328,0.44155844155844154,1,boundary
0.857010521328373,0.2727272727272727,1,boundary
0.8616982927906304,0.4409681227863046,1,boundary
0.8627750340972555,0.2727272727272727,1,boundary
0.864183164514381,0.27636117284946055,1,boundary
0.8655912949315065,0.2799950729716484,1,boundary
0.8671241726985279,0.44037780401416765,1,boundary
0.871069942916873,0.28049340425441927,1,boundary
0.8725500526064254,0.4397874852420307,1,boundary
0.8765485909022395,0.2809917355371901,1,boundary
0.8779759325143229,0.4391971664698937,1,boundary
0.8816036933259721,0.28009626361436807,1,boundary
0.8832216862601745,0.4382928443417331,1,boundary
0.8866587957497049,0.27920079169154605,1,boundary
0.888467440006026,0.43738852221357255,1,boundary
0.888869107913195,0.27596403220940935,1,boundary
0.8910794200766851,0.2727272727272727,1,boundary
0.8933961803540023,0.4359315692531853,1,boundary
0.8963039444510199,0.27178594268295425,1,boundary
0.8983249207019784,0.43447461629279815,1,boundary
0.9015284688253546,0.2708446126386358,1,boundary
0.9034121677488927,0.43329397874852427,1,boundary
0.9068170714058335,0.27001498636654336,1,boundary
0.908499414795807,0.4321133412042503,1,boundary
0.9121056739863124,0.26918536009445093,1,boundary
0.9135866618427215,0.4309327036599764,1,boundary
0.9171929210332271,0.26800472255017704,1,boundary
0.918673908889636,0.4297520661157025,1,boundary
0.9222801680801419,0.2668240850059031,1,boundary
0.923818268004257,0.4286709886837723,1,boundary
0.9277060479880408,0.26623376623376616,1,boundary
0.9289626271188781,0.4275899112518421,1,boundary
0.9331319278959398,0.2656434474616292,1,boundary
0.9329768635151343,0.4245387572788136,1,boundary
0.9369910999113904,0.42148760330578516,1,boundary
0.9385578078038378,0.26505312868949227,1,boundary
0.9407335675370476,0.4179626908011742,1,boundary
0.9439836877117358,0.2644628099173553,1,boundary
0.9444760351627048,0.41443777829656325,1,boundary
0.9474446291516003,0.4105696336167631,1,boundary
0.9497482004806184,0.2644628099173553,1,boundary
0.9504132231404958,0.4067014889369629,1,boundary
0.9533648170011806,0.40345156899004014,1,boundary
0.9555127132495009,0.2644628099173553,1,boundary
0.9563164108618655,0.4002016490431174,1,boundary
0.9580873671782764,0.39598005394913716,1,boundary
0.960056447947247,0.3823284398921863,1,boundary
0.9599573857209671,0.38704344937367163,1,boundary
0.9598583234946871,0.3917584588551569,1,boundary
0.9612772260183831,0.2644628099173553,1,boundary
0.9617283420373779,0.3780776092575141,1,boundary
0.962219598583235,0.3646867218639522,1,boundary
0.9628099173553719,0.36925675024339705,1,boundary
0.9634002361275088,0.3738267786228419,1,boundary
0.9649960329966554,0.36138510833673754,1,boundary
0.9670417387872651,0.2644628099173553,1,boundary
0.9677724674100757,0.35808349480952284,1,boundary
0.9714102083497045,0.35503607264203096,1,boundary
0.9721930804116439,0.26553171515024276,1,boundary
0.9750479492893334,0.35198865047453914,1,boundary
0.9773444220360228,0.26660062038313015,1,boundary
0.9774885555183385,0.34796468446688433,1,boundary
0.9799291617473436,0.3439407184592295,1,boundary
0.9823675745054733,0.26789299023879054,1,boundary
0.9825358724296034,0.33996577369493475,1,boundary
0.9851425831118631,0.33599082893064,1,boundary
0.9873907269749238,0.26918536009445093,1,boundary
0.9878487413788359,0.33204523343517134,1,boundary
0.9905548996458087,0.32809963793970276,1,boundary
0.9924913712836869,0.2703426429792237,1,boundary
0.9924402569682,0.32391180521298546,1,boundary
0.9943256142905913,0.31972397248626816,1,boundary
0.9959821696010218,0.315468615025025,1,boundary
0.9975920155924499,0.2714999258639965,1,boundary
0.9980390296065119,0.30184290663906066,1,boundary
0.9978388772589821,0.30652808210142124,1,boundary
0.9976387249114522,0.3112132575637818,1,boundary
0.9984795671900834,0.2836928058913806,1,boundary
0.9986494648229047,0.28813875832595914,1,boundary
0.998429196031119,0.2972138086997992,1,boundary
0.9992397835950417,0.27917291820980167,1,boundary
0.9988193624557261,0.29258471076053766,1,boundary
1.0,0.27465303052822276,1,boundary
0.06309340676323134,0.14353567906859196,1,interior
0.06922250434141712,0.14461119086446075,1,interior
0.07718413158021345,0.14824784083975262,1,interior
0.0593371335985651,0.15537111093738276,1,interior
0.0829207945134186,0.15815420374478853,1,interior
0.08431912858497709,0.14969748100202032,1,interior
0.08807564353740398,0.14397585927349563,1,interior
0.08823146770712816,0.1553901632066893,1,interior
0.09225030734189284,0.15046319264660873,1,interior
0.04051981158276342,0.15014485422215013,1,interior
0.07377482228346718,0.145989334083504,1,interior
0.09133998876595739,0.13922515368061603,1,interior
0.08639954694720572,0.1371526403126719,1,interior
0.03338750759675548,0.15172415752014665,1,interior
0.03791332135233693,0.15444440452164804,1,interior
0.04738486570558594,0.15111854025234253,1,interior
0.04254599315263106,0.1563348187210861,1,interior
0.05035856968164507,0.15580263192958077,1,interior
0.05414089836979693,0.15095220698579015,1,interior
0.09074228030398895,0.13403255919609916,1,interior
0.02470178865433498,0.14774170497205746,1,interior
0.02808282709380184,0.15095036751721636,1,interior
0.06758129123687356,0.16625638019567576,1,interior
0.05293634049921897,0.16011520022697176,1,interior
0.06277243951842289,0.16104075504454748,1,interior
0.08761901390416296,0.16170720235206953,1,interior
0.035093742365730804,0.15877531089374597,1,interior
0.11127156142538552,0.04884633279031065,1,boundary
0.03958377962775334,0.162621000600515,1,interior
0.034386735432249356,0.16544815240475394,1,interior
0.029934007887626145,0.16248929184701533,1,interior
0.02773607781305781,0.15692373893182407,1,interior
0.09863558846098913,0.15436761796517126,1,interior
0.09379678787646399,0.15846307696602854,1,interior
0.12009404947979992,0.05486491985268114,1,interior
0.12587444199364345,0.05688887404177063,1,interior
0.1295437042723063,0.06135734279409389,1,interior
0.10725503533560399,0.15688597886871145,1,boundary
0.13738136768077627,0.0873842798379858,1,interior
0.1392422830216968,0.08377193527197471,1,interior
0.13841846597146673,0.07849157169209268,1,interior
0.10066101109534661,0.16227383451774718,1,interior
0.13741032584200832,0.09169546729551464,1,interior
0.13370460211858337,0.07326874432872127,1,boundary
0.13731585920236158,0.06631008783485122,1,interior
0.1337025630808452,0.05467786638371632,1,interior
0.12910642542853254,0.05059600498267919,1,interior
0.12291358854413063,0.04939747187109649,1,interior
0.13487183985326862,0.0613335246023138,1,interior
0.11647623841894478,0.05017840118173875,1,interior
0.11721127438925806,0.04545160759878011,1,interior
0.1134933712204605,0.04493936372337408,1,interior
0.10840376474954116,0.16392071928098675,1,interior
0.1050807436265113,0.16824292911311278,1,interior
0.1457101469942705,0.0716120084763764,1,interior
0.13895928337141691,0.07266378708111153,1,interior
0.1410418800172152,0.058667565994033076,1,interior
0.14700786614652459,0.06465798726876933,1,interior
0.07068579392063606,0.17251931264139983,1,interior
0.1395462021101018,0.04925024713844015,1,interior
0.1282780080063796,0.04471176396323886,1,interior
0.14871828937942114,0.05811690619451434,1,interior
0.15222360400287202,0.06999448600987397,1,interior
0.1536660973767715,0.06374595158099207,1,interior
0.12247624803283297,0.043029343315262834,1,interior
0.1341779423847188,0.04627079748845939,1,interior
0.14427473868049925,0.07852785980438108,1,interior
0.15091710252472856,0.07617324544054682,1,interior
0.15924004805892075,0.06881234988384068,1,interior
0.1556658609333521,0.057725886169088,1,interior
0.16061157207065255,0.062356284499825755,1,interior
0.14236239029391673,0.09107225031326856,1,interior
0.1450979069286061,0.08510197367244604,1,interior
0.11068063301815866,0.16997818293975525,1,interior
0.11453410562417031,0.166235146801244,1,interior
0.14563752861403853,0.051339478218898144,1,interior
0.15215222326802164,0.05207025370459559,1,interior
0.14188671236427708,0.06649519050183618,1,interior
0.020373912340541988,0.15733792740458213,1,interior
0.02264960862588611,0.15212765842457263,1,interior
0.0237930554375223,0.1636345235389435,1,interior
0.11630846531281185,0.17403317728617596,1,interior
0.045517817650564056,0.16047482457984932,1,interior
0.14315044399382454,0.09883140539686844,1,interior
0.12366687923250401,0.17245623210864064,1,interior
0.12150074557711198,0.16537655380059066,1,interior
0.1323468783118352,0.038794698815953814,1,interior
0.13903830689931745,0.040294468729417075,1,interior
0.028784380909683074,0.16786887367255052,1,interior
0.018393400480111153,0.1681023578273393,1,interior
0.017698032700732932,0.1621256396932192,1,interior
0.023571926828606926,0.1706437699768583,1,interior
0.12695682877227626,0.040042595099872444,1,interior
0.15574640973176615,0.08019940241900787,1,interior
0.1579326391541083,0.07488741038259102,1,interior
0.06480616919273448,0.1686155951759565,1,interior
0.15818546282034968,0.05238004573139926,1,interior
0.16249450222821757,0.05598454466955172,1,interior
0.14471276442581937,0.04379018619037032,1,interior
0.12235646462535343,0.19049431794902932,1,interior
0.14432438971368128,0.10859856801912271,1,interior
0.16558446859593826,0.07441202589103117,1,interior
0.1503604419285783,0.08254599234810016,1,interior
0.1690859034364851,0.05375818626784543,1,interior
0.16396611361316787,0.048811304703353216,1,interior
0.1676701317813847,0.060235824403510614,1,interior
0.15686830115282105,0.047146304464837724,1,interior
0.17329139715888336,0.0709799934283643,1,interior
0.1680261719956957,0.08099075257300095,1,interior
0.16166064072048483,0.08171769043679544,1,interior
0.1660806750281907,0.06715667120106249,1,interior
0.1731047592660393,0.07806420775873513,1,interior
0.15067790615942636,0.04554091837387053,1,interior
0.1562903426646699,0.040718669336738185,1,interior
0.16025955763973457,0.08972219515031231,1,interior
0.1556994409160351,0.08641178091582104,1,interior
0.1790868465602395,0.07578224380987572,1,interior
0.17859767805552798,0.06558266613480455,1,interior
0.18111678161483447,0.07024844264219134,1,interior
0.12675061452087463,0.19862873296908498,1,interior
0.12855623305333838,0.1921909523299761,1,interior
0.11714536569654882,0.1990799317594978,1,interior
0.14871575865955072,0.11228942909675411,1,interior
0.14766669763185877,0.10483071682173906,1,interior
0.01279144543521984,0.15791106301025157,1,interior
0.016453946588218405,0.15215076773634023,1,interior
0.17115096636345242,0.04597235939159618,1,interior
0.17441600025044368,0.05222230072518885,1,interior
0.17603318927449355,0.05829253926673899,1,interior
0.16708095308939303,0.04207847525990867,1,interior
0.01899198696967359,0.17455837201570995,1,interior
0.013572016658423067,0.1721197704563824,1,interior
0.12983813129232452,0.18610029233213568,1,interior
0.12941433851487313,0.1744482962636626,1,interior
0.17320367337194953,0.08500488245053134,1,interior
0.17134467613333956,0.09105229926627385,1,interior
0.1475692882214327,0.09431203831446087,1,interior
0.1542169647525166,0.10152305644691767,1,interior
0.1540439764119808,0.09393184255195776,1,interior
0.1280228815043206,0.20681956434093027,1,interior
0.13552768160722833,0.2024241768302443,1,interior
0.13406315489064044,0.19397277004548089,1,interior
0.12133977646839769,0.20488689324706616,1,interior
0.14454322014043974,0.20455769253423642,1,interior
0.134440379820688,0.2103209138881541,1,interior
0.14099352776235935,0.20837839623355028,1,interior
0.14078414933661984,0.19681822830154683,1,interior
0.008626404794724344,0.17340474634085298,1,interior
0.15240743764693293,0.13154242189831505,1,interior
0.1532193832895172,0.1226926691618974,1,interior
0.15039518199560448,0.11785890036923388,1,interior
0.012757529635708668,0.1649723299341911,1,interior
0.12873713788314403,0.21471226690299863,1,interior
0.1355593644562664,0.21768715318714438,1,interior
0.15404404899676713,0.10839443778840041,1,interior
0.14051600166278783,0.21368676904886946,1,interior
0.13675174789581565,0.22608988281746617,1,interior
0.1306909030100229,0.2211236028625872,1,interior
0.1420722193289722,0.21938443856952056,1,interior
0.14951189680230925,0.08899899619703987,1,interior
0.14944046996101834,0.0990235705541429,1,interior
0.16495291899380946,0.09338031664230967,1,interior
0.15662212376276635,0.033984002344088826,1,interior
0.1448518494569238,0.037270737119969165,1,interior
0.15033663218203427,0.03859933466938955,1,interior
0.010949985444274047,0.15222598245588387,1,interior
0.012605792524471703,0.14689855705102445,1,interior
0.018999142791090915,0.1469493378139395,1,interior
0.18683212419311965,0.07817239173561723,1,interior
0.19214751696437116,0.08145643603930469,1,interior
0.13613664146424748,0.034200919761475,1,interior
0.1483205783993276,0.19946584543476192,1,interior
0.14475356143023355,0.19219877651921854,1,interior
0.13843990227982586,0.18793771882971133,1,interior
0.15053086970662874,0.1922231939007897,1,interior
0.1778666927545279,0.04462047926521296,1,interior
0.14026050801882442,0.18153778915377602,1,interior
0.14705514761598254,0.1856777747159371,1,interior
0.13618841406375662,0.17595505795043107,1,interior
0.13438184877314255,0.030215493826107904,1,interior
0.1388009712418298,0.029265784736881146,1,interior
0.15476292556049714,0.11591532496353227,1,interior
0.17962576185867973,0.08229336994325542,1,interior
0.0034033022906170933,0.15256542624754119,1,interior
0.005933823026833774,0.15548120295011184,1,interior
0.20017365535527068,0.06591067594580866,1,interior
0.20467431283684667,0.07181089134145864,1,interior
0.19292717836930504,0.08942035198607637,1,interior
0.1858531043766701,0.08588129300611276,1,interior
0.006228749819102942,0.16157800515921894,1,interior
0.1150865122470722,0.20801716220343133,1,interior
0.12209020521289271,0.21237303640385208,1,interior
0.19358412510436607,0.05342954269108859,1,interior
0.1974968740679742,0.05953776127100433,1,interior
0.1584586976357675,0.12250272500909126,1,interior
0.1643300230088786,0.11379157715919892,1,interior
0.19862253164105348,0.09670127730977639,1,interior
0.19079277371707498,0.09625336772935815,1,interior
0.18550746127173465,0.09315956562217405,1,interior
0.20014437126970636,0.08967429133766172,1,interior
0.1631914746267353,0.037257152319215094,1,interior
0.17232959029179012,0.03622064324502958,1,interior
0.16142100467951495,0.043229819708656456,1,interior
0.19230943960701088,0.10191680924285214,1,interior
0.2065518687601127,0.09236813889181376,1,interior
0.20629034887577857,0.09830261851929674,1,interior
0.20373718692357015,0.1025592510997628,1,interior
0.14290435490693978,0.1753353075103853,1,interior
0.14646687000134434,0.17997442247081863,1,interior
0.1390852715242686,0.1704985424707199,1,interior
0.21264665821459736,0.09213350132175586,1,interior
0.21259349566910232,0.09710637337675354,1,interior
0.21277198360289556,0.08727884331204613,1,interior
0.15112806166646683,0.2147297541211495,1,interior
0.00470611168792673,0.1672074393254184,1,interior
0.13074159361918225,0.23297623025098693,1,interior
0.12905301593851207,0.22640035694330846,1,interior
0.13992361067630935,0.23227357243065824,1,interior
0.07004543782251663,0.1789993329390065,1,interior
0.1274297624768055,0.16740695008017767,1,interior
0.13613562878640512,0.16591404097993054,1,interior
0.14100217647426952,0.00013468429822412024,1,boundary
0.15634999791704837,0.12899145522775338,1,interior
0.0001221566235549208,0.1580237398476374,1,boundary
0.008672910955443775,0.1685039242032008,1,interior
0.1557704640381205,0.13631227775069088,1,interior
0.1625812808917599,0.13392681752457378,1,interior
0.1420907343324859,0.03277894001071991,1,interior
0.21823552500622623,0.09330015408232069,1,interior
0.21661335345792507,0.08179712709281949,1,interior
0.20575507395272416,0.08530815676224153,1,interior
0.14857108840378935,0.031540181975068,1,interior
0.08378045648606577,0.20737728175021336,1,interior
0.08024478838805424,0.1939464300193648,1,interior
0.08686552090170827,0.20482918660584773,1,interior
0.08202477141730445,0.20064513096231876,1,interior
0.17523948139116385,0.027654498197739786,1,interior
0.16929655231251384,0.028102302459066593,1,interior
0.18089536830233657,0.03181070136755248,1,interior
0.16435997390351037,0.030923348384580152,1,interior
0.18011923377494138,0.03824802304251542,1,interior
0.14699639596054367,0.2225258308038242,1,interior
0.2103020093019318,0.07386979912601711,1,interior
0.20048827026993046,0.07555618499330288,1,interior
0.21099752247464998,0.0805216809789439,1,interior
0.20868871567450945,0.06756188827419393,1,interior
0.19835038761293733,0.11141898950087749,1,interior
0.21111768247018392,0.10368464640982479,1,interior
0.2119780436522274,0.10980068060582071,1,interior
0.19375422695953712,0.10763173531809844,1,interior
0.19860704992410805,0.10460856699577775,1,interior
0.1664334762049554,0.08692517350610286,1,interior
0.1652276264080727,0.12025031792664462,1,interior
0.16324114811866933,0.12730137386287513,1,interior
0.17984406674729483,0.02594838541104775,1,interior
0.12769630949411034,0.24124194803125693,1,interior
0.13504366338100834,0.2384704579841367,1,interior
0.12258934043595669,0.23509736855056326,1,interior
0.12353000747649491,0.2292693116602189,1,interior
0.07029904481507665,0.19397210260269207,1,interior
0.07342352965877232,0.18732970103202543,1,interior
0.07517759953298662,0.19618006836550594,1,interior
0.18461020689408011,0.05075058488761555,1,interior
0.19911823373032436,0.05084498196658278,1,interior
0.19208226717078505,0.04737339443534342,1,interior
0.1989669076744106,0.0830819207165205,1,interior
0.17872933939252691,0.0900093567641815,1,interior
0.13122734098683755,0.1811854111803072,1,interior
0.13320228306751958,0.17008178873146088,1,interior
0.20870026587373483,0.05627148793020146,1,interior
0.19697030355411527,0.04548270296804892,1,interior
0.17147532164909382,0.022099131426314592,1,interior
0.1563887642703326,0.19532044752869562,1,interior
0.15235848473378746,0.1977973727539962,1,interior
0.15484614682976908,0.18659517381781232,1,interior
0.15266059350224792,0.004533033454709412,1,interior
0.1591397355575686,0.027286507426383697,1,interior
0.1639990063329222,0.021915612239097736,1,interior
0.10916156178253227,0.21135771497610403,1,interior
0.21319371918911287,0.05893115541617742,1,interior
0.16822160046969367,0.0162298039074146,1,interior
0.22483945124258306,0.09777254638839433,1,interior
0.22360641607407014,0.09179692631609228,1,interior
0.21883703960909284,0.10087451282882905,1,interior
0.16291910013447095,0.013437507366871076,1,interior
0.1531308917740112,0.2070730788011118,1,interior
0.08728110243792865,0.21174212116262883,1,interior
0.09213296110917135,0.2079835127559075,1,interior
0.11943611815599542,0.22605307138845385,1,interior
0.11565425621490577,0.23716020628480808,1,interior
0.12101765425798165,0.2408479004407369,1,interior
0.11511590237077327,0.23020242141900776,1,interior
0.09372493029794705,0.22217781922313226,1,interior
0.09339256867515154,0.21470590239319595,1,interior
0.08782220597181074,0.2226286175084397,1,interior
0.16015114874592928,0.10439526938376352,1,interior
0.15951548694514853,0.09714498406337481,1,interior
0.1650568750608525,0.10024344282398635,1,interior
0.131357580556071,0.16461025668818413,1,interior
0.18631199446003388,0.03631678671244062,1,interior
0.19170978232723454,0.11312860501007609,1,interior
0.20316417351825702,0.11591276050871001,1,interior
0.1963115333090907,0.1180801661546457,1,interior
0.2049599391532446,0.10884994143402296,1,interior
0.1510387248280634,0.027380802724798634,1,interior
0.1709250443659384,0.1013874845906276,1,interior
0.1676530643771858,0.10740875125742898,1,interior
0.16952721721545583,0.13088470312347297,1,interior
0.1600082003927609,0.11700717375142311,1,interior
0.17250875269024926,0.1186512971647683,1,interior
0.16905932413826602,0.11433421210325394,1,interior
0.18544832548122425,0.04323988151876171,1,interior
0.21825607687567436,0.10771818023202585,1,interior
0.07579184666559784,0.2017614884227844,1,interior
0.10012976465280585,0.21063410554469483,1,interior
0.11572000634785885,0.24394671963006345,1,interior
0.1087451850583484,0.235135718064057,1,interior
0.10900953954039667,0.24624200048271136,1,interior
0.1153347720034081,0.22261699594394355,1,interior
0.12318787354897624,0.2209324330516906,1,interior
0.11587018887040317,0.2506081359288034,1,interior
0.1020054440761826,0.24872011526355617,1,interior
0.10867851661347779,0.25276981795300146,1,interior
0.10250601684070364,0.24097816487254384,1,interior
0.11010719648013838,0.24056197274490562,1,interior
0.16281134028378494,0.15083415836914651,1,interior
0.1073456711328733,0.22934184578968045,1,interior
0.10879930815941728,0.22410873405245743,1,interior
0.18788953136788397,0.10746735055439138,1,interior
0.1847770647639582,0.10120245437185273,1,interior
0.21926732593039025,0.08718015260810143,1,interior
0.21577497230412238,0.07594496311986516,1,interior
0.09378441049160839,0.23894238368808288,1,boundary
0.1022790284712488,0.23288529649171238,1,interior
0.19191410291588012,0.04094240279375216,1,interior
0.15659334923360768,0.14235201212701462,1,interior
0.15699372054504881,0.003235299792270052,1,interior
0.1579668002046872,0.00798361538316597,1,interior
0.17642903263592122,0.10361054142016513,1,interior
0.18019270895999867,0.0970608228390463,1,interior
0.18113643077157418,0.10854067057116536,1,interior
0.09850334685988771,0.21819306573688607,1,interior
0.088126542943594,0.2178825645709278,1,interior
0.09588291264124961,0.23006834537884108,1,interior
0.10888294957900786,0.260588062346181,1,interior
0.10385107106679792,0.2556887503978331,1,interior
0.11331361685073227,0.2568134084080127,1,interior
0.21529210298445717,0.0695683340975717,1,interior
0.2265270882812618,0.10500416479103943,1,interior
0.208937514584043,0.11423806674680723,1,interior
0.16717343969907583,0.1571997718412797,1,interior
0.16497040030949148,0.16442287124799032,1,interior
0.20522880013447578,0.07846383529095678,1,interior
0.174342189097618,0.11104447124298923,1,interior
0.17549607874708711,0.15508885624729513,1,interior
0.17238175787338259,0.16363014439808415,1,interior
0.16945694917226378,0.1487817952432851,1,interior
0.20357273832366046,0.05963529899082398,1,interior
0.21384509017816725,0.06393231950984073,1,interior
0.09027354933520283,0.22676189168915628,1,interior
0.16285509802719864,0.1452690769212229,1,interior
0.16464665947991863,0.1785773145605617,1,interior
0.15863453178580392,0.18046411815903488,1,interior
0.16708705207856175,0.17083697277284376,1,interior
0.1386163612870776,0.24353995362239292,1,interior
0.12248300010776235,0.24678439407825337,1,interior
0.12968862587203386,0.24980538492417068,1,interior
0.13315388028123448,0.24490894445410075,1,interior
0.1505605564763352,0.2429459980636063,1,interior
0.18210982815683505,0.1502142647250148,1,interior
0.17921183594827253,0.16042725300322147,1,interior
0.18404570901574288,0.15598152388678507,1,interior
0.1765643267647352,0.14826751331751345,1,interior
0.17481260588093273,0.09639070776121789,1,interior
0.11614866597390504,0.21584771322884766,1,interior
0.161655968479963,0.13965796332756641,1,interior
0.1428774206999252,0.23856851494863623,1,interior
0.2155314749887153,0.11555870387767204,1,interior
0.21435971565347745,0.12346635198639577,1,interior
0.2022795764384946,0.12233220872299382,1,interior
0.15752995450705082,0.011949204961540996,1,interior
0.16431497894309857,0.007796482868205982,1,interior
0.1608189857732876,0.004485699543959084,1,interior
0.1445011428367937,0.24615900282704262,1,interior
0.15991360323327983,0.11082077286713099,1,interior
0.16899270431252564,0.004424685719437017,1,interior
0.17036157936474766,0.17654364299925926,1,interior
0.17909699997874812,0.16593101518305886,1,interior
0.10444407863209058,0.21779793780365944,1,interior
0.10127367767342096,0.22503883512352035,1,interior
0.11854568142196313,0.256749350239833,1,interior
0.20780753719952597,0.12659921920887565,1,interior
0.2195979868165404,0.1272051080202214,1,interior
0.2208597594808682,0.12010137173515147,1,interior
0.21340362000003438,0.13155762937971457,1,interior
0.18507403076135787,0.11375095897911532,1,interior
0.188720351452652,0.11936680519928311,1,interior
0.17850189328379698,0.11596722398540589,1,interior
0.11615640348342335,0.2632637093004731,1,interior
0.12311292839040437,0.26039819422272653,1,interior
0.12331444421156317,0.25325193416612035,1,interior
0.13803435235881584,0.2498896924745522,1,interior
0.15137632760558414,0.2500012058331261,1,interior
0.14539557913901435,0.2528798051143105,1,interior
0.18159403193128712,0.14242037299453464,1,interior
0.17580829917704266,0.13852990915264823,1,interior
0.17406911096481933,0.14357408529958088,1,interior
0.20800675531485194,0.06226791853734203,1,interior
0.2194223791167203,0.13354789023719302,1,interior
0.21693245672716902,0.13957804881983746,1,interior
0.2103111205483821,0.13817941626723793,1,interior
0.20607346937706406,0.13296662426006575,1,interior
0.18989043866934782,0.15040473522614736,1,interior
0.12852002523495057,0.26466890292374484,1,interior
0.13491964371371723,0.25568057235479014,1,interior
0.12197956508406343,0.26723911039713855,1,interior
0.13346790114613943,0.26158794851477185,1,interior
0.16878241458395654,0.13925703495121164,1,interior
0.22585152121035898,0.12487272980476759,1,interior
0.22495956279562365,0.13127134069046745,1,interior
0.22744857567414078,0.11813420402054613,1,interior
0.1873152505663873,0.13535013413965136,1,interior
0.18909402951081197,0.14267775192377774,1,interior
0.17658116580079697,0.12468647095823576,1,interior
0.17518653715784224,0.1326628139031621,1,interior
0.16463332105747847,0.003221951235843905,1,interior
0.23159214810830253,0.12269352859106823,1,interior
0.23483050695926308,0.11654307279860925,1,interior
0.22918733358329096,0.11206728974556124,1,interior
0.22288036718732962,0.1127523284047675,1,interior
0.2377833780079778,0.12413113522580055,1,interior
0.16954594066389778,0.12474713932933142,1,interior
0.18087064036254916,0.13576017620826783,1,interior
0.1822929003151537,0.1298747377091725,1,interior
0.13914700367973817,0.26168421876910936,1,interior
0.12884340797744,0.2573166488926728,1,interior
0.1353220176314173,0.267989908560879,1,interior
0.15423555066845623,0.029265096936508195,1,interior
0.21114921836586903,0.14551784480031274,1,interior
0.21806451240482377,0.14638967983887718,1,interior
0.22403236942853333,0.1379562997553283,1,interior
0.22376944534170595,0.14409598304597143,1,interior
0.23304514044761068,0.10361682172257185,1,interior
0.11106779891086578,0.2677269579583991,1,interior
0.18390595597932866,0.12419418612249014,1,interior
0.19410639573509628,0.13147803386125004,1,interior
0.23758241921276313,0.1308293152256293,1,interior
0.17216339248502416,0.06443375350334354,1,interior
0.11526779161430468,0.27173765020916824,1,interior
0.2427323366971625,0.1292080644346348,1,interior
0.24236140110274573,0.11794075210828846,1,interior
0.2451001997858404,0.1241707960988984,1,interior
0.2295068050228939,0.14813275149172053,1,interior
0.22345647250222314,0.151502275813801,1,interior
0.23078135774425101,0.1416803594668777,1,interior
0.17540637713129242,0.1715635787634147,1,interior
0.14070776607601493,0.25582927955235757,1,interior
0.23661662825694446,0.14737737347348162,1,interior
0.22925696383133717,0.13539001237007017,1,interior
0.23760098345387654,0.14095204169322315,1,interior
0.2348903949209686,0.1358219869961992,1,interior
0.16925797472058807,0.09629153959455787,1,interior
0.23897255123155864,0.153246277743235,1,interior
0.24328539258941373,0.14284369853944376,1,interior
0.23179086098045837,0.1548081833215221,1,interior
0.24421252601404478,0.1489719336943812,1,interior
0.12115087657872436,0.27325069690659715,1,interior
0.12806313159589638,0.2720763433615483,1,interior
0.1237080873072618,0.27796823658930075,1,interior
0.18921459316258832,0.12709701879877794,1,interior
0.2149910369964777,0.15177229238564352,1,interior
0.22550036139018945,0.15844426649162208,1,interior
0.24038892923791855,0.11129981422236211,1,interior
0.24667522377571718,0.11236234985805087,1,interior
0.25040360971308817,0.11893546769588854,1,interior
0.2500620971373498,0.12492221591338624,1,interior
0.19618053128449345,0.1250398176401066,1,interior
0.20094203550644074,0.1288107815725007,1,interior
0.19247185978129194,0.12211968808107428,1,interior
0.2422097087470859,0.13564408791168484,1,interior
0.16652563606306764,0.19222799897200554,1,interior
0.16181794673247996,0.18610624262548667,1,interior
0.1166263982576701,0.2788271494466375,1,interior
0.10949730724139763,0.27760050252650165,1,boundary
0.24957293947587306,0.13115466234009449,1,interior
0.21102444220599054,0.15842759539075502,1,interior
0.21593713011734866,0.16138009166517497,1,interior
0.2069560809751961,0.151935651189181,1,interior
0.17297725286400945,0.19209451460764393,1,interior
0.17832183710664964,0.19773652137424835,1,interior
0.1105448340954334,0.2181899981106108,1,interior
0.2532425209331997,0.11331419101402242,1,interior
0.2386751881567931,0.10591090064970965,1,interior
0.12940939664221146,0.2794870853120437,1,interior
0.12387695613506104,0.28457366385034144,1,interior
0.1344822970598869,0.27540400727896397,1,interior
0.16955697463797412,0.18425815560822936,1,interior
0.18350416826392374,0.20078342119577405,1,interior
0.18642872430805463,0.1936274517915363,1,interior
0.17941248781315577,0.19167701220893682,1,interior
0.17790316063109998,0.20655817438036134,1,interior
0.19041121309558384,0.2001660791422343,1,interior
0.18283407788996545,0.1878149320836936,1,interior
0.19279688417599633,0.1889827248581747,1,interior
0.1949846220375796,0.1943506767888855,1,interior
0.18827135892021699,0.18585513541486662,1,interior
0.20292150663543687,0.14604069743895046,1,interior
0.19815227700848628,0.15242771578069175,1,interior
0.20345236498068983,0.15818767672967102,1,interior
0.13034058742011778,0.284871682827302,1,interior
0.1404015924133102,0.2781996482782446,1,interior
0.23376908341301972,0.10924213571651907,1,interior
0.22077278285810434,0.164574887542528,1,interior
0.21894190977729613,0.15704750175220708,1,interior
0.2299513463806402,0.16414246285184717,1,interior
0.19528956708709905,0.18232626854921144,1,interior
0.18721262193693794,0.17459537943050685,1,interior
0.18217485418956514,0.18232672079089593,1,interior
0.1991531828464689,0.18790378909989247,1,interior
0.1454139951299853,0.25998982158788403,1,interior
0.15041607466262355,0.264440514326099,1,interior
0.18222722428977373,0.11949157662703305,1,interior
0.1575074170002237,0.246039887755689,1,interior
0.19982589691245553,0.1763933437327591,1,interior
0.2037937480994147,0.18100538978119074,1,interior
0.2090358249126092,0.1902860151383376,1,interior
0.2029821839682351,0.19408669087677452,1,interior
0.2056062804907645,0.1651332526983107,1,interior
0.21262659284205246,0.1662438859966849,1,interior
0.2501786142661786,0.1444345253812872,1,interior
0.2481206085489837,0.13822140266013613,1,interior
0.1345192300454669,0.28785219556927216,1,interior
0.12949151394577474,0.290258281707041,1,interior
0.1398140560038867,0.28747398259418727,1,interior
0.1757613909044844,0.1792338253578497,1,interior
0.1816310060105283,0.17637886725121707,1,interior
0.25703447539745033,0.13224580694071286,1,interior
0.255110301456118,0.12466804581397306,1,interior
0.2542541168428712,0.13846271840636878,1,interior
0.145606253662971,0.2750064072284217,1,interior
0.14527092333774,0.2831736448281222,1,interior
0.1399296659426952,0.27247733762998627,1,interior
0.13639971025063982,0.2822466018588592,1,interior
0.13596065467022195,0.2931166074624217,1,interior
0.14359295095684124,0.29172937574720686,1,interior
0.14989218087025924,0.2906889647052318,1,interior
0.20387128666551915,0.13893690902366626,1,interior
0.20702350022341393,0.14253234955787725,1,interior
0.2609564442132226,0.1383589308662042,1,interior
0.2644716520630223,0.13182712938749963,1,interior
0.25771854299566,0.14569272847079637,1,interior
0.25680668371741566,0.15246986034003046,1,interior
0.25087580116915276,0.15094390944971772,1,interior
0.19968938827212177,0.16376894841826037,1,interior
0.22377143060794102,0.1703651331934701,1,interior
0.2163480905412054,0.17275093533056335,1,interior
0.2068253316891082,0.17256709782212323,1,interior
0.17131477576280904,0.2008926095147837,1,interior
0.09751987249357624,0.236694370074886,1,interior
0.2595107602112121,0.11708001666407056,1,interior
0.21086335354334423,0.1779317484914772,1,interior
0.22362688072592998,0.1782761683168211,1,interior
0.2169396680137381,0.18158340541026496,1,interior
0.1171570323495762,0.2847717553863988,1,interior
0.14958215395183186,0.27060930451318693,1,interior
0.156596577229284,0.26288152451266245,1,interior
0.15139931779821386,0.2573765589438366,1,interior
0.1936662112545544,0.13834182305799755,1,interior
0.18311287928558306,0.17022221925849737,1,interior
0.1524563679616882,0.28383346417159294,1,interior
0.14615077478085792,0.299452712084357,1,interior
0.1937092703121193,0.20605185336401877,1,interior
0.19815595935768524,0.20013637779046597,1,interior
0.19033571753752407,0.21177462608954367,1,interior
0.18623440280117107,0.20645976777907157,1,interior
0.2378486657715643,0.1595351796595996,1,interior
0.19887857637761383,0.14087196146032582,1,interior
0.19535073464119515,0.1455070837026304,1,interior
0.12438002522075926,0.2918715568571784,1,interior
0.12023669720966572,0.2890055936009738,1,interior
0.21060446807883074,0.18443699058684948,1,interior
0.19940729308451532,0.1349016868791237,1,interior
0.23162291901837923,0.12930526307533977,1,interior
0.23815290652442025,0.16605075032185745,1,interior
0.24409739333912217,0.1688828753030355,1,interior
0.24500897770798813,0.16241307789916462,1,interior
0.2449975662068473,0.155797023851975,1,interior
0.2656917719152037,0.1432974213140865,1,interior
0.2642319914058087,0.15072855530448723,1,interior
0.15539877478983133,0.2696408873786413,1,interior
0.14362843199565273,0.2673032190103619,1,interior
0.19847187685077888,0.16992795870690067,1,interior
0.15637522915775598,0.20240815092463232,1,interior
0.20370575983154263,0.05382122140764226,1,interior
0.17143594818025173,0.2508641667481739,1,interior
0.15787652680939335,0.25504938821595696,1,interior
0.1646487595972573,0.24597584895882418,1,interior
0.1843100116841993,0.22488366681122265,1,interior
0.1547598307824789,0.2966059921866226,1,interior
0.15768907744791333,0.28848010275052266,1,interior
0.18147773853819005,0.21912465807382395,1,interior
0.18296385953585642,0.21279593331142038,1,interior
0.16173204365095079,0.26168082215797545,1,interior
0.16249453336231326,0.26894945916162133,1,interior
0.25218238404830695,0.15840679474723043,1,interior
0.1288029062673998,0.296249537211512,1,interior
0.129243954636048,0.3013440173082301,1,interior
0.20649051552456538,0.20127924101280253,1,interior
0.23767039813080715,0.17426791548909853,1,interior
0.2519387726328314,0.1664580121207848,1,interior
0.23364558428864748,0.1692962948720351,1,interior
0.1385842778601741,0.3031945655414946,1,interior
0.15153449865214186,0.30203200309493383,1,interior
0.15722828161092814,0.3050034904512019,1,interior
0.16019788181878156,0.29363080852737644,1,interior
0.16769680141217427,0.2639918672295383,1,interior
0.17129558306595796,0.25847840428329416,1,interior
0.18772036172786935,0.2184795044779937,1,interior
0.18580241477713302,0.14643563776927618,1,interior
0.22956013279766152,0.17290975482349466,1,interior
0.14862817365445333,0.3075133826212623,1,interior
0.17520471988193176,0.2641577813070494,1,interior
0.17717387080974084,0.2560431634457051,1,interior
0.26716429789801,0.13718323484062772,1,interior
0.2726723095426845,0.13953989939498548,1,interior
0.2712104025453428,0.14657989982493785,1,interior
0.2602139235220084,0.15736023109450514,1,interior
0.26686218552051794,0.1583841488504564,1,interior
0.2708893724853905,0.15322651946631163,1,interior
0.17618542491324898,0.2709252844376455,1,interior
0.18266125695309068,0.2593310810365358,1,interior
0.27629560251765745,0.13335304351433086,1,interior
0.27110149876345147,0.1324190284866971,1,interior
0.1981765423896408,0.21186245722830097,1,interior
0.19363516231530584,0.21606408531060026,1,interior
0.15359164695686917,0.31132288222973054,1,interior
0.14370942717993457,0.312591001739853,1,interior
0.14851289757588196,0.3150557095356104,1,interior
0.14165598929114104,0.30723054931768945,1,interior
0.2694468569458637,0.12627543549752757,1,interior
0.26463739101120104,0.1260049519059562,1,interior
0.1587563868114231,0.28089401815203346,1,interior
0.15230977460012318,0.27691188604841405,1,interior
0.16390136196720478,0.28437740998426353,1,interior
0.1658789300932853,0.29076062455813995,1,interior
0.1970149532612519,0.15893632375037287,1,interior
0.19118478115441384,0.15734997320108957,1,interior
0.21580074828127294,0.1902886243811135,1,interior
0.20488479918642505,0.18729554089303918,1,interior
0.21473050527301138,0.19837688998714545,1,interior
0.15477319673249068,0.3240524116308572,1,interior
0.14473956777684371,0.32438103465948315,1,interior
0.1591759715924673,0.31302642408145037,1,interior
0.14182197337032437,0.3188836031809285,1,interior
0.15463683556597987,0.317610799468576,1,interior
0.13470402685308983,0.3089692883891759,1,interior
0.1377472976589944,0.313033503792393,1,interior
0.21294355623615366,0.2062346818207271,1,interior
0.20538747289151263,0.20884778426995557,1,interior
0.20998187469553087,0.1952243040904423,1,interior
0.16598154423048658,0.2772961505794669,1,interior
0.15929958843301978,0.27471326244449523,1,interior
0.18589921247625765,0.16336671877919468,1,interior
0.17661529597124284,0.18586516343232165,1,interior
0.2778582490507144,0.14407710198654214,1,interior
0.2751453713813043,0.12645280086796445,1,interior
0.1933247024087874,0.16420255603928005,1,interior
0.19025777003440356,0.1696116417776524,1,interior
0.16368137635750507,0.29871190589769275,1,interior
0.17430772137676745,0.2780137680369318,1,interior
0.1700225812019073,0.27090052881795706,1,interior
0.16495055018139712,0.3044576748689039,1,interior
0.22800699002145025,0.1844005031607761,1,interior
0.23156430055428956,0.17953802541097322,1,interior
0.23758937505264002,0.1814072045551171,1,interior
0.23444735780106754,0.18652853533792454,1,interior
0.2295052180631214,0.1911092578936101,1,interior
0.28138218143084653,0.1536435906755855,1,interior
0.282928771078498,0.14784693489944117,1,interior
0.18338412280407868,0.24948617024407538,1,interior
0.13575298340101666,0.31689510702922963,1,interior
0.18720502996610558,0.25554974653459434,1,interior
0.14680071188622662,1.8769060041944062e-05,1,boundary
0.27908370910894653,0.1592964302488045,1,interior
0.28785021014133116,0.1522589247209662,1,interior
0.15375991890186094,0.3314171302202566,1,interior
0.15981296534013312,0.32664521790925755,1,interior
0.16121882490442677,0.3200594026328222,1,interior
0.15974992978795366,0.33224859821600833,1,interior
0.13211089028035114,0.30491014000669764,1,interior
0.17310278957228506,0.28983056418070235,1,interior
0.1716557607546,0.2963186114245957,1,interior
0.1889234734501902,0.23152853551672825,1,interior
0.26074564885794577,0.12260301157794737,1,interior
0.22282970265091964,0.19547491861181338,1,interior
0.2225129517389269,0.18695504585693276,1,interior
0.21531824968231938,0.21364599532770798,1,interior
0.21931985351186328,0.20215831774485782,1,interior
0.20981375076355993,0.2129107138520915,1,interior
0.26762592206840363,0.11517824717623244,1,interior
0.26606479947561373,0.12063885147337435,1,interior
0.22031449231447006,0.20851405151266855,1,interior
0.21785166376386023,0.21986621484853583,1,interior
0.21037115864358785,0.22015361119401725,1,interior
0.22509996716535086,0.21961634218743434,1,interior
0.22169782088991313,0.22494760630163366,1,interior
0.2725478183001075,0.11969161029782659,1,interior
0.14905169124415182,0.32113009861402186,1,interior
0.22559423844719176,0.20346716242465965,1,interior
0.22134651653231913,0.2146714680846936,1,interior
0.2271102473175932,0.21183059937714127,1,interior
0.1881299740778759,0.17991114969335878,1,interior
0.18671273546121386,0.2819371039662153,1,interior
0.22827113424687845,0.22700438229783107,1,interior
0.23136410909929359,0.21919693115328168,1,interior
0.2311049378447955,0.1981542657747147,1,interior
0.15187021129740338,0.33840660044113635,1,interior
0.14628467015576674,0.335236351803444,1,interior
0.15772988057293724,0.3372566935338799,1,interior
0.14323051071948015,0.329739076511687,1,interior
0.15597396002459188,0.3437297713378138,1,interior
0.14755767308310802,0.3405812622070069,1,interior
0.2766151860661903,0.14981783856108374,1,interior
0.13969724267492897,0.3252095109254096,1,interior
0.14139154143351543,0.33403732726598706,1,interior
0.2729895014613542,0.15977162413841034,1,interior
0.264004259993523,0.164310523315813,1,interior
0.2706043143563403,0.16564148841913282,1,interior
0.24166964410246586,0.18657441639960304,1,interior
0.23798703389463044,0.19334797622668903,1,interior
0.1656979016783719,0.31468760519657474,1,interior
0.1629794565584597,0.3092209063105994,1,interior
0.170574058672091,0.284094269096615,1,interior
0.15076922032130557,0.3452853464218775,1,interior
0.15032214895110435,0.35147700808074633,1,interior
0.294525239564529,0.15513090375982616,1,interior
0.23380206767147052,0.21260652704812655,1,interior
0.2364773540785225,0.22550115293252246,1,interior
0.23835707012491494,0.21802309228369274,1,interior
0.1401792040672485,0.29735421006547524,1,interior
0.2552120651764693,0.17340614950674563,1,interior
0.25755153329312275,0.16291245073981386,1,interior
0.249260325649126,0.17201343394928434,1,interior
0.26008041015943534,0.16925610026337626,1,interior
0.26008567758516704,0.12781833726903966,1,interior
0.23175102106673393,0.20561344672667178,1,interior
0.23681836221646,0.20760792090018435,1,interior
0.20890114574511595,0.11994078670425905,1,interior
0.1789765383316506,0.28527619356756756,1,interior
0.196801334298374,0.24965582831857605,1,interior
0.20416501984753493,0.25315178085008777,1,interior
0.28992192640948494,0.1579778838418912,1,interior
0.24543029632070315,0.21589937942694756,1,interior
0.24378164911128564,0.2219229647700316,1,interior
0.24382071805615566,0.2284410624606843,1,interior
0.2386398072322766,0.23337807052624507,1,interior
0.27647180488222023,0.17151250388813852,1,interior
0.2680813049948525,0.17249507419987847,1,interior
0.17197690087637732,0.3035771917032299,1,interior
0.16953576480525787,0.3097239905754199,1,interior
0.21247434332433968,0.2612170383763783,1,interior
0.21415972838896127,0.2540926291831573,1,interior
0.2083459100035031,0.256167060095993,1,interior
0.20422825075042242,0.2159718851014576,1,interior
0.24970213936704658,0.17787936425957854,1,interior
0.2558309594307356,0.1797036085950835,1,interior
0.1650497769349794,0.3359859646606541,1,interior
0.21981614605772468,0.2514243399888347,1,interior
0.21305661769083598,0.24644427484628534,1,interior
0.21981757926169931,0.25801042289775217,1,interior
0.2956881703942848,0.16500119388378529,1,interior
0.2891950228259477,0.16447181329383065,1,interior
0.28291477717507424,0.16315266628033495,1,interior
0.29401223711023616,0.16047821059389888,1,interior
0.2829353040059127,0.1731926025961631,1,interior
0.2830488695972106,0.16814649775855794,1,interior
0.15484573670734655,0.35055709180179745,1,interior
0.24129158775417484,0.24039467422304794,1,interior
0.23370849679497122,0.23997624048003144,1,interior
0.2460289479220974,0.2348883969367543,1,interior
0.19846773891564096,0.21911065457979143,1,interior
0.1931527110411358,0.2210775081912471,1,interior
0.2003780058780936,0.20560253850332777,1,interior
0.2865852559973754,0.17713852782538284,1,interior
0.2741476459364347,0.1776786696404684,1,interior
0.29205681817517076,0.1768936966108082,1,interior
0.2808469747219469,0.178188700710649,1,interior
0.21481969299277276,0.2705006081829211,1,interior
0.19009152871054286,0.24483555678411822,1,interior
0.20755714901899255,0.2283202185742191,1,interior
0.20099273627214914,0.22866230326014617,1,interior
0.19117132814864282,0.23778233637378576,1,interior
0.17878481510025246,0.29331901302968705,1,interior
0.17856544724896084,0.30031891876173195,1,interior
0.2623741561501629,0.17623159794302304,1,interior
0.26913230757109585,0.1825303647770739,1,interior
0.20245249206803867,0.23377325278014852,1,interior
0.20681820856579536,0.23593689823151434,1,interior
0.2131484926468509,0.23229914594137213,1,interior
0.21496236709213656,0.22610584595540054,1,interior
0.20308531282758133,0.2229404643092651,1,interior
0.16191873187050954,0.3420344758353228,1,interior
0.16082131287045567,0.3485781322619852,1,interior
0.16644221941495543,0.3462293777450036,1,interior
0.28845439896847797,0.171426803932329,1,interior
0.2270547138909734,0.24263972674958856,1,interior
0.22741951564261698,0.23528331333682787,1,interior
0.23274983373153887,0.23233772788993495,1,interior
0.23752201250189592,0.2463366547500508,1,interior
0.243339144180906,0.18024818313307978,1,interior
0.22101468054876733,0.23122044888877366,1,interior
0.21695528488998134,0.24132998507623066,1,interior
0.21719901748388729,0.23598226553550322,1,interior
0.168129417152225,0.3412220757465378,1,interior
0.17353361786602925,0.34544120052775795,1,interior
0.16573091251343955,0.3573237845594177,1,interior
0.24957007378189686,0.18464752598480638,1,interior
0.24614403884488345,0.19083759838878767,1,interior
0.1959959634821371,0.2260942134007628,1,interior
0.2045631328120572,0.2468553977418477,1,interior
0.2418012095832852,0.2066186729862068,1,interior
0.2749982459078464,0.18956329566669808,1,interior
0.26188896570089204,0.18208484317707208,1,interior
0.2689219312446105,0.19147788381649666,1,interior
0.26238917476964185,0.18818917843463426,1,interior
0.27818675468108095,0.18359492120687773,1,interior
0.199321587561077,0.2407352009020093,1,interior
0.2205545745964499,0.24511816248205232,1,interior
0.2252583647753461,0.24866712183707693,1,interior
0.24930980599352748,0.22495726035701527,1,interior
0.253698182303888,0.2362047540800678,1,interior
0.24858969159523822,0.24152865284644207,1,interior
0.27723464254245156,0.16501885421293105,1,interior
0.1793064188270542,0.30664598356536954,1,interior
0.17668685914664814,0.3113391362158549,1,interior
0.27598894180249384,0.15514140189832432,1,interior
0.256623535475449,0.18530101026075121,1,interior
0.19334120010156494,0.17558442621296722,1,interior
0.24043959450664873,0.2121327453570596,1,interior
0.25107427687954204,0.21960395501903585,1,interior
0.18979646771199615,0.22499184548546752,1,interior
0.2583349469510663,0.21735784530120375,1,interior
0.2522061697045948,0.21318414521489915,1,interior
0.25647357795667386,0.2248124732209623,1,interior
0.28260023573348886,0.18927598583959396,1,interior
0.28740482187276845,0.18336743320723037,1,interior
0.20914039113277294,0.25086036670156026,1,interior
0.15281194280339444,0.3578808860034169,1,interior
0.1631875730657762,0.25117510140663235,1,interior
0.17322282344090886,0.33763274050983794,1,interior
0.16434355605060846,0.33010969188939376,1,interior
0.16996003564858456,0.330893773418694,1,interior
0.22212704425328886,0.23853561142641155,1,interior
0.1853167018547306,0.29073826023076527,1,interior
0.1913666542824317,0.2905134549999214,1,interior
0.2443089015025793,0.1747572825173878,1,interior
0.2384063001612153,0.2012803489255288,1,interior
0.2529863630145787,0.20581259218730993,1,interior
0.2462804269564348,0.203016251993277,1,interior
0.134299792843552,0.2992046994612028,1,interior
0.2436959484356662,0.2477814338917352,1,interior
0.1761261628957428,0.3311800038488571,1,interior
0.1802248487966387,0.3361466608655024,1,interior
0.18040873166174407,0.34122785369546543,1,interior
0.29576495514937323,0.1816583048736502,1,interior
0.2980452987715498,0.17506066201349776,1,interior
0.167959916231117,0.35182907564289495,1,interior
0.18270843673797454,0.27898530159511387,1,interior
0.2609733032802037,0.19489832879062502,1,interior
0.2542934698485029,0.19094877030672452,1,interior
0.21213000323376785,0.2390149141686815,1,interior
0.20699465003995118,0.24192883739769125,1,interior
0.17980728499751508,0.3261065611918937,1,interior
0.16636377543912328,0.3251209854313806,1,interior
0.17346054603020417,0.3240751673848429,1,interior
0.30043946657836934,0.168351523143987,1,interior
0.2994387122541892,0.16063691941548902,1,interior
0.18486106176728742,0.2980220447296856,1,interior
0.19653265953583418,0.23336103151646015,1,interior
0.15998759006631746,0.36189659028808335,1,interior
0.19147959315718377,0.2968223923686753,1,interior
0.18524126622873324,0.3050664506801967,1,interior
0.18484315587071085,0.31241485991434076,1,interior
0.2789786873135909,0.13888508618718484,1,interior
0.2524784139489267,0.19826958842794448,1,interior
0.2595914459285794,0.20521175773620906,1,interior
0.2585535656518173,0.21051197310619116,1,interior
0.24672936871132245,0.20962502930882654,1,interior
0.2650216477883334,0.2262699071556453,1,interior
0.2513874826859659,0.23017908967724,1,interior
0.25915108608730913,0.23118935646993033,1,interior
0.2613971073672395,0.22211064205824818,1,interior
0.2726880723150617,0.22886614802374308,1,interior
0.26594249191434544,0.21881242587851454,1,interior
0.2667877012074259,0.23306417392991793,1,interior
0.2715362691127528,0.22170853248503267,1,interior
0.17347285992820505,0.3585155321156407,1,interior
0.1600548189279836,0.354741921232856,1,interior
0.16691293881898753,0.36205910807711367,1,interior
0.17100575102557547,0.3658556328544961,1,interior
0.25764561298111743,0.2005044082856923,1,interior
0.2640533295623515,0.2012866511510231,1,interior
0.26422846024299307,0.21340122244101373,1,interior
0.26529844502772576,0.20778913347549666,1,interior
0.25096422085817677,0.2479404834880742,1,interior
0.2460535926425604,0.25483375049441354,1,interior
0.23716299247101524,0.25413425603763656,1,interior
0.22596276820878874,0.26721540770048124,1,interior
0.22560753696525238,0.2611701154165725,1,interior
0.29408059400320086,0.17025012786796853,1,interior
0.18029969268985407,0.3193440094329043,1,interior
0.18747989951548844,0.3196521832443172,1,interior
0.19274582215075484,0.3091436759057425,1,interior
0.19207151768562442,0.31571315666391747,1,interior
0.16806608999573855,0.3199857058328788,1,interior
0.3068964418728511,0.1805790107926862,1,interior
0.301454862164025,0.1798561064858171,1,interior
0.30655796324553236,0.16939167772119482,1,interior
0.27758149048193925,0.22485047338764033,1,interior
0.2797396937912265,0.23781353277903355,1,interior
0.2808714092478476,0.2307829063637832,1,interior
0.27402608948210666,0.235417291243456,1,interior
0.21012409033472534,0.2852488877401297,1,interior
0.19079986315692296,0.30248315868123493,1,interior
0.1866828013038806,0.32643519802800997,1,interior
0.18272140150039562,0.3314295402792926,1,interior
0.24474084485287254,0.1972894092443758,1,interior
0.1536104156545807,0.36595801606176376,1,interior
0.16440154978484864,0.3677609426187118,1,interior
0.15899906203465883,0.3685622951927562,1,interior
0.15524332861060872,0.37247650578138014,1,interior
0.2612211869787289,0.23754633202499242,1,interior
0.25599811562833436,0.2424081382626003,1,interior
0.30962870734802184,0.17507327446877857,1,interior
0.2582449609224154,0.24831331496505202,1,interior
0.2684542204177998,0.23949763785501435,1,interior
0.17398693278824004,0.37066847355754556,1,interior
0.1992769784250321,0.3160352033905674,1,interior
0.28503311182517377,0.15835502172933394,1,interior
0.18826327082385685,0.33639506884507614,1,interior
0.17278659252441772,0.31640915217686444,1,interior
0.29427453116951285,0.18698788963507598,1,interior
0.16822501528610054,0.37276672000422234,1,interior
0.1794958464770039,0.37216480840180677,1,interior
0.17969518942740934,0.36040070070793273,1,interior
0.1784730389324846,0.36566115018734907,1,interior
0.22731785249284875,0.2543693527827494,1,interior
0.23154556959122194,0.2481490119241768,1,interior
0.2418475814251544,0.2619617727637959,1,interior
0.2360098980402739,0.26126343715431954,1,interior
0.18631866915070508,0.3436487748674203,1,interior
0.1927023353642885,0.32936208844858944,1,interior
0.1962743860053829,0.3403562043953274,1,interior
0.1947500327030672,0.3226279068468995,1,interior
0.20086055059470984,0.328719252146589,1,interior
0.1954272423366478,0.33395749370679567,1,interior
0.3104333573683786,0.18558078090523436,1,interior
0.3020774851655231,0.18648841490431892,1,interior
0.31308418355129014,0.1810628005035317,1,interior
0.2006846145103159,0.3355477923848206,1,interior
0.19245706552712208,0.3446780316544756,1,interior
0.15618828743749363,0.3775603588240529,1,interior
0.25136290603174144,0.2587283442138194,1,interior
0.26021373587100727,0.2543407015930314,1,interior
0.1654083298327741,0.25687093438902875,1,interior
0.18134076007911692,0.37844356623565195,1,interior
0.1865719028636925,0.3692849639005899,1,interior
0.1739213462088301,0.3774956859142145,1,interior
0.14904947039753194,0.3279458801114105,1,interior
0.21091192962899702,0.29167198487732454,1,interior
0.218817767241205,0.28893325859534685,1,interior
0.20719589046209613,0.29735333056499413,1,interior
0.17563155850472792,0.35193098826525054,1,interior
0.1810269615744875,0.3479489799321276,1,interior
0.16146107280431135,0.37471988287123814,1,interior
0.15902285637919591,0.3822442494666462,1,interior
0.318380893391433,0.18584276507695757,1,interior
0.27716385786227216,0.21887766981397233,1,interior
0.2718276051718379,0.213010636748915,1,interior
0.21621635084922897,0.2976878153745366,1,interior
0.1937717046729423,0.3514111626288894,1,interior
0.18760463058540755,0.3502583632393978,1,interior
0.20000037181829808,0.34832084467216573,1,interior
0.32079876542915187,0.19179644684700273,1,interior
0.31450981846077886,0.18971584674832442,1,interior
0.3275299016304578,0.1923158080174373,1,interior
0.27087446286765876,0.20415105561101596,1,interior
0.1820617583612251,0.35539868073488706,1,interior
0.2192333543429254,0.30626128854593215,1,interior
0.223830966408076,0.29477077776755956,1,interior
0.22306492952385376,0.3012514621644822,1,interior
0.2026072845787124,0.3413994794926965,1,interior
0.19748038735727866,0.35649592510825245,1,interior
0.22810457578436485,0.3071003276406583,1,interior
0.19819224937302135,0.29585134360853876,1,interior
0.2056334123872513,0.35648510238640607,1,interior
0.18999149253497896,0.3571191441689066,1,interior
0.20020210884099524,0.36169588578246664,1,interior
0.19340357814900616,0.36412940563664187,1,interior
0.20539025426723323,0.36331058140142913,1,interior
0.2774710498999671,0.20706928974443076,1,interior
0.28040244528101194,0.21458537625964558,1,interior
0.1712794331412938,0.38462057101075114,1,interior
0.1663014141003473,0.3797519070321518,1,interior
0.18550479342845363,0.36245087878787624,1,interior
0.27523580789955615,0.24316669585443892,1,interior
0.26303937824882645,0.24363994474126918,1,interior
0.2691564553364896,0.2453868747609908,1,interior
0.20638031655658934,0.33584259798064175,1,interior
0.279543664986614,0.2493866515709067,1,interior
0.2828054924437407,0.24351955794455227,1,interior
0.27213045370918165,0.25080977722478914,1,interior
0.2310152767033901,0.26483049428174427,1,interior
0.2364607645982906,0.2670543288916191,1,interior
0.2477704213840748,0.2618874750670622,1,interior
0.24165690639921142,0.2685744574993066,1,interior
0.2838750898897913,0.22255242352116578,1,interior
0.2684858839996421,0.19740145356245425,1,interior
0.17006687414944563,0.39195947119468205,1,interior
0.17813692390796387,0.38382326491686986,1,interior
0.2536444169893227,0.253275516933997,1,interior
0.20767376618277536,0.34551498494078364,1,interior
0.22536294999638962,0.3154923529388524,1,interior
0.18864246885746178,0.37728236995273967,1,interior
0.18517848070508316,0.38406188943820957,1,interior
0.18427824742950472,0.3740708306936635,1,interior
0.19862851256625283,0.30310923861116806,1,interior
0.21731655584050663,0.27705454124516354,1,interior
0.2193886581515871,0.28193291349132216,1,interior
0.28931081478221393,0.22976043673214006,1,interior
0.2908233801948953,0.22252165671250607,1,interior
0.28831685706427745,0.2158941660530113,1,interior
0.3226450852735215,0.20219214529116059,1,interior
0.3247162321308816,0.19717314246090342,1,interior
0.3186993522438297,0.19832905624705532,1,interior
0.20046416577010104,0.3684449373721956,1,interior
0.1899984406188011,0.3900856501590511,1,interior
0.19133064687834903,0.38369876908740463,1,interior
0.18471598013018387,0.3944694997188521,1,interior
0.17566811270449506,0.3896094598490133,1,interior
0.2310157061049283,0.27206064020375054,1,interior
0.2227255062333283,0.27198878847504926,1,interior
0.2859387147787993,0.23690139420117295,1,interior
0.2966321252290088,0.19259970978015947,1,interior
0.292241875047386,0.19687544336972987,1,interior
0.3024443413074774,0.19346876843834707,1,interior
0.28938979068029086,0.19102742334405654,1,interior
0.22706737103358865,0.2782381181146772,1,interior
0.2838411788805878,0.20999239717731472,1,interior
0.2835319754821803,0.20341114716051767,1,interior
0.27937081613759085,0.19374378836295175,1,interior
0.15835163667056096,0.3888998464215741,1,interior
0.1646215108268483,0.3869974361013937,1,interior
0.22537490633713103,0.28423400411062955,1,interior
0.22654395663423926,0.28910861676476224,1,interior
0.2036429921244106,0.32107768327993286,1,interior
0.27598835680950157,0.1981236443214452,1,interior
0.1697013282424162,0.3989755147844123,1,interior
0.1773123855259353,0.39669264546117655,1,interior
0.16320892684963376,0.3950397076012216,1,interior
0.2895421923967108,0.24348514133904117,1,interior
0.2868051960613856,0.249873683704585,1,interior
0.2923526043458132,0.23725199338882952,1,interior
0.19393002974196286,0.372112937000668,1,interior
0.2718329972857038,0.257934336449353,1,interior
0.2660868307766116,0.255734500530206,1,interior
0.2002971343026788,0.3751303068618133,1,interior
0.19570930182006374,0.3794330015177614,1,interior
0.20131769166002228,0.2911660813267526,1,interior
0.24958576936719268,0.19437766918363208,1,interior
0.2835733550177298,0.25582088539907627,1,interior
0.266647750862519,0.2616565859486689,1,interior
0.2739732499330663,0.268970971381404,1,interior
0.28027888375598,0.26617699895534724,1,interior
0.27794124873123394,0.2613907158433428,1,interior
0.3039160559141707,0.1744941068291593,1,interior
0.29099589829121775,0.202105338062444,1,interior
0.2894629079590059,0.20835974891133294,1,interior
0.28478107140073405,0.19685017370408725,1,interior
0.29944929666021697,0.20020176778352247,1,interior
0.16377247327422645,0.40322184173993364,1,interior
0.1684998924633968,0.4053061866540548,1,interior
0.1746888724107982,0.40508262471168394,1,interior
0.23121953130981368,0.2926377626937328,1,interior
0.229551059576274,0.2991923038036746,1,interior
0.15841853072148013,0.40205056073276146,1,interior
0.17049979861306505,0.4103399424909912,1,interior
0.15938214741026455,0.4093427966742859,1,interior
0.23690732908897058,0.2785618617345212,1,interior
0.23301249641433872,0.2850117382547676,1,interior
0.16468134490273104,0.41113845091644735,1,interior
0.30658725601584436,0.20268232266114877,1,interior
0.3040328187053949,0.20812945979823744,1,interior
0.3070989934934129,0.19710579896654898,1,interior
0.29939271772803583,0.2124226637485175,1,interior
0.311574901407579,0.20704525862430512,1,interior
0.3102987903387472,0.21309946645796282,1,interior
0.29644554085862573,0.2067754720578828,1,interior
0.25622655635200947,0.25876623826545536,1,interior
0.2349884721794866,0.3024751122114988,1,interior
0.23582855507610687,0.30872567111552324,1,interior
0.25391999120182446,0.2655378238156836,1,interior
0.23691612269346932,0.2965831901935013,1,interior
0.33048060889179504,0.19734992149733924,1,interior
0.2649737411644751,0.24973383185881326,1,interior
0.2611024434460995,0.26146659664702016,1,interior
0.1881224056740436,0.40345593698617027,1,interior
0.19102069866518626,0.39728090409281386,1,interior
0.18416066131429348,0.3992259171773499,1,interior
0.2654083025044976,0.2687172329021734,1,interior
0.23783308654078458,0.29037236601977484,1,interior
0.23029400388560217,0.32418682476685046,1,interior
0.15719501670273528,0.39485104461288395,1,interior
0.15476311448449426,0.3990781785377241,1,interior
0.19310009801058137,0.4080493304025461,1,interior
0.1977976621608643,0.39911079200589095,1,interior
0.19758355823095888,0.39322589450856277,1,interior
0.19425952649342904,0.40285414346235066,1,interior
0.20732463292658415,0.37378570328972704,1,interior
0.2317739355547083,0.3305648807353662,1,interior
0.23631943738460334,0.31985540828797376,1,interior
0.20088702732686786,0.40513618576827165,1,interior
0.19204161547652782,0.41809363901779095,1,interior
0.1975986421685425,0.4129421010795212,1,interior
0.1860601052124168,0.40866951971634835,1,interior
0.30443925274671063,0.1639016982470835,1,interior
0.29167863422045937,0.2565189638997763,1,interior
0.27713063063997473,0.25498569295544204,1,interior
0.28637014953390116,0.2624590850623099,1,interior
0.2936521011942945,0.24940110441360186,1,interior
0.2321640578090093,0.3141815463708283,1,interior
0.2982151760867011,0.2537491332726363,1,interior
0.2962168562895682,0.24330940117291122,1,interior
0.3005462070012734,0.24834582486802478,1,interior
0.3082522521536147,0.19095273415580216,1,interior
0.1691477282381729,0.41697124593431134,1,interior
0.25816515609560126,0.2722891550618114,1,interior
0.25083059315506706,0.2740597388400655,1,interior
0.2471032075895839,0.26790358674945824,1,interior
0.29658496969797377,0.21848534504295763,1,interior
0.29384415240901945,0.21265674421697617,1,interior
0.21043117235730957,0.4028054735177403,1,interior
0.20549087677025482,0.4101653330524006,1,interior
0.203335702373412,0.4165372521592386,1,interior
0.20380723168184123,0.3978440646066825,1,interior
0.2560242831965535,0.27870090260780406,1,interior
0.2634065623332385,0.27757271152166635,1,interior
0.2596369518879923,0.26694842935952545,1,interior
0.2496316449279216,0.28177497469055074,1,interior
0.236447527334041,0.32559181009431176,1,interior
0.2371904461717168,0.33509016595209973,1,interior
0.17972758406297965,0.4099735368649802,1,interior
0.31268411079022423,0.20072667604661742,1,interior
0.33280994376526324,0.20214821957231063,1,interior
0.31779596014844425,0.20478580416121117,1,interior
0.30024277278213174,0.26474424308182104,1,interior
0.29420360249047733,0.26374736674600646,1,interior
0.2908334445432932,0.26911501781883623,1,interior
0.29946067903189505,0.2590742349206225,1,interior
0.296660131946857,0.23226489975285022,1,interior
0.28017399791267095,0.2725345184207011,1,interior
0.3238821610846683,0.20760477608397046,1,interior
0.31790318966063225,0.21134255361712465,1,interior
0.2981458793256647,0.27109773215100263,1,interior
0.30997416528248656,0.26847368076365247,1,interior
0.3040595387003663,0.26816697123489863,1,interior
0.2237989078917278,0.3729003384943943,1,interior
0.2156360429402599,0.37186831876140863,1,interior
0.26452136328696624,0.2853541947429897,1,interior
0.27537996684150384,0.276779061253103,1,interior
0.26939003758930874,0.2744193544846915,1,interior
0.2700982955667002,0.28137731302143637,1,interior
0.2596198929387724,0.2833022278086252,1,interior
0.25778290679059374,0.2894771976749299,1,interior
0.2544211845563704,0.2846682577957217,1,interior
0.26419544104093756,0.2912130593926283,1,interior
0.26776427912984135,0.296332745533682,1,interior
0.27107265106944356,0.28898027293202855,1,interior
0.33574991861436143,0.211399965888591,1,interior
0.32774411983397567,0.2026173170493617,1,interior
0.29829029315085304,0.23802890353288947,1,interior
0.31378335343720015,0.19477471000674884,1,interior
0.28193714234643713,0.27955205560296975,1,interior
0.24269226343183445,0.30103758484420623,1,interior
0.24459371629213314,0.2936279910655865,1,interior
0.23929471718181394,0.3048612892390543,1,interior
0.25997283562889945,0.2958086668839992,1,interior
0.2282470593690599,0.37556708696721003,1,interior
0.2768738116863751,0.2841748101018658,1,interior
0.20944697202999465,0.39565376238452826,1,interior
0.21639930445857788,0.39555160297685166,1,interior
0.217062721779087,0.4073836060245142,1,interior
0.21938907815323538,0.40180452301447517,1,interior
0.21093614445442319,0.41656623008099103,1,interior
0.1811759884293235,0.4038320261033607,1,interior
0.28498202660855393,0.2687526786416816,1,interior
0.30662260348925685,0.2476555561399329,1,interior
0.2045268704088475,0.38972437319307424,1,interior
0.2743393694093882,0.2946694826530448,1,interior
0.26280070663632393,0.30073774568976785,1,interior
0.30543183276517694,0.2740292748846433,1,interior
0.293381262567976,0.2756518998216929,1,interior
0.29460753314602056,0.28042160205387295,1,interior
0.3005102066687648,0.2798319553683204,1,interior
0.26842176903231957,0.30356746138747076,1,interior
0.2740598717214438,0.3006346761077714,1,interior
0.2791461725805507,0.2909588954540143,1,interior
0.2805238340631528,0.29767216402186686,1,interior
0.19703590757749984,0.42093579856543467,1,interior
0.20202853478109378,0.42171730380765465,1,interior
0.29638526754910627,0.2257993171932655,1,interior
0.2435896834604559,0.3181465378987247,1,interior
0.2278330848941328,0.32017514000334435,1,interior
0.24347608456925512,0.3244480746504902,1,interior
0.23991994538844175,0.3136958295343444,1,interior
0.20688588230812277,0.422323962092634,1,interior
0.20086479988194067,0.4276788998994951,1,interior
0.21140678219792958,0.3902423585553633,1,interior
0.33064098941870945,0.20844233821575806,1,interior
0.3317770176797261,0.21557210137617955,1,interior
0.3394157799139324,0.21693871855434155,1,interior
0.21672805268347253,0.3880339949934728,1,interior
0.20988103255269427,0.3831889954903361,1,interior
0.279770133242213,0.30364059951030764,1,interior
0.28697255014837736,0.2942893413935321,1,interior
0.28666707973554734,0.3024097712463525,1,interior
0.2028919040337225,0.38154223449390096,1,interior
0.21658691779207354,0.3821872871831407,1,interior
0.2885387192740768,0.3089513236121049,1,interior
0.28238392275789576,0.30884910137861493,1,interior
0.2936081371701645,0.2988602914245443,1,interior
0.29361649183125466,0.3059096600870415,1,interior
0.22317141784791522,0.40657699061043423,1,interior
0.2276049613127282,0.40276406613291965,1,interior
0.2231394407669431,0.3974764757308081,1,interior
0.21154691629160047,0.40980631397176503,1,interior
0.22211221248224303,0.41234388035808484,1,interior
0.22263935039896487,0.3843530457285183,1,interior
0.2235153606131282,0.3912948650444771,1,interior
0.3063486548053884,0.2618938775998319,1,interior
0.3052006996010503,0.254123436774646,1,interior
0.3060217999270985,0.2854148990985837,1,interior
0.3008461390379294,0.28845673870621874,1,interior
0.3086550417773805,0.27994571949140823,1,interior
0.2374929547985206,0.3777240643010448,1,interior
0.2995558984967367,0.30973201452117405,1,interior
0.29010448370899383,0.32035805069312573,1,interior
0.24966908877536184,0.3195975615484519,1,interior
0.24801381797591818,0.3126089073332579,1,interior
0.250841020095021,0.32590732663325434,1,interior
0.28324659801428415,0.3199997313141863,1,interior
0.27926775325222025,0.31432250222056257,1,interior
0.2748371552828761,0.3079725774768079,1,interior
0.271291642355012,0.26406968723502683,1,interior
0.2995771276927433,0.3026788409645946,1,interior
0.18487438774093956,0.4195601339442802,1,interior
0.18987147280119934,0.4239055799247023,1,interior
0.24732579459807122,0.3485094511716813,1,interior
0.31168607591858793,0.30523594677820615,1,interior
0.30480900358739266,0.3061018849937313,1,interior
0.3005659901377753,0.29573650529635354,1,interior
0.24878729881656722,0.3573291496815496,1,interior
0.254912201088655,0.3650541022650387,1,interior
0.2583568672603324,0.35446192571382557,1,interior
0.25231676986763785,0.3315790736870947,1,interior
0.24518450107763878,0.33233653920392253,1,interior
0.25656672379977524,0.3207017683788839,1,interior
0.3170328966464496,0.26916476476371887,1,interior
0.31550778473880275,0.27953218910673294,1,interior
0.26130463314032487,0.3644475700884932,1,interior
0.26184255980555626,0.37014078674533196,1,interior
0.24250389200186445,0.3407454485313486,1,interior
0.23916744041238097,0.32985904664213306,1,interior
0.23137381027975373,0.2586515753553015,1,interior
0.16962588793086947,0.42278954239279526,1,interior
0.17622669687169082,0.42147502849169566,1,interior
0.17474011641544893,0.4133949364130727,1,interior
0.25716792418539375,0.35974123593695295,1,interior
0.2553988379964114,0.34859862749600257,1,interior
0.182703960993341,0.4263159857142163,1,interior
0.17960307819935986,0.41623118470411774,1,interior
0.18994913230074728,0.41365757893487193,1,interior
0.24923261985533252,0.305433096776391,1,interior
0.24300837903389516,0.30807334785803553,1,interior
0.24917595997843045,0.29928549510089675,1,interior
0.1944134679109961,0.42760953713049227,1,interior
0.18798234205884543,0.4303984109295156,1,interior
0.2135799572911671,0.42389446120403673,1,interior
0.21949080326963985,0.4194045258719839,1,interior
0.24241280580361985,0.28533705492178735,1,interior
0.24991860335772872,0.2886487365873727,1,interior
0.24360368919342787,0.2739278738171162,1,interior
0.31415979982864306,0.2921132043755335,1,interior
0.3130459934818452,0.2860157009468894,1,interior
0.3074325890263982,0.292293401017578,1,interior
0.3135702452022776,0.26301038151250045,1,interior
0.30301344192059215,0.23499170280953172,1,interior
0.2646151571003174,0.3593939944320422,1,interior
0.2838749656139699,0.286745854658008,1,interior
0.22707342588022458,0.41682622727959134,1,interior
0.22839512605091683,0.4099689609191893,1,interior
0.2644364971585199,0.3542992438022522,1,interior
0.26311598549220266,0.321388928717717,1,interior
0.2608688699994925,0.3138420493222866,1,interior
0.25813963374414267,0.32789410973871197,1,interior
0.2642178849953202,0.3280879760311336,1,interior
0.2572451237293012,0.33556863216409294,1,interior
0.2502181138568708,0.3375101494231025,1,interior
0.23769261833175345,0.27263929512787877,1,interior
0.24478037078474763,0.278949508665007,1,interior
0.1807121516148503,0.43418827429463436,1,interior
0.18718843079592062,0.4360200073695927,1,interior
0.19452296374792313,0.4339919743687797,1,interior
0.30670344046365905,0.3116422659916372,1,interior
0.31232696409084854,0.29790979900599246,1,interior
0.31443860548962377,0.3115245176744077,1,interior
0.31752877706118493,0.3012769255403506,1,interior
0.30608023830813486,0.2999384243684707,1,interior
0.1768887842389708,0.42906659505000116,1,interior
0.3108481723287017,0.25710026665522073,1,interior
0.22938283210272883,0.3811959234446504,1,interior
0.22142155798944355,0.3779100870305379,1,interior
0.21375453142889075,0.4309274014091307,1,interior
0.22058259706615965,0.4280354208366381,1,interior
0.2074904796804979,0.42881240842023566,1,interior
0.2345133849530828,0.4003630415807245,1,interior
0.23524732534892787,0.3940830399321277,1,interior
0.22903020268818117,0.3962750188019961,1,interior
0.2340462572713363,0.40741893016446956,1,interior
0.25518038298909645,0.30903793886140396,1,interior
0.272648772724916,0.3144287028676466,1,interior
0.3041098677412829,0.21590225325688586,1,interior
0.3026992303270542,0.22242528210025267,1,interior
0.21366699377831325,0.3773781627361196,1,interior
0.2284780154891013,0.38660443615071666,1,interior
0.3198619045659494,0.3061756899149885,1,interior
0.3254047171852669,0.2932824276028161,1,interior
0.32476865736396415,0.3005072521902111,1,interior
0.3191384368728404,0.29579215003434506,1,interior
0.28988451270746335,0.2883313351937792,1,interior
0.2952320155271136,0.2854045214763507,1,interior
0.2889486766423498,0.2815876717223363,1,interior
0.268317348413173,0.3381751051625023,1,interior
0.2740432798716067,0.32599688899921136,1,interior
0.27053596476617103,0.3316731129453164,1,interior
0.2946948144719535,0.2921984120049937,1,interior
0.3099782699827334,0.22045291270998804,1,interior
0.2937083560850332,0.32728431645411743,1,interior
0.2860261157188538,0.32608418384898763,1,interior
0.29589761334682024,0.32056044055943655,1,interior
0.3008150598162744,0.316424100501427,1,interior
0.23597595404774707,0.3869065956811765,1,interior
0.24252144595441955,0.38457220264524133,1,interior
0.23041677223730309,0.39100065649905275,1,interior
0.3128037997940724,0.25037671395420463,1,interior
0.3109369083622678,0.2432817571674741,1,interior
0.26073873845921897,0.375934966310498,1,interior
0.26433116470321644,0.38125070281675616,1,interior
0.33911813059786255,0.2240524969950586,1,interior
0.3453288214808546,0.22160516868060054,1,interior
0.333115129274664,0.22178834669124367,1,interior
0.3223463407584604,0.2750984372579983,1,interior
0.3201057028428258,0.28297081516045974,1,interior
0.279927789706153,0.32500693193335767,1,interior
0.28630173255872554,0.3145243526378028,1,interior
0.255927624093073,0.30177974458258905,1,interior
0.3024749981074821,0.22905758954413521,1,interior
0.3177932533070566,0.22315386882954294,1,interior
0.31254542323795376,0.22639698903472522,1,interior
0.3150957747439822,0.21710520069838304,1,interior
0.24379615160926976,0.3951559573685159,1,interior
0.23878514749990964,0.40417135249124725,1,interior
0.2701281815020123,0.32031539179493185,1,interior
0.3302225195200874,0.29694284705020846,1,interior
0.33193947258942447,0.29160248885601386,1,interior
0.32714924527172795,0.2861566093687369,1,interior
0.1972865069713193,0.3865596690411426,1,interior
0.31997930941049785,0.28920609867587854,1,interior
0.16931515899130029,0.43114610234053236,1,interior
0.17209944412014486,0.42776914322398113,1,interior
0.30732538434520834,0.22611911475966942,1,interior
0.28664053262305067,0.27471576436857387,1,interior
0.2618166334711699,0.306574481167968,1,interior
0.2675990552252873,0.30988246675953385,1,interior
0.2795491481315981,0.33132192195556065,1,interior
0.3033247892720619,0.24197809348195212,1,interior
0.37370321180651045,0.22660652038283793,1,interior
0.18191922308878497,0.38983738180257604,1,interior
0.3086416372924255,0.3179957881620159,1,interior
0.293585493671801,0.3136913559207125,1,interior
0.3012752286470323,0.323367879203665,1,interior
0.20879256076386002,0.4347849054861137,1,interior
0.21830150858077815,0.43455751678029736,1,interior
0.3123047564800465,0.32821770955143675,1,interior
0.30701332570794054,0.3252271811347435,1,interior
0.31741712898585184,0.3167130672950989,1,interior
0.2409639245608367,0.4120150979959671,1,interior
0.24270389123350428,0.4046887646812526,1,interior
0.21627134437180273,0.41343032938501906,1,interior
0.3222151546552744,0.25773860574825896,1,interior
0.32353027631355336,0.2680921313244591,1,interior
0.3165113912775424,0.2570708203970599,1,interior
0.3201996315086552,0.2630361866457329,1,interior
0.20235487274915373,0.4353913898570485,1,interior
0.219708080765039,0.26508354175247323,1,interior
0.2543283732816091,0.3150506511322225,1,interior
0.3245714266116672,0.28075407038210953,1,interior
0.31315056810135317,0.2744102934749524,1,interior
0.32784942829782104,0.26198116125091525,1,interior
0.3290417316788064,0.27908926265416784,1,interior
0.33402672347331014,0.28698848644942754,1,interior
0.2339766463869557,0.41453070416465215,1,interior
0.32573215371346326,0.22081245308004344,1,interior
0.33339883133370146,0.22921777993652856,1,interior
0.3393119713297822,0.2296679000899558,1,interior
0.32834678982472876,0.2264302576909086,1,interior
0.32249425314966257,0.31151329086567814,1,interior
0.19415197583061952,0.44583943708120577,1,interior
0.183091971334157,0.4411359889172947,1,interior
0.19016701623059062,0.440634656853568,1,interior
0.33878844307642964,0.2901075513314158,1,interior
0.3327516485157483,0.3018383703923512,1,interior
0.308081333059296,0.23790980315121363,1,interior
0.309261396754569,0.23194222769742875,1,interior
0.1776596433525319,0.471723573609384,1,interior
0.17889389249158794,0.4663322463135315,1,interior
0.30074460566200567,0.33110364788575675,1,interior
0.3132164524510652,0.3348415922456095,1,interior
0.30751635660622145,0.33126426614421145,1,interior
0.246534227502184,0.4018715129463791,1,interior
0.33067923345359895,0.2741235484321402,1,interior
0.33300104489912496,0.28264048138220743,1,interior
0.26662322825083795,0.31567636913544084,1,interior
0.23271179536622058,0.42131958335300274,1,interior
0.22612469100813457,0.4240462053944661,1,interior
0.31768388560489397,0.34143788664803393,1,interior
0.32330224352177134,0.3323450640034483,1,interior
0.3060256898830182,0.3370797417597875,1,interior
0.3184000601265769,0.32844268457583864,1,interior
0.3452579005383632,0.22847882315088738,1,interior
0.3423286028750668,0.2349931122920859,1,interior
0.3367790890329384,0.23450772633910213,1,interior
0.29829349442945635,0.3446603375017843,1,interior
0.3097058219400482,0.34841359638971514,1,interior
0.2991097528654107,0.3387420634515113,1,interior
0.3521034272063133,0.23162915890875077,1,interior
0.34632478262091754,0.24117823418173737,1,interior
0.3479084685833335,0.2349708801523888,1,interior
0.33881025366670986,0.2411089478234769,1,interior
0.2387214622712128,0.42631692910972596,1,interior
0.232080774356969,0.4273782384447181,1,interior
0.3208257006224213,0.23567476296031878,1,interior
0.31427752872939974,0.2373255358780457,1,interior
0.31420582238707156,0.32249878478551836,1,interior
0.2929784546253597,0.33517661002855226,1,interior
0.3046848614024407,0.3442453425990367,1,interior
0.29202510369764895,0.342859704580908,1,interior
0.3683108380980495,0.22851673012008158,1,interior
0.2949471183733902,0.3502899637909401,1,interior
0.3008807040985157,0.3494076349346395,1,interior
0.30517776126582,0.3521035137211202,1,interior
0.32070017715712584,0.21724740406684973,1,interior
0.33553992338134836,0.27773505246617003,1,interior
0.2755489403206918,0.33773315091413675,1,interior
0.2846378115960599,0.33795706156653843,1,interior
0.3271856757349402,0.23285827944644003,1,interior
0.26218311734588595,0.3419288969464304,1,interior
0.249975772375238,0.34360252422370524,1,interior
0.26375757273202666,0.3489656790797895,1,interior
0.2556049770385807,0.34159836388234827,1,interior
0.32928837863836063,0.26960631919615735,1,interior
0.20133815623021686,0.443180428009222,1,interior
0.1914227004405549,0.45316657013022876,1,interior
0.19938234216108577,0.4496239856592655,1,interior
0.19656283604239824,0.43973806623780665,1,interior
0.2714545706360135,0.36098226532060557,1,interior
0.26783276106620185,0.3661107007581154,1,interior
0.42646951397982696,0.2076821645117121,1,interior
0.4231529329688907,0.2112511351659666,1,interior
0.3301778239142256,0.31305516710471165,1,interior
0.32180181550269155,0.3220429084453069,1,interior
0.3279160617293727,0.3067228338576324,1,interior
0.33628981438554856,0.30775803855686057,1,interior
0.24210598013129256,0.43284330143182165,1,interior
0.24411988048361383,0.4186039987454865,1,interior
0.247491247068256,0.42506608447747246,1,interior
0.2364826566698816,0.43257966207668996,1,interior
0.35870682720506664,0.234020006977012,1,interior
0.3566655587657959,0.22761826536580895,1,interior
0.3244883429313793,0.3392147604372146,1,interior
0.3211540619742583,0.3540561452337427,1,interior
0.3228555491322577,0.346933830636234,1,interior
0.3114181441260782,0.34215531750875267,1,interior
0.1759902602267613,0.4612213958490487,1,interior
0.31902540096904325,0.24382353451048006,1,interior
0.32249238015996096,0.2281432914213847,1,interior
0.3260789593723441,0.23963424123704913,1,interior
0.33742248122671503,0.24809775732872155,1,interior
0.3322098818231534,0.24343440327545,1,interior
0.33221597574500433,0.23687844348488743,1,interior
0.34406337199346587,0.24765789553962816,1,interior
0.16915589788858143,0.449406403884534,1,interior
0.33017636263313593,0.3207713628153591,1,interior
0.3258884688224516,0.3268928325235811,1,interior
0.2695297957293028,0.3725364649444116,1,interior
0.34328426946473517,0.29462729208459026,1,interior
0.3400660180032815,0.3008178335156682,1,interior
0.3364331774745095,0.2960289263062412,1,interior
0.343178948589029,0.3049850912899755,1,interior
0.27604165455162866,0.36725652809621956,1,interior
0.26314504036855546,0.33393386209927556,1,interior
0.2682595971505295,0.32539194505506175,1,interior
0.32413966881544476,0.24891065397092244,1,interior
0.3356518351682112,0.25364303279042594,1,interior
0.2764391725042749,0.31999128435134117,1,interior
0.2883728627058315,0.35078161018019627,1,interior
0.2926327105292419,0.35799561101607347,1,interior
0.29941894667325836,0.3558258121898801,1,interior
0.2857297195154357,0.3443238985310928,1,interior
0.3256079857356322,0.35986489338825195,1,interior
0.31512435780822196,0.3578161939661863,1,interior
0.3287101831329989,0.3527826842589002,1,interior
0.2514902737162952,0.4064166470352778,1,interior
0.172739318834192,0.4356634910759504,1,interior
0.24907426099089158,0.4162816833818,1,interior
0.2394042881685913,0.4200273373338055,1,interior
0.3453445956948859,0.28165792701913894,1,interior
0.34496468755382986,0.2721324368428629,1,interior
0.3376028316049636,0.2710350980614136,1,interior
0.32635894666467963,0.24495667426672885,1,interior
0.1988485890992492,0.4564853260606844,1,interior
0.20476970537160213,0.45283621748478114,1,interior
0.20703349340696417,0.4474264644000238,1,interior
0.18272737015316753,0.47214742788161534,1,interior
0.18836357179546703,0.47324488211025284,1,interior
0.2005746659248078,0.46440084311288127,1,interior
0.19257698513857993,0.4608136096137713,1,interior
0.2058130305143553,0.4584971389641858,1,interior
0.3430747454212752,0.3106250875571936,1,interior
0.3372723072918498,0.31579410636513744,1,interior
0.31670715775996705,0.3652629190782388,1,interior
0.3156184844083724,0.3492673074092146,1,interior
0.31036800561005795,0.35537630474176685,1,interior
0.3103860172714213,0.36401708140411315,1,interior
0.32005737241937976,0.36050946665342387,1,interior
0.27011957344448445,0.3829626913004155,1,interior
0.1842188635334736,0.4138075163315705,1,interior
0.3393603776687296,0.2649478729162553,1,interior
0.34159944743229564,0.2770464321007608,1,interior
0.32593494696726094,0.2545331172497034,1,interior
0.3743070765058943,0.2329144046910927,1,interior
0.3665493375969283,0.23549417941562029,1,interior
0.22029176737660208,0.4412481559639782,1,interior
0.22347145655639128,0.43528064214858864,1,interior
0.35358685964062303,0.3091596564579794,1,interior
0.3442807246203736,0.31594610051456584,1,interior
0.3494335412637395,0.3130700154765462,1,interior
0.34888094981845424,0.306625665989879,1,interior
0.3361190724392357,0.25970966323876526,1,interior
0.34523261691075047,0.26706269511909037,1,interior
0.207451026349018,0.4708599823205702,1,interior
0.19387329872288792,0.46808443101202074,1,interior
0.200321200626391,0.4721968192637549,1,interior
0.21252626865358276,0.4667774496096529,1,interior
0.35257691752015596,0.2717390997129927,1,interior
0.3478575213980851,0.27665890607008997,1,interior
0.34993290687740064,0.31978620598757923,1,interior
0.35619409920022316,0.3145487029686029,1,interior
0.3577935463158231,0.3207048241291613,1,interior
0.2192112997971191,0.4523240740869318,1,interior
0.21386951806447285,0.4383029378096876,1,interior
0.22479611269035993,0.4485500659129982,1,interior
0.22716524291182366,0.4416300699311466,1,interior
0.21511840512905825,0.4459573583763482,1,interior
0.1701119415960968,0.4435100800992292,1,interior
0.17647449097272608,0.4413487362889202,1,interior
0.36267273960362917,0.2290830552656007,1,interior
0.18943201583840302,0.4848384830943561,1,interior
0.30486541684728996,0.35956075617870914,1,interior
0.21182082943741917,0.45341763311432615,1,interior
0.21241899880867363,0.4608233282316719,1,interior
0.3411291231818199,0.25413292631223683,1,interior
0.34356437744316853,0.26036814819577797,1,interior
0.3509270265412832,0.22508117303407502,1,interior
0.1946791960665966,0.48485873036622534,1,interior
0.19976777913335114,0.4861910049863994,1,interior
0.19039034139694663,0.47964948590359413,1,interior
0.1970886684502371,0.49169179659418305,1,interior
0.3518118018761602,0.28116327788460205,1,interior
0.33934755199775835,0.2835071835385059,1,interior
0.3578202164742195,0.28544584963914993,1,interior
0.34577205436832464,0.28752207309203703,1,interior
0.35874609654167583,0.2781515665534862,1,interior
0.3522089293106375,0.28776965479742816,1,interior
0.329540892210761,0.3451328183829753,1,interior
0.3356859026515959,0.34874671887908254,1,interior
0.33066449944946413,0.3389418971347807,1,interior
0.35544371570840827,0.30307078417387784,1,interior
0.3625870237451725,0.31123147471786083,1,interior
0.3583526099750138,0.3083943234698098,1,interior
0.24728003530159234,0.4092814788117572,1,interior
0.31636313036096536,0.23062494187803284,1,interior
0.38118864193670776,0.23300794406482864,1,interior
0.3797965275589951,0.23863639152162378,1,interior
0.37283665704538743,0.23965944404510298,1,interior
0.37964517614118126,0.22808529748877837,1,interior
0.2705846058863123,0.38795208399980313,1,interior
0.3196583548500168,0.2516793519072192,1,interior
0.31904143190656464,0.33519949689128026,1,interior
0.3287452333093472,0.33314410731754107,1,interior
0.20564299932663277,0.4775283689695355,1,interior
0.21588356080602147,0.47183665606541886,1,interior
0.19855169929140654,0.47958456793219817,1,interior
0.2128828407203407,0.4771237447022447,1,interior
0.20077154625671118,0.49625330468890283,1,interior
0.20411998260601066,0.4911520860013839,1,interior
0.2044369611893667,0.4839279253052644,1,interior
0.347918214371102,0.3000578660210294,1,interior
0.27061792647833033,0.3449308532891312,1,interior
0.27017383477719065,0.35372864364482154,1,interior
0.3611434916008031,0.2397960538946123,1,interior
0.36744422822572015,0.2438396368274717,1,interior
0.18672764228262087,0.46616411529465956,1,interior
0.18404175849464824,0.45925035772839234,1,interior
0.2875982664829792,0.3635579379808876,1,interior
0.29878601361675367,0.3638441467171444,1,interior
0.2929937583893968,0.3655111276179575,1,interior
0.28509869704763996,0.3575362618243762,1,interior
0.2776436171409188,0.37609852977130503,1,interior
0.2701904400308893,0.37790083771167926,1,interior
0.34991489028555894,0.29332535221287737,1,interior
0.32988632743910873,0.36670360799978097,1,interior
0.3230686377149264,0.3664383984097998,1,interior
0.331387923372572,0.35975948575233313,1,interior
0.2817929065925814,0.3533176622575894,1,interior
0.28221086745681373,0.3483469228154298,1,interior
0.2813025812946188,0.3624719959672757,1,interior
0.27717121021363783,0.3580498255308887,1,interior
0.1720792184491713,0.45311459412134153,1,interior
0.3306106187781003,0.24994095683337708,1,interior
0.3516977696174738,0.24773826498313958,1,interior
0.35365263079493275,0.2394446462097555,1,interior
0.25409549575858664,0.41132052886913617,1,interior
0.2819722088367305,0.3820301798384812,1,interior
0.2759004626574975,0.3839495735186725,1,interior
0.2822595686094882,0.37244314323345556,1,interior
0.2864907979497021,0.3780281190866237,1,interior
0.21954508196525493,0.4651825782668667,1,interior
0.22339057912805135,0.47233456867794477,1,interior
0.22028780844810966,0.47788182985479444,1,interior
0.22817536633818822,0.4321646935295504,1,interior
0.38726341863423536,0.23530930447181728,1,interior
0.38571365750680925,0.22911953215088077,1,interior
0.3049804425996786,0.36637055148621034,1,interior
0.30798585812401147,0.37296025393108306,1,interior
0.31350385675694065,0.37038565493595665,1,interior
0.2788028667128163,0.34341906630750346,1,interior
0.18694623143321767,0.44684708917684984,1,interior
0.17994632724102155,0.4474457483094092,1,interior
0.25745050623033866,0.4171780601766646,1,interior
0.30167496187249376,0.3708482299809883,1,interior
0.29629638084919946,0.37141800566011957,1,interior
0.3510168392192007,0.2623263271666579,1,interior
0.34755653353781396,0.25462941726839955,1,interior
0.2873306558297172,0.3317259619633944,1,interior
0.4331125856762729,0.21071140666178123,1,interior
0.4284036762581786,0.2152611080252165,1,interior
0.4308847020859597,0.20539798776848692,1,interior
0.20589692299522389,0.4979571777126884,1,interior
0.206134536392958,0.5043074274293274,1,interior
0.35910734630660546,0.24532203766782915,1,interior
0.3533177131208826,0.2552893032972736,1,interior
0.3584625340906759,0.2521468596494521,1,interior
0.20708378641900213,0.4643765517914395,1,interior
0.30153804533605194,0.3777837763924397,1,interior
0.21064551402275442,0.48262979217935226,1,interior
0.20873847733986156,0.4880226320818524,1,interior
0.27620411634965475,0.350258772711717,1,interior
0.33611694863786074,0.35563323808002223,1,interior
0.4128596276947927,0.23563762296348237,1,interior
0.4188392409627107,0.23526180170158248,1,interior
0.308834597777967,0.381827026962233,1,interior
0.2918759350621132,0.38263777359772533,1,interior
0.30317750807330446,0.38485112911836117,1,interior
0.2890986920541937,0.3710801555586448,1,interior
0.33598996869118486,0.34191331705263234,1,interior
0.3422064015348452,0.35113335942135876,1,interior
0.36726714330730126,0.2776529471934937,1,interior
0.3637531897934333,0.2834666189083263,1,interior
0.36125293750553156,0.2715115012552265,1,interior
0.33763617475167473,0.32351709838726034,1,interior
0.32459574088378945,0.31682838303052996,1,interior
0.3328417466781561,0.3280041285940332,1,interior
0.33733795002630845,0.36356537422738955,1,interior
0.2174875710947838,0.45812924265007854,1,interior
0.22416010561531774,0.458654205150902,1,interior
0.17422581366105214,0.4480350903775126,1,interior
0.21745638139850257,0.4833390312422548,1,interior
0.21415439181735332,0.4879448870467926,1,interior
0.4356124585647829,0.21768745721937638,1,interior
0.35845038084454695,0.259350445677489,1,interior
0.3676503407509213,0.30840834890053737,1,interior
0.3622751352565373,0.29792181796457873,1,interior
0.29402536160830106,0.3774075731945063,1,interior
0.42560201999280284,0.2350011896258424,1,interior
0.4223910754381295,0.2400485195663369,1,interior
0.4146101266578258,0.24148830918604222,1,interior
0.34382873579539597,0.36390466814153527,1,interior
0.34253916190056666,0.3708089652285674,1,interior
0.3360780599568129,0.37036269397432087,1,interior
0.3646960171853503,0.2637740313767396,1,interior
0.3646168898094726,0.2559224026382472,1,interior
0.3574584771389214,0.2659184890461589,1,interior
0.2923612117373116,0.42711465128895615,1,interior
0.29008255382644155,0.42197717386614064,1,interior
0.3059066633235986,0.3972909538272928,1,interior
0.293568443776345,0.38855892830209515,1,interior
0.3069243030722062,0.3896236330256171,1,interior
0.30045682149555625,0.39104723445096745,1,interior
0.19437170507285678,0.4745436930373108,1,interior
0.35459609741814174,0.29755290545654145,1,interior
0.4037261819385695,0.23385141095661766,1,interior
0.3765501751875459,0.2466455516456219,1,interior
0.27532871344533444,0.39283152611478317,1,interior
0.28324607824471243,0.3675005638277128,1,interior
0.19179542990916432,0.4894411199491717,1,interior
0.37196264716727523,0.26526596723742524,1,interior
0.3677482965449902,0.2703663880589092,1,interior
0.3706797327215397,0.25841682267494026,1,interior
0.3015931728738108,0.42517593017141575,1,interior
0.29583152938371765,0.42025209397597724,1,interior
0.3748909533361324,0.2799646813591906,1,interior
0.37401475720088084,0.27256954019114105,1,interior
0.2828080999037839,0.39493097429763613,1,interior
0.2784905160619432,0.3990518962793504,1,interior
0.28272115146762034,0.417355455959687,1,interior
0.2899916882576945,0.4157362915805079,1,interior
0.3776451251558619,0.2670192560548188,1,interior
0.38202107362682114,0.27153216450679324,1,interior
0.3495727577126206,0.3668626992292979,1,interior
0.3452698766143909,0.3788050860793944,1,interior
0.3489616375122958,0.3737956688458113,1,interior
0.3378419133359179,0.3778195878371036,1,interior
0.35697316366684156,0.2921842039889592,1,interior
0.432748422936288,0.23540916820598312,1,interior
0.43378447906567796,0.22410747811651693,1,interior
0.42862608031533594,0.23972326337489536,1,interior
0.43380388723578117,0.22901282441522108,1,interior
0.3316683560504314,0.3739949793060122,1,interior
0.3355423608613551,0.38371667651770824,1,interior
0.32976118819899597,0.38065802334518534,1,interior
0.3417304735567094,0.3864727455973189,1,interior
0.37060556869245337,0.28616781948479125,1,interior
0.36371466948759595,0.29030916888077524,1,interior
0.32582610209357404,0.3858342194933275,1,interior
0.32157305865591007,0.38016781295648866,1,interior
0.3257472428534938,0.37354535340570955,1,interior
0.2794905160760564,0.405604489356423,1,interior
0.2843648453952168,0.4011114822843049,1,interior
0.28574728534663774,0.40643830576290707,1,interior
0.33899749944021274,0.39299484259421114,1,interior
0.34943836054607397,0.3900440998126233,1,interior
0.20683805574355918,0.5109654210216499,1,interior
0.3396130082634184,0.3303618240384835,1,interior
0.3455236097650104,0.3262554263901268,1,interior
0.342611424809801,0.32054788518633726,1,interior
0.3325799293328646,0.38923979903841616,1,interior
0.34028640622212863,0.4004920603972616,1,interior
0.33456406581066783,0.3961945897737815,1,interior
0.344932979943171,0.39484654847004164,1,interior
0.3437056369087506,0.4070144693007154,1,interior
0.35120340529370236,0.39601007955093864,1,interior
0.3324615773762689,0.4018854604998481,1,interior
0.34934232703309304,0.40207202768340317,1,interior
0.33627187055130037,0.40737570364589787,1,interior
0.36409602086900195,0.24945419446183478,1,interior
0.4271353559726003,0.24507509655097634,1,interior
0.4342247286521084,0.2433610900139675,1,interior
0.18391422930146892,0.4525902862669208,1,interior
0.3939517886648908,0.23525304303623124,1,interior
0.39144219410309455,0.23030264520699614,1,interior
0.2245917126749433,0.48407955826500665,1,interior
0.22754618391324496,0.4784647097091323,1,interior
0.20847005440300656,0.5175639786461121,1,interior
0.21221077779014594,0.5073216482703687,1,interior
0.21356493143073024,0.5145990480316114,1,interior
0.42638293155826207,0.25617469915209085,1,interior
0.4169051142066372,0.2490255809074781,1,interior
0.4376182289256961,0.24937303135617012,1,interior
0.43128384257933033,0.25101043761027814,1,interior
0.3156403681446783,0.38325323318671245,1,interior
0.3144170784160826,0.37696379043964984,1,interior
0.2908750894264322,0.40983631285712824,1,interior
0.28391593084624384,0.4114120011910094,1,interior
0.2906719701647429,0.40380807851641304,1,interior
0.2894245637491785,0.39784336784534774,1,interior
0.2817015251359028,0.38857042433384925,1,interior
0.28825990923451,0.3917072243281674,1,interior
0.3566245843641913,0.36571894712292585,1,interior
0.35390112666424833,0.3792056912525146,1,interior
0.3607058519809571,0.37555391175145747,1,interior
0.3705541599216106,0.30242717634640737,1,interior
0.3700410047425984,0.29473280445406336,1,interior
0.30012651309662075,0.4322486969596043,1,interior
0.3068448044671824,0.43178155966668474,1,interior
0.306716186900879,0.42033133906469794,1,interior
0.30199539912982326,0.41722376854241955,1,interior
0.3092491882558571,0.4254976123532815,1,interior
0.22023692845745246,0.49080979587675794,1,interior
0.22889217396343522,0.4891378303011873,1,interior
0.2264003838538034,0.49428964612882903,1,interior
0.37302113575256163,0.3107060247541618,1,interior
0.3621706416424257,0.31685267939154044,1,interior
0.36804100417740787,0.3150111857527978,1,interior
0.3533356866309865,0.3611700125394085,1,interior
0.35876934587330445,0.36001363108052387,1,interior
0.36040316323504995,0.36949629978496246,1,interior
0.37817839048975044,0.3059724273022341,1,interior
0.3781297322569347,0.298202441323083,1,interior
0.362900625403539,0.3044610296161621,1,interior
0.1772680335963064,0.4545541190047687,1,interior
0.2761471202743511,0.4118022359523001,1,interior
0.3001582328870889,0.3973733443922526,1,interior
0.30232637524144884,0.40316392530352735,1,interior
0.3117594751693253,0.3996284627200223,1,interior
0.30903549681289066,0.405635021713004,1,interior
0.310748524770566,0.39400629363954187,1,interior
0.3979600074453963,0.23174336288812003,1,interior
0.21891589710436443,0.5093544751537644,1,interior
0.21994135028880915,0.5148409461914476,1,interior
0.21327182569513203,0.5230180262231919,1,interior
0.38283185768806993,0.2792455694381972,1,interior
0.37850799408367347,0.27579616118239103,1,interior
0.37913958414301246,0.28549508527915773,1,interior
0.3782963871713454,0.3132901904635384,1,interior
0.38501284157531074,0.30317036673111125,1,interior
0.38458780431668643,0.31016303377407256,1,interior
0.33114597020494213,0.256368629708208,1,interior
0.29684669259711943,0.40689971858507973,1,interior
0.3142252101985898,0.41142587063837993,1,interior
0.31691745926704623,0.4033285370402016,1,interior
0.30812403906473257,0.41375121076300814,1,interior
0.30290970505861753,0.41001909808366693,1,interior
0.399900847610584,0.24261874532170138,1,interior
0.4064749526007023,0.24208258967374985,1,interior
0.3161929967797718,0.39522353738912036,1,interior
0.3198147126728138,0.38876394954210297,1,interior
0.3130472955443075,0.38862032303386823,1,interior
0.4004163139169633,0.23769584535491348,1,interior
0.3933271453437305,0.24032129186872014,1,interior
0.3187748859400309,0.4178714240909907,1,interior
0.32021903603494734,0.4099290381158401,1,interior
0.3881151656496509,0.27415914073094977,1,interior
0.34896541110838325,0.38413325943143345,1,interior
0.3571180650974581,0.3986226041916853,1,interior
0.35631731108344783,0.3923514449652581,1,interior
0.3554747826086535,0.38598534757077135,1,interior
0.3194234525066474,0.3723321506213879,1,interior
0.3254625229996923,0.2135079118330042,1,interior
0.20835202425279592,0.5226399954605483,1,interior
0.43851299060015503,0.23178611416964542,1,interior
0.44090246755968576,0.2245819182285172,1,interior
0.3256375781140226,0.3915870445865106,1,interior
0.3285400415161521,0.3965953557206345,1,interior
0.28741052759236296,0.3853426352332625,1,interior
0.21495739062526337,0.5311078908244251,1,interior
0.3424456876197024,0.34450027808510836,1,interior
0.3478168469292382,0.35378866995383385,1,interior
0.34952476122523063,0.3474914898252504,1,interior
0.44037924623954483,0.21051451310868138,1,interior
0.4367200241235822,0.20471961104591727,1,interior
0.2365686708959713,0.4719966026037498,1,interior
0.3303481720172242,0.4075399203003198,1,interior
0.3390032550157021,0.4124371800480924,1,interior
0.3313012205175015,0.41496213372459706,1,interior
0.3367480931754011,0.4170726613894723,1,interior
0.3183101471539969,0.4314409760255689,1,interior
0.3157348227378362,0.42492673108933204,1,interior
0.3055734729862595,0.43858341905054726,1,interior
0.31324909091944436,0.4373724051253222,1,interior
0.37596783730479844,0.29133416207290497,1,interior
0.38288483699600695,0.2915022064975273,1,interior
0.387630455886448,0.2856451420492044,1,interior
0.37394374235705236,0.31980222637093847,1,interior
0.3658919996922146,0.32191546765356194,1,interior
0.273181995521381,0.4017297363676449,1,interior
0.22575899470730615,0.5055459612452671,1,interior
0.21787238239402507,0.5032382956882074,1,interior
0.22565031804857538,0.5126081684107041,1,interior
0.22825765942700613,0.46822109805481926,1,interior
0.3486555902678361,0.35952568781016886,1,interior
0.32172371193133514,0.4248961371621756,1,interior
0.3241261948841146,0.4146399026915158,1,interior
0.3125186666724051,0.41899758011262067,1,interior
0.32510865952084245,0.41950458272383073,1,interior
0.36124491175658124,0.3884955954147821,1,interior
0.3621896510388387,0.3822540555151698,1,interior
0.3633034943324763,0.39393587953581505,1,interior
0.3284644986318689,0.42350039028230074,1,interior
0.4437334614501432,0.21635284393322984,1,interior
0.317468164607926,0.4453443906983714,1,interior
0.3211379201371542,0.4376776639013198,1,interior
0.31004870991775907,0.4435084839871427,1,interior
0.3126438307383737,0.4306404053626787,1,interior
0.29999704245007147,0.4410210865969326,1,interior
0.3716077945822977,0.32639635530432737,1,interior
0.3788500058209007,0.31863069483378936,1,interior
0.38122768264490436,0.3233969912266109,1,interior
0.33510573897694984,0.3348856011168077,1,interior
0.40333924211833566,0.24753120461488312,1,interior
0.3962735579370192,0.2469397504586336,1,interior
0.35503705270446245,0.3543919593213755,1,interior
0.3423174732146823,0.35782552888864444,1,interior
0.3903899979451371,0.29249314465989745,1,interior
0.38551213241667337,0.2969981498953561,1,interior
0.4442342723015285,0.23206239706544132,1,interior
0.4487603072766537,0.22654677732349435,1,interior
0.3951427237305771,0.28254414101867426,1,interior
0.3950137339598485,0.28798119432177527,1,interior
0.38942661473502377,0.27976699658554816,1,interior
0.3248098956498158,0.40341312198856855,1,interior
0.29576707618319437,0.4008328790900318,1,interior
0.3033628425604289,0.4462650162153448,1,interior
0.30896895734141366,0.4496631960330032,1,interior
0.3837852886723387,0.31700122731442393,1,interior
0.3878944108486794,0.321905786607476,1,interior
0.21160757184986373,0.4935403169937463,1,interior
0.21158034687807623,0.5006346327672978,1,interior
0.39014446438580436,0.3148850473622697,1,interior
0.3950290086802568,0.31995915636726385,1,interior
0.35796589693136877,0.40508919723415426,1,interior
0.41051464736301435,0.2476208961637866,1,interior
0.4078183838141504,0.2374617239092738,1,interior
0.43988486210033395,0.2381110482598973,1,interior
0.38612867255653505,0.32983703828415484,1,interior
0.3779731516251253,0.32810527109806725,1,interior
0.3904204596679559,0.33463303865462934,1,interior
0.3806889731750637,0.3353877209912852,1,interior
0.394144763389616,0.3311966896222529,1,interior
0.39216750942225664,0.3256954013005755,1,interior
0.38648959438308167,0.2401937602283189,1,interior
0.3691850261717998,0.38237745682056135,1,interior
0.36761305708993963,0.3766093248931479,1,interior
0.3674555833469216,0.3881963473191095,1,interior
0.3974032442274073,0.30131556904837514,1,interior
0.39164799158846647,0.29935771967132324,1,interior
0.39815116230873276,0.29369012729480143,1,interior
0.37749397752474667,0.2603537149224754,1,interior
0.23352157140310226,0.49540333652836427,1,interior
0.21663712580727568,0.49696236632702656,1,interior
0.22228311396691394,0.4985214766374626,1,interior
0.3639752791597576,0.4111268596372217,1,interior
0.3511113595369562,0.41006147242180263,1,interior
0.35714009302183586,0.4117584205171255,1,interior
0.36520759536774067,0.4049807183983929,1,interior
0.3454278073009661,0.3330171534169005,1,interior
0.3511224144203085,0.33166192952507617,1,interior
0.3918006697975004,0.30736180311393946,1,interior
0.40315639222419525,0.30379221910632864,1,interior
0.404068762334163,0.2976737769637936,1,interior
0.39805384032796,0.3074777709914609,1,interior
0.37298020074146493,0.33370083173669585,1,interior
0.36577462335373084,0.3354679091977358,1,interior
0.3660559798312066,0.32922148401007423,1,interior
0.4542366878068647,0.22167460966895577,1,interior
0.4558862535204503,0.22889720182166678,1,interior
0.449977669744539,0.23238148154525512,1,interior
0.3846381302528176,0.24954616807148886,1,interior
0.37536377440604446,0.25385915284943844,1,interior
0.37009457561264253,0.2509852285999224,1,interior
0.23503561737360873,0.5042835310791823,1,interior
0.24063501029445178,0.4994219673086097,1,interior
0.2286176326337921,0.4998943139472668,1,interior
0.4475747045482566,0.23903423251598355,1,interior
0.442349249430874,0.24477403694924169,1,interior
0.34507591815681105,0.4128348190782842,1,interior
0.3539873694991232,0.41815206283744094,1,interior
0.34859582932409683,0.416669218683853,1,interior
0.3135276842659324,0.4532769695532042,1,interior
0.35574310349183325,0.34857578057204713,1,interior
0.35636232459499606,0.3429607586482546,1,interior
0.3702718756548055,0.40820277605861965,1,interior
0.36572493849859783,0.41838762198443963,1,interior
0.3715075631556912,0.41395720717470713,1,interior
0.36012160842121516,0.41669185047392876,1,interior
0.443996679174476,0.2522213354743115,1,interior
0.43214106121276885,0.25766412899852853,1,interior
0.43757007079805477,0.25586114953555356,1,interior
0.29463892422899535,0.3946439839063269,1,interior
0.2301809601234603,0.4735202102642824,1,interior
0.23284700414532336,0.48317437349401277,1,interior
0.23459689240390175,0.47783629438472036,1,interior
0.38084767675696013,0.25384122479178206,1,interior
0.38754612223328055,0.255467047946287,1,interior
0.39207658743936724,0.2514520400856271,1,interior
0.4055829145437692,0.29149497178280026,1,interior
0.40244802628548065,0.2857930322114733,1,interior
0.38937217422515463,0.24542338373178155,1,interior
0.4096918806835515,0.30123917773935366,1,interior
0.4078467841708009,0.3064525021000052,1,interior
0.41116826216851116,0.29505153233649134,1,interior
0.36658455566048387,0.4251700024251009,1,interior
0.3595571236935421,0.42362944451110857,1,interior
0.3487504808006238,0.33936331725171903,1,interior
0.3413555094881295,0.3375725154415059,1,interior
0.38310074940590244,0.3426511136893122,1,interior
0.37055890630034827,0.34074844286851375,1,interior
0.3870610092735441,0.33788032355347514,1,interior
0.37121304854518244,0.39451793690644504,1,interior
0.3785002459775387,0.39215225084671856,1,interior
0.3742821240255892,0.3861896032626816,1,interior
0.35886492565598027,0.3313917812687052,1,interior
0.35352025982082913,0.3258505723304051,1,interior
0.36020717400018365,0.33755797698414175,1,interior
0.3547353954164468,0.3364549227660344,1,interior
0.40453227901427213,0.3149569214354347,1,interior
0.3620570466907,0.34941587042189715,1,interior
0.39980632806934224,0.25358742012511415,1,interior
0.4447027349827581,0.20348829794112355,1,interior
0.44785973772552684,0.20986903590638128,1,interior
0.32473751817510904,0.43054095864713005,1,interior
0.3336622196409848,0.265556417172612,1,interior
0.35292843077687636,0.4251339261099667,1,interior
0.34194216905352265,0.4257003857117034,1,interior
0.4492875406470799,0.1984058498560426,1,boundary
0.4395544303824332,0.20052627432054307,1,interior
0.4512634020309374,0.2043043098225691,1,interior
0.31891016488437496,0.45655103923424906,1,interior
0.3206465403250015,0.45150306128177986,1,interior
0.38048802353883676,0.3857493945633802,1,interior
0.3847557045864692,0.3888845245281089,1,interior
0.38408158053011393,0.3969212968158865,1,interior
0.4060020801588802,0.25875200415458566,1,interior
0.39414816246208284,0.2579271186205938,1,interior
0.400156276689807,0.26053925895070634,1,interior
0.20799488666549357,0.44105985806207576,1,interior
0.21782900660653892,0.5195937476817318,1,interior
0.22006993464606003,0.5370741849770803,1,interior
0.220041887544939,0.525160215982876,1,interior
0.21327020231238453,0.5399089735137632,1,interior
0.3550680243575209,0.4303127896235315,1,interior
0.3479444718379971,0.42273722611116477,1,interior
0.347584006966005,0.43026595995145017,1,interior
0.36154979440435064,0.4308544952653878,1,interior
0.35714695918687744,0.43691394689764845,1,interior
0.22785722232653863,0.524929980505411,1,interior
0.3713989857311542,0.4022351480798831,1,interior
0.3644529954831211,0.39959682928532997,1,interior
0.33523363262214484,0.4224154423865655,1,interior
0.33674128305208484,0.4285680111964574,1,interior
0.3412043899190749,0.43271014039821076,1,interior
0.35095603768267974,0.4353905478378556,1,interior
0.3453373785439267,0.4389334985101633,1,interior
0.3891343019529371,0.3438377273541836,1,interior
0.39372701490802264,0.3479735703245522,1,interior
0.39477064319438787,0.33893915793707724,1,interior
0.4506368315575226,0.24696028264444878,1,interior
0.44316470983072126,0.2605637235700544,1,interior
0.45062017171322793,0.25601339354805697,1,interior
0.4287168820324106,0.26249702469447794,1,interior
0.4238965793678522,0.25033677312210006,1,interior
0.40806913588069604,0.2796705724769397,1,interior
0.4009125769697728,0.27852996506123745,1,interior
0.4111856133239797,0.2871517148895732,1,interior
0.38854275055654425,0.2678454938602938,1,interior
0.38309327283836425,0.2648071411419121,1,interior
0.3992470561494614,0.2715939114814981,1,interior
0.40525117716778125,0.27350585207630634,1,interior
0.40662135121177145,0.25254807891407405,1,interior
0.3772908040573519,0.39970660588520296,1,interior
0.38250857796640275,0.403427035250964,1,interior
0.38914471101240977,0.40381904381319034,1,interior
0.39001670712287123,0.39779303350740486,1,interior
0.377614483850927,0.4085300080955403,1,interior
0.3844475479110036,0.41417792958597954,1,interior
0.37841882038015634,0.4168454981432461,1,interior
0.3515194026132267,0.44127131041031936,1,interior
0.36435020632717147,0.4385787290856898,1,interior
0.3547589451224593,0.3720365846426837,1,interior
0.36618008489775605,0.3706396605586826,1,interior
0.3828401539319115,0.24411770446087985,1,interior
0.41779920398198805,0.28655427332353006,1,interior
0.4216208833528192,0.28201122234535964,1,interior
0.4173032694207253,0.29262408218588853,1,interior
0.41466567265530235,0.28001710276428465,1,interior
0.29764173798771926,0.3838976679542636,1,interior
0.39195548151899934,0.4112360678535471,1,interior
0.38988446608873906,0.4175365704086628,1,interior
0.38494255899252444,0.42201308120855885,1,interior
0.2557761688651069,0.487218603544584,1,interior
0.24139114600048375,0.51120196707472,1,interior
0.2330746308330022,0.5112383116232087,1,interior
0.3975471158329605,0.31391840600499743,1,interior
0.3987489465502117,0.3257436958363815,1,interior
0.40338289386104825,0.32027574967870454,1,interior
0.21681407733057045,0.5434817479320253,1,interior
0.42083520961367366,0.24499149872766987,1,interior
0.4003675705656587,0.41188038292021684,1,interior
0.3967843841046455,0.405940038210774,1,interior
0.39603147675885025,0.4173977454606786,1,interior
0.4043699583497656,0.266436318550482,1,interior
0.3933168482060304,0.2708104678168973,1,interior
0.3957433899709333,0.26517938502282407,1,interior
0.3892977151416055,0.3923295561769777,1,interior
0.38505265638107294,0.38084477456583654,1,interior
0.4352101839843043,0.26328653797566787,1,interior
0.252855299890728,0.2947672850063902,1,interior
0.38775351963623766,0.372799586806302,1,interior
0.38038316931745353,0.37493680115574063,1,interior
0.39092848697684224,0.3855441229229927,1,interior
0.39068164314818926,0.37899089164554567,1,interior
0.39557160225491916,0.3754358852454976,1,interior
0.3701878704281628,0.3659290641698524,1,interior
0.3738025057269611,0.3715207144866484,1,interior
0.3890909439027732,0.26182081653698336,1,interior
0.37184826290233103,0.35948974698284636,1,interior
0.37592377901021456,0.3651447765185228,1,interior
0.4197157593497876,0.255075755038412,1,interior
0.41254334047555047,0.2551540304444189,1,interior
0.3699082930559234,0.35265795089216084,1,interior
0.37809822472082727,0.3537290895621848,1,interior
0.3638192094486333,0.35644536012869765,1,interior
0.380228996338624,0.36096368010923596,1,interior
0.36406889299509954,0.36368681615842485,1,interior
0.4172460354877478,0.3000489701213129,1,interior
0.4227403927556428,0.29576310760346575,1,interior
0.424383340774478,0.30106968290741026,1,interior
0.24718122329922676,0.49301937354387343,1,interior
0.23983110979731573,0.4929694111391706,1,interior
0.2477258706125968,0.5008278972698811,1,interior
0.45835128363264444,0.21599792807670734,1,interior
0.44766714888460235,0.22072960855363002,1,interior
0.3346185910398735,0.4343243759249473,1,interior
0.3389286486287432,0.4384855481118149,1,interior
0.37091559491880555,0.43443750680248183,1,interior
0.3617932220973464,0.44671120276501836,1,interior
0.3672487139282616,0.43122247621353393,1,interior
0.372647444000579,0.4398187760473968,1,interior
0.40173523757169044,0.3801347010656759,1,interior
0.39581064133228044,0.3816911858046581,1,interior
0.3940666178669798,0.3692802805969844,1,interior
0.4022929478034074,0.372324858323657,1,interior
0.32525505851747044,0.4481678843554663,1,interior
0.32619995222843906,0.4426970570772375,1,interior
0.32828723408534705,0.4359237696401333,1,interior
0.29667961809845544,0.4133465989462782,1,interior
0.33249772430855634,0.44810913063688834,1,interior
0.3945106907591149,0.276287055459926,1,interior
0.37230924979575564,0.4208780897065156,1,interior
0.3736490495277992,0.42821200642717605,1,interior
0.23147317512486884,0.5183259105695571,1,interior
0.3876966662088435,0.3639850263431859,1,interior
0.33322020230656946,0.44104439101243803,1,interior
0.3638813622559931,0.3422868559124297,1,interior
0.21531999475523075,0.5501354165400453,1,interior
0.37404480067927737,0.34720144635068695,1,interior
0.3681804744938452,0.34669367900818704,1,interior
0.3740261194000361,0.37839591922607846,1,interior
0.3481537424650204,0.4479523617331111,1,interior
0.42610519227849836,0.27678160558639825,1,interior
0.41893737257051206,0.27475931002028303,1,interior
0.4116600320532739,0.2718382601807791,1,interior
0.23047791616685234,0.53121390435058,1,interior
0.22290078979110864,0.5307636045307934,1,interior
0.23706338383319434,0.5254303812357152,1,interior
0.32172604017928924,0.3967170883434616,1,interior
0.45441613433267725,0.24087230774084584,1,interior
0.4397210983529938,0.266799178057083,1,interior
0.4495494320984934,0.2640302256866271,1,interior
0.44466542261557535,0.26845458154230495,1,interior
0.41124840439353066,0.26341179300347417,1,interior
0.41801160420376343,0.26698465137266825,1,interior
0.24425892052503947,0.5063082406268489,1,interior
0.4396442185122622,0.2731971591343132,1,interior
0.45004283023423125,0.2713777662690669,1,interior
0.444984005224403,0.2757050197818803,1,interior
0.3685435458460917,0.4449870866445134,1,interior
0.3800418907903413,0.441116394531766,1,interior
0.37715406209360447,0.4346635327940162,1,interior
0.22407264745856778,0.5193371635455372,1,interior
0.38142750345507653,0.3682323257608142,1,interior
0.38494233867335026,0.3568275953308722,1,interior
0.3915791053527186,0.35627019937469656,1,interior
0.45682030443049815,0.25076610931413024,1,interior
0.2948954179887374,0.43277515136967637,1,interior
0.40468893179361043,0.4051649902232454,1,interior
0.4017734279800946,0.41828627903778726,1,interior
0.4058932334840484,0.415921349679605,1,interior
0.21698255508327327,0.5551808644018387,1,interior
0.41401361585023255,0.3061978681482433,1,interior
0.4297696521495497,0.26983848085996165,1,interior
0.3310741205094709,0.429015036785235,1,interior
0.3819708805542638,0.42950444908039664,1,interior
0.42231178940557906,0.2610106018393371,1,interior
0.4165012260069342,0.26030294707882884,1,interior
0.3831762389997624,0.43648292719159726,1,interior
0.377347169237301,0.4509386856974638,1,interior
0.3884009525410415,0.4420689916471385,1,interior
0.3824664660638147,0.44722707248190713,1,interior
0.37522117796772947,0.4459209904573736,1,interior
0.45057502947710515,0.2779975798317555,1,interior
0.4564431264527375,0.2739330899258809,1,interior
0.38928148099753707,0.42864328794076195,1,interior
0.37839436279172917,0.42353696259406026,1,interior
0.39884266102578764,0.3873300723995197,1,interior
0.4084496311858119,0.37777384297014144,1,interior
0.4071358774366057,0.38619567055747706,1,interior
0.45734713202141763,0.2569109478853258,1,interior
0.4596248616533252,0.24401777617836223,1,interior
0.46264484116610044,0.25460695749919415,1,interior
0.44468118366387016,0.2830268668022466,1,interior
0.43965672258132404,0.27939413990569084,1,interior
0.40318433248266605,0.3099051437080541,1,interior
0.41591484525572175,0.3120554814928933,1,interior
0.32605079669914616,0.4099669396561742,1,interior
0.3835085146918248,0.2592783100677022,1,interior
0.4513957318123281,0.21528660475784203,1,interior
0.3557376416632851,0.4510896220612805,1,interior
0.34000028516567554,0.44464620683193673,1,interior
0.3506609557507098,0.4565073565191495,1,interior
0.34008480703907434,0.45125831379207143,1,interior
0.35662014495847166,0.4439979653934236,1,interior
0.34517032752925536,0.4554404118637728,1,interior
0.38747733769447995,0.43438497829180617,1,interior
0.39615365016699017,0.4413253902855771,1,interior
0.39432960123474153,0.448241675212091,1,interior
0.388268980524984,0.4508544818029488,1,interior
0.3932221602665085,0.4351161993078023,1,interior
0.4220047883152388,0.3134001226464608,1,interior
0.4105908533948208,0.31697159902844024,1,interior
0.42174901349668575,0.3069612739494451,1,interior
0.3796863999894028,0.34717227387291427,1,interior
0.4148162681158341,0.38903996283640024,1,interior
0.40993092149913807,0.39372651294982947,1,interior
0.41395769586187453,0.3823693737768465,1,interior
0.4028661301678013,0.3931115131492511,1,interior
0.42453981038146943,0.26611725295448063,1,interior
0.3398390095172603,0.45861195273573063,1,interior
0.33434942786994515,0.45487512279504905,1,interior
0.4648766956392283,0.23974969094816986,1,interior
0.4598789256149421,0.23602444050645574,1,interior
0.24257689407808924,0.47867496141448185,1,interior
0.2403292011600247,0.517620007366389,1,interior
0.4687435937151187,0.2521130508076751,1,interior
0.4748505434051993,0.2495218746642978,1,interior
0.4683427754864346,0.24509062784057653,1,interior
0.47394570250442775,0.2577435336824897,1,interior
0.4621443634939099,0.2613893357969251,1,interior
0.4007775252563343,0.33236487089102734,1,interior
0.40255902739813026,0.3381410475873943,1,interior
0.45544383069432054,0.2094319107296603,1,interior
0.39584075217555237,0.39455439331596015,1,interior
0.34629300042279293,0.4632815292119304,1,interior
0.35648461386722785,0.4577180176307244,1,interior
0.40615962202356154,0.3269090285585699,1,interior
0.411482489890257,0.4008509671773162,1,interior
0.4170190068236809,0.3958770659317035,1,interior
0.4058505243870935,0.39870547913708176,1,interior
0.3961815294763486,0.4289799467419673,1,interior
0.25136514101275864,0.483615530743193,1,interior
0.24364364050582815,0.4872320676361145,1,interior
0.33281388105118104,0.4616773268887876,1,interior
0.32729653521235785,0.45500718438034743,1,interior
0.33948489770929274,0.4647683032897267,1,interior
0.4242826883015103,0.2895590321457907,1,interior
0.42879517535708267,0.2835231950781664,1,interior
0.46322990636375627,0.2488364988165575,1,interior
0.47590156700829744,0.24238751206238546,1,interior
0.4674864185484136,0.2583424360464733,1,interior
0.4178047225113131,0.3182265846392456,1,interior
0.4119812516082025,0.32244437043369994,1,interior
0.4089074881193477,0.33359353937847513,1,interior
0.4136780899111563,0.3280851085718624,1,interior
0.4731074662169614,0.22965860005514746,1,interior
0.47449892467952365,0.23535559650390017,1,interior
0.4620282016397136,0.2295778364295035,1,interior
0.25929579100599004,0.491622564544506,1,interior
0.42948531020614295,0.2963409960728862,1,interior
0.42977915150113766,0.30472449056291584,1,interior
0.4064228140045789,0.43757236023900425,1,interior
0.40073267597029266,0.4468930990839517,1,interior
0.4006077312597648,0.4346364154308611,1,interior
0.40195452844441304,0.4410563087591557,1,interior
0.39255377418768606,0.42315314667303205,1,interior
0.48105645453768475,0.2534389229417294,1,interior
0.4818623674242497,0.2468939818611212,1,interior
0.37680205237301645,0.3408635107532146,1,interior
0.22014417995969182,0.5500318173024908,1,interior
0.21953233151659945,0.5635254923168475,1,interior
0.22157710952574713,0.5572713626059682,1,interior
0.37031775512442955,0.4523773686109002,1,interior
0.3658101671219899,0.44979027495712387,1,interior
0.40808741745100163,0.33893541627846324,1,interior
0.41110105183616624,0.3701778596956412,1,interior
0.4156612861041657,0.37593913134253776,1,interior
0.43657477928300087,0.28535156360397246,1,interior
0.43336185047901477,0.27732872769302924,1,interior
0.42048456194341294,0.3242303462140069,1,interior
0.23651847416917451,0.48760019729257936,1,interior
0.41834639616970837,0.3708669504183922,1,interior
0.40518936625842983,0.36540155114166434,1,interior
0.41204146891820703,0.36269612131913354,1,interior
0.41808485756601527,0.3653352905068788,1,interior
0.42452977637074,0.3686105116395326,1,interior
0.4184564450039887,0.3586854795797325,1,interior
0.4246872771604222,0.36166111585933475,1,interior
0.4232378323597912,0.3752978409546716,1,interior
0.4127094168495074,0.35546875384306703,1,interior
0.46704592963877006,0.2266755839374898,1,interior
0.47774302989924583,0.22510183626593674,1,interior
0.48039378638207036,0.23138867405296054,1,interior
0.4673715602861016,0.2336348220676387,1,interior
0.47998744995442005,0.23707126874020243,1,interior
0.48249650151441215,0.24126034702559282,1,interior
0.4311450136545426,0.28974533449198814,1,interior
0.4357175940508533,0.29991759307265986,1,interior
0.4365454714492818,0.2933360058356129,1,interior
0.34224014100657396,0.41878851326352623,1,interior
0.25340745145968346,0.49635635384680166,1,interior
0.38589931236145203,0.3500142893371958,1,interior
0.3994226790527593,0.34360366966571876,1,interior
0.39929931193656387,0.35996331318788066,1,interior
0.3939731505738224,0.36286563882970696,1,interior
0.46135248982588584,0.2225600449513343,1,interior
0.4199436229441754,0.3851154285736481,1,interior
0.4202525789502798,0.38002344275145283,1,interior
0.4094563842426682,0.3112385401032477,1,interior
0.4480502345366183,0.28807430811390977,1,interior
0.4520173326963028,0.28413119160735545,1,interior
0.4475829457633706,0.2932940388227734,1,interior
0.47046281820457664,0.2392790639885019,1,interior
0.45581328375104674,0.26242971297191126,1,interior
0.42227876663279734,0.3903687736727843,1,interior
0.42551036294103334,0.3185667535433156,1,interior
0.42848804554242886,0.32468117417870906,1,interior
0.4241460395519798,0.3313815473333109,1,interior
0.41920624969285203,0.32921017432751154,1,interior
0.46513116947446537,0.2160930719175387,1,interior
0.4683387137290058,0.22034062036273683,1,interior
0.4137187097355648,0.340296813183612,1,interior
0.41701513539772317,0.3341940556132565,1,interior
0.47477741050397454,0.2195108884173871,1,interior
0.4841115819224626,0.2258019873219765,1,interior
0.48765518375384714,0.2220196318465665,1,interior
0.4720372439861946,0.224246457163716,1,interior
0.4812799679429955,0.2193283535624918,1,interior
0.4066384989830115,0.42233507203440507,1,interior
0.399371907707915,0.4232310227987668,1,interior
0.4810656527951392,0.26077983664097787,1,interior
0.4872815000651041,0.2569232033458299,1,interior
0.3851886338512667,0.40862764614432123,1,interior
0.4234858412251638,0.27111170900832277,1,interior
0.4586620575043982,0.28512955671262136,1,interior
0.46130693048723587,0.2917615482765138,1,interior
0.4540217763182653,0.29127539698709787,1,interior
0.4070379002477923,0.4108704682041526,1,interior
0.4114993072870609,0.41559880494693424,1,interior
0.4758590630552754,0.265449284325919,1,interior
0.46860131511213216,0.26502141469638885,1,interior
0.378781914828085,0.38082993757924877,1,interior
0.4800481655231317,0.21395245284925407,1,boundary
0.4877707384299273,0.21784829701179412,1,interior
0.3935943265663333,0.45504766728963914,1,interior
0.4001542791559803,0.4532378668172364,1,interior
0.48909479230041636,0.2501030608955577,1,interior
0.48820892901675667,0.24302474728916526,1,interior
0.36039741663333913,0.32572382168070213,1,interior
0.4876694287795064,0.2645412803250612,1,interior
0.4924160943287371,0.26025584088393316,1,interior
0.49497482545532395,0.2553065810618723,1,interior
0.4283915553317173,0.3118474516460868,1,interior
0.3938736899872081,0.38983598485150917,1,interior
0.40597449522200924,0.45105842447413674,1,interior
0.3995942392229339,0.4636968092802618,1,interior
0.40703973822664186,0.45812568553465205,1,interior
0.39917598408626526,0.45848830740130175,1,interior
0.21937924380658996,0.5726897884530817,1,interior
0.4611664074268532,0.2687835076573113,1,interior
0.4078209186684892,0.42999551405700875,1,interior
0.4171976895244675,0.41131481354322913,1,interior
0.41190444012421995,0.40759411015287395,1,interior
0.49940805170160685,0.26170818087189135,1,interior
0.49405146960718155,0.2650296970257058,1,interior
0.418342540259163,0.34506141723651174,1,interior
0.41279744415825986,0.34800352809558915,1,interior
0.41289921385806655,0.4232530207158767,1,interior
0.4168636486030854,0.41794026169487764,1,interior
0.42222285247713426,0.4161798635824185,1,interior
0.40655202488927805,0.3588547448256481,1,interior
0.3943366747578575,0.40066191184716526,1,interior
0.23905775020835718,0.5392719806394329,1,interior
0.2372227214734675,0.5330837005832848,1,interior
0.38255720992930686,0.4541594540024072,1,interior
0.4183420294538437,0.40355619126940845,1,interior
0.22588432608829426,0.5364136644034645,1,interior
0.23136813826444078,0.5391763639285768,1,interior
0.4010878332310377,0.34915163419346634,1,interior
0.40658270375063804,0.34445181486251614,1,interior
0.4243884739280889,0.40415998134001907,1,interior
0.4305538655068791,0.36564202898831905,1,interior
0.4305063673041176,0.37414988053207826,1,interior
0.219051143036834,0.5780127634529092,1,interior
0.224294730400314,0.5435948174694859,1,interior
0.23087056350340493,0.5477477493467047,1,interior
0.362504448523174,0.4545622264866868,1,interior
0.23534633087105492,0.553725314233613,1,interior
0.23913611550088307,0.5472269414911226,1,interior
0.2249928577674404,0.5508211228702302,1,interior
0.22854927839820963,0.5552823200635296,1,interior
0.4311996733299664,0.33126195732155067,1,interior
0.433650999776523,0.31810131383809503,1,interior
0.43563331851533166,0.32536507228013034,1,interior
0.2240583192043742,0.5763565951294035,1,interior
0.37635186710575463,0.45614256994946173,1,interior
0.328595127690925,0.4669332587152385,1,interior
0.3250099083081067,0.4620975123833187,1,interior
0.38773704410053256,0.4589122652509717,1,interior
0.43506477821630246,0.2702624457324943,1,interior
0.4666749788029416,0.2720477392549155,1,interior
0.4632304347865246,0.2782114019133647,1,interior
0.4291253636104056,0.40827967213986766,1,interior
0.42839929687499523,0.41427601320137125,1,interior
0.42650785534117014,0.42724907362772724,1,interior
0.42698265546561026,0.4204979662100407,1,interior
0.4939960688909468,0.24516790423146778,1,interior
0.49806047438910683,0.21733228310448163,1,interior
0.407278471930365,0.3517682743331744,1,interior
0.41855437076901564,0.3516751049726104,1,interior
0.4238893423459204,0.3473942794737681,1,interior
0.4279129994180443,0.33705677642030063,1,interior
0.4296348731830962,0.3440052465161032,1,interior
0.4269562378847369,0.38291009725132535,1,interior
0.2622505211416965,0.5450633852337292,1,interior
0.2682549547203684,0.5425964506449084,1,interior
0.47009024311927694,0.2772088524213098,1,interior
0.4727416615399984,0.2715346976506256,1,interior
0.4564867258635161,0.2797182033781024,1,interior
0.4647038547245409,0.2854554073941395,1,interior
0.47135975130094293,0.28336626000448367,1,interior
0.3786301245189844,0.46641232678877104,1,interior
0.37401719007402523,0.46218983274448616,1,interior
0.3807152018579854,0.4603097544984083,1,interior
0.42435303349020237,0.35472694901075025,1,interior
0.428881722986055,0.35085713623288856,1,interior
0.43100085991731574,0.35759067050659843,1,interior
0.43660823851235625,0.36233449953813673,1,interior
0.450789599044297,0.2981513986712598,1,interior
0.3970062273647096,0.35374488590497094,1,interior
0.24199630368233152,0.5535585682869102,1,interior
0.4373010377866248,0.3320410601125589,1,interior
0.442717832504571,0.3331041472268773,1,interior
0.44136807482845847,0.32095293947689596,1,interior
0.39908902875170627,0.3662770643033283,1,interior
0.42913879714347253,0.39143353243022655,1,interior
0.4870561757697322,0.23062986895247425,1,interior
0.44838538980854775,0.3312860129467473,1,interior
0.4397115108182115,0.3384350878276164,1,interior
0.4456251840239667,0.33803883644633154,1,interior
0.43374256022310886,0.3380304887746237,1,interior
0.4422805487951516,0.3273362040775777,1,interior
0.4443108032006829,0.31030298057326006,1,interior
0.4358673847074379,0.31041212930014267,1,interior
0.41573303995464833,0.45701495432907935,1,interior
0.4134931529402827,0.4645493920969577,1,interior
0.41234510469422664,0.4497564273233163,1,interior
0.40615012159038,0.46567570029038907,1,interior
0.41178741933465596,0.4414131224975993,1,interior
0.4266711211559751,0.46148840167616,1,interior
0.4231929906921259,0.4563288846350977,1,interior
0.41951924160856185,0.4502773600245112,1,interior
0.4204833292033017,0.46344290417603795,1,interior
0.4542867400118193,0.3212132957714194,1,interior
0.4541145406585565,0.32764520015399273,1,interior
0.45468806005262735,0.33440183116122446,1,interior
0.44805565998350066,0.3239765249689413,1,interior
0.42765811954250577,0.43437798774679154,1,interior
0.43381128694375803,0.41860274634208494,1,interior
0.42121046978218385,0.4312840599397904,1,interior
0.43317738394386557,0.4300155084700365,1,interior
0.4202904327194325,0.4236358742530739,1,interior
0.4622603586449306,0.21145409334819462,1,interior
0.46009146093065684,0.20723297267793256,1,interior
0.44068463622916926,0.3047371361782558,1,interior
0.44058851679891753,0.31525712813417806,1,interior
0.3602383160436808,0.46217023452681394,1,interior
0.3532538590271443,0.46382779990199335,1,interior
0.3671241958150843,0.4605011023204572,1,interior
0.43521559689599265,0.30518927028828774,1,interior
0.49118177072573665,0.22640110033652217,1,interior
0.49419047350546347,0.2210121175827696,1,interior
0.42216047940059725,0.33969221717452874,1,interior
0.3348658361067294,0.4697789642122493,1,interior
0.27622027299109836,0.5479119850957653,1,interior
0.2670187386511699,0.5508222843034378,1,interior
0.3706381356333469,0.4688160837964544,1,interior
0.37139179043169473,0.457517579482026,1,interior
0.453787462795892,0.2354475802116812,1,interior
0.27312067744717045,0.5557919051889636,1,interior
0.4430003557687014,0.2978266987693809,1,interior
0.43482872335348843,0.41204827419778883,1,interior
0.4345328097130663,0.4051151424174704,1,interior
0.4986836836368013,0.22707429130925977,1,interior
0.49298867587578493,0.23226909797228357,1,interior
0.43170904259395265,0.4241484207110219,1,interior
0.4824083253495209,0.2683565110916149,1,interior
0.4321624881167166,0.3982643257519019,1,interior
0.4603110826439189,0.32443678070781534,1,interior
0.4479641669732754,0.3167561870011029,1,interior
0.4548784814552218,0.31582297040961754,1,interior
0.4610615962931724,0.31803578265544113,1,interior
0.37338311602093893,0.4756198398824169,1,interior
0.36313881130338893,0.47324368979533177,1,interior
0.37839197399277685,0.47196842008437095,1,interior
0.3640284258964977,0.46691579602807687,1,interior
0.45261077121318494,0.3100096386698726,1,interior
0.44753232170078294,0.3042419783009896,1,interior
0.4406531709902672,0.35102618549712283,1,interior
0.4341361723845683,0.3506051617778318,1,interior
0.5016946672109476,0.22094018245957972,1,interior
0.28600329260661705,0.5457053032044016,1,interior
0.4023581370276409,0.35492061891948046,1,interior
0.22936456432122407,0.5772760372832598,1,interior
0.23445453920699058,0.5722723442681436,1,interior
0.2283827305418659,0.5701812448138213,1,interior
0.23036049881655582,0.5829180914854277,1,interior
0.44087062222723655,0.416547921126068,1,interior
0.44449964369605627,0.4227601231429809,1,interior
0.4378808336265289,0.4245821016844963,1,interior
0.4785678005884826,0.27203131204249165,1,interior
0.43435966137513654,0.4366079266253568,1,interior
0.44055403561999423,0.43263574830706325,1,interior
0.23367296331397516,0.5654594709244173,1,interior
0.22670132307645383,0.5627608557063793,1,interior
0.22240421198812624,0.5687561156560037,1,interior
0.4387064092108129,0.37656798822264825,1,interior
0.4363906845050645,0.36967079603358305,1,interior
0.4339306136487918,0.3806512265883354,1,interior
0.44783978102403077,0.41785825043197916,1,interior
0.44727530066831367,0.41201400752072415,1,interior
0.44080550615279357,0.40849627395452365,1,interior
0.48437671259899645,0.2766551779424232,1,interior
0.48785568374160027,0.2716877756967809,1,interior
0.4682536832507063,0.2906687432632562,1,interior
0.3378622462366405,0.47677954098460823,1,interior
0.44145323213987575,0.3658323323415274,1,interior
0.44693998917555283,0.3796014488570389,1,interior
0.4405012699106452,0.38333286957046103,1,interior
0.4432401085900037,0.3723120597988491,1,interior
0.36761137763867074,0.47570117496148806,1,interior
0.45794902971094115,0.2983170461189198,1,interior
0.465334140135529,0.29835259216882976,1,interior
0.391677864475927,0.4662736921880972,1,interior
0.38490305730377006,0.464370684243722,1,interior
0.23384732741721712,0.586030113792976,1,interior
0.23582125791452963,0.5794683461452891,1,interior
0.5033987028336645,0.21584373750632976,1,interior
0.5064425017424523,0.22537207934496314,1,interior
0.5088056802906572,0.2182506442106615,1,interior
0.47666092969791474,0.2781036427284662,1,interior
0.47495123995865296,0.2889354650109529,1,interior
0.47286917055791555,0.29507361391026815,1,interior
0.4809774741051765,0.28477135960767896,1,interior
0.44653575300169285,0.3875397666991576,1,interior
0.4405191115663988,0.3896208227446085,1,interior
0.406865600813338,0.4447143957396465,1,interior
0.4173136900642988,0.44345246129027177,1,interior
0.4225653262907764,0.4384576843403664,1,interior
0.36323213574016616,0.48122050397254107,1,interior
0.3576087469466513,0.46926571840430187,1,interior
0.35679852113210747,0.47670022144308416,1,interior
0.49472955014711795,0.23890488958845574,1,interior
0.4867984021177577,0.23635009003609547,1,interior
0.3572924706307873,0.48356818326970175,1,interior
0.3679143720513029,0.4876036975739728,1,interior
0.3611440865957549,0.4895961459440307,1,interior
0.4290598561568812,0.4024560958350537,1,interior
0.451247400875308,0.4233118366893376,1,interior
0.44722963404448945,0.4291455302037401,1,interior
0.439385036689943,0.4008589258872426,1,interior
0.4469733887466078,0.4041190314181023,1,interior
0.25965228303513815,0.55550489617519,1,interior
0.2597163805150496,0.5497829861726903,1,interior
0.26609356638275056,0.558923983165505,1,interior
0.500339650382485,0.24400465623046563,1,interior
0.5045278235409449,0.2322793473960335,1,interior
0.502877167619986,0.23859501612850562,1,interior
0.35042699063550853,0.47169566384038303,1,interior
0.3501740512568457,0.4814789987292717,1,interior
0.5138478353423427,0.22663911197591857,1,interior
0.5101680836260559,0.2311765098022917,1,interior
0.44923484272219144,0.3438961975023833,1,interior
0.45505546241104783,0.3417013415326508,1,interior
0.4342236834667356,0.3870093761909557,1,interior
0.24002686646485943,0.5741322474531009,1,interior
0.24648490420166394,0.5851531144793043,1,interior
0.23983335366284295,0.5853401142218387,1,interior
0.340752036411469,0.48432194551717395,1,interior
0.3443816039030604,0.49022983231134243,1,interior
0.48054390138436515,0.2930015237414182,1,interior
0.47768019747931995,0.2996737970945238,1,interior
0.43747103754317773,0.35622832216928296,1,interior
0.443936171895077,0.35887247793290045,1,interior
0.2536290714475877,0.5519823490773148,1,interior
0.2644539977715025,0.5659933160385242,1,interior
0.25203290375016774,0.5591655146972182,1,interior
0.5165102012919808,0.2330097898074535,1,interior
0.510665858064121,0.23786743731187573,1,interior
0.5111021297741488,0.22235506948632458,1,interior
0.4987105034849672,0.23377339338508607,1,interior
0.41129677465657427,0.47176544604964316,1,interior
0.3992690670918865,0.46981088153667516,1,interior
0.40539778592054576,0.470275482288521,1,interior
0.2152567360157275,0.5371735585518552,1,interior
0.507586663923815,0.2442236909123036,1,interior
0.4414396965180699,0.44064198243577785,1,interior
0.42943408154613266,0.4426133391853285,1,interior
0.4607385098262391,0.3060573220134653,1,interior
0.4541668102302194,0.3037762649729036,1,interior
0.454569343789899,0.4166383497057109,1,interior
0.45799028657140917,0.42370696136097896,1,interior
0.4890706567827287,0.28308958414207114,1,interior
0.49386072990484886,0.2762564977713442,1,interior
0.2952037923527529,0.5428811612690189,1,interior
0.3001075902084399,0.5448470721256197,1,interior
0.3450253339648683,0.4770092954076778,1,interior
0.4654148953912385,0.32812720019465635,1,interior
0.4673809724294991,0.320803570338677,1,interior
0.47290459789976713,0.31585690383128695,1,interior
0.4674060779006471,0.30531259938871697,1,interior
0.4675292711594021,0.3121408068311521,1,interior
0.4265825806264187,0.4678660792283038,1,interior
0.4195537737870398,0.4718548144454731,1,interior
0.3558288194989487,0.49448147097514356,1,interior
0.348494982063023,0.49578249985948586,1,interior
0.2595399604055701,0.5392953176188467,1,interior
0.24629597380840348,0.5328030500290742,1,interior
0.25112276902864766,0.5396535876983464,1,interior
0.4853232245045128,0.29974228212579,1,interior
0.48850827217287357,0.2911807647448749,1,interior
0.4467513368809801,0.35069869712918283,1,interior
0.45016873836110205,0.3556339735302311,1,interior
0.4511535082391358,0.3619880128607869,1,interior
0.4430748377953768,0.34447932529418024,1,interior
0.47138375979076397,0.3008330145856376,1,interior
0.4803109523212175,0.3050124499776631,1,interior
0.47373185086537667,0.30612052847559884,1,interior
0.4558180210562048,0.4038937580273113,1,interior
0.44427125512537036,0.39553716561560265,1,interior
0.4503154132973074,0.3989450765707663,1,interior
0.4527265898133532,0.40952516650060317,1,interior
0.46317712277471157,0.4185573640408017,1,interior
0.4538431116414958,0.42981074725323737,1,interior
0.4643599204516571,0.42571639451533094,1,interior
0.4602586434310159,0.4298258285081326,1,interior
0.4766588190044229,0.3106495949271346,1,interior
0.4244058622196762,0.3976079039636241,1,interior
0.35337554625114614,0.4889623849717726,1,interior
0.4591170409465461,0.4113940397489771,1,interior
0.4698137368071665,0.4152838721262932,1,interior
0.4701375348551266,0.42382725995317994,1,interior
0.4981900762842655,0.2692688443437481,1,interior
0.3920308377848232,0.4733755461893979,1,interior
0.3938015995246169,0.4610068432684492,1,interior
0.25859191844447643,0.5618134692213967,1,interior
0.27273320672774914,0.56407500256828,1,interior
0.46293921966206025,0.40588117756051273,1,interior
0.45584209765534894,0.39713523182806293,1,interior
0.4621680789221676,0.3982917409963528,1,interior
0.25776246680233617,0.5675434418922546,1,interior
0.25196898294569087,0.5660193359632005,1,interior
0.5047526759961287,0.26737811503591197,1,interior
0.5037607130364792,0.2554524063442967,1,interior
0.456076968292582,0.35671940705599253,1,interior
0.45695498653552047,0.36284374038820355,1,interior
0.4544180065260405,0.36897336420081406,1,interior
0.4473582035075491,0.3667586519013297,1,interior
0.5018750718422154,0.27443193957544787,1,interior
0.48139815125681756,0.41883317893593586,1,interior
0.47635456980921936,0.42386879066746663,1,interior
0.4745284195578651,0.4096134080654928,1,interior
0.46928184055301164,0.4079725165418661,1,interior
0.47992022173371773,0.4115163062465365,1,interior
0.45427604349694,0.3494813263771075,1,interior
0.41653037720822494,0.43641187007877136,1,interior
0.5068075023911213,0.2618313933978341,1,interior
0.5134738969112149,0.2666104520630102,1,interior
0.4597985522627024,0.3312067943199119,1,interior
0.43644740485195466,0.3939275712523857,1,interior
0.3795096731893759,0.47823828327209067,1,interior
0.4716699808851212,0.32664392584574553,1,interior
0.49760507343642985,0.25012707136508544,1,interior
0.23918638250527344,0.5605289583362297,1,interior
0.23272929056032426,0.5594957190841392,1,interior
0.5211885339989493,0.22688042261169541,1,interior
0.5235043523861701,0.23499314019963335,1,interior
0.5187108445260004,0.23961016832988677,1,interior
0.5160963527727064,0.22014659539800108,1,interior
0.5190232778834705,0.21565618658343338,1,interior
0.4546769550224476,0.2679973212595857,1,interior
0.5284120781578437,0.23026584928917526,1,interior
0.5206991134392399,0.2453578701907368,1,interior
0.5303225442286694,0.23716151818196393,1,interior
0.4222406501381282,0.48105418176378884,1,interior
0.4275560949228557,0.4746856180246164,1,interior
0.4151482648541962,0.4788776635952951,1,interior
0.4000584610232665,0.3998171461282571,1,interior
0.5259459298251338,0.2429898922458992,1,interior
0.3427129259880446,0.4704390925883381,1,interior
0.43001866099032915,0.48110023957153475,1,interior
0.42702196218094796,0.4861042503910463,1,interior
0.4339596516139343,0.46987587665692193,1,interior
0.43523074444269866,0.476130852471267,1,interior
0.3524228551359681,0.5001285553819591,1,interior
0.3555295855381825,0.50491120869201,1,interior
0.36065524660520715,0.49812905970044546,1,interior
0.36241359507055465,0.5034871779030491,1,interior
0.46504017739951575,0.4120987231618969,1,interior
0.46750964956406504,0.4020767839785231,1,interior
0.4324954449533844,0.46343813944027684,1,interior
0.4307833125632743,0.4561982992473106,1,interior
0.40247669547686515,0.42809106423926685,1,interior
0.3700140335365946,0.4814320698763783,1,interior
0.5043073368723757,0.24922053874232225,1,interior
0.5120341930659961,0.25845959904762444,1,interior
0.5112176269794266,0.2513890310808161,1,interior
0.49714523168913716,0.2939936899124327,1,interior
0.4957882163357108,0.28760257523057886,1,interior
0.49205473140966915,0.2976942632494133,1,interior
0.39868116423616834,0.4759085227944853,1,interior
0.4045561291649103,0.474872552930136,1,interior
0.42644844203666227,0.4500495282331416,1,interior
0.2686327996674095,0.5721225019735613,1,interior
0.2797965234491997,0.5589871571898004,1,interior
0.28101188747899686,0.5659684900805696,1,interior
0.3063323621486729,0.5510929983231586,1,interior
0.43954276405760173,0.4646681448507953,1,interior
0.4420241843401046,0.47165827355510004,1,interior
0.2852850139587638,0.5524015577841085,1,interior
0.2789336067185623,0.5532424452598522,1,interior
0.5038574944761834,0.2904706866007691,1,interior
0.4981908367095385,0.30101012174814695,1,interior
0.5037446235041468,0.2980076661995065,1,interior
0.4320954118420808,0.44965387966999576,1,interior
0.2480436433458625,0.5542069127340806,1,interior
0.24577090004912572,0.5643542293835592,1,interior
0.5143371612070029,0.24465772629022361,1,interior
0.25511965424545496,0.545228856502152,1,interior
0.46074859394934364,0.3454010013735979,1,interior
0.459947102060334,0.3381964398934037,1,interior
0.4653556763576181,0.34126182212169603,1,interior
0.4094391481003539,0.484788532119038,1,interior
0.41562428342947216,0.4862244828224864,1,interior
0.23209837536051023,0.5901643138065766,1,interior
0.481630830040589,0.4266131191400923,1,interior
0.48411960826200023,0.40669329673216553,1,interior
0.4864044606006336,0.4132424143562738,1,interior
0.48785334946868486,0.42179211145074663,1,interior
0.36321413193835966,0.5095182824838641,1,interior
0.2386586119942877,0.597700761413419,1,interior
0.23715418974196595,0.591663073629532,1,interior
0.4101845164035913,0.4931201861307194,1,interior
0.4032637724703115,0.4889050991084644,1,interior
0.40256105403648385,0.4815851285433777,1,interior
0.5048894498586979,0.30543856977940215,1,interior
0.491574982499522,0.30435787589225705,1,interior
0.28671428730739157,0.5593128498700481,1,interior
0.45843693214557707,0.3911697628962541,1,interior
0.4513358550247237,0.3923498778438976,1,interior
0.37449814630522477,0.4871812698050184,1,interior
0.3848609143684594,0.48196934113032897,1,interior
0.38478295633513016,0.4753579260655469,1,interior
0.24174484680700506,0.5952401105281214,1,interior
0.2437480624354059,0.590780894256314,1,interior
0.5353199290113583,0.23218217170932634,1,interior
0.539505226173996,0.24524272715815235,1,interior
0.5369604110235984,0.23868450488819337,1,interior
0.5327124355095738,0.24392752905983353,1,interior
0.44964266147254095,0.3733241500438417,1,interior
0.3726031960920322,0.4936191883508367,1,interior
0.47137895746851033,0.3390910636586768,1,interior
0.4651755473718793,0.33500262918006124,1,interior
0.4685552413201489,0.3473030813562349,1,interior
0.45526439009989617,0.37759601627959416,1,interior
0.4596087323567474,0.3721767752525264,1,interior
0.44160240786207755,0.48004453149737264,1,interior
0.45080755019464425,0.47056787578988946,1,interior
0.4462475701073963,0.46471207285546995,1,interior
0.4333425211914715,0.48826514865376275,1,interior
0.4357314744186014,0.4821742229461866,1,interior
0.42821426202546675,0.49178345838394366,1,interior
0.2474397499886805,0.5476248636197685,1,interior
0.29332827529109756,0.5491440699090231,1,interior
0.2939920197899031,0.5562734841891581,1,interior
0.4470259308600763,0.476055809954397,1,interior
0.4529681630597011,0.4630184131790249,1,interior
0.45736607939583196,0.47303164960885746,1,interior
0.4536447841963981,0.47848937404301634,1,interior
0.5275205588953467,0.22395701807771834,1,interior
0.5236319108317448,0.21903275635919742,1,interior
0.41774002978345304,0.49668394962531254,1,interior
0.4030266329623095,0.49523706372691834,1,interior
0.4065389328428466,0.5000576023403164,1,interior
0.3663375511626342,0.49413898570901604,1,interior
0.24438478260829558,0.5414371945972107,1,interior
0.4112902062853836,0.43488048927261885,1,interior
0.43656427884551796,0.4463707089416003,1,interior
0.4231481174435537,0.44472471583280015,1,interior
0.3680418599497148,0.5145390117204769,1,interior
0.37130342574164765,0.5087287837506768,1,interior
0.363760290454608,0.5185872470983288,1,interior
0.4506090344093561,0.3376060567034777,1,interior
0.4375154182487278,0.4530377684822442,1,interior
0.47005628137011835,0.33236574392229007,1,interior
0.4695421329827447,0.3966427473926066,1,interior
0.46512767517285986,0.39107672939553334,1,interior
0.45172496594705813,0.4860592118478557,1,interior
0.40382234360689084,0.5053971778840363,1,interior
0.4061062756734145,0.5119584536933679,1,interior
0.3988105206271372,0.5007401897068269,1,interior
0.3989843061920089,0.508000203965809,1,interior
0.40995377429114005,0.5061625293727,1,interior
0.41367436953141623,0.5013986563702125,1,interior
0.4798903202885172,0.3156568778873968,1,interior
0.45354904281588343,0.3851446914077712,1,interior
0.3725446364373144,0.5317227362301121,1,interior
0.3645415414015575,0.5294420012201353,1,interior
0.4090096595997501,0.47841795684615657,1,interior
0.36883805008684883,0.501322623576537,1,interior
0.4325440557144699,0.49646994013465456,1,interior
0.42173116763138024,0.49001338979135,1,interior
0.38956961593071104,0.4788853204322215,1,interior
0.4389744915929703,0.4931832772976629,1,interior
0.4248529540805863,0.497107340049167,1,interior
0.4333318980697484,0.5019298075540684,1,interior
0.43888482078998503,0.5013604248282822,1,interior
0.4280238057824172,0.5030958373849447,1,interior
0.3200354970158137,0.5750887956629941,1,interior
0.4422317399775611,0.29010982942083546,1,interior
0.501236069602698,0.31241645244093796,1,interior
0.5088537624463885,0.3114335781532081,1,interior
0.49792713452526494,0.3070048918938189,1,interior
0.512948549436183,0.30584851997676415,1,interior
0.5092149701194794,0.2957059926283116,1,interior
0.27530930682698884,0.5778075540331564,1,interior
0.262669028462683,0.5779142845240957,1,interior
0.38007538305117405,0.48526955468927363,1,interior
0.38007697539230556,0.49339068519262924,1,interior
0.5412737759284757,0.20390159918828346,1,interior
0.2804873560974867,0.5817057467654638,1,interior
0.2763793095637866,0.5855886635310861,1,interior
0.2709226243326972,0.5841869451720184,1,interior
0.24634634355750037,0.5718422948116538,1,interior
0.2534418921643114,0.572464592141289,1,interior
0.260630702008754,0.5723434533538667,1,interior
0.256145015143747,0.5782322327372883,1,interior
0.29934707091013796,0.5754987018197837,1,interior
0.29698282571210216,0.5697944830898062,1,interior
0.5010190747650602,0.2820992616006622,1,interior
0.4949784186477712,0.28196082823287505,1,interior
0.5187285673898353,0.2611583387971155,1,interior
0.5185884642731203,0.25523994918005627,1,interior
0.24948976708365964,0.5785358116455132,1,interior
0.4880143525332015,0.42953490733870153,1,interior
0.4821410303576374,0.4339261737327959,1,interior
0.47454708557306097,0.4320528575237546,1,interior
0.3968542693044626,0.4865657155271888,1,interior
0.6261562914071556,0.14807620538721492,1,interior
0.48506468216919435,0.3090097146819276,1,interior
0.49700676354615947,0.31569047517625176,1,interior
0.492893164604082,0.3116535644392961,1,interior
0.5053656387496679,0.31711680241844054,1,interior
0.39151026118533,0.5040713216264929,1,interior
0.397478570183599,0.49334433384786514,1,interior
0.3868972903864776,0.4967882890597204,1,interior
0.4429289728399281,0.4488567349149661,1,interior
0.44905382634818997,0.4362419370891536,1,interior
0.44858642671644544,0.4442197689119714,1,interior
0.4369808320648655,0.45906367146083965,1,interior
0.43926773918689194,0.4864191969396597,1,interior
0.4446862917836071,0.4880609279385437,1,interior
0.44752173058361217,0.48186033183292565,1,interior
0.4617106762269128,0.35207783004803167,1,interior
0.4641429906283313,0.4829348422543771,1,interior
0.4620476359539237,0.4772845203800292,1,interior
0.45800947991565555,0.48416547927179615,1,interior
0.469239184308295,0.3855867288259151,1,interior
0.46150087858763794,0.383926690009301,1,interior
0.47163475453532333,0.3914548550382868,1,interior
0.2472462663963089,0.5962587739181912,1,interior
0.24001248378863496,0.6027720319313662,1,interior
0.39150397101880174,0.49130895318644746,1,interior
0.4771993418723822,0.3962292224801433,1,interior
0.4762336338392526,0.3884199696162691,1,interior
0.47414393346327816,0.38147591739819275,1,interior
0.4810491972256081,0.3842640524935876,1,interior
0.4633223837918162,0.47006489866513507,1,interior
0.46929376216952323,0.48603729906010434,1,interior
0.46945564041794974,0.4791539046391427,1,interior
0.4620862565936127,0.37707152798085675,1,interior
0.25897202738928693,0.584147072832476,1,interior
0.4352506601030024,0.4416074801366424,1,interior
0.24004149858431703,0.5678548848553348,1,interior
0.25615540065311526,0.5895332454755786,1,interior
0.26200963765309443,0.5908769916354428,1,interior
0.25266260168050625,0.5845589170540033,1,interior
0.26463378502079987,0.5841462026081955,1,interior
0.2674385655355671,0.589335390199618,1,interior
0.37053826384996924,0.5222966622177576,1,interior
0.41317709219648757,0.5166313116303031,1,interior
0.40073727923286223,0.5147325278033786,1,interior
0.4066572963197003,0.5192552502648277,1,interior
0.5649938040574743,0.1989487873719273,1,interior
0.5710569322441054,0.1952456785219805,1,interior
0.5717124199729507,0.2002051651997018,1,interior
0.4126027735508701,0.5247383537605826,1,interior
0.4002329932296503,0.5212499102438289,1,interior
0.40488116010355,0.5259227522050066,1,interior
0.5904866645692943,0.18906221925029282,1,interior
0.44470776638416015,0.4963174832500889,1,interior
0.4496966837120445,0.49222690265054025,1,interior
0.46753614726915166,0.37892359170295914,1,interior
0.45436252724771764,0.4556508666696433,1,interior
0.463090448844291,0.46378824054913315,1,interior
0.4491068862678994,0.4585573861769515,1,interior
0.4589939136645637,0.45982135189124884,1,interior
0.41586304047375944,0.4916342092591992,1,interior
0.6299257877315348,0.14303426879988423,1,interior
0.6301585924636603,0.138371944099904,1,interior
0.6321747340483412,0.14946863248090747,1,interior
0.5318485952887516,0.21875671239883462,1,interior
0.5338342568958903,0.2255889272663344,1,interior
0.5280499286114069,0.2642091224938035,1,interior
0.520362671121439,0.27169243600287607,1,interior
0.5263979240681103,0.25826074502513685,1,interior
0.3764002955345527,0.49890285082854396,1,interior
0.5188608686446942,0.29261232343468185,1,interior
0.508472062134822,0.285327776796812,1,interior
0.5155436186564561,0.29859519035520876,1,interior
0.4562272176589168,0.49216756511223797,1,interior
0.45742600127752414,0.5001857307394181,1,interior
0.4624481082276759,0.49537380972037964,1,interior
0.46287180480659756,0.4889319605053856,1,interior
0.47644188525548364,0.3325493862848702,1,interior
0.4777076063697418,0.32633224154880536,1,interior
0.466103045509061,0.37109284117484664,1,interior
0.46132028475030884,0.36620860772954605,1,interior
0.46211555628693946,0.35916837483963787,1,interior
0.25328769891164643,0.5983508434484979,1,interior
0.44037514053358817,0.5093145457968776,1,interior
0.4334639845121487,0.5069963715975292,1,interior
0.47904764027842467,0.40394846355906594,1,interior
0.33485697511619444,0.5652450968168528,1,interior
0.4894156614014178,0.38554158090352775,1,interior
0.48302598371119415,0.3914786552759119,1,interior
0.4843737844189924,0.3792640724182789,1,interior
0.4784789878988179,0.37716606899776556,1,interior
0.3005483718769497,0.5520321148241315,1,interior
0.2764497743063935,0.5707717276801663,1,interior
0.39022859157730827,0.5162555358043921,1,interior
0.395969819702369,0.5171782824279632,1,interior
0.47213776571332805,0.3743903216340923,1,interior
0.6377029146287994,0.14534499889487587,1,interior
0.6368166109999257,0.13856152399037688,1,interior
0.47499170296133353,0.3210117097128458,1,interior
0.5338222163750893,0.2636217711136342,1,interior
0.5341255487948896,0.256075443983295,1,interior
0.5295761689827693,0.2504354149752942,1,interior
0.5239220746113825,0.250682460171334,1,interior
0.6130525968573978,0.18179824828958976,1,interior
0.6147255424755653,0.17712010243264567,1,interior
0.6077600143438696,0.1844676572636213,1,interior
0.5355738478222679,0.2498028506082422,1,interior
0.5416093342026345,0.25273856951436,1,interior
0.5394008965474801,0.2596697214196252,1,interior
0.2430075146225886,0.5791585416061273,1,interior
0.536684689030731,0.2072856499170284,1,interior
0.5472495974480546,0.20495897681134465,1,interior
0.5373819375671219,0.21098419698904688,1,interior
0.5513594604296266,0.2008693786606898,1,interior
0.6400661648189109,0.13367532196088572,1,interior
0.6453872537761774,0.14348365174469957,1,interior
0.6444565007727232,0.13751541770645512,1,interior
0.6452953036438122,0.13157177065834974,1,interior
0.4689863280087342,0.4650013769215232,1,interior
0.46044647720566806,0.45258521108878985,1,interior
0.4659158984776141,0.45733278854304743,1,interior
0.4929536378036002,0.3188828699584542,1,interior
0.4867675324090961,0.31650688512399466,1,interior
0.32271933140241676,0.5835914268511841,1,interior
0.3249046732482179,0.577720363414753,1,interior
0.32761178012772946,0.5720236413583757,1,interior
0.45483064373506893,0.44833667682625894,1,interior
0.44878265445470106,0.45188493443084493,1,interior
0.3133922976100691,0.5833764459279929,1,interior
0.301053583168753,0.5844005565222794,1,interior
0.44327164760840326,0.4572977578382177,1,interior
0.2594592181249429,0.6083394579551674,1,interior
0.26116131836716144,0.6126276289407604,1,interior
0.5691608407060764,0.20399952857416812,1,interior
0.576211395304739,0.204768436581638,1,interior
0.5769996118839198,0.19847811577924215,1,interior
0.41721197364537826,0.5093494155943892,1,interior
0.41770662443343254,0.522094075738922,1,interior
0.4554418786046696,0.4413104156722479,1,interior
0.45780961980959506,0.43513012723618777,1,interior
0.542137170675892,0.23401705356189215,1,interior
0.539095257385409,0.22108933587717794,1,interior
0.4512997274085375,0.4985160974288185,1,interior
0.5126464291900318,0.28070675562470837,1,interior
0.5121052661671028,0.29145481015223823,1,interior
0.6543117363067543,0.1441667663776644,1,interior
0.650784420365954,0.14924657793895968,1,interior
0.6437747887897719,0.1490327859705003,1,interior
0.6506399456233906,0.13979418680700414,1,interior
0.4778348244562031,0.4409225204121601,1,interior
0.48935792448763293,0.43589944803323616,1,interior
0.49484629680621267,0.32455881709787615,1,interior
0.4884092895235855,0.3235601290825944,1,interior
0.49998160866209,0.3205728423239136,1,interior
0.33297839938943435,0.5725763389234755,1,interior
0.23474706866851927,0.5436178101322412,1,interior
0.4740449723173403,0.4689187208164314,1,interior
0.4688992287803138,0.4727246369837883,1,interior
0.45754584130113024,0.4668749448832208,1,interior
0.46236778319401084,0.4390749208008965,1,interior
0.4616701158280687,0.4452826893883286,1,interior
0.4692385228527561,0.44064130453589995,1,interior
0.48461905604887634,0.44523068786007475,1,interior
0.473095660143448,0.44646969526105995,1,interior
0.47909176566451006,0.4496707274669897,1,interior
0.48486453970871424,0.43969793013993036,1,interior
0.5124416737603719,0.3232270008925057,1,interior
0.5109337211111499,0.31762188329189806,1,interior
0.5063339750253822,0.32398308833548606,1,interior
0.49167699677196175,0.416707614573215,1,interior
0.4933413381698255,0.4266940581744354,1,interior
0.6025366518949484,0.1878218754874901,1,interior
0.5965704821095501,0.18771614683724785,1,interior
0.5005500722352285,0.42821109281650566,1,interior
0.49511034120630826,0.43248175683678153,1,interior
0.495462060771569,0.4216631155047345,1,interior
0.5014383999324672,0.42110798791274395,1,interior
0.4677928386275846,0.4984563423540761,1,interior
0.3871031393649056,0.5097060522423941,1,interior
0.38287130804167846,0.5026283110226071,1,interior
0.3942160116814148,0.5113633687591167,1,interior
0.4668400902761736,0.44913074639232264,1,interior
0.4723856163469459,0.45309470626189485,1,interior
0.47209999165831185,0.45919403153597677,1,interior
0.4954654131381483,0.4378682081634329,1,interior
0.5074547442786168,0.4248302043900485,1,interior
0.5080699365664865,0.432025967836503,1,interior
0.4913975172900877,0.44283356706307914,1,interior
0.47778331777019095,0.3390122826515479,1,interior
0.4761036000505914,0.3452132013860701,1,interior
0.42116041548800515,0.5036138099436519,1,interior
0.5769390903571179,0.19344721523572897,1,interior
0.2908893275353485,0.5727784368382481,1,interior
0.3764458033385072,0.5268128524282986,1,interior
0.4663574004385832,0.4326588232196197,1,interior
0.26845307439582117,0.5787698917645333,1,interior
0.3759350546087177,0.5045987919506396,1,interior
0.6387509422364244,0.15238177116956358,1,interior
0.6278808177343992,0.15501404902428487,1,interior
0.4970100931187145,0.4073007436095759,1,interior
0.4924123405428711,0.41120013295949764,1,interior
0.44454142110325734,0.5163910668192911,1,interior
0.4337681379361055,0.5122043160272762,1,interior
0.44582272088030517,0.5035733066377345,1,interior
0.44719826442965704,0.5098555282566191,1,interior
0.5652364784854623,0.21238015146324019,1,interior
0.5627200136043152,0.206182762705199,1,interior
0.5718170388114986,0.2137237167002763,1,interior
0.5781108569580234,0.2116952963795294,1,interior
0.26219125552073114,0.5973335754741532,1,interior
0.5488132678325982,0.2533690044221802,1,interior
0.5465795764202962,0.24542026283474505,1,interior
0.5456644974539205,0.25981292528977606,1,interior
0.5618554750655396,0.21763336077809836,1,interior
0.5545035672659053,0.20602300032674883,1,interior
0.5571454730465485,0.21217782155682396,1,interior
0.5581507068197045,0.2004180953481778,1,interior
0.3754103818109966,0.4812667283222168,1,interior
0.38554467218348454,0.48907702804646863,1,interior
0.541473749294673,0.26579024895576453,1,interior
0.5287948697624655,0.2699963989117321,1,interior
0.38509196913169896,0.46976409949038084,1,interior
0.49716061882692325,0.44786755693061303,1,interior
0.49825893061760623,0.4421639696612799,1,interior
0.49028259247765554,0.45024778198002346,1,interior
0.5095685125637455,0.3011317047148532,1,interior
0.49779492465371794,0.41465920797862127,1,interior
0.45023888005004986,0.5200326694237516,1,interior
0.43825392584944095,0.5215737695150828,1,interior
0.44365313950766927,0.5241826061752869,1,interior
0.4382327533674134,0.5155825519804311,1,interior
0.45229439391391796,0.5129443486970402,1,interior
0.4885653377998361,0.3473866892912685,1,interior
0.47506465612914206,0.352345809197016,1,interior
0.48302232906679343,0.34298749889309493,1,interior
0.48209237922645537,0.3500512297550648,1,interior
0.5070026398653876,0.41800359512113716,1,interior
0.5130817223702154,0.42015857431544884,1,interior
0.5147236080649371,0.42719740459905003,1,interior
0.2653882065860673,0.6082297159971753,1,interior
0.2652150764554841,0.6222283691878956,1,interior
0.2647312066325673,0.6162486377396321,1,interior
0.42084670128118784,0.5162377799405793,1,interior
0.42103770313534616,0.5292841259737672,1,interior
0.4272516065397243,0.5193503597466896,1,interior
0.5276242122372403,0.21430603136171905,1,interior
0.49410078334551966,0.39982630736062486,1,interior
0.5045798424639657,0.4107243606774862,1,interior
0.50176636320873,0.40326426355692724,1,interior
0.5483504107093117,0.2665857622426155,1,interior
0.5529669043809504,0.26018075406350183,1,interior
0.5562335892958835,0.25322021021674707,1,interior
0.5134776541463256,0.27440687151332116,1,interior
0.5082140916417943,0.27198931384691133,1,interior
0.48195489492669935,0.3218987646189145,1,interior
0.478344412548068,0.4570291253272678,1,interior
0.32748595830438393,0.5910626941183127,1,interior
0.33032895074544494,0.579234958020195,1,interior
0.3363257177129512,0.577095176464588,1,interior
0.33792012998472687,0.5829457374303381,1,interior
0.33874523556240144,0.5713262392589938,1,interior
0.25885248919665854,0.6026880098200568,1,interior
0.2507144160909336,0.591545645796519,1,interior
0.33048123607786106,0.5851861471202993,1,interior
0.5560721479054525,0.2186826571756689,1,interior
0.5494127246357629,0.21091634908575305,1,interior
0.3580366258806118,0.5380632402668913,1,interior
0.36795251567388637,0.5358416660779921,1,interior
0.5577730938151657,0.26315115776119746,1,interior
0.561429928191458,0.25837120868713037,1,interior
0.480319279473151,0.4684228512812001,1,interior
0.4762114726517127,0.47509906387233075,1,interior
0.4909552872682816,0.4579631947332395,1,interior
0.48466774113981287,0.4550046265917492,1,interior
0.4961202397685681,0.4540287105998321,1,interior
0.6511631422519086,0.12840619495444675,1,interior
0.27288284195719503,0.5908846442156721,1,interior
0.2570367387101018,0.5953909038667683,1,interior
0.5491274819290249,0.23667020204435732,1,interior
0.5535085738514267,0.24191242629215412,1,interior
0.5521339351531469,0.24807028469916262,1,interior
0.543080133675917,0.24004725963373277,1,interior
0.2953125132831343,0.5812387278037969,1,interior
0.568994177960498,0.2553314591958414,1,interior
0.561829621956938,0.26700795651794473,1,interior
0.5636168367219955,0.2497776306870904,1,interior
0.5679349869210272,0.2624861876004104,1,interior
0.48308488697099006,0.3361269382807967,1,interior
0.49430313780634894,0.34535836248427937,1,interior
0.48853738369652244,0.33398890569915907,1,interior
0.48983107639043855,0.3402130508309269,1,interior
0.3910014043867244,0.5274516409006428,1,interior
0.4020868371867635,0.5327423707828772,1,interior
0.39794599327949204,0.5269372622794868,1,interior
0.6036528769742876,0.1933950341598261,1,interior
0.6099699009047442,0.18877664558501323,1,interior
0.4843146357863609,0.4620306289518191,1,interior
0.4764895805437768,0.4633125088654591,1,interior
0.3894486314238866,0.5343957750964109,1,interior
0.386279850185852,0.5217992907307913,1,interior
0.39522306686262104,0.5318667637295286,1,interior
0.38490585451832005,0.5284805387915825,1,interior
0.5230904665337852,0.31008663483586013,1,interior
0.3793226081386199,0.5106544974743678,1,interior
0.47531207973058215,0.482763703470785,1,interior
0.3355763224036263,0.5894638129212955,1,interior
0.33305891901843365,0.5955280380194966,1,interior
0.4262525207935238,0.5373849112974519,1,interior
0.41449844623222215,0.5313003932663587,1,interior
0.4267699582402118,0.5258225214051262,1,interior
0.42947222450615447,0.5310323153127875,1,interior
0.4180543506046362,0.536373594079168,1,interior
0.5022354061263244,0.4366206273040807,1,interior
0.4322224175375706,0.5244374352838763,1,interior
0.5718741566833457,0.2491267522109185,1,interior
0.5576306716231485,0.24685194928353207,1,interior
0.5674336539979375,0.2431550327026367,1,interior
0.37373457375229185,0.5149941032967602,1,interior
0.6220987653202713,0.18720163907863688,1,interior
0.6166892777879369,0.19870990815312023,1,interior
0.6100114337352086,0.1961252991864221,1,interior
0.6166491269662587,0.18458751358408923,1,interior
0.274518972627328,0.5974919810885961,1,interior
0.2794901930800395,0.5925480577172808,1,interior
0.3785240182144573,0.5192499271589396,1,interior
0.6184393983306903,0.177315581373486,1,interior
0.40865652992226814,0.5303614498303911,1,interior
0.3958277251543884,0.5375303701284688,1,interior
0.40253981603701217,0.5389632081797933,1,interior
0.40954304103528144,0.5366162127344608,1,interior
0.41499209358598194,0.4295248064519472,1,interior
0.47371704278690313,0.35961720143036474,1,interior
0.467222596302401,0.36291250106636097,1,interior
0.36821725469507977,0.5422466847557194,1,interior
0.38117991196703843,0.5245626094687109,1,interior
0.38292487082690585,0.5369873726092901,1,interior
0.4951004723424912,0.3350009069767406,1,interior
0.49172797164782,0.32937407891776926,1,interior
0.5369428821052278,0.27072707887042263,1,interior
0.5406004040560863,0.22757411248431583,1,interior
0.5443503823454545,0.21608249375866384,1,interior
0.48383047988873557,0.32905506557036707,1,interior
0.596273082274604,0.19252425826021652,1,interior
0.6039029461076705,0.199941906242716,1,interior
0.5101910672196528,0.4403693499856883,1,interior
0.5145173010348817,0.4344365351898635,1,interior
0.503587621435418,0.4446845975333167,1,interior
0.5164136269107218,0.2857456791670866,1,interior
0.5226869150925585,0.2879131942673993,1,interior
0.5457323205078436,0.22258397366407237,1,interior
0.5473210276440692,0.22928240653758644,1,interior
0.4264327817641913,0.5111454617108606,1,interior
0.457358944022247,0.5162412641979895,1,interior
0.45946188186513315,0.5080060708929937,1,interior
0.6575991953470303,0.13746323756057247,1,interior
0.653583883296717,0.15490734843299117,1,interior
0.6591853375214802,0.14979793647238632,1,interior
0.6617043290146548,0.1432123252156622,1,interior
0.5403259146154348,0.27734674738853343,1,interior
0.5223239735324515,0.2656912824226328,1,interior
0.5686227562439995,0.21827044477354116,1,interior
0.3414189358715891,0.558740606628273,1,interior
0.4630004998425896,0.5017263576287172,1,interior
0.5847114961279947,0.19082701176775538,1,interior
0.5823326422379551,0.1950895567220516,1,interior
0.49191071171285783,0.46491609994912064,1,interior
0.49840060395254604,0.46054724869382924,1,interior
0.5739356013324741,0.2595166433534718,1,interior
0.5750269605019538,0.26542943916044226,1,interior
0.5680876045588747,0.2693644589713659,1,interior
0.5737823119625959,0.2716491025491454,1,interior
0.5819662611693633,0.2652171030852741,1,interior
0.5796374089309663,0.27051093891604083,1,interior
0.392958221196197,0.4976304696593532,1,interior
0.4892264558967674,0.3765756493710295,1,interior
0.49803451139939153,0.38576049608441726,1,interior
0.4955379471328452,0.3920003203530658,1,interior
0.48931504539057685,0.393772305063886,1,interior
0.5423714389077384,0.2097993835203941,1,interior
0.5573279722129025,0.2724450171471501,1,interior
0.5624109579926234,0.27524710680242814,1,interior
0.5695459969671269,0.27581374467915404,1,interior
0.5824891901237902,0.2016103371431436,1,interior
0.5872010216353395,0.19887375173618177,1,interior
0.5590529407825234,0.22432686824542067,1,interior
0.36070174505794783,0.5446388953816858,1,interior
0.365844914581974,0.5496076375332547,1,interior
0.48982773556613585,0.4058376033641759,1,interior
0.4851633349340685,0.3995348934604309,1,interior
0.5030242378273283,0.4529007320205481,1,interior
0.5052885974371952,0.4593963937470825,1,interior
0.4977956045335911,0.4686085308437347,1,interior
0.340118765772629,0.5945607125281781,1,interior
0.34411316921475665,0.5881039782946071,1,interior
0.551012354469886,0.2729928843987845,1,interior
0.5545924975321185,0.2674649007231826,1,interior
0.5538171437321479,0.22999051343125435,1,interior
0.5568168522110036,0.2359794057590476,1,interior
0.5520420157294659,0.22370837717432748,1,interior
0.5186288074815424,0.2785971384615389,1,interior
0.5234939791352674,0.2827435499439002,1,interior
0.51625371809412,0.3191703400064906,1,interior
0.5164421005050869,0.3122919425359155,1,interior
0.384162697493535,0.5154875478890244,1,interior
0.6166195673947509,0.20634823760958032,1,interior
0.6215658646939154,0.20299317391257748,1,interior
0.6098497153555307,0.20404217918395334,1,interior
0.621389138647765,0.193125007698066,1,interior
0.6245261103789427,0.19741919916146455,1,interior
0.48384363397548474,0.47364325994908413,1,interior
0.6338829472642974,0.15563406014156964,1,interior
0.6399665382448914,0.15991304078591803,1,interior
0.646005752965331,0.15504727799021192,1,interior
0.5299652598363462,0.28727490342133294,1,interior
0.525290349817299,0.2924182635442684,1,interior
0.32188401612968276,0.5967866688619133,1,interior
0.32732315556119074,0.5977929181352126,1,interior
0.5549674945189378,0.278293432233826,1,interior
0.27237543742635434,0.6190237355450731,1,interior
0.2703117608361142,0.6132417489162295,1,interior
0.27253576471385477,0.6082398640317749,1,interior
0.5261726304333151,0.31410829799082796,1,interior
0.4230137731344028,0.40967087460925566,1,interior
0.34787288503148417,0.5535696217311595,1,interior
0.566031480022961,0.28133250173168894,1,interior
0.5771812590985617,0.2771194774262408,1,interior
0.5722276006062458,0.2809033888903837,1,interior
0.5599102373809479,0.23059314720284796,1,interior
0.5644368649289409,0.23566630857977927,1,interior
0.5608319305312154,0.2418890808846145,1,interior
0.5380653679292426,0.21519121296577107,1,interior
0.3520534430427094,0.5851324806784747,1,interior
0.3510218696320423,0.5901828392899706,1,interior
0.34629195221948583,0.5816385958539538,1,interior
0.3470019882084572,0.5948963812144544,1,interior
0.3485737674863559,0.5751697034950947,1,interior
0.3578653370270646,0.5892742917497991,1,interior
0.3593319981144935,0.5829102752658354,1,interior
0.3533583365902051,0.5791511306364401,1,interior
0.47193076564594477,0.3669864390468715,1,interior
0.4829369913834712,0.37167156517403577,1,interior
0.6277788416334923,0.18254371158662888,1,interior
0.6277393307599708,0.19066926070985452,1,interior
0.47511821087335565,0.4170634532855703,1,interior
0.5100547441762866,0.4638671124058466,1,interior
0.5114497232309078,0.4556314816008474,1,interior
0.503948000035291,0.46584734303603864,1,interior
0.4227087337039663,0.5225555711711471,1,interior
0.4679238126928544,0.5049133287906352,1,interior
0.4640916204629875,0.5125515899531213,1,interior
0.4526805756355666,0.5056410557647998,1,interior
0.5196619716578887,0.30469236158386753,1,interior
0.5305308420807152,0.308624649534357,1,interior
0.5215533920911409,0.3182597242963864,1,interior
0.5265434393992473,0.30304991670028675,1,interior
0.5435668247055385,0.284314630338145,1,interior
0.5329562063708789,0.27581236595102293,1,interior
0.5358412486358195,0.2818114299514635,1,interior
0.5476933908894054,0.27881575835580324,1,interior
0.5442899914464963,0.2722941399161885,1,interior
0.5372965514456174,0.286570146116247,1,interior
0.48847734014032146,0.35439991636830254,1,interior
0.48147104719662687,0.35773464589696763,1,interior
0.43239464183084736,0.5176360599414904,1,interior
0.4370916926724891,0.5290366124060598,1,interior
0.5310765153311854,0.31537378757797646,1,interior
0.5325751767572923,0.3017439102655032,1,interior
0.5377068362803881,0.304818519220788,1,interior
0.5273787728312884,0.3198392744949324,1,interior
0.5181367999114096,0.3251289137477702,1,interior
0.525036105623884,0.32602331732091994,1,interior
0.34311754580451925,0.601397750308787,1,interior
0.3542481231498797,0.5950088958267492,1,interior
0.35039166512467373,0.6005876143752332,1,interior
0.6508275052834408,0.13456904035741438,1,interior
0.656492413187997,0.1318252585204576,1,interior
0.5653313260549176,0.22829866561162837,1,interior
0.3531623026416843,0.546852175241017,1,interior
0.570539874687804,0.2382454358945793,1,interior
0.487548436858994,0.4781440284858749,1,interior
0.49169745017152916,0.47284511442473603,1,interior
0.48151195489033355,0.48007835532377524,1,interior
0.5035345103068197,0.4720513824112992,1,interior
0.6318620396840581,0.16159896126186754,1,interior
0.6252597095887101,0.16276013340377732,1,interior
0.47478255789587137,0.49018493580532674,1,interior
0.4687409522428078,0.4925701205144029,1,interior
0.44222162688973476,0.4275222246170446,1,interior
0.4691212063921926,0.5161410869292448,1,interior
0.470323858046635,0.5099673308502303,1,interior
0.35447286989642146,0.5548618026386388,1,interior
0.35900585907190735,0.5504157178427983,1,interior
0.6291965237267239,0.16922273206205737,1,interior
0.6364835455755945,0.16709219712602438,1,interior
0.3739665261420398,0.5499826472160126,1,interior
0.3650020804322907,0.561023132466302,1,interior
0.5012060948468041,0.39673190117377616,1,interior
0.5593811222466479,0.2824508321381632,1,interior
0.29014157495931914,0.5803336754712811,1,interior
0.29111818823016244,0.5870459137213415,1,interior
0.28590366809718093,0.5842351542562773,1,interior
0.5085591214304193,0.4482872945128678,1,interior
0.4953352367706163,0.37969680248884424,1,interior
0.5059554409648274,0.38483255481653905,1,interior
0.5029325145650746,0.390368835250964,1,interior
0.5177728928804848,0.24982014836864566,1,interior
0.5478970896378893,0.29119760743785733,1,interior
0.5413411444040859,0.2912672362432774,1,interior
0.5520973326767401,0.28544959680086496,1,interior
0.4935332611373821,0.48036866237511333,1,interior
0.48740275890132895,0.48439328632610845,1,interior
0.6212923083108361,0.1701506219555779,1,interior
0.6303069688618687,0.1761687931857499,1,interior
0.6324994446333234,0.18625830352097728,1,interior
0.6345001244344585,0.18080538176989824,1,interior
0.6220522088413287,0.1812733497166345,1,interior
0.4437243006983718,0.5309034441174525,1,interior
0.4840093262510291,0.3646228347321715,1,interior
0.47835161688776756,0.36480966829783185,1,interior
0.48915710045733557,0.36887348905592937,1,interior
0.6248550887139096,0.17565349110285697,1,interior
0.47392870318685415,0.4982161390909809,1,interior
0.4804549923196,0.4944658832179793,1,interior
0.4272640566452006,0.5442967293707992,1,interior
0.4330680606819329,0.5420540952532208,1,interior
0.43397819364259177,0.5361229521281724,1,interior
0.6496121127744775,0.1619285404950762,1,interior
0.35754692718452546,0.5611105285693464,1,interior
0.3807984655183472,0.5503699515313392,1,interior
0.3746161958155207,0.5575793546977728,1,interior
0.3797087329519888,0.5562886466801259,1,interior
0.3688751621118487,0.5560035444732653,1,interior
0.6431028020632749,0.16646955757718487,1,interior
0.6564290683376426,0.1597832054580431,1,interior
0.6539453362581421,0.1691288894157149,1,interior
0.6486337413025585,0.16837762577758147,1,interior
0.2772664459540858,0.6258488830198781,1,interior
0.2807309072769106,0.6198116264424706,1,interior
0.2777338562378472,0.6125099089303102,1,interior
0.270382124636908,0.624519558935253,1,interior
0.5360420707388484,0.3132581286857677,1,interior
0.31142750475332387,0.5897542366736752,1,interior
0.3062075485506958,0.5858733663691359,1,interior
0.3169830667180403,0.5880416171901759,1,interior
0.3157852135529681,0.5943698408749404,1,interior
0.3213888946184336,0.5907183039029303,1,interior
0.5770497440616057,0.25422629051291135,1,interior
0.5554085125486975,0.29395024056283564,1,interior
0.475056376831544,0.5195931242595252,1,interior
0.47538131101913966,0.5055805299481896,1,interior
0.47558609530792917,0.5123047675773909,1,interior
0.34214816372831125,0.5771291180218415,1,interior
0.34420511660966707,0.5715413112807963,1,interior
0.5804694667704365,0.2598674337334299,1,interior
0.28447285294091224,0.5781407463016294,1,interior
0.5372040671258332,0.2971493158058227,1,interior
0.5419046689176482,0.31095418146699655,1,interior
0.5433584987701273,0.3045925443373326,1,interior
0.5434155149710591,0.29798855333307345,1,interior
0.550270122323437,0.29721536104155327,1,interior
0.5483227390760522,0.3080315295315388,1,interior
0.5482940535807191,0.3021297383479221,1,interior
0.5152149634535653,0.462316023206486,1,interior
0.5174379410378385,0.45270081361266906,1,interior
0.5192567751856774,0.4582639645117646,1,interior
0.5848669272117821,0.2804077285600936,1,interior
0.578106200078981,0.2839950539168615,1,interior
0.5018647809276533,0.3808251659389711,1,interior
0.4948590477408745,0.3728368493417526,1,interior
0.5000547888561895,0.36953159058459906,1,interior
0.2707647465052643,0.6027773754511679,1,interior
0.26513486022680854,0.6018888397898043,1,interior
0.4889524644355396,0.36135493733478946,1,interior
0.41164286189169397,0.5112683104888212,1,interior
0.6600980263205891,0.15553733492733873,1,interior
0.3366567837310142,0.6064468614095313,1,interior
0.34795025052933093,0.6060487447296801,1,interior
0.3427094209832801,0.6083033358595917,1,interior
0.500668815206741,0.4819687739491167,1,interior
0.5096162622989211,0.47099977787875685,1,interior
0.5075672709213366,0.47777395815688334,1,interior
0.5970163781234821,0.20351880383960494,1,interior
0.5407207584406298,0.3187815890822392,1,interior
0.3616168677089595,0.6027174294560214,1,interior
0.3619334327453164,0.5950439578237166,1,interior
0.5154405585368668,0.46877925631284323,1,interior
0.5161446572041469,0.4764258107881653,1,interior
0.4990360853657619,0.4758129503543611,1,interior
0.4867192852889013,0.46823316834988954,1,interior
0.6455532517606551,0.17272246939745656,1,interior
0.6507110112760207,0.1744774760361689,1,interior
0.3325871346413214,0.6117767098268019,1,interior
0.34804453488258513,0.6126204271827839,1,interior
0.34418404612759773,0.618154097366124,1,interior
0.3311611002184082,0.6019417838843905,1,interior
0.5326981017622687,0.21183303723937094,1,interior
0.5550497202777136,0.3031049114800832,1,interior
0.5468647391102583,0.31532210312508085,1,interior
0.5529206757174856,0.3113223576759219,1,interior
0.45534507681548114,0.5230443496734299,1,interior
0.46220168191350336,0.5209397310975873,1,interior
0.3505056490487912,0.6196671705878738,1,interior
0.3385728956482084,0.6211430149208398,1,interior
0.33976687295121294,0.6283402625021062,1,interior
0.34548211129988055,0.624910916270926,1,interior
0.33911389729191843,0.6138330379381272,1,interior
0.49962033625984625,0.3288211274201248,1,interior
0.6560214848349132,0.12179274051121651,1,boundary
0.5061246939259241,0.33094978219897786,1,interior
0.3238284950686179,0.6037112613005349,1,interior
0.3156875011956256,0.6011686625554498,1,interior
0.49233845833683343,0.2697333459134337,1,interior
0.3592645828004798,0.5768631765319583,1,interior
0.3547794053807313,0.5722364593304111,1,interior
0.3487633401680958,0.568304237895457,1,interior
0.5204820894653506,0.4322903153009643,1,interior
0.5196305575367397,0.4209672626527978,1,interior
0.27814627536010156,0.60407006470622,1,interior
0.27963768185419347,0.5983818727319827,1,interior
0.2679620638221353,0.5958799953953303,1,interior
0.32977881096959427,0.6070605116060495,1,interior
0.31834006930803166,0.608459739311269,1,interior
0.3256988214801743,0.6113475337471084,1,interior
0.6410575384584547,0.1733966387288343,1,interior
0.3655006617854796,0.5869098719253889,1,interior
0.3684351430065058,0.5992452495640759,1,interior
0.35443267499206604,0.6068535116945923,1,interior
0.3563856115744305,0.614627005090218,1,interior
0.5301027694569085,0.29572796233144644,1,interior
0.5617592053850872,0.2991801387452862,1,interior
0.5587035578786391,0.3097118039469885,1,interior
0.562893299416599,0.3057665490826275,1,interior
0.3526092610585714,0.6270617553893926,1,interior
0.34721821187802193,0.6335473726033864,1,interior
0.44946073697429323,0.5273671000866411,1,interior
0.45724453780369784,0.5281788655696318,1,interior
0.5026202249388085,0.41589400050758835,1,interior
0.5109558213648017,0.41431720444028286,1,interior
0.663775491351146,0.13103136381740657,1,interior
0.6626183273117701,0.12455436634213932,1,interior
0.6643915025491062,0.13766156317998757,1,interior
0.5583548634544381,0.28846920578141544,1,interior
0.6655933350785368,0.1481115801708016,1,interior
0.6661819839027938,0.15471388076892828,1,interior
0.6405129752996319,0.18043023434999825,1,interior
0.6465571501455234,0.179910594645462,1,interior
0.5255194624991278,0.27625017122668544,1,interior
0.4847049160294036,0.45010326850237614,1,interior
0.49770134279683953,0.3408791546806446,1,interior
0.49477027613970953,0.3514817949427714,1,interior
0.38947882535986317,0.54219665054083,1,interior
0.5829761285542354,0.274557139559471,1,interior
0.5881273185685357,0.2747984289959387,1,interior
0.5867084860561225,0.2688917670485829,1,interior
0.36766400872976923,0.6064278666417503,1,interior
0.3755379243767041,0.6026322437638468,1,interior
0.3747328249474014,0.594995722986151,1,interior
0.5678064241024193,0.2967653019458819,1,interior
0.5688818507802523,0.30219047638540103,1,interior
0.5628962751646601,0.2929450646484654,1,interior
0.5700890662295539,0.2918383795684817,1,interior
0.4767625464885567,0.3708216015369429,1,interior
0.5210828352760769,0.46487664042473115,1,interior
0.2842638341511493,0.6069164933351358,1,interior
0.28466997835169605,0.598576994135443,1,interior
0.5916204462139399,0.2838279735504702,1,interior
0.5848485735698349,0.28728644328180875,1,interior
0.5924537253282193,0.27800266589671696,1,interior
0.5141220849415735,0.44713124646033503,1,interior
0.36571637240801647,0.5783155384973787,1,interior
0.3744358973516147,0.5873523531812088,1,interior
0.3705933432640756,0.5822631235325205,1,interior
0.3688259432132094,0.5924294524113661,1,interior
0.5123204921621525,0.4090895098090354,1,interior
0.5079305591289491,0.4052360295621954,1,interior
0.6450931611495493,0.1881418736197807,1,interior
0.6384841773853436,0.18703104645282131,1,interior
0.5078369992926918,0.39954285123787603,1,interior
0.5856924115702833,0.2542851011903592,1,interior
0.5873359918082722,0.2616109353069298,1,interior
0.6522363871041122,0.1933608331459802,1,interior
0.6526429354084614,0.18655390143256775,1,interior
0.6458013209142781,0.19547745195537863,1,interior
0.39060573254026437,0.484768462307595,1,interior
0.5333731670007898,0.32164940540433457,1,interior
0.5316470227458144,0.3293223599242785,1,interior
0.3565952063277969,0.6002091240255594,1,interior
0.5744878490128349,0.2979547944362095,1,interior
0.5713593714225033,0.286280124159941,1,interior
0.26527698346702394,0.6285743085701928,1,interior
0.3641827659082353,0.6136755468848603,1,interior
0.37586366313411235,0.6137986799062957,1,interior
0.36999954126958456,0.6123399408015463,1,interior
0.3606728912041831,0.6088618988610383,1,interior
0.3740321181845593,0.608254159101969,1,interior
0.6057077865899302,0.2109908960654273,1,interior
0.6031247133524646,0.20561191699750955,1,interior
0.6121244340920776,0.21143794897437684,1,interior
0.6121749742793524,0.22301475931449513,1,interior
0.615710989762298,0.2174688580760924,1,interior
0.6186146243329639,0.21274177746785514,1,interior
0.6085365733353648,0.2172921310739514,1,interior
0.6013227726232496,0.21703027994005122,1,interior
0.5938599739765967,0.2579093167952387,1,interior
0.5929631810141697,0.2652620894497275,1,interior
0.6003501177191753,0.26785860062357697,1,interior
0.5931640893312281,0.2712499434279055,1,interior
0.5975681169310192,0.2626848030211796,1,interior
0.5574846038167498,0.31620351538694114,1,interior
0.3981789837549498,0.5437415175869701,1,interior
0.3939465244005929,0.5490249685665005,1,interior
0.38682774395740754,0.5487502631953816,1,interior
0.380211354726019,0.5435194138862491,1,interior
0.5470562367235178,0.32382213855648984,1,interior
0.5392882635231094,0.3265116781892024,1,interior
0.39347303839469977,0.5220256877443011,1,interior
0.631660676741319,0.19714348600575268,1,interior
0.6238316122650973,0.2096360327479688,1,interior
0.623961171695306,0.21863841164472136,1,interior
0.6301495194857646,0.21427138350730454,1,interior
0.5446950361286363,0.3319165496084882,1,interior
0.5516993872199734,0.31812295476744107,1,interior
0.5523083930282787,0.3304932090154282,1,interior
0.5548246238835695,0.3233453657354653,1,interior
0.4951825170393318,0.35859625101896747,1,interior
0.2898212514976942,0.6110691940977593,1,interior
0.28481543929210024,0.6146491534263777,1,interior
0.3849514930683825,0.5546906069797934,1,interior
0.5757791143565185,0.3061789708451853,1,interior
0.5689534262639252,0.30800362308864454,1,interior
0.5228849708815481,0.29809014631795905,1,interior
0.5778702234082044,0.2909240599125883,1,interior
0.6393556605616734,0.19524779817218674,1,interior
0.6098069156721736,0.22973207287123246,1,interior
0.6166935625381657,0.23295773519068075,1,interior
0.6051758103673763,0.223223880135528,1,interior
0.6162278423567404,0.22739564940570473,1,interior
0.6601882467899806,0.17121682551334283,1,interior
0.6531227714518415,0.18051796274526155,1,interior
0.5602222876465586,0.32797820245099246,1,interior
0.5572664669998507,0.336439532808719,1,interior
0.549293267193073,0.3377714014825793,1,interior
0.6158665913082532,0.19134796264151732,1,interior
0.26330341118434053,0.633694181394934,1,interior
0.437126546105698,0.5445006368012645,1,interior
0.43868036944766997,0.5497734317273376,1,interior
0.4395955532173977,0.5345023280893437,1,interior
0.4318630917418952,0.5491937936736221,1,interior
0.6574863045673721,0.16499227678603154,1,interior
0.6682707147355557,0.16173484271673902,1,interior
0.5972718245387452,0.28681534030431177,1,interior
0.5915779398408108,0.2904920711445184,1,interior
0.5993213395275226,0.2809723903611206,1,interior
0.332924830032228,0.6249328085025136,1,interior
0.33154655125805604,0.617600848362122,1,interior
0.5181114650818965,0.3319918424471111,1,interior
0.5306948300967228,0.33635335634360586,1,interior
0.5245135241075288,0.33346783536625524,1,interior
0.5351165961626271,0.2914385153871322,1,interior
0.5295263812686692,0.28088660885594685,1,interior
0.5178344799256912,0.3395751314497999,1,interior
0.5228444820292003,0.3439712688154887,1,interior
0.5250788599730462,0.33916787441766044,1,interior
0.5185657173032601,0.40679573107864275,1,interior
0.5145314553625199,0.3955507771590427,1,interior
0.670022908140015,0.1352993140566506,1,interior
0.6680650765987971,0.12461351316919876,1,interior
0.6721388486149141,0.12921649152427103,1,interior
0.6575981130889986,0.12632268655709292,1,interior
0.39770913758740906,0.5552733908533031,1,interior
0.4016904607520404,0.5497975003030254,1,interior
0.635761664673429,0.20339272295787492,1,interior
0.6341969189673053,0.19153249340113324,1,interior
0.6278548402072625,0.20304166239936164,1,interior
0.6408442409625602,0.2095890794681864,1,interior
0.6302530965932912,0.20805129939144903,1,interior
0.2751143339723802,0.6716450512290782,1,interior
0.48259092974935236,0.5090943057247971,1,interior
0.4808093609909168,0.5017227240633385,1,interior
0.4869709975497328,0.5051268483008804,1,interior
0.2787532875744129,0.6697351286491299,1,interior
0.2718110447895702,0.6737278268790916,1,interior
0.5194185364659022,0.4401606611459651,1,interior
0.36999209801897287,0.6188532976880952,1,interior
0.37680028915059166,0.6188171533370748,1,interior
0.48211676968142986,0.5205346708287406,1,interior
0.6042083252515592,0.23464273090979867,1,interior
0.6106544136022595,0.23738494367382565,1,interior
0.5678552116298607,0.32817866606464474,1,interior
0.5608151066206071,0.32074062868502384,1,interior
0.563626186371627,0.33309375032989086,1,interior
0.5646726765113849,0.3138628021470707,1,interior
0.5074890146309612,0.39435784462278567,1,interior
0.5108157067634385,0.3896019980509486,1,interior
0.5135735457136417,0.38381802312921337,1,interior
0.5084092085652117,0.37800342930148706,1,interior
0.5768140246278451,0.23014225238656338,1,interior
0.5761600597418056,0.23681548329191474,1,interior
0.5813419869713045,0.23456949818788067,1,interior
0.5748644237835009,0.24320684803738338,1,interior
0.5708119994432522,0.23211402807391587,1,interior
0.6354530455230196,0.17410614245953437,1,interior
0.27890989297253627,0.6507722756056883,1,interior
0.27435920901050864,0.6470654182211231,1,interior
0.4720378840046869,0.5267292352843002,1,interior
0.4646906359251293,0.5270054907004721,1,interior
0.5816573564059726,0.21743850729480005,1,interior
0.5865735265173362,0.21185654628928402,1,interior
0.5752225969381022,0.21845950977486514,1,interior
0.5259841882365844,0.4597132326743683,1,interior
0.5216614918880923,0.4713100289488403,1,interior
0.5278868014958228,0.46701547472208077,1,interior
0.5271647975344287,0.4734926603770934,1,interior
0.6110891406063983,0.2440898461976815,1,interior
0.6186361558866195,0.24014109089896465,1,interior
0.6032130136106865,0.2416973663648962,1,interior
0.5453576809135131,0.34919039700453025,1,interior
0.552715862705881,0.3443756018247847,1,interior
0.5454482731697179,0.3435820020145415,1,interior
0.5418022884181712,0.33892815963808975,1,interior
0.44637783854274804,0.5579704507109906,1,boundary
0.44145737981457156,0.5559285874165726,1,interior
0.42076898386943934,0.5429765968504824,1,interior
0.41392193232690727,0.5418120745162149,1,interior
0.48092391154066777,0.48716909600241154,1,interior
0.4870606059064184,0.4912195456294464,1,interior
0.5595156239774691,0.3494830097344378,1,interior
0.5566233354200321,0.3545160456021717,1,interior
0.5597427540655155,0.3428474451090551,1,interior
0.2860402430225741,0.5910655388205438,1,interior
0.29208782984956544,0.5945091418001635,1,interior
0.2962210106407236,0.5886326520495505,1,interior
0.5021674198651417,0.36316615476571734,1,interior
0.4950373531312595,0.36562897544253675,1,interior
0.5061293247449443,0.3706536320045064,1,interior
0.5104726211575714,0.3366189540589653,1,interior
0.5097531631575233,0.34482173329213633,1,interior
0.5171386128595671,0.3478026107198429,1,interior
0.3400124459799154,0.6345036976935455,1,interior
0.35293218769195855,0.6382371550373955,1,interior
0.35647518602717043,0.6331440768717432,1,interior
0.3482873979153068,0.6423763823991009,1,interior
0.3415186870423265,0.6414307018721154,1,interior
0.537364754973586,0.3336437528882959,1,interior
0.5300512906285461,0.3438049275464321,1,interior
0.6504235580293262,0.1995102069600308,1,interior
0.6438635263912488,0.20244549848827004,1,interior
0.2809572876934498,0.6617638814189002,1,interior
0.2787307906402635,0.6558829751780421,1,interior
0.46458434558488193,0.5473551572838656,1,interior
0.46308268368464856,0.5420937979833297,1,interior
0.5787545182979791,0.22384409942221042,1,interior
0.571680489807917,0.22483903340508457,1,interior
0.49465393933917196,0.48786298468685313,1,interior
0.5856964000768466,0.2937448372146038,1,interior
0.5922273235533965,0.29793709055139866,1,interior
0.5988741458136536,0.2980869241513215,1,interior
0.5981605024981417,0.2925324369521724,1,interior
0.6578708909030333,0.19981141149067552,1,interior
0.6516472129513885,0.20515217920914094,1,interior
0.6580391675531421,0.20795829670705934,1,interior
0.2816126758973744,0.5871182341637272,1,interior
0.5010759033902723,0.34739071881410394,1,interior
0.504492346165376,0.3414641870546261,1,interior
0.5023143381595856,0.3357792550988656,1,interior
0.5007983565826065,0.49415445743733766,1,interior
0.49309017727066795,0.4954007099177075,1,interior
0.5891062656751015,0.20452611626454423,1,interior
0.5890869907261267,0.19409604157586438,1,interior
0.5827235305067007,0.20714660115392566,1,interior
0.47367771098079753,0.546953488435757,1,interior
0.46872052013952115,0.5432794732323422,1,interior
0.33792140189074366,0.648793507157413,1,interior
0.33402576699123876,0.6440005257277686,1,interior
0.33559581571495156,0.638263929217904,1,interior
0.3443738313631719,0.6486124053909365,1,interior
0.2835107248543458,0.6556033002450553,1,interior
0.2876080947683857,0.6611439321504492,1,interior
0.28460662035745943,0.6679708799340374,1,interior
0.511987782251609,0.32909131144803844,1,interior
0.28997695683768393,0.6016844875020294,1,interior
0.6108317859279383,0.2508668850607333,1,interior
0.6046817189876387,0.24815128316670176,1,interior
0.618055572275838,0.24826505247509836,1,interior
0.5455871541994585,0.3561640989957811,1,interior
0.5387522460535329,0.3535626055436649,1,interior
0.5382252247178648,0.3459648284453368,1,interior
0.5799599929086456,0.24836130448676363,1,interior
0.5822206980693523,0.2409872062055559,1,interior
0.26953810634633524,0.6348364968249508,1,interior
0.4070657560681386,0.5442441634108792,1,interior
0.5706920577214375,0.20868283832419157,1,interior
0.44415253214022943,0.5658638747933655,1,interior
0.4402213049945361,0.5617021527326965,1,interior
0.6600790177717647,0.19170566873510936,1,interior
0.5800806715228707,0.30196283182940065,1,interior
0.5751852362232904,0.329700636599003,1,interior
0.5657715526720445,0.32198352401956554,1,interior
0.5723573089735036,0.3231648289630413,1,interior
0.569649377829366,0.3345772422007069,1,interior
0.6352235014009109,0.21067372538787094,1,interior
0.6314329821106606,0.22007970167526364,1,interior
0.4597013630781003,0.3122117019029479,1,interior
0.5056731511162628,0.3511097542829604,1,interior
0.5929847191512905,0.20915766594765312,1,interior
0.5911213264880169,0.22143623428696269,1,interior
0.5876283805244772,0.2174667182765086,1,interior
0.5939733677533418,0.21576084518260275,1,interior
0.5506981283546786,0.21707070798418981,1,interior
0.5872476641694698,0.24670892368188346,1,interior
0.36256891997644414,0.6202997971968133,1,interior
0.3749841548639515,0.6250459649436275,1,interior
0.28943368263713315,0.6544264911554033,1,interior
0.28462000086467193,0.6497654509247165,1,interior
0.28668870114996425,0.6445407103680872,1,interior
0.6081563239197295,0.2643846810245901,1,interior
0.6097136260861273,0.2750538798751059,1,interior
0.6033372032765579,0.27502921555619064,1,interior
0.5977165849983422,0.27449451357637067,1,interior
0.39060197654239576,0.5551255772298679,1,interior
0.5809057681287795,0.2966297952612781,1,interior
0.5076182745003354,0.4844294456581533,1,interior
0.5017571685757626,0.4875528676540798,1,interior
0.29626807754785073,0.5996098314489018,1,interior
0.3007162656041224,0.5928037407806006,1,interior
0.5355143351042632,0.3400035318816893,1,interior
0.5176275787128397,0.41411324244465936,1,interior
0.5230536970888178,0.4104436311308956,1,interior
0.5243520291346279,0.45253550887848265,1,interior
0.5321067010853046,0.4542671244544031,1,interior
0.5317477522213763,0.4612012714703944,1,interior
0.47697569579422056,0.5329486090794444,1,interior
0.47796705023995695,0.5255465485938038,1,interior
0.46866709658491407,0.5322312939279262,1,interior
0.3580559111327746,0.5675397138419134,1,interior
0.36273689524119285,0.5716974921797978,1,interior
0.670373230487479,0.11984235887571888,1,interior
0.3369990079154853,0.6001007552048335,1,interior
0.5230096256311189,0.4773847957298484,1,interior
0.5144916454856548,0.4830815791265725,1,interior
0.5222703751665179,0.4837018885515695,1,interior
0.5009312533780087,0.35522317737458287,1,interior
0.6225790637047476,0.2274038257661664,1,interior
0.6187404793051665,0.22244495580874463,1,interior
0.379018712732814,0.5627781067902503,1,interior
0.3859000808436327,0.5609798507696542,1,interior
0.6382298638253483,0.21721804048554466,1,interior
0.641278740497046,0.2237135991168806,1,interior
0.5293533491953807,0.40997340607694305,1,interior
0.5202400391781169,0.4003146443057253,1,interior
0.5832083549025969,0.22882039608018226,1,interior
0.6460350991580586,0.21501008536505403,1,interior
0.49238678827783655,0.5030897560835569,1,interior
0.5035383388659751,0.5017178122848572,1,interior
0.4977303174993378,0.5000753682251476,1,interior
0.5087478909061833,0.49667879375330826,1,interior
0.5064654348775802,0.49061499612496123,1,interior
0.6751851653490473,0.14531075372490693,1,interior
0.6769155359259366,0.13409484143573014,1,interior
0.2946228529422668,0.6067137444288212,1,interior
0.2895098342075325,0.6064983144963023,1,interior
0.5280105760998118,0.44025534107724323,1,interior
0.5258812252531111,0.43542629404266364,1,interior
0.5242698469246981,0.44532838529159785,1,interior
0.5270255487360559,0.42969069628530415,1,interior
0.5214150183761385,0.4266162988623634,1,interior
0.2960316572349736,0.6511167260639901,1,interior
0.280723454675745,0.6439388664897528,1,interior
0.2924738827694877,0.6440761217207293,1,interior
0.5802479650725301,0.31401446789602316,1,interior
0.5836375278755851,0.30751705337139995,1,interior
0.5713718461182237,0.341911723017811,1,interior
0.5647211644983706,0.33901826282693276,1,interior
0.26553158335497595,0.6376146213046416,1,interior
0.5886760048817921,0.24043285478375181,1,interior
0.5727387493031028,0.31230798581836866,1,interior
0.5698579788924778,0.31750865931614264,1,interior
0.5186255326862846,0.489804328393272,1,interior
0.5291296758323417,0.47962567744447354,1,interior
0.3935882603003554,0.5609193052878431,1,interior
0.3816305003365776,0.5823418812660843,1,interior
0.38597331629320586,0.5868540935288189,1,interior
0.37241359389910356,0.5766600074588754,1,interior
0.47329577123939665,0.4024440153788011,1,interior
0.35337335135677783,0.5657079894222034,1,interior
0.3408309287873775,0.6547401257518116,1,interior
0.3507686313361968,0.6494235387347175,1,interior
0.3468269321818183,0.6555511359110621,1,interior
0.5048629476476102,0.509192852750539,1,interior
0.5096875758341664,0.5042513906020775,1,interior
0.4982200606626528,0.5070315237846167,1,interior
0.5151870740695165,0.5007343128007505,1,interior
0.46859756165153454,0.5219867925589581,1,interior
0.48020370525190986,0.5150644383725052,1,interior
0.30066074509740176,0.6567011597906448,1,interior
0.2990713972297161,0.6446453377588421,1,interior
0.29400149855266117,0.6586542601363642,1,interior
0.30435954478388894,0.6506518942407032,1,interior
0.532100317000916,0.3506858829237669,1,interior
0.539665143293207,0.3609260079066494,1,interior
0.5319631185818589,0.35840799091046655,1,interior
0.44665494264310046,0.5714723108710904,1,interior
0.40569699873283344,0.556954361537392,1,interior
0.4087395979394395,0.5506579017019584,1,interior
0.4523143139165212,0.5313005995525681,1,interior
0.38063231377103013,0.6088570901290548,1,interior
0.3830231439180655,0.6154086643801462,1,interior
0.5211772682299894,0.3814999257434406,1,interior
0.5194134034656426,0.38868217764588564,1,interior
0.5155684600025628,0.37811209427844206,1,interior
0.5269044724138257,0.35436070759298144,1,interior
0.5249107804489154,0.3489981922349689,1,interior
0.36694204650009016,0.566824557458572,1,interior
0.5197114621929025,0.44744362496275036,1,interior
0.5895545379396764,0.22701770066461502,1,interior
0.5850699888784169,0.2228118865803598,1,interior
0.29215313920216857,0.7157517343674332,1,boundary
0.3051284802845416,0.6057342865214781,1,interior
0.29087979620895377,0.6163153963966083,1,interior
0.30058375673886245,0.6098102589826713,1,interior
0.301530407617491,0.6161294740071925,1,interior
0.5655717537254381,0.34574046392348085,1,interior
0.5626855700728851,0.35718003218420336,1,interior
0.5667711583433329,0.35259725048336593,1,interior
0.5237377877123662,0.35913087576939046,1,interior
0.5204256691480035,0.35412329295217004,1,interior
0.5120861712850585,0.4897009001330008,1,interior
0.5734690870187892,0.35418821753054397,1,interior
0.5696842832789669,0.3593358714307076,1,interior
0.5761082396375551,0.34800442074044136,1,interior
0.3708114167721555,0.5714292432509718,1,interior
0.5861683681258409,0.3008117441592404,1,interior
0.4915526275509777,0.5119159480791557,1,interior
0.4867077409533085,0.4983410383884212,1,interior
0.3840578639698749,0.5686977416828796,1,interior
0.39027226047196584,0.5657275309133596,1,interior
0.3789906979402956,0.5746010852259328,1,interior
0.6530021556274895,0.22067763682437452,1,interior
0.652178296409421,0.21239372773375131,1,interior
0.2759770250951857,0.6331595145070258,1,interior
0.2972720266959167,0.7233493267102651,1,interior
0.6735335007850752,0.1574455856976979,1,interior
0.6624737297684855,0.16074414187305994,1,interior
0.6711153262761312,0.15010257196981014,1,interior
0.6223884642564861,0.2342782798223355,1,interior
0.6291074119154441,0.2257279526846884,1,interior
0.6336042999122016,0.2322696379305476,1,interior
0.6274074511397447,0.23796877630196842,1,interior
0.5645905045517831,0.2872014475199018,1,interior
0.5136305777095401,0.3719989311973201,1,interior
0.5012711187942346,0.37545091345123166,1,interior
0.2922341423462623,0.633525541504967,1,interior
0.3013660664715536,0.638577918802268,1,interior
0.355206241222783,0.6442100014384394,1,interior
0.35782220306340706,0.6500756171150831,1,interior
0.3555340830992145,0.6609819203921855,1,interior
0.3529805754795168,0.6557310441858709,1,interior
0.3492481708575272,0.5608121278649958,1,interior
0.5945429306334625,0.24316856571573678,1,interior
0.5932947483064251,0.236307198700898,1,interior
0.32926557392374284,0.6389492712191879,1,interior
0.3330245826500703,0.632277816280537,1,interior
0.3271321825451495,0.6454585249915091,1,interior
0.5325369315010939,0.4724957361644401,1,interior
0.5350171403834523,0.4773629828447351,1,interior
0.4995151604217118,0.5145416581439811,1,interior
0.5466514096941193,0.36382558756571926,1,interior
0.5517658628170029,0.3513610628528638,1,interior
0.5930301870639274,0.2302913985843257,1,interior
0.5335369783958684,0.4032346578370656,1,interior
0.5254428297440877,0.4045335178523035,1,interior
0.5253365619813554,0.4164041605808348,1,interior
0.5362770433063865,0.41060691873428073,1,interior
0.5325391361766652,0.41590169886044653,1,interior
0.6780307252842,0.10359738202106841,1,interior
0.3762503698021118,0.5806752787440613,1,interior
0.3768029982173984,0.5683704890072604,1,interior
0.5970638615871453,0.22397529578053157,1,interior
0.5981679045151099,0.2316734463498947,1,interior
0.36045653579186426,0.6276467942267436,1,interior
0.5912253786685434,0.3068152528678434,1,interior
0.5966042369062606,0.3032068874916328,1,interior
0.5872495876325262,0.23414617286120173,1,interior
0.5852564755166308,0.3201320928375868,1,interior
0.5877518376704745,0.31391980988764123,1,interior
0.579022397575417,0.32258481732321215,1,interior
0.5754175441202513,0.3177020243071008,1,interior
0.6622789150110672,0.17723425041468815,1,interior
0.6671195677151388,0.1734318747596026,1,interior
0.668982636159978,0.14266450974217298,1,interior
0.6598704499630299,0.183358972544923,1,interior
0.6036632155541689,0.30222078553567605,1,interior
0.6044330747406875,0.28747721258958603,1,interior
0.6047240461803809,0.29513542972207923,1,interior
0.5154037889884326,0.3662305842220633,1,interior
0.5095979071275186,0.3650180824478482,1,interior
0.5208375240531807,0.3690284640634846,1,interior
0.43556781731912403,0.5658145598780043,1,interior
0.4324785400863344,0.5607067515865591,1,interior
0.43544203060237935,0.5555555390511783,1,interior
0.44032615191016194,0.5701120655911966,1,interior
0.5990266498669273,0.30905912215312936,1,interior
0.6096421955817795,0.30455980606545374,1,interior
0.3084703380167212,0.5951263553659343,1,interior
0.31160804413177573,0.6074866619424423,1,interior
0.32750952573322234,0.6282918323652732,1,interior
0.32608119582234185,0.6226842194036827,1,interior
0.27475003481707805,0.6399225203480269,1,interior
0.2923788211606705,0.6744547723061183,1,interior
0.2854948469440639,0.6736397358453126,1,interior
0.2931878125624839,0.6665192919143506,1,interior
0.2885291376084542,0.6210157332191528,1,interior
0.5399042869274556,0.47223603031453354,1,interior
0.545137188879019,0.4795193453852891,1,interior
0.5347360610389087,0.483494647561545,1,interior
0.3073515031139104,0.6581315607469973,1,interior
0.3111766073831776,0.647220874345352,1,interior
0.3060421917311488,0.6433315273058761,1,interior
0.31153987275738726,0.653619393286746,1,interior
0.6664911661782515,0.1924004926561233,1,interior
0.6668604605595901,0.1870890583529794,1,interior
0.666852178485877,0.19794667569008695,1,interior
0.4433952518572151,0.577973791855378,1,interior
0.44889828999665504,0.5762748723184343,1,interior
0.44896521023732233,0.581218691656833,1,interior
0.4507204897431863,0.5860787677759134,1,interior
0.44533744296419503,0.5858015966741222,1,interior
0.45079204639488185,0.5915039810808095,1,interior
0.400470835659955,0.5613165580635096,1,interior
0.5155090343470473,0.5065656649841717,1,interior
0.5209023875041124,0.49714812744254694,1,interior
0.5216917819676218,0.5046741577178872,1,interior
0.5116591326159553,0.5112530434496069,1,interior
0.38748894802782863,0.5759655081872695,1,interior
0.39242232100280144,0.586233999333548,1,interior
0.38825563268514074,0.5818011823159644,1,interior
0.38133620129616086,0.5910692273496622,1,interior
0.35653716037009675,0.6217283580668513,1,interior
0.5820708941746074,0.34767176532592226,1,interior
0.5798855996704181,0.3540847226334664,1,interior
0.5780671508330152,0.34185345431059977,1,interior
0.5156843580592412,0.35995374811260145,1,interior
0.5275069308339034,0.37025709633899057,1,interior
0.521356127245333,0.37475699651469546,1,interior
0.5266692374931644,0.36430713887130134,1,interior
0.4338421795652338,0.5714365448900947,1,interior
0.4376580521944583,0.5765683220215908,1,interior
0.42256346365431063,0.5679419810373263,1,interior
0.42820271251624453,0.5719682895629277,1,interior
0.4243762894546122,0.5758784130429423,1,interior
0.4316222658922699,0.5783845738446793,1,interior
0.5989703629308073,0.21038343849691965,1,interior
0.32565358158717667,0.6335814017750104,1,interior
0.32193541550882926,0.6466732517732806,1,interior
0.6528954395632419,0.22963964110975765,1,interior
0.6454207074911954,0.22029082934528513,1,interior
0.6595763300239675,0.22610001393914012,1,interior
0.6470523004013378,0.22642677278059353,1,interior
0.657994077535313,0.2147605663575754,1,interior
0.3374614694192118,0.6598403383506398,1,interior
0.3346498741075919,0.6550744890158792,1,interior
0.5819469276046371,0.3294400284092596,1,interior
0.41558919768941255,0.5484376230110259,1,interior
0.4064848704880475,0.56594472515915,1,interior
0.3973417664867518,0.5670661152809469,1,interior
0.6029267520900805,0.2284566043218399,1,interior
0.3653810649464227,0.6578162343740805,1,interior
0.36243513799163846,0.6439928975640806,1,interior
0.41162696092735035,0.5611726426862941,1,interior
0.4136560636987887,0.5553740459152623,1,interior
0.6463329517332281,0.23343761705824484,1,interior
0.6405805753813916,0.22986740808212017,1,interior
0.6074795953114945,0.2807610231253878,1,interior
0.3802781128578288,0.5979950470412847,1,interior
0.38379577939952947,0.6037434766758979,1,interior
0.2716487092361387,0.6293727891884047,1,interior
0.28228416576327714,0.6318244719893521,1,interior
0.28527455218535996,0.6258463365545442,1,interior
0.6863495294723733,0.1425183524365488,1,interior
0.6795771558990329,0.12783543271427866,1,interior
0.6741931531468246,0.13945055586853938,1,interior
0.6841053687790764,0.13452021422710383,1,interior
0.6617024660275644,0.2195347635964664,1,interior
0.6648888440957087,0.21167740969141732,1,interior
0.6565875114742054,0.17608014092321322,1,interior
0.667551622932962,0.180854591747159,1,interior
0.2947580557374386,0.6387620898394744,1,interior
0.5457705894766218,0.47269795376481494,1,interior
0.540775536331837,0.46445867564780324,1,interior
0.3321101918024086,0.6619430199185222,1,interior
0.32911512257749487,0.6561264022104741,1,interior
0.635690366634796,0.22494972436742908,1,interior
0.5764241284279003,0.3603911673045901,1,interior
0.5831001388300052,0.36007024345194943,1,interior
0.5708678713693418,0.3484766924833503,1,interior
0.2982671562584357,0.6624283914005591,1,interior
0.6157360897082444,0.2783156148177168,1,interior
0.6105002043539085,0.2917545426306237,1,interior
0.3889422285521957,0.5919646175564975,1,interior
0.3195514034700439,0.6200820679997022,1,interior
0.32005528526437366,0.6141415880865583,1,interior
0.5414085462874485,0.4063930133798401,1,interior
0.5384625953079596,0.4166682124196906,1,interior
0.6781957125339801,0.16228386000078593,1,interior
0.6737217166207462,0.17132887632441582,1,interior
0.663941900990299,0.16680672181204415,1,interior
0.3213639045548332,0.6397644934245571,1,interior
0.3237545525290338,0.653220432546466,1,interior
0.3169518436072971,0.6445688306603685,1,interior
0.38634476660290873,0.5975604692430123,1,interior
0.39529270943861344,0.4801752116211886,1,interior
0.36521278654471834,0.6354125795708322,1,interior
0.5916651613068168,0.3208784162757943,1,interior
0.5942696130545241,0.3145029468828895,1,interior
0.6891681770140994,0.1378279331135838,1,interior
0.6863418216223253,0.12723465575591697,1,interior
0.6920222847822937,0.13271459282338496,1,interior
0.5929676136743032,0.19851039185199673,1,interior
0.6640109266983958,0.20445461860561087,1,interior
0.6679458990032949,0.21775369133448472,1,interior
0.6723871786938206,0.21270866725028562,1,interior
0.6715797422527897,0.20520245945382293,1,interior
0.2957173941865136,0.6133483126731384,1,interior
0.30685807351047173,0.6120647948571726,1,interior
0.39096617973889175,0.5706829387644229,1,interior
0.5335798454962869,0.36530443289921716,1,interior
0.5204270268138095,0.36364688008233836,1,interior
0.5334782747932298,0.3712207441676286,1,interior
0.5513906942606042,0.4819306783331833,1,interior
0.5410207163978843,0.48604962434387383,1,interior
0.5516618753021849,0.47506189852381836,1,interior
0.5498828199792078,0.4690576548569691,1,interior
0.5395553272693793,0.47965748296729893,1,interior
0.5452085606298677,0.4663433714545128,1,interior
0.556682859134707,0.4866989029186379,1,interior
0.5576021844718014,0.4794208361197268,1,interior
0.5476859006543299,0.4881596992405002,1,interior
0.3689233783342505,0.64344961566182,1,interior
0.36725090430598933,0.6264233937893507,1,interior
0.37127100830902265,0.6313223048706387,1,interior
0.2996179532682544,0.6041909042373262,1,interior
0.317189997697047,0.6501941701949876,1,interior
0.33097188855684906,0.6501839756537672,1,interior
0.5069162323038696,0.5160756100322533,1,interior
0.5147011762352552,0.5183113548191873,1,interior
0.6749164400550964,0.12326278274459196,1,interior
0.29408527937505796,0.6266735096517839,1,interior
0.6734133175535729,0.1776598049576292,1,interior
0.47952469715612345,0.547223501653421,1,interior
0.6000161585484411,0.3155168056796447,1,interior
0.48887120919384186,0.5544650010162792,1,interior
0.4753488754950507,0.5410818297566661,1,interior
0.48153081465249475,0.5397475388309084,1,interior
0.4867367264440727,0.5448010202471426,1,interior
0.48490881366481475,0.5507842106651742,1,interior
0.4850509905635854,0.5333563555028712,1,interior
0.6585019309983436,0.23349249554464416,1,interior
0.66452978995445,0.23058029890346704,1,interior
0.667612620255441,0.22471334282643635,1,interior
0.6735593699358758,0.21994577316549044,1,interior
0.6125591374979316,0.28562319063966335,1,interior
0.5550300409618977,0.4684830248188307,1,interior
0.5510355596356429,0.46314623014365947,1,interior
0.5577923355614154,0.47349961052806855,1,interior
0.46407836572444017,0.5373197406078342,1,interior
0.46210743475586497,0.5321396004494922,1,interior
0.6813509838621332,0.15792249468276937,1,interior
0.6823577153810068,0.15242004651501492,1,interior
0.6769688544546909,0.15196801213247685,1,interior
0.5841348955505915,0.3412702883223055,1,interior
0.5802756616699921,0.33546844796985925,1,interior
0.5604088330551831,0.36317681925200157,1,interior
0.5568723663988114,0.3597856919582755,1,interior
0.5661915411208335,0.3641926463861749,1,interior
0.280299209935454,0.6376504635631779,1,interior
0.6881911523794779,0.15484593509088299,1,interior
0.6838538062732301,0.16468348393726404,1,interior
0.6933466090428689,0.16036280513454806,1,interior
0.6875646806487865,0.16134637127007437,1,interior
0.6745234750076551,0.18516716641950165,1,interior
0.6788740768164907,0.18042487635819587,1,interior
0.6802385722746294,0.17467319005549414,1,interior
0.39317704661276864,0.5970468477625279,1,interior
0.3911199009624662,0.6031736487718434,1,interior
0.5271724914330981,0.38457875659078855,1,interior
0.5272954922289615,0.391143149806425,1,interior
0.5217208419952364,0.394565224732231,1,interior
0.49290472493209697,0.5490770633710781,1,interior
0.49195610548944363,0.5343832078979842,1,interior
0.4940218265803367,0.5419061290723304,1,interior
0.6139567042988945,0.26985441129062965,1,interior
0.6052687826575538,0.2540716805939424,1,interior
0.6096781526129477,0.2579081202438573,1,interior
0.6022071546247602,0.2598619368315916,1,interior
0.6159915874690362,0.26168781365514854,1,interior
0.5081304280314257,0.3576798697768652,1,interior
0.5144129622365009,0.35435700224286404,1,interior
0.6585622752525168,0.24018524117642043,1,interior
0.651909311139633,0.238105673735553,1,interior
0.664632368961099,0.237133411487684,1,interior
0.5901655063062939,0.34192335461569323,1,interior
0.5875166627702026,0.3467738138785767,1,interior
0.587136169408084,0.3532989725163792,1,interior
0.6050291745871029,0.31966732812308835,1,interior
0.5983889953977027,0.32114760492488126,1,interior
0.6052764474839918,0.3080252940469231,1,interior
0.3962015942263444,0.5910972102831596,1,interior
0.394364301416692,0.5800129429927493,1,interior
0.4000515196708964,0.5848477252265847,1,interior
0.30374459194672815,0.6621984896245389,1,interior
0.6118536802100403,0.29851923063176844,1,interior
0.36533017449582184,0.6508951745640286,1,interior
0.4283260677205074,0.5552425149804728,1,interior
0.4238957309109696,0.5494784146370977,1,interior
0.5354296735127076,0.44794436528913034,1,interior
0.533263960681121,0.4338026705912085,1,interior
0.5344743946821132,0.44118787477595806,1,interior
0.5297314461063335,0.4471125876977839,1,interior
0.5282221629171903,0.4998515697726393,1,interior
0.5149992440218722,0.4948782254878011,1,interior
0.5251863520834043,0.4919876603025872,1,interior
0.49850089248286616,0.5585197457870102,1,interior
0.49964958307192303,0.5529238657388887,1,interior
0.5012216773490304,0.5461544772061392,1,interior
0.2967075773217059,0.718276450330663,1,interior
0.29920339011794933,0.7282540726278663,1,interior
0.30242758978695045,0.721607447905855,1,interior
0.5404467867246814,0.45190900937388456,1,interior
0.5452780881498017,0.4586952641695337,1,interior
0.5377856159688813,0.45904636453699954,1,interior
0.6754551023623994,0.19770926331382474,1,interior
0.6787676575329882,0.20296781910108389,1,interior
0.4432174243016466,0.5919125401037265,1,interior
0.4384206888339044,0.5842684319539428,1,interior
0.48583564159963866,0.5150104712618777,1,interior
0.3204396573852946,0.6337878533585877,1,interior
0.3202629548151005,0.6276260708253336,1,interior
0.6826489485709906,0.10601312997506425,1,interior
0.6821074569675064,0.09908209432468339,1,interior
0.32538711992312996,0.660765154231408,1,interior
0.31983193773364915,0.6607926127779141,1,interior
0.6807996275514644,0.1467130159905199,1,interior
0.5869894809454941,0.33497726375036896,1,interior
0.37179120938026927,0.5634107662825131,1,interior
0.3033549181652876,0.7371109938674999,1,interior
0.3023013288123027,0.7331958042955676,1,interior
0.49719679615570067,0.5358048171457813,1,interior
0.5005579578372431,0.5401129259340217,1,interior
0.6759269326022097,0.11787674230725484,1,interior
0.6818207740871108,0.11190889289791096,1,interior
0.5884391653082762,0.32712113972592405,1,interior
0.5919648571950243,0.33191741249636236,1,interior
0.42591954601634585,0.5830687335441141,1,interior
0.4320849573861105,0.5855515768475513,1,interior
0.4353680527590629,0.5923811141207931,1,interior
0.6472858519446276,0.2442640277126536,1,interior
0.6542478456179578,0.24616225650713439,1,interior
0.4194272445042595,0.580788786804178,1,interior
0.4207171563299575,0.5883718596235346,1,interior
0.42756707983375947,0.5901745115151621,1,interior
0.6467875624978019,0.20875282209339274,1,interior
0.4887139383209637,0.5205401666034365,1,interior
0.4836803091851361,0.5270370695497694,1,interior
0.3740687981302222,0.6377710627612777,1,interior
0.3769600919681875,0.6311526072029497,1,interior
0.38106441908341177,0.6347606667128748,1,interior
0.3131883794759131,0.640726641017435,1,interior
0.5293695625663196,0.48719844582498134,1,interior
0.3426528411129324,0.565495777143339,1,interior
0.5030390291502397,0.5341312224484217,1,interior
0.49774086419083663,0.5287425595433184,1,interior
0.6159379526454704,0.30521141621157744,1,interior
0.6174581777318501,0.31186569376687606,1,interior
0.6051368901261872,0.31334575501037976,1,interior
0.2901510475855507,0.648926174849876,1,interior
0.32245146532276653,0.6672686515989176,1,interior
0.3161164616756307,0.6672363645574544,1,interior
0.5515632732195154,0.3585499847594627,1,interior
0.5541165112753305,0.3661509650118602,1,interior
0.6699493823334256,0.24051868647133098,1,interior
0.6632961564782643,0.2450245642046839,1,interior
0.5351716475410131,0.4661763574087863,1,interior
0.5323054122661971,0.49422587314252936,1,interior
0.6396600724720267,0.23670679871310954,1,interior
0.6343039493086132,0.23897854370825944,1,interior
0.6274398649044224,0.2316304747551631,1,interior
0.6193365713210667,0.2845037402807936,1,interior
0.6214724671101798,0.2731685223644839,1,interior
0.6389339080299133,0.24539440742129917,1,interior
0.6446287722714026,0.23975786459918424,1,interior
0.31255060390071704,0.6729606078266978,1,interior
0.30518436326455795,0.6723130287405144,1,interior
0.5409222280697696,0.39876212707353653,1,interior
0.5485458089326598,0.40993102103293627,1,interior
0.5475121484195451,0.39761116260847285,1,interior
0.5429601986708271,0.41349511879807577,1,interior
0.31380560322971257,0.614700453825223,1,interior
0.31410294008556167,0.6221068713043477,1,interior
0.32487703224082476,0.6171296368950168,1,interior
0.42526093273799015,0.561029473605972,1,interior
0.287176235408314,0.6887626437362288,1,interior
0.6179689924150626,0.2918317128615722,1,interior
0.5097261753706867,0.5334936538506377,1,interior
0.5056957351912363,0.5278317282382982,1,interior
0.506606216088781,0.5400821166521008,1,interior
0.5993087147061806,0.25320159595892716,1,interior
0.5928081767250285,0.2506332429118813,1,interior
0.6591755566593974,0.25109027696857256,1,interior
0.6667892325285713,0.252519832563964,1,interior
0.6699530997135029,0.2472354997227892,1,interior
0.536572735114308,0.42181790689428583,1,interior
0.28703831787250655,0.6787668207097463,1,interior
0.5942623967231013,0.3550599360066398,1,interior
0.595823806348011,0.3425726734188543,1,interior
0.593616375837394,0.3483360344314775,1,interior
0.5479309514888547,0.4514928733420822,1,interior
0.5527434829490535,0.4566986980428596,1,interior
0.5748074194416984,0.3364761115586876,1,interior
0.30780835126769274,0.6186633093720939,1,interior
0.3015980252916057,0.6225678283355652,1,interior
0.39954058724476715,0.59611499403834,1,interior
0.39820354192428903,0.6014414095106996,1,interior
0.5454149956950815,0.39196106724177476,1,interior
0.5337521405818105,0.39528073641715533,1,interior
0.5392296379651187,0.3918062291916787,1,interior
0.5467936447546118,0.4951219823219869,1,interior
0.5535506017964115,0.4942799668778241,1,interior
0.5403703458621143,0.4936231055185362,1,interior
0.5286063714135568,0.37708661721598463,1,interior
0.30124529725685567,0.6672249063188888,1,interior
0.4137055765648366,0.5854711540521504,1,interior
0.4182123937580558,0.5733298131319362,1,interior
0.5961970721679705,0.3271831496243915,1,interior
0.6006148213186252,0.33822352807531947,1,interior
0.5967989185287607,0.33346151437727756,1,interior
0.6154196510840093,0.2548155513582033,1,interior
0.6116832756458632,0.3229076245198415,1,interior
0.6113145725723318,0.31637616220951803,1,interior
0.540179710494666,0.443718563392367,1,interior
0.3428068708010459,0.6611541585208486,1,interior
0.3380149340799235,0.6658922243326524,1,interior
0.4938632302584929,0.555567843013733,1,interior
0.5986110459511952,0.24707954920508635,1,interior
0.35907240393356366,0.6390283273797309,1,interior
0.5642022092721652,0.4822604153290851,1,interior
0.560003824273366,0.49236961164311,1,interior
0.6214258060480612,0.2556355688037484,1,interior
0.24524128864583963,0.5588620185621913,1,interior
0.5185951088256968,0.5117727588089742,1,interior
0.43395181093366814,0.6003565955251828,1,interior
0.4411996362001531,0.598408207586337,1,interior
0.4292352758727224,0.596166914948451,1,interior
0.6725456439533466,0.1919420662808741,1,interior
0.6830017047550991,0.19797480213587315,1,interior
0.6806673080835708,0.1911790143778292,1,interior
0.43671204070646413,0.344563632273096,1,interior
0.6068469452146761,0.2700560068142672,1,interior
0.6248095984436665,0.24447036088521976,1,interior
0.6848709273524389,0.18006975485672871,1,interior
0.6816758812362627,0.1852139511352267,1,interior
0.6881543986089559,0.17473793944082197,1,interior
0.5403510153233739,0.36867367151715313,1,interior
0.5019614545219934,0.5217536803837302,1,interior
0.49048299053789296,0.5276030319874242,1,interior
0.4949615788242427,0.5207954702440833,1,interior
0.5523302565702836,0.393658055312867,1,interior
0.5558649110612434,0.4061661695133584,1,interior
0.5476907022052026,0.40355374464811145,1,interior
0.5032267570690746,0.5620679250586429,1,interior
0.45236793980380635,0.6029196376955235,1,interior
0.4495820865563584,0.5976811144159963,1,interior
0.6882230631170816,0.11037570597402983,1,interior
0.6896276835115326,0.1033756007151139,1,interior
0.426599312083996,0.6023530875455906,1,interior
0.2922520336834246,0.6822976809507689,1,interior
0.28750938608285664,0.6841258205955061,1,interior
0.29728221185670617,0.6809465464670599,1,interior
0.41507407001111957,0.5667043819119822,1,interior
0.5338512721357631,0.3880125874806599,1,interior
0.5273312239833426,0.39818955794728733,1,interior
0.5342216798110597,0.3817895695352522,1,interior
0.31508074082287496,0.6342614876628743,1,interior
0.550190045771431,0.3862984495888298,1,interior
0.5415055515530237,0.3855853976736401,1,interior
0.6880319342653489,0.18637977785067267,1,interior
0.6879007315422866,0.1932181193966681,1,interior
0.6909377374482604,0.18034585932661762,1,interior
0.679893080903612,0.14032548125127145,1,interior
0.5205289827263627,0.5300133521966861,1,interior
0.513620829124651,0.5266420916894021,1,interior
0.5156326931095777,0.5332504214895916,1,interior
0.5355439255513459,0.48942530569595527,1,interior
0.5432190050338372,0.5003775301902098,1,interior
0.4012066777270507,0.5777947951610131,1,interior
0.40182568611037917,0.5713705094581071,1,interior
0.4066991362218454,0.5863130139940582,1,interior
0.4071039051314271,0.5809328988698664,1,interior
0.625738563069354,0.2941782728174402,1,interior
0.6199431450472209,0.29930001540279844,1,interior
0.6254184291927728,0.28752359351952633,1,interior
0.5279911814274417,0.506324666738181,1,interior
0.5363234455283312,0.5001154840529803,1,interior
0.5339451110952892,0.505730857778579,1,interior
0.5620163587693174,0.40301918791161295,1,interior
0.5542886359799772,0.4138736926099187,1,interior
0.5588657942072739,0.3974953334316513,1,interior
0.5529365487476057,0.4000532303539653,1,interior
0.4895652146440527,0.5593577725161901,1,boundary
0.30363910220958185,0.6335660019536679,1,interior
0.3081634738375159,0.6371188698472747,1,interior
0.6314571400081243,0.283471448935731,1,interior
0.633068025666987,0.29059371108867993,1,interior
0.624654381908759,0.2796152092009149,1,interior
0.6852274256734505,0.20466762985710893,1,interior
0.6895681597885573,0.1998206825198552,1,interior
0.694060570367704,0.1951653812623226,1,interior
0.6942144820207082,0.14114492155356703,1,interior
0.6914132890366208,0.14797841826696181,1,interior
0.685930848464442,0.14881457991533958,1,interior
0.6710111143928978,0.23246351250367545,1,interior
0.3491875732305111,0.6626913284268587,1,interior
0.5899311811693798,0.36015790237512785,1,interior
0.42091300207092197,0.5549745679524728,1,interior
0.695027750620068,0.15368479780410352,1,interior
0.5406725450149921,0.5063146288539865,1,interior
0.5382022561350165,0.5117334391931635,1,interior
0.5250583344472131,0.5114884944864014,1,interior
0.5399660320242639,0.379759688195874,1,interior
0.5423290557398097,0.37470706102409285,1,interior
0.6066670753082933,0.33365908137648853,1,interior
0.6047166087904002,0.32656279900263246,1,interior
0.6255787800560504,0.2679599777334555,1,interior
0.5261315338396749,0.42337871492833384,1,interior
0.6874505825530862,0.09004986913805543,1,interior
0.688625229806566,0.08288769130486505,1,interior
0.5362238734429082,0.3752971311777103,1,interior
0.6845591597213655,0.1701971484897707,1,interior
0.5575153867548666,0.3901816931399172,1,interior
0.5562929059362842,0.384128230042029,1,interior
0.3007186824075373,0.6772905899462666,1,interior
0.2982075597794632,0.6717503930245351,1,interior
0.3080418663054071,0.6784245542872278,1,interior
0.6813816657913309,0.11992993963349091,1,interior
0.6520221241140265,0.25397552955765074,1,interior
0.6465006047948979,0.2500913894275591,1,interior
0.3205574668876647,0.6744479834067219,1,interior
0.32807412933178337,0.6663528830259704,1,interior
0.32761187102915545,0.6725026447166066,1,interior
0.5538924091743659,0.42048908698313064,1,interior
0.5593933167148019,0.4188984922206415,1,interior
0.5486550593840335,0.41730318586596615,1,interior
0.5635812914900221,0.4093311993313508,1,interior
0.5662929699907068,0.39790151924745815,1,interior
0.5646758472531869,0.3916736833397407,1,interior
0.568009253428711,0.40473761913518486,1,interior
0.6914182697401889,0.1680468045176231,1,interior
0.6981510661790475,0.13597424268484248,1,interior
0.3827588696115574,0.627533133419539,1,interior
0.5290519382827643,0.5171337515530147,1,interior
0.5222710700657806,0.5173482167057645,1,interior
0.3060315159892356,0.7285345229697404,1,interior
0.4707949283305686,0.5373509411230759,1,interior
0.5460269959181686,0.4396694002926414,1,interior
0.5447531079843697,0.44627867079624367,1,interior
0.5402891666795165,0.43607778736154473,1,interior
0.6714640026980625,0.2575992589917649,1,interior
0.6748544939561237,0.2524182946065022,1,interior
0.6662453039694718,0.259868118425192,1,interior
0.6619159530581029,0.2562942660266422,1,interior
0.6935788760862269,0.12433982032445043,1,interior
0.6862748233371437,0.11611351080528824,1,interior
0.412101117528585,0.5712735867475445,1,interior
0.3080564677822027,0.624958085852434,1,interior
0.29376408559262474,0.6947071227349068,1,interior
0.2952894661330208,0.7006210143987092,1,interior
0.619816706975267,0.2668134646079919,1,interior
0.31370325257919995,0.6280128805273316,1,interior
0.3086768123244354,0.6310386254903698,1,interior
0.2911756392031221,0.6889793207102698,1,interior
0.6234236939771929,0.3064336678509811,1,interior
0.3889668478013476,0.6099033127207483,1,interior
0.6868106737616927,0.21116044534159858,1,interior
0.6950534347774661,0.20074708446378553,1,interior
0.692528318792006,0.20673909062596962,1,interior
0.6292956906077322,0.30994301896041104,1,interior
0.6310995952925363,0.304486612435319,1,interior
0.6264565242825547,0.30041892971288386,1,interior
0.6239739078789233,0.3137077691494945,1,interior
0.5624406722782826,0.3855701869117953,1,interior
0.5596040005818074,0.3793675884411986,1,interior
0.552608502006312,0.37837167011256234,1,interior
0.3094133675247522,0.7219346974905055,1,interior
0.29905749417270355,0.7140313860605642,1,interior
0.3121269717779392,0.7266110048739758,1,interior
0.30643461469672134,0.7160935550825642,1,interior
0.6743600778285439,0.2260654496639219,1,interior
0.5406276233455699,0.4281586809006891,1,interior
0.5432347602998061,0.42086116710898985,1,interior
0.6248417185071012,0.2506616582500326,1,interior
0.5091923540686577,0.545799809462567,1,interior
0.506063513704826,0.5517646425607929,1,interior
0.29788580219902067,0.6329399667054626,1,interior
0.50876305042971,0.5220363815834458,1,interior
0.5204038988476254,0.5235300981938115,1,interior
0.531576247638355,0.5114884676912596,1,interior
0.36144924794062805,0.6638025475912125,1,interior
0.3716848672429983,0.6563638656380392,1,interior
0.3685022018020463,0.6632939229441704,1,interior
0.3596381604381051,0.6713518958231472,1,interior
0.3660620763530036,0.6701125252239631,1,interior
0.3546834092435694,0.6669765185414579,1,interior
0.35974605552354744,0.6562381940684286,1,interior
0.6787868777712606,0.16816387475074698,1,interior
0.598660657981752,0.2378157594294863,1,interior
0.6407455545218838,0.25315220648568426,1,interior
0.6352588798429171,0.2526959701291446,1,interior
0.4072196902433403,0.5740661755539889,1,interior
0.4131704282655539,0.5778729115555561,1,interior
0.6425845003764891,0.28263414513745594,1,interior
0.6309912668494819,0.2782532903311302,1,interior
0.6370920915700613,0.2771440402569776,1,interior
0.682897044779316,0.23523949427707844,1,interior
0.6787323653443939,0.2302002637214424,1,interior
0.6762753463809856,0.2374570454976149,1,interior
0.45802680617505653,0.6151905387175308,1,interior
0.46405447949697254,0.6153095691306326,1,interior
0.4701974250783962,0.6132819607429125,1,interior
0.45175270446815835,0.6077777666253409,1,interior
0.6989364757661347,0.12929128512398888,1,interior
0.6920182881319081,0.11672754536196157,1,interior
0.7000515668960825,0.12319583681362356,1,interior
0.37562876438372245,0.6451123800144587,1,interior
0.5612290809329713,0.4686339897457718,1,interior
0.5636057924906314,0.4753686931487217,1,interior
0.5532824270867338,0.43769894734384657,1,interior
0.547135532923651,0.43259607030910097,1,interior
0.5502872503753168,0.4445254019177955,1,interior
0.652083152242204,0.2628324412448856,1,interior
0.6564761773613518,0.2571350184033769,1,interior
0.6598998387644964,0.2620742133568396,1,interior
0.6653773226652037,0.26635333782654413,1,interior
0.6900996619705683,0.060956185882782406,1,interior
0.6863522044524885,0.06586011310424844,1,interior
0.579483854065998,0.36667677292246,1,interior
0.586125725355414,0.3660182467282824,1,interior
0.6308727048105345,0.24874625112038215,1,interior
0.6179919636620103,0.3183844924136386,1,interior
0.6192524071892076,0.32467996166713625,1,interior
0.6947655058436762,0.06680094728487523,1,interior
0.6965618950051592,0.05923069334630682,1,interior
0.6925521602439743,0.05596920457091937,1,interior
0.6938335400348143,0.05213023216285088,1,interior
0.559881835349426,0.45564264742752997,1,interior
0.5544001150948207,0.4500147274760167,1,interior
0.6943314403575469,0.07493100431166025,1,interior
0.6885417437223635,0.07155204797803973,1,interior
0.7014790301365625,0.06767430666267717,1,interior
0.7001173269919687,0.07330852273298631,1,interior
0.7013559108251797,0.06178991598741968,1,interior
0.29697695029035265,0.6875315436250456,1,interior
0.6792608317830869,0.20927473238888997,1,interior
0.6869505575225673,0.21879695593544,1,interior
0.6924573828481044,0.21433499625633043,1,interior
0.6777379599499775,0.21575259999268917,1,interior
0.4463130190740295,0.6035421797002334,1,interior
0.4453791376066833,0.6095982570782144,1,interior
0.4517531650650284,0.6131572443622197,1,interior
0.5601180086434842,0.44801482249649444,1,interior
0.5671123410049179,0.45763276676542447,1,interior
0.5639891192746472,0.4628660843336962,1,interior
0.6990937039772107,0.2040931257389339,1,interior
0.7037845893873178,0.20654738090813876,1,interior
0.6987572139167838,0.2113516827561057,1,interior
0.6824245096763709,0.2548003556773918,1,interior
0.6771952965935936,0.26023083536390706,1,interior
0.6799034379928468,0.2485404747793747,1,interior
0.6996395563740809,0.19728539420096403,1,interior
0.6930163205617712,0.18961723819936022,1,interior
0.5047687481370818,0.5578604238374391,1,interior
0.6110108871029378,0.3103153121457857,1,interior
0.4036612253894448,0.591887222706469,1,interior
0.4094587903265679,0.5954405302298267,1,interior
0.6012367773385501,0.3316570390968056,1,interior
0.6074296750895918,0.34116084303221667,1,interior
0.6007387781034703,0.34513731001794395,1,interior
0.7013496986632949,0.04906126808536868,1,interior
0.7083926124399298,0.05887651591319588,1,interior
0.2956588499286181,0.6198585304591496,1,interior
0.5727949428839387,0.36616137846579067,1,interior
0.5072347519867187,0.2784061739136892,1,interior
0.7012610302088931,0.1528405266309275,1,interior
0.6999074880389472,0.15829496565263054,1,interior
0.6983746065764139,0.14737342505193785,1,interior
0.5557098119623806,0.4437657813699275,1,interior
0.3808557896467863,0.6415283276308775,1,interior
0.38562549206467656,0.6387825466698865,1,interior
0.5723312152193566,0.3999415004865378,1,interior
0.572460628086264,0.3927224777513961,1,interior
0.5697544941268708,0.385496312538037,1,interior
0.5702985617243878,0.37782680946984143,1,interior
0.5998794154071648,0.35114381542309486,1,interior
0.5971357480551066,0.36123539861508425,1,interior
0.5458152054288551,0.5123885636157457,1,interior
0.5404760310559499,0.5180423157568712,1,interior
0.7060371651857102,0.06487228143086646,1,interior
0.7071445336191339,0.07144045909354511,1,interior
0.7046146295917044,0.07874093895184013,1,interior
0.6989986789135573,0.08054038790014141,1,interior
0.605191898119475,0.3543206535625236,1,interior
0.6064404308994943,0.3484363507028861,1,interior
0.5466512649242281,0.5058283407367058,1,interior
0.5526127007848974,0.5079383746091851,1,interior
0.5662977367651,0.417097315670158,1,interior
0.5578009280639123,0.4262223223270678,1,interior
0.5637046154056862,0.42351393129698894,1,interior
0.5832297547912847,0.3723576200346441,1,interior
0.5759168161560029,0.3734151814054275,1,interior
0.5892695933926195,0.3713442713307223,1,interior
0.41595795218552567,0.5941786168447063,1,interior
0.3000346062294674,0.6988970538099902,1,interior
0.6883549217064656,0.09581541551203153,1,interior
0.5764545355791004,0.38704840499595794,1,interior
0.5781642749441863,0.39679464809613285,1,interior
0.5808583140129566,0.3911506014560846,1,interior
0.7041146081004062,0.13377086775079303,1,interior
0.6979441069377508,0.11733435101445329,1,interior
0.7064129168508461,0.1256961230059902,1,interior
0.7042116509035917,0.11897138534112273,1,interior
0.2979015530309914,0.7068026711147039,1,interior
0.570863809841052,0.46390074529453845,1,interior
0.5734757087839091,0.45862407457108195,1,interior
0.3869382826798032,0.6214293225037274,1,interior
0.38105739354797186,0.6217639654610767,1,interior
0.7027779057303754,0.14146625965687967,1,interior
0.5987996446186707,0.19743094196132494,1,interior
0.31056704747177616,0.7421003163162206,1,interior
0.5261767701080972,0.534130130507226,1,interior
0.5202122984936686,0.5426294948647031,1,interior
0.513899478511619,0.5397668249458608,1,interior
0.5208327958150316,0.5370035851886522,1,interior
0.6239978659360003,0.2616940235312371,1,interior
0.7128542520898867,0.1280406483144086,1,interior
0.7105715317253719,0.11803597218393154,1,interior
0.7134005410173306,0.12335348015805696,1,interior
0.41842741841325753,0.5611769351569238,1,interior
0.7102771278970013,0.13807965257549618,1,interior
0.3074302421279396,0.7366892731253399,1,interior
0.4750455718709957,0.6078058409614883,1,interior
0.6863717997994396,0.22752950919030251,1,interior
0.6805127244467168,0.22220348013316077,1,interior
0.31664902320949806,0.7222981374456617,1,interior
0.3107022558609358,0.7111125116779512,1,interior
0.3137370612168062,0.7163330766329296,1,interior
0.6987200357467783,0.1647825184708712,1,interior
0.704426196130531,0.16184669228322,1,interior
0.7071357735308456,0.1554866182983343,1,interior
0.5813639464381685,0.37808265756802517,1,interior
0.5640062159226246,0.37490929812574914,1,interior
0.568674770134642,0.37095078313917695,1,interior
0.5654156982338651,0.38073087191948174,1,interior
0.6958037636800718,0.1841320289101174,1,interior
0.5832830042274411,0.38441087022870707,1,interior
0.5821784214714578,0.40138873604481884,1,interior
0.5890954026130031,0.3904167651933895,1,interior
0.6886828090724574,0.07770857391197732,1,interior
0.3940056069856098,0.6430666916413067,1,interior
0.3910950015972701,0.6382716507715106,1,interior
0.3814674455010595,0.6475453431387939,1,interior
0.3878986428363317,0.6461578125676272,1,interior
0.3873942053821304,0.6326194404728468,1,interior
0.3219055688170736,0.6821043809008013,1,interior
0.3153500232713897,0.6795364685710599,1,interior
0.7115090990868235,0.11136340037300763,1,interior
0.7195849490910566,0.12692522395891265,1,interior
0.7155282351020905,0.1329861168649011,1,interior
0.7184688513615404,0.12009914919092114,1,interior
0.7168499917158379,0.11504497351311702,1,interior
0.3620815434071763,0.565479496083689,1,interior
0.4123659573707236,0.6005546316480672,1,interior
0.4227196073096971,0.5958783992247891,1,interior
0.41872369983252594,0.6029907170053866,1,interior
0.40544254224888127,0.5997558304077237,1,interior
0.577454905328844,0.40265008671688574,1,interior
0.5852068447275127,0.3964634020963476,1,interior
0.3483750974976516,0.6702750000664878,1,interior
0.34381358322911326,0.6671137355206633,1,interior
0.403167534799041,0.6050875939261845,1,interior
0.5707779773768902,0.47705261395215726,1,interior
0.5676799660347611,0.46977385232225816,1,interior
0.7056169848524926,0.14870174033419406,1,interior
0.5527179287960471,0.37219602913272154,1,interior
0.5477402573303239,0.3717055128776952,1,interior
0.3046723263205397,0.7094767814358675,1,interior
0.30402541438953257,0.7034526266964818,1,interior
0.4250877775491843,0.6095842144515599,1,interior
0.4178873583326771,0.610056918158779,1,interior
0.4323483421018112,0.60752767576869,1,interior
0.4878808340909309,0.5390209255506334,1,interior
0.5184173193978405,0.5520567522651533,1,interior
0.5271793686903878,0.5423311737700236,1,interior
0.6373500642457842,0.2598873691180323,1,interior
0.6313474688942093,0.24326378791098296,1,interior
0.6322993464239034,0.2976999489296517,1,interior
0.6455222108704659,0.2577127921672037,1,interior
0.6481647185698036,0.26994756628818856,1,interior
0.6540581742646157,0.2704574039491547,1,interior
0.28701016762057957,0.6382355378896367,1,interior
0.6829662265220899,0.2632844032268317,1,interior
0.6872008153967198,0.2585182272326413,1,interior
0.6781079438610752,0.2687777930464274,1,interior
0.5105161333443089,0.5563379138993144,1,interior
0.5742551485701051,0.40661651485328365,1,interior
0.6115035980201137,0.3540135474193739,1,interior
0.605332179121736,0.3607118211555947,1,interior
0.6134470124589898,0.36180921896680907,1,interior
0.6129490801865546,0.34608075807636585,1,interior
0.3942774864717693,0.6322963314524627,1,interior
0.4014991633144791,0.6320775914526232,1,interior
0.6187968974388097,0.3557666668635353,1,interior
0.6182992541664165,0.36653037632862634,1,interior
0.6218045030609277,0.3622059928457218,1,interior
0.6071720393705333,0.3674138248708862,1,interior
0.5760527646006474,0.3811272962298941,1,interior
0.556302063693826,0.5014833481644976,1,interior
0.5598909769588853,0.49758400439724876,1,interior
0.6958309714137296,0.17597873610636403,1,interior
0.6989910918538513,0.17060786278456466,1,interior
0.6900919063331274,0.2519574457201196,1,interior
0.6929749165085376,0.2587714182269887,1,interior
0.5266857912024302,0.5219253647813006,1,interior
0.707198514028044,0.04652130275250981,1,interior
0.7091499312962343,0.051465577899929206,1,interior
0.6879373437017839,0.12152051537025907,1,interior
0.4102912887173633,0.6074403756937949,1,interior
0.5818180130412449,0.40788822371787703,1,interior
0.576944730985048,0.41244063207752246,1,interior
0.5703073809520747,0.4116931057183977,1,interior
0.5102553977006749,0.5617863596763585,1,interior
0.5836616871394125,0.32484354425802336,1,interior
0.5590746215010719,0.5062574281224135,1,interior
0.5663564549920386,0.49576155644799474,1,interior
0.5646883414281365,0.4886188252409285,1,interior
0.6258262424152331,0.3568331932556199,1,interior
0.6295461575459447,0.36460336232888796,1,interior
0.6243921975905334,0.36958473724912005,1,interior
0.5492630460470345,0.42521535946381267,1,interior
0.6372025204937198,0.3627266786785495,1,interior
0.6358074608132653,0.3693850488948053,1,interior
0.6323684997826671,0.35678272122975113,1,interior
0.631331770981565,0.37400392306946273,1,interior
0.3955713816184827,0.5740599276446527,1,interior
0.629367868384452,0.2563788920098972,1,interior
0.6309082328811156,0.26433440410888065,1,interior
0.45269201864235864,0.6199076903437416,1,interior
0.46024122238829607,0.6208381691801818,1,interior
0.6861038734862872,0.271070486296835,1,interior
0.6708732168729034,0.2708425802385019,1,interior
0.6811868258398884,0.2766721609335388,1,interior
0.6717625528752901,0.26412397982640773,1,interior
0.5604953510346227,0.4409702614351989,1,interior
0.5648727514484515,0.4519336858246761,1,interior
0.5712141526516645,0.44543071127255845,1,interior
0.5666604582578857,0.4388038788953849,1,interior
0.5266978647345187,0.5272718336456833,1,interior
0.5787393626009679,0.4636288086725209,1,interior
0.5747743254544345,0.4700265993973982,1,interior
0.6229793841254863,0.3306685570735621,1,interior
0.6262627707895169,0.3256316828166173,1,interior
0.6136357553359172,0.3296827754406027,1,interior
0.5696521330753419,0.42543912440057713,1,interior
0.5599730872552844,0.41278873102880703,1,interior
0.5646511406368463,0.43051083983738225,1,interior
0.5744345806103921,0.43067919385932046,1,interior
0.5709529370009058,0.43402745290842226,1,interior
0.5536169497399178,0.43091616077106953,1,interior
0.5108997838203188,0.3510901177876856,1,interior
0.5176057448748068,0.5580376753276443,1,interior
0.7139112075717183,0.045149778045783254,1,interior
0.7101560662844669,0.04361545225846694,1,interior
0.5584411084290605,0.5115317605968175,1,interior
0.5500468699430089,0.5007787883060614,1,interior
0.5531636893531936,0.516055089854536,1,interior
0.7008495765675115,0.18042800708968687,1,interior
0.7021159013054615,0.18640381807419318,1,interior
0.6985218183878606,0.19081850830158706,1,interior
0.7064259163432024,0.18189788577794377,1,interior
0.5901786229245587,0.3841339310690127,1,interior
0.5960489603293002,0.39268790474704873,1,interior
0.5965170300841797,0.3862497691309075,1,interior
0.592155021483236,0.3975652490592554,1,interior
0.6973225704345506,0.05308746785490559,1,interior
0.4393699292783832,0.6052662538245375,1,interior
0.40723588662739274,0.6367542577259201,1,interior
0.3972648302572341,0.6264538079960255,1,interior
0.3986954783048341,0.6380082623504469,1,interior
0.4038436339709351,0.626322069689676,1,interior
0.6000250157968695,0.36696814838961384,1,interior
0.600268897460688,0.3567952133774646,1,interior
0.3150864573267219,0.7361742361444795,1,interior
0.31757388009485676,0.7290409169793518,1,interior
0.6367848049862435,0.3795946028693439,1,interior
0.6308072668744001,0.38202624054395184,1,interior
0.6855386607442596,0.24735262680599177,1,interior
0.6812336164866357,0.24213498530318792,1,interior
0.6874743578229521,0.24048868994559558,1,interior
0.6156411720616677,0.3761481977972497,1,interior
0.6234382576716246,0.3776536095487163,1,interior
0.30374145156144366,0.6845549237750902,1,interior
0.723558776634276,0.04017910631714818,1,interior
0.3019558789501739,0.6921424912821674,1,interior
0.3106356344503729,0.6840808449823923,1,interior
0.3099170083154729,0.6906755442055451,1,interior
0.5315065229524565,0.5368526881760352,1,interior
0.5331358425276176,0.5480959199993619,1,interior
0.5351400864192005,0.5417309137023848,1,interior
0.5224453921651212,0.5481567138194453,1,interior
0.6173582728065103,0.34945204156739273,1,interior
0.69205119100569,0.08956079171205462,1,interior
0.3113989415407799,0.7317961091537237,1,interior
0.3154735064483716,0.7425369553304839,1,interior
0.31639594369038304,0.7463024014508877,1,interior
0.5877288744804262,0.40321170283789626,1,interior
0.5744938403359205,0.41859755177141666,1,interior
0.48565981990004553,0.6043274816228049,1,interior
0.4811611507462908,0.6060590236375153,1,interior
0.32281510443261485,0.6892444771361589,1,interior
0.33412481135199107,0.684324547124679,1,interior
0.316461944491185,0.6863837692041127,1,interior
0.32760386205774,0.6851436600753841,1,interior
0.32786528046294033,0.6790045048490457,1,interior
0.5659127262692567,0.4461520732686819,1,interior
0.5714837438390177,0.4520827147075441,1,interior
0.6435904341565992,0.26462529601422335,1,interior
0.3843462171944798,0.6532801674562863,1,interior
0.3788526867734155,0.6579432032011968,1,interior
0.6298685333356074,0.2726440714520145,1,interior
0.6418317589300345,0.27125824797199494,1,interior
0.6484258994363434,0.2813427175166522,1,interior
0.637058798768389,0.28475282776436694,1,interior
0.6449034513852914,0.2762912797868094,1,interior
0.6365867968225024,0.26836411943718536,1,interior
0.6914045596436456,0.24490884719432202,1,interior
0.7056933083773634,0.16817807666837337,1,interior
0.7042476295087905,0.17509908705003444,1,interior
0.3948220150980435,0.6494965435702866,1,interior
0.39988518282934954,0.6451045925675937,1,interior
0.5422266745723766,0.5410222399297129,1,interior
0.5375636682411481,0.5526782766672356,1,interior
0.5398360817114907,0.5470185270216265,1,interior
0.7065236983843375,0.1877210063121426,1,interior
0.693383378306919,0.08206859576895859,1,interior
0.5224365949425145,0.5692008873748403,1,interior
0.5156993021062156,0.5637548742711868,1,interior
0.6951880953961344,0.11030496335482437,1,interior
0.5470517322289343,0.5195832581819196,1,interior
0.5126895639790079,0.5517302189103838,1,interior
0.5215220518335261,0.56426808477924,1,interior
0.5262743680977556,0.5610081636922878,1,interior
0.5242487086510452,0.5548272488391454,1,interior
0.7133848296688692,0.15583832069465023,1,interior
0.7101675186413547,0.16212139453301813,1,interior
0.7133340088515001,0.1491769282205379,1,interior
0.6983663719712061,0.10402629241773755,1,interior
0.6936612720322751,0.09771216637330658,1,interior
0.4923376398696553,0.6029751505968663,1,boundary
0.7035074544188255,0.11217215953846507,1,interior
0.7033418374658351,0.10015026382971488,1,interior
0.6319668162806883,0.32978019163514116,1,interior
0.6307975649655959,0.31564119486347125,1,interior
0.6249796637962218,0.31990058229341517,1,interior
0.6317141158924131,0.3221659987579396,1,interior
0.6932018533070922,0.27509842369671583,1,interior
0.6926486640819568,0.26943201240007414,1,interior
0.6879753499656172,0.2788090002416505,1,interior
0.7178233216092577,0.1383128606302841,1,interior
0.7091597914338118,0.14431024906281364,1,interior
0.7144166623613637,0.14298170834090035,1,interior
0.6516666638749078,0.27642196763492743,1,interior
0.546440241876092,0.5469877293737303,1,interior
0.5436397605348878,0.5532681162929621,1,interior
0.5490838145355711,0.5413496135202179,1,interior
0.3982221025045859,0.6549398751682077,1,interior
0.40698039911498674,0.6470749176245485,1,interior
0.4023798649394157,0.6514512283077819,1,interior
0.4041548870588989,0.6415322498427672,1,interior
0.40580397841885135,0.6150800591841369,1,interior
0.40285214510644723,0.6103014526283794,1,interior
0.4137346724638658,0.6147371642613424,1,interior
0.7146422174918686,0.06075742424731392,1,interior
0.7044782310822272,0.20016696016005356,1,interior
0.7039549822421219,0.2116505641067265,1,interior
0.5756681317044299,0.4252026393452347,1,interior
0.5810701102491336,0.42278598600607126,1,interior
0.5832564860667515,0.41577175278306855,1,interior
0.618813586378964,0.3892921976998062,1,interior
0.624831561848595,0.38572899606439265,1,interior
0.7173823683633861,0.1524397057927846,1,interior
0.7201513042918563,0.1483780705661512,1,interior
0.3636982249752453,0.6763766276287649,1,interior
0.3717686019836098,0.6691987192233005,1,interior
0.3710037478304196,0.6770180155271537,1,interior
0.3107725973046366,0.7043538450678116,1,interior
0.3141642914393113,0.6973472261011731,1,interior
0.33358700136983005,0.6695340731537894,1,interior
0.31741937988917435,0.655681242076418,1,interior
0.31338571900027773,0.6604750365280317,1,interior
0.4211988582230199,0.6169329701652296,1,interior
0.39696491265535033,0.6142587354089643,1,interior
0.6025572663425112,0.39080719236667455,1,interior
0.6031058617730956,0.3847834235977661,1,interior
0.5882092988099856,0.3777787737026185,1,interior
0.5942046080628818,0.37996265203482826,1,interior
0.5997044240788575,0.3793780183278479,1,interior
0.70323417354188,0.08699118652897896,1,interior
0.714791351782191,0.08283299371572204,1,interior
0.711284597526913,0.07719100321729502,1,interior
0.7103926903458446,0.08848554550114839,1,interior
0.7148420776431492,0.07135842317067641,1,interior
0.7186005118876797,0.07685568952448975,1,interior
0.5866261187582655,0.4274440948015976,1,interior
0.5872789989323037,0.4215860510713097,1,interior
0.5803435929581444,0.42967307764098184,1,interior
0.3694958992547696,0.684412679988849,1,interior
0.3793180009947117,0.6783340009191449,1,interior
0.37751992690430175,0.670709722706769,1,interior
0.37580517263211877,0.6837226424837249,1,interior
0.30906558267121803,0.6015742846447026,1,interior
0.42941266775529296,0.5662386856232882,1,interior
0.5279054529036386,0.5686734345021179,1,interior
0.5288564983109106,0.5758223014636146,1,interior
0.526364540642458,0.5806616191622389,1,interior
0.3344392646556151,0.6766390059517685,1,interior
0.34180357374845843,0.6804690963298029,1,interior
0.3368415597021321,0.6919603436369774,1,interior
0.32949474952713825,0.6909339294717,1,interior
0.6265932334399338,0.3936768798448834,1,interior
0.6323687455027905,0.38933936410240205,1,interior
0.34101726239433444,0.6729746742104366,1,interior
0.41004238046845665,0.6423513512350876,1,interior
0.5415155447998805,0.5238991287958644,1,interior
0.5526135009592398,0.5234796905354658,1,interior
0.5472652342329499,0.5256199671799319,1,interior
0.5583700059578439,0.5216820356095312,1,interior
0.5347990815609183,0.5166840010088796,1,interior
0.3029710753924841,0.5994712886687629,1,interior
0.31732574423046367,0.7093249753270726,1,interior
0.3174721528656987,0.7022054663328027,1,interior
0.7180285566276191,0.06577133004680193,1,interior
0.6996669968577706,0.25865562454876706,1,interior
0.7011754025546058,0.2530607472218261,1,interior
0.696952700225616,0.2647768474264618,1,interior
0.6428529209212327,0.368613855692652,1,interior
0.6441605267606219,0.3634447285536814,1,interior
0.6975488015708513,0.21781071197466226,1,interior
0.6195904930884237,0.39617125973433415,1,interior
0.6244558180635693,0.4002216133198093,1,interior
0.6346501320572808,0.3963142116682123,1,interior
0.5935366359346755,0.337490789482014,1,interior
0.3232403229110568,0.696999812502704,1,interior
0.3229104134529296,0.7041798274513364,1,interior
0.3247887363201668,0.7100608011130968,1,interior
0.7151531547115095,0.15982706199587465,1,interior
0.6145489153967111,0.3404437787936004,1,interior
0.7219838951325531,0.08277932422168732,1,interior
0.7176460570418964,0.08863633307652773,1,interior
0.32399573965805206,0.7235922981007752,1,interior
0.6389288111047591,0.2957605077090301,1,interior
0.5740543971177162,0.4411078997469997,1,interior
0.5788105018479632,0.4364790238996551,1,interior
0.6410651099410081,0.28961545804599786,1,interior
0.5641150129994903,0.5025804337520275,1,interior
0.5647427885680162,0.5089103365292604,1,interior
0.6957861336360847,0.25351018210078924,1,interior
0.6964644437256017,0.24698479774418564,1,interior
0.5709579410678292,0.4911747977930577,1,interior
0.6885893075219214,0.2347156012110962,1,interior
0.6952434883502953,0.23815071585389713,1,interior
0.3087788974517526,0.6660112697372096,1,interior
0.6917958897161124,0.22141807253312348,1,interior
0.6355893731688379,0.34897326267635265,1,interior
0.6233629066366275,0.34991223692525125,1,interior
0.7024962479967726,0.2683577784960219,1,interior
0.704196933419936,0.2634726255464314,1,interior
0.6895573129056265,0.264480750104005,1,interior
0.6752951187277968,0.24472526170289233,1,interior
0.7290427630738111,0.14775440879234433,1,interior
0.6831496609279369,0.2838893609649728,1,interior
0.6757034267405,0.28241803830188333,1,interior
0.6190850216972202,0.33569357283864454,1,interior
0.45678613973239407,0.6270963313294565,1,interior
0.44574986098440156,0.6156495519925701,1,interior
0.449416943868864,0.6258476228339214,1,interior
0.44595233368679005,0.6211524475126637,1,interior
0.331010096385098,0.7117758632408151,1,interior
0.33553422582108594,0.7080739206226301,1,interior
0.3266444330832795,0.7165815207175926,1,interior
0.3302305811620497,0.7034794548637948,1,interior
0.6374611717101829,0.3027563076156133,1,interior
0.6431926871343367,0.30056881237537725,1,interior
0.646666139771397,0.29501033931615384,1,interior
0.7240824814232019,0.11511545178575233,1,interior
0.7252567298695651,0.12212337109019837,1,interior
0.713839825594406,0.10528516095063489,1,interior
0.72564384184852,0.10828190504964885,1,interior
0.4634053146976917,0.6370344928911834,1,interior
0.46439589644525525,0.6259926258175027,1,interior
0.4564624043926043,0.6354595094781439,1,interior
0.3205642020322557,0.7163379365074838,1,interior
0.3230256113748643,0.7322403828011105,1,interior
0.6490730522200407,0.3024559777835721,1,interior
0.6543775548478532,0.29855789484622647,1,interior
0.6432205755676883,0.30726397086859775,1,interior
0.6420546453158158,0.3465610627894254,1,interior
0.6378367779580032,0.3555071499640565,1,interior
0.6282032352249579,0.34483926702946843,1,interior
0.6385621721994024,0.3424672350596843,1,interior
0.6331096750640264,0.34169553239815875,1,interior
0.5938237440201162,0.4245273686684162,1,interior
0.585606714581624,0.4342709187696645,1,interior
0.5916968310792781,0.4376868651514095,1,interior
0.30219567392724284,0.6282486062886643,1,interior
0.5358468255799269,0.5717728566992323,1,interior
0.5303804123443557,0.5806867706432957,1,interior
0.534890693004741,0.5788463976558328,1,interior
0.48088083836563006,0.61171103242196,1,interior
0.475525423497088,0.6138231788684687,1,interior
0.7232291094637838,0.0710524555742279,1,interior
0.711338582524358,0.06560437805783605,1,interior
0.3537279573319581,0.6730978360159193,1,interior
0.6599126544707407,0.30382808588934307,1,interior
0.6615962150194307,0.2978900020642397,1,interior
0.6576831857725067,0.29135758412476925,1,interior
0.6554010254140186,0.30729560991492555,1,interior
0.4388638499794743,0.6120019090800505,1,interior
0.317246533040957,0.692410954874237,1,interior
0.43234402732642757,0.6150692585821665,1,interior
0.5456099107099134,0.535486978409908,1,interior
0.559329151698758,0.5439101068241878,1,interior
0.5536991501691484,0.5473872960778382,1,interior
0.5515200834849427,0.5360553095631644,1,interior
0.3371480543749185,0.6988112849522494,1,interior
0.39375861294891396,0.6208159953080855,1,interior
0.4004105019526513,0.620407144658802,1,interior
0.6668378567418812,0.3047028587366593,1,interior
0.662188814400447,0.3107267858299108,1,interior
0.6677664773753795,0.2972752537679291,1,interior
0.4691223041641477,0.6318483316971033,1,interior
0.4688857690628166,0.638402974103221,1,interior
0.4593752841854493,0.6426828093303923,1,interior
0.4654030712370976,0.6436117769180256,1,interior
0.7240926801402976,0.1393025141865447,1,interior
0.6399355635229066,0.3299990599185177,1,interior
0.6379539671227321,0.3240111010143585,1,interior
0.6368946901138987,0.33628719159816567,1,interior
0.3800952462073275,0.6640435509777687,1,interior
0.33739264673177977,0.7138001831826671,1,interior
0.571620586497912,0.4851781736867259,1,interior
0.3912865139892748,0.6564557191335129,1,interior
0.5979627442052928,0.42969350448869603,1,interior
0.5978572042521096,0.43534271375469413,1,interior
0.5930883784332501,0.4438879656615164,1,interior
0.5976098551511717,0.44081623368986617,1,interior
0.5920025599758636,0.43135758734203505,1,interior
0.5863007568248474,0.4416007663116864,1,interior
0.725384403565031,0.08910409392818618,1,interior
0.7295245331896525,0.08278829265436911,1,interior
0.7260611190376002,0.07695419406125281,1,interior
0.7327435454865495,0.07772154291475113,1,interior
0.6077191007509134,0.39484147597538444,1,interior
0.6101285587591261,0.38695185986796826,1,interior
0.34098440863641905,0.7195573585124192,1,interior
0.34216619809962917,0.708055276398267,1,interior
0.3322319295977909,0.7195359939486509,1,interior
0.3484183566804737,0.7166319587260453,1,interior
0.5158851938441474,0.54645725368943,1,interior
0.3485604806448135,0.7106370916965142,1,interior
0.344264817894206,0.7011021766444981,1,interior
0.3378985964243149,0.7035519808059995,1,interior
0.4348393470870124,0.6227760539167606,1,interior
0.4396719831730748,0.6186840533189186,1,interior
0.6174759223544579,0.38280466009431385,1,interior
0.7208792100238544,0.10256645229925618,1,interior
0.37474541329861744,0.6633607149039403,1,interior
0.585416825687262,0.4599469901548463,1,interior
0.5826449650529487,0.47031461708985406,1,interior
0.5788226484874037,0.4559456833132412,1,interior
0.5859849442817924,0.4659444830426199,1,interior
0.5576537884333671,0.3731196300086436,1,interior
0.5787515485744407,0.47551493072631884,1,interior
0.6508780066954218,0.3658461771485668,1,interior
0.6484731865435821,0.3732003687644155,1,interior
0.7294046691912841,0.14136796008634178,1,interior
0.5914428182132879,0.4492642569609554,1,interior
0.5801271281422937,0.4428259469989529,1,interior
0.5843982853049267,0.4472416805190981,1,interior
0.5849652133304283,0.45309944412240766,1,interior
0.7085049076412554,0.08299990949077532,1,interior
0.6988412322224037,0.09461218146011433,1,interior
0.7060633481698884,0.09403794146765414,1,interior
0.6733656765996999,0.30155871336319334,1,interior
0.6743898636332434,0.30936004061328004,1,interior
0.47442669546291355,0.6369455149964428,1,interior
0.4723737220776143,0.6437823426867618,1,interior
0.5337499554421533,0.5231205955310505,1,interior
0.7064410803228062,0.10614663232889747,1,interior
0.7096004258106504,0.10005063947274347,1,interior
0.6306376994094932,0.4011654164644555,1,interior
0.6400336737662359,0.3920787494562307,1,interior
0.6386754656478366,0.4035618439691951,1,interior
0.673182336197035,0.2883038918189406,1,interior
0.6679151191329556,0.2848324919121845,1,interior
0.67868620744708,0.28957557408514095,1,interior
0.6690016972615696,0.291291004129293,1,interior
0.6697820091222614,0.2778431673863362,1,interior
0.6753711728329452,0.275417603105532,1,interior
0.5495423894735575,0.552829300230534,1,interior
0.5548081457632005,0.5552783029269452,1,interior
0.560890870154416,0.5498643198642807,1,interior
0.325499836640181,0.7377301962214151,1,interior
0.6644203611155702,0.27304770929621947,1,interior
0.6639957692454537,0.279427248596058,1,interior
0.5953585525146102,0.37338583805294584,1,interior
0.5319408804900839,0.5559878865781475,1,interior
0.5394870983783583,0.5588966047083442,1,interior
0.39031517416595013,0.6267127416596928,1,interior
0.3831563269913546,0.6736676939950424,1,interior
0.38903884496138463,0.672550394464523,1,interior
0.6656594309431726,0.3187313322457241,1,interior
0.6683258251409983,0.31210933061039314,1,interior
0.6582204829563784,0.3157390521842835,1,interior
0.6528310817282154,0.3127582080083576,1,interior
0.35666915022640666,0.6784143935820446,1,interior
0.7025410394698843,0.24759170570760533,1,interior
0.7061222155698309,0.25202851477498783,1,interior
0.6003348448706317,0.447242406721999,1,interior
0.533721454940132,0.5638838354394426,1,interior
0.5381491399773278,0.5349747956548991,1,interior
0.702598936319934,0.05537914757110746,1,interior
0.7151422153740997,0.055217388037149866,1,interior
0.41358828813553866,0.6341123803107539,1,interior
0.4151898987808254,0.6393177662642916,1,interior
0.40601828279858393,0.6213032468875526,1,interior
0.7219011191275432,0.0521258633457618,1,interior
0.7213294231553551,0.059122329005014525,1,interior
0.7162988792099212,0.049620257357269715,1,interior
0.6138328296307713,0.39284014767466857,1,interior
0.6115870104930488,0.38026384153881276,1,interior
0.5651849760011064,0.5428165738524658,1,interior
0.5688604510624118,0.5484187218523654,1,interior
0.5651176906145841,0.5543722039976549,1,interior
0.5602201645300331,0.5570142276130307,1,interior
0.4712455263482327,0.6254878896436901,1,interior
0.47783693176849423,0.6300378658026919,1,interior
0.4160746035555527,0.621599445775009,1,interior
0.42142182657996496,0.6251714740492552,1,interior
0.427781810007489,0.6218422130060317,1,interior
0.5777865068090466,0.44860769383096466,1,interior
0.5376586502964957,0.5284821423032987,1,interior
0.5435474093821406,0.5301204182320257,1,interior
0.6042856802957475,0.4395189995110629,1,interior
0.32071543422003174,0.739395640190197,1,interior
0.5921859054503127,0.46406431502396717,1,interior
0.5915822654177111,0.4569330007006223,1,interior
0.6970554847247122,0.22396551476999435,1,interior
0.488769128203778,0.608913117608424,1,interior
0.47301911229210325,0.6190893402727353,1,interior
0.46715213000497124,0.620019232336275,1,interior
0.532108438960222,0.5305923054553774,1,interior
0.7003564787044131,0.2784366661532128,1,interior
0.6910297551270224,0.2858055707378009,1,interior
0.6984353471546894,0.27176847404786014,1,interior
0.6945632750826259,0.28103501257359886,1,interior
0.7041024930539189,0.19285592335495655,1,interior
0.6360040374738326,0.31008363103922426,1,interior
0.6370486394011525,0.3175594943834052,1,interior
0.6000516276499874,0.46733478704285575,1,interior
0.5915575065840423,0.4707576217825727,1,interior
0.5972834637486979,0.46101381603677344,1,interior
0.5979970599605328,0.4545825350556764,1,interior
0.4790344662499611,0.6180304540763516,1,interior
0.476625210500058,0.6235593584648347,1,interior
0.5410685818610231,0.5654897508969821,1,interior
0.3899036432526047,0.6651282231571325,1,interior
0.39487283332307826,0.6787491472937491,1,interior
0.3910018131073635,0.6836854713877075,1,interior
0.39408821939289224,0.6709709652015982,1,interior
0.5280267281550982,0.5499436210283378,1,interior
0.3297739357436525,0.7274637518085685,1,interior
0.3303899451746911,0.7354616403926709,1,interior
0.5787358726743834,0.48533357671900906,1,interior
0.5782208740887501,0.49061238243070865,1,interior
0.6581937267187249,0.27664807497335125,1,interior
0.6135934220064604,0.3990373155862838,1,interior
0.6189558331348192,0.40356818186275495,1,interior
0.731594254864954,0.07240882576956155,1,interior
0.7283453459791526,0.061046092085383113,1,interior
0.3362442157462822,0.730354414658254,1,interior
0.32698900322491925,0.743775761195284,1,interior
0.3370623018878396,0.7361203925310281,1,interior
0.33431639747250536,0.74207438798852,1,interior
0.64075665294747,0.3751420949874832,1,interior
0.6544271677443698,0.3788539699290719,1,interior
0.6543018473742479,0.3722395126721404,1,interior
0.6434770286525154,0.38218552419435103,1,interior
0.647471948499453,0.28747170240263115,1,interior
0.6247661640968349,0.40708323150294695,1,interior
0.3899980505410613,0.6159937301222367,1,interior
0.3966451363363534,0.607576961691028,1,interior
0.6441407252203553,0.31955722816235704,1,interior
0.6414072299532665,0.3135767379850267,1,interior
0.6469773706169147,0.31351474301466437,1,interior
0.35643167816769555,0.6846775661181923,1,interior
0.3501201326237688,0.6823165075359041,1,interior
0.3634103134699371,0.6829961467590756,1,interior
0.3484667575369425,0.6767229162207737,1,interior
0.586701910747365,0.47604321426118595,1,interior
0.6020406575940925,0.4254897405491063,1,interior
0.6037163878226716,0.4326636777812873,1,interior
0.6381389678191648,0.38584369921663036,1,interior
0.6079021405081462,0.4234615524238009,1,interior
0.6144375299363547,0.4306176909818197,1,interior
0.6123481302983175,0.44041484889857213,1,interior
0.46813851917151045,0.3552216296453745,1,interior
0.4155093635795521,0.6284684947177093,1,interior
0.42044806168368887,0.6334916876559069,1,interior
0.4103802864628144,0.6250420410036027,1,interior
0.6541343534696967,0.2840819632354427,1,interior
0.35931978767442724,0.6899209773326298,1,interior
0.3724063188759769,0.6902002516934039,1,interior
0.3659553049668885,0.6902786653580512,1,interior
0.6456033729744769,0.38862438697477103,1,interior
0.37676695388854536,0.6954012889617455,1,interior
0.3644978404062678,0.7026591591431995,1,interior
0.5828115164343854,0.4809722975869262,1,interior
0.728891112732045,0.04305997754637738,1,interior
0.7296311311151752,0.03786854248479149,1,interior
0.663795665355827,0.291139369910648,1,interior
0.5462300439726032,0.3796817741107823,1,interior
0.6207332366521948,0.3429553613627666,1,interior
0.6275983679980683,0.33704671154349736,1,interior
0.4050775733307815,0.6590724463951256,1,interior
0.4099709194040311,0.6528433431810567,1,interior
0.4310959904361143,0.6287766448937084,1,interior
0.42673449819325504,0.6154524902504397,1,interior
0.3842127658093302,0.6676355115006941,1,interior
0.3474605142302462,0.7281301448580664,1,interior
0.3477679061329803,0.7223469150466016,1,interior
0.3418617005140878,0.7262381023232404,1,interior
0.6514643889414949,0.3184256809955827,1,interior
0.5741555795863709,0.4963495210301531,1,interior
0.7287170638123932,0.13449005894583296,1,interior
0.7222926776698481,0.13323576542637383,1,interior
0.7272983241678604,0.1285650576763451,1,interior
0.6411864136779387,0.3976401465053612,1,interior
0.6527556806056867,0.3594287079279329,1,interior
0.658333367724882,0.36807803093937236,1,interior
0.6420097710170619,0.3585369479649675,1,interior
0.6578555096936453,0.3605258379607707,1,interior
0.644802464164419,0.34059645091904744,1,interior
0.658911481424943,0.2684237949315928,1,interior
0.6091887200899804,0.3742037682802495,1,interior
0.5900003147859071,0.48280729323330224,1,interior
0.5944274563918971,0.4777207495645976,1,interior
0.7279179594948445,0.05476632707787799,1,interior
0.7302307376538367,0.06721457259456926,1,interior
0.7349648015975556,0.06255837321096423,1,interior
0.7331321777065631,0.05717421779260952,1,interior
0.5897630786877387,0.41021326913028144,1,interior
0.547980703765748,0.5598641884921645,1,interior
0.37153656532278423,0.6496440387252111,1,interior
0.33953351217118527,0.747906176546434,1,interior
0.34137209992993145,0.740518252809629,1,interior
0.6328137840065303,0.4073774723320618,1,interior
0.6450371378690397,0.4014436257077156,1,interior
0.639392789024859,0.4116521802153308,1,interior
0.6467063473136477,0.4074178189608459,1,interior
0.6332978866763599,0.41318927744041895,1,interior
0.7073292854602184,0.2576014288777258,1,interior
0.3359402302558734,0.7242147115817102,1,interior
0.6557292028067134,0.4046618766809492,1,interior
0.6547030091618572,0.3974276094043406,1,interior
0.6504634989780007,0.4015815574864018,1,interior
0.6654953775549198,0.3596999900468722,1,interior
0.6528594982817661,0.3526257872651424,1,interior
0.660909690593542,0.35373038216887753,1,interior
0.6630854676089704,0.3650215423461481,1,interior
0.6472739701384451,0.33000387496095784,1,interior
0.41550957939311595,0.6466489784765181,1,interior
0.41790819948163654,0.6528297775187074,1,interior
0.41317972255149576,0.6588335983689735,1,interior
0.3516253823999426,0.7007723513044457,1,interior
0.34244605874795014,0.69575020676915,1,interior
0.34873952954437293,0.6955329564492421,1,interior
0.3513682806384584,0.732485438929909,1,interior
0.3434439612242122,0.7332504120109508,1,interior
0.34852570122538357,0.7387879225189541,1,interior
0.4615978921733443,0.6504476670156809,1,interior
0.4679369247320424,0.6490373781486884,1,interior
0.6131185843080921,0.4051403791187944,1,interior
0.6082186195375151,0.4083807860183863,1,interior
0.35376666033786647,0.7065749257362911,1,interior
0.343464328387829,0.71389492892268,1,interior
0.3543092428010521,0.7189479247965167,1,interior
0.34805705143877763,0.7053698185576205,1,interior
0.7393831565360799,0.057074021806565955,1,interior
0.7354393419862638,0.051376867103029245,1,interior
0.6739104136030963,0.29462343154442583,1,interior
0.5929922920227818,0.3663635655579586,1,interior
0.3647899149371951,0.719225696799638,1,interior
0.35924467834170937,0.7223655474935251,1,interior
0.3837898510923125,0.6930877686688989,1,interior
0.3749547460261279,0.7013477261730017,1,interior
0.38149960721935344,0.7013218090578943,1,interior
0.37853802950810217,0.6893106746710578,1,interior
0.3694955551168529,0.6972574215953671,1,interior
0.7250333321400183,0.14541904686533885,1,interior
0.6494056433465097,0.3083240778132653,1,interior
0.7194729155641202,0.14399011922943025,1,interior
0.36178734074631724,0.5556037699589095,1,interior
0.40261521195650674,0.6772680366330673,1,interior
0.3975491636154041,0.6871020531158065,1,interior
0.3869335501884428,0.6787395549082879,1,interior
0.3978991898827504,0.6746589704577058,1,interior
0.7214070962534324,0.04513577144979012,1,interior
0.34099802406629215,0.7541216840164285,1,interior
0.34557297721089675,0.7450743812166687,1,interior
0.3323166948068395,0.748584105333447,1,interior
0.34731835328881927,0.7517500869095723,1,interior
0.6293254656847187,0.35117155765198255,1,interior
0.578125805963487,0.5031175684820537,1,interior
0.5859103478553854,0.4935257200128529,1,interior
0.6801310297292319,0.29723378196317857,1,interior
0.6479302426541822,0.34710945846938907,1,interior
0.6529591917244012,0.3430639295726343,1,interior
0.6579380433837377,0.3475529618939145,1,interior
0.6438537812232061,0.35247149277588247,1,interior
0.6477638700723454,0.35850153658446476,1,interior
0.4418567624855341,0.6259392218038187,1,interior
0.44601996350416256,0.6307271719856835,1,interior
0.4765635892753611,0.6466710879529534,1,interior
0.4804167833426878,0.6420968931482842,1,interior
0.591283668071496,0.4175113790915798,1,interior
0.6826314392071147,0.215212446440388,1,interior
0.7106143475470469,0.26425322078498953,1,interior
0.7083243640864191,0.2691220011870031,1,interior
0.38374164240444214,0.6851180977810895,1,interior
0.650282214238056,0.3358582598303658,1,interior
0.6608688967672417,0.3412152623760811,1,interior
0.6572750203543625,0.3363915976502618,1,interior
0.7072733005513285,0.27837662446098893,1,interior
0.7050223923527996,0.2736198891760407,1,interior
0.7175235584865519,0.26568001941345293,1,interior
0.7125346587987345,0.27482535154187676,1,interior
0.7141618222831906,0.2694019073645308,1,interior
0.6863082467030323,0.08517852904712213,1,interior
0.6972862259498643,0.0872129265780764,1,interior
0.49463676388765776,0.612799541060721,1,interior
0.6080976942259947,0.4503289123413124,1,interior
0.6041058981047945,0.4540104609896579,1,interior
0.4249593577347975,0.6481988850223648,1,interior
0.4222418976860662,0.6412266399187315,1,interior
0.672523934594034,0.3173923193633505,1,interior
0.6704838771875163,0.3259336458726154,1,interior
0.6563689249475084,0.3230300241095951,1,interior
0.6628058075928579,0.3265461631877873,1,interior
0.6612432843707561,0.32115390821225365,1,interior
0.7342025548413265,0.08745751844936192,1,interior
0.7388336191240512,0.07524465070252945,1,interior
0.7375687668896918,0.08175409947887376,1,interior
0.6017411247446719,0.4052919634592475,1,interior
0.6073745151887945,0.40165310867051757,1,interior
0.6022067404787833,0.4125313427455666,1,interior
0.3851595409878627,0.6604649212845252,1,interior
0.39775780458372034,0.6597138953236522,1,interior
0.6598951373956978,0.37477716567421177,1,interior
0.6648001864680892,0.37098291792358246,1,interior
0.7396597772996136,0.09100549813604253,1,interior
0.7457714643923782,0.0793706398314105,1,interior
0.6521075781808624,0.2913758725463522,1,interior
0.7352195440788509,0.09357080052479819,1,interior
0.7434720099995312,0.08653118484353003,1,interior
0.7301553489148218,0.09282535875414458,1,interior
0.6848595500152186,0.2907100945811137,1,interior
0.6906075459873893,0.29155183176467675,1,interior
0.4483523317960268,0.6364961837753567,1,interior
0.4619890452238442,0.6313365906608391,1,interior
0.4529761301234034,0.6416148743092457,1,interior
0.45577495716693495,0.654163676961797,1,interior
0.46687316379314153,0.6555124905467391,1,interior
0.4603793304637727,0.6593728664054544,1,interior
0.45510360128248545,0.6479435769237663,1,interior
0.48488167273274313,0.6165085915840254,1,interior
0.4106979090697723,0.6193474281477853,1,interior
0.487434135255879,0.6219773408281423,1,interior
0.49114865912758204,0.6169740952332808,1,interior
0.38709967483201796,0.698649492618044,1,interior
0.390457015563107,0.68933894587034,1,interior
0.5754123881785188,0.5455683067203185,1,interior
0.5700398583824512,0.5558952466077988,1,interior
0.5750660056087947,0.5518555817897011,1,interior
0.571291425121816,0.540538715302752,1,interior
0.5946448219498421,0.40369570548500655,1,interior
0.6474537798567208,0.39538712485423366,1,interior
0.44083736622919234,0.6340301541198451,1,interior
0.5652205466837685,0.5198609956343736,1,interior
0.5574868280456599,0.527917100783304,1,interior
0.5633019560125344,0.525521304972137,1,interior
0.5973329869817326,0.48384342386090445,1,interior
0.5932811880350296,0.49043910505462146,1,interior
0.5851875169919097,0.48735758990689315,1,interior
0.39524751551945,0.6645743921812919,1,interior
0.40559861687216775,0.6666358300185289,1,interior
0.408614195374356,0.630677285744617,1,interior
0.6003516807682606,0.39819072908918074,1,interior
0.5967712357807885,0.4088726045426263,1,interior
0.40842245550250167,0.673168876214339,1,interior
0.40173729401747027,0.6828065262497371,1,interior
0.4088244670938402,0.6818731998985914,1,interior
0.6115065467984278,0.41837236532567723,1,interior
0.6047733483443675,0.41884632473770883,1,interior
0.5957806547981989,0.41384031528105003,1,interior
0.6087077560109713,0.4137746315595468,1,interior
0.41538503875556326,0.6705441587068491,1,interior
0.4178768485162248,0.6641803520629701,1,interior
0.606021823157122,0.37981192598758656,1,interior
0.643856672299902,0.32538386446130063,1,interior
0.4194915422178852,0.6748196231720722,1,interior
0.4144943312080553,0.6778772113098176,1,interior
0.7449370375371445,0.06605015293575645,1,interior
0.7466449708511185,0.05948101264681791,1,interior
0.6528206378096352,0.3908377007985815,1,interior
0.6642718642840922,0.4045447151060781,1,interior
0.6651324956933605,0.3945105653407753,1,interior
0.6592965513100343,0.39289439744789356,1,interior
0.661135193660313,0.3991875337111021,1,interior
0.6681270947468058,0.3986335370018747,1,interior
0.3443849897583198,0.6909367809782515,1,interior
0.35552116487802743,0.6954557956434161,1,interior
0.3961942130491522,0.6940752680340245,1,interior
0.40523017250867616,0.6884138549194105,1,interior
0.40207049814423296,0.6932196898110515,1,interior
0.6507535434512316,0.38442971830573097,1,interior
0.598422956261591,0.4191814179477389,1,interior
0.35417055894223065,0.7510197989091978,1,interior
0.3353694150281868,0.7534570651682614,1,interior
0.6606366167442957,0.28460531695005425,1,interior
0.30696999946236553,0.6975813410611558,1,interior
0.5633127346881394,0.5312903315258942,1,interior
0.5327180977100826,0.4266695036899197,1,interior
0.5305614144770773,0.42077135469262217,1,interior
0.716464416860896,0.26079682306517266,1,interior
0.6035742257821842,0.46049710640292835,1,interior
0.4493188123697635,0.6519516261398068,1,interior
0.4684282404384,0.6629744127874189,1,interior
0.4556675912449883,0.6654850623876759,1,interior
0.4627552192114906,0.6672856720707977,1,interior
0.4733741023420129,0.6514635783855588,1,interior
0.4724669601674073,0.6578101747271135,1,interior
0.35176234360712927,0.744926173979041,1,interior
0.6135301142147536,0.44636294219326916,1,interior
0.6192445695919157,0.4429425385387173,1,interior
0.585475020800537,0.5525333802364996,1,interior
0.5753893494028709,0.5575834541689437,1,interior
0.5809977277858875,0.5492706430872689,1,interior
0.5719524770157843,0.5621908576913462,1,interior
0.5804617157873029,0.5555892833546666,1,interior
0.6053012390566722,0.48616417008112606,1,interior
0.6024783584576893,0.47935847369706525,1,interior
0.5992489794799127,0.4882699896092274,1,interior
0.5988532784183592,0.47355256686353187,1,interior
0.3206605824695554,0.745484178080802,1,interior
0.4008498515748551,0.6642330434838055,1,interior
0.40078139630689735,0.670339428193502,1,interior
0.5440857495367863,0.5716580739890743,1,interior
0.5409551616281598,0.5778209710222594,1,interior
0.5646716310349201,0.5616228265213662,1,interior
0.3516320262352428,0.6893626517320174,1,interior
0.356483166245522,0.7379295632642705,1,interior
0.7435397913243051,0.05151925026478995,1,interior
0.4248681461107348,0.6760967352211582,1,interior
0.4212544470193118,0.6808564136092087,1,interior
0.4161322993997962,0.6851042743457062,1,interior
0.4114036565611995,0.6889755790370182,1,interior
0.36235685248740035,0.6962080196635373,1,interior
0.7399128282703687,0.09741645671599765,1,interior
0.7451769090055812,0.09383179573166557,1,interior
0.7256769660097593,0.0967037328972069,1,interior
0.3581401441493328,0.701592898746023,1,interior
0.3704173439888112,0.7052646788993743,1,interior
0.36550964637653305,0.709048125188825,1,interior
0.6647382816110909,0.3472573461931617,1,interior
0.6653312870319545,0.3340276506590705,1,interior
0.6027112587227953,0.37332538442489155,1,interior
0.7198842898487413,0.09491305211248806,1,interior
0.71305601911369,0.09412435101573326,1,interior
0.7155979067996786,0.09950146682507177,1,interior
0.38358044402100716,0.7093162808189682,1,interior
0.39024772106593286,0.6946962881004497,1,interior
0.3887155436782069,0.7044534716625156,1,interior
0.6689767467549802,0.36610444770157535,1,interior
0.6732156401301703,0.360750406560108,1,interior
0.4108849591639794,0.6653598218030913,1,interior
0.4229715797164326,0.6694912225455903,1,interior
0.7182929865805487,0.2781966461866743,1,interior
0.7200616794860322,0.27201896889799504,1,interior
0.33114455242775637,0.6966270031046914,1,interior
0.6787482293595755,0.31501998838987344,1,interior
0.6777191069152053,0.32142877433803324,1,interior
0.36125636687661095,0.7147430577554678,1,interior
0.35978864640199987,0.707911172449557,1,interior
0.6498446831785962,0.32429941367334153,1,interior
0.6609179813105828,0.3807687795796928,1,interior
0.6477202697444878,0.3786546417819135,1,interior
0.7328277211379021,0.0991395320064689,1,interior
0.7392433625058206,0.10380105839291902,1,interior
0.7464329935665492,0.10168139178115168,1,interior
0.7515928177343872,0.08451822781437175,1,interior
0.7508175774420659,0.09078126602228591,1,interior
0.6140942564605185,0.45213357677595745,1,interior
0.7273129301132709,0.10252828513935015,1,interior
0.43002079270125115,0.6735322250580781,1,interior
0.4291984038498402,0.6813767192103208,1,interior
0.7251366589441578,0.27853480667131814,1,interior
0.7200106729797509,0.28371747973951056,1,interior
0.7124856504547138,0.2820762288664067,1,interior
0.5805710326303991,0.5328618259866286,1,interior
0.574083844162473,0.5328018405521039,1,interior
0.5774440941936404,0.5390359789120285,1,interior
0.5614782622692597,0.5378733352562695,1,interior
0.6135286383184472,0.424641036009827,1,interior
0.6160156122786633,0.41135569715364506,1,interior
0.44924493928120246,0.6466071025340978,1,interior
0.7381713311314642,0.06856037495514172,1,interior
0.5762006720482196,0.48066423782410234,1,interior
0.7309271334338256,0.11835457472162818,1,interior
0.731546002476432,0.1243432954722065,1,interior
0.7135344031912076,0.2933124471852265,1,interior
0.7267605197919984,0.28578415290849496,1,interior
0.7211161243496221,0.2900559520073643,1,interior
0.7149597672721173,0.2875757497050403,1,interior
0.6736577137603722,0.3341032527473965,1,interior
0.6682757053775613,0.34064290660329877,1,interior
0.37730274473323444,0.651838505104183,1,interior
0.6395927592113501,0.4198935327736831,1,interior
0.6288997014771541,0.41844270749075213,1,interior
0.4860882701211076,0.6283303225776962,1,interior
0.685197346980859,0.31769102354719575,1,interior
0.6830088633125427,0.3097852850718871,1,interior
0.6830336848793546,0.3248263961333961,1,interior
0.6895014616814835,0.3122602321034126,1,interior
0.37021356299081765,0.7133465468861571,1,interior
0.3647669495852614,0.7268100967273696,1,interior
0.3740148340720158,0.7179898299989868,1,interior
0.4423049758192918,0.6471360381402227,1,interior
0.4426938353123823,0.6400120442622316,1,interior
0.7451083766465155,0.07192509907175725,1,interior
0.65032973138123,0.4185842407932803,1,interior
0.6452611788647721,0.4153522381660535,1,interior
0.6381007218715354,0.42708432325795115,1,interior
0.6448682319659002,0.4239392860180636,1,interior
0.7090642502645964,0.29965760561462856,1,interior
0.7081532704994492,0.28801697032949847,1,interior
0.7213278811645484,0.3019121903343887,1,interior
0.7158917273732354,0.299062601152731,1,interior
0.3580545238643971,0.7298778431817968,1,interior
0.7153625064085818,0.30556232411680995,1,interior
0.703901870820417,0.303480316485392,1,interior
0.704842988626917,0.292958304663241,1,interior
0.7364436935865387,0.2761327546768198,1,interior
0.730686481339191,0.27496240260560595,1,interior
0.6841794300355899,0.3029241324516748,1,interior
0.360183650330559,0.7505018411723553,1,interior
0.47863305645698245,0.65621489610845,1,interior
0.5639189951734955,0.5140911268239379,1,interior
0.5701483213779819,0.5138049152719344,1,interior
0.5702836197360505,0.5263988106821751,1,interior
0.570538671389963,0.5199276370541356,1,interior
0.5595496972466116,0.5168639680664351,1,interior
0.5857052606036907,0.5595399791486642,1,interior
0.5882927072933206,0.545818869222769,1,interior
0.5908272860297406,0.5529341405942755,1,interior
0.591476066777256,0.5593728494593831,1,interior
0.3787012486996594,0.7154822879705974,1,interior
0.37649008095875397,0.7237175632063769,1,interior
0.37670133859723687,0.7079031615642122,1,interior
0.3707462104670661,0.7272605986359009,1,interior
0.57114736850231,0.5067171879554998,1,interior
0.5597505758031875,0.43404410329410265,1,interior
0.6873929830731468,0.3288895724666713,1,interior
0.6938301537725381,0.317438961541513,1,interior
0.6896712886204547,0.3232086230151277,1,interior
0.4351592390094997,0.6685923086646818,1,interior
0.43722030143812,0.6767477590692222,1,interior
0.5130466211493863,0.6118184824197087,1,interior
0.6959488226049149,0.3108934423064616,1,interior
0.6901557309349694,0.30555355454513483,1,interior
0.6723661545591206,0.34735079477913,1,interior
0.6746841535414074,0.34085211261756476,1,interior
0.6807872026815049,0.3379286326021562,1,interior
0.6815654205492646,0.33175496322947,1,interior
0.6769967480253951,0.3278158892880061,1,interior
0.589617157084649,0.5663055510129009,1,interior
0.5789422935698942,0.5619579502149129,1,interior
0.596682162507708,0.555611005077889,1,interior
0.7341394147367071,0.04569073950446294,1,interior
0.7358038852995185,0.03988645699239366,1,interior
0.7513372864188383,0.0665618833807353,1,interior
0.7493233006458941,0.054547542634286995,1,interior
0.7551491048010686,0.05850514903551822,1,interior
0.5552972927398948,0.5402420391162731,1,interior
0.6092452684108507,0.46593255552397067,1,interior
0.6058445281237895,0.47317056555360715,1,interior
0.6175385736039151,0.4193527176924056,1,interior
0.6227543000084498,0.41443359232719307,1,interior
0.7565823109029512,0.08874446812251596,1,interior
0.7575814104539718,0.09577578810683939,1,interior
0.4684778354918032,0.669913904840681,1,interior
0.4760371453758845,0.6624409234320623,1,interior
0.6547653183473224,0.3295566206761015,1,interior
0.6971172661490036,0.29114061874928826,1,interior
0.6999677422330096,0.286128524945883,1,interior
0.3202956305974621,0.7500051335465754,1,boundary
0.6601788723555628,0.3316502188897378,1,interior
0.36279078881946225,0.7338116698478168,1,interior
0.3694212691451411,0.7342360291233115,1,interior
0.36968697792508154,0.7211624295105702,1,interior
0.583958034217181,0.5391907392186077,1,interior
0.5863129814208098,0.5340384198093295,1,interior
0.5791466308086007,0.5252340716131833,1,interior
0.42574120705764384,0.6289390767198967,1,interior
0.4015472293283993,0.7000621281553506,1,interior
0.39370941811421994,0.7000738246504525,1,interior
0.6689625502802242,0.4103051414691795,1,interior
0.6602090933984343,0.409765201642712,1,interior
0.6720344573335696,0.4037622469760072,1,interior
0.668435208394889,0.3537783455121514,1,interior
0.6753937952074525,0.3543845072621426,1,interior
0.6787116436039474,0.34997402122242194,1,interior
0.3457823751957407,0.685729571754597,1,interior
0.5407903220891227,0.5840765512374879,1,interior
0.6106857089151342,0.45756775224198354,1,interior
0.6074184402130873,0.4446045547241508,1,interior
0.6112064322105129,0.4799142320652109,1,interior
0.5708582678614814,0.5009703687447248,1,interior
0.4436591657640732,0.6609760013397593,1,interior
0.443904378258114,0.6547427212677336,1,interior
0.45109248191461765,0.6592928147165674,1,interior
0.6997692841247316,0.2423601470722482,1,interior
0.6583779892430061,0.38601590112156836,1,interior
0.5754986181918694,0.5677509224747227,1,interior
0.5603397827183921,0.5693710283254774,1,interior
0.556478444003997,0.5627766612714653,1,interior
0.5681186788855245,0.567704899633407,1,interior
0.7127789100836608,0.26082367528536576,1,interior
0.7283214203941294,0.29335149466109783,1,interior
0.7324818402529435,0.28841123008233877,1,interior
0.7355244243723318,0.13009094995896464,1,interior
0.732713582279627,0.1365197325378173,1,interior
0.6787447883075635,0.30438638096826115,1,interior
0.7623558305599287,0.054452088913606034,1,interior
0.7538357329863267,0.05188406683001786,1,interior
0.761609909382431,0.0603714307218625,1,interior
0.749618992382326,0.04901209186473561,1,interior
0.6877385083221395,0.2976268434777865,1,interior
0.4844015719402124,0.6348985164594255,1,interior
0.7455039885736985,0.12604507228151796,1,interior
0.7431742642330798,0.1318337661522323,1,boundary
0.7054225707859734,0.2830366100232426,1,interior
0.7505659085098426,0.07395892250757845,1,interior
0.7540207190119542,0.07872814966047746,1,interior
0.7603594064504248,0.0766238415467858,1,interior
0.758691523159686,0.0656506202405971,1,interior
0.6103486167401543,0.4351266277280961,1,interior
0.6713034500087384,0.3913349882966128,1,interior
0.6643254379270013,0.38950831915649536,1,interior
0.6741999101079597,0.3975009963039208,1,interior
0.7212007756568797,0.2955935132581145,1,interior
0.4864574518391289,0.6476618353878646,1,interior
0.6553600007011922,0.42104131303446996,1,interior
0.6569161910316944,0.41554860135719124,1,interior
0.6522053433047551,0.411444966345717,1,interior
0.6512551132011124,0.42555606483612735,1,interior
0.5862392932426873,0.5015491934308233,1,interior
0.36438031245743857,0.7401936639257339,1,interior
0.37651344960614713,0.7363582508492466,1,interior
0.37534338893526853,0.7304722694658958,1,interior
0.6478265082859235,0.43138768611032585,1,interior
0.6382244040184538,0.4334604337527569,1,interior
0.6132758123657474,0.36945395442924117,1,interior
0.693741155292307,0.3004810836443898,1,interior
0.4463485352794337,0.6753509472408405,1,interior
0.4421735417991656,0.6813860951481303,1,interior
0.4417873213554803,0.6714019192353059,1,interior
0.43589387894628895,0.6847893067262874,1,interior
0.43386805154231683,0.6352163542594207,1,interior
0.6250868554671355,0.4333150415825176,1,interior
0.6231307612570989,0.45166571979320247,1,interior
0.6267853031754074,0.4469210131787723,1,interior
0.6239590633169233,0.43988414778993723,1,interior
0.7597665682754566,0.08273796884573213,1,interior
0.5575349962945196,0.46234128988325507,1,interior
0.6284095867231186,0.41188656546475766,1,interior
0.34009597488661436,0.6867011797880519,1,interior
0.6336398426282794,0.44513445166884835,1,interior
0.6270796623700726,0.4544660315482061,1,interior
0.6298282187189329,0.43939920226666196,1,interior
0.4314066059796475,0.6533676568226353,1,interior
0.4337417145279507,0.6471030499919422,1,interior
0.42513653898654163,0.6554385624016638,1,interior
0.6427274839011695,0.4306621505074942,1,interior
0.6362950666072962,0.4389257670446631,1,interior
0.6321639040953119,0.43189193444191215,1,interior
0.6434656712944214,0.4376246017620963,1,interior
0.4478887490126996,0.6670125988267391,1,interior
0.6939334183963658,0.2956181616111325,1,interior
0.7003898700138781,0.2980800127439974,1,interior
0.6976480860383699,0.23058288546141995,1,interior
0.6927934993162349,0.22698622312560865,1,interior
0.6921607637124042,0.23188087453987066,1,interior
0.733461356143887,0.03443568924807007,1,interior
0.5839516845746332,0.5090416491244584,1,interior
0.6087084119876199,0.4932834830779033,1,interior
0.6134715530895384,0.4878901682101741,1,interior
0.5461051844392344,0.5804871931705274,1,interior
0.616466624941629,0.46194036798877675,1,interior
0.7436851286871856,0.038807870939322586,1,interior
0.731254575252775,0.11218826309065456,1,interior
0.7325521640996641,0.10605296911320927,1,interior
0.5950211918060383,0.5420642284367194,1,interior
0.5974208042310016,0.5480199502857106,1,interior
0.39041808353361596,0.7107998584401245,1,interior
0.3967462292377003,0.7069712012214303,1,interior
0.4524658982386406,0.6712658123568886,1,interior
0.5470034393859328,0.5666529329027206,1,interior
0.5975251299921427,0.49761869081955895,1,interior
0.40295719428522975,0.713293365627945,1,interior
0.39629677335616015,0.7147338994992215,1,interior
0.40379982459267066,0.7067448861683737,1,interior
0.5523161160652247,0.5698125453886023,1,interior
0.5516298974253405,0.5645983955277305,1,interior
0.6011634464061558,0.5599760455765026,1,interior
0.596184154744307,0.568157321272756,1,interior
0.7403674642164485,0.04527890204259199,1,interior
0.7381016332846512,0.0338633748087959,1,interior
0.7518843219100148,0.040041222677914094,1,interior
0.7482996331626552,0.03126310740667196,1,interior
0.40882216317253317,0.6954803367422329,1,interior
0.7521277210080451,0.10849819924631347,1,interior
0.7534036863075854,0.10165506107303872,1,interior
0.7447267341919893,0.10906818769140303,1,interior
0.654174247229514,0.4317044928024219,1,interior
0.660675653267531,0.4310190648139,1,interior
0.6827238804181425,0.3548273988971176,1,interior
0.6191639526772327,0.4559273996533439,1,interior
0.6315922658852113,0.4585719409046679,1,interior
0.7493288861435078,0.03491798054104903,1,interior
0.7357449604100847,0.2940879982733116,1,interior
0.7265601046112931,0.2991750255557541,1,interior
0.4925589426853514,0.624450236922959,1,interior
0.5755873184033039,0.518984020278403,1,interior
0.6664602032921714,0.3844912548728283,1,interior
0.5600610610421776,0.5779252733648824,1,interior
0.5654319376996328,0.5735317790442587,1,interior
0.4373706134704098,0.6627545431541277,1,interior
0.43744202131873694,0.6573702840496903,1,interior
0.6312813259606723,0.46473625259953955,1,interior
0.6245696823041335,0.46127771940467044,1,interior
0.381942354896342,0.7403883685247716,1,interior
0.37266561487346195,0.7425920719508174,1,interior
0.382003110984357,0.7308286334394127,1,interior
0.380029174459077,0.7461527074192222,1,interior
0.6121412308207328,0.33579186222501345,1,interior
0.594418855138095,0.5040355430818357,1,interior
0.5895474972886297,0.5080551182777983,1,interior
0.5806973301652855,0.4967732842230771,1,interior
0.6269590952644685,0.42616315981941405,1,interior
0.6332286929317555,0.42381403460756184,1,interior
0.6881284930669986,0.3351902558548629,1,interior
0.6865078792570518,0.34219293965707837,1,interior
0.6796092640951779,0.3444842141919933,1,interior
0.6059244878760965,0.5472772011867452,1,interior
0.6032524557558951,0.5537802681771351,1,interior
0.6020803442205935,0.5404590574442169,1,interior
0.5067869640482846,0.617183310563291,1,interior
0.5200305121690151,0.6092595942794123,1,interior
0.5070441948536427,0.6111543681058775,1,interior
0.5194454569150782,0.6145333256629909,1,interior
0.288132746300515,0.6310289007287868,1,interior
0.5677609135497125,0.5794990760924286,1,interior
0.5551796767424259,0.5744434911530668,1,interior
0.3871675174022965,0.7361241537037182,1,interior
0.3818279847886682,0.7224810038670505,1,interior
0.3897904366595097,0.7303813838847648,1,interior
0.38687892221848247,0.7247332924723513,1,interior
0.6230282001501777,0.42113109982335645,1,interior
0.6507421644752368,0.4379493810101372,1,interior
0.40914480089704025,0.7031154344777804,1,interior
0.38633024182549974,0.7171802818325567,1,interior
0.42446830794844903,0.6622920945803104,1,interior
0.7588331183802595,0.10464748089970898,1,interior
0.7646699642889128,0.09416396443173965,1,interior
0.7623526379108067,0.08920394097415874,1,interior
0.7507483084289047,0.09656120646299089,1,interior
0.43782528043486735,0.6517893288333403,1,interior
0.4312624340707658,0.660797065163086,1,interior
0.5719819064826709,0.5735671992492781,1,interior
0.5749008171437165,0.5797656163058792,1,interior
0.7553296515608016,0.04558479828749723,1,interior
0.7602038449980691,0.03925332641449084,1,interior
0.747354627895727,0.044629222988575856,1,interior
0.7549736861700562,0.035285156857371616,1,interior
0.35843260348618616,0.74499063249237,1,interior
0.3697422929015911,0.7495166800119246,1,interior
0.3650843659546044,0.7467439678578137,1,interior
0.4423514358883649,0.6886423256171658,1,interior
0.4484037565355256,0.6825696364965942,1,interior
0.6808420494037085,0.3651957562881697,1,interior
0.67474210579265,0.36722554213932174,1,interior
0.6798627734569733,0.3594510260204004,1,interior
0.5944443156270234,0.5104049310437675,1,interior
0.6008554967561013,0.5098133120976278,1,interior
0.6021450125403928,0.5032460668372243,1,interior
0.6077284297851737,0.5362521442098569,1,interior
0.603655756256711,0.5317521193073059,1,interior
0.5970963484237443,0.5358356425833471,1,interior
0.5484313128109201,0.5755477723089066,1,interior
0.7434647427895652,0.032729020322616834,1,interior
0.5508468831050013,0.5303578353623826,1,interior
0.7384213912511339,0.28771031514268025,1,interior
0.7429938895534152,0.2934671794276272,1,interior
0.7327416295150364,0.30093583292822623,1,interior
0.7400829427617194,0.29934181799905474,1,interior
0.7657524168752076,0.06492264138509479,1,interior
0.7671355784934889,0.058374868166418466,1,interior
0.7713803345394702,0.06269461775005135,1,interior
0.582297424792553,0.5168182392610302,1,interior
0.5772297817236239,0.5110748418259233,1,interior
0.6714292086881662,0.3730786476475853,1,interior
0.6706956326756651,0.3795674849940148,1,interior
0.7409018272233101,0.0626389688902639,1,interior
0.6765210652012303,0.37793225189787977,1,interior
0.6657700728491873,0.3773878361468175,1,interior
0.6785387335500185,0.3718915435283714,1,interior
0.6736391889637848,0.3842497655850861,1,interior
0.7369998227885657,0.12198385174723936,1,interior
0.7364356570781307,0.11583158701896326,1,interior
0.40978446204784974,0.7101871102547778,1,interior
0.6470354834252858,0.4438263901820383,1,interior
0.6401076562933393,0.44489598060419183,1,interior
0.45351123677685945,0.6772527857012718,1,interior
0.44993361866804604,0.689105822749748,1,interior
0.4553982926213676,0.6837945951237625,1,interior
0.6435398292475213,0.45012464428486415,1,interior
0.6353095032899527,0.4521946685318918,1,interior
0.6497350716815383,0.4490005663619704,1,interior
0.6422731391641439,0.4559805854243488,1,interior
0.3940685003145566,0.7370610893422047,1,interior
0.3891214655655304,0.7416821019026628,1,interior
0.42734414293704054,0.6352640997694253,1,interior
0.5010692327434935,0.6123984041918261,1,interior
0.654509764087965,0.44456596520214403,1,interior
0.4413552079744377,0.6662837047228806,1,interior
0.6436529951274851,0.3347367143396708,1,interior
0.47828762979901895,0.6725203929280024,1,interior
0.46489048288279494,0.6752614360025346,1,interior
0.46864494923719524,0.6804147406456045,1,interior
0.47404151616671514,0.6682404784547411,1,interior
0.5529109281246504,0.5796521382156034,1,interior
0.4229440286505337,0.6871055438696896,1,interior
0.4170981652520065,0.6929196738102937,1,interior
0.6615700171148775,0.42008282624120913,1,interior
0.6646467982979122,0.4247052511896107,1,interior
0.4370649219238691,0.6410218608166974,1,interior
0.3719224394941797,0.755759914621736,1,interior
0.375398653403549,0.749594420776888,1,interior
0.3768382260289764,0.7540186414071848,1,interior
0.3784014676795648,0.7586155898661636,1,interior
0.7538096330320864,0.11668713187971416,1,interior
0.7425399348726548,0.1169617646980687,1,interior
0.44702353370198794,0.6423486225492654,1,interior
0.4163175219120933,0.7069541333636291,1,interior
0.4146917943447492,0.6997316409928203,1,interior
0.7634804871083573,0.0710243071538736,1,interior
0.6848656659575075,0.3488011029561992,1,interior
0.40614823312760323,0.7195591776824628,1,interior
0.415357629087727,0.7149938542427797,1,interior
0.7482770030585213,0.12135145975648239,1,interior
0.6085501259898598,0.42900607659783924,1,interior
0.5929311094636681,0.5259212787722444,1,interior
0.5860233084297407,0.5282648693181528,1,interior
0.5917808004072118,0.5319666348109217,1,interior
0.5903661121035394,0.538341077589873,1,interior
0.579088612952268,0.5737707609521536,1,interior
0.5827674800824614,0.5672566787668955,1,interior
0.586235721123159,0.5743274762103694,1,interior
0.581201022744904,0.5808449360119277,1,interior
0.43962197258721714,0.6958575033720409,1,interior
0.4350904671314038,0.692381695350718,1,interior
0.44522412861328187,0.6953832512761693,1,interior
0.7628783158285557,0.10964707143598806,1,interior
0.7582853541843481,0.11197962691903673,1,interior
0.6937806834364737,0.3295565587249642,1,interior
0.6939818340405817,0.3405821498565879,1,interior
0.4367193677904179,0.6291871741912907,1,interior
0.4958280868993302,0.6089286701165836,1,interior
0.4984710184828964,0.6190545682345857,1,interior
0.6386614431966838,0.46090321099086307,1,interior
0.6247759725722096,0.4696038522727698,1,interior
0.6322313917084381,0.4718221581988617,1,interior
0.6375207681121611,0.46704135637563793,1,interior
0.5895718313679745,0.5149212243007952,1,interior
0.6025564264553233,0.5179780417377221,1,interior
0.7625646078660632,0.10023693491111109,1,interior
0.7689532750714897,0.0887179349925709,1,interior
0.6193584276151713,0.4488919561935414,1,interior
0.6911730849853056,0.3473599745321514,1,interior
0.5676921209736584,0.5350984032921748,1,interior
0.5569086957191154,0.533879945942999,1,interior
0.7633193124657673,0.04699236997964575,1,interior
0.768237556785267,0.05187292856006864,1,interior
0.7584676977116376,0.051499051089890134,1,interior
0.4981011005919851,0.6268641019429635,1,interior
0.6873185049556625,0.3608766666180207,1,interior
0.6894830907781033,0.3541298592219886,1,interior
0.727254799888552,0.3054739792853381,1,interior
0.7375684176640338,0.30528725863850015,1,interior
0.7324759584296693,0.31029129347650997,1,interior
0.6312765614763027,0.4830978482925599,1,interior
0.6267506051050552,0.47790704947913587,1,interior
0.6417042142478879,0.47821994228345127,1,interior
0.6396918476451064,0.47263212575795305,1,interior
0.6353648458895388,0.4784642332928704,1,interior
0.4518201717785149,0.6313295837945045,1,interior
0.6879321302954507,0.3669995853597927,1,interior
0.7453890882553414,0.28799500376045234,1,interior
0.7403338306112405,0.28167374540203743,1,interior
0.7329069848546463,0.2817751200038796,1,interior
0.6002060542262985,0.5247518300382338,1,interior
0.6072830579086064,0.5129790085541632,1,interior
0.6102655462903812,0.5185056710776694,1,interior
0.5948780636120294,0.5202035118005305,1,interior
0.6168966807415628,0.46869314119809125,1,interior
0.5617611062205361,0.368732585293613,1,interior
0.6198476836800594,0.42736896499449684,1,interior
0.618139029643558,0.43567218021045917,1,interior
0.7474032000805129,0.29890665985137366,1,interior
0.7437825836014985,0.30473334866777413,1,interior
0.754948139977539,0.12256316212453128,1,boundary
0.4809252273408244,0.6670210700479983,1,interior
0.4823538659474794,0.661074703405221,1,interior
0.6450258923573358,0.4674906768604421,1,interior
0.725662449150442,0.3127329026551193,1,interior
0.6775719436456137,0.38812891115503134,1,interior
0.6838104918667658,0.38737094428365615,1,interior
0.680689646518415,0.38239493496994076,1,interior
0.6518819111519588,0.47217288642898253,1,interior
0.6469102277226662,0.4610329206524486,1,interior
0.6526139088495783,0.46544491532266014,1,interior
0.5243888740248307,0.6176104986144453,1,interior
0.5199261220707092,0.6206319771354372,1,interior
0.5141051659915848,0.6186010143836536,1,interior
0.7722944401878403,0.05625816300744819,1,interior
0.5871869718747078,0.5218237942509505,1,interior
0.597551147303311,0.5299302380968687,1,interior
0.6013365705930263,0.4924877062592116,1,interior
0.6094825883836807,0.5006378117854297,1,interior
0.6083780958686026,0.5072788755539918,1,interior
0.3448926741361431,0.7559021929764929,1,interior
0.3874670477897572,0.7474636417295456,1,interior
0.3949122471058643,0.7445116501363138,1,interior
0.45741242639718654,0.6907267342539233,1,interior
0.4516954341508247,0.6952078842861728,1,interior
0.6154809339734696,0.5049687288613567,1,interior
0.6159692073485459,0.49642133107069025,1,interior
0.6040079457891563,0.4976426854127127,1,interior
0.5044446001185142,0.6243466098296533,1,interior
0.4102785182683772,0.5904605514711474,1,interior
0.42982970791060965,0.6416838764979612,1,interior
0.6189757072532602,0.3721253632543663,1,interior
0.3999300600037842,0.7539734602712123,1,interior
0.40668413561176414,0.743351465246755,1,interior
0.39468773842110155,0.7505430616434855,1,interior
0.7484665143250687,0.11446397268390399,1,interior
0.35858500012164257,0.7551034918610076,1,interior
0.40026550687734574,0.7203071861946945,1,interior
0.6104833656302906,0.5537367943043198,1,interior
0.6067836556001129,0.5607449173779274,1,interior
0.6797131680620996,0.3939270424307425,1,interior
0.4933112173917076,0.658859694271496,1,interior
0.48784019867982614,0.664384687556673,1,interior
0.7417371635739543,0.12531627909188864,1,interior
0.6209339140290756,0.465238801014216,1,interior
0.6188526691621168,0.47546556758855213,1,interior
0.6352522711205543,0.4175321201905132,1,interior
0.7061352445513419,0.33247953437842503,1,interior
0.694020117641482,0.33492979948126406,1,interior
0.699497338108492,0.3210465018002414,1,interior
0.7007191391061823,0.32761756836892264,1,interior
0.7188928000994154,0.10962278296934745,1,interior
0.6693915466644966,0.4183169308750679,1,interior
0.6754338763532923,0.41389457381118666,1,interior
0.66366457173425,0.41462194885616155,1,interior
0.3932035116269855,0.722659617159199,1,interior
0.7470419271997972,0.28339510653305533,1,interior
0.6841950793543106,0.4065355234285421,1,interior
0.6772630618504429,0.4083410692726914,1,interior
0.6792185602312224,0.40141417373124527,1,interior
0.5921121379550893,0.5795062141666748,1,interior
0.4288369202564728,0.6669351064254284,1,interior
0.6465511775354167,0.47506129994446616,1,interior
0.39971341333132177,0.7269976234536858,1,interior
0.4003365121469653,0.7340778724180272,1,interior
0.4059955302226743,0.725133748467521,1,interior
0.3951496533224267,0.7301978108788638,1,interior
0.40509299243192853,0.7308332213372963,1,interior
0.7669240272931876,0.041806574432220446,1,interior
0.491688634883,0.6703717718624903,1,interior
0.484780872967987,0.6726812020645248,1,interior
0.49458172524730226,0.6647453864987014,1,interior
0.6123393817160673,0.4728153497538579,1,interior
0.41292109366117485,0.7224951141747663,1,interior
0.4118051371295381,0.7302911870905595,1,interior
0.4198234762630832,0.7279803331626206,1,interior
0.4204808604915862,0.7202294204582164,1,interior
0.6409313232849385,0.4838230825543451,1,interior
0.591361423120809,0.49738322867761564,1,interior
0.7756847667804819,0.06575727936570838,1,interior
0.7707855328014338,0.06998727797400664,1,interior
0.7256545537055203,0.27207097526795854,1,interior
0.38929512314695036,0.7547899860568571,1,interior
0.39531249255018774,0.756333077123976,1,interior
0.7240437712215481,0.06510449933690954,1,interior
0.42286392754042146,0.7066877798401185,1,interior
0.6836334487831331,0.37645933470368664,1,interior
0.534157753284241,0.61704993294766,1,interior
0.5308554570330455,0.619990258037683,1,interior
0.6944764166072045,0.3591160750997093,1,interior
0.7001040855051188,0.3563489313483799,1,interior
0.6971963128443835,0.3464727142772942,1,interior
0.7031905345156444,0.3501871553921605,1,interior
0.7015819899140606,0.34252492065391377,1,interior
0.5813073766926315,0.5439763880316747,1,interior
0.6887934859834414,0.381113854896839,1,interior
0.686017343987787,0.39253604024716016,1,interior
0.40078372932107836,0.7407140692620171,1,interior
0.40716518607998464,0.7368911530665352,1,interior
0.6173106771506846,0.5516097616081126,1,interior
0.6158804916792237,0.5571745769226698,1,interior
0.6123499285497342,0.5618517404527076,1,interior
0.6139489152424523,0.5457693896671544,1,interior
0.4409160150530959,0.7028645844972851,1,interior
0.43441326102657446,0.6999536703908618,1,interior
0.4481002032380706,0.7010664403235053,1,interior
0.6150430997316937,0.5123401107053714,1,interior
0.6070970706072235,0.5247569212812583,1,interior
0.41736619010150466,0.7353454834921082,1,interior
0.42759401254140994,0.7296701126915949,1,interior
0.423535676959457,0.7353351707275627,1,interior
0.7360130266665018,0.3160815693427111,1,interior
0.7293713149658031,0.3199732526007305,1,interior
0.7401918657368398,0.3110126266895322,1,interior
0.707029811897678,0.3125138970224692,1,interior
0.7024622428123037,0.3092587542415533,1,interior
0.71274842571222,0.3121311530694228,1,interior
0.42830917252713835,0.703448586131216,1,interior
0.4216119735097894,0.713004560156877,1,interior
0.42154641878848337,0.6999806755556767,1,interior
0.42817893656775624,0.7105181651520315,1,interior
0.42882081277097805,0.6965567687617152,1,interior
0.619284390381659,0.5348843345883711,1,interior
0.6219363635839423,0.5460990501965772,1,interior
0.6087375744409108,0.5417731242497326,1,interior
0.6137117550803067,0.5382116092057823,1,interior
0.7500020530293476,0.3044560135682089,1,interior
0.7545195508741562,0.3089657345473732,1,interior
0.4326719332611659,0.7409366870896075,1,interior
0.4341863067272052,0.7313712102769331,1,interior
0.4198272156996734,0.7417981346297363,1,interior
0.42661890220611154,0.7426565904328332,1,interior
0.6545917796425287,0.45215543940357966,1,interior
0.4269624678584436,0.7508157474636264,1,interior
0.4160756328381132,0.7486139329211797,1,interior
0.41314856243900516,0.7419207352982041,1,interior
0.4125972317044853,0.7362009594134211,1,interior
0.4055694972181973,0.7549091859483497,1,interior
0.39998735417311576,0.7604220877608315,1,interior
0.40691437135179614,0.7618855054483357,1,interior
0.4018379576152483,0.7480588466537367,1,interior
0.48992655093489124,0.6762450446790131,1,interior
0.47944905872150273,0.6784401197205708,1,interior
0.4856151149186896,0.6800956196880875,1,interior
0.5926890067430804,0.5726252001866045,1,interior
0.40205054347923336,0.7666588495625138,1,interior
0.40738203607063295,0.7696739064939054,1,interior
0.3927241520660088,0.7608142346013474,1,interior
0.4295265319171932,0.6891247742702052,1,interior
0.4238992657119941,0.6933093622786977,1,interior
0.5037778222448877,0.6318455768226611,1,interior
0.5104052373268498,0.6290302600535235,1,interior
0.7382414820321054,0.11042163710971435,1,interior
0.6466910626164448,0.4821400361872712,1,interior
0.6529162403257371,0.4797367250801883,1,interior
0.4130363092515953,0.7563603771876538,1,interior
0.4561303415754177,0.7001524446461188,1,interior
0.4510698559582135,0.7055993551733348,1,interior
0.5967079738797446,0.5149904581523836,1,interior
0.7017410535451941,0.3158177022800039,1,interior
0.6976608091559084,0.30475230156028377,1,interior
0.6845576852673115,0.37086732346169443,1,interior
0.6940299436383138,0.3658375890253729,1,interior
0.6027269604177744,0.566809246028448,1,interior
0.6100133229283493,0.5679955142774105,1,interior
0.7508030281704118,0.2936028870259668,1,interior
0.7530175168712386,0.287677308780932,1,interior
0.6118594535419379,0.5311753849304376,1,interior
0.6486486256959544,0.454809028068591,1,interior
0.6912501518480604,0.37311154833600846,1,interior
0.7088648182841967,0.31749130901497624,1,interior
0.7119665274838992,0.32921705544768615,1,interior
0.7048460536465134,0.32196455260288037,1,interior
0.7067259830631835,0.33860491062986436,1,interior
0.6997697655036763,0.3351508946951281,1,interior
0.5437760523115641,0.6240388871949486,1,boundary
0.5257457148139607,0.6248310835072558,1,interior
0.5346100855063483,0.6263100201808037,1,interior
0.49211346156188107,0.6327888236153737,1,interior
0.6576557990498532,0.43758250368289214,1,interior
0.6578515623509854,0.4258572637646156,1,interior
0.6195404072975962,0.48262565060431645,1,interior
0.62021372606534,0.4900675720601367,1,interior
0.482037445553706,0.6233836630622062,1,interior
0.6602139312935529,0.46336781010651745,1,interior
0.6639181897118618,0.47017345933806826,1,interior
0.6539873533380027,0.4590655294470463,1,interior
0.6575076736252043,0.4692519367530725,1,interior
0.6665471632442836,0.4295937666967708,1,interior
0.4343450401852076,0.7072254191338039,1,interior
0.4455963178529454,0.7078732792304686,1,interior
0.6206764651519966,0.5022639790182504,1,interior
0.6232101146528732,0.5093410377661677,1,interior
0.4095129414087531,0.7490173182255497,1,interior
0.35458687301214514,0.7126706779969488,1,interior
0.7151594359324073,0.3182000609764171,1,interior
0.4378743333762774,0.7437112214182734,1,interior
0.432232099550756,0.7474206764319021,1,interior
0.6453342164161601,0.489240949540562,1,interior
0.42050155611806367,0.7541779268977088,1,interior
0.4220544555843154,0.747643356688327,1,interior
0.6957277606834165,0.3844647985377287,1,interior
0.6965316145009336,0.3774357437265472,1,interior
0.716871079661625,0.32458493769957264,1,interior
0.7216896993276437,0.31906423612885604,1,interior
0.7109360111949106,0.32316821473394036,1,interior
0.43986046944491486,0.7109950895304582,1,interior
0.6704032324043967,0.4683709486676898,1,interior
0.6655884241018385,0.4587178790703719,1,interior
0.6582583115321485,0.47496849568179317,1,interior
0.6643670743093352,0.4772475994619972,1,interior
0.6676848622446561,0.46414102800570056,1,interior
0.7658155090240563,0.08377480866122382,1,interior
0.6754599045344652,0.46385735014824225,1,interior
0.6716877117926817,0.4595869609099756,1,interior
0.6759100069337581,0.47065551431997726,1,interior
0.6263334809387124,0.5033402835472714,1,interior
0.6314297523482879,0.507414087108802,1,interior
0.6227814404612492,0.5161777006458784,1,interior
0.6310885792125874,0.5148823041579053,1,interior
0.6281401740871753,0.5203632600454688,1,interior
0.6168797078045953,0.5189594288356734,1,interior
0.7002253817666289,0.3700156333295248,1,interior
0.707078287507383,0.3644294658986876,1,interior
0.70058523431421,0.3626660232471299,1,interior
0.4274480413229202,0.7172720194089114,1,interior
0.7739275644476152,0.08593687245597677,1,interior
0.7712929155522416,0.0819310163999706,1,interior
0.6597004961291059,0.45620161318502767,1,interior
0.39009981211710965,0.765534632495258,1,interior
0.3812666197584022,0.7622002793299514,1,interior
0.7232039806336061,0.326114212713496,1,interior
0.6720457236686801,0.42480758189600826,1,interior
0.7093667717817597,0.1318820283482006,1,interior
0.670512020314355,0.45428417167018825,1,interior
0.6823897441354879,0.46123086627519944,1,interior
0.6776638484286535,0.45642071121399713,1,interior
0.7776943999459452,0.08116764572349346,1,interior
0.4692724400270763,0.6863787341207127,1,interior
0.46266357557079474,0.683431259307153,1,interior
0.6331907269267889,0.48923145703591975,1,interior
0.6761213626084493,0.4345940672541181,1,interior
0.678924940979798,0.4240852043473377,1,interior
0.6771130751760571,0.4291855610256745,1,interior
0.671080611869253,0.4318820487643476,1,interior
0.7564745607135531,0.07203205497540327,1,interior
0.3532461147964556,0.7256592259342306,1,interior
0.6000373050408262,0.5733613609742222,1,interior
0.6834955115897742,0.4275865110208202,1,interior
0.6819042714984285,0.4336316815819237,1,interior
0.6042622917809698,0.5790406584567519,1,interior
0.5957342619303456,0.5760847375831859,1,interior
0.6142064276654052,0.5244329043189109,1,interior
0.6218752816029506,0.5237096722264991,1,interior
0.6759494551444639,0.47720480971646345,1,interior
0.5870065653674319,0.5811910165409879,1,interior
0.7608420323949359,0.3055386774734961,1,interior
0.7558308070825791,0.3168586089044728,1,interior
0.7617503022422766,0.31189428054148316,1,interior
0.7555570245409516,0.30039687140178317,1,interior
0.7499044051738156,0.314437708522029,1,interior
0.74682307371202,0.3103671419597472,1,interior
0.4596291147681468,0.7068977530188787,1,interior
0.46329139640886435,0.7020427099415382,1,interior
0.5984617277452763,0.579923395853331,1,interior
0.4861825839495201,0.6557522551802845,1,interior
0.4989677402535418,0.6550780857091439,1,interior
0.4922717665013662,0.6521363955448491,1,interior
0.5007235627856572,0.6619868510246226,1,interior
0.6183788999637796,0.5290685800003987,1,interior
0.7845738945266927,0.06996830452747924,1,interior
0.7810810666820791,0.06455591087252735,1,interior
0.7780371602675125,0.0704232203390049,1,interior
0.6851065885186675,0.455029156059072,1,interior
0.6790823063426422,0.44578885626151055,1,interior
0.6251725263741872,0.49138071669360694,1,interior
0.6240187416803815,0.4967617691371315,1,interior
0.6349797103097033,0.5237146568928188,1,interior
0.6381790225757568,0.5174421294325644,1,interior
0.6386771752590584,0.5104748597560846,1,interior
0.6281262196392999,0.5255170820566748,1,interior
0.47935213340346733,0.6360421263904209,1,interior
0.4879982183219156,0.6403536909911973,1,interior
0.48063485245492177,0.650116351354039,1,interior
0.41289734600477307,0.7644835610596968,1,interior
0.6954108546982638,0.3237199536693699,1,interior
0.44062474815566416,0.7179784375245424,1,interior
0.434032771880237,0.7208054616410862,1,interior
0.4452377393975223,0.714233413804477,1,interior
0.4585796742574977,0.672226172222957,1,interior
0.4265704531790438,0.7579122711181702,1,interior
0.43805192481265887,0.7504550966229835,1,interior
0.4329546454804545,0.7552690040093317,1,interior
0.3822308313034603,0.7529493143665048,1,interior
0.6897461193071469,0.42531130958369556,1,interior
0.6870634867161853,0.43801216231047496,1,interior
0.6792412662212793,0.4398636079868497,1,interior
0.6881034582971551,0.4316801148108706,1,interior
0.6673427153900254,0.44807195284163737,1,interior
0.76248850401326,0.2861318732153971,1,interior
0.7283329110389548,0.048768212896826445,1,interior
0.49978234787441417,0.6437875362645683,1,interior
0.4725622565216816,0.6754116454530685,1,interior
0.6360755542812322,0.4956384313099394,1,interior
0.6310571372550243,0.4999440130832677,1,interior
0.6363211069785579,0.48489596643268157,1,interior
0.3988654123496078,0.7696026523600564,1,interior
0.6264885801256757,0.4862719151370109,1,interior
0.673595953215988,0.16464719079898768,1,interior
0.6154751447766605,0.5741682287179455,1,interior
0.6167459102074483,0.5679159038542291,1,interior
0.5652769383971348,0.2226113919868394,1,interior
0.7238399874385851,0.33369093713999964,1,interior
0.717953811739918,0.33116630162585325,1,interior
0.7288828625006736,0.32909395792125756,1,interior
0.45943750885746304,0.6784318922465917,1,interior
0.695886745723188,0.3523496639951396,1,interior
0.7057614892701088,0.3572694407546062,1,interior
0.7087596258992394,0.3453213085123002,1,interior
0.7115174622802927,0.35216653152319977,1,interior
0.7128797521022633,0.3407041306738838,1,interior
0.6107680025877722,0.5791800692012257,1,interior
0.607394440915705,0.5734301570476333,1,interior
0.6234108660015948,0.5715515140700909,1,interior
0.6221213828702054,0.5779381533110488,1,interior
0.6911265609607524,0.3942302128791112,1,interior
0.6968937551240233,0.39212472956336847,1,interior
0.6941327439755628,0.3993548500727213,1,interior
0.6303412536271624,0.5661058089017491,1,interior
0.6228871076570269,0.5650654468125759,1,interior
0.6832100924545326,0.4141154814803791,1,interior
0.4197548775411645,0.7616016520015165,1,interior
0.4260415566918129,0.7635720854755019,1,interior
0.4373970826833363,0.7608975396124561,1,interior
0.43254420959469764,0.7632949714488426,1,interior
0.46936881102891664,0.6928090563727896,1,interior
0.46958937045780297,0.7037804130428613,1,interior
0.47142481513084783,0.7103599737852139,1,interior
0.4751339175730964,0.6981293196144732,1,interior
0.4289112361861764,0.7682007474132159,1,interior
0.4402321449765697,0.767118216089892,1,interior
0.4391980964377022,0.7561412113382114,1,interior
0.6616004960064382,0.44300162040546925,1,interior
0.6649439725011967,0.43618203441663367,1,interior
0.5361346804825574,0.6333687053819878,1,interior
0.5309907089754063,0.6369539925011367,1,interior
0.5290481823975213,0.6315849875229952,1,interior
0.6298030313267946,0.4932710922690218,1,interior
0.6774283774160681,0.4191589261397928,1,interior
0.6429893997222784,0.4968754952333194,1,interior
0.6372417228118682,0.5026263209896128,1,interior
0.642636920823078,0.5041166034202875,1,interior
0.39155351040599473,0.7164353842059512,1,interior
0.626683382840098,0.5393914970077239,1,interior
0.6219580646156295,0.5516612499161606,1,interior
0.631711349783696,0.5502640389032925,1,interior
0.6691959417321891,0.1677308990561682,1,interior
0.4269493222967092,0.7236951118396373,1,interior
0.48145033278841337,0.6859525975813835,1,interior
0.4625191936443022,0.695353591145702,1,interior
0.6718060344126778,0.438140997609771,1,interior
0.7667096849187767,0.07728137033792508,1,interior
0.6248386516853398,0.5311179521385698,1,interior
0.6395177100388622,0.4902793014638777,1,interior
0.6731387380907868,0.444151598150986,1,interior
0.6673763640068601,0.441982078698572,1,interior
0.5363736559375375,0.6401562569698324,1,interior
0.5225253166446217,0.6308760164614151,1,interior
0.5301664533427684,0.6420927769056688,1,interior
0.5346005215072926,0.6465807061272476,1,interior
0.5137252251354375,0.402541722059876,1,interior
0.3855813912559991,0.7608620441321844,1,interior
0.44593130833478,0.7725679182103035,1,interior
0.44349154125216567,0.7606121569148954,1,interior
0.43402861474505067,0.7707120783236027,1,interior
0.4394797545214009,0.7745181124099135,1,interior
0.6458209924459629,0.5089589083994289,1,interior
0.44930226224494646,0.7576739419451748,1,interior
0.45384646027280373,0.7606457354622133,1,interior
0.44853700692834575,0.7654870741746033,1,interior
0.44939764267365606,0.7508591259309694,1,interior
0.4433620512883309,0.7474116826763826,1,interior
0.44369628073949197,0.7408377225727433,1,interior
0.5034798561988034,0.6503316336212875,1,interior
0.5068133377292049,0.6456204394367524,1,interior
0.49407918479043567,0.6397306123624968,1,interior
0.4987150570613768,0.6368589420783256,1,interior
0.5046051375334591,0.6391359150991248,1,interior
0.43336289986398063,0.7774416017484019,1,interior
0.4278508588929837,0.773784719484723,1,interior
0.43872181180824493,0.7808924505261103,1,interior
0.7539016177721961,0.32522433496217173,1,interior
0.7432450532992212,0.31828240223471554,1,interior
0.5596275347827648,0.6472255552543611,1,interior
0.3956962847763282,0.7663459281278151,1,interior
0.5751473112404814,0.644469665579453,1,interior
0.5101403666362989,0.6354682049731629,1,interior
0.6486387134809728,0.5017588884476146,1,interior
0.6453806335780623,0.5161951673724823,1,interior
0.6501248605962504,0.5069551491213669,1,interior
0.6522048680954117,0.511932970498115,1,interior
0.6499107772747227,0.4943216471152429,1,interior
0.688492445137861,0.46483702449771513,1,interior
0.6881210702596152,0.45970402197666094,1,interior
0.688580930176323,0.47056145836963714,1,interior
0.6819636574419098,0.47404941445672183,1,interior
0.6362840758881904,0.5316664937104617,1,interior
0.6421174404689148,0.5224217172781781,1,interior
0.4197096859791589,0.6583731431418903,1,interior
0.4639835633869958,0.6894289115155758,1,interior
0.4753756507843789,0.6899775249170794,1,interior
0.547996818224649,0.6272189278552871,1,interior
0.5456851842830003,0.6309829903112109,1,interior
0.4543739585419366,0.7218935075996185,1,interior
0.4485279895748655,0.7260461261866958,1,interior
0.4509260543709843,0.7122206877603868,1,interior
0.4577960948004096,0.714810191081344,1,interior
0.42327893594647464,0.7685829488437922,1,interior
0.42126379055216556,0.7749201025746372,1,interior
0.7183664814540582,0.3518931404649833,1,interior
0.7115377490861995,0.35934832241848236,1,interior
0.7168622604531959,0.34542912742533755,1,interior
0.3652674783663086,0.7540605603874594,1,interior
0.5136199381991128,0.6462621160588325,1,interior
0.5102773805035686,0.6517726985217549,1,interior
0.5160050014288499,0.6397205988674062,1,interior
0.548870161894478,0.6359946150900965,1,interior
0.41645775893542597,0.7782987980119547,1,interior
0.4219720428586336,0.7819360387830402,1,interior
0.41808115395665013,0.7682485747376662,1,interior
0.414240724981987,0.7716576735589401,1,interior
0.41020779743714164,0.7755069604189381,1,interior
0.6180395903488463,0.5622105661447787,1,interior
0.5167181906077069,0.6332572846139336,1,interior
0.44399343405097064,0.7538365846344818,1,interior
0.4559962588953702,0.7539713954773802,1,interior
0.4599420547629105,0.7602182444279211,1,interior
0.6368588824378648,0.5517925988022193,1,interior
0.6312360234404493,0.5572291753627232,1,interior
0.626504129905343,0.5516194096917969,1,interior
0.6344024607136831,0.5445720269496099,1,interior
0.6408506545885215,0.547659202896654,1,interior
0.7809307259728339,0.07546756450719437,1,interior
0.6940301737433199,0.4419757458531585,1,interior
0.6856973667081174,0.4441154636496006,1,interior
0.6935718722745591,0.43512318810296374,1,interior
0.7593235920328867,0.2885746675828411,1,interior
0.7591853572995656,0.29386913223172184,1,interior
0.684414732644278,0.42113105963653474,1,interior
0.7029539920079362,0.4413367052856258,1,interior
0.6994677770830992,0.436864057619531,1,interior
0.6984393420963593,0.4478581479247375,1,interior
0.6905574568982884,0.4493763695805691,1,interior
0.4735942631877415,0.7154909100116192,1,interior
0.4646822971508729,0.7093028634000252,1,interior
0.4663778843010965,0.7168696295151172,1,interior
0.48016046704296966,0.7109268848627842,1,interior
0.4751434812034373,0.7055510016759217,1,interior
0.517145629442663,0.6258352104183765,1,interior
0.5961996235019098,0.5626630885631593,1,interior
0.6544897309836165,0.5052197427313282,1,interior
0.6551786633014082,0.4987979073461823,1,interior
0.5814562927120656,0.6433737101798366,1,interior
0.5199353502886221,0.6452707517282147,1,interior
0.5237986891165716,0.6384090759584227,1,interior
0.7239510957135029,0.3412534223997505,1,interior
0.7184595762172838,0.3379894276693638,1,interior
0.7235735614855927,0.3482758429000478,1,interior
0.7764652710606774,0.06020763405400781,1,interior
0.6423049393839898,0.528700620845091,1,interior
0.6487312979382257,0.5243731297145645,1,interior
0.6304698966159004,0.5344924020483968,1,interior
0.7088095213508261,0.37019900088084823,1,interior
0.7155324554390191,0.3653603533783774,1,interior
0.7367619056638433,0.32167525923314033,1,interior
0.45441674204206256,0.7463934837385368,1,interior
0.4484241435811424,0.7447410048139862,1,interior
0.5852818156655404,0.6345503928319552,1,interior
0.5222944216024482,0.6501171619699638,1,interior
0.5269369559056525,0.6470226501437687,1,interior
0.5174717765838841,0.6527253011509334,1,interior
0.510195888634237,0.6412394434436737,1,interior
0.7302765487759476,0.3448056891676844,1,interior
0.7285128233239943,0.35157441643795045,1,interior
0.6349992333889297,0.5384542734585909,1,interior
0.6418180780053847,0.5355704451476223,1,interior
0.6959835194100626,0.46699106689982395,1,interior
0.694923697869669,0.47450893033561653,1,interior
0.6940926414975102,0.46079184819560665,1,interior
0.6910607725134621,0.45548181709974467,1,interior
0.4927836685456328,0.645471985674379,1,interior
0.5128736965589479,0.6584864422575568,1,interior
0.5196192046189633,0.6604924502377564,1,interior
0.6965501672866315,0.45458077146387493,1,interior
0.70227351054927,0.4539204584264997,1,interior
0.6900234574631341,0.4110750714386539,1,interior
0.6954503995259163,0.4137261073567056,1,interior
0.6904262780311414,0.4046379616174196,1,interior
0.433287313008929,0.7839507919001202,1,interior
0.4377086685807698,0.7365499095114869,1,interior
0.45126229905312615,0.7392383954419947,1,interior
0.4447817862399578,0.7354232485751812,1,interior
0.4415553051855699,0.7299321004968473,1,interior
0.7647462949178137,0.30017040878369344,1,interior
0.4274334585474337,0.779838686376834,1,interior
0.5424584181565325,0.636734816066735,1,interior
0.6601465573362063,0.44930207992032867,1,interior
0.6748887468621435,0.45023973944392526,1,interior
0.70223298364055,0.4754908499833008,1,interior
0.7015614057690505,0.46104202124111854,1,interior
0.7045433192620943,0.46867443227030087,1,interior
0.6552514352684451,0.5220562106906345,1,interior
0.6492673604655479,0.5329182676265647,1,interior
0.6518825352210087,0.5179628057354738,1,interior
0.6553300272074902,0.5282478054849017,1,interior
0.5840534385647316,0.6312953700105511,1,interior
0.701961057951126,0.3817976902281517,1,interior
0.7036787370870193,0.3754649067410852,1,interior
0.7100093094645135,0.3756628280717941,1,interior
0.7590508321767795,0.3221759126251902,1,interior
0.7559298045043025,0.33265893893137083,1,interior
0.749672147154735,0.3315831231212465,1,interior
0.7468225410203031,0.32512665457746454,1,interior
0.7688606899186489,0.31609010962573875,1,interior
0.7682647659992051,0.3079664754482656,1,interior
0.4636673955662436,0.7550220605777667,1,interior
0.4611952318116043,0.7485823786783828,1,interior
0.6357707786424046,0.5621124847717562,1,interior
0.6436362845742575,0.5532326483667233,1,interior
0.4975336198832476,0.6492526895226115,1,interior
0.5413018149860113,0.6442375011411596,1,interior
0.5249883337398672,0.654898628771167,1,interior
0.7216730723180326,0.3075389279591373,1,interior
0.7187651639221553,0.3125043016002259,1,interior
0.6411777404401083,0.5421999153209286,1,interior
0.7239899385949106,0.35567745574772675,1,interior
0.7017365105891044,0.38749300478232224,1,interior
0.532259025045776,0.6523141083770551,1,interior
0.7661375204269688,0.2897130043522452,1,interior
0.7730971514897589,0.2911927888456873,1,interior
0.69743774879549,0.4067355646430253,1,interior
0.6862630323559928,0.3990300808939303,1,interior
0.6465950851092241,0.5396942844738456,1,interior
0.4527328253184499,0.7719264961430583,1,interior
0.6971233374754745,0.4244017816861883,1,interior
0.7515083467057072,0.33822815811146967,1,interior
0.7436656303414567,0.33672262511338336,1,interior
0.7402480203841794,0.3265675589410804,1,interior
0.6172101764613656,0.580330464387923,1,interior
0.6261989227896605,0.5765912192471652,1,interior
0.7361416423397003,0.33271069725296604,1,interior
0.7298084466174882,0.336931681928377,1,interior
0.4926694341186377,0.6817774377642873,1,interior
0.5713002768651264,0.6491085630313247,1,interior
0.56432967243772,0.6497661277662335,1,interior
0.7622525165931884,0.317548298047054,1,interior
0.4873785755653834,0.6910158242171797,1,interior
0.6593938010579677,0.48051760035362784,1,interior
0.6642916620705094,0.4839893041323715,1,interior
0.6699231478197151,0.4806333390093776,1,interior
0.7085252779593296,0.4637566738055379,1,interior
0.7089602919290964,0.47535832428913216,1,interior
0.6589230935270465,0.5160684223592187,1,interior
0.6607642541067773,0.5232934545206313,1,interior
0.6661167585933991,0.5182825601127854,1,interior
0.716160073051354,0.3737305165864691,1,interior
0.4499040658833235,0.7321432992887084,1,interior
0.5671537168277639,0.6545833805553984,1,interior
0.5745052927249957,0.6539529011536053,1,interior
0.5594643775170229,0.6559818004243582,1,interior
0.7067579709479769,0.3271069879151482,1,interior
0.682348176415125,0.4503946411793769,1,interior
0.43876447075802416,0.786008335997778,1,interior
0.4437256413170095,0.7854155384111375,1,interior
0.4940916778157387,0.6939596248131943,1,interior
0.48753175228049156,0.6973370068532546,1,interior
0.48138106271660636,0.6934054143659356,1,interior
0.48780106905498516,0.6853937396564784,1,interior
0.6630055889691078,0.4903087993676422,1,interior
0.670057742237715,0.4879620063941398,1,interior
0.7741544926633536,0.07590695217183602,1,interior
0.7336461606399935,0.3262402240744175,1,interior
0.705693723813395,0.48140904291025666,1,interior
0.7116171370470162,0.48221190606229575,1,interior
0.7133395594557134,0.4695805563865352,1,interior
0.715761007891241,0.477224377253699,1,interior
0.6225595891092297,0.5573466736145726,1,interior
0.5410230472688186,0.6287792263838183,1,interior
0.5329604477849296,0.663668775370395,1,interior
0.530499879181111,0.6580515404032696,1,interior
0.5260969423958767,0.6625872169605855,1,interior
0.781758707503224,0.2904008751941489,1,interior
0.7797465022962323,0.2941978755187251,1,interior
0.7669382946631315,0.2945029229342613,1,interior
0.7726945969473276,0.2972023887353012,1,interior
0.6193612867427699,0.5408244493763343,1,interior
0.693371752405457,0.4808539828888818,1,interior
0.6991571496434158,0.48081491292981565,1,interior
0.7026006989586113,0.48632003469474616,1,interior
0.6818451669988127,0.4822432773777311,1,interior
0.6878525495387211,0.47686231418795516,1,interior
0.7046173409167888,0.4090843731664527,1,interior
0.7044931907767229,0.4035827151878921,1,interior
0.7016816399124092,0.41397854204923473,1,interior
0.7007916216382878,0.3988910930907216,1,interior
0.412259757637144,0.7813484215305593,1,interior
0.4092878833268525,0.7881482005026801,1,interior
0.7085139259932653,0.3855127851050154,1,interior
0.6909883814405147,0.41867148823836386,1,interior
0.6866079149563192,0.48836008152847876,1,interior
0.682542120768531,0.49023121142516624,1,interior
0.6751900152521507,0.48329977195087404,1,interior
0.6773393330100661,0.4887352491595686,1,interior
0.5105582288389741,0.6229361456308798,1,interior
0.742596542940772,0.34425739181587106,1,interior
0.7368931140684394,0.3461862652733081,1,interior
0.7436745584121651,0.3308270405425207,1,interior
0.736355215034551,0.33991634310375224,1,interior
0.664669550400373,0.5098221439594365,1,interior
0.6583979591574123,0.5095828145336274,1,interior
0.6268817876160327,0.5613340816046348,1,interior
0.45571047426288747,0.7281506568706533,1,interior
0.4487400368877673,0.7191380216076284,1,interior
0.6980910554646311,0.4189663769687992,1,interior
0.4688654314605064,0.7497767875899946,1,interior
0.46544761287177855,0.7374080012351909,1,interior
0.6904897441625115,0.3880904934014153,1,interior
0.5026166702280856,0.6821715431932232,1,interior
0.49574992691699515,0.6753734907131089,1,interior
0.49815454652882973,0.6869028135008781,1,interior
0.4982579316958682,0.6802766098289655,1,interior
0.4123900514934715,0.7908256003466997,1,interior
0.5781566536562669,0.6493130543126854,1,interior
0.6878093287785597,0.48241287353106876,1,interior
0.4754814973947125,0.7478820783564604,1,interior
0.47164439294028765,0.7427850203432261,1,interior
0.46962736788319254,0.7563205222862822,1,interior
0.4747613347376201,0.7538564373107349,1,interior
0.4095363198638003,0.7161700176870311,1,interior
0.7085614307298781,0.45642474988552256,1,interior
0.5054810134854479,0.6880012205509295,1,interior
0.5114651578378199,0.6852092734703815,1,interior
0.5025666096590379,0.6750986992652932,1,interior
0.5074159225533267,0.679965678045856,1,interior
0.7124664942421476,0.3350489436622215,1,interior
0.7574525856118337,0.3387558038727342,1,interior
0.7561922905490053,0.345700904697604,1,interior
0.7487007683720465,0.349555394041815,1,interior
0.6819336695819264,0.46742192450336634,1,interior
0.6699290636452693,0.474051258540889,1,interior
0.7313724617865526,0.3574784962878144,1,interior
0.7366371175824866,0.35498602449468686,1,interior
0.7253302931413744,0.36328743341531006,1,interior
0.7869865499295765,0.2922171403949381,1,interior
0.41331346312718803,0.7870394028115867,1,interior
0.7331716863072945,0.3682101103078294,1,interior
0.7214263909963683,0.36948686874046616,1,interior
0.7337871117992683,0.36303599190497593,1,interior
0.708392740106489,0.48863416667406845,1,interior
0.5531774421971448,0.6462985265767512,1,interior
0.5478911271393784,0.6417833693232936,1,interior
0.5288829486147355,0.6694484486220745,1,interior
0.521491684113741,0.6686935724943807,1,interior
0.5164591498807632,0.6899702125261106,1,interior
0.5055288474708581,0.696278312899578,1,interior
0.5170071969863897,0.682879942585575,1,interior
0.6617644691155987,0.5297640215078749,1,interior
0.6570930276195268,0.5350388725093166,1,interior
0.4734298724995713,0.7365354366472743,1,interior
0.4795152484283079,0.7423941808872768,1,interior
0.46543522950841315,0.7440056074787822,1,interior
0.7062978504789338,0.3895647369657689,1,interior
0.6476861785159908,0.5472229525616011,1,interior
0.6391185590277503,0.5575780701114473,1,interior
0.49869663986154417,0.698577375985848,1,interior
0.49257471685891446,0.6880772715538026,1,interior
0.7088763303992129,0.3069088617581063,1,interior
0.4171099534153891,0.785053182657078,1,interior
0.42717100616471154,0.7853533645428513,1,interior
0.504119406824276,0.6681252044603777,1,interior
0.4607981000648547,0.7226053613291313,1,interior
0.47268624200014614,0.7219898232971086,1,interior
0.46724589528926247,0.7250796404111091,1,interior
0.7176812757671089,0.3582709993931063,1,interior
0.46705821567206035,0.7622281014234789,1,interior
0.4214383898822984,0.787524740682317,1,interior
0.44139675934548667,0.723624614424654,1,interior
0.46236629253263856,0.7301327635365937,1,interior
0.4684449935143869,0.7317836930712632,1,interior
0.45907744181503096,0.7415476629381895,1,interior
0.7165245609845433,0.38751009825108346,1,interior
0.7092697561457886,0.39870589990503597,1,interior
0.6540437714620352,0.546023273933627,1,interior
0.6518759549482745,0.5400905257960961,1,interior
0.7145476025830533,0.4619632342405367,1,interior
0.7092583938871928,0.4144246730990419,1,interior
0.7113757445502825,0.4068688907847782,1,interior
0.7754689460673596,0.3125310214770606,1,interior
0.7767583018434777,0.3203187617910272,1,interior
0.7706210977870976,0.32291131769897163,1,interior
0.7648460198365291,0.3225824890358832,1,interior
0.7202630650931177,0.47303663834791804,1,interior
0.7205635984288014,0.4660393151905298,1,interior
0.7718569184793103,0.3022155972511211,1,interior
0.7795088630952556,0.30090590195008693,1,interior
0.7753865965389021,0.3063977385977767,1,interior
0.7876353872672122,0.2978974595460299,1,interior
0.7926923706683011,0.2903121385461319,1,interior
0.7816640357430628,0.308148045800619,1,interior
0.7828009456321111,0.31475462858290015,1,interior
0.4787536089229542,0.7189820622648194,1,interior
0.536776551671057,0.6577130123719085,1,interior
0.5170067804504282,0.6971192876014252,1,interior
0.5253038398378858,0.6877429391195589,1,interior
0.5112615316300471,0.6983899936468415,1,interior
0.5228299423204035,0.6943489108459948,1,interior
0.4660048602668237,0.7698751619219282,1,interior
0.4728567992754759,0.767699955082981,1,interior
0.47395889920456363,0.7607122167273573,1,interior
0.46188794894586216,0.7658097715507184,1,interior
0.4922767012510992,0.7016269792529624,1,interior
0.49685575850145497,0.7051639919014899,1,interior
0.5025794607788321,0.702354811083367,1,interior
0.500618909410524,0.6926019820658493,1,interior
0.7190560754541069,0.38066922653313573,1,interior
0.7131609984098771,0.38079785897595464,1,interior
0.48559674741790754,0.7166824593455723,1,interior
0.4834900842940562,0.7233499734164679,1,interior
0.47891496741403566,0.7265208876094866,1,interior
0.6623269683335475,0.5396399057792635,1,interior
0.6632801144087473,0.5345986458579947,1,interior
0.6595659393304546,0.5448387288318991,1,interior
0.7437762774578616,0.36181525619561444,1,interior
0.7471193905895077,0.3569804153308393,1,interior
0.7340531170263311,0.35089510815874175,1,interior
0.739269096377476,0.35902658194989734,1,interior
0.5111154534427195,0.6923554798329485,1,interior
0.6662733717762229,0.5256249599439563,1,interior
0.5536481522064787,0.6530568801047608,1,interior
0.5576458611787246,0.6627050954074881,1,interior
0.5515171286692189,0.6588580842043746,1,interior
0.5580889630181517,0.6507239685307508,1,interior
0.48630845151245766,0.7304851092094499,1,interior
0.489207632793748,0.7232874326441022,1,interior
0.4596313182538554,0.7716690008958901,1,interior
0.4558900100221665,0.7660550756969416,1,interior
0.5708767485175078,0.6595500165099462,1,interior
0.5819081639022984,0.6563671550816362,1,interior
0.5769922942840964,0.6591111681248825,1,interior
0.7053338319508325,0.44881671444040655,1,interior
0.7101776166523973,0.4374480466471615,1,interior
0.7087585446364558,0.4437176485645401,1,interior
0.7056634956141966,0.4332334876593279,1,interior
0.5356449767114267,0.6700831825416792,1,interior
0.5396417418787759,0.6640069512354214,1,interior
0.5557274122706909,0.6694859726991411,1,interior
0.5623324121358965,0.6674475296076147,1,interior
0.5686728815227486,0.6660029268292041,1,interior
0.5519916633095466,0.6651783813451879,1,interior
0.5859033100252814,0.6541175541202064,1,interior
0.47362045837674166,0.7292712089271681,1,interior
0.7893764571632953,0.3099525138648009,1,interior
0.7838927402360275,0.32106463174733546,1,interior
0.7896028968816742,0.3175969789410763,1,interior
0.4088931314150784,0.7841831749094467,1,interior
0.4340608692931655,0.7144476727757949,1,interior
0.7072799630405091,0.3800750546356094,1,interior
0.47890067669177316,0.7574638712907148,1,interior
0.4998256691303494,0.7143502983965531,1,interior
0.5030334486471509,0.7086353105203047,1,interior
0.49621867449805857,0.710660162331666,1,interior
0.48198504116951624,0.6993066201150778,1,interior
0.7604902112069918,0.32799796158899913,1,interior
0.7026511865715843,0.4924034393442187,1,interior
0.7177883967293522,0.4842029478614717,1,interior
0.4483665913046735,0.7919248654842759,1,interior
0.4800787343570972,0.7342271833082364,1,interior
0.4445082570427396,0.7792475791203076,1,interior
0.4505804948204654,0.7782721463767753,1,interior
0.5642091930374987,0.6607977796086307,1,interior
0.487230372752033,0.7394765932479552,1,interior
0.6311527504385968,0.5292620738307073,1,interior
0.7280184698275336,0.4619807164095087,1,interior
0.7259288542798229,0.4696836353930736,1,interior
0.7206842254229441,0.4594445290031481,1,interior
0.5402631952644963,0.651517683524028,1,interior
0.5669961409980244,0.673404353028065,1,interior
0.5731799675738432,0.6707711993241775,1,interior
0.5752512144228493,0.6647946352012788,1,interior
0.7525093310830953,0.36069116862097295,1,interior
0.7406983728863483,0.3665071163042754,1,interior
0.7479068019190551,0.3647769113815935,1,interior
0.7047974737907764,0.4208587272735733,1,interior
0.7554954298067472,0.35444067651709815,1,interior
0.7413174868582367,0.3516586445295932,1,interior
0.7582559692932499,0.361195921520128,1,interior
0.761902436219987,0.3512531161762979,1,interior
0.6914210679612117,0.49147241151213716,1,interior
0.49850561138735167,0.6692099804076421,1,interior
0.7128867423095872,0.43023108038311736,1,interior
0.7147886618018627,0.44252181920065237,1,interior
0.43419558836771205,0.7263048180483148,1,interior
0.5540374753986669,0.676926209004205,1,interior
0.5490877733497828,0.6711194493251749,1,interior
0.5611379991652334,0.6776741087599152,1,interior
0.5092261404489787,0.6717438482427831,1,interior
0.5144606391590618,0.6657119855066097,1,interior
0.7352804171223815,0.4637082909341112,1,interior
0.731816867323726,0.46873002320304663,1,interior
0.7297349476401978,0.4543274772604266,1,interior
0.7250746453322138,0.45573564953619455,1,interior
0.45521119806991284,0.7945456689386182,1,interior
0.4488243224034718,0.7846178858014512,1,interior
0.5194413594851339,0.676266426489669,1,interior
0.5154393139962135,0.6719427165098266,1,interior
0.5229695317173522,0.6818039598876701,1,interior
0.5797257817840498,0.6705753881087584,1,interior
0.5754078598953496,0.6775706044315751,1,interior
0.7485295016837425,0.3427732938084911,1,interior
0.7816929357842747,0.32747816715831474,1,interior
0.7740303972258775,0.32858072732892113,1,interior
0.5058964284555413,0.6568812656284307,1,interior
0.7892159793827229,0.3249993718820697,1,interior
0.7780730348849667,0.3333684488842034,1,interior
0.782915203682785,0.33484228395473814,1,interior
0.7295907480141159,0.4746540940535837,1,interior
0.5129949163403579,0.6780137901021615,1,interior
0.7967483724295134,0.30727340053325136,1,interior
0.795677559959393,0.31414346300580503,1,interior
0.7928768593974596,0.3031062227167688,1,interior
0.5461996643426088,0.6476994524093717,1,interior
0.5437994013112998,0.6580896301090949,1,interior
0.5873834684727519,0.6628628600914513,1,interior
0.5816384736148491,0.6636897828805335,1,interior
0.5884943101649108,0.6585470660321203,1,interior
0.7159202170520527,0.40167887227839183,1,interior
0.7177295884135454,0.3958024366351759,1,interior
0.5145296086588252,0.7033392233680879,1,interior
0.5078744329674988,0.7031636069766932,1,interior
0.7220466575854295,0.4416050067483163,1,interior
0.7117172756415296,0.4493104167978432,1,interior
0.7169867164615408,0.43563872697243716,1,interior
0.7182384204126809,0.4480935250437909,1,interior
0.6936049050529965,0.4294574377509625,1,interior
0.6990569981264735,0.43106999813564273,1,interior
0.8029945335446254,0.30596383057644017,1,interior
0.8012930189172025,0.3111055002868048,1,interior
0.7952249038271899,0.2982108719021405,1,interior
0.5424198880669109,0.6707907788430497,1,interior
0.5459590765775896,0.678385185451725,1,interior
0.6666825697900894,0.5020337983346861,1,interior
0.5286651675754487,0.6994426826655783,1,interior
0.5223931425947617,0.7039974398462054,1,interior
0.7621914809264922,0.3665651965614744,1,interior
0.7640045185815684,0.35797872802625363,1,interior
0.7544595971061159,0.3668962702574435,1,interior
0.7254676472847791,0.4760291181905818,1,interior
0.7225126727548584,0.4799972632585529,1,interior
0.7668955959522384,0.32845190243374317,1,interior
0.6724860806414581,0.5169709216911861,1,interior
0.6697917555989699,0.5124187805107042,1,interior
0.4896781210776897,0.7095152272525136,1,interior
0.45983501834074136,0.7988106724627464,1,interior
0.586558609699427,0.669296981321731,1,interior
0.6928576663902359,0.49680573288014207,1,interior
0.6861477299464346,0.4967979154055881,1,interior
0.48572710239191497,0.7044431514639605,1,interior
0.49317505477352286,0.7167469278496091,1,interior
0.5002324131959885,0.7198111255472514,1,interior
0.4696694010951693,0.7742975339505229,1,interior
0.46415015679285077,0.7775366697738965,1,interior
0.475119652827106,0.7750156472447353,1,interior
0.71338474826562,0.4216175492545272,1,interior
0.7175992386462612,0.41348891903646445,1,interior
0.47975751250290183,0.7039718877894885,1,interior
0.725566185253658,0.4489157756470655,1,interior
0.7224943064399081,0.4345120757729138,1,interior
0.7290611789579623,0.4434545388931765,1,interior
0.720703320090625,0.4532047952126056,1,interior
0.528876874912089,0.6828722980762495,1,interior
0.534545416688793,0.684105351822816,1,interior
0.5206489727940934,0.6874523008700651,1,interior
0.5298713205167406,0.6911975494339032,1,interior
0.5666462878657429,0.6801819029518161,1,interior
0.5827204768041006,0.6808624482566257,1,interior
0.5781277545363288,0.6851200537583289,1,interior
0.5848307628450674,0.6757308609858407,1,interior
0.47467464351770783,0.6827177339291461,1,interior
0.7031556003404054,0.4270880996812102,1,interior
0.7338657164798239,0.44861200580475874,1,interior
0.7350873544937395,0.43996429363259276,1,interior
0.7280172755295412,0.43731314789154946,1,interior
0.7787897450658752,0.3407661422289897,1,interior
0.7691153392951093,0.3334645986556072,1,interior
0.7409486239113235,0.445101989524934,1,interior
0.7345159510839675,0.4566976498285631,1,interior
0.7403948750418522,0.452355450169817,1,interior
0.7862345782559094,0.30379761485082646,1,interior
0.7261405130436077,0.39671423401925726,1,interior
0.7223105756705435,0.3912504949109908,1,interior
0.7189322189404822,0.40710063474477787,1,interior
0.7232301551183843,0.4021080757592874,1,interior
0.5825668118562529,0.6368502616836051,1,interior
0.547914607985792,0.6527249996035766,1,interior
0.5599572690758873,0.6729712569377908,1,interior
0.7401208012462762,0.4593979051468546,1,interior
0.4573884239700898,0.7349304290209329,1,interior
0.5940105984255567,0.6624382221891854,1,interior
0.5999099099310723,0.6631499824925943,1,interior
0.5922402838897474,0.6675075124716503,1,interior
0.7273885784658096,0.3702160899679022,1,interior
0.7265305320718772,0.4303717254381201,1,interior
0.7194900426266243,0.42786753544396133,1,interior
0.5320757849372235,0.6764742267050438,1,interior
0.5383699113673985,0.6768161867053125,1,interior
0.5985696830196964,0.6681840563552676,1,interior
0.6071513349740839,0.6625846141082699,1,interior
0.6053945924330303,0.665751168296305,1,interior
0.5359591021087674,0.6917393974215416,1,interior
0.533666006106392,0.6971589476770326,1,interior
0.7137839729342623,0.4878348522528239,1,interior
0.7992490264020743,0.2898132508786458,1,interior
0.6758409226074963,0.5110629790862035,1,interior
0.4813625701912665,0.7748590882183156,1,interior
0.4804722469625181,0.7636352527158404,1,interior
0.4852838152326073,0.7690546505565251,1,interior
0.4839722409169006,0.7576929669139425,1,interior
0.48921442295936973,0.7618138793757134,1,interior
0.478717987781297,0.7696899515109361,1,interior
0.6615390195267861,0.4969051388901273,1,interior
0.6734428955175402,0.49977880446967343,1,interior
0.5006547922289277,0.7265854879708852,1,interior
0.5063429587127727,0.7228427232595385,1,interior
0.5064138132229247,0.7152963365044686,1,interior
0.5101520598574673,0.7089266857758133,1,interior
0.5166823220179072,0.7084503339659212,1,interior
0.5210883764413037,0.7125878640632837,1,interior
0.5276225970739805,0.7115038666243555,1,interior
0.6604504349062497,0.5035617034506038,1,interior
0.5140328230262289,0.7139823713063191,1,interior
0.5182683387459527,0.7196742792452635,1,interior
0.7244145613222494,0.3764644753632845,1,interior
0.732095887399891,0.37444909145471,1,interior
0.731052940929434,0.3807945437170835,1,interior
0.7246759242049523,0.3847227432401576,1,interior
0.546237469442443,0.664431129060612,1,interior
0.4553266570629509,0.7078955996712668,1,interior
0.6570813916616307,0.5409442198947927,1,interior
0.8068398610846342,0.29003020857669937,1,interior
0.8073341547652113,0.29645013661588127,1,interior
0.793825288962894,0.29397774326749754,1,interior
0.8008163548333161,0.2946656933141883,1,interior
0.6736322715198308,0.4934792069214174,1,interior
0.6793214091373873,0.49593032068899073,1,interior
0.5298435975870273,0.7058979408101846,1,interior
0.536213909489332,0.7035097132157083,1,interior
0.8131191793015919,0.2878016564395983,1,interior
0.7252967355738863,0.4164325010081717,1,interior
0.7262232739919735,0.4094059356755134,1,interior
0.6000309521167353,0.6739748690500719,1,interior
0.6046278201257915,0.670823773470549,1,interior
0.592982263205846,0.6740165657082713,1,interior
0.6799430149717933,0.5041208937365613,1,interior
0.8192925017243944,0.2823302133462231,1,boundary
0.5127387629392942,0.7251318520092328,1,interior
0.5075704280805187,0.7307316204586447,1,interior
0.46815680557086176,0.698152201590128,1,interior
0.5349746541734595,0.7106576250701803,1,interior
0.5442342233314772,0.7022652639234698,1,interior
0.5422158655898984,0.7086488745587824,1,interior
0.5397000611709292,0.6976389877302211,1,interior
0.5475215951158255,0.7130653843753345,1,interior
0.551343244610074,0.6997306545362388,1,interior
0.5401873429511442,0.7155334012895677,1,interior
0.7224356182015331,0.4842561266213047,1,interior
0.6282161383380555,0.5456595577918699,1,interior
0.49384738120539606,0.7548134329197812,1,interior
0.4958304793146505,0.7651474290035464,1,interior
0.4960951732423046,0.7603932814857379,1,interior
0.48804061754165606,0.7531812282534976,1,interior
0.49216721243187916,0.7699158713206029,1,interior
0.6718725807615925,0.5063191991421484,1,interior
0.6678848700381769,0.49511188646883925,1,interior
0.7920853006713336,0.3358626821286014,1,interior
0.7868133392982053,0.3408204286674921,1,interior
0.7879344005966066,0.3320501762443449,1,interior
0.7734817703302242,0.3365982558211514,1,interior
0.6352375749242954,0.6479103927992602,1,interior
0.6988251099692353,0.49693107362150163,1,interior
0.6965417316971736,0.492900753623836,1,interior
0.6313511222535473,0.6525452184413105,1,interior
0.6260740889024284,0.6568168090614538,1,interior
0.541711196451647,0.6922885666728965,1,interior
0.5590408950862933,0.6833469434768447,1,interior
0.551494949149924,0.6841720997466929,1,interior
0.8138053811597836,0.29285166570638593,1,interior
0.8078288824860517,0.3025435970969705,1,interior
0.47794607845518294,0.7816666861085645,1,interior
0.4883420904666846,0.7763257662423301,1,interior
0.5832812335239346,0.649674233888249,1,interior
0.725526821670059,0.4236887256288902,1,interior
0.7199613428093208,0.4203515282567579,1,interior
0.4858098943237876,0.7463659766886692,1,interior
0.4928131161348442,0.7471178554418877,1,interior
0.7479573977961189,0.44106479554382444,1,interior
0.7468970937875347,0.44878702722226754,1,interior
0.7532969847640749,0.4457898648016534,1,interior
0.7416030930573074,0.43830220903001205,1,interior
0.7463992759179833,0.4558695885447478,1,interior
0.7687306647436603,0.3689483571861108,1,interior
0.7570105580291634,0.37264944178760756,1,interior
0.7680684442640255,0.3632827373724801,1,interior
0.7652182296023355,0.37381676202063163,1,interior
0.8140539518164697,0.29915457340962076,1,interior
0.8196743881036883,0.28794874265084464,1,interior
0.7322866704486038,0.4153213457980085,1,interior
0.7305585837157483,0.42068736935940027,1,interior
0.5115990546387097,0.7192005360819602,1,interior
0.7372272491591532,0.3781434845666304,1,interior
0.737944825229243,0.3837437675819853,1,interior
0.5646915239701608,0.6861025556134422,1,interior
0.5256436522644438,0.7182962701465083,1,interior
0.5545616856967854,0.7102826993984815,1,interior
0.5528366449846024,0.7167411541237642,1,interior
0.5456945843308206,0.720429907374098,1,interior
0.6124334618096157,0.6643691779025508,1,interior
0.6109273126992789,0.6707874061179196,1,interior
0.7696014915600623,0.35158586687965837,1,interior
0.5498069218133418,0.7062857037286653,1,interior
0.5462297623548209,0.6954533997817308,1,interior
0.732229968469514,0.387269384320398,1,interior
0.7500636352962392,0.3199542456606239,1,interior
0.7366632909451989,0.4226132545536445,1,interior
0.7322082540854763,0.43336620867402187,1,interior
0.4658582139477685,0.7851565236195316,1,interior
0.4548360557841671,0.7836640981919456,1,interior
0.47090032122779735,0.7808222356223586,1,interior
0.6994229451400621,0.4710008527040021,1,interior
0.6969011234231718,0.4872765585789408,1,interior
0.6915397070760009,0.48598230062917863,1,interior
0.7480490454026771,0.3718521048669888,1,interior
0.5712121677690828,0.6847501416533684,1,interior
0.8257283656244847,0.2851858608081665,1,interior
0.5421966086568197,0.7257906010750037,1,interior
0.537611525525131,0.7218935898265532,1,interior
0.5326385965734876,0.717333935854961,1,interior
0.72793486356973,0.39075369061030785,1,interior
0.739604037526861,0.3988902761992886,1,interior
0.7330425345437929,0.394687876611195,1,interior
0.7317102921810275,0.40247228575886523,1,interior
0.7384549116943591,0.3908272932790287,1,interior
0.5257424393938203,0.6756805405428884,1,interior
0.7378683083297863,0.4317890265163717,1,interior
0.795449152657041,0.3292155533608153,1,interior
0.7977956895069644,0.33516249880214677,1,interior
0.7648394952885834,0.37924513084804157,1,interior
0.7569873221142615,0.38437161856314533,1,interior
0.7525002570442028,0.3782774278620358,1,interior
0.5560591476833625,0.7274426424940519,1,interior
0.5585274623059521,0.7203929241203871,1,interior
0.7619603705864846,0.3413238883100971,1,interior
0.5481455984006292,0.7284637902263688,1,interior
0.5582566375148647,0.7341770515292968,1,interior
0.5622324547702374,0.7294735572300499,1,interior
0.5520694051457953,0.7334628062731459,1,interior
0.562506932942967,0.7239305460952193,1,interior
0.733737034088412,0.4094534350344432,1,interior
0.7389001095674004,0.4147395150835239,1,interior
0.738919901285815,0.4064491832649466,1,interior
0.7718152031976198,0.3438148922218692,1,interior
0.7957935151023959,0.32137583583068446,1,interior
0.5029337096025784,0.7627559020864801,1,interior
0.4994380308892265,0.7510049978820499,1,interior
0.5048177515208427,0.7555263061931198,1,interior
0.6178983850870475,0.6675988520912506,1,interior
0.6192599206754373,0.6601105000042501,1,interior
0.8037445874382497,0.3317029907269509,1,interior
0.8017114690794059,0.32470893280406826,1,interior
0.80241861738603,0.338374564305797,1,interior
0.7627863249186598,0.3346061647314021,1,interior
0.82668145698632,0.2906541651252571,1,interior
0.8207638141607025,0.29569454215102847,1,interior
0.5395399778089277,0.6875481916950061,1,interior
0.5497228543309263,0.7453407154343363,1,interior
0.5537069655732546,0.7397739209287576,1,interior
0.5421292865591625,0.7314830426917278,1,interior
0.5455840931610545,0.7372303407737886,1,interior
0.7446676775300957,0.39343911925663794,1,interior
0.7438715794152458,0.38663566114463177,1,interior
0.7319284278698723,0.42694374118058037,1,interior
0.5743978338396291,0.6904330800215734,1,interior
0.567618737552723,0.6913412739466557,1,interior
0.75964074901678,0.39189812482643777,1,interior
0.7597134243656023,0.3786565997337137,1,interior
0.7488969898604919,0.3899015328523857,1,interior
0.7638257935336423,0.38475767968735436,1,interior
0.7540769026934535,0.38908595704383725,1,interior
0.7523640532385115,0.39505357274111264,1,interior
0.5234768177131844,0.7241001039795995,1,interior
0.5155374722880312,0.7316772564042697,1,interior
0.7415881992238871,0.4275171230282388,1,interior
0.7459044159618236,0.43299215441495076,1,interior
0.7430330721307775,0.4213324760968585,1,interior
0.746520391138868,0.39860355571114103,1,interior
0.7460829106996023,0.40485008377033305,1,interior
0.7518451247013018,0.43483619948323293,1,interior
0.8025875465409217,0.31694258756154114,1,interior
0.7451234839484757,0.41600973830663335,1,interior
0.7499279968305929,0.41980843678081603,1,interior
0.7592147565457698,0.4547516315703284,1,interior
0.7525516391452575,0.45233703794230334,1,interior
0.8093630630371205,0.31567380139167034,1,interior
0.8077247910270359,0.3099636277853049,1,interior
0.8076953727167036,0.32144795706500556,1,interior
0.5053401565711788,0.7382208197415331,1,interior
0.5001555415233564,0.7328422813421921,1,interior
0.769894264458084,0.37969755131967514,1,interior
0.7704338800897258,0.38673936037363527,1,interior
0.7737437000342693,0.3732306286163997,1,interior
0.6129239730181631,0.6779884344864566,1,interior
0.6058244315317822,0.6768275859931947,1,interior
0.8006836431921472,0.300982296931483,1,interior
0.8344219010787021,0.2912643000650493,1,interior
0.8340624345088822,0.2968014248363328,1,interior
0.8317756308584315,0.2866172750443669,1,interior
0.8249193902104578,0.3007341347758113,1,interior
0.7396063443918138,0.3728017599167548,1,interior
0.744386197836006,0.3791732870598724,1,interior
0.614292474287843,0.6598907092414807,1,interior
0.7583932529469958,0.400611684288032,1,interior
0.7653742285590676,0.3971234242440677,1,interior
0.6231846538736767,0.6632723934211754,1,interior
0.5903551604378616,0.6819707287020449,1,interior
0.598113514529609,0.6796271556242184,1,interior
0.49972821747946483,0.7569062851508295,1,interior
0.7516647476053365,0.4011871591369907,1,interior
0.45316263159933223,0.7889614952852921,1,interior
0.4604022400848093,0.7828122951924837,1,interior
0.7778833113916898,0.38649358889861507,1,interior
0.7725489611887257,0.3933203801456381,1,interior
0.7661131758293376,0.3909330351958064,1,interior
0.7737340032666442,0.38320224663215235,1,interior
0.5649890537564358,0.7116752934662791,1,interior
0.5577227395079888,0.70345642181211,1,interior
0.7086214117972294,0.42651582657658266,1,interior
0.5185119546729977,0.7263938902233762,1,interior
0.7806873260401958,0.39205061359822113,1,interior
0.7714165992382451,0.4018053546777462,1,interior
0.7768644185518714,0.3977652627636398,1,interior
0.5458839547868848,0.6873980277695889,1,interior
0.5428255444436882,0.7504153268191677,1,interior
0.5539567350350147,0.750695000807954,1,interior
0.5581353927415799,0.7461109102944626,1,interior
0.5437621927763956,0.7432916026100723,1,interior
0.664610640082903,0.45322159751837987,1,interior
0.5604238048100718,0.7087225562047006,1,interior
0.5650726356650482,0.7053223596814612,1,interior
0.5669216644340976,0.7181835256042802,1,interior
0.570241687907881,0.7103364429360856,1,interior
0.7668582795978266,0.4543562363733868,1,interior
0.7625244244835033,0.4502282554309156,1,interior
0.7814998113536259,0.3476992673959036,1,interior
0.7649710717619045,0.3458854203312185,1,interior
0.7756679901228288,0.34768267825112287,1,interior
0.49641777321364594,0.776537064912915,1,interior
0.49154488694734716,0.7828376088808117,1,interior
0.4850502485344836,0.783267202012576,1,interior
0.752580655913761,0.42764786976334573,1,interior
0.839278649155165,0.29503922153213324,1,interior
0.8344696683319445,0.28355558435249295,1,interior
0.8422873707147481,0.2908008180547736,1,interior
0.8385661106399137,0.30012288886620847,1,interior
0.4803694248369716,0.7883752699872654,1,interior
0.47276539021351116,0.7883101246493179,1,interior
0.4832065127855824,0.7790717184453074,1,interior
0.560259695036795,0.7397503155204377,1,interior
0.5523171861337612,0.6922070698210154,1,interior
0.5409121250488468,0.6824346016855906,1,interior
0.48111715085403445,0.7510460884027488,1,interior
0.5574395122116821,0.6970421908530222,1,interior
0.5644504618831206,0.6982773935242484,1,interior
0.6577076669604035,0.48575739705738225,1,interior
0.7500611821693793,0.38416014301872026,1,interior
0.5009722602800847,0.7444285040183022,1,interior
0.5051720690374278,0.749383515380986,1,interior
0.5397034090611749,0.7457181303306356,1,interior
0.5367921304081514,0.7351112953879896,1,interior
0.5370231721338318,0.7408396098971064,1,interior
0.8095372129598676,0.33635690324702644,1,interior
0.8120760054481245,0.3307864764132595,1,interior
0.8074175127071378,0.3272185475532641,1,interior
0.8070316626337908,0.34239408093314516,1,interior
0.5099890860852363,0.759004446339588,1,interior
0.8435875745691362,0.30331367085060806,1,interior
0.8377811146610817,0.30543483297557844,1,interior
0.83236054374105,0.3087289268479395,1,interior
0.8439126912955621,0.3090803046634793,1,interior
0.8283149308169602,0.3138239779026041,1,interior
0.826187002220375,0.3068947644956304,1,interior
0.8347261812431112,0.31504527463152493,1,interior
0.8380197077120031,0.31060027154055353,1,interior
0.6514379141100822,0.4871277002364784,1,interior
0.8194100049988273,0.30441727659160805,1,interior
0.7722867294834067,0.35874518989367526,1,interior
0.7772833697469693,0.3540441026374372,1,interior
0.813148131802832,0.305555411581886,1,interior
0.5714812920197174,0.6965695084808843,1,interior
0.5769527778099353,0.6951935747565554,1,interior
0.5767018765224485,0.7009896483711189,1,interior
0.5597763712450724,0.7146411451262747,1,interior
0.7153439115507695,0.45491182131625135,1,interior
0.7684207788890424,0.4092732611810046,1,interior
0.764628469760644,0.4037169361400119,1,interior
0.7792104949610189,0.4042610213602626,1,interior
0.774289522206103,0.4084056311484977,1,interior
0.5456037635331763,0.7581836093632164,1,interior
0.5365255826760464,0.7556794152368641,1,interior
0.5353927099850743,0.7484065251116919,1,interior
0.841932799593007,0.2802020787847684,1,interior
0.4937778746480652,0.7289319076467815,1,interior
0.4951262532965357,0.7230902471013004,1,interior
0.568307131407669,0.7268665230524926,1,interior
0.5520194196137055,0.7227408773141797,1,interior
0.8140757308301764,0.31959655660425484,1,interior
0.7828575076638259,0.3975422374505832,1,interior
0.5965203733599393,0.6870069097366323,1,interior
0.6085554677055623,0.6821890014332181,1,interior
0.6019519853732482,0.6881465807406026,1,interior
0.8417706686009635,0.31517705980489996,1,interior
0.8501193627675425,0.30545987371143396,1,interior
0.84933965251616,0.3146504539600123,1,interior
0.49311848941888625,0.7351271732371254,1,interior
0.5652579016306797,0.7348772359356704,1,interior
0.573896641740221,0.7221898813266096,1,interior
0.5753521554545808,0.7289366996989289,1,interior
0.5710576306314904,0.7327664792721744,1,interior
0.7039814886515385,0.39361220904299116,1,interior
0.46593269622254646,0.8006706025690162,1,interior
0.570790325185525,0.7389644811255588,1,interior
0.5822318803593396,0.7315209661245231,1,interior
0.5763477010091059,0.7413884876488556,1,interior
0.49796646986748677,0.6319149801406443,1,interior
0.6069280567392152,0.6967752582289384,1,interior
0.5950813116163258,0.6937672119175052,1,interior
0.6012079646019725,0.6929653971069545,1,interior
0.6071246273528388,0.688762926135902,1,interior
0.8151945969347265,0.31196512771553186,1,interior
0.5123699230372122,0.7377809584198012,1,interior
0.499023984986844,0.7384083968322056,1,interior
0.5093830734998195,0.7448296593966998,1,interior
0.5894203215690909,0.6906670850180766,1,interior
0.5986149043245258,0.699651884121155,1,interior
0.4832243430824703,0.7947641933950832,1,interior
0.49385244629224156,0.7894518228576021,1,interior
0.8315459403472774,0.3020769314126582,1,interior
0.8284154815577421,0.2957901888864956,1,interior
0.45701957453478387,0.7775649660544884,1,interior
0.5034321701665131,0.7797129714687067,1,interior
0.4997115222439712,0.7895817361728976,1,interior
0.7884126665015689,0.398415479565454,1,interior
0.7857244047456948,0.4093708248622631,1,interior
0.5788802416193759,0.7465692598984107,1,interior
0.5713848520556576,0.7463470623108162,1,interior
0.5831852965322761,0.7393603099182761,1,interior
0.824449970106457,0.31953022696302025,1,interior
0.8312150735426985,0.32070185465640694,1,interior
0.8380146789649546,0.32077088653176994,1,interior
0.575108638675102,0.7528616071993145,1,interior
0.5645225325180779,0.7498902205845988,1,interior
0.5651679756641894,0.7427747848352285,1,interior
0.5603460818340522,0.6912618112443233,1,interior
0.7493446760588758,0.4118789211252621,1,interior
0.7866514044144252,0.3484534396464588,1,interior
0.7916189360644783,0.3463890879440259,1,interior
0.5202271002690243,0.7375705568602537,1,interior
0.5168721937925896,0.7438505196177352,1,interior
0.5305349104313565,0.7442216515591109,1,interior
0.5282648482447069,0.7511738422897497,1,interior
0.5237400984981909,0.7309110634134335,1,interior
0.4629575721465662,0.7951310096579834,1,interior
0.4665465611190916,0.7911897297282754,1,interior
0.45971278309952474,0.7891371400521381,1,interior
0.8450714797426474,0.28530212555690443,1,interior
0.8456187186947488,0.2766407053870637,1,interior
0.8384829380162044,0.28573616507346644,1,interior
0.8478686692568521,0.28017324478564004,1,interior
0.7538172540459712,0.40692583382327285,1,interior
0.8496065739051979,0.29090981293305546,1,interior
0.8455520492134568,0.2976299437604459,1,interior
0.5916044053198772,0.7047613848640619,1,interior
0.6052807004982261,0.7049726082376377,1,interior
0.5906752303758328,0.698511334518372,1,interior
0.5986340475773624,0.7057105526406177,1,interior
0.5287286710842846,0.7377203607131431,1,interior
0.5240118257385299,0.7441076267927351,1,interior
0.49431246648479127,0.7414282913235832,1,interior
0.5803224270000175,0.7194863703918242,1,interior
0.7833487121492485,0.38077633912598435,1,interior
0.7859770190672742,0.38672684635501087,1,interior
0.7770226349639655,0.37936156567744383,1,interior
0.52998940974767,0.7247217522836722,1,interior
0.530756333049097,0.7315081505756856,1,interior
0.8524591256447508,0.29837285725894835,1,interior
0.8220041434017938,0.31215028444000703,1,interior
0.5081668684886408,0.6636887840742264,1,interior
0.8347674581224235,0.3280237169991055,1,interior
0.826916522662266,0.32606117069113355,1,interior
0.6030145771241462,0.6832823678566098,1,interior
0.5775593307689556,0.7605073105911452,1,interior
0.5652083455223097,0.7581768598167139,1,interior
0.571453488988696,0.7584023155931879,1,interior
0.5849069729724166,0.7583680666385666,1,interior
0.7891976504421068,0.39229193085529507,1,interior
0.553080372808684,0.7567816660617929,1,interior
0.5587815483536347,0.7603985355134993,1,interior
0.5486537454516115,0.7523294523492028,1,interior
0.85072276495438,0.2844799750353235,1,interior
0.8420309031191717,0.275426548474498,1,interior
0.8538820314737042,0.2795197374287653,1,interior
0.8506047110731266,0.27575756260437095,1,interior
0.8332025166112753,0.33510056235073293,1,interior
0.8285511962985703,0.33268375048247184,1,interior
0.8420917644107276,0.3310679809055075,1,interior
0.8413871649094421,0.32547674035514496,1,interior
0.8609101280337935,0.3167406251153712,1,interior
0.856103326835716,0.3110587594367244,1,interior
0.8551658518451429,0.3180524056734518,1,interior
0.8454592892052077,0.32080212756882465,1,interior
0.5816417885878539,0.6914859318084936,1,interior
0.5811500024479085,0.6977126103900982,1,interior
0.5224195294910383,0.7570232858408237,1,interior
0.5206412046059312,0.7503299862700636,1,interior
0.5290431568064753,0.7578335887890169,1,interior
0.7896368614843082,0.38141479880558443,1,interior
0.794749288250781,0.38538891571912914,1,interior
0.8522435764420161,0.32393105858618093,1,interior
0.8476253977503344,0.32761406665069653,1,interior
0.5363484927996837,0.7283521582465614,1,interior
0.8536692988579624,0.33307036191178596,1,interior
0.8436238925044603,0.33823771699216854,1,interior
0.5247715915496363,0.7637760027412067,1,interior
0.5299533720985669,0.7683466710123187,1,interior
0.8190607305969925,0.3179763455524253,1,interior
0.8188756555975114,0.32579958457762365,1,interior
0.5146142273620715,0.7493989921762406,1,interior
0.7609543247057705,0.4096111306706313,1,interior
0.7906240280229154,0.3587343092201114,1,interior
0.7844676899047986,0.35507891452046964,1,interior
0.7976081472219763,0.3498085909846632,1,interior
0.601362906105355,0.7123552943464224,1,interior
0.5951427536996821,0.7097657567050961,1,interior
0.7945711022309578,0.3976722395832422,1,interior
0.7981664141120323,0.39168117280255776,1,interior
0.7550594857977347,0.41413328405487376,1,interior
0.7734410173750167,0.4517927208351939,1,interior
0.784049361963662,0.45236737818167244,1,interior
0.5404363556812252,0.7629332539794276,1,interior
0.8634072080592053,0.3089706602436116,1,interior
0.8592144651438391,0.32357682965864226,1,interior
0.8699160701718117,0.3118981429607082,1,interior
0.8656962981731393,0.3159383944303844,1,interior
0.7672783138086349,0.44782138534578536,1,interior
0.7574577859597295,0.44945662433683814,1,interior
0.7930362250120049,0.40965096671707,1,interior
0.7797036703870766,0.4116411326897358,1,interior
0.7896063534693154,0.4148639454341733,1,interior
0.5635298615505743,0.7655466174379143,1,interior
0.5707037151700566,0.7654327873282145,1,interior
0.569239416120388,0.752839117844328,1,interior
0.4904536657016494,0.796113528342541,1,interior
0.4847374734537726,0.8010340044493479,1,interior
0.47794810259134746,0.7996522318380936,1,interior
0.47683743679904234,0.7937120714507708,1,interior
0.47201034042522183,0.8035806898254917,1,interior
0.47370069898910067,0.8086439659329155,1,interior
0.5836151990601599,0.70341996275405,1,interior
0.5765275681916439,0.7075775751631235,1,interior
0.7954087466810897,0.3416857322420591,1,interior
0.801374694516363,0.3445838482350595,1,interior
0.8063612154012302,0.3497702047824519,1,interior
0.7967229420731706,0.35826118769196064,1,interior
0.801733986287525,0.3547971572048857,1,interior
0.4771560466343466,0.8118965501974275,1,interior
0.47582249397690984,0.8163773450169446,1,interior
0.8104056567239378,0.345964526242661,1,interior
0.47114342442287765,0.8293330986536973,1,interior
0.47637862380251966,0.8218411658926338,1,interior
0.46724342242535116,0.8286413793386933,1,interior
0.5817443022996702,0.7118984129963736,1,interior
0.5748150603421789,0.715049835193858,1,interior
0.5862016036802005,0.7079877542873804,1,interior
0.5707644373472529,0.7031115547579606,1,interior
0.6127538938494,0.6847565608414556,1,interior
0.49951907740132756,0.7696965902333565,1,interior
0.7866884366018222,0.362030592427408,1,interior
0.7800513092826566,0.3616931984604608,1,interior
0.781482599639307,0.3743020873600025,1,interior
0.7793771005004863,0.36863996689587025,1,interior
0.7554056143724267,0.43966899605719795,1,interior
0.48226978614766314,0.810499535773771,1,interior
0.48671115763116235,0.8073228684910454,1,interior
0.7735665198216164,0.41540836607346615,1,interior
0.760732350283912,0.4177056825500151,1,interior
0.6563706093453582,0.49211791844597963,1,interior
0.5064972885272496,0.7693341431454469,1,interior
0.7947906427056403,0.37770075605036374,1,interior
0.8013396018115134,0.37954395950677006,1,interior
0.803405983164088,0.38579072440309253,1,interior
0.7795653958528183,0.44820252096844115,1,interior
0.7898633028331484,0.451132244783382,1,interior
0.7869407441554879,0.44666173653101837,1,interior
0.5370826933125475,0.7695833940008867,1,interior
0.5429720571190696,0.7693378589442632,1,interior
0.5330626153270764,0.7627319450660571,1,interior
0.5473236319128524,0.7658288275997208,1,interior
0.8725809256710338,0.325253925897584,1,interior
0.8658242202644791,0.32328214610242123,1,interior
0.8760560390688715,0.3146345192949576,1,interior
0.8172140173323194,0.33486336854880167,1,interior
0.8125468122061266,0.325121321525384,1,interior
0.8138022590246514,0.3414410102413575,1,interior
0.4976272006383839,0.795204912805998,1,interior
0.49552854440053173,0.8015770824502629,1,interior
0.591382129427703,0.7195572746173249,1,interior
0.586265863790133,0.7249748619741246,1,interior
0.585633140462242,0.7177345818503376,1,interior
0.7842999407728678,0.44128649440330564,1,interior
0.7778259324992048,0.44129531236970054,1,interior
0.7727658435942218,0.4450575024664454,1,interior
0.5895716551075365,0.7330400543021185,1,interior
0.5936070771596172,0.7257267159796078,1,interior
0.7880665787575024,0.37543412973949036,1,interior
0.786043222956829,0.3682901496384528,1,interior
0.7667979305874161,0.4160267259100927,1,interior
0.7740674080244337,0.36569495901120064,1,interior
0.47946854698903796,0.8058124609116478,1,interior
0.4708278522822504,0.7964492811206149,1,interior
0.504338294026363,0.7862199195226488,1,interior
0.5032883624269247,0.7743141643188538,1,interior
0.5090400672936903,0.7822688579221595,1,interior
0.5100036964436572,0.7758472483978623,1,interior
0.771870358406911,0.42239332471652785,1,interior
0.7783260086532544,0.42185580446887805,1,interior
0.7788860853541107,0.416848787218391,1,interior
0.4734632403175849,0.8346628574313572,1,interior
0.4777970899670984,0.8266882617591856,1,interior
0.47584474946033745,0.8302024071350017,1,interior
0.46732810810329245,0.8337049500293594,1,interior
0.7933397942329482,0.3653128870656501,1,interior
0.5893896160283104,0.7124470441657443,1,interior
0.4704703234659309,0.8401764022569742,1,interior
0.8583864529823566,0.27295922836152287,1,boundary
0.8592087191200762,0.2792297257773772,1,interior
0.8024471822779982,0.39836820005141066,1,interior
0.5131295744671498,0.7691464966953232,1,interior
0.5158372363416523,0.7555509637416616,1,interior
0.510143281012103,0.7523919204922046,1,interior
0.7993335558864695,0.3718227547538599,1,interior
0.5352750025422341,0.7777742301624786,1,interior
0.7908189160589573,0.40378797068431016,1,interior
0.8577616852887086,0.30392916242296447,1,interior
0.8622667210746549,0.2920113743260849,1,interior
0.7583180153291148,0.43263037255420034,1,interior
0.7591567295540114,0.4250461341369875,1,interior
0.7553874183394859,0.4208167807388006,1,interior
0.7652766140507454,0.42281837443195275,1,interior
0.4766984195937156,0.8394838600275998,1,interior
0.7605737164529499,0.4445015023702633,1,interior
0.5985206287625121,0.7197143410446384,1,interior
0.8227034088227441,0.3309160337646662,1,interior
0.8289224881030487,0.3401204695499849,1,interior
0.4902110689762627,0.8026625011930228,1,interior
0.6120525993822307,0.7025972691962096,1,interior
0.6120983968932412,0.7083612910763772,1,interior
0.6138142915078139,0.6962738499165413,1,interior
0.6077530437798055,0.7121102621819391,1,interior
0.8684275002787408,0.28859876356019387,1,interior
0.8628421894235191,0.28511444281357606,1,interior
0.8556487429878329,0.29275000095772685,1,interior
0.8692970178860762,0.29430351643952957,1,interior
0.8646721672737564,0.30022290070734675,1,interior
0.858824533622974,0.2976623078598981,1,interior
0.61245268978654,0.6908314765523319,1,interior
0.48745353359718663,0.7892532055070521,1,interior
0.8699869242005116,0.305216353074287,1,interior
0.8749181674032718,0.3088003887533307,1,interior
0.8206949928746792,0.3421904420233766,1,interior
0.8149021103870229,0.34842185721917407,1,interior
0.7942463250784196,0.44749094825191554,1,interior
0.797479749566781,0.40400606366745667,1,interior
0.8214348361614441,0.34827270519827447,1,interior
0.7676371391194271,0.3394606591341279,1,interior
0.7995255236200742,0.36513940072565737,1,interior
0.8071370051052037,0.35641434760977997,1,interior
0.5660011934821594,0.7719997874459654,1,interior
0.578582577437405,0.7692301934523211,1,interior
0.5724192620607483,0.7732227165704645,1,interior
0.4763424159593312,0.8443468744939255,1,interior
0.49031081672727517,0.8127411108130285,1,boundary
0.5952636994486814,0.7149623655422739,1,interior
0.8830985186750604,0.31730624691316917,1,interior
0.8808138142452281,0.31015460178062976,1,interior
0.7665743142010238,0.4415374294812174,1,interior
0.49905259752832437,0.807477026310648,1,interior
0.555713696740054,0.688009993421312,1,interior
0.5040102320978239,0.8118657229953198,1,interior
0.5059220693135312,0.8050330185812892,1,interior
0.8629029038808362,0.3292616379543863,1,interior
0.8682604637421548,0.33174643982929464,1,interior
0.5847684001314911,0.6862613815780931,1,interior
0.5016484628396026,0.8003187537777352,1,interior
0.7470806474460663,0.42620955279494355,1,interior
0.8740216764357867,0.2853633301166185,1,interior
0.8684135810718725,0.2839660177130078,1,interior
0.8066122670891341,0.37432138468026355,1,interior
0.8054866806992936,0.3676143300395904,1,interior
0.5236164815727481,0.771106233235634,1,interior
0.5285663098975318,0.7748781177632341,1,interior
0.7715819614352956,0.4386992282013229,1,interior
0.8174011896173727,0.35937469516432685,1,interior
0.799412531301981,0.4106045982695099,1,interior
0.7953995178770289,0.4162658863602826,1,interior
0.7777654096386599,0.42911744127630047,1,interior
0.7694948803149986,0.42819943797742505,1,interior
0.8105399820390542,0.3621548009288399,1,interior
0.5481457612180265,0.773235539727846,1,interior
0.5532251331158877,0.7696293841168934,1,interior
0.5524302768951967,0.7628062771079255,1,interior
0.5965506462964454,0.7367400897532012,1,interior
0.5907189238765479,0.7411751829471463,1,interior
0.8563516968017162,0.2862461770614012,1,interior
0.5481857813317267,0.7808288653158008,1,interior
0.5545653896546104,0.7763055675315553,1,interior
0.54192330468884,0.7757990357712544,1,interior
0.7719023764444051,0.4328668492785862,1,interior
0.7612752460029524,0.43838562882565857,1,interior
0.8749271457021645,0.29087997404185234,1,interior
0.5222640587328978,0.7776868448737676,1,interior
0.5170898670737055,0.7742538561306408,1,interior
0.5155351783287035,0.7816553783065684,1,interior
0.5857779256016643,0.696483866186246,1,interior
0.5407982283372595,0.7830574318397961,1,interior
0.5334916059235951,0.786081378808589,1,interior
0.5283013320602378,0.781150085798567,1,interior
0.8765166208740233,0.2962938828106171,1,interior
0.6168423765355453,0.7008358657293075,1,interior
0.5576827164602447,0.7661324880923781,1,interior
0.5592777402854686,0.7537174610636468,1,interior
0.5107579994216053,0.78810326291348,1,interior
0.7848830883314801,0.42562562316751446,1,interior
0.7812414087545267,0.4357849302850815,1,interior
0.7866749957472869,0.43340820847237665,1,interior
0.8484127356150184,0.3443017241672459,1,interior
0.8365105826048005,0.3402713883081742,1,interior
0.8504132005758329,0.3384580189016987,1,interior
0.8412201867949481,0.34494815869018236,1,interior
0.5455990556370246,0.7893065398766593,1,interior
0.5514420955045946,0.7862791436705769,1,interior
0.5560893249784877,0.78238619061496,1,interior
0.7908740652535209,0.42137009675271836,1,interior
0.7842654754336417,0.41760187432622387,1,interior
0.7850262781935272,0.40299255662980266,1,interior
0.7926534613653422,0.3714491177268008,1,interior
0.5767680234926887,0.7354027580932411,1,interior
0.826510887746679,0.3455227250598089,1,interior
0.833250690795552,0.3467616211375004,1,interior
0.8043394830826225,0.40596628300906024,1,interior
0.8094322520286354,0.39690722970473313,1,interior
0.8062971233019862,0.3916179206535584,1,interior
0.6062155746982819,0.719053800247243,1,interior
0.8823987446028037,0.2923564805475964,1,interior
0.8794541781428904,0.28396994178697543,1,interior
0.8134587599773745,0.3754185611581982,1,interior
0.8161521324644851,0.3654653359063361,1,interior
0.5832354799466437,0.764557491896414,1,interior
0.7435725029216581,0.4105589349604615,1,interior
0.8887329706430089,0.2900127365516299,1,interior
0.8846346238218233,0.2854725877700385,1,interior
0.6141877808171666,0.7149866068087182,1,interior
0.6129693255909604,0.7225496794907932,1,interior
0.776172044355455,0.4355557673573342,1,interior
0.7908288617953957,0.4406275482236431,1,interior
0.8893330693552957,0.32302375713630804,1,interior
0.8807399676816224,0.3255558621779921,1,interior
0.889754543834014,0.3162546513394059,1,interior
0.8196575870012395,0.3534865528752895,1,interior
0.6191787845255132,0.7073747413679448,1,interior
0.8060899410508443,0.41266506291296023,1,interior
0.534954502345394,0.7931288117933836,1,interior
0.5258716294004694,0.7876797179750086,1,interior
0.8138982236179171,0.3926610701533562,1,interior
0.8117319368211143,0.38608984496791665,1,interior
0.8035258665982181,0.3610299736705059,1,interior
0.5798246699265172,0.7254742770015881,1,interior
0.5901930865167999,0.7637142054637713,1,interior
0.5866668388471611,0.7704627086608488,1,interior
0.43005266976049655,0.735871621338446,1,interior
0.591563477192353,0.7560635164664248,1,interior
0.5934363599663864,0.7709151363524157,1,interior
0.5956427747992565,0.7599733327074923,1,interior
0.6194707035172063,0.7209814327429247,1,interior
0.6208426357835816,0.7147256486395528,1,interior
0.8197602692424516,0.371527574825122,1,interior
0.8179365239047087,0.3802505929675747,1,interior
0.809207189526913,0.3805511169822046,1,interior
0.8253619205670851,0.3772726661324688,1,interior
0.825348165707247,0.384101552295988,1,interior
0.8192404753278214,0.3876784869411974,1,interior
0.6182465507453129,0.7280680616226144,1,interior
0.6072299731819745,0.7268213701230577,1,interior
0.8067163144408412,0.4474765161497228,1,interior
0.8009305446026859,0.44723203043592813,1,interior
0.8126326489605966,0.35476092082300076,1,interior
0.8217942362506018,0.36368115226541425,1,interior
0.7946223586078985,0.4348648713145995,1,interior
0.7925501808464087,0.42813747970318666,1,interior
0.8932062026918718,0.32932231140925133,1,interior
0.8863990034796961,0.32943443085773383,1,interior
0.8951667643523935,0.3189007535298235,1,interior
0.8986284097798084,0.32396311719981563,1,interior
0.8010737651270775,0.43636760775266586,1,interior
0.810548889968946,0.44374394774770254,1,interior
0.5295035034208594,0.7928721645883122,1,interior
0.5179268630502118,0.7891684366496328,1,interior
0.5228742021693272,0.7939267815975214,1,interior
0.5332599186211218,0.7725370014800023,1,interior
0.861003958672411,0.33609713987898665,1,interior
0.8574173724103368,0.3295938660433306,1,interior
0.8558264174162521,0.3423449133877821,1,interior
0.8383993500696005,0.35066359354427523,1,interior
0.5857643348072628,0.7465680345933058,1,interior
0.8087672602407613,0.40233725071091964,1,interior
0.8122836166656607,0.4084794887236963,1,interior
0.8061140141341219,0.4198980792380449,1,interior
0.8011152289032415,0.41662280807854113,1,interior
0.8122829729961474,0.4162934723647775,1,interior
0.5264156464457235,0.7984856631320632,1,interior
0.532596064828711,0.7997372990189954,1,interior
0.5048023686360608,0.7932961866681826,1,interior
0.5074647842440297,0.7989539913260695,1,interior
0.8153447016326093,0.4006358320323278,1,interior
0.6257444224049536,0.7077799746502452,1,interior
0.4928487309713968,0.8079956381304584,1,interior
0.6310978168698032,0.7157424939415887,1,interior
0.6256931928717837,0.7125499344563145,1,interior
0.6369171357400571,0.7090393959849697,1,interior
0.7109306611687213,0.3920997312521042,1,interior
0.5053325538131647,0.817739516155319,1,interior
0.49555200653045334,0.8129450473152288,1,interior
0.7988282097396262,0.4230548149437458,1,interior
0.8000694723042026,0.4302276336080347,1,interior
0.5401949341712083,0.7965532522459473,1,interior
0.5473625064439398,0.7968181353797906,1,interior
0.5394089083850455,0.7896220933312785,1,interior
0.7634444453474517,0.4288223905411271,1,interior
0.5777459339737021,0.7759472097635569,1,interior
0.5908064545024606,0.7778862942404657,1,interior
0.5836728025743328,0.7757937231551977,1,interior
0.5218882955000154,0.7835083967776078,1,interior
0.5204312610571867,0.8012808743431487,1,interior
0.5118561946054733,0.7943201939208183,1,interior
0.8204263644221214,0.3949214116690149,1,interior
0.5736537106334264,0.780720074431849,1,interior
0.5681422432162929,0.7778388568631452,1,interior
0.5525300111507135,0.792431521919358,1,interior
0.5489692630593913,0.8038455076962462,1,interior
0.5544006544002559,0.7990359249934982,1,interior
0.5432931218150108,0.8020820813079055,1,interior
0.6263441351644528,0.7195834671958062,1,interior
0.6245582073386375,0.7266584977972389,1,interior
0.5973742410005071,0.7655852276219365,1,interior
0.6054064014030632,0.7544628461692141,1,interior
0.6016342831343264,0.7604044420385554,1,interior
0.5984406842471163,0.7540261735731768,1,interior
0.5098152526704698,0.7643966778298419,1,interior
0.516591352639778,0.7623876801162132,1,interior
0.5265743508687717,0.8047783192118868,1,interior
0.5376417924421094,0.8045002135250813,1,interior
0.8808424413555935,0.3340590618324501,1,interior
0.8888350542476126,0.33607242894393025,1,interior
0.8968388666475856,0.33511264548458436,1,interior
0.5430721195197544,0.8087696275630081,1,interior
0.5361745356544537,0.8126542167675932,1,interior
0.9019590468199171,0.3164069422103314,1,interior
0.8953071943231744,0.3126911726258548,1,interior
0.6009495254147619,0.7255280840323648,1,interior
0.8529612185720309,0.3499145749797625,1,interior
0.8601709806512943,0.3508728805910076,1,interior
0.5171695667832316,0.7960111593898961,1,interior
0.5127851413866976,0.8015547068861845,1,interior
0.5213789920260498,0.8087630360258308,1,interior
0.8500025692234876,0.3558447216668489,1,interior
0.8617847803921744,0.34356362858406475,1,interior
0.8558091604331954,0.3572494210979676,1,interior
0.8958039711216084,0.2911279333936088,1,interior
0.8911907063485133,0.2847227741814226,1,interior
0.8891109229831478,0.29575217648547386,1,interior
0.8977684619961875,0.2828624238100947,1,interior
0.5873942379800277,0.7522294002711172,1,interior
0.9011822869355273,0.30910898739775367,1,interior
0.9056386662998184,0.3221779664396818,1,interior
0.9083443162433594,0.3104024263787001,1,interior
0.9061095969203442,0.32771802211627277,1,interior
0.9057939830875553,0.28299243514776834,1,interior
0.9006176713253194,0.2870800294560538,1,interior
0.9032073548036252,0.27783279787672627,1,interior
0.897206923294449,0.2762105002467958,1,interior
0.9010339094621824,0.2970367164671755,1,interior
0.9043067995868821,0.29068659986656087,1,interior
0.894781411166762,0.29906497319466446,1,interior
0.8452553592079138,0.3513522796542353,1,interior
0.5596886325282231,0.771779430930033,1,interior
0.5621565568648399,0.7865798715977297,1,interior
0.9142888553904807,0.31549693257475614,1,interior
0.911614851848805,0.30284948816212687,1,interior
0.9051314788763144,0.30337551352701125,1,interior
0.5555152495040082,0.8065364771234691,1,interior
0.56123274048895,0.8021507081979603,1,interior
0.5602662915505623,0.7940875018467024,1,interior
0.806782178774526,0.4340052057545371,1,interior
0.7977682259960895,0.4413841308703413,1,interior
0.8924613901375201,0.2788848349649123,1,interior
0.9112972238437331,0.28692088293502027,1,interior
0.9073101202399213,0.2971766064440215,1,interior
0.9104259143070571,0.292138235490106,1,interior
0.9134781120239819,0.2968018041603909,1,interior
0.8253676727697584,0.3671604517512156,1,interior
0.8284697212008804,0.36178923107666017,1,interior
0.8246153676576199,0.357436330659981,1,interior
0.9171397106219199,0.29154604709169724,1,interior
0.9194444267420573,0.3001188046387469,1,interior
0.8994813894780567,0.303010435309526,1,interior
0.8891361441332518,0.3026708119738455,1,interior
0.8119518261156212,0.3695380129447557,1,interior
0.5660663784825121,0.7982085644403181,1,interior
0.556825608786203,0.7884209400273612,1,interior
0.5680936746900732,0.791596877142223,1,interior
0.6103277193914683,0.7488696006490816,1,interior
0.6081706540691835,0.7613544959537033,1,interior
0.6027305729907984,0.7472400659886931,1,interior
0.6122504756087866,0.7558790382799084,1,interior
0.5936480538079998,0.7486021546999935,1,interior
0.8940048573259096,0.34073980516706737,1,interior
0.8884461248763813,0.3439911667541553,1,interior
0.5619119813768828,0.778752613414257,1,interior
0.8708495691041879,0.3186329407924478,1,interior
0.7658859770124435,0.43446513881853754,1,interior
0.8946012847749781,0.3062883851922291,1,interior
0.8773255623261742,0.3032812797491538,1,interior
0.6300695794697326,0.7252278538871424,1,interior
0.5099808812853204,0.8215954510118756,1,interior
0.8061718314277272,0.4268346162064329,1,interior
0.6032844366436235,0.7393506408910988,1,interior
0.5974705823647567,0.7429847122109059,1,interior
0.6096998204936981,0.7416112615911244,1,interior
0.5766420825991556,0.7919508062910973,1,interior
0.5722946902453716,0.7978449857913508,1,interior
0.5674625135777878,0.7839770418953961,1,interior
0.8775790218023909,0.3404133274222213,1,interior
0.8733860327407567,0.3366549792194749,1,interior
0.9127540632001697,0.3317594660444935,1,interior
0.9045711806909589,0.3341114527411045,1,interior
0.9155214081268636,0.30790998483716875,1,interior
0.5786277694894111,0.7976087613948261,1,interior
0.5839696927281626,0.7880632630190528,1,interior
0.5763807639527877,0.80323535854092,1,interior
0.57242566713331,0.7871474323267428,1,interior
0.8671490885514519,0.3398359147413675,1,interior
0.8268125771766456,0.3513843170370184,1,interior
0.562488607052798,0.8099992947007512,1,interior
0.8323509474988983,0.35507673887876984,1,interior
0.8394714837635903,0.3566151399544022,1,interior
0.5158311587967811,0.8127787570020696,1,interior
0.5105545470463123,0.8087384873868539,1,interior
0.9014659463084623,0.3403692881742568,1,interior
0.8999077240533644,0.3299176431142803,1,interior
0.8308464425881226,0.38113392198737356,1,interior
0.833213000912364,0.37492844617327986,1,interior
0.6127691048865042,0.7293191952394587,1,interior
0.8880893058919767,0.31016792859975967,1,interior
0.8715225345617477,0.2996154606102507,1,interior
0.8348139334543632,0.362007116587356,1,interior
0.8186654992641255,0.413968210135296,1,interior
0.8199698656422018,0.4072252499535356,1,interior
0.6150918743922066,0.7625877080805274,1,interior
0.6041839716409835,0.7669485423887213,1,interior
0.6106605941595884,0.7684847650045428,1,interior
0.5556366261049489,0.8144582793697397,1,interior
0.5690461046763978,0.8050359553767661,1,interior
0.5657675544176182,0.8175082492715756,1,interior
0.5607216448242462,0.815822356552963,1,interior
0.5694005012776708,0.8123116356945671,1,interior
0.8253408695834367,0.41232017732168885,1,interior
0.827849528476826,0.40583273570723627,1,interior
0.8220348102652837,0.40141016591806505,1,interior
0.9087795368614031,0.31749564605877945,1,interior
0.9128362782973757,0.3235620420193674,1,interior
0.9065011784466201,0.3453633445917666,1,interior
0.9089698152283491,0.3387378317359362,1,interior
0.5811192009580963,0.8065086369672715,1,interior
0.5757388177664625,0.810593180100316,1,interior
0.5836293969088223,0.8013655663969728,1,interior
0.910650807609693,0.27256975005221046,1,interior
0.9060550995790102,0.27423081197362975,1,interior
0.6471659586715952,0.7108392123813392,1,interior
0.6417549535971642,0.7103155128643895,1,interior
0.6233595720095567,0.7335078584571625,1,interior
0.9214586811496893,0.30684085239248343,1,interior
0.9278651291180281,0.2982936934615046,1,interior
0.9228866219574249,0.29428183490779747,1,interior
0.8377334402241426,0.36876087522293655,1,interior
0.8404415551067455,0.36291152139800836,1,interior
0.8341333029779332,0.4004751741589475,1,interior
0.6169711811536072,0.7510099364023848,1,interior
0.6162191772880774,0.673351170583951,1,interior
0.8184930049757511,0.42072157853370945,1,interior
0.915528940853169,0.33797834367430735,1,interior
0.9135069329282587,0.34397277217647865,1,interior
0.6375695856033078,0.7153811673859135,1,interior
0.6447975214795564,0.7166956768707501,1,interior
0.9196268027802218,0.32749660631082317,1,interior
0.9206176365426809,0.3341223124808341,1,interior
0.90485375239676,0.3535133948850423,1,interior
0.9005986679378521,0.34743163116619263,1,interior
0.8972286129716238,0.3439283990194807,1,interior
0.5674345566516694,0.824591676473179,1,interior
0.5733999626807229,0.8186995759089665,1,interior
0.5592180301808519,0.8218175423507039,1,interior
0.584076473665308,0.7944392631256281,1,interior
0.8372370726451052,0.38161379249770544,1,interior
0.8259912141216551,0.39086727624557205,1,interior
0.8328547331007002,0.38779075678522906,1,interior
0.8316114130898073,0.39422851165079853,1,interior
0.8269778523926874,0.3720214466563501,1,interior
0.5211737208848571,0.8153618297679049,1,interior
0.5164196625094342,0.8206221591302948,1,interior
0.5161339809449161,0.8064124203338345,1,interior
0.6159927476638474,0.7358968170415255,1,interior
0.6289971730326216,0.7383449269458127,1,interior
0.6308359330544582,0.7319200631239609,1,interior
0.6221639674815148,0.740397187637047,1,interior
0.5494726457760275,0.810658151061193,1,interior
0.5500655495428147,0.8161002522459702,1,interior
0.5511941161068904,0.8212758199515463,1,interior
0.8837320514694971,0.3051617337408946,1,interior
0.6417671516752842,0.7224652003437113,1,interior
0.6339459926380391,0.7208141204955613,1,interior
0.5804653183655857,0.7814992862804645,1,interior
0.9266919115612886,0.30410560605831044,1,interior
0.9317058120292488,0.3085692924099692,1,interior
0.9264927354696179,0.3110692579782374,1,interior
0.8167379151191806,0.4449737176894812,1,interior
0.8051781711261338,0.4412241472965949,1,interior
0.8127455572649549,0.43856155957469206,1,interior
0.6162356944622079,0.7440231930674103,1,interior
0.6087323191645938,0.7342530242729922,1,interior
0.8935273981294419,0.3481325201765662,1,interior
0.8978932804728625,0.35268003509513246,1,interior
0.5548400365425458,0.8287646427860427,1,interior
0.5434031732937729,0.82370017048766,1,interior
0.6230456852210379,0.7528024535324397,1,interior
0.6224661398477611,0.7472600515050044,1,interior
0.832848167913631,0.4130777710856456,1,interior
0.8289001476892117,0.4166824153969638,1,interior
0.8990299386017068,0.3585469147418727,1,interior
0.9096346662917979,0.3600749734585622,1,interior
0.9171367357334385,0.35012001255028674,1,interior
0.8752311732464874,0.3305468481221665,1,interior
0.9203627476692543,0.3132649654543936,1,interior
0.5998415857523715,0.771112312175289,1,interior
0.9270355335368023,0.32952926125876075,1,interior
0.9247928428289223,0.3237229777438023,1,interior
0.9263301286570497,0.3366230198366244,1,interior
0.9195153441903995,0.32029042728970863,1,interior
0.8451819914425828,0.3593220062983362,1,interior
0.8130257892525862,0.4306761968434075,1,interior
0.8203862452579359,0.43994493975255683,1,interior
0.824078700665927,0.44489804551219314,1,interior
0.6271421572299462,0.744173600284615,1,interior
0.9185436658205616,0.2845810511000835,1,interior
0.924014901128773,0.28825519140151046,1,interior
0.8829297737319806,0.34119396122601997,1,interior
0.5440474556598432,0.816424181790589,1,interior
0.9129311161194653,0.28140095962186484,1,interior
0.9109344239487877,0.2769321217201936,1,interior
0.9311779105289558,0.2879072206771141,1,interior
0.9286308688021394,0.2926917878094024,1,interior
0.9261623268446488,0.2816782981337076,1,interior
0.9189566740291516,0.2782003992334368,1,interior
0.9336016391676744,0.28272160951428493,1,interior
0.6493231058741102,0.7223788368578362,1,interior
0.6512353479835751,0.7159627987877073,1,interior
0.9173861314480479,0.2726116531413751,1,interior
0.531942032775152,0.8070855834818003,1,interior
0.5372970700288839,0.8200771718326673,1,interior
0.5275541347858326,0.8126198994488918,1,interior
0.6024775578048417,0.7323690396210442,1,interior
0.5914050219612719,0.7918671446046007,1,interior
0.5917888011544963,0.7862581616901215,1,interior
0.5898429325858688,0.7982142673340263,1,interior
0.9336447443058634,0.3025432638229453,1,interior
0.9207155888608244,0.3421380744081233,1,interior
0.879333973516309,0.2879232620389028,1,interior
0.9354857130997503,0.29492096615761204,1,interior
0.9380673639596422,0.2872228790404971,1,interior
0.5805938235469682,0.8163606641021731,1,interior
0.5887837723658782,0.8029838682465589,1,interior
0.5824745011904686,0.8113054298186952,1,interior
0.5860669766713608,0.8208581155667649,1,interior
0.5834993025194671,0.8267749577623266,1,interior
0.5875281546553603,0.8147645236506457,1,interior
0.834291146490164,0.40711013464003115,1,interior
0.8422343907778779,0.39965813716806114,1,interior
0.8393301793178658,0.40455341474474543,1,interior
0.9259052897806536,0.31762358645645244,1,interior
0.9327717498088521,0.3155294842864663,1,interior
0.5105219449835687,0.8153727570208139,1,interior
0.519086943252949,0.7679774121959578,1,interior
0.5612789629500662,0.8281814622991824,1,interior
0.5603515656190752,0.8343468975535231,1,interior
0.655919108439344,0.7306496896435577,1,interior
0.648097637827435,0.7284714513849655,1,interior
0.6551215161350652,0.7251430289036604,1,interior
0.6545934687150744,0.7203112202686376,1,interior
0.6621790969528372,0.7348169887369452,1,interior
0.877681274433739,0.3471341092965938,1,interior
0.8832721243505448,0.3476061554893898,1,interior
0.6374242154959775,0.7323727954024062,1,interior
0.6432472830169157,0.7346498835729646,1,interior
0.6499280815456273,0.7355364449345886,1,interior
0.8830696006673134,0.29903845755057173,1,interior
0.840077242428305,0.441273328911381,1,interior
0.8338953953389695,0.4400110237778908,1,interior
0.6018230425293749,0.7819837086895906,1,interior
0.5962580342800756,0.7834808348544454,1,interior
0.9310228366671275,0.27134338321385165,1,interior
0.9251225855305628,0.27371272102074923,1,interior
0.5862790551729766,0.7820585828134401,1,interior
0.8248597760231536,0.4263758165198552,1,interior
0.8177908153847941,0.4260151463768002,1,interior
0.8121706175334361,0.4233370897613109,1,interior
0.8399323298959747,0.41041019909095006,1,interior
0.8400423285973708,0.416752112581419,1,interior
0.8874181864344924,0.35123470888057434,1,interior
0.8922775115083492,0.3560100443493484,1,interior
0.5758272579968343,0.826418978413595,1,interior
0.8274991728190734,0.440298657901766,1,interior
0.9270883772360221,0.34235185208966623,1,interior
0.9249318067631741,0.3484483265931569,1,interior
0.8664658740107577,0.34741558464077577,1,interior
0.8622173533661285,0.35947780802696655,1,interior
0.8677681560357854,0.3549721616710875,1,interior
0.9396847500218862,0.3165673412833005,1,interior
0.9380627145720812,0.30918973263989263,1,interior
0.9369933597802137,0.3222757770914733,1,interior
0.940232723201702,0.30206625988022867,1,interior
0.9438853929919352,0.31220069264021216,1,interior
0.668633784550715,0.7374038269509638,1,interior
0.5709504955177931,0.8300813480108392,1,interior
0.8746329823086662,0.3589004283237889,1,interior
0.8744610764464877,0.35329967189593253,1,interior
0.8690516907322459,0.3625503963436194,1,interior
0.8441132339127017,0.3822273198482838,1,interior
0.8413176104832774,0.37505577336033996,1,interior
0.8405149935714623,0.38819086259597024,1,interior
0.8379074743562915,0.39413079509170235,1,interior
0.8715533868900283,0.34947242529840783,1,interior
0.9420017487033598,0.2915477021699958,1,interior
0.9487785375284548,0.29369992174066295,1,interior
0.9426043439337081,0.29674276942410216,1,interior
0.8236233091631234,0.33664190523316345,1,interior
0.8721706283313179,0.3435255160610932,1,interior
0.6711999519296993,0.7433158357183645,1,interior
0.6636661328262553,0.7410547375496707,1,interior
0.8245058458746352,0.419184494497399,1,interior
0.81773005699188,0.4350768067730352,1,interior
0.6072169152773387,0.7825800799347251,1,interior
0.5977946388408066,0.7767715712138696,1,interior
0.6015057302590727,0.7909116292347578,1,interior
0.9509872015988208,0.3193338142265641,1,interior
0.9512217983585624,0.3126122203942567,1,interior
0.9455369364456062,0.30709133041502207,1,interior
0.6121799164377013,0.7761403794405749,1,interior
0.6052119952997803,0.7747948278284703,1,interior
0.6125424248661189,0.7853127761445523,1,interior
0.8804904500330347,0.3540044523302735,1,interior
0.8858618410191342,0.35717231489583984,1,interior
0.9583776601098978,0.31786815736078405,1,interior
0.9555518629432103,0.32352741641495303,1,interior
0.9502104862444083,0.32489452047408107,1,interior
0.9442181646161573,0.32255731905017626,1,interior
0.5876404540516819,0.807841620300776,1,interior
0.8449225617209578,0.36726826837289483,1,interior
0.8313754564354152,0.3678071900506707,1,interior
0.9321768212805642,0.2773716612818517,1,interior
0.9405689777558873,0.2696105878072019,1,interior
0.6359176409420937,0.7266390538773,1,interior
0.6415995783735495,0.7285487097905923,1,interior
0.8293889131007681,0.43357634460031397,1,interior
0.8238031129876043,0.43427807118514683,1,interior
0.8811556952323304,0.3610759130262102,1,interior
0.5959916619304664,0.796825344060272,1,interior
0.6518643724422264,0.7412620833818302,1,interior
0.6511003338914702,0.7468278643063592,1,interior
0.6569132072830077,0.73762593628279,1,interior
0.6446387535063678,0.7419512249887802,1,interior
0.9319232698229766,0.3453744653398239,1,interior
0.9214687398242484,0.3542092696261001,1,interior
0.9314141080381952,0.35079918233600565,1,interior
0.6316677982957304,0.7101437882075796,1,interior
0.5941804665924693,0.8122819011775323,1,interior
0.5797588806096027,0.8218788843315913,1,interior
0.5928512069417963,0.8195819112202981,1,interior
0.9479069588543085,0.270160507889502,1,interior
0.9403190449564793,0.28036229498444964,1,interior
0.937140584394657,0.2733290704872621,1,interior
0.9448790297082903,0.2753355021362351,1,interior
0.8321386075357168,0.42107422470514977,1,interior
0.9317257879898376,0.3335948914542962,1,interior
0.9405600625424184,0.32832414464147885,1,interior
0.8882930516907377,0.3625191093325176,1,interior
0.8828215296033993,0.3671119733367905,1,interior
0.8945299257933472,0.36215555451136294,1,interior
0.8880184234625463,0.3675029839800725,1,interior
0.6179335439536862,0.7694984809446369,1,interior
0.6225616599912379,0.7629803363734697,1,interior
0.6191905118305387,0.7573441376079529,1,interior
0.9379562421220117,0.34226296906746595,1,interior
0.5776149301107042,0.7859843594935614,1,interior
0.9540785923741992,0.32987329702909696,1,interior
0.9612558107924778,0.32610004461464914,1,interior
0.9594200459116079,0.3326518551543061,1,interior
0.6149604472312965,0.7941000212182567,1,interior
0.899615038996382,0.36627476969753847,1,interior
0.8197615847443975,0.430386362940036,1,interior
0.8485627793663876,0.3773248829144433,1,interior
0.8393816168895871,0.4357205194513004,1,interior
0.845063814304475,0.436256378000517,1,interior
0.8354539007430101,0.43240347428729026,1,interior
0.9534474868157863,0.27572604114253785,1,interior
0.8423552154199494,0.42902659311664804,1,interior
0.836157704762692,0.4266189718999388,1,interior
0.9592971265845122,0.31038727472496375,1,interior
0.9653704486274693,0.3145778627920759,1,interior
0.8658191104868069,0.3741547461577197,1,interior
0.8708445737159232,0.3693534946821027,1,interior
0.8639441029225483,0.3670931211568366,1,interior
0.9650519437669528,0.32113183699698833,1,interior
0.9693826670499793,0.3274470789936345,1,interior
0.971177063162667,0.319654787407367,1,interior
0.6217820374284744,0.7908276586188568,1,interior
0.6122845921319333,0.8012441763408159,1,interior
0.6240124408508647,0.796089506084081,1,interior
0.6186124439091857,0.8006775929392287,1,interior
0.9342794205441948,0.3284628491036395,1,interior
0.9455169760064703,0.2866138245828617,1,interior
0.9542102526888995,0.2993207768827658,1,interior
0.9532400360437436,0.2878957998981463,1,interior
0.9559092107042135,0.2933471481861252,1,interior
0.5262855070428027,0.8267442754092945,1,interior
0.6578226231709875,0.7442844377332838,1,interior
0.6645074903425782,0.7475921162266737,1,interior
0.9167955804806668,0.3586752318816305,1,interior
0.9117460764160231,0.3545545833751622,1,interior
0.9105063586394673,0.3493597480648198,1,interior
0.8481117053884671,0.4393523932992771,1,interior
0.952940166892667,0.30588454592635805,1,interior
0.6306221247158409,0.7624156869128879,1,interior
0.6224513868894401,0.7731724402005657,1,interior
0.6321590564593935,0.7697144621376878,1,interior
0.6265279109279759,0.7571157743562136,1,interior
0.5355299470679283,0.8307659175942335,1,interior
0.538697835876761,0.8365485672524557,1,boundary
0.9041768763974231,0.3611902194702396,1,interior
0.537443150236781,0.8256745273584585,1,interior
0.5211931136488843,0.8254075667022392,1,interior
0.8456483024972217,0.40573570697000366,1,interior
0.8503296402310777,0.3996774907186246,1,interior
0.8469853879613435,0.41220841986614687,1,interior
0.8269993177426903,0.39809524683232805,1,interior
0.85920185344357,0.37244306989467324,1,interior
0.8719397497314473,0.37532911892514553,1,interior
0.8572776909836647,0.36501867014209294,1,interior
0.8615456872099757,0.379445685805903,1,interior
0.8688127057173517,0.38151119314599746,1,interior
0.6763986554991442,0.7470829684071524,1,interior
0.6708212086357657,0.7504193721679283,1,interior
0.8632813612977287,0.3854710632719874,1,interior
0.8751222393929124,0.38644621218700864,1,interior
0.8678564855548843,0.3897174439683127,1,interior
0.8764102900421715,0.37979616387645687,1,interior
0.52504158754717,0.8204878767352833,1,interior
0.9474420266060785,0.3009113090603878,1,interior
0.9470455820934719,0.3290838507919634,1,interior
0.9357551905045783,0.35564900205458005,1,interior
0.9297564167749126,0.3611288203888456,1,interior
0.9376611080745461,0.3489278562255482,1,interior
0.9277579390952183,0.3551066910048633,1,interior
0.5983663678516362,0.8075427370403203,1,interior
0.8509385524654185,0.38376606549649006,1,interior
0.8830362496436038,0.377828540034212,1,interior
0.8810783503515156,0.3923809371277233,1,interior
0.8744386123731698,0.3924195757083911,1,interior
0.8453133841967405,0.39390947834510753,1,interior
0.8524557425949687,0.3913084658451589,1,interior
0.846855369760324,0.3880487031448305,1,interior
0.9603545924139657,0.3038383359973151,1,interior
0.9440020075504799,0.34576393917743786,1,interior
0.9434810771211417,0.3334709520437257,1,interior
0.9377687607341588,0.3349725218072076,1,interior
0.9435091984617943,0.3391518652433943,1,interior
0.9490001810727778,0.33512058647683624,1,interior
0.9306204425623202,0.32279894318232594,1,interior
0.6577035406977241,0.7505275122908746,1,interior
0.6645201019342115,0.7547725269319521,1,interior
0.6285673402169991,0.7886535661569971,1,interior
0.6171371894962476,0.7883487113752908,1,interior
0.6285345878893501,0.7812537697729223,1,interior
0.6257386471772427,0.7682238961033995,1,interior
0.6280849739590947,0.7744704706951877,1,interior
0.6177649423702793,0.7777239075390714,1,interior
0.6237004539473155,0.7783391057042255,1,interior
0.9438107536982522,0.35239573125091145,1,interior
0.9510539619374458,0.34854336106481876,1,interior
0.5658634137613523,0.8371036824465333,1,interior
0.9762796962556125,0.32470361990377167,1,interior
0.9778053697887404,0.3167118929436567,1,interior
0.5312816711622326,0.8183466429309103,1,interior
0.531490944149117,0.825749927952681,1,interior
0.8576980574095977,0.43683052389600086,1,interior
0.8649281067917765,0.437027691773256,1,interior
0.8620962557383519,0.4337665051579472,1,interior
0.8382697528663515,0.3343583910947701,1,interior
0.8550139892844149,0.37809553496124054,1,interior
0.8521489763196763,0.37062636718754416,1,interior
0.8465818863300459,0.3724016885268081,1,interior
0.6367308303131752,0.7387182884558331,1,interior
0.8570398070464065,0.3850469482045862,1,interior
0.8783563376189009,0.37243677235283723,1,interior
0.8878577307456968,0.38174471013270617,1,interior
0.8897328051120429,0.37711966135146785,1,interior
0.8825036392321065,0.3850319575140095,1,interior
0.9678925877012672,0.307403080880512,1,interior
0.9428198811533294,0.35797171387658777,1,interior
0.9375496473739743,0.36224417287179983,1,interior
0.9761124281383871,0.3089028339059201,1,interior
0.983298364806584,0.3111911611989659,1,interior
0.9809356159697804,0.3048530262264304,1,interior
0.954800286016689,0.3368160328795497,1,interior
0.9552630108693829,0.342638431153246,1,interior
0.9225056763132595,0.36565783606245783,1,interior
0.9144532094181643,0.3644522437775647,1,interior
0.5808753165702126,0.8323567747061643,1,interior
0.5755498394699832,0.8328488263122085,1,interior
0.9495066957921231,0.34156203387222644,1,interior
0.9614548189283181,0.3388739368500929,1,interior
0.9218488493050013,0.373210593773415,1,interior
0.9077820647355437,0.3677433709882036,1,interior
0.9751058902682054,0.3320295389212202,1,interior
0.9691913186338866,0.3365068858363078,1,interior
0.964856644287359,0.33225434945992516,1,interior
0.8520199196094903,0.43648395869562645,1,interior
0.8478328608311574,0.4178133014828945,1,interior
0.8387821673224977,0.42274094804018764,1,interior
0.9491267434454581,0.28136699676720106,1,interior
0.9652416107787908,0.3436825351341253,1,interior
0.9587972208515335,0.34624648677563186,1,interior
0.8486119300386415,0.4245460004796042,1,interior
0.8687673616127254,0.4333236050557222,1,interior
0.8760108000245479,0.3655031736302042,1,interior
0.6214072897814281,0.7840547406470267,1,interior
0.5738160059892348,0.8412106549105122,1,interior
0.5660300340325648,0.8317599866253079,1,interior
0.9609170621814181,0.2971267136709887,1,interior
0.9620801320409584,0.2893878563279777,1,interior
0.9566457241073202,0.2829810295678616,1,interior
0.6447300169590008,0.7495429575668378,1,interior
0.6509458729508227,0.7532188810729862,1,interior
0.6448019212901029,0.7570336792852753,1,interior
0.6333443784197891,0.754729871692246,1,interior
0.9400571289016965,0.3682353924755386,1,interior
0.9458373876306445,0.3631710806510369,1,interior
0.9286404611698965,0.3774040974937714,1,interior
0.9317985020752606,0.36671839470962936,1,interior
0.9157782144047002,0.37650226686568167,1,interior
0.9215383881300726,0.3794627931371694,1,interior
0.9277238699427555,0.37104072612307154,1,interior
0.9507212090046205,0.3567406827398018,1,interior
0.9564178530401893,0.35226562386414473,1,interior
0.9795777894307705,0.33666517343582036,1,interior
0.9816415644146846,0.33009936921141364,1,interior
0.6374639497889751,0.7471925427139998,1,interior
0.6293584286515,0.7500451569873212,1,interior
0.6337348039302141,0.7764984548933045,1,interior
0.638266752228275,0.7720526367802355,1,interior
0.6347323851156741,0.7830725425799709,1,interior
0.8871344381079512,0.37228179067339734,1,interior
0.6513658626210345,0.7596253204494582,1,interior
0.6569498891323766,0.7626036104561227,1,interior
0.6417813348050296,0.7624887844931019,1,interior
0.639578599217457,0.7532815312513036,1,interior
0.6471440916198662,0.7637316681896342,1,interior
0.6416774000201214,0.7842130531979508,1,interior
0.6446573737970955,0.7741022639338587,1,interior
0.6771850480140209,0.7529529209809684,1,interior
0.6005012249120008,0.8006510778392207,1,interior
0.5875976721467704,0.8320511815456428,1,interior
0.5778865683865737,0.8387311501526824,1,interior
0.5711906862510644,0.8363466520999268,1,interior
0.9598551583743872,0.2780846818363118,1,interior
0.9609290320283687,0.2729500420721077,1,interior
0.8508743228123065,0.3627841065697912,1,interior
0.6625533446197092,0.7614386136933057,1,interior
0.6572481310203214,0.7566820693526831,1,interior
0.6608377773578329,0.768847352968116,1,interior
0.6547351639405683,0.7710277741773959,1,interior
0.9544527920711242,0.3638632607912174,1,interior
0.959538195084751,0.35744122728485966,1,interior
0.9629692424537065,0.3513800696162436,1,interior
0.8600330502854994,0.39084742408030415,1,interior
0.8763306963830141,0.43271896210486044,1,interior
0.6695595788590746,0.7608103924916643,1,interior
0.6715738320347407,0.7559488872829802,1,interior
0.9717862665686651,0.31320661273774036,1,interior
0.8831487666140594,0.3990527814622968,1,interior
0.8868016465476047,0.3904221595084845,1,interior
0.8770466428611877,0.3987924680183941,1,interior
0.8629515045991926,0.3961792480496151,1,interior
0.6070922076278341,0.799602531516312,1,interior
0.7914068070689294,0.35287614213273105,1,interior
0.9751770529266359,0.3386328792344866,1,interior
0.9867113201277334,0.32631924640379434,1,interior
0.9820256668699558,0.3228924405686528,1,interior
0.9547927665587482,0.2695466278234255,1,interior
0.8634863973932081,0.42618845111204207,1,interior
0.8566655358357451,0.4313348302741338,1,interior
0.8552048989034756,0.42595819285256753,1,interior
0.8310855966800089,0.42778336644468967,1,interior
0.8437234650706905,0.4221031815840224,1,interior
0.9720952837646771,0.3494420730392939,1,interior
0.9679367373562069,0.3526309414287391,1,interior
0.9677763290824796,0.34770736440595906,1,interior
0.8950436273839599,0.38144794813470845,1,interior
0.8954310213491209,0.3736483150466938,1,interior
0.8903194555590481,0.38647756993817256,1,interior
0.8723798007618017,0.4266156212160778,1,interior
0.8584837129324547,0.42074384001707177,1,interior
0.8628732664594141,0.41725497207047435,1,interior
0.8696347504178158,0.42038678723639417,1,interior
0.8881389595011191,0.4029942219309712,1,interior
0.8762724038968991,0.40600088649377697,1,interior
0.8817661149021455,0.4051213765937114,1,interior
0.8879726112799923,0.3963829590624955,1,interior
0.8866221856818519,0.40910993699722953,1,interior
0.6744483579877559,0.7665909462867356,1,interior
0.6671473930094131,0.7660248751118172,1,interior
0.6775200781770726,0.7592826684773512,1,interior
0.581197935495222,0.7529313186816844,1,interior
0.9723592101219393,0.3435145787595946,1,interior
0.9837451583976249,0.3174343794949929,1,interior
0.9880460164299169,0.32103157821583056,1,interior
0.8529645374938589,0.4204097154856904,1,interior
0.8497176549701323,0.43062865228946173,1,interior
0.8564136518849524,0.3962318719235519,1,interior
0.4980316860308913,0.7836623106084671,1,interior
0.9429363481253733,0.37495879455721076,1,interior
0.9347485004918714,0.37293107582360535,1,interior
0.9478651227148612,0.3693539785579066,1,interior
0.8580645430096928,0.40217101182900894,1,interior
0.8530321991540708,0.40736783736164145,1,interior
0.9599443163722403,0.3617521921952087,1,interior
0.9536483985932902,0.37075276247471606,1,interior
0.9885608978880286,0.3158780702698853,1,interior
0.9923813087519108,0.314652442554921,1,interior
0.9202104295232229,0.3857271059911677,1,interior
0.9158460974574725,0.3818844273998183,1,interior
0.9260985588735328,0.38373743744921035,1,interior
0.8816251250396687,0.4351454786219259,1,interior
0.887157855221538,0.4375796357922529,1,boundary
0.8928354430937108,0.3678793537111143,1,interior
0.9019179570229872,0.3720493735362256,1,interior
0.8926411761797143,0.39282864085526326,1,interior
0.8981477166302303,0.3950794279961753,1,interior
0.8945584333844684,0.40031271108141303,1,interior
0.6819437289862865,0.7651295554702476,1,interior
0.8970180378091092,0.3884219186851245,1,interior
0.6325413181625676,0.7438499262002287,1,interior
0.8683618325309643,0.4133606803563983,1,interior
0.8777090919901988,0.4207609787913292,1,interior
0.5486578131413345,0.8261192272966611,1,interior
0.5964985291692321,0.7307729676416914,1,interior
0.6643546767811684,0.7764028945713034,1,interior
0.6746288455031706,0.773550981679386,1,interior
0.9064036457542148,0.37490247905560575,1,interior
0.9092465532391429,0.38106903843090567,1,interior
0.9156159555137191,0.3699793710663388,1,interior
0.5817173853777365,0.8431967105530717,1,interior
0.901574921945926,0.37848874507806324,1,interior
0.8715892112279432,0.4016938732296264,1,interior
0.8651792520100575,0.4020587153886514,1,interior
0.5851482889146034,0.8461274007927416,1,interior
0.5882934398998888,0.8427331460322595,1,interior
0.9942601893447277,0.31033104023939534,1,interior
0.9869367132540585,0.3046962685262469,1,interior
0.6019603430593093,0.8123423818648478,1,interior
0.5845300959184544,0.8377943718792765,1,interior
0.5943456297477434,0.8314503416581758,1,interior
0.5914433731188408,0.8375721974071562,1,interior
0.9671584940573393,0.3009250985123639,1,interior
0.9721940152407494,0.29652232292466046,1,interior
0.8476111680827026,0.33346922518414335,1,interior
0.595510649165667,0.8436075306320953,1,interior
0.8550031982530284,0.4144100570329002,1,interior
0.9664327671508637,0.2947646930426141,1,interior
0.9685542964157313,0.28456717729265674,1,interior
0.6362555200916493,0.7890831368974903,1,interior
0.6329911566398643,0.800737864434109,1,interior
0.6325005535550592,0.7952400903892478,1,interior
0.9324135135406563,0.3391747360681254,1,interior
0.5957352722382103,0.8550096387936051,1,interior
0.5962019725077868,0.8502065952747643,1,interior
0.9138973395689396,0.38708679396598944,1,interior
0.9079887433012551,0.3889805666622221,1,interior
0.9189849179445272,0.3915886116348953,1,interior
0.6037984410358771,0.8061852331859158,1,interior
0.5938442954046046,0.8040926854906234,1,interior
0.6401402670677805,0.7944516932035244,1,interior
0.6427776024928182,0.7892041140218616,1,interior
0.6090012505048737,0.8082863008716596,1,interior
0.6149666004164638,0.805359356769532,1,interior
0.8615124701759045,0.4091646326560762,1,interior
0.6512454702233822,0.7754975553133251,1,interior
0.658027010404539,0.7757420791981907,1,interior
0.6533102749189249,0.7658618538093976,1,interior
0.653742102287782,0.7809441735709727,1,interior
0.6119723781978628,0.8131564517882591,1,interior
0.968227031477678,0.27138453392587036,1,interior
0.5969951673578276,0.8596389274773317,1,interior
0.975211941956123,0.3014903380273009,1,interior
0.8805908986341193,0.42679037453658636,1,interior
0.8859897194986531,0.42141599030139115,1,interior
0.8811841247094943,0.41324215667534486,1,interior
0.8744923950244043,0.4159436201434083,1,interior
0.64720453961515,0.7927027671659762,1,interior
0.6489963619403731,0.7863444403477396,1,interior
0.8697869682674,0.39638674762225884,1,interior
0.898785944071402,0.40628086067651364,1,interior
0.9026573754573815,0.40086898010519295,1,interior
0.6457165290675388,0.798452745208584,1,interior
0.6522860195870538,0.8013545514574139,1,interior
0.6542372091648948,0.7915258678695309,1,interior
0.6519909749676267,0.7965061664419695,1,interior
0.9506180613974715,0.3760781412445831,1,interior
0.9422317719690753,0.3813909300581969,1,interior
0.9365362737145498,0.3788903118667715,1,interior
0.9325474174405227,0.38328592711073567,1,interior
0.6469104599504713,0.7800976688603947,1,interior
0.603121362001908,0.8597858324235326,1,interior
0.6016241641758919,0.8545045860147102,1,interior
0.8692237721542276,0.4070633381793914,1,interior
0.9833195326770197,0.29877841526950816,1,interior
0.9787943052673569,0.2928747442239144,1,interior
0.9628480428069753,0.28299799347246957,1,interior
0.912919333012543,0.39315346929051015,1,interior
0.9077096495969235,0.39661938600346325,1,interior
0.8877825900604678,0.42963060884652954,1,interior
0.883962402306544,0.43221939288188427,1,interior
0.9708606197802996,0.29056993024684985,1,interior
0.9659137741655996,0.27778597605885796,1,interior
0.9785204502069539,0.27885386095295145,1,interior
0.9757496511812346,0.2855354673613389,1,interior
0.6128692760056768,0.8178172142311663,1,interior
0.8119349266952014,0.4478978453231237,1,interior
0.9614880947595874,0.2680592188751211,1,interior
0.6488093238663276,0.7697874980256213,1,interior
0.6400711341039315,0.7783544997921675,1,interior
0.5906431484754388,0.8259799967064604,1,interior
0.9100860595755746,0.4045157486738363,1,interior
0.9045302338671873,0.4101165411358735,1,interior
0.902737404482785,0.392433943323332,1,interior
0.6037937828649516,0.822121529347658,1,interior
0.5994167122522526,0.8181016977259397,1,interior
0.9348207574335285,0.389071477900543,1,interior
0.9388551021249499,0.3855807909390685,1,interior
0.8937026035527071,0.41963554318382923,1,interior
0.8895244296694952,0.4144834081605507,1,interior
0.892111715512731,0.4268351643294796,1,interior
0.6375820819940875,0.7591235181440403,1,interior
0.6066736547556673,0.8163443453379677,1,interior
0.609308486868742,0.8222906913213707,1,interior
0.9748732458130287,0.272592838218736,1,interior
0.9720530218356406,0.278646873713568,1,interior
0.8767739072527663,0.3204766850396181,1,interior
0.5981349024876275,0.8251883697409281,1,interior
0.5982157649560987,0.8369338884174811,1,interior
0.6004161945094119,0.8310993402759597,1,interior
0.8743185605776793,0.41080260067130575,1,interior
0.660822940558924,0.7890706292329082,1,interior
0.9837981547670468,0.28482731747012346,1,interior
0.9838384066542216,0.2754615731487304,1,interior
0.9161567813747131,0.4078412355355613,1,interior
0.9124887187026839,0.4128861664296889,1,interior
0.9182121196813496,0.4022685864411417,1,interior
0.9570989632849043,0.37632797423289416,1,interior
0.91767098323197,0.39668223406449055,1,interior
0.9221757599796276,0.4072632104950758,1,interior
0.9205262473505386,0.41219899536990257,1,interior
0.9240636352913068,0.3969944679283667,1,interior
0.9249471696115078,0.390320874729247,1,interior
0.9129141212153522,0.399095314490863,1,interior
0.9175458437143366,0.4175236566780408,1,interior
0.9313870355328414,0.39414325917840115,1,interior
0.9305270717886103,0.4012533044930838,1,interior
0.6280488320340738,0.7997640910927024,1,interior
0.9011784304499234,0.4183004937047629,1,interior
0.8927374178262962,0.40777639689106643,1,interior
0.6412065424704502,0.8063919459689163,1,interior
0.6390361932924306,0.8004091127786265,1,interior
0.9526378316591689,0.3830620029526865,1,interior
0.9586243110612717,0.36962884149715375,1,interior
0.6057446897218608,0.8276387942789496,1,interior
0.997597750976268,0.3041852453483786,1,interior
0.9558427105585351,0.38797666729969876,1,interior
0.9110755366793875,0.3740028754799036,1,interior
0.9891408517933136,0.2800502533627656,1,interior
0.6050877284963967,0.8346655406386871,1,interior
0.92975530194836,0.38814709077609744,1,interior
0.9362705124061541,0.3983358116283996,1,interior
0.6859219638259328,0.7714030993108437,1,interior
0.6460426998770085,0.8039657716063138,1,interior
0.6463144323822828,0.8100043363664963,1,interior
0.9507834974488997,0.3896729784075118,1,interior
0.9537038389911318,0.3945442635797196,1,interior
0.9126325101298098,0.4216870449406,1,interior
0.9075915032715379,0.4165462849420874,1,interior
0.994461263526253,0.28118858781153405,1,interior
0.9924914283034695,0.2870348726418814,1,interior
0.9945366455783965,0.2758485272700833,1,interior
0.6027211422690085,0.841225086107428,1,interior
0.6070642543754595,0.8511273089952202,1,interior
0.652280940749013,0.8075917993840309,1,interior
0.6427645932302577,0.7680919253264328,1,interior
0.9291909823215229,0.4094834198784995,1,interior
0.9238005731269284,0.4166664346947848,1,interior
0.6597956525600704,0.7970986270289597,1,interior
0.9232920749499393,0.3596153941115284,1,interior
0.679914934489173,0.7720086104993157,1,interior
0.6707689856521143,0.7784505910345065,1,interior
0.6686178286252629,0.7715884935255186,1,interior
0.6591718073881223,0.8105706161617778,1,interior
0.651362764167846,0.8138712382262604,1,interior
0.6578621117807533,0.8041159039829523,1,interior
0.6779030615942176,0.779662391506622,1,interior
0.6660248353024971,0.7837401419551195,1,interior
0.6721931828833614,0.7853008906887106,1,interior
0.683699648836644,0.7768911963913846,1,interior
0.6733898195104261,0.7921135980830529,1,interior
0.666629727137323,0.7911332543527819,1,interior
0.6785460123715817,0.7870643064736568,1,interior
0.991339226630798,0.29898361366920634,1,interior
0.9871188222664155,0.29240631000383127,1,interior
0.9023550824424004,0.3849602127011407,1,interior
0.945540300645771,0.387227939664784,1,interior
0.9397740905006938,0.3927869588562354,1,interior
0.947202226191655,0.38064382018150955,1,interior
0.607681880834494,0.8450202116179538,1,interior
0.6086254674835901,0.8576908002756396,1,interior
0.6186764158998334,0.8632969095784672,1,interior
0.9458545025724258,0.3168120753144524,1,interior
0.9986511918605436,0.2911389592309056,1,boundary
0.8973520378956694,0.4238266580857495,1,interior
0.8970580919707967,0.41301002564576766,1,interior
0.9931375506143966,0.3048727806109945,1,interior
0.6125955746960227,0.8532778345437546,1,interior
0.6849519558516289,0.7830759727642903,1,interior
0.6804225482396966,0.7943621537547043,1,interior
0.674807147303636,0.7980377723503864,1,interior
0.6839760505148829,0.7892496886844481,1,interior
0.9492565722935574,0.40061443004809355,1,interior
0.6127059847666348,0.8480848931741057,1,interior
0.6165308844855455,0.8576250607442771,1,interior
0.6187664780736908,0.8509192587890604,1,interior
0.6557550942466068,0.7860692290663163,1,interior
0.660279583284512,0.7819478520451932,1,interior
0.9436281850295801,0.40698330177704656,1,interior
0.9366255802290153,0.40446197305904535,1,interior
0.9891796984729405,0.274274510237274,1,interior
0.6895271052171799,0.7771132207128424,1,interior
0.6942199240677125,0.779312220440754,1,interior
0.6972319715634145,0.7834614559601379,1,interior
0.9022322453962873,0.4252013613792028,1,interior
0.906435285742884,0.42180856717201554,1,interior
0.9083038122360912,0.42695750671510724,1,interior
0.9193220162090088,0.42369144249786644,1,interior
0.6644186393532718,0.804140252467994,1,interior
0.6682690281456165,0.7979090048645779,1,interior
0.9795811027615627,0.27212530221923537,1,interior
0.6016468051115954,0.8475976179126171,1,interior
0.9405567105885057,0.4127992311292658,1,interior
0.6231682820770688,0.8454412609846554,1,interior
0.6235852440093256,0.8554141787940034,1,interior
0.8971665696218712,0.42953965535226274,1,interior
0.9029062802230078,0.43002715414884235,1,interior
0.9895070931284597,0.3101932584570563,1,interior
0.9940406510980956,0.29328730199329783,1,interior
0.9352633867381225,0.41396382016136485,1,interior
0.9468420870237996,0.39442898005159144,1,interior
0.9423942033734098,0.39982656557515095,1,interior
0.6859020757842854,0.7994311850356789,1,interior
0.678805286207159,0.8073160061843211,1,interior
0.6897472583934047,0.7884799781604405,1,interior
0.6917398928474027,0.7836386544159133,1,interior
0.6246008607316689,0.8649455121370001,1,interior
0.6964153402671359,0.7892521464399753,1,interior
0.6935146453057138,0.7932545203463566,1,interior
0.9312900068184456,0.42173523881121416,1,interior
0.9298207759800853,0.41656245904100947,1,interior
0.9349459101179189,0.41822788043604053,1,interior
0.6724595411874069,0.8046108167124996,1,interior
0.6226495987180204,0.8600881675915446,1,interior
0.9244865315558187,0.42508196114339913,1,interior
0.701381548520844,0.7871356020891082,1,interior
0.6570929112325908,0.8169762612272308,1,interior
0.6999465029536897,0.796260361250344,1,interior
0.7020471008047371,0.7914781485350526,1,interior
0.9261484867847368,0.421571033793104,1,interior
0.6688155363654893,0.8163766939885546,1,interior
0.6671918346871406,0.810464627387117,1,interior
0.9371915923125969,0.4093296934573874,1,interior
0.9250663024253459,0.40323024924618556,1,interior
0.6251875814104468,0.8502297175585536,1,interior
0.6874894863881518,0.7939925019020624,1,interior
0.6381544553696717,0.8734510194137011,1,interior
0.6749849576310042,0.8122606077813684,1,interior
0.6795859063254609,0.8013521173460475,1,interior
0.663152213347528,0.8164388257866818,1,interior
0.6295833047245991,0.8537172435945638,1,interior
0.6346101869913828,0.8567687772291089,1,interior
0.6475502977209924,0.8767971040363444,1,boundary
0.6417468518863241,0.8706828283849611,1,interior
0.6359604347590178,0.8687612233957972,1,interior
0.6290169485843972,0.8599266138984951,1,interior
0.6368197987447496,0.7655740778020733,1,interior
0.6831356459136882,0.8123064783687699,1,interior
0.6846863697328497,0.8055582451014573,1,interior
0.641128616407819,0.8651916855493658,1,interior
0.7050868783141718,0.7990363459542739,1,boundary
0.6909722982004335,0.8039698715622287,1,interior
0.6304062497118529,0.8660899053852814,1,interior
0.6377507982169147,0.8543977387931617,1,interior
0.689312340447476,0.8094576202925312,1,interior
0.6966448073923729,0.8022745541872464,1,interior
0.6355343862307197,0.8624514962911296,1,interior
0.6925429286697518,0.7981670682849682,1,interior
0.19716646989374262,0.3112770229662164,2,boundary
0.19931386615511368,0.3057933584330713,2,boundary
0.20146126241648474,0.30030969389992623,2,boundary
0.20160524309824984,0.3150245799600858,2,boundary
0.20306965761511214,0.32949455626708735,2,boundary
0.20306965761511214,0.37370302404528777,2,boundary
0.20455683695893462,0.3241333466105213,2,boundary
0.20484061393152303,0.3681082634289808,2,boundary
0.20593976840069245,0.2989864704708678,2,boundary
0.2060440163027571,0.3187721369539552,2,boundary
0.20598617125254992,0.3500941121004607,2,boundary
0.2067066134545678,0.3342638089434834,2,boundary
0.2061946375843446,0.3542339090045317,2,boundary
0.20640310391613922,0.3583737059086028,2,boundary
0.2066115702479339,0.3625135028126738,2,boundary
0.20714986112604422,0.37285395313981096,2,boundary
0.20816487027328667,0.3445635868601701,2,boundary
0.21041827438490018,0.29766324704180935,2,boundary
0.21034356929402345,0.3390330616198794,2,boundary
0.21123006463697633,0.3720048822343341,2,boundary
0.2148967803691079,0.2963400236127509,2,boundary
0.21541912926549742,0.3706149344642082,2,boundary
0.21724768180202736,0.3018059175513784,2,boundary
0.21959858323494685,0.30727181149000593,2,boundary
0.2196081938940185,0.3692249866940822,2,boundary
0.22232135184639595,0.3124316554498436,2,boundary
0.2237972585225396,0.3678350389239563,2,boundary
0.22504412045784505,0.31759149940968123,2,boundary
0.2255017709563164,0.45438468739162186,2,boundary
0.2255017709563164,0.45869524994493455,2,boundary
0.2255017709563164,0.46300581249824724,2,boundary
0.2255017709563164,0.46731637505155993,2,boundary
0.226288862652499,0.4503064136952858,2,boundary
0.22707595434868164,0.44622813999894967,2,boundary
0.22733133750673504,0.3226014850700203,2,boundary
0.22758011975756878,0.37037093897567175,2,boundary
0.22786304604486424,0.4421498663026136,2,boundary
0.22875849188379904,0.4374367308202298,2,boundary
0.22961855455562502,0.3276114707303594,2,boundary
0.22965393772273382,0.432723595337846,2,boundary
0.2301193482158559,0.4675293942095699,2,boundary
0.23136298099259794,0.37290683902738725,2,boundary
0.2321817518367685,0.33116557483095316,2,boundary
0.23376623376623376,0.43147249091415896,2,boundary
0.234744949117912,0.3347196789315469,2,boundary
0.23514584222762713,0.3754427390791027,2,boundary
0.23473692547539537,0.4677424133675799,2,boundary
0.23730814639905548,0.3382737830321407,2,boundary
0.23767946497555534,0.41086186540732,2,boundary
0.23846043851733734,0.4341825365737445,2,boundary
0.23956444857004716,0.47101549364500517,2,boundary
0.23966942148760328,0.5221394477956414,2,boundary
0.2394939405973861,0.5283086467856436,2,boundary
0.23931845970716895,0.5344778457756458,2,boundary
0.24018608617863738,0.34173499938463753,2,boundary
0.24035922571829998,0.37824116402170327,2,boundary
0.24046580988462202,0.41265323206036264,2,boundary
0.24049017598915223,0.5180711087671707,2,boundary
0.24131093049070115,0.5140027697387,2,boundary
0.24203069657615112,0.3929259767678473,2,boundary
0.2421230194677659,0.41431044164350656,2,boundary
0.2421316849922501,0.5099344307102293,2,boundary
0.24240844438825665,0.5329194604192665,2,boundary
0.2430640259582193,0.3451962157371343,2,boundary
0.24325215479368872,0.41444459871340533,2,boundary
0.24315464326844088,0.43689258223333005,2,boundary
0.24380165289256198,0.38698278286607557,2,boundary
0.24439197166469895,0.4742885739224304,2,boundary
0.24454838597467898,0.5063370921835264,2,boundary
0.24481273129496603,0.41829459925918533,2,boundary
0.2452093511396668,0.47822140669592333,2,boundary
0.24557260920897284,0.3810395889643038,2,boundary
0.24557260920897284,0.39536025031597555,2,boundary
0.24554426378298078,0.4314435912920377,2,boundary
0.24549842906934433,0.5313610750628872,2,boundary
0.2459419657378012,0.3486574320896312,2,boundary
0.24637330779624336,0.42214459980496527,2,boundary
0.24602673061463465,0.48215423946941627,2,boundary
0.24656657395997647,0.4177590178796931,2,boundary
0.24696508695710787,0.5027397536568237,2,boundary
0.24752824378979787,0.35364664129177403,2,boundary
0.24793388429752067,0.42599460035074527,2,boundary
0.24911452184179458,0.3586358504939169,2,boundary
0.24911452184179456,0.3977945238641038,2,boundary
0.24938178793953675,0.49914241513012086,2,boundary
0.24935125954295584,0.5351823886270559,2,boundary
0.25067386482889376,0.48318350321180287,2,boundary
0.2517635494279384,0.36216462409802697,2,boundary
0.2517487988291393,0.419847291069444,2,boundary
0.2526564344746163,0.40022879741223205,2,boundary
0.25249613235974255,0.4053850292949023,2,boundary
0.2523358302448688,0.41054126117757256,2,boundary
0.25320409001656735,0.5390037021912247,2,boundary
0.2535708525680578,0.4973146255901476,2,boundary
0.25441257701408215,0.36569339770213705,2,boundary
0.25532099904315286,0.4842127669541895,2,boundary
0.257061604600226,0.3692221713062471,2,boundary
0.25652489487338986,0.4115819590213632,2,boundary
0.2569310236983021,0.42193556425919493,2,boundary
0.25775991719657887,0.49548683605017435,2,boundary
0.2587415813430865,0.3730369340953914,2,boundary
0.2586622811376964,0.5370874237029174,2,boundary
0.25996813325741197,0.4852420306965761,2,boundary
0.260421558085947,0.37685169688453574,2,boundary
0.2607139595019109,0.4126226568651538,2,boundary
0.26091702391436705,0.4177994594840697,2,boundary
0.26095855754125596,0.4894505386033886,2,boundary
0.2619489818250999,0.4936590465102011,2,boundary
0.26210153482880755,0.38066645967368,2,boundary
0.2637356223111362,0.38449476543872924,2,boundary
0.2633335018439368,0.5389812039588583,2,boundary
0.264903024130432,0.41366335470894444,2,boundary
0.26536970979346486,0.3883230712037785,2,boundary
0.2670037972757935,0.39215137696882774,2,boundary
0.2680047225501771,0.5408749842147992,2,boundary
0.2689116224262866,0.3958988964540093,2,boundary
0.2708194475767796,0.39964641593919087,2,boundary
0.2714674900775337,0.5435821421723218,2,boundary
0.2727272727272727,0.4033939354243724,2,boundary
0.2748366313393168,0.4092372590278902,2,boundary
0.27493025760489026,0.5462893001298444,2,boundary
0.2756717340332651,0.5720260227554007,2,boundary
0.2760862923088331,0.5763340146569285,2,boundary
0.2769459899513608,0.41508058263140807,2,boundary
0.27650085058440105,0.5806420065584561,2,boundary
0.27839302513224684,0.5489964580873671,2,boundary
0.27883963027861,0.5688581265100559,2,boundary
0.2805295078320369,0.5789746243993681,2,boundary
0.2811350545798819,0.4169083721713814,2,boundary
0.28227605894126107,0.5466351829988193,2,boundary
0.2820075265239549,0.5656902302647109,2,boundary
0.2845581650796727,0.57730724224028,2,boundary
0.285324119208403,0.41873616171135464,2,boundary
0.28517542276929975,0.562522334019366,2,boundary
0.28615909275027523,0.5442739079102715,2,boundary
0.28858682232730853,0.575639860081192,2,boundary
0.2889341068966753,0.5599442874362643,2,boundary
0.2895131838369241,0.42056395125132795,2,boundary
0.29004212655928946,0.5419126328217237,2,boundary
0.2911469834767859,0.572292607235532,2,boundary
0.29131914434426087,0.42558483051981794,2,boundary
0.29312510485159765,0.4306057097883079,2,boundary
0.2926927910240509,0.5573662408531627,2,boundary
0.29370714462626335,0.5689453543898719,2,boundary
0.29460242609027143,0.542306178669815,2,boundary
0.2955115598097713,0.43627075247883484,2,boundary
0.29645147515142645,0.554788194270061,2,boundary
0.29626730577574073,0.565598101544212,2,boundary
0.29789801476794486,0.4419357951693617,2,boundary
0.29916272562125346,0.5426997245179063,2,boundary
0.29925525855493057,0.5704861721090725,2,boundary
0.3010659110132897,0.4451036914147065,2,boundary
0.3008073306130406,0.5532511613905877,2,boundary
0.30106257378984647,0.587957497048406,2,boundary
0.3014561196379378,0.5837630789235817,2,boundary
0.3022432113341204,0.575374242673933,2,boundary
0.3018496654860291,0.5795686607987574,2,boundary
0.3042338072586346,0.4482715876600514,2,boundary
0.3037230251522354,0.5430932703659975,2,boundary
0.30516318607465476,0.5517141285111143,2,boundary
0.3052516384183678,0.5861297075084326,2,boundary
0.30662103334425217,0.5466351829988193,2,boundary
0.30740170350397944,0.4514394839053962,2,boundary
0.3095190415362689,0.5501770956316411,2,boundary
0.30944070304688903,0.5843019179684591,2,boundary
0.3110169274643065,0.45426761616954064,2,boundary
0.31362976767541034,0.5824741284284857,2,boundary
0.3146321514246336,0.45709574843368506,2,boundary
0.3161309824644412,0.5791094791565168,2,boundary
0.3182473753849606,0.4599238806978295,2,boundary
0.318632197253472,0.575744829884548,2,boundary
0.3215706626926892,0.4632536647549887,2,boundary
0.3211334120425029,0.5723801806125791,2,boundary
0.3248939500004178,0.46658344881214786,2,boundary
0.32616344538100744,0.5698259365427555,2,boundary
0.3282172373081464,0.46991323286930703,2,boundary
0.3316092021882141,0.47506640894163976,2,boundary
0.331193478719512,0.5672716924729319,2,boundary
0.3337536398689893,0.5639244396272719,2,boundary
0.33500116706828187,0.48021958501397255,2,boundary
0.3363138010184667,0.560577186781612,2,boundary
0.33884140879249786,0.48405982673818854,2,boundary
0.338873962167944,0.557229933935952,2,boundary
0.34268165051671384,0.4879000684624045,2,boundary
0.3423287787473859,0.5545622090526927,2,boundary
0.3457835953268277,0.5518944841694335,2,boundary
0.3460751818108953,0.49305278224991617,2,boundary
0.34946871310507677,0.4982054960374278,2,boundary
0.34923841190626953,0.5492267592861743,2,boundary
0.35064935064935066,0.5036260400110022,2,boundary
0.3518299881936246,0.5090465839845767,2,boundary
0.3519589804366322,0.545719099059629,2,boundary
0.35467954896699494,0.5422114388330838,2,boundary
0.35596221959858326,0.5130464275922336,2,boundary
0.3574001174973576,0.5387037786065385,2,boundary
0.3600944510035419,0.5170462711998906,2,boundary
0.35987241205845094,0.5353305943103486,2,boundary
0.36166863439590713,0.5208922560392499,2,boundary
0.3623447066195442,0.5319574100141586,2,boundary
0.36324281778827233,0.5247382408786093,2,boundary
0.36481700118063753,0.5285842257179687,2,boundary
0.35326993660406714,0.5325221539702679,2,interior
0.3512528568688129,0.539267671497453,2,interior
0.35904183143862217,0.5292585679098517,2,interior
0.34361265055213425,0.5489240356032979,2,interior
0.339179027901849,0.5515896416752265,2,interior
0.34596253252899917,0.5431858193809377,2,interior
0.34653010542121804,0.5353610818246176,2,interior
0.3391823712959729,0.5459043437789515,2,interior
0.34030514525368954,0.5393430081389444,2,interior
0.3550015620968641,0.5248702002100106,2,interior
0.33040089055596245,0.5577512984462483,2,interior
0.32800983708031106,0.5641876787365087,2,interior
0.3464145477923638,0.5271244964553129,2,interior
0.3489548173736756,0.5201829840580244,2,interior
0.35486935897956934,0.518578094867442,2,interior
0.3230944008688134,0.5621816104550735,2,interior
0.3231561517219914,0.5672689754367662,2,interior
0.3330176747031158,0.5435361331798024,2,interior
0.3343549475271948,0.5512555966916369,2,interior
0.3494359364383475,0.5130355719006156,2,interior
0.34664090863313946,0.5056009743282925,2,interior
0.3282724176694192,0.5374206205537094,2,interior
0.3351674531560846,0.536059941626745,2,interior
0.3253338694589128,0.5437993486821603,2,interior
0.32813915788350273,0.5505515674858211,2,interior
0.3420979223008307,0.5203320907703017,2,interior
0.3370906424179089,0.5250035968395278,2,interior
0.31805024105689567,0.5444829384191563,2,interior
0.3200874879143837,0.5379408353987405,2,interior
0.3220106109024406,0.5494984850952181,2,interior
0.3139962554644978,0.5347866513741106,2,interior
0.3111059946997264,0.5406452970432931,2,interior
0.3247824546592599,0.5315353569921241,2,interior
0.3181716160088768,0.5305144181488588,2,interior
0.3314081362343881,0.5306703279724242,2,interior
0.3037760188077476,0.5382631431206923,2,interior
0.3125036568686106,0.5463013223725396,2,interior
0.3081389189719149,0.5338019764387797,2,interior
0.32202366334808186,0.5561109988936487,2,interior
0.31804916107000036,0.5675782112610369,2,interior
0.3146654899517602,0.5733704761069525,2,interior
0.3450432522394216,0.5152761845561844,2,interior
0.3429561149801217,0.5094758165647929,2,interior
0.30942555480776024,0.5555550165014701,2,interior
0.30851156664684765,0.5737176699462077,2,interior
0.31681878652834566,0.5622943407635091,2,interior
0.3116127639362684,0.5281336173144089,2,interior
0.3223287665659557,0.5254846310822158,2,interior
0.3157454802690717,0.523685764290145,2,interior
0.3358641504973903,0.5171076613427251,2,interior
0.3401420652334391,0.5141949252831084,2,interior
0.3113928610954123,0.5678118850179489,2,interior
0.3106656557091024,0.5787511390567719,2,interior
0.30256230684580443,0.532491711388253,2,interior
0.305462495791674,0.5267299287818342,2,interior
0.30776261052242804,0.5849207256042769,2,boundary
0.335867590648812,0.5098919923013414,2,interior
0.32918176829364176,0.5139656402548737,2,interior
0.331675772201802,0.5202573692972285,2,interior
0.3059014864906723,0.5776504267553071,2,interior
0.3060470425417304,0.5818848367159942,2,interior
0.3154692246550685,0.5164892549409358,2,interior
0.30927857735221875,0.5197660582072763,2,interior
0.34048754015646077,0.5026648263251013,2,interior
0.3295080684260768,0.508077512921203,2,interior
0.3335783661965803,0.5005317612758468,2,interior
0.33636644862522835,0.5304657543221477,2,interior
0.3421779081420915,0.49540709652791143,2,interior
0.3410688247184163,0.5318607553585801,2,interior
0.2886612728709712,0.5693180562974962,2,interior
0.33653027120285994,0.49044911313996425,2,interior
0.34106505531785514,0.4863200424657319,2,boundary
0.3258375345070253,0.5198810090325673,2,interior
0.30527178470194066,0.5704717854467225,2,interior
0.2931133867326535,0.563263110428342,2,interior
0.3046349202624514,0.5602441054313797,2,interior
0.29862070486719566,0.5587011605248883,2,interior
0.2825206224195747,0.5722124390801405,2,interior
0.28704268952011464,0.5658846227050268,2,interior
0.29967615914950324,0.5636194933039668,2,interior
0.3104593656949712,0.5616278038232004,2,interior
0.31576682156611213,0.5514679696662552,2,interior
0.30506954790404556,0.5657121897925966,2,interior
0.3195723867702378,0.5022287444013919,2,interior
0.3270126136636268,0.5019373085583175,2,interior
0.3237559929387975,0.5084832105238127,2,interior
0.3289882344141826,0.5255498418647103,2,interior
0.2975736858976615,0.5358738782948053,2,interior
0.31100887729548266,0.5112342622954382,2,interior
0.27989458946198864,0.5426027180708288,2,interior
0.3284449106335136,0.48948490920271204,2,interior
0.33688102539914216,0.4968489860923236,2,interior
0.33216577839811284,0.4851298884156483,2,interior
0.3226363432965845,0.4950638817576464,2,interior
0.33343272102100235,0.504734573705249,2,interior
0.33052017962395147,0.4955441660401199,2,interior
0.28529013666578007,0.5386101089242165,2,interior
0.2866637600663413,0.5317075057501176,2,interior
0.291308379529923,0.536800882198069,2,interior
0.3151352904942409,0.5572620074411955,2,interior
0.32253397430262637,0.4878847453239789,2,interior
0.3249598871009035,0.48166886360857525,2,interior
0.30378640761445175,0.5561049930111139,2,interior
0.2809710433157764,0.529561537107181,2,interior
0.291544135199286,0.5247843831016575,2,interior
0.2794067732090752,0.5355654445006335,2,interior
0.2931772968945546,0.5311322147906086,2,interior
0.3301961913332163,0.4800467094205715,2,interior
0.32379508886617553,0.47356095109623547,2,interior
0.2969937456886719,0.5225354541523165,2,interior
0.2848055656801309,0.5244069425632829,2,interior
0.29869668731944377,0.5277218781897144,2,interior
0.30497803914018257,0.5125090377652456,2,interior
0.31733214670805626,0.5094975944630536,2,interior
0.306947985816808,0.5052802778302309,2,interior
0.3131593195521292,0.5037407584094292,2,interior
0.27393393974823915,0.5398178579632879,2,interior
0.2682877268063754,0.5361121009875047,2,interior
0.2634133867624828,0.534184222487329,2,interior
0.28818722083355264,0.5180328601056594,2,interior
0.29460197602175425,0.517623657172699,2,interior
0.29837602126823665,0.5125049093347238,2,interior
0.29100184914153443,0.5106780464687403,2,interior
0.295393009678732,0.5067375418305475,2,interior
0.30185510152641204,0.5197913756841798,2,interior
0.32744188724905465,0.47593609860389935,2,interior
0.3188814008381926,0.47664484120830136,2,interior
0.3176792760233529,0.4835983374136772,2,interior
0.2780906820512268,0.5238591922921009,2,interior
0.27477140342431955,0.5296128726660975,2,interior
0.27272757764428734,0.534094676993565,2,interior
0.25479369976993516,0.5338757460993819,2,interior
0.2847409984721526,0.5125237791081467,2,interior
0.29125527900929826,0.5016294127653516,2,interior
0.28504448503345897,0.5061364976110553,2,interior
0.3201754962645931,0.5201230341185782,2,interior
0.3137573199818064,0.47164681499793143,2,interior
0.3200197928312712,0.4697074419311347,2,interior
0.25971360431818513,0.5305726787170861,2,interior
0.2594013642036956,0.5234332829637885,2,interior
0.266809226671458,0.529136078836838,2,interior
0.2651508187057918,0.5219436012613066,2,interior
0.27141812247891844,0.5234817221204665,2,interior
0.25626742768542515,0.516669825900941,2,interior
0.25175463549147786,0.521190059118597,2,interior
0.26206821639382866,0.5150095075915888,2,interior
0.25382615323747465,0.5284330200404533,2,interior
0.2814060211860009,0.5178646466721001,2,interior
0.2686935786850968,0.5167550295761093,2,interior
0.32197862777030234,0.5146009423010024,2,interior
0.27518763849662253,0.5174991207121623,2,interior
0.3170860409042027,0.4901369710182138,2,interior
0.30120666488710074,0.5062576861363146,2,interior
0.29726114247060215,0.5012482910625171,2,interior
0.3126559100309104,0.4796231698546726,2,interior
0.308553256365869,0.4756006154315987,2,interior
0.3064729700159975,0.46938201035458677,2,interior
0.3171474657383987,0.4658302522222801,2,interior
0.25690043593018563,0.5098915079286911,2,interior
0.2672166293781775,0.5099162886303846,2,interior
0.2620839735141863,0.506603652296676,2,interior
0.3131239030861931,0.46453923157942656,2,interior
0.31164390705805955,0.4597300774418558,2,interior
0.29821363929271827,0.47165849192927756,2,interior
0.303093236197668,0.47563874385598914,2,interior
0.3016021775505634,0.46325257104427836,2,interior
0.31048346232248203,0.48750637997821533,2,interior
0.27860562385546367,0.5105186296905049,2,interior
0.30273357969887743,0.49950065381901526,2,interior
0.25113187883070365,0.5131477792525394,2,interior
0.2947236209640538,0.4647968580211681,2,interior
0.2986842644079303,0.4802828451649231,2,interior
0.29227721826568076,0.477632193333891,2,interior
0.29049613947925185,0.4709499359470553,2,interior
0.28489794001158253,0.49921968360878627,2,interior
0.2898922577642227,0.49371265664942654,2,interior
0.3087037089538074,0.4991007856389323,2,interior
0.3140297153027339,0.4957286679789637,2,interior
0.24338200653848752,0.5272104685145841,2,interior
0.24628225360879388,0.5168433586029991,2,interior
0.2453278247436491,0.5221613943268556,2,interior
0.29370920481614216,0.48629071648249667,2,interior
0.3017783175284398,0.48749768573553104,2,interior
0.3058371439546905,0.4816467868433299,2,interior
0.24879993722673607,0.5276099714868311,2,interior
0.30582773799557694,0.4933687005603568,2,interior
0.2729091694770287,0.5057266106430988,2,interior
0.27869304538310974,0.503012524537288,2,interior
0.29721592177087774,0.49439118556412887,2,interior
0.2720069344272142,0.49795992203355055,2,interior
0.24570582581062284,0.5115586747053004,2,interior
0.248348932401528,0.5079890031874867,2,interior
0.288119288220064,0.4815930833923702,2,interior
0.28351610934593796,0.47546608159508735,2,interior
0.28617075983680257,0.4875808785973998,2,interior
0.28287332400877313,0.4927734130249932,2,interior
0.25725730106876005,0.5024364127881589,2,interior
0.2842164282267601,0.46856285842811307,2,interior
0.2883109063125199,0.46478120020576447,2,interior
0.3166966356702347,0.4587519788558601,2,boundary
0.27860389907403865,0.4869128047972143,2,interior
0.2719780118013248,0.48969947060062496,2,interior
0.28282199624148185,0.48238712014939666,2,interior
0.3025294392264569,0.4550530330432346,2,interior
0.29653973069356004,0.45771866551842183,2,interior
0.26369241949722155,0.49904873230691466,2,interior
0.2790131914121434,0.49747446063297074,2,interior
0.26670526458363414,0.49260888222447635,2,interior
0.267508938517641,0.5034722435171932,2,interior
0.2522588917270841,0.5065246192169947,2,interior
0.30685596697354844,0.4548639405286309,2,interior
0.25204699101341854,0.5019664210039513,2,interior
0.2854631874699509,0.4557699393393794,2,interior
0.2815689007220965,0.46177051083125004,2,interior
0.2898735735544756,0.4594178110753114,2,interior
0.2779704396141778,0.46925636019807326,2,interior
0.2735342941162507,0.46389440172577184,2,interior
0.29838035591005224,0.451070515196529,2,interior
0.27807068590058515,0.48015545700162415,2,interior
0.2930065592480514,0.44189169827007235,2,interior
0.29481022718102995,0.44670037864305995,2,interior
0.28810211171384104,0.43403937665187814,2,interior
0.28934102655152166,0.43908527252602186,2,interior
0.2660475083507367,0.48563320415910705,2,interior
0.2794700478744736,0.4547026404203826,2,interior
0.27418554751474666,0.45782508953430257,2,interior
0.28629782893557987,0.42758430892893984,2,interior
0.274155531041473,0.47552815029022283,2,interior
0.27061046402313477,0.46937711428541506,2,interior
0.2725188354733206,0.4827987368403051,2,interior
0.27668342048987526,0.4928374428251071,2,interior
0.29123597256363853,0.4522138297310775,2,interior
0.2877945987975237,0.4450487872810025,2,interior
0.26344508173415154,0.4694728345697287,2,interior
0.267278238739635,0.4791592919535243,2,interior
0.2660207024367425,0.46435043396554737,2,interior
0.262227410977549,0.4583453970012609,2,interior
0.2583391121789352,0.4640721053292462,2,interior
0.2830223877126954,0.42237046299689146,2,interior
0.2799424980088803,0.443916610448595,2,interior
0.2840193717485235,0.44987086200229304,2,interior
0.2778301652381939,0.44887790038210645,2,interior
0.2832675243383543,0.4388874387425889,2,interior
0.2725444725974482,0.5119282364341339,2,interior
0.2736310867680053,0.45198467752536703,2,interior
0.2752609198601835,0.4376516624134754,2,interior
0.27176716271836726,0.4453684608873063,2,interior
0.27921141263079235,0.4266055960151305,2,interior
0.28131157075151875,0.4327568100506975,2,interior
0.2385714435367432,0.4650657616512118,2,interior
0.2653239722531896,0.4430983960375337,2,interior
0.2652842759248542,0.4485484415810067,2,interior
0.2610210474531626,0.48093198763306955,2,interior
0.25925770032191514,0.451799625712671,2,interior
0.25498555756456964,0.4572107574705873,2,interior
0.26766761260400646,0.45336107872712617,2,interior
0.30663498932930117,0.45867792550319075,2,interior
0.2502818563489825,0.4731358369876061,2,interior
0.24517864800820122,0.4703157439350362,2,interior
0.250915986642782,0.4792302727807631,2,interior
0.2618730309452632,0.4753739094800271,2,interior
0.24765388755625425,0.4662549267103175,2,interior
0.2530034378717384,0.4673149787797633,2,interior
0.24269232116523093,0.4663709828122484,2,interior
0.2571766947788322,0.4711486693597467,2,interior
0.3078068764044682,0.4635627521672875,2,interior
0.27074980770067425,0.4204634938203686,2,interior
0.27276126735429623,0.4152953820094288,2,interior
0.2674001288094712,0.437966419430519,2,interior
0.25074376919333013,0.46179909988288986,2,interior
0.24276191549314446,0.4603649396529927,2,interior
0.2512061083597347,0.4512018615215368,2,interior
0.22975656078634416,0.46112084370929357,2,interior
0.23473195451596407,0.46155414729624217,2,interior
0.26045197907860773,0.4457455327161707,2,interior
0.26162589711580864,0.4319389271686151,2,interior
0.2597118300112136,0.4396429682744621,2,interior
0.26916143805534004,0.43156294962253267,2,interior
0.2667642408692642,0.4068514042725697,2,interior
0.26739239614794,0.4010768315911184,2,interior
0.23640382734401952,0.4505404349445214,2,interior
0.2432879094034744,0.45188067777908214,2,interior
0.24809270294476554,0.4564136109325294,2,interior
0.25918420134457293,0.4256160137770721,2,interior
0.2555586941046679,0.4351657488419301,2,interior
0.2655717715536952,0.4243284363922283,2,interior
0.25325975153671243,0.4300139491356266,2,interior
0.2765592231909638,0.4205675475597267,2,interior
0.2675357999985501,0.47387683685874,2,interior
0.23100212548293464,0.4552589919001326,2,interior
0.23560822540938786,0.4416679103328883,2,interior
0.23084320580670142,0.449799243207868,2,interior
0.23765163231837033,0.4560965952437136,2,interior
0.26863852428559754,0.4596049761377704,2,interior
0.25600057293257933,0.47732799835454287,2,interior
0.26262461976506296,0.39655457010806844,2,interior
0.26242191429043304,0.3909899249064936,2,interior
0.2632010744521015,0.40273748878821375,2,interior
0.27001930063389423,0.41056836406225444,2,interior
0.25482063422174317,0.44567942139905803,2,interior
0.2477907879565132,0.44572278996985576,2,interior
0.2524060693181894,0.4403918316786268,2,interior
0.23125764321563547,0.44192581224818106,2,interior
0.23370366622266991,0.44592969536193183,2,interior
0.2580538810613667,0.3910260622269877,2,interior
0.2580882403078126,0.40167927274224025,2,interior
0.26000198674343145,0.3857589474971527,2,interior
0.24072643812693834,0.444286578319473,2,interior
0.23864241817577087,0.4387790353883525,2,interior
0.24639439028448668,0.44046267221229235,2,interior
0.2533180159019546,0.37307612128412176,2,interior
0.256695739780673,0.3794043280770264,2,interior
0.26731569763249546,0.4169797564592547,2,interior
0.272501396011468,0.4257327783333596,2,interior
0.26055836735802546,0.40763454449515596,2,interior
0.2562130748583177,0.3958585274592405,2,interior
0.250907356577238,0.3948856985867661,2,interior
0.2753180090019557,0.43109647770989,2,interior
0.252762360749827,0.39055581942463263,2,interior
0.24727641012327148,0.39090362513840066,2,interior
0.24934123789862359,0.4353279945410225,2,interior
0.23365610327968608,0.4367462044517371,2,interior
0.2506921407875609,0.37939445901676444,2,interior
0.24925277079910466,0.42190954855838997,2,interior
0.25307066204232614,0.4246868038895224,2,interior
0.25460971759485335,0.3852565603696007,2,interior
0.2491827153875832,0.3856409218522721,2,interior
0.24524550728455904,0.37654430871086575,2,interior
0.24832126784720313,0.36807378050395834,2,interior
0.24084621404038595,0.36453884614717663,2,interior
0.24653811924863653,0.3630163981575505,2,interior
0.24356012057713203,0.3582807569162229,2,interior
0.24130737649086265,0.3520308128612572,2,interior
0.23778817920789844,0.3572751331982053,2,interior
0.2381906351960097,0.3468188816585833,2,interior
0.23771118114053577,0.3764203560455397,2,interior
0.23395072298094882,0.35087863807423947,2,interior
0.21205318802764106,0.3642089826820357,2,interior
0.2357906226399821,0.34219932764607564,2,interior
0.21242278737292644,0.3569429793461847,2,interior
0.21886854579721893,0.3594374573339451,2,interior
0.21873786350970123,0.364563568934045,2,interior
0.21004164842609116,0.352344394578325,2,interior
0.24130036151274395,0.3717907013059112,2,interior
0.24796667020624027,0.37349854960626305,2,interior
0.2346738760590666,0.36852572568108544,2,interior
0.220497042300376,0.35290606910978706,2,interior
0.21359671573498035,0.3491540079280874,2,interior
0.2297577987270658,0.36466811689993067,2,interior
0.226595270064256,0.3585592307160085,2,interior
0.21470044443421682,0.3675326928652926,2,interior
0.2320970456355102,0.3561907982016154,2,interior
0.23387082341650692,0.3616812711623658,2,interior
0.22414652570269356,0.3630200124656653,2,interior
0.21498375751579424,0.34216771388308015,2,interior
0.22037594040257302,0.345360788179079,2,interior
0.22670801266268661,0.34792747380503936,2,interior
0.22762889812493917,0.3529246412526336,2,interior
0.23212516511206813,0.344727315512297,2,interior
0.23174032297099573,0.3382431189827561,2,interior
0.2249681266607749,0.3313896074142355,2,interior
0.2263271956799415,0.3415843793676799,2,interior
0.21528048498440425,0.3353338305352603,2,interior
0.2108979829073676,0.3333340027042303,2,interior
0.20803674549569798,0.3287820908687471,2,interior
0.2209414727531109,0.3374839441456774,2,interior
0.2226308772372491,0.3257205166749821,2,interior
0.21882318620972074,0.33023963588854655,2,interior
0.22713535735877946,0.3357359284387896,2,interior
0.22684834676957166,0.36650693532045503,2,interior
0.21338859497479765,0.3288399862881867,2,interior
0.21530097342578786,0.31675025263995427,2,interior
0.2099585197496339,0.32331696811263616,2,interior
0.21501053709591486,0.30591797912819635,2,interior
0.22333075355512597,0.31464224525346346,2,boundary
0.20497219500600092,0.3115396730109839,2,interior
0.2059390171047071,0.30530236724643334,2,interior
0.21065705708647753,0.31706157881107405,2,interior
0.2123838704710152,0.3102007789358218,2,interior
0.2111857935626348,0.30273798582487454,2,interior
0.21579925237317174,0.3231124266294382,2,interior
0.2208314166851338,0.31948506809896315,2,interior
0.2128100710752336,0.29712656273388277,2,boundary
0.21847213442453137,0.3135091398920687,2,interior
0.17827626918536008,0.2680047225501771,3,boundary
0.17827626918536008,0.26918536009445093,3,boundary
0.17827626918536008,0.2703659976387249,3,boundary
0.17827626918536008,0.27154663518299876,3,boundary
0.17827626918536008,0.2727272727272727,3,boundary
0.17827626918536008,0.2739079102715467,3,boundary
0.17827626918536008,0.2750885478158206,3,boundary
0.17827626918536008,0.27626918536009454,3,boundary
0.17827626918536008,0.2774498229043684,3,boundary
0.179456906729634,0.2668240850059031,3,boundary
0.179456906729634,0.2774498229043684,3,boundary
0.1806375442739079,0.2656434474616292,3,boundary
0.1806375442739079,0.2774498229043684,3,boundary
0.1818181818181818,0.2644628099173553,3,boundary
0.1818181818181818,0.27863046044864237,3,boundary
0.1829988193624557,0.2644628099173553,3,boundary
0.1829988193624557,0.27863046044864237,3,boundary
0.18417945690672963,0.2632821723730814,3,boundary
0.18417945690672963,0.27863046044864237,3,boundary
0.18536009445100354,0.2621015348288075,3,boundary
0.18536009445100354,0.2798110979929162,3,boundary
0.18654073199527746,0.2609208972845336,3,boundary
0.18654073199527746,0.2798110979929162,3,boundary
0.18772136953955135,0.25501770956316405,3,boundary
0.18772136953955135,0.256198347107438,3,boundary
0.18772136953955135,0.2573789846517119,3,boundary
0.18772136953955135,0.25855962219598577,3,boundary
0.18772136953955135,0.2597402597402597,3,boundary
0.18772136953955135,0.2809917355371901,3,boundary
0.18890200708382526,0.25383707201889016,3,boundary
0.18890200708382526,0.28217237308146403,3,boundary
0.19008264462809918,0.25383707201889016,3,boundary
0.19008264462809918,0.2833530106257379,3,boundary
0.19008264462809918,0.28453364817001187,3,boundary
0.19008264462809918,0.28571428571428575,3,boundary
0.1912632821723731,0.2526564344746162,3,boundary
0.1912632821723731,0.2868949232585597,3,boundary
0.1912632821723731,0.2880755608028336,3,boundary
0.19244391971664698,0.25147579693034233,3,boundary
0.19244391971664698,0.28925619834710753,3,boundary
0.19244391971664698,0.29043683589138136,3,boundary
0.19244391971664698,0.2916174734356553,3,boundary
0.1936245572609209,0.25029515938606844,3,boundary
0.1936245572609209,0.2916174734356553,3,boundary
0.19480519480519481,0.24911452184179453,3,boundary
0.19480519480519481,0.29043683589138136,3,boundary
0.1959858323494687,0.24911452184179453,3,boundary
0.1959858323494687,0.29043683589138136,3,boundary
0.19716646989374262,0.25029515938606844,3,boundary
0.19716646989374262,0.29043683589138136,3,boundary
0.1983471074380165,0.25147579693034233,3,boundary
0.1983471074380165,0.2526564344746162,3,boundary
0.1983471074380165,0.29043683589138136,3,boundary
0.19952774498229042,0.25383707201889016,3,boundary
0.19952774498229042,0.28925619834710753,3,boundary
0.20070838252656434,0.25501770956316405,3,boundary
0.20070838252656434,0.28925619834710753,3,boundary
0.20188902007083825,0.25501770956316405,3,boundary
0.20188902007083825,0.28925619834710753,3,boundary
0.20306965761511214,0.256198347107438,3,boundary
0.20306965761511214,0.2880755608028336,3,boundary
0.20425029515938606,0.2573789846517119,3,boundary
0.20425029515938606,0.2880755608028336,3,boundary
0.20543093270365997,0.25855962219598577,3,boundary
0.20543093270365997,0.2868949232585597,3,boundary
0.20543093270365997,0.2880755608028336,3,boundary
0.2066115702479339,0.2597402597402597,3,boundary
0.2066115702479339,0.28571428571428575,3,boundary
0.2077922077922078,0.2609208972845336,3,boundary
0.2077922077922078,0.2833530106257379,3,boundary
0.2077922077922078,0.28453364817001187,3,boundary
0.2089728453364817,0.2621015348288075,3,boundary
0.2089728453364817,0.28217237308146403,3,boundary
0.2101534828807556,0.2632821723730814,3,boundary
0.2101534828807556,0.2809917355371901,3,boundary
0.21133412042502953,0.2644628099173553,3,boundary
0.21133412042502953,0.27863046044864237,3,boundary
0.21133412042502953,0.2798110979929162,3,boundary
0.21251475796930344,0.2656434474616292,3,boundary
0.21251475796930344,0.2750885478158206,3,boundary
0.21251475796930344,0.27626918536009454,3,boundary
0.21251475796930344,0.2774498229043684,3,boundary
0.21369539551357733,0.2668240850059031,3,boundary
0.21369539551357733,0.2680047225501771,3,boundary
0.21369539551357733,0.26918536009445093,3,boundary
0.21369539551357733,0.2703659976387249,3,boundary
0.21369539551357733,0.27154663518299876,3,boundary
0.21369539551357733,0.2727272727272727,3,boundary
0.21369539551357733,0.2739079102715467,3,boundary
0.19589703425363916,0.25787204656783,3,interior
0.2020130207059878,0.2600345351801098,3,interior
0.19956325101097025,0.26465317560077734,3,interior
0.19492768760184995,0.2663224192824835,3,interior
0.1902995957431658,0.2629230872724727,3,interior
0.2005856131623031,0.2723992320613769,3,interior
0.18616348574100974,0.2657927363269554,3,interior
0.2057493386434916,0.2653922101670706,3,interior
0.18218507456622623,0.26960473498867615,3,interior
0.1830422167229505,0.2742411806169507,3,interior
0.1887089476268442,0.2697129112091316,3,interior
0.1890973092547281,0.2761412717578018,3,interior
0.19090145904256173,0.25750521084705347,3,interior
0.2068527800136085,0.2776713946913199,3,interior
0.2018111360782916,0.2819734065657902,3,interior
0.19398212637774637,0.27231952640691715,3,interior
0.20659074174267764,0.2720644526504719,3,interior
0.19854835381062894,0.2870186184924925,3,interior
0.19478135451517448,0.2847934978894172,3,interior
0.1959096653209348,0.27792363725801456,3,interior
0.21052683264701283,0.2697096521192303,3,interior
0.19158426745094417,0.2803607745050576,3,interior
0.1357733175914994,0.22320682991699115,4,boundary
0.13695395513577333,0.21923703004862222,4,boundary
0.13647760976181783,0.22125556615317632,4,boundary
0.13658004644094693,0.22512786226149004,4,boundary
0.13733555695082988,0.22706401031564688,4,boundary
0.13813459268004724,0.22898731307681197,4,boundary
0.1384190112827292,0.218702364293355,4,boundary
0.1393152302243211,0.230797996368264,4,boundary
0.14051650493755885,0.2196192204039107,4,boundary
0.14049586776859502,0.23260867965971602,4,boundary
0.14126920163416293,0.23453956763180162,4,boundary
0.14167650531286893,0.23657847952808495,4,boundary
0.142183618091243,0.22128633355759486,4,boundary
0.14278022265392887,0.23841186374011533,4,boundary
0.14385073124492717,0.22295344671127898,4,boundary
0.14392500246682144,0.23966942148760326,4,boundary
0.1459482248997568,0.22387030282183473,4,boundary
0.14606360731978693,0.2405146108616996,4,boundary
0.147635785607207,0.2231404958677686,4,boundary
0.1484946221898344,0.24085005903187717,4,boundary
0.14971283170827063,0.22218799473801035,4,boundary
0.15046834221815358,0.22025184668385347,4,boundary
0.15068897513059173,0.2415980660396826,4,boundary
0.1511216056670602,0.21828552317105743,4,boundary
0.15147647630728853,0.19008264462809918,4,boundary
0.1519556396578927,0.1912632821723731,4,boundary
0.15197936323791952,0.21637955057553976,4,boundary
0.15230224321133412,0.2143157233026885,4,boundary
0.15306424191284734,0.2420306965761511,4,boundary
0.15344460815694436,0.18894027968248892,4,boundary
0.15348288075560804,0.21034592343431968,4,boundary
0.15348288075560804,0.2125050400112366,4,boundary
0.15417948149786384,0.19195988291462884,4,boundary
0.15511172131062856,0.18727316652880474,4,boundary
0.15484531314353311,0.20642977540428273,4,boundary
0.15466351829988195,0.20853524014286767,4,boundary
0.1553143429413965,0.24268152121766567,4,boundary
0.15627697515269348,0.19287673902518465,4,boundary
0.15635633416329905,0.20255747929596893,4,boundary
0.15584415584415584,0.20456544027449883,4,boundary
0.1567788344643127,0.18560605337512065,4,boundary
0.15702479338842976,0.2005956404061299,4,boundary
0.1579440883063776,0.19454385217886871,4,boundary
0.15820543093270364,0.19662584053776105,4,boundary
0.15786735518306494,0.1986851831876552,4,boundary
0.1576338616358603,0.243211334120425,4,boundary
0.15887632811914237,0.18468919726456484,4,boundary
0.1599397107522013,0.24376497639564876,4,boundary
0.16054344127282655,0.1830220841108807,4,boundary
0.16056670602125145,0.18512780522876607,4,boundary
0.16223063912808766,0.1865407319952775,4,boundary
0.16220348135887327,0.2443919716646989,4,boundary
0.16417681612861026,0.18772136953955137,4,boundary
0.16414965835939585,0.2455726092089728,4,boundary
0.16623219171669026,0.24651554472731593,4,boundary
0.166469893742621,0.18799326294741517,4,boundary
0.166469893742621,0.190152379524332,4,boundary
0.166469893742621,0.1923114961012489,4,boundary
0.1678993048703744,0.24818265788100013,4,boundary
0.1682551689308857,0.1936245572609209,4,boundary
0.1699881893609636,0.24911452184179453,4,boundary
0.17020134593140832,0.19480519480519481,4,boundary
0.17119244391971664,0.19998576183266167,4,boundary
0.17138999916363162,0.20208657531475324,4,boundary
0.17166391167888823,0.25076662714524,4,boundary
0.17250590969556764,0.19821427920643944,4,boundary
0.17237308146399055,0.2039555617010305,4,boundary
0.1728247886538987,0.19480519480519481,4,boundary
0.17355371900826447,0.19636439524975755,4,boundary
0.17376140533371784,0.2516834832557957,4,boundary
0.17381262282719878,0.20568983652259432,4,boundary
0.17547973598088293,0.2073569496762785,4,boundary
0.17542851848740204,0.2533505964094799,4,boundary
0.1771468491345671,0.20902406282996266,4,boundary
0.17729524984042236,0.21703768994706285,4,boundary
0.17709563164108616,0.21913789460357652,4,boundary
0.17709563164108616,0.22129701118049347,4,boundary
0.1773393396837965,0.22338420391047895,4,boundary
0.17709563164108616,0.25501770956316405,4,boundary
0.17827626918536008,0.21084986158137387,4,boundary
0.17827626918536008,0.21300897815829078,4,boundary
0.17827626918536008,0.2151680947352076,4,boundary
0.17900645283748068,0.22505131706416306,4,boundary
0.17876274479477008,0.25335059640948016,4,boundary
0.1804298579484543,0.251683483255796,4,boundary
0.18069422963553472,0.2266824085005903,4,boundary
0.18209697110213843,0.2500163701021118,4,boundary
0.18277105964599452,0.22763528632840302,4,boundary
0.18419446475696813,0.24909951399155603,4,boundary
0.18458658363657993,0.2290436835891381,4,boundary
0.18586157791065228,0.24743240083787182,4,boundary
0.18653566645450836,0.2302192555926429,4,boundary
0.18772136953955135,0.23140520206495063,4,boundary
0.18772136953955135,0.23356431864186755,4,boundary
0.18752869106433648,0.24576528768418773,4,boundary
0.1883209758415016,0.23554647761245784,4,boundary
0.18890200708382526,0.2375341185102364,4,boundary
0.18890200708382526,0.23969323508715332,4,boundary
0.18890200708382526,0.2418523516640702,4,boundary
0.18890200708382526,0.24401146824098705,4,boundary
0.18457052451045608,0.2378692841422951,4,interior
0.18072940958894165,0.2442297888916933,4,interior
0.17929232825845645,0.2369300281757598,4,interior
0.18554769260888831,0.24270478576252255,4,interior
0.17721531070831623,0.2297012618499451,4,interior
0.17556114672496106,0.2409897899363284,4,interior
0.17355528622103467,0.24632842431646165,4,interior
0.16574745159542964,0.24312573707182888,4,interior
0.1776889118144436,0.24936482695026843,4,interior
0.1698842847358392,0.24173962061415183,4,interior
0.18324113201139064,0.23253898888282257,4,interior
0.17285068080613378,0.22285595414125942,4,interior
0.17025264237219137,0.2291865805696277,4,interior
0.1733459406742017,0.23543685267783596,4,interior
0.16745653180078515,0.23503673781685888,4,interior
0.1741300727995945,0.21631444611867254,4,interior
0.16102383446737134,0.2354641942395024,4,interior
0.16022052115343924,0.24028938436663802,4,interior
0.16465850718340536,0.23950280666850646,4,interior
0.16809946324934968,0.21710136845020553,4,interior
0.1651067435353979,0.2232152606431972,4,interior
0.16344277316324796,0.23024417964326396,4,interior
0.17258596696388973,0.21106185304750213,4,interior
0.1684184590086645,0.20567244978745894,4,interior
0.15917847879537747,0.21628400205090764,4,interior
0.1648763368650597,0.21100120649163057,4,interior
0.15795290345525687,0.22273874753941728,4,interior
0.15438657946210263,0.21980812151440898,4,interior
0.15823249820222035,0.20954309405070734,4,interior
0.1613236088763906,0.19882860502557434,4,interior
0.1616486254219255,0.20416263324299222,4,interior
0.1705677485403677,0.1970738610192927,4,interior
0.166425202589773,0.1985646029106598,4,interior
0.15509578347932054,0.23835030154354603,4,interior
0.15570123243677697,0.23257587879985595,4,interior
0.16232787068095603,0.19282090252865577,4,interior
0.15823150184494678,0.18929202660632177,4,interior
0.13687615351825885,0.2197098099530902,4,boundary
0.14790102736481522,0.23631455331663234,4,interior
0.14083845738097361,0.22527058719468757,4,interior
0.15191741037262127,0.2244553622240364,4,interior
0.14307389643993584,0.22960233918001638,4,interior
0.14847600535576405,0.2300819988731499,4,interior
0.15448584478798771,0.22772513425870627,4,interior
0.15979640495335262,0.22739618408119341,4,interior
0.05724770219645006,0.14697615556126706,5,boundary
0.05785123966942149,0.1490590186428404,5,boundary
0.058509665333504025,0.14639905548996454,5,boundary
0.05891602764291088,0.15100575609627562,5,boundary
0.0590318772136954,0.15323254709108924,5,boundary
0.0602125147579693,0.15514509467248133,5,boundary
0.06067579307036345,0.1570247933884297,5,boundary
0.06125687864484622,0.14639905548996454,5,boundary
0.06311343953812348,0.15756444308003606,5,boundary
0.06400409195618842,0.14639905548996454,5,boundary
0.06528958540630057,0.15855995140393928,5,boundary
0.06608922702998993,0.1452448933950396,5,boundary
0.06611570247933884,0.16057712612780722,5,boundary
0.06611570247933884,0.162838106994664,5,boundary
0.06688047093219053,0.16487338710692495,5,boundary
0.06862623629922213,0.16661915247395645,5,boundary
0.06882125285690502,0.14521841794569063,5,boundary
0.06965761511216055,0.18074790179812183,5,boundary
0.06965761511216055,0.1830088826649787,5,boundary
0.07037200166625374,0.16836491784098806,5,boundary
0.07049954798739892,0.18502138978196803,5,boundary
0.07116329056547181,0.174409318643501,5,boundary
0.07083825265643447,0.17657437334987297,5,boundary
0.07083825265643447,0.17883535421672986,5,boundary
0.0713022797686351,0.14568244505789124,5,boundary
0.07201889020070838,0.1701398640347673,5,boundary
0.07201889020070838,0.1724008449016241,5,boundary
0.07224531335443052,0.18676715514899966,5,boundary
0.07363841375762165,0.14639905548996454,5,boundary
0.07442145922260762,0.18776266347290274,5,boundary
0.07570836134699604,0.14757969303423846,5,boundary
0.07616722458963919,0.18950842883993435,5,boundary
0.07783071737316638,0.14866897002960075,5,boundary
0.07791298995667079,0.191254194206966,5,boundary
0.08043724374248894,0.1489142213103756,5,boundary
0.07997772428861277,0.19244391971664698,5,boundary
0.08183490119187949,0.1939954678979007,5,boundary
0.0825954698370871,0.14994096812278626,5,boundary
0.08264462809917357,0.15824756733455803,5,boundary
0.08344625615033884,0.1562231653372644,5,boundary
0.0835113254944691,0.16025276587227305,5,boundary
0.08358066655891108,0.1957412332649323,5,boundary
0.08382526564344747,0.15181305801945227,5,boundary
0.08382526564344747,0.15407403888630908,5,boundary
0.08540118318014386,0.16174734356552534,5,boundary
0.08500590318772139,0.19758159403246262,5,boundary
0.08616059464917308,0.19950179889946829,5,boundary
0.08618654073199526,0.20175512248071148,5,boundary
0.08747113076951826,0.16292798110979922,5,boundary
0.0878289200956339,0.20353139943447685,5,boundary
0.08957468546266546,0.20527716480150845,5,boundary
0.09021834408086046,0.16292798110979922,5,boundary
0.09223369072931925,0.20543093270365997,5,boundary
0.09296555739220266,0.16292798110979922,5,boundary
0.09525281583764554,0.16212616881406633,5,boundary
0.09498090404066145,0.20543093270365997,5,boundary
0.09705085163003588,0.2066115702479339,5,boundary
0.09742896170582263,0.16236402664088753,5,boundary
0.09914002993766481,0.20775868401086434,5,boundary
0.09917472707285417,0.16410979200791911,5,boundary
0.10092049243988581,0.16585555737495075,5,boundary
0.10088579530469641,0.20950444937789595,5,boundary
0.10182615630672949,0.21133412042502953,5,boundary
0.1026662578069174,0.16760132274198236,5,boundary
0.10393080103129333,0.16886586596635822,5,boundary
0.10389610389610392,0.21251475796930341,5,boundary
0.1056765663983249,0.17061163133338986,5,boundary
0.10607224976428069,0.21151924964540061,5,boundary
0.10785271226650203,0.17160713965729307,5,boundary
0.10824839563245775,0.2105237413214974,5,boundary
0.11002885813467912,0.1726026479811963,5,boundary
0.11042454150063484,0.20952823299759418,5,boundary
0.11220500400285623,0.17359815630509948,5,boundary
0.11260068736881197,0.20853272467369097,5,boundary
0.11430044278389162,0.1747343565525384,5,boundary
0.11477683323698903,0.20753721634978783,5,boundary
0.11570247933884298,0.19400050473308392,5,boundary
0.11570247933884298,0.1962614855999408,5,boundary
0.11624636270308102,0.19190003635240893,5,boundary
0.11704765609523382,0.1747343565525384,5,boundary
0.116749481500495,0.19821347205539463,5,boundary
0.11695297910516617,0.20654170802588462,5,boundary
0.11758364422372539,0.20022827232289891,5,boundary
0.11799212807011261,0.19015427098537732,5,boundary
0.1180637544273908,0.20234756162958176,5,boundary
0.1180637544273908,0.2046085424964385,5,boundary
0.11979486940657602,0.1747343565525384,5,boundary
0.1201682739382897,0.18915876266147424,5,boundary
0.12254208271791822,0.1747343565525384,5,boundary
0.1223444198064668,0.18816325433757103,5,boundary
0.12483814852534555,0.18772136953955137,5,boundary
0.1252892960292604,0.1747343565525384,5,boundary
0.12690809611471998,0.1865407319952775,5,boundary
0.12741378171764622,0.1758199210328765,5,boundary
0.1293032379121436,0.18592698640898986,5,boundary
0.13010645692997702,0.17591499409681233,5,boundary
0.13013740063537402,0.18391218614148547,5,boundary
0.13105076741440377,0.177398799078256,5,boundary
0.13105076741440377,0.1796597799451128,5,boundary
0.13105076741440377,0.18192076081196967,5,boundary
0.10990893698124,0.20699015932515027,5,interior
0.10718852558228086,0.20581873176816404,5,interior
0.11293993729069933,0.20405887539991088,5,interior
0.10737291877047934,0.20029205423756635,5,interior
0.10259420528777018,0.20523932463943426,5,interior
0.11355215105388883,0.1998081053341084,5,interior
0.09984221156566556,0.200313037666143,5,interior
0.1203475116727049,0.18575059764969812,5,interior
0.11065539593262168,0.18793777765740333,5,interior
0.11138550694675578,0.1945278834107557,5,interior
0.1034665667180225,0.1888336719048497,5,interior
0.09269911625249304,0.19965218328829543,5,interior
0.09851396618918566,0.19368820777774695,5,interior
0.11123928215449466,0.18011012147719388,5,interior
0.1161145387750776,0.18409377665026164,5,interior
0.08844479961808042,0.19545622644812463,5,interior
0.08623049171029105,0.19041224466235773,5,interior
0.0926688468795549,0.19150878931483184,5,interior
0.1052738115316733,0.19428951363706903,5,interior
0.10416048541211657,0.18243713358498903,5,interior
0.09746197526521305,0.1865966707331376,5,interior
0.09651474329434555,0.18023963087551553,5,interior
0.08980926732953297,0.1842038749052695,5,interior
0.1222306761333325,0.18136394070820694,5,interior
0.11693559054539789,0.1787675096183283,5,interior
0.10721499358248461,0.17604052505710666,5,interior
0.10157893637014082,0.17596441887913564,5,interior
0.08509878152351426,0.17387396791626702,5,interior
0.08268442167199985,0.17924702881193416,5,interior
0.08307564580693526,0.18519497004948457,5,interior
0.10050205602555125,0.17055086832752453,5,interior
0.07731726153670006,0.18402289695848464,5,interior
0.08078800027018639,0.18918906487977796,5,interior
0.12660494448108386,0.17832024216578093,5,interior
0.07297477481564796,0.18212458860991726,5,interior
0.07535680789792457,0.17724466099394356,5,interior
0.09006630528654692,0.17711196934513565,5,interior
0.09041628111713106,0.1694868120612744,5,interior
0.09561415240785798,0.17350496063754808,5,interior
0.08342343983102883,0.16925453407507618,5,interior
0.08280168037550399,0.16428757471027397,5,interior
0.1274479573538101,0.1823753549421634,5,interior
0.07832037142338621,0.16015759295504844,5,interior
0.0771645107840491,0.16610047291625563,5,interior
0.07836862211410899,0.17259518690776693,5,interior
0.09611921748429525,0.16687322526475368,5,interior
0.07958181544946802,0.15376525742721234,5,interior
0.07156162907764851,0.16128556116486487,5,interior
0.08723454805463468,0.1663500094403741,5,interior
0.0737896398019986,0.15580535784438576,5,interior
0.07477065586625496,0.15094557692929003,5,interior
0.06799812165808926,0.1562151731845322,5,interior
0.06377186081470695,0.15182149694502522,5,interior
0.070251023570663,0.1510641873741474,5,interior
0.07193859723841746,0.16544675727629313,5,interior
0.06749026524501725,0.14832896569149187,5,interior
0.17355371900826447,0.048406139315230176,6,boundary
0.17355371900826447,0.049586776859504085,6,boundary
0.17355371900826447,0.05076741440377799,6,boundary
0.17473435655253838,0.04486422668240845,6,boundary
0.17473435655253838,0.046044864226682365,6,boundary
0.17473435655253838,0.047225501770956274,6,boundary
0.17473435655253838,0.051948051948051896,6,boundary
0.1759149940968123,0.046044864226682365,6,boundary
0.1759149940968123,0.053128689492325805,6,boundary
0.1759149940968123,0.054309327036599804,6,boundary
0.17709563164108616,0.047225501770956274,6,boundary
0.17709563164108616,0.05548996458087371,6,boundary
0.17709563164108616,0.05667060212514762,6,boundary
0.17827626918536008,0.048406139315230176,6,boundary
0.17827626918536008,0.057851239669421524,6,boundary
0.179456906729634,0.049586776859504085,6,boundary
0.179456906729634,0.05903187721369544,6,boundary
0.179456906729634,0.06021251475796934,6,boundary
0.1806375442739079,0.05076741440377799,6,boundary
0.1806375442739079,0.06139315230224325,6,boundary
0.1806375442739079,0.06257378984651715,6,boundary
0.1818181818181818,0.05076741440377799,6,boundary
0.1818181818181818,0.06375442739079105,6,boundary
0.1829988193624557,0.051948051948051896,6,boundary
0.1829988193624557,0.06493506493506497,6,boundary
0.1829988193624557,0.06611570247933887,6,boundary
0.1829988193624557,0.06729634002361279,6,boundary
0.1829988193624557,0.06847697756788669,6,boundary
0.18417945690672963,0.051948051948051896,6,boundary
0.18417945690672963,0.0696576151121606,6,boundary
0.18417945690672963,0.0708382526564345,6,boundary
0.18417945690672963,0.07201889020070841,6,boundary
0.18417945690672963,0.07319952774498231,6,boundary
0.18417945690672963,0.07438016528925623,6,boundary
0.18536009445100354,0.051948051948051896,6,boundary
0.18536009445100354,0.07556080283353013,6,boundary
0.18654073199527746,0.053128689492325805,6,boundary
0.18654073199527746,0.07674144037780403,6,boundary
0.18772136953955135,0.053128689492325805,6,boundary
0.18772136953955135,0.07792207792207793,6,boundary
0.18890200708382526,0.053128689492325805,6,boundary
0.18890200708382526,0.07792207792207793,6,boundary
0.19008264462809918,0.054309327036599804,6,boundary
0.19008264462809918,0.07910271546635185,6,boundary
0.1912632821723731,0.054309327036599804,6,boundary
0.1912632821723731,0.08028335301062577,6,boundary
0.19244391971664698,0.05548996458087371,6,boundary
0.19244391971664698,0.08146399055489967,6,boundary
0.1936245572609209,0.05548996458087371,6,boundary
0.1936245572609209,0.08028335301062577,6,boundary
0.19480519480519481,0.05548996458087371,6,boundary
0.19480519480519481,0.07910271546635185,6,boundary
0.1959858323494687,0.05667060212514762,6,boundary
0.1959858323494687,0.057851239669421524,6,boundary
0.1959858323494687,0.07792207792207793,6,boundary
0.19716646989374262,0.05903187721369544,6,boundary
0.19716646989374262,0.06021251475796934,6,boundary
0.19716646989374262,0.07674144037780403,6,boundary
0.1983471074380165,0.06139315230224325,6,boundary
0.1983471074380165,0.06257378984651715,6,boundary
0.1983471074380165,0.06375442739079105,6,boundary
0.1983471074380165,0.07556080283353013,6,boundary
0.19952774498229042,0.06493506493506497,6,boundary
0.19952774498229042,0.06611570247933887,6,boundary
0.19952774498229042,0.07438016528925623,6,boundary
0.20070838252656434,0.06729634002361279,6,boundary
0.20070838252656434,0.06847697756788669,6,boundary
0.20070838252656434,0.0696576151121606,6,boundary
0.20070838252656434,0.07319952774498231,6,boundary
0.20188902007083825,0.0708382526564345,6,boundary
0.20188902007083825,0.07201889020070841,6,boundary
0.19472081832348867,0.07413444384725364,6,interior
0.19002907904716865,0.07404777705829932,6,interior
0.19771067894326108,0.07091557469595443,6,interior
0.19303144479930634,0.06821803309629736,6,interior
0.18743849616081315,0.07106892142870049,6,interior
0.19244559293389554,0.07749887290271154,6,interior
0.18207983606050332,0.05544530806528546,6,interior
0.18391339338934534,0.060480993872103435,6,interior
0.19224501355132903,0.060765295036855176,6,interior
0.18723269781383023,0.06510557649135097,6,interior
0.19575785812104105,0.06366944350907965,6,interior
0.18757934703618317,0.05766191076624646,6,interior
0.36835891381345925,0.5360094451003542,7,boundary
0.36835891381345925,0.5371900826446281,7,boundary
0.36835891381345925,0.5383707201889019,7,boundary
0.36835891381345925,0.5395513577331759,7,boundary
0.36835891381345925,0.5407319952774498,7,boundary
0.36835891381345925,0.5419126328217237,7,boundary
0.36835891381345925,0.5430932703659975,7,boundary
0.36835891381345925,0.5442739079102715,7,boundary
0.36835891381345925,0.5454545454545454,7,boundary
0.36835891381345925,0.5466351829988194,7,boundary
0.3695395513577332,0.5348288075560802,7,boundary
0.3695395513577332,0.5478158205430932,7,boundary
0.3695395513577332,0.5489964580873671,7,boundary
0.3695395513577332,0.5501770956316411,7,boundary
0.3707201889020071,0.5336481700118064,7,boundary
0.3707201889020071,0.5501770956316411,7,boundary
0.37190082644628103,0.5324675324675325,7,boundary
0.37190082644628103,0.5489964580873671,7,boundary
0.3730814639905549,0.5312868949232585,7,boundary
0.3730814639905549,0.5489964580873671,7,boundary
0.3742621015348288,0.5301062573789846,7,boundary
0.3742621015348288,0.5478158205430932,7,boundary
0.3754427390791027,0.5289256198347108,7,boundary
0.3754427390791027,0.5466351829988194,7,boundary
0.3766233766233766,0.5277449822904369,7,boundary
0.3766233766233766,0.5466351829988194,7,boundary
0.3778040141676505,0.5265643447461629,7,boundary
0.3778040141676505,0.5454545454545454,7,boundary
0.3789846517119244,0.5265643447461629,7,boundary
0.3789846517119244,0.5430932703659975,7,boundary
0.3789846517119244,0.5442739079102715,7,boundary
0.38016528925619836,0.5265643447461629,7,boundary
0.38016528925619836,0.5407319952774498,7,boundary
0.38016528925619836,0.5419126328217237,7,boundary
0.38134592680047225,0.5253837072018891,7,boundary
0.38134592680047225,0.5383707201889019,7,boundary
0.38134592680047225,0.5395513577331759,7,boundary
0.3825265643447462,0.5253837072018891,7,boundary
0.3825265643447462,0.5360094451003542,7,boundary
0.3825265643447462,0.5371900826446281,7,boundary
0.3837072018890201,0.5253837072018891,7,boundary
0.3837072018890201,0.5336481700118064,7,boundary
0.3837072018890201,0.5348288075560802,7,boundary
0.38488783943329397,0.5265643447461629,7,boundary
0.38488783943329397,0.5277449822904369,7,boundary
0.38488783943329397,0.5289256198347108,7,boundary
0.38488783943329397,0.5312868949232585,7,boundary
0.38488783943329397,0.5324675324675325,7,boundary
0.38606847697756785,0.5301062573789846,7,boundary
0.37471624132314413,0.5417873055781043,7,interior
0.37134013883432293,0.5450331386872059,7,interior
0.37151899313354153,0.5385389554082319,7,interior
0.3764132941191122,0.5354431525257399,7,interior
0.3815659589985645,0.5327250406982925,7,interior
0.3824549656625698,0.5282912750379251,7,interior
0.3784582545383125,0.5302716410320087,7,interior
0.5985832349468713,0.7886658795749705,8,boundary
0.5997638724911453,0.7863046044864226,8,boundary
0.5997638724911453,0.7874852420306965,8,boundary
0.5997638724911453,0.7898465171192444,8,boundary
0.5997638724911453,0.7981109799291617,8,boundary
0.6009445100354192,0.7863046044864226,8,boundary
0.6009445100354192,0.7898465171192444,8,boundary
0.6009445100354192,0.7957497048406138,8,boundary
0.6009445100354192,0.7969303423848878,8,boundary
0.6009445100354192,0.7981109799291617,8,boundary
0.602125147579693,0.7851239669421487,8,boundary
0.602125147579693,0.7910271546635181,8,boundary
0.602125147579693,0.7922077922077921,8,boundary
0.602125147579693,0.793388429752066,8,boundary
0.602125147579693,0.7945690672963399,8,boundary
0.602125147579693,0.7981109799291617,8,boundary
0.6033057851239669,0.7851239669421487,8,boundary
0.6033057851239669,0.7992916174734355,8,boundary
0.6044864226682408,0.7851239669421487,8,boundary
0.6044864226682408,0.7992916174734355,8,boundary
0.6056670602125148,0.7851239669421487,8,boundary
0.6056670602125148,0.7992916174734355,8,boundary
0.6068476977567886,0.7851239669421487,8,boundary
0.6068476977567886,0.7992916174734355,8,boundary
0.6080283353010626,0.7851239669421487,8,boundary
0.6080283353010626,0.8004722550177095,8,boundary
0.6092089728453365,0.7863046044864226,8,boundary
0.6092089728453365,0.8004722550177095,8,boundary
0.6103896103896105,0.7863046044864226,8,boundary
0.6103896103896105,0.8004722550177095,8,boundary
0.6115702479338843,0.7874852420306965,8,boundary
0.6115702479338843,0.8004722550177095,8,boundary
0.6127508854781581,0.7874852420306965,8,boundary
0.6127508854781581,0.7969303423848878,8,boundary
0.6127508854781581,0.7981109799291617,8,boundary
0.6127508854781581,0.7992916174734355,8,boundary
0.6139315230224321,0.7886658795749705,8,boundary
0.6139315230224321,0.7945690672963399,8,boundary
0.6139315230224321,0.7957497048406138,8,boundary
0.615112160566706,0.7898465171192444,8,boundary
0.615112160566706,0.793388429752066,8,boundary
0.6162927981109799,0.7898465171192444,8,boundary
0.6162927981109799,0.7922077922077921,8,boundary
0.6174734356552538,0.7910271546635181,8,boundary
0.6174734356552538,0.7922077922077921,8,boundary
0.6186540731995278,0.7910271546635181,8,boundary
0.6099226343462335,0.7960090138564626,8,interior
0.6095244734837354,0.7907327933659366,8,interior
0.6050381866076925,0.7888948339377054,8,interior
0.6054637453873821,0.7947961372940744,8,interior
0.6129317833285867,0.7919827458636876,8,interior
