x,y,region,classification
0.0,0.020725097681055328,1,boundary
0.0016005879818913977,0.019120377149119728,1,boundary
0.0030371298116413374,0.020725097681055328,1,boundary
0.003356694100937749,0.01752106522321808,1,boundary
0.004413001765951209,0.01574782558989627,1,boundary
0.005597245201592377,0.013980202956562104,1,boundary
0.006074259623282675,0.020725097681055328,1,boundary
0.006717520751919695,0.012209771823234095,1,boundary
0.0075161657379284996,0.021346169062781396,1,boundary
0.008431922913896285,0.010608628891623862,1,boundary
0.008958071852574323,0.021967240444507468,1,boundary
0.010175009620861325,0.008865542184658836,1,boundary
0.01007834740290164,0.023737671577835504,1,boundary
0.01148782826794552,0.025495405197081156,1,boundary
0.012317495384115654,0.007283194196568167,1,boundary
0.01269433563183079,0.027262050336130064,1,boundary
0.014437422338795834,0.02900513704309514,1,boundary
0.014586935434610699,0.007590748914549798,1,boundary
0.016856375485105744,0.007898303632531429,1,boundary
0.016979307158339476,0.030426746312311428,1,boundary
0.01899886124836005,0.00948065162062209,1,boundary
0.019121792921593776,0.0320090943004021,1,boundary
0.02126427868484811,0.03359144228849279,1,boundary
0.02154074606790369,0.010902260889838394,1,boundary
0.02313431967905387,0.034061138844789396,1,boundary
0.02408263088744732,0.012323870159054725,1,boundary
0.02500436067325963,0.03453083540108601,1,boundary
0.02572898857277972,0.012883588381491264,1,boundary
0.027375346258112117,0.013443306603927804,1,boundary
0.027442618432975022,0.03595699440014656,1,boundary
0.028002756208138677,0.03775201829483225,1,boundary
0.02928550059070358,0.03937211309369362,1,boundary
0.02946907056119123,0.013822981494084487,1,boundary
0.03156279486427034,0.01420265638424117,1,boundary
0.03182738541024719,0.04079372236290993,1,boundary
0.03304399618461159,0.01595724112812115,1,boundary
0.03329802734816366,0.0414241576380809,1,boundary
0.03476866928608013,0.04205459291325186,1,boundary
0.035377380781542504,0.017364271030073406,1,boundary
0.03731055410562374,0.043476202182468164,1,boundary
0.0377186032836102,0.017084202142491567,1,boundary
0.03938522980526888,0.04386354321019856,1,boundary
0.0400598257856779,0.016804133254909724,1,boundary
0.040325787261739146,0.1192593761961283,1,boundary
0.0408859250369028,0.11382511898935581,1,boundary
0.0408859250369028,0.11564473564539919,1,boundary
0.0408859250369028,0.11746435230144257,1,boundary
0.04145990550491402,0.044250884237928945,1,boundary
0.04144606281206646,0.11021047843862664,1,boundary
0.04144606281206646,0.1120300950946701,1,boundary
0.04157975102895524,0.11986948388502272,1,boundary
0.041710326936218824,0.10840246425759717,1,boundary
0.04200620058723011,0.10477622123185426,1,boundary
0.04200620058723011,0.10659583788789762,1,boundary
0.042424086045823275,0.016533335945867776,1,boundary
0.04256633836239377,0.10298119733716858,1,boundary
0.04331688033328131,0.10119453310889812,1,boundary
0.04352471084996967,0.04464219760391741,1,boundary
0.04398680835408681,0.09940432953776532,1,boundary
0.04420092780155143,0.1197020829922186,1,boundary
0.044656736374892335,0.09761412596663246,1,boundary
0.04478834630596866,0.01626253863682583,1,boundary
0.04558951619502533,0.04503351096990588,1,boundary
0.046115503478262494,0.09697891164739078,1,boundary
0.046390097628634525,0.016725471252084626,1,boundary
0.04682210457414762,0.11953468209941447,1,boundary
0.04719542261519983,0.046639417390080394,1,boundary
0.047574270581632654,0.09634369732814908,1,boundary
0.04799184895130039,0.01718840386734342,1,boundary
0.04840192997908513,0.048406062529129344,1,boundary
0.048727853889194005,0.018975706341772456,1,boundary
0.04889184509649794,0.1196986733067184,1,boundary
0.04928799166435766,0.050186776785548316,1,boundary
0.04921958577412672,0.09578355955298543,1,boundary
0.050804262735360185,0.020560955426566892,1,boundary
0.05081494470685559,0.0519393528072271,1,boundary
0.05086490096662078,0.09522342177782177,1,boundary
0.05096158561884826,0.11986266451402235,1,boundary
0.052088680540175944,0.12148959307812035,1,boundary
0.052510216159114845,0.09522342177782177,1,boundary
0.0529415572044095,0.020923095441392946,1,boundary
0.053208956090503266,0.12326002421144842,1,boundary
0.05335682952639921,0.053360962076443405,1,boundary
0.05376909386566693,0.12505504810613413,1,boundary
0.05402675754720467,0.055151165647576196,1,boundary
0.054155531351608915,0.09522342177782177,1,boundary
0.054329231640830575,0.056957502225875666,1,boundary
0.05457727610143947,0.12683918164759547,1,boundary
0.05507885167345883,0.021285235456219003,1,boundary
0.05522943330202515,0.058594392503051304,1,boundary
0.0554495071911579,0.1286205031341479,1,boundary
0.056009644966321555,0.13041552702883358,1,boundary
0.05648689878378435,0.09549952447849364,1,boundary
0.0570810382491103,0.021701749835111805,1,boundary
0.05712992051664886,0.06363421002310497,1,boundary
0.05769005829181252,0.06001956947237595,1,boundary
0.05769005829181252,0.06183918612841931,1,boundary
0.05812424729057816,0.06541017091774992,1,boundary
0.058059617906304845,0.13200193677795183,1,boundary
0.05908322482476178,0.022118264214004604,1,boundary
0.05881826621595978,0.0957756271791655,1,boundary
0.05933075465446344,0.06717681605679886,1,boundary
0.060202103669559186,0.1335842847660425,1,boundary
0.06053726201834871,0.06894346119584777,1,boundary
0.06047343647834611,0.09521945559091183,1,boundary
0.06106757594367207,0.022541956497857285,1,boundary
0.062128606740732444,0.09466328400265814,1,boundary
0.062240366608476025,0.06948034154565247,1,boundary
0.062344589432813506,0.1351666327541332,1,boundary
0.06305192706258235,0.02296564878170997,1,boundary
0.06394347119860333,0.07001722189545719,1,boundary
0.06377392193322651,0.09410314622749448,1,boundary
0.06467433655938175,0.1344330660392778,1,boundary
0.06500735746022823,0.02309045508757027,1,boundary
0.06541923712572056,0.09354300845233082,1,boundary
0.06598044859688754,0.07041973465824572,1,boundary
0.0669627878578741,0.02321526139343057,1,boundary
0.0672124004695947,0.09183094568827697,1,boundary
0.06702896001561143,0.1348097633604582,1,boundary
0.06791264680797462,0.09004207323813257,1,boundary
0.06801742599517176,0.07082224742103425,1,boundary
0.06899389515478999,0.022810386199988434,1,boundary
0.06889281379508569,0.08826549066026347,1,boundary
0.06945295157024935,0.0864704667655778,1,boundary
0.06957084483515502,0.13623137262967447,1,boundary
0.06996698629144932,0.07069980354582756,1,boundary
0.07045901021347073,0.0846950209568182,1,boundary
0.07102500245170588,0.022405511006546298,1,boundary
0.07171333059840937,0.13781372061776515,1,boundary
0.07191654658772687,0.07057735967062084,1,boundary
0.07246431568993458,0.08367120374325195,1,boundary
0.07267031764419996,0.02184537323138265,1,boundary
0.07281377822123128,0.13958502229314732,1,boundary
0.0735897659831002,0.14137056932794698,1,boundary
0.07393495762785104,0.08430163901842291,1,boundary
0.07431563283669401,0.021285235456219003,1,boundary
0.07425776908979456,0.07029729078303901,1,boundary
0.0754055995657675,0.08493207429359388,1,boundary
0.07550325016933074,0.141822782109758,1,boundary
0.07624933332990132,0.021729312156503033,1,boundary
0.07659899159186227,0.07001722189545719,1,boundary
0.0770759410318286,0.08548214020932765,1,boundary
0.07741673435556128,0.142274994891569,1,boundary
0.07818303382310862,0.022173388856787067,1,boundary
0.07824430678435633,0.07057735967062084,1,boundary
0.07874628249788972,0.08603220612506143,1,boundary
0.07906204954805518,0.14283513266673264,1,boundary
0.07988962197685039,0.07113749744578451,1,boundary
0.08032551958636294,0.023755736844877726,1,boundary
0.08070736474054907,0.14339527044189632,1,boundary
0.08128816731743334,0.0874538153942778,1,boundary
0.08153493716934446,0.07169763522094817,1,boundary
0.08279570937251103,0.025206199882364614,1,boundary
0.08318025236183851,0.07225777299611183,1,boundary
0.08295838787258633,0.14371164019437405,1,boundary
0.08383005213697697,0.08887542466349407,1,boundary
0.08469452513835188,0.026886613207855566,1,boundary
0.08520941100462359,0.1440280099468518,1,boundary
0.0855196387683614,0.07376087803996881,1,boundary
0.0863719369565206,0.08894705411966,1,boundary
0.08672224864796214,0.027040513979558034,1,boundary
0.08694492556714759,0.14455184685711953,1,boundary
0.08726272547532643,0.0755039647469338,1,boundary
0.08757844432040586,0.08718040898061111,1,boundary
0.08868044012967158,0.14507568376738728,1,boundary
0.08874997215757241,0.027194414751260505,1,boundary
0.08900581218229146,0.07724705145389883,1,boundary
0.08878495168429112,0.08541376384156218,1,boundary
0.0911482979455458,0.07882939944198952,1,boundary
0.09115467669032555,0.02786324064687646,1,boundary
0.09139768158106779,0.08402066627454866,1,boundary
0.09171756994131239,0.14507568376738728,1,boundary
0.09289776339729061,0.02960632735384152,1,boundary
0.09289138465251082,0.08057248614895456,1,boundary
0.09297873812712296,0.0823882675643658,1,boundary
0.0947546997529532,0.14507568376738728,1,boundary
0.09543964821683422,0.02946694309461721,1,boundary
0.09711971331810307,0.02901698481398187,1,boundary
0.09709592225502056,0.14535575265496908,1,boundary
0.09879977841937192,0.028567026533346536,1,boundary
0.09943714475708793,0.14563582154255092,1,boundary
0.10114100092143961,0.02884709542092837,1,boundary
0.1016007376109802,0.14584440312531277,1,boundary
0.10348222342350731,0.029127164308510207,1,boundary
0.10376433046487246,0.1460529847080746,1,boundary
0.10543467193093353,0.14550291879234084,1,boundary
0.10582344592557506,0.02940723319609203,1,boundary
0.10710501339699459,0.14495285287660709,1,boundary
0.10816466842764282,0.029687302083673855,1,boundary
0.10978287138203269,0.1436804166537557,1,boundary
0.11050589092971053,0.02996737097125568,1,boundary
0.11090314693235999,0.1419099855204277,1,boundary
0.1120234224826873,0.14013955438709963,1,boundary
0.11284711343177822,0.030247439858837502,1,boundary
0.11312924002140361,0.13836848847703445,1,boundary
0.11426397358334195,0.13659869212044348,1,boundary
0.11482289234895227,0.030674582037484202,1,boundary
0.11500567540609444,0.13481163976685262,1,boundary
0.1167986712661263,0.031101724216130902,1,boundary
0.117355636420391,0.13331279048895048,1,boundary
0.11854175797309131,0.03284481092309592,1,boundary
0.11885365011753571,0.1327895653615177,1,boundary
0.1202120994391524,0.0330582005940857,1,boundary
0.1203516638146804,0.13226634023408496,1,boundary
0.1210215918354859,0.13047613666295213,1,boundary
0.12188244090521348,0.03327159026507548,1,boundary
0.12316407759874022,0.12889378867486148,1,boundary
0.12394603793847195,0.033439928387447464,1,boundary
0.12542814745138794,0.12914280736883318,1,boundary
0.1260096349717304,0.03360826650981945,1,boundary
0.12768611992688345,0.034155859969621005,1,boundary
0.12769221730403565,0.1293918260628049,1,boundary
0.12936260488203646,0.03470345342942256,1,boundary
0.1303664266086671,0.12924576818802694,1,boundary
0.13143234540438686,0.035092780626281996,1,boundary
0.13304063591329854,0.129099710313249,1,boundary
0.1335020859267373,0.03548210782314143,1,boundary
0.13478372262026364,0.12735662360628391,1,boundary
0.13537212692094303,0.035951804379438,1,boundary
0.13692620838351796,0.1257742756181932,1,boundary
0.13724216791514873,0.036421500935734576,1,boundary
0.138669295090483,0.12403118891122816,1,boundary
0.13947017346570653,0.03771368785932054,1,boundary
0.1400303112408702,0.039508711754006214,1,boundary
0.14059044901603385,0.04130373564869186,1,boundary
0.14081178085373736,0.12244884092313746,1,boundary
0.1411505867911975,0.04309875954337754,1,boundary
0.14171072456636116,0.04489378343806311,1,boundary
0.1422708623415248,0.0466888073327488,1,boundary
0.1422708623415248,0.04850842398879214,1,boundary
0.1422708623415248,0.05032804064483549,1,boundary
0.1422708623415248,0.052147657300878815,1,boundary
0.14283100011668845,0.05394268119556449,1,boundary
0.14283100011668845,0.05576229785160787,1,boundary
0.14283100011668845,0.057581914507651225,1,boundary
0.14283100011668845,0.05940153116369454,1,boundary
0.14283100011668845,0.06122114781973789,1,boundary
0.14283100011668845,0.06304076447578118,1,boundary
0.14283100011668845,0.06486038113182456,1,boundary
0.14283100011668845,0.06667999778786783,1,boundary
0.14283100011668845,0.06849961444391121,1,boundary
0.1431203073331244,0.07030652911189314,1,boundary
0.14335366567328092,0.12319283831743344,1,boundary
0.14432681469700964,0.07207317425094203,1,boundary
0.1450715512173431,0.07386009336661052,1,boundary
0.14549615143653524,0.12280571031681248,1,boundary
0.14673982942478017,0.07560646452903984,1,boundary
0.14696679337445168,0.12217527504164152,1,boundary
0.1482104713626966,0.07623689980421079,1,boundary
0.1484374353123681,0.12154483976647057,1,boundary
0.149681113300613,0.07686733507938175,1,boundary
0.15057992107562246,0.11996249177837992,1,boundary
0.15222299812015663,0.07630908159657146,1,boundary
0.15312180589516605,0.11895753416022714,1,boundary
0.1538933395862177,0.07575901568083768,1,boundary
0.15526429165842037,0.12053988214831782,1,boundary
0.15556368105227877,0.07520894976510391,1,boundary
0.1572340225183399,0.07465888384937013,1,boundary
0.15743707958986058,0.12211003498567732,1,boundary
0.158904363984401,0.07410881793363634,1,boundary
0.15994866224121831,0.12354383940562476,1,boundary
0.16137350356304064,0.07388022945565136,1,boundary
0.161818703235424,0.1240135359619213,1,boundary
0.16368874422962967,0.12448323251821786,1,boundary
0.16384264314168026,0.07365164097766637,1,boundary
0.16543183093659475,0.1262263192251829,1,boundary
0.16653986555700376,0.07351484476205275,1,boundary
0.16663833830048005,0.12799296436423185,1,boundary
0.1678448456643653,0.1297596095032808,1,boundary
0.16923708797232725,0.07337804854643913,1,boundary
0.17038673048390893,0.13118121877249708,1,boundary
0.17167784424242769,0.07313803716551989,1,boundary
0.17185737242182536,0.13181165404766804,1,boundary
0.1733280143597418,0.132442089322839,1,boundary
0.17411860051252812,0.07289802578460064,1,boundary
0.17479865629765823,0.1330725245980099,1,boundary
0.17626929823557463,0.13370295987318082,1,boundary
0.17678743961931243,0.07274980666605278,1,boundary
0.1781196799519989,0.13529813264373367,1,boundary
0.1781196799519989,0.13711774929977705,1,boundary
0.17945627872609674,0.07260158754750493,1,boundary
0.1795713696841888,0.13773588988260022,1,boundary
0.18092036882781717,0.14714293067513376,1,boundary
0.1810230594163787,0.1383540304654234,1,boundary
0.18148050660298082,0.14893795456981945,1,boundary
0.18148050660298082,0.15075757122586284,1,boundary
0.18159876448935108,0.07101923955941426,1,boundary
0.1817563121650446,0.1453600159804872,1,boundary
0.18260078215330816,0.13998742785774854,1,boundary
0.1827641375738119,0.15252083026501856,1,boundary
0.18334185119631613,0.06927615285244924,1,boundary
0.18316091992847183,0.14178245175243423,1,boundary
0.18316091992847183,0.14360206840847764,1,boundary
0.18490662333706626,0.15410317825310926,1,boundary
0.1852119528563653,0.06880648071120773,1,boundary
0.18708205451641446,0.06833680856996624,1,boundary
0.18704910910032055,0.15568552624119997,1,boundary
0.1888664858343745,0.15739871482098777,1,boundary
0.18895203484477668,0.06786708759861465,1,boundary
0.19049968228689113,0.15796372980031015,1,boundary
0.19082201517313888,0.06739736662726306,1,boundary
0.19213287873940776,0.1585287447796325,1,boundary
0.1924923566391999,0.06720646116020898,1,boundary
0.19360352067732417,0.15915918005480345,1,boundary
0.19416269810526093,0.0670155556931549,1,boundary
0.19507416261524058,0.15978961532997438,1,boundary
0.19625422919789284,0.06739611324397873,1,boundary
0.19654480455315704,0.1604200506051453,1,boundary
0.19801544649107347,0.16105048588031623,1,boundary
0.19834576029052475,0.06777667079480257,1,boundary
0.20019401071444898,0.06729820459247039,1,boundary
0.2006371927551787,0.1624399547974607,1,boundary
0.20204226113837317,0.06681973839013822,1,boundary
0.20228250794767255,0.16300009257262435,1,boundary
0.20391230213257894,0.0663500418338416,1,boundary
0.20392782314016641,0.163560230347788,1,boundary
0.20578234312678467,0.06588034527754501,1,boundary
0.20678145732638162,0.16363407842350455,1,boundary
0.20745268459284577,0.06552604783471805,1,boundary
0.20912302605890687,0.06517175039189108,1,boundary
0.20963509151259682,0.1637079264992211,1,boundary
0.2108661127658719,0.06691483709885611,1,boundary
0.21177757727585111,0.1652902744873117,1,boundary
0.21300859852912615,0.06849718508694674,1,boundary
0.2135206639828161,0.1670333611942767,1,boundary
0.21515108429238045,0.07007953307503734,1,boundary
0.21569853006097003,0.1686014703242609,1,boundary
0.21729357005563477,0.071661881063128,1,boundary
0.21734384525346384,0.16916160809942454,1,boundary
0.21898916044595768,0.16972174587458821,1,boundary
0.2191035448938397,0.07337804854643913,1,boundary
0.2211791425258541,0.0749873157581837,1,boundary
0.22154571749773602,0.17113745028305102,1,boundary
0.22301635943565246,0.17176788555822198,1,boundary
0.22332162828910845,0.0765696637462744,1,boundary
0.22448700137356886,0.1723983208333929,1,boundary
0.22586351310865208,0.07799127301549069,1,boundary
0.2259781191776713,0.17302051556706338,1,boundary
0.22746923698177374,0.17364271030073383,1,boundary
0.22809062257635018,0.07729901297258472,1,boundary
0.2297186521901894,0.07673191859167994,1,boundary
0.22981045948384107,0.173362641413152,1,boundary
0.2313466818040286,0.07616482421077517,1,boundary
0.2321516819859084,0.17308257252557016,1,boundary
0.23281732374194505,0.0755343889356042,1,boundary
0.23392946466235565,0.1725757464779329,1,boundary
0.23428796567986152,0.07490395366043323,1,boundary
0.23570724733880286,0.1720689204302956,1,boundary
0.23682985049940505,0.073482344391217,1,boundary
0.23784973310205715,0.170486572442205,1,boundary
0.23834558999827996,0.07287005869366442,1,boundary
0.23986132949715486,0.07225777299611183,1,boundary
0.23959281980902214,0.16874348573523998,1,boundary
0.2415066446896488,0.07169763522094817,1,boundary
0.24173530557227643,0.16716113774714933,1,boundary
0.24315195988214275,0.07113749744578451,1,boundary
0.24347839227924145,0.16541805104018434,1,boundary
0.24549318238421,0.07141756633336634,1,boundary
0.24562087804249572,0.1638357030520937,1,boundary
0.24776336380574998,0.1622533550640031,1,boundary
0.24783440488627725,0.07169763522094816,1,boundary
0.2503364151974859,0.16206658604315005,1,boundary
0.2508715346979175,0.07169763522094816,1,boundary
0.2529094665892218,0.161879817022297,1,boundary
0.25390866450955774,0.07169763522094816,1,boundary
0.2559465964008627,0.161879817022297,1,boundary
0.25624988701162477,0.07197770410853,1,boundary
0.2585911095136918,0.07225777299611183,1,boundary
0.2589837262125036,0.161879817022297,1,boundary
0.2611274207813731,0.07205621786002203,1,boundary
0.2620208560241445,0.161879817022297,1,boundary
0.2636637320490544,0.07185466272393225,1,boundary
0.2650579858357854,0.161879817022297,1,boundary
0.26620561686859795,0.07043305345471598,1,boundary
0.2680951156474263,0.161879817022297,1,boundary
0.26874750168814154,0.06901144418549975,1,boundary
0.27081724221049175,0.06872613576682549,1,boundary
0.2711322454590671,0.161879817022297,1,boundary
0.272886982732842,0.06844082734815123,1,boundary
0.274169375270708,0.161879817022297,1,boundary
0.275357436704882,0.06866888684664055,1,boundary
0.2772065050823489,0.161879817022297,1,boundary
0.27782789067692204,0.06889694634512988,1,boundary
0.2794969177495825,0.06944754124035907,1,boundary
0.2802436348939898,0.161879817022297,1,boundary
0.28116594482224294,0.06999813613558827,1,boundary
0.28278754813457,0.07056781679068638,1,boundary
0.2832807647056307,0.161879817022297,1,boundary
0.2844091514468971,0.07113749744578451,1,boundary
0.285801534228337,0.16167200708881324,1,boundary
0.2860544666393908,0.07169763522094817,1,boundary
0.28769978183188455,0.07225777299611183,1,boundary
0.2883223037510433,0.16146419715532948,1,boundary
0.2892441881971022,0.07285852167248835,1,boundary
0.2903920442733936,0.16107486995847015,1,boundary
0.29078859456231976,0.07345927034886486,1,boundary
0.2924589360283808,0.07400933626459856,1,boundary
0.29246178479574386,0.16068554276161082,1,boundary
0.29412927749444184,0.07455940218033226,1,boundary
0.2950036696152875,0.15926393349239454,1,boundary
0.29654638255021765,0.07480893202613119,1,boundary
0.2978351008647286,0.15907912814647873,1,boundary
0.29896348760599345,0.07505846187193012,1,boundary
0.2994804160572225,0.1596392659216424,1,boundary
0.30112573124971637,0.16019940369680605,1,boundary
0.30200061741763373,0.07505846187193012,1,boundary
0.3027710464422102,0.1607595414719697,1,boundary
0.3044163616347041,0.16131967924713334,1,boundary
0.30503774722927396,0.07505846187193012,1,boundary
0.30619168196109536,0.16137199999837376,1,boundary
0.3069909310977763,0.07462222628377452,1,boundary
0.30796700228748664,0.16142432074961416,1,boundary
0.3089441149662786,0.07418599069561893,1,boundary
0.3104361418661262,0.1611957322716292,1,boundary
0.3114859997858222,0.0727643814264027,1,boundary
0.31290528144476576,0.16096714379364424,1,boundary
0.3136284855490765,0.07118203343831203,1,boundary
0.31509912748699287,0.07055159816314112,1,boundary
0.31504776720802,0.16213428713838574,1,boundary
0.3165697694249093,0.0699211628879702,1,boundary
0.31700923250091095,0.16256718985550506,1,boundary
0.3180404113628257,0.06929072761279931,1,boundary
0.3189706977938019,0.16300009257262435,1,boundary
0.3195110533007421,0.0686602923376284,1,boundary
0.3206160129862957,0.16243995479746068,1,boundary
0.3209816952386585,0.06802985706245748,1,boundary
0.32226132817878955,0.161879817022297,1,boundary
0.32245233717657484,0.06739942178728657,1,boundary
0.32392297911449125,0.06676898651211566,1,boundary
0.32406497114787725,0.16237623555834085,1,boundary
0.32539362105240766,0.06613855123694473,1,boundary
0.3258686141169649,0.16287265409438473,1,boundary
0.32733925605488134,0.16350308936955565,1,boundary
0.3282621596873363,0.06607070147783434,1,boundary
0.32880989799279775,0.1641335246447266,1,boundary
0.331130698322265,0.06600285171872394,1,boundary
0.33095238375605196,0.16571587263281717,1,boundary
0.3334942685755955,0.16713748190203345,1,boundary
0.3336725831418086,0.0645812424495077,1,boundary
0.3358150689050629,0.06299889446141704,1,boundary
0.3360361533951391,0.16855909117124965,1,boundary
0.3379575546683173,0.06141654647332634,1,boundary
0.3385780382146826,0.16834251575838322,1,boundary
0.33970064137528233,0.059673459766361237,1,boundary
0.34072052397793684,0.16676016777029265,1,boundary
0.34224868375752476,0.05825432861702039,1,boundary
0.34301911278210295,0.16524064367327898,1,boundary
0.34411564597038097,0.057783393000786214,1,boundary
0.34580429361702403,0.16544406256437041,1,boundary
0.3459826081832372,0.05731245738455204,1,boundary
0.3477522236676576,0.057048021014116546,1,boundary
0.34874557749285684,0.16489662978217295,1,boundary
0.3495218391520781,0.056783584643681044,1,boundary
0.35132859659182303,0.05838067273127437,1,boundary
0.35168686136868965,0.1646049770140722,1,boundary
0.3531308799384557,0.05887763844931104,1,boundary
0.35329276778886415,0.16621088343424673,1,boundary
0.3539626958096696,0.16800108700537955,1,boundary
0.35493316328508845,0.05937460416734771,1,boundary
0.35556860222984416,0.16960699342555405,1,boundary
0.3572743857871554,0.05965467305492954,1,boundary
0.35731168893680915,0.17135008013251907,1,boundary
0.3594541747000634,0.17293242812060966,1,boundary
0.35961560828922234,0.05993474194251136,1,boundary
0.36101030813503227,0.060569954523061686,1,boundary
0.3609129525913138,0.17356763809825357,1,boundary
0.3624050079808422,0.06120516710361201,1,boundary
0.36237173048256416,0.17420284807589748,1,boundary
0.36352528353116953,0.06297559823694016,1,boundary
0.364017045675058,0.17476298585106115,1,boundary
0.3656623608675519,0.17532312362622482,1,boundary
0.36574778618111875,0.06441584414382062,1,boundary
0.3674245622553234,0.06386836784529604,1,boundary
0.3673076760600458,0.17588326140138846,1,boundary
0.3689529912525396,0.1764433991765521,1,boundary
0.36910133832952796,0.06332089154677147,1,boundary
0.3704855497842564,0.1770489160303902,1,boundary
0.3709713793237336,0.06320512737462612,1,boundary
0.37201810831597326,0.1776544328842283,1,boundary
0.3728414203179392,0.06308936320248078,1,boundary
0.3736884497820343,0.17820449879996206,1,boundary
0.37471146131214483,0.06355905975877726,1,boundary
0.37535879124809535,0.1787545647156958,1,boundary
0.37658150230635046,0.06402875631507374,1,boundary
0.37709183682779907,0.17927939527161493,1,boundary
0.3784418123232828,0.064502369117029,1,boundary
0.3788248824075028,0.17980422582753405,1,boundary
0.3803021223402151,0.06497598191898428,1,boundary
0.3814310174006444,0.1796307713491717,1,boundary
0.382464070058016,0.06655049741575737,1,boundary
0.3842071567649811,0.06829358412272246,1,boundary
0.384037152393786,0.17945731687080932,1,boundary
0.38541366412886635,0.07006022926177141,1,boundary
0.38680936971435265,0.17935070246158985,1,boundary
0.3871567508358315,0.07180331596873651,1,boundary
0.38929923659908583,0.07338566395682718,1,boundary
0.38958158703491935,0.1792440880523704,1,boundary
0.39095401307055316,0.07394199402679681,1,boundary
0.39191671542689793,0.17773926936449755,1,boundary
0.3926087895420205,0.07449832409676645,1,boundary
0.3935226218470725,0.17613336294432302,1,boundary
0.3946940950589644,0.07488138713938977,1,boundary
0.39566510761032675,0.1745510149562324,1,boundary
0.3967794005759083,0.07526445018201311,1,boundary
0.3982069924298703,0.17312940568701615,1,boundary
0.3991900503119954,0.07449832409676645,1,boundary
0.40072630979164003,0.07454221372367784,1,boundary
0.4010755310647992,0.17315042228468075,1,boundary
0.4022625692712846,0.07458610335058921,1,boundary
0.40394406969972807,0.17317143888234532,1,boundary
0.4048044540908282,0.07600771261980545,1,boundary
0.4063956985160936,0.1734070745915396,1,boundary
0.4072160299939348,0.07492243176291018,1,boundary
0.40801626693117726,0.07313794938436037,1,boundary
0.4088473273324591,0.17364271030073383,1,boundary
0.40955559032994654,0.07169763522094816,1,boundary
0.41113427814522807,0.1739446209069467,1,boundary
0.4123888303321826,0.07161557947685185,1,boundary
0.4134212289579971,0.17424653151315958,1,boundary
0.41522207033441866,0.07153352373275552,1,boundary
0.41581672314936285,0.17450475868211035,1,boundary
0.41776718264588986,0.07133551058927001,1,boundary
0.4182122173407286,0.17476298585106115,1,boundary
0.41985753253322244,0.17532312362622482,1,boundary
0.42031229495736105,0.07113749744578451,1,boundary
0.42150284772571633,0.17588326140138846,1,boundary
0.42310486085945803,0.07103907235217478,1,boundary
0.42424207586694196,0.17722544956981318,1,boundary
0.42514043879917185,0.17900562374190968,1,boundary
0.4255819319085529,0.18080585671207877,1,boundary
0.4257152805862786,0.18261961871529545,1,boundary
0.425897426761555,0.07094064725856505,1,boundary
0.4262607143494992,0.18441528818732433,1,boundary
0.4268208521246628,0.18621031208201,1,boundary
0.4273680686994714,0.07031021198339413,1,boundary
0.4277250646486951,0.18799022942869384,1,boundary
0.42883871063738777,0.06967977670822322,1,boundary
0.42946815135566013,0.1897333161356589,1,boundary
0.43067465871954536,0.19149996127470778,1,boundary
0.43157600073147,0.06833680856996624,1,boundary
0.43241774542651035,0.19324304798167283,1,boundary
0.43294894003211704,0.06766705272931571,1,boundary
0.43405748920153164,0.193805427981731,1,boundary
0.43432187933276406,0.06699729688866518,1,boundary
0.43579252127068047,0.06636686161349427,1,boundary
0.435697232976553,0.19436780798178915,1,boundary
0.4372631632085969,0.06573642633832336,1,boundary
0.438300313178176,0.19576478908235653,1,boundary
0.43865962023794136,0.06507613524107199,1,boundary
0.43977095511609243,0.19639522435752746,1,boundary
0.44005607726728585,0.06441584414382062,1,boundary
0.44124159705400884,0.19702565963269839,1,boundary
0.44180060364191875,0.06493605423747385,1,boundary
0.44270945328318895,0.19765721602031655,1,boundary
0.4435451300165517,0.06545626433112708,1,boundary
0.44417730951236906,0.19828877240793474,1,boundary
0.4456507371590218,0.19891808657065843,1,boundary
0.44578714133647956,0.06577626090021935,1,boundary
0.4471241648056745,0.19954740073338212,1,boundary
0.44802915265640736,0.0660962574693116,1,boundary
0.44899420579988025,0.19949948917712917,1,boundary
0.4497269228530354,0.0666352846533751,1,boundary
0.45086424679408593,0.19945157762087626,1,boundary
0.4514246930496634,0.06717431183743859,1,boundary
0.4525345882601469,0.1999591138739958,1,boundary
0.4530175532380228,0.06719542242853875,1,boundary
0.45420492972620796,0.20046665012711534,1,boundary
0.4546104134263822,0.06721653301963891,1,boundary
0.4559718833456709,0.06551225278165008,1,boundary
0.45594801643317306,0.20220973683408036,1,boundary
0.4571783907095563,0.06374560764260104,1,boundary
0.4578180574273779,0.20174004027778464,1,boundary
0.4583848980734415,0.061978962503552094,1,boundary
0.4595914054373268,0.06021231736450317,1,boundary
0.4596880984215827,0.20127034372148894,1,boundary
0.46079791280121224,0.0584456722254541,1,boundary
0.46180459512193717,0.20089983361503916,1,boundary
0.46200442016509746,0.05667902708640519,1,boundary
0.46321092752898274,0.054912381947356266,1,boundary
0.46392109182229163,0.20052932350858935,1,boundary
0.4649540142359479,0.053169295240391136,1,boundary
0.4657443766384936,0.20004080986188283,1,boundary
0.46669710094291295,0.05142620853342605,1,boundary
0.4675676614546956,0.1995522962151763,1,boundary
0.46771090971160983,0.049651102992712456,1,boundary
0.4682710474867735,0.04603646244198336,1,boundary
0.46803695698452397,0.04784580139116039,1,boundary
0.4688627169458357,0.044250884237928945,1,boundary
0.4697309143330564,0.19920060319913735,1,boundary
0.4705080321383295,0.04369074646276529,1,boundary
0.47189416721141725,0.1988489101830984,1,boundary
0.47215334733082326,0.04313060868760162,1,boundary
0.47353948240391164,0.19828877240793474,1,boundary
0.47499270078873734,0.034453477980853416,1,boundary
0.47499270078873734,0.036273094636896624,1,boundary
0.47499270078873734,0.03809271129293995,1,boundary
0.47499270078873734,0.03991232794898316,1,boundary
0.47472280143472073,0.041720094716127275,1,boundary
0.47518479759640603,0.19772863463277107,1,boundary
0.4753895448233491,0.03265128470004409,1,boundary
0.4765869534518791,0.19707063703620917,1,boundary
0.4771326315303142,0.030908197993078954,1,boundary
0.4779891093073522,0.19641263943964726,1,boundary
0.4783535274397193,0.029142184580869233,1,boundary
0.4800822256011647,0.027398466147064773,1,boundary
0.48037424374723536,0.1949279457569528,1,boundary
0.48248343650567865,0.02714253967746017,1,boundary
0.4826734798901502,0.1934086821823402,1,boundary
0.4848846474101926,0.026886613207855566,1,boundary
0.4852153647096939,0.19198707291312384,1,boundary
0.4870223166066684,0.026524624002616067,1,boundary
0.48775724952923755,0.19056546364390747,1,boundary
0.4891599858031442,0.026162634797376568,1,boundary
0.4902991343487813,0.18914385437469106,1,boundary
0.49130247156639845,0.02458028680928591,1,boundary
0.4928673577009062,0.18895514230242183,1,boundary
0.4930295050657767,0.024053036683079763,1,boundary
0.494756538565155,0.023525786556873617,1,boundary
0.4954355810530311,0.18876643023015258,1,boundary
0.49656988752604336,0.023033274211049587,1,boundary
0.49838323648693167,0.02254076186522556,1,boundary
0.49847271086467365,0.18876643023015258,1,boundary
0.5005564252206041,0.022193067548304107,1,boundary
0.5015098406763162,0.18876643023015258,1,boundary
0.5027296139542765,0.02184537323138265,1,boundary
0.5031122067203239,0.18818900750902878,1,boundary
0.5043749291467705,0.02128523545621899,1,boundary
0.5047145727643315,0.187611584787905,1,boundary
0.5060202443392644,0.020725097681055328,1,boundary
0.5068570585275858,0.1860292367998143,1,boundary
0.5074806917482295,0.019056569070550356,1,boundary
0.5086001452345508,0.18428615009284938,1,boundary
0.5092123935908941,0.017312982512899817,1,boundary
0.5104189009547795,0.015546337373850734,1,boundary
0.510742630997805,0.18270380210475873,1,boundary
0.511889542892696,0.014915902098679818,1,boundary
0.5119491383616904,0.1809371569657098,1,boundary
0.512619066382496,0.1791469533945769,1,boundary
0.5133601848306123,0.014285466823508902,1,boundary
0.5132889944033016,0.17735674982344402,1,boundary
0.5142023450501934,0.1755772336846141,1,boundary
0.5148308267685286,0.013655031548338002,1,boundary
0.5151654297879923,0.17379990111326216,1,boundary
0.5158353578087979,0.17200969754212925,1,boundary
0.5163014687064451,0.0130245962731671,1,boundary
0.5165052858296036,0.17021949397099637,1,boundary
0.5171752138504092,0.16842929039986346,1,boundary
0.5177710764271377,0.012393744775801954,1,boundary
0.518123309476339,0.1666512997339007,1,boundary
0.5186834472515026,0.16485627583921492,1,boundary
0.5192406841478304,0.011762893278436808,1,boundary
0.5197215772559055,0.16308223811854877,1,boundary
0.5207123603029705,0.011132874225460122,1,boundary
0.5221840364581106,0.010502855172483436,1,boundary
0.5222634620754492,0.16209900519526163,1,boundary
0.523654678396027,0.009872419897312551,1,boundary
0.5239338035415104,0.16264907111099552,1,boundary
0.5251253203339434,0.009241984622141668,1,boundary
0.5256041450075716,0.16319913702672942,1,boundary
0.5265959622718599,0.008611549346970754,1,boundary
0.5272744864736327,0.1630101644320541,1,boundary
0.5280666042097762,0.007981114071799838,1,boundary
0.528944827939694,0.16282119183737878,1,boundary
0.530930812258352,0.007911521462045521,1,boundary
0.5312881712302466,0.16131967924713334,1,boundary
0.5329334864227411,0.1607595414719697,1,boundary
0.5337950203069277,0.007841928852291206,1,boundary
0.5345788016152354,0.16019940369680605,1,boundary
0.5362684904719203,0.007615083224950147,1,boundary
0.5362241168077299,0.16019940369680605,1,boundary
0.5378694320002243,0.16019940369680605,1,boundary
0.5387419606369128,0.007388237597609087,1,boundary
0.540255028166481,0.006774876562204662,1,boundary
0.5403105643867369,0.1587372464674635,1,boundary
0.5417680956960491,0.006161515526800238,1,boundary
0.5416490960332127,0.15711960099969338,1,boundary
0.5425863988277171,0.155341136476156,1,boundary
0.5432563268485228,0.15355093290502309,1,boundary
0.5433960115704584,0.005594375371300045,1,boundary
0.5438896471338672,0.1517591220769938,1,boundary
0.5444497849090308,0.14996409818230802,1,boundary
0.5450239274448676,0.0050272352157998525,1,boundary
0.5452661109109394,0.1481803221916244,1,boundary
0.5464945693827841,0.004396799940628884,1,boundary
0.5470091976179043,0.14643723548465948,1,boundary
0.5479652113207005,0.003766364665457915,1,boundary
0.5498025990858565,0.003283526770638116,1,boundary
0.5495510824374481,0.14501562621544306,1,boundary
0.5516399868510125,0.002800688875818317,1,boundary
0.5520929672569916,0.1435940169462267,1,boundary
0.5528518515364857,0.14180771898571,1,boundary
0.5534119893116495,0.14001269509102413,1,boundary
0.5539721270868131,0.13821767119633838,1,boundary
0.5546771166626527,0.002800688875818317,1,boundary
0.5545322648619767,0.13642264730165266,1,boundary
0.5550924026371403,0.13462762340696688,1,boundary
0.5566491147249049,0.13287635395151332,1,boundary
0.557714246474293,0.002800688875818317,1,boundary
0.5583922014318699,0.13113326724454835,1,boundary
0.5599616964723645,0.13054261554125846,1,boundary
0.5607513762859335,0.002800688875818317,1,boundary
0.5615311915128591,0.12995196383796853,1,boundary
0.5631026798763422,0.1293621143503535,1,boundary
0.5637885060975739,0.002800688875818317,1,boundary
0.5646741682398253,0.1287722648627385,1,boundary
0.5655537174955506,0.0022888034992614393,1,boundary
0.5661448101777418,0.12814182958756745,1,boundary
0.5673189288935273,0.001776918122704561,1,boundary
0.5676154521156583,0.12751139431239641,1,boundary
0.5695402551901114,0.001448596836515941,1,boundary
0.5700112680486773,0.12827155051247757,1,boundary
0.5717615814866954,0.0011202755503273213,1,boundary
0.5719100838145182,0.12995196383796853,1,boundary
0.5734800367066673,0.0005895730833601891,1,boundary
0.5742513063165866,0.13023203272555037,1,boundary
0.5751984919266391,5.887061639305694e-05,1,boundary
0.5765925288186549,0.1305121016131322,1,boundary
0.5781624817108012,2.943530819652847e-05,1,boundary
0.5782378440111493,0.1305121016131322,1,boundary
0.5798831592036436,0.1305121016131322,1,boundary
0.5811264714949633,0.0,1,boundary
0.5819013134618123,0.1301020134508033,1,boundary
0.583919467719981,0.12969192528847442,1,boundary
0.5841636013066038,0.0,1,boundary
0.5858878511563752,0.1298219445632215,1,boundary
0.5872007311182443,0.0,1,boundary
0.5878562345927693,0.12995196383796853,1,boundary
0.5895015497852636,0.1305121016131322,1,boundary
0.5896139303421868,0.0014733989703905532,1,boundary
0.591146864977758,0.13107223938829587,1,boundary
0.591756416105441,0.00305574695848125,1,boundary
0.5927921801702525,0.13163237716345952,1,boundary
0.5942983009249846,0.004477356227697446,1,boundary
0.5944374953627469,0.13219251493862316,1,boundary
0.5960595469337535,0.13276201519137765,1,boundary
0.5966348694820163,0.004759298102085181,1,boundary
0.59768159850476,0.13333151544413216,1,boundary
0.5989714380390481,0.005041239976472917,1,boundary
0.6006167532315418,0.00448110220130926,1,boundary
0.6006228823805931,0.13315347053375404,1,boundary
0.6022620684240356,0.003920964426145603,1,boundary
0.6024661344491531,0.1326729927361886,1,boundary
0.604309386517713,0.13219251493862316,1,boundary
0.6044894062415611,0.0036867285920085553,1,boundary
0.6059547017102074,0.13163237716345952,1,boundary
0.6067167440590865,0.0034524927578715075,1,boundary
0.6076000169027018,0.13107223938829587,1,boundary
0.6084598307660515,0.005195579464836605,1,boundary
0.6098461330643816,0.13149260562466228,1,boundary
0.6100657371862261,0.006801485885011252,1,boundary
0.6116663179286698,0.008550829294046648,1,boundary
0.6130153312570766,0.010311217731025397,1,boundary
0.6127894630535314,0.13163237716345952,1,boundary
0.614221838620962,0.012077862870074446,1,boundary
0.6151306855555998,0.13135230827587768,1,boundary
0.6159649253279271,0.013820949577039571,1,boundary
0.6171714326918125,0.01558759471608862,1,boundary
0.6174719080576682,0.13107223938829587,1,boundary
0.6183779400556979,0.01735423985513767,1,boundary
0.6198131305597365,0.13079217050071404,1,boundary
0.6200683845561247,0.019099637809942414,1,boundary
0.6213275341265485,0.02086397170115185,1,boundary
0.622154353061805,0.1305121016131322,1,boundary
0.6225340414904339,0.022630616840200898,1,boundary
0.6232039695112395,0.02442082041133379,1,boundary
0.623873897532045,0.026211023982466698,1,boundary
0.6237996682542994,0.1305121016131322,1,boundary
0.6254798039522196,0.027816930402641174,1,boundary
0.6254449834467938,0.1305121016131322,1,boundary
0.6270902986392881,0.13107223938829587,1,boundary
0.6275850248596838,0.028191978467993855,1,boundary
0.6287356138317826,0.13163237716345952,1,boundary
0.629690245767148,0.028567026533346536,1,boundary
0.6307108189414621,0.13176514183033314,1,boundary
0.6321611698164636,0.02711685900111699,1,boundary
0.6326860240511416,0.13189790649720676,1,boundary
0.633367677180349,0.025350213862068042,1,boundary
0.6346973566360249,0.13204521071791497,1,boundary
0.6351107638873141,0.026805272609626205,1,boundary
0.6367086892209082,0.13219251493862316,1,boundary
0.6368538505942792,0.02854835931659134,1,boundary
0.6385685918028077,0.13388858893039643,1,boundary
0.6389963363575335,0.030130707304681998,1,boundary
0.6403116785097727,0.13563167563736142,1,boundary
0.641192531972817,0.030469142469341588,1,boundary
0.6420547652167375,0.13737476234432638,1,boundary
0.6433887275881005,0.030807577634001177,1,boundary
0.6438752660600782,0.13730425862971124,1,boundary
0.6455317125456621,0.031167427503622974,1,boundary
0.6456957669034189,0.1372337549150961,1,boundary
0.6476746975032238,0.031527277373244775,1,boundary
0.6487328967150614,0.1372337549150961,1,boundary
0.6488812048671091,0.033293922512293725,1,boundary
0.6500877122309945,0.03506056765134277,1,boundary
0.6508759621901258,0.036845576316290624,1,boundary
0.6517700265267039,0.1372337549150961,1,boundary
0.6519962377404531,0.03861600744961863,1,boundary
0.6534153417191984,0.13667361713993245,1,boundary
0.654506032435229,0.04003902563074085,1,boundary
0.6550606569116928,0.1361134793647688,1,boundary
0.6567059721041872,0.13667361713993245,1,boundary
0.6570738571253473,0.041450195362110656,1,boundary
0.6583512872966816,0.1372337549150961,1,boundary
0.6594526217875256,0.042745063882382854,1,boundary
0.6599526302840284,0.1378115893668297,1,boundary
0.6611957084944906,0.044488150589347956,1,boundary
0.6615539732713752,0.13838942381856326,1,boundary
0.6624022158583759,0.046254795728396865,1,boundary
0.6634240142655811,0.13844447168429033,1,boundary
0.6641453025653411,0.047997882435361995,1,boundary
0.6653518099292264,0.04976452757441104,1,boundary
0.6652940552597869,0.1384995195500174,1,boundary
0.6670948966361916,0.051507614281376145,1,boundary
0.6671640962539929,0.13802982299372066,1,boundary
0.6690341372481987,0.1375601264374239,1,boundary
0.6694049836617796,0.05180021368579815,1,boundary
0.6711766230114531,0.13597777844933326,1,boundary
0.6717150706873676,0.05209281309022015,1,boundary
0.6734126246024773,0.1344330660392778,1,boundary
0.6747522004990081,0.05209281309022015,1,boundary
0.6754615945379617,0.1328130824731519,1,boundary
0.6777893303106485,0.05209281309022015,1,boundary
0.6780034793575054,0.13139147320393552,1,boundary
0.6798495322093385,0.05192584134458908,1,boundary
0.680545364177049,0.13217461484187257,1,boundary
0.6819097341080285,0.051758869598958,1,boundary
0.682579662128834,0.05354907317009087,1,boundary
0.6828643478501666,0.13246363377782971,1,boundary
0.6841855685490086,0.055154979590265385,1,boundary
0.6851833315232843,0.13275265271378683,1,boundary
0.6861557398716503,0.055024240778151906,1,boundary
0.6875245540253527,0.13303272160136864,1,boundary
0.6881259111942921,0.05489350196603843,1,boundary
0.6897712263867859,0.05433336419087477,1,boundary
0.6898657765274211,0.13331279048895048,1,boundary
0.6914165415792796,0.053773226415711105,1,boundary
0.6929029063390636,0.13331279048895048,1,boundary
0.6938082182890855,0.05229116567886224,1,boundary
0.6955513049960504,0.050548078971897135,1,boundary
0.6959400361507061,0.13331279048895048,1,boundary
0.6972943917030157,0.04880499226493204,1,boundary
0.6981192584784373,0.13296752440054826,1,boundary
0.6990374784099807,0.04706190555796694,1,boundary
0.7002984808061685,0.13262225831214602,1,boundary
0.7007805651169459,0.04531881885100182,1,boundary
0.701987072480831,0.0435521737119529,1,boundary
0.7025212969206837,0.13107223938829587,1,boundary
0.7042302099277793,0.04201033313727431,1,boundary
0.7047505717955485,0.1307471170187532,1,boundary
0.7065714324298463,0.04173026424969248,1,boundary
0.7069798466704132,0.13042199464921048,1,boundary
0.7089126549319134,0.041450195362110656,1,boundary
0.7094330167996852,0.13018697924358952,1,boundary
0.7112538774339805,0.04117012647452884,1,boundary
0.7118861869289572,0.12995196383796853,1,boundary
0.7135950999360477,0.040890057586947026,1,boundary
0.7142274094310257,0.12967189495038672,1,boundary
0.715936322438115,0.040609988699365177,1,boundary
0.7165686319330943,0.1293918260628049,1,boundary
0.7182775449401823,0.040329919811783334,1,boundary
0.7189098544351626,0.12911175717522305,1,boundary
0.7206187674422493,0.04004985092420152,1,boundary
0.721251076937231,0.12883168828764122,1,boundary
0.7229599899443163,0.039769782036619704,1,boundary
0.7237923205902371,0.12903125837823493,1,boundary
0.7253012124463832,0.03948971314903787,1,boundary
0.7263335642432432,0.1292308284688286,1,boundary
0.7276424349484502,0.03920964426145603,1,boundary
0.7288027038218832,0.1294594169468139,1,boundary
0.7299836574505172,0.0389295753738742,1,boundary
0.7312718434005231,0.12968800542479916,1,boundary
0.7323248799525842,0.03864950648629238,1,boundary
0.733740982979163,0.12991659390278448,1,boundary
0.7339701951450781,0.038089368711128724,1,boundary
0.7356155103375721,0.03752923093596506,1,boundary
0.7362101225578029,0.13014518238076977,1,boundary
0.7370295570540647,0.03687601883335097,1,boundary
0.7384436037705573,0.03622280673073687,1,boundary
0.7391514064336361,0.12961815029515256,1,boundary
0.7412114468862017,0.1292249192913969,1,boundary
0.7413848876463901,0.03673569904055312,1,boundary
0.7432714873387672,0.12883168828764122,1,boundary
0.7439267724659337,0.03815730830976948,1,boundary
0.7449515288746134,0.1282855261788034,1,boundary
0.7464686572854773,0.03957891757898586,1,boundary
0.7466315704104596,0.12773936406996558,1,boundary
0.7487013109328101,0.12735003687310598,1,boundary
0.749010542105021,0.040779588325691916,1,boundary
0.7507710514551607,0.1269607096762464,1,boundary
0.7515524269245646,0.03935797905647566,1,boundary
0.7537123353309938,0.12636215969774153,1,boundary
0.754094311744108,0.03824236763499802,1,boundary
0.7555649536820245,0.03887280291016894,1,boundary
0.7562542201505374,0.12778376896695795,1,boundary
0.7570355956199409,0.03950323818533985,1,boundary
0.7583967059137917,0.12936611695504863,1,boundary
0.759663925325874,0.040890057586947026,1,boundary
0.760067047379853,0.12940189792223467,1,boundary
0.7616904434050296,0.04073664194244723,1,boundary
0.7617373888459141,0.1294376788894207,1,boundary
0.7637169614841851,0.04058322629794743,1,boundary
0.7636074298401201,0.12896798233312395,1,boundary
0.7654600481911501,0.04232631300491253,1,boundary
0.7654774708343259,0.12849828577682723,1,boundary
0.7672031348981153,0.04406939971187763,1,boundary
0.7675370006265017,0.12810484925707055,1,boundary
0.7695965304186774,0.1277114127373139,1,boundary
0.7701444187739481,0.04429177376396564,1,boundary
0.7716150607118646,0.04376104396277254,1,boundary
0.771937752920746,0.12743134384973206,1,boundary
0.7730857026497809,0.043230314161579436,1,boundary
0.7742922100136663,0.044996959300628386,1,boundary
0.7742789754228145,0.12715127496215023,1,boundary
0.7754987173775516,0.046763604439677434,1,boundary
0.776087444695622,0.12764575114539053,1,boundary
0.7767052247414371,0.048530249578726516,1,boundary
0.7778959139684294,0.12814022732863084,1,boundary
0.7788477105046914,0.05011259756681717,1,boundary
0.7805180519707524,0.05066266348255086,1,boundary
0.7804377987879729,0.1295618365978472,1,boundary
0.7821883934368135,0.05121272939828455,1,boundary
0.7823078397821789,0.12948226728167178,1,boundary
0.784132119622756,0.051652771244252355,1,boundary
0.7841778807763848,0.1294026979654964,1,boundary
0.7860758458086986,0.05209281309022015,1,boundary
0.7860479217705907,0.12893300140919967,1,boundary
0.7878722016111673,0.051593461823594935,1,boundary
0.7879179627647966,0.12846330485290292,1,boundary
0.7886698548803855,0.12667669990252423,1,boundary
0.7896685574136361,0.051094110556969725,1,boundary
0.7897943981494875,0.1249064561427211,1,boundary
0.7910009055133727,0.12313981100367215,1,boundary
0.7918110431768905,0.049511762568878875,1,boundary
0.792207412877258,0.12137316586462325,1,boundary
0.7934139202411433,0.1196065207255743,1,boundary
0.7935541298838555,0.04776867586191379,1,boundary
0.7952972165908206,0.046025589154948685,1,boundary
0.7955564060043976,0.11835396838157987,1,boundary
0.797439702354075,0.04741935395998182,1,boundary
0.7976988917676519,0.11993631636967052,1,boundary
0.7995821881173294,0.049001701948072525,1,boundary
0.7997637710151774,0.12154989721051368,1,boundary
0.8021511854078794,0.050412399764729186,1,boundary
0.8021049935172458,0.12126982832293186,1,boundary
0.8044462160193143,0.12098975943535004,1,boundary
0.8044924079099465,0.05069246865231101,1,boundary
0.806522743395151,0.1193808664003306,1,boundary
0.8068336304120135,0.05097253753989283,1,boundary
0.8082658301021161,0.11763777969336564,1,boundary
0.8088180322472884,0.05110900344207715,1,boundary
0.8089357581229215,0.11584757612223273,1,boundary
0.8099550903366045,0.11407271308750681,1,boundary
0.8105152281117682,0.11227768919282105,1,boundary
0.8108024340825633,0.05124546934426148,1,boundary
0.8118815205847074,0.11066126255979235,1,boundary
0.8122730760204797,0.050615034069090584,1,boundary
0.8137437179583961,0.04998459879391969,1,boundary
0.813951261107058,0.11027193536293275,1,boundary
0.8152246197626859,0.04935829261657895,1,boundary
0.8160210016294085,0.10988260816607316,1,boundary
0.8167055215669757,0.04873198643923821,1,boundary
0.8183508367594695,0.04817184866407456,1,boundary
0.8189393540826686,0.109834806049075,1,boundary
0.8199961519519633,0.04761171088891091,1,boundary
0.8214815602970735,0.046987218375339784,1,boundary
0.8218577065359286,0.10978700393207685,1,boundary
0.8229669686421837,0.04636272586176866,1,boundary
0.8236779337118038,0.11027674813048646,1,boundary
0.8244376105801001,0.04573229058659775,1,boundary
0.8254981608876789,0.11076649232889606,1,boundary
0.8259082525180165,0.04510185531142685,1,boundary
0.8273788944559329,0.044471420036255864,1,boundary
0.8280400457072224,0.1121881015981124,1,boundary
0.8288495363938494,0.043840984761084875,1,boundary
0.8297831324141876,0.11393118830507742,1,boundary
0.8315262191211525,0.11567427501204236,1,boundary
0.8317668588727671,0.0436907464627653,1,boundary
0.8334121740652609,0.04425088423792896,1,boundary
0.8332693058281174,0.11741736171900732,1,boundary
0.8350574892577546,0.04481102201309262,1,boundary
0.8354117915913717,0.118999709707098,1,boundary
0.8367028044502482,0.04537115978825627,1,boundary
0.8371548782983368,0.12074279641406299,1,boundary
0.838348119642742,0.04593129756341991,1,boundary
0.8398318619009499,0.12211003498567732,1,boundary
0.840080494354395,0.04596633479086236,1,boundary
0.841812869066048,0.04600137201830481,1,boundary
0.8422334520880551,0.12236580881246364,1,boundary
0.8440670320489558,0.04568626590328054,1,boundary
0.8446350422751603,0.12262158263924997,1,boundary
0.8463211950318635,0.04537115978825627,1,boundary
0.8467775280384146,0.12420393062734061,1,boundary
0.8479665102243572,0.0448110220130926,1,boundary
0.8489200138016689,0.1257862786154313,1,boundary
0.8496118254168509,0.044250884237928945,1,boundary
0.8510624995649232,0.12736862660352197,1,boundary
0.8513224702240664,0.04478473001663047,1,boundary
0.8530331150312819,0.04531857579533199,1,boundary
0.8532049853281775,0.12895097459161262,1,boundary
0.8546131006090538,0.045905005566957785,1,boundary
0.8547661123496971,0.1307020502100907,1,boundary
0.8556180000559481,0.13248426486971052,1,boundary
0.8561930861868259,0.04649143533858359,1,boundary
0.8568245074198334,0.13425091000875944,1,boundary
0.8577540840130313,0.0470855067578624,1,boundary
0.85829514935775,0.13488134528393048,1,boundary
0.8593150818392368,0.0476795781771412,1,boundary
0.8597657912956664,0.1355117805591015,1,boundary
0.8613594716472284,0.13609269884951697,1,boundary
0.8618569666587803,0.04910118744635743,1,boundary
0.8629531519987903,0.13667361713993245,1,boundary
0.8633276085966967,0.049731622721528326,1,boundary
0.8643129815916741,0.1383785575296182,1,boundary
0.864798250534613,0.05036205799669922,1,boundary
0.8655194889555593,0.140145202668667,1,boundary
0.8663810218211213,0.05094736665587786,1,boundary
0.8670633884169291,0.14064996100495436,1,boundary
0.8679637931076296,0.05153267531505651,1,boundary
0.8686072878782989,0.14115471934124169,1,boundary
0.8702814192299896,0.050020812813855585,1,boundary
0.8703354812056558,0.14168150269302643,1,boundary
0.8720245059369546,0.048277726106890496,1,boundary
0.8720636745330128,0.14220828604481117,1,boundary
0.8735382804806266,0.047664649610318854,1,boundary
0.8742061602962672,0.14379063403290188,1,boundary
0.8750520550242988,0.04705157311374722,1,boundary
0.8759492470032321,0.14553372073986695,1,boundary
0.8770786629408933,0.04689812131404213,1,boundary
0.8776923337101973,0.14727680744683205,1,boundary
0.8791052708574879,0.04674466951433704,1,boundary
0.8794354204171624,0.14901989415379716,1,boundary
0.8811785071241276,0.15076298086076229,1,boundary
0.8816471556770316,0.04816627878355327,1,boundary
0.8836264746103766,0.1510000900774749,1,boundary
0.884189040496575,0.04958788805276955,1,boundary
0.8860744420966254,0.15123719929418752,1,boundary
0.8867309253161185,0.051009497321985765,1,boundary
0.8892728101356622,0.052431106591201995,1,boundary
0.8891115719082657,0.15123719929418752,1,boundary
0.891542250186157,0.05234399302796175,1,boundary
0.892148701719906,0.15123719929418752,1,boundary
0.8938116902366517,0.05225687946472151,1,boundary
0.8947951474270966,0.15261672788529468,1,boundary
0.895554776943617,0.05367183342268388,1,boundary
0.8965382341340618,0.15435981459225978,1,boundary
0.8976972627068713,0.055254181410774685,1,boundary
0.898281320841027,0.15610290129922488,1,boundary
0.8997519627789433,0.15673333657439578,1,boundary
0.8998397484701257,0.05683652939886539,1,boundary
0.9012226047168597,0.15736377184956668,1,boundary
0.9015828351770908,0.05857961610583048,1,boundary
0.9028245072521317,0.15794138111044087,1,boundary
0.9037253209403452,0.06016196409392114,1,boundary
0.9044264097874036,0.15851899037131506,1,boundary
0.905965490656109,0.15912188230134547,1,boundary
0.9062672057598887,0.06158357336313737,1,boundary
0.9075045715248145,0.15972477423137588,1,boundary
0.9078732840370729,0.0621595020907335,1,boundary
0.9094793623142572,0.06273543081832963,1,boundary
0.9092561210410965,0.16024215785167278,1,boundary
0.9110142674410503,0.06334000328163812,1,boundary
0.9110076705573785,0.1607595414719697,1,boundary
0.9125491725678434,0.06394457574494661,1,boundary
0.9125968039732186,0.1601767932607992,1,boundary
0.9141859373890586,0.1595940450496287,1,boundary
0.9150910573873872,0.06536618501416284,1,boundary
0.9158874343582063,0.15905651771047188,1,boundary
0.9176329422069307,0.06678779428337907,1,boundary
0.917588931327354,0.15851899037131506,1,boundary
0.9192342465198478,0.15795885259615142,1,boundary
0.919858254615914,0.06833680856996624,1,boundary
0.9208795617123414,0.15739871482098777,1,boundary
0.9223173127897285,0.06979175154068601,1,boundary
0.9238085871291355,0.1575442432552962,1,boundary
0.9244597985529829,0.0713740995287767,1,boundary
0.9250150944930208,0.15931088839434515,1,boundary
0.9264637475706453,0.16106690216372785,1,boundary
0.9269465165325833,0.07281791077127547,1,boundary
0.9280130161798368,0.16162228376429466,1,boundary
0.9291441691357807,0.07437805678608359,1,boundary
0.9295622847890281,0.16217766536486145,1,boundary
0.9310329267269445,0.16280810064003237,1,boundary
0.931286654899035,0.07596040477417426,1,boundary
0.9325035686648608,0.1634385359152033,1,boundary
0.9338285397185787,0.07738201404339062,1,boundary
0.9339976924024571,0.16405952090665932,1,boundary
0.9354918161400535,0.1646805058981153,1,boundary
0.9363704245381224,0.07880362331260686,1,boundary
0.9375380748627239,0.16428172841754107,1,boundary
0.9377973245691023,0.07945166258050496,1,boundary
0.939224224600082,0.08009970184840304,1,boundary
0.9395843335853943,0.16388295093696686,1,boundary
0.9415374065575135,0.08039105569309804,1,boundary
0.9415246125572847,0.1634415217547956,1,boundary
0.943464891529175,0.16300009257262435,1,boundary
0.9438505885149451,0.08068240953779306,1,boundary
0.9451102067216688,0.16300009257262435,1,boundary
0.9455936752219102,0.08242549624475816,1,boundary
0.9467555219141625,0.16300009257262435,1,boundary
0.9473367619288754,0.08416858295172325,1,boundary
0.9485803512042507,0.16348798464361614,1,boundary
0.9494792476921298,0.08575093093981406,1,boundary
0.9504051804943389,0.16397587671460792,1,boundary
0.9512223343990949,0.08749401764677915,1,boundary
0.9524379084115835,0.1642895536686213,1,boundary
0.9533648201623491,0.08907636563486981,1,boundary
0.9544706363288282,0.1646032306226347,1,boundary
0.9551079068693142,0.09081945234183496,1,boundary
0.9552145895598448,0.16281627711677138,1,boundary
0.9561510496543192,0.1610377755946211,1,boundary
0.9570910249445355,0.15925942840658966,1,boundary
0.9571983799651034,0.09242273290200351,1,boundary
0.9578314629798101,0.15747232056660748,1,boundary
0.9584308809861465,0.15567902126432417,1,boundary
0.9589934793395337,0.09414488703689071,1,boundary
0.9604272991677029,0.1540378881700058,1,boundary
0.9607365660464988,0.09588797374385584,1,boundary
0.9620726143601965,0.15347775039484213,1,boundary
0.9628790518097531,0.09747032173194652,1,boundary
0.9637179295526902,0.15291761261967848,1,boundary
0.9646221385167183,0.09921340843891156,1,boundary
0.9653632447451839,0.15235747484451484,1,boundary
0.9667646242799726,0.10079575642700227,1,boundary
0.9670085599376776,0.15179733706935122,1,boundary
0.9685077109869377,0.10253884313396737,1,boundary
0.9688019877417222,0.1512968074255913,1,boundary
0.97049009032599,0.1041856261804403,1,boundary
0.9705954155457668,0.15079627778183136,1,boundary
0.9723932834571573,0.10586427782902326,1,boundary
0.9724654565399724,0.15032658122553477,1,boundary
0.9741363701641222,0.10760736453598839,1,boundary
0.9743354975341781,0.14985688466923822,1,boundary
0.9762788559273766,0.10918971252407901,1,boundary
0.9762055385283839,0.1493871881129417,1,boundary
0.9780219426343417,0.11093279923104411,1,boundary
0.9780755795225895,0.14891749155664516,1,boundary
0.979984169155195,0.11258769280789517,1,boundary
0.9805151451192557,0.1486770009875072,1,boundary
0.9819075151045611,0.11425823392609986,1,boundary
0.982954710715922,0.14843651041836922,1,boundary
0.9836506018115263,0.116001320633065,1,boundary
0.9857930875747806,0.11758366862115567,1,boundary
0.9859918405275623,0.14843651041836922,1,boundary
0.9875361742817458,0.11932675532812075,1,boundary
0.9890289703392025,0.14843651041836922,1,boundary
0.989678660045,0.12090910331621142,1,boundary
0.9914217467519651,0.12265219002317652,1,boundary
0.9916922198255588,0.14706374453211274,1,boundary
0.9932758795160814,0.12435058608633194,1,boundary
0.993834705588813,0.14548139654402203,1,boundary
0.9953073192221846,0.1259776247182323,1,boundary
0.9955777922957783,0.14373830983705696,1,boundary
0.9964809694661024,0.14195834703333063,1,boundary
0.9970411072412662,0.1277211196826337,1,boundary
0.9970411072412662,0.14016332313864496,1,boundary
0.9982569132930349,0.12948735656424637,1,boundary
0.9981241557012743,0.13839125755574247,1,boundary
0.9987215205667571,0.1365978681106314,1,boundary
0.9992816583419208,0.13480284421594577,1,boundary
0.9998417961170845,0.13300782032126016,1,boundary
1.0,0.13123044327121142,1,boundary
0.4564557285850965,0.20034446574218973,1,interior
0.4555861847793727,0.19851185181664005,1,interior
0.4531481192161517,0.19764685305694016,1,interior
0.460570204648355,0.19848071643844162,1,interior
0.45815773879126737,0.19864179308080265,1,interior
0.45380795534418883,0.1947416447506878,1,interior
0.43477567344059537,0.19093873400192046,1,interior
0.43669277149978564,0.1929244921658931,1,interior
0.4363960172234109,0.18840811135227628,1,interior
0.43224876015914954,0.19010126564657384,1,interior
0.43393757737686905,0.18778972832856564,1,interior
0.43942082147560185,0.19318591168566868,1,interior
0.43303288696420106,0.18461397652787023,1,interior
0.43105276055590247,0.1874913422693533,1,interior
0.4363142135202313,0.18555174600964205,1,interior
0.43002435685435497,0.1850725221396333,1,interior
0.43585863677774433,0.18265122511333332,1,interior
0.45102603387590984,0.19520378146710907,1,interior
0.4562720607507369,0.19601148398589954,1,interior
0.45039223744166057,0.19754467406505719,1,interior
0.456039728231579,0.19225736051662354,1,interior
0.45230165220891605,0.19227664363718655,1,interior
0.4282291263215104,0.18526750933267708,1,interior
0.45977091637147505,0.19509699221274182,1,interior
0.463219969041812,0.19788230062934534,1,interior
0.4280938025810695,0.1823502141424495,1,interior
0.43091034705743175,0.18179428747326187,1,interior
0.4935104903173149,0.18666259520417142,1,interior
0.44206641110539113,0.19356912403738674,1,interior
0.44361225483563765,0.19582146148881152,1,interior
0.48371766850737236,0.19047203114798925,1,interior
0.4877221049369259,0.1878950102570538,1,interior
0.4270843597124082,0.1797703253977121,1,interior
0.4592767681265147,0.19069392704326515,1,interior
0.4531836654947991,0.18882099238057193,1,interior
0.4567573579073309,0.18839081096217067,1,interior
0.44599731328916653,0.19680519457602721,1,interior
0.49048399716793917,0.18682005356089382,1,interior
0.4843220013550595,0.18786791993455934,1,interior
0.4874100268955235,0.18495531248183772,1,interior
0.42916971801773357,0.17909463645173884,1,interior
0.4873976149553168,0.18145070488926174,1,interior
0.49151566406671815,0.18441816882713247,1,interior
0.48482206293098223,0.1828270944326449,1,interior
0.4900107882383279,0.18235803527824795,1,interior
0.4267327819760384,0.17732074063625816,1,interior
0.4249236473094277,0.17492397191548167,1,interior
0.448165968614049,0.19632909134650234,1,interior
0.44565801359488283,0.19345065499414846,1,interior
0.43216976986290095,0.1780866560575543,1,interior
0.4287164029881517,0.17549640937420935,1,interior
0.49490344796526164,0.18442249289374138,1,interior
0.49343482914859493,0.1815127342003051,1,interior
0.500984058890802,0.18603544472074676,1,interior
0.4811433140558707,0.19204993629209297,1,interior
0.49357946167103384,0.17856734343113204,1,interior
0.4902370265155067,0.17913564032148135,1,interior
0.49705402564198087,0.17958021458526643,1,interior
0.4879767914235026,0.17586652426433566,1,interior
0.4917516107520283,0.17592254650460495,1,interior
0.43347047765622804,0.1812087000424402,1,interior
0.4697892448478061,0.19635461729681156,1,interior
0.473055593341525,0.194977524614272,1,interior
0.475770363167372,0.19555085408882025,1,interior
0.43602732666725263,0.17901497167664168,1,interior
0.48036093740634156,0.18924350053393463,1,interior
0.4808269408244697,0.18581351746330851,1,interior
0.48364967014625604,0.1849725861687187,1,interior
0.4759667123055253,0.19319930221240675,1,interior
0.4353002727622494,0.17541895322013853,1,interior
0.4319304513442834,0.17468404395914439,1,interior
0.37328040386070455,0.17551842240628276,1,interior
0.4716470510321984,0.19722502564437805,1,interior
0.4688330010359458,0.1993433706318342,1,boundary
0.4694955483708759,0.1932993854430704,1,interior
0.4667885438785514,0.1966436696945127,1,interior
0.3764332638470078,0.17662232051524085,1,interior
0.4390624273191444,0.17677169901722745,1,interior
0.4377872131324991,0.18114099505111567,1,interior
0.43987711248327316,0.17953284298449143,1,interior
0.4953605167680209,0.17633822662855467,1,interior
0.43955646611591126,0.18348703781301273,1,interior
0.44275157578462904,0.18083257617753223,1,interior
0.5040646215515627,0.18557437801448703,1,interior
0.44889714199587144,0.19292921268380628,1,interior
0.4471394986786355,0.1898471224043313,1,interior
0.3794834015087694,0.1776279719546989,1,interior
0.3794558908665869,0.17518409808629035,1,interior
0.4520651236615931,0.18503392573290414,1,interior
0.44944404010303124,0.18679227297687256,1,interior
0.4547996991922315,0.18621902010860064,1,interior
0.49677352740157915,0.1825201304334541,1,interior
0.5000156695715344,0.18229530640448746,1,interior
0.49882638035453203,0.17644248289585907,1,interior
0.4962410395744968,0.18676877806525916,1,interior
0.43898534205098055,0.18729482096399697,1,interior
0.4408374283526688,0.19017104000477145,1,interior
0.47659020799300755,0.18988876992570392,1,interior
0.47862909735983594,0.1926055833852028,1,interior
0.5037481586434073,0.17729958708339574,1,interior
0.496989706265628,0.17412717025416727,1,interior
0.5020488959391639,0.17515770841797682,1,interior
0.49980158827758875,0.1730977733926146,1,interior
0.48475195073150984,0.17714630561861155,1,interior
0.48710899533334534,0.17871791374580165,1,interior
0.4844429950967471,0.18013757241432768,1,interior
0.48462724177289634,0.17412801389282476,1,interior
0.5029535353650103,0.17122503394399516,1,interior
0.5016496192495533,0.16835934976503808,1,interior
0.4967341132738481,0.17132365890284276,1,interior
0.5054326794307761,0.1740374766816019,1,interior
0.47293233169879223,0.1908673849722035,1,interior
0.46220998349192605,0.19223232935497073,1,interior
0.3767242067070213,0.17352352022114334,1,interior
0.37327715313306314,0.17305662194107413,1,interior
0.36992461226547224,0.1739989959542623,1,interior
0.4657636492088863,0.19311210967670908,1,interior
0.46348582192004334,0.19515812607466837,1,interior
0.4994671670986031,0.16992845424665426,1,interior
0.493690487630797,0.1730850444290692,1,interior
0.44389172967495777,0.19001868756271334,1,interior
0.4454574930822962,0.18645831022204287,1,interior
0.46746886511232383,0.1901533740744268,1,interior
0.4701625946725424,0.19039382152596165,1,interior
0.4738522958426828,0.18708212592372797,1,interior
0.47005124176413954,0.18747719277389177,1,interior
0.4645206055094935,0.19018669985697095,1,interior
0.46217888447381217,0.18854905416243664,1,interior
0.506391548660032,0.17767330438105497,1,interior
0.5067558512416395,0.18024126129695778,1,interior
0.5098701715032461,0.17845774406523884,1,interior
0.5086896526968561,0.17516626926105203,1,interior
0.4748760043189914,0.18363991294597956,1,interior
0.47132900766298924,0.18387389127815532,1,interior
0.4774827294574134,0.18653834381859602,1,interior
0.4964162357603758,0.16797190281764007,1,interior
0.4991201920687367,0.16661576339521436,1,interior
0.45960874274127567,0.18667485006776532,1,interior
0.45716027755055716,0.18466828634278595,1,interior
0.3809017786311701,0.17242079231197294,1,interior
0.38287771284992494,0.17612199199932224,1,interior
0.3780191599714436,0.1705775476687334,1,interior
0.46246742456493184,0.18490081354251098,1,interior
0.4621836318270037,0.18144971609056354,1,interior
0.459491172305251,0.18280806651235493,1,interior
0.5087653460045553,0.18156011350888515,1,interior
0.5056838670076885,0.18286761619802114,1,interior
0.5036026644547034,0.18045682568533872,1,interior
0.5043833468293552,0.16719557503453755,1,interior
0.5062982649646377,0.1699645948931818,1,interior
0.5016915031912113,0.16571333780523126,1,interior
0.4936651415040478,0.16952987947774548,1,interior
0.4295491110468583,0.1721990095415726,1,interior
0.4333638780863735,0.1717264457394815,1,interior
0.43643072140583944,0.1723232490969912,1,interior
0.4562245883260826,0.18095693997932488,1,interior
0.45980328300815915,0.1788510208181274,1,interior
0.4502383818929435,0.19003777353416473,1,interior
0.4259614549341393,0.17242162436768915,1,interior
0.4684241201109454,0.18047705525311433,1,interior
0.46816581671358815,0.184274283216441,1,interior
0.47232908063438406,0.18068919997823066,1,interior
0.48160427250480825,0.1821206057945817,1,interior
0.48175725572165123,0.17852446345486125,1,interior
0.47890844319375564,0.1795314955133197,1,interior
0.4758197779317462,0.18045202174491268,1,interior
0.4782828455678456,0.1830485264569346,1,interior
0.4433632027447364,0.17709954143797896,1,interior
0.44753642701064517,0.1846431253554148,1,interior
0.4491855145769896,0.18269090578773547,1,interior
0.48682755990930604,0.17280411719301716,1,interior
0.3663227254903103,0.17292449410026872,1,interior
0.3713264719885778,0.1708640259052012,1,interior
0.43630570369818905,0.16945149112030042,1,interior
0.43340214659350024,0.16812574350933954,1,interior
0.446286423647223,0.17989607613740177,1,interior
0.44561110242773,0.182768549070454,1,interior
0.44980176211683504,0.17924153451725486,1,interior
0.4524595268339721,0.18153588227516002,1,interior
0.4419470885383274,0.1867978368233584,1,interior
0.4429205165725305,0.18393071995986787,1,interior
0.36490139582641246,0.1689963971486671,1,interior
0.3681661524944859,0.1710730087531369,1,interior
0.3633768181372508,0.17209448561159482,1,interior
0.4393727930159312,0.17100418122390623,1,interior
0.433683686940717,0.16517824378349752,1,interior
0.4391174708652666,0.16752378235994328,1,interior
0.46524862711330317,0.18269701245172335,1,interior
0.46571649624799444,0.18684846926064072,1,interior
0.4911201033628531,0.17091280433724862,1,interior
0.39462052822905486,0.17528980780094527,1,boundary
0.5026751473605405,0.1834686237751984,1,interior
0.5115396109797039,0.1753936877238499,1,interior
0.5051154126488379,0.16119101227639274,1,interior
0.5057468003477398,0.16434758471665484,1,interior
0.4998882259645472,0.16320634730102426,1,interior
0.4793987076422548,0.17580089170964416,1,interior
0.476508214409372,0.17714983800888282,1,interior
0.47074441394914224,0.177117572505286,1,interior
0.4765546728370517,0.17379388371961293,1,interior
0.48229715310277144,0.175730409122059,1,interior
0.4789277058752573,0.17245956099154164,1,interior
0.4816226220047864,0.1729142234023235,1,interior
0.38318111838953844,0.16996627232510586,1,interior
0.38489442249040223,0.1729570837213473,1,interior
0.3747683686233822,0.17061430136371827,1,interior
0.44111110228203526,0.17419881440819318,1,interior
0.4472196398688958,0.1771352898738389,1,interior
0.44393601364921603,0.17365776928793003,1,interior
0.4899273524771017,0.17319524481910498,1,interior
0.37259417304073467,0.1679527704903112,1,interior
0.4738914639000118,0.17528161595521607,1,interior
0.5107548511644806,0.17240080685206874,1,interior
0.5080917795689597,0.17214761061778608,1,interior
0.47397326081555535,0.17191854136895712,1,interior
0.4768674545763782,0.17026912835431127,1,interior
0.4564169809168595,0.17775532536194844,1,interior
0.45317832324966617,0.1783570766223952,1,interior
0.4545971992264984,0.18348962394872642,1,interior
0.5080555435418779,0.16643910978714768,1,interior
0.5096860132281259,0.1694036413900261,1,interior
0.45026929484334177,0.17559755240255334,1,interior
0.4466003062768351,0.17422783993121135,1,interior
0.5062174055785178,0.18457108587258814,1,interior
0.43793875876771887,0.19046276685625488,1,interior
0.48798205595873173,0.17041868159510434,1,interior
0.49036773899111985,0.16828679879698186,1,interior
0.3952513256839156,0.1725929150110147,1,interior
0.39233112420133565,0.1725818568736877,1,interior
0.3977334576507337,0.1707807337582974,1,interior
0.39034489033127423,0.17559525735678036,1,interior
0.4306507890199171,0.16946549133489025,1,interior
0.4303362741579397,0.16618899119357394,1,interior
0.49812670587878816,0.185216335588585,1,interior
0.49312335748902825,0.16594427797871428,1,interior
0.38956588744257,0.1672759334308528,1,interior
0.389905257124172,0.17020581610861724,1,interior
0.3925108784674962,0.1685868985291388,1,interior
0.3950484609098008,0.16976819802257134,1,interior
0.3690041201696861,0.16847808584786475,1,interior
0.3702636404115858,0.16546704089486486,1,interior
0.3737996810876553,0.16478577176856016,1,interior
0.37619986954740625,0.16768193643099275,1,interior
0.4383457874719022,0.17404249523408588,1,interior
0.42201128631331647,0.17299045056758236,1,interior
0.40000205353255325,0.17159503921566846,1,interior
0.4024442342834782,0.1710376635719273,1,interior
0.471624311484785,0.17380229982050585,1,interior
0.47066742102413556,0.1707239095993916,1,interior
0.4739522971875263,0.1685673615303045,1,interior
0.45195193705576386,0.1703681267034156,1,interior
0.4544668638412494,0.17516931066485739,1,interior
0.448708636557878,0.1715277249824522,1,interior
0.48421753443911253,0.17047075711918439,1,interior
0.48039629636915354,0.16960810378975685,1,interior
0.35873173549217485,0.17036180671444462,1,interior
0.3611132919668468,0.1701303042149625,1,interior
0.3870384991533307,0.17599534067541564,1,interior
0.38655569169381276,0.16936691788781374,1,interior
0.38664082902043884,0.16555730847969027,1,interior
0.38942694620534757,0.16442002900484326,1,interior
0.4671530051486814,0.17657945058531388,1,interior
0.4688303390034745,0.17397209265390165,1,interior
0.3923501631960417,0.16506984873500014,1,interior
0.3950602389277817,0.16629648933540384,1,interior
0.40030448665025614,0.16927366896891757,1,interior
0.3978317432075838,0.16790250643581858,1,interior
0.49027975837062154,0.16345404108563794,1,interior
0.48656626864085567,0.16475577669077207,1,interior
0.4866597829632006,0.1677293762519216,1,interior
0.4233158420288691,0.16994507394606204,1,interior
0.41863106785432147,0.1729189133501683,1,interior
0.4207697932340823,0.16759184347812536,1,interior
0.5030342015184075,0.16340988760009525,1,interior
0.5051691782280173,0.15782809065653441,1,interior
0.5013818551003324,0.15938005529970253,1,interior
0.5081091046423217,0.16282302282019964,1,interior
0.5081015935205967,0.15967010310378318,1,interior
0.45288526803242135,0.16741091831649377,1,interior
0.454195575808216,0.17228056583610138,1,interior
0.45168942775305093,0.17326580326122312,1,interior
0.4134658686770106,0.17190879223495423,1,interior
0.38901960559195375,0.159035815647801,1,interior
0.38747273639470814,0.16204834735590032,1,interior
0.49660684203567734,0.16444186290658977,1,interior
0.49383264612538197,0.16224490246525183,1,interior
0.4736590157605977,0.16539296166832865,1,interior
0.4777712328982235,0.16668194607350673,1,interior
0.47001655701896466,0.1640891293137378,1,interior
0.41707179494648133,0.16780048906100178,1,interior
0.4196437336282622,0.17037758148731155,1,interior
0.4211267664419163,0.1638196405963643,1,interior
0.4189091119579304,0.16577990844413282,1,interior
0.4239859181693288,0.16655832138767476,1,interior
0.47377447956109153,0.17814681644881356,1,interior
0.4669930437194427,0.16917036809813285,1,interior
0.470452135855469,0.1673679229587128,1,interior
0.46655390820436926,0.16252143651286444,1,interior
0.4671000720119496,0.1657927889111271,1,interior
0.46938116551503367,0.16072781795725663,1,interior
0.4826533806165318,0.16663409393253614,1,interior
0.38846324437023694,0.17279840776960018,1,interior
0.3852143825540335,0.1774269709133316,1,interior
0.47508070933036245,0.16013280181072378,1,interior
0.4763119668982964,0.1631558710681615,1,interior
0.47275862078930686,0.162158296404217,1,interior
0.4780743720480906,0.16013372445432475,1,interior
0.47994096295627436,0.16358349735614663,1,interior
0.49740202496079333,0.16090603796736008,1,interior
0.4994629153098434,0.15529891893423012,1,interior
0.49778901493528294,0.15786380869461009,1,interior
0.5026964000531821,0.15535356849767912,1,interior
0.37506405824567096,0.16125659358002736,1,interior
0.37738271771906423,0.1646230760479451,1,interior
0.37121921133150027,0.1622391649502723,1,interior
0.4958673748223202,0.15516707271060926,1,interior
0.4942319860316765,0.15862134282108029,1,interior
0.3785095435175541,0.16162924280300525,1,interior
0.3808366409692236,0.16410887038483427,1,interior
0.37487538204420834,0.15799532304036043,1,interior
0.3782737801844859,0.15842174003260734,1,interior
0.4836015148744963,0.16314115132661094,1,interior
0.48129869242684764,0.16036185854216375,1,interior
0.3815587862337089,0.16052721045569174,1,interior
0.38006286622740076,0.16799901667727252,1,interior
0.4678517569086344,0.17162814333274104,1,interior
0.49081743492138197,0.1544159819131042,1,interior
0.4905812687398327,0.15740463427956536,1,interior
0.39510686262645756,0.16204821611073505,1,interior
0.3910820362920457,0.16199035202733866,1,interior
0.44224995922515775,0.1714932259053664,1,interior
0.4450882963592505,0.17059413132072873,1,interior
0.4271801500505033,0.16900024194297017,1,interior
0.5008553590755206,0.15174370584750632,1,interior
0.5116117549272551,0.1668110016472317,1,interior
0.5105343187550415,0.16420863492926188,1,interior
0.4641527876738359,0.17880348638203983,1,interior
0.40077041865560364,0.16589319569272623,1,interior
0.4053495997423417,0.16997470193380443,1,interior
0.4028848125448513,0.16828058331192403,1,interior
0.37379187308762,0.15278333811024708,1,interior
0.3762229143969685,0.15523178710702673,1,interior
0.3718124010484722,0.15896853045199053,1,interior
0.37251652136356883,0.15563094066888322,1,interior
0.3641289341376138,0.16467076411272455,1,interior
0.36096521651066676,0.1667844381077499,1,interior
0.4584430378371878,0.17520262810233944,1,interior
0.36904733162076103,0.1564560147011066,1,interior
0.3685055951887486,0.1599450563752387,1,interior
0.40253887087956997,0.1630871089314172,1,interior
0.4048836772974119,0.16568863470693232,1,interior
0.39916186322688785,0.1622625250436645,1,interior
0.3656827193696005,0.16137153067018317,1,interior
0.3655217103666625,0.15792684217861222,1,interior
0.3946329876347935,0.15822351183956257,1,interior
0.3979530729447212,0.15847732995214664,1,interior
0.3923286372509038,0.15944807006652298,1,interior
0.4270229471061728,0.16561282175755915,1,interior
0.4688119042798757,0.15709776165557368,1,interior
0.4722565768031097,0.1588108029716039,1,interior
0.4249681410472868,0.16294219323004272,1,interior
0.428776708873783,0.162921855074971,1,interior
0.40179521351657793,0.15996276014630087,1,interior
0.408498185447542,0.17116023157520158,1,interior
0.47222930676034364,0.15585007515986704,1,interior
0.4650798174707176,0.15605783555084143,1,interior
0.46599593712021,0.15936297732951551,1,interior
0.4932445879742883,0.1520797809889574,1,interior
0.49722768689468716,0.15232086023216732,1,interior
0.4650911405720226,0.1729204993617509,1,interior
0.4636326353482071,0.16986780585610392,1,interior
0.5037846945648861,0.14949824554326213,1,interior
0.5039629025033507,0.15242560913733358,1,interior
0.5009861735550406,0.1478601764344141,1,interior
0.49826299523488354,0.14907165707927664,1,interior
0.46189813894893894,0.17546741340368943,1,interior
0.500806790826622,0.17876622561938962,1,interior
0.48798366986875047,0.1550799791099791,1,interior
0.48700400539823846,0.15839461627379445,1,interior
0.49310532856446193,0.15557747565491778,1,interior
0.44690953921133064,0.16790923640461256,1,interior
0.4497929708727139,0.16807448374364753,1,interior
0.4893751274527243,0.15197595243848172,1,interior
0.487160370553194,0.16178540693018714,1,interior
0.4850471774613509,0.15543525038781442,1,interior
0.490592553482498,0.16034599728116583,1,interior
0.4844016951602338,0.16029170589767586,1,interior
0.48310733276014023,0.15752486650136296,1,interior
0.4323853923360456,0.1630325776588107,1,interior
0.37742219726252774,0.15174700738560526,1,interior
0.3796533894541396,0.15500751555326073,1,interior
0.46392229341084007,0.16682789681828267,1,interior
0.41885519949313466,0.16096594428557212,1,interior
0.4227388810467777,0.1598209518527081,1,interior
0.41682720928571027,0.16395345673184594,1,interior
0.3664503354266348,0.15408840321047854,1,interior
0.3637298599893075,0.15519790360681487,1,interior
0.362040723037137,0.15767229269815958,1,interior
0.36301245133902854,0.16099629935449628,1,interior
0.4909357048434537,0.1489311636601552,1,interior
0.4877674813471744,0.14919118642512857,1,interior
0.4955590088471767,0.1498483085038455,1,interior
0.4934063418204631,0.14853329983091879,1,interior
0.4984856551778636,0.14553378902921246,1,interior
0.3841730939118915,0.16289521487093436,1,interior
0.40336302178695205,0.15502402984807467,1,interior
0.40570298218744677,0.16141108526223175,1,interior
0.40104938676889496,0.15662010766132609,1,interior
0.4630982055056808,0.15806691751323748,1,interior
0.4701136619554338,0.1535521137085986,1,interior
0.4616849275357764,0.1551842387294769,1,interior
0.46697460664333884,0.15423968958905204,1,interior
0.4535110491185734,0.16402437639793435,1,interior
0.4550994886173756,0.16967471100693635,1,interior
0.4557686814858503,0.1665278757894945,1,interior
0.45098339664702347,0.16540423856851022,1,interior
0.3835418091348049,0.1666245523920282,1,interior
0.416288731155543,0.17102642735252527,1,interior
0.3566107922430707,0.17062517832630872,1,boundary
0.4757075333859984,0.15679723053577385,1,interior
0.5145188070257106,0.16741140876595081,1,interior
0.5060723506669736,0.15443296111045915,1,interior
0.3975563355897133,0.16482057343381745,1,interior
0.36775632048731505,0.16330780739435438,1,interior
0.3605443161895705,0.16361277217253198,1,interior
0.3600044719402391,0.160112344019153,1,interior
0.48932171708649475,0.14611633645322655,1,interior
0.4925044122890761,0.14544463667446486,1,interior
0.4856885251231597,0.1521354496217636,1,interior
0.48642799038642553,0.1465081628935057,1,interior
0.4870831636455974,0.14397690540420566,1,interior
0.513595107282094,0.16381296413959381,1,interior
0.5162341847967215,0.1654033261303645,1,interior
0.4079756089134973,0.1677084125105118,1,interior
0.41373132852109556,0.16878886328571008,1,interior
0.4584720295148651,0.16601890775885514,1,interior
0.45813675173303814,0.16918031352997043,1,interior
0.45673829912907893,0.16299016805663727,1,interior
0.46455447914459347,0.17577130107069158,1,interior
0.6516749346025847,0.13514155884317727,1,interior
0.5066399727981631,0.15099200811184987,1,interior
0.5047802846234337,0.1444430912573024,1,interior
0.5014343006377918,0.1440215076713884,1,interior
0.49825227030450686,0.14195299219222518,1,interior
0.5039087649860589,0.14141056308806627,1,interior
0.5006372351191938,0.1401930220699157,1,interior
0.4010036765121637,0.1530276504363786,1,interior
0.39822333985805874,0.1544874614296801,1,interior
0.4080592651576512,0.158179580385883,1,interior
0.40731108398674404,0.15220318138026237,1,interior
0.40624123743925195,0.15510871117306774,1,interior
0.4044447456570542,0.15792840268323868,1,interior
0.489894274710083,0.14259190853330603,1,interior
0.49571090938518414,0.1468145292337384,1,interior
0.49303069597520083,0.14224764436856158,1,interior
0.4891085609069415,0.1397104244796171,1,interior
0.4860790487631209,0.1410966962216706,1,interior
0.4905480552214456,0.1368323723666313,1,interior
0.441905442052909,0.16866489399776133,1,interior
0.3850705852762453,0.15894158669356748,1,interior
0.38719882481986884,0.1559900240591567,1,interior
0.39131943107996525,0.15616155166254567,1,interior
0.4417921169169404,0.1650565679593385,1,interior
0.43869769787602986,0.1645329065559607,1,interior
0.4441335715551378,0.16730372622104112,1,interior
0.47962810138461204,0.15698380372244952,1,interior
0.3698589432343257,0.15268470764679004,1,interior
0.5131161922563956,0.17000999805860464,1,interior
0.5109860557738716,0.16139485917382404,1,interior
0.5110789265566918,0.15836447765079006,1,interior
0.5084801817658412,0.1564553703374423,1,interior
0.41082322853864267,0.169944697385865,1,interior
0.4098153362303762,0.1552501901163645,1,interior
0.4112384940622409,0.15198110930838563,1,interior
0.40717172831965137,0.146171164402459,1,interior
0.40485011575274016,0.14903611972629563,1,interior
0.44833636382376324,0.16505482662078377,1,interior
0.41531206233167345,0.16103568452071754,1,interior
0.4196465262928933,0.15797268000542286,1,interior
0.41765919612015995,0.1554500545696356,1,interior
0.4161782176866928,0.15824264006190217,1,interior
0.5091125661420618,0.15318178336537272,1,interior
0.5116520715724975,0.1552620197365305,1,interior
0.6586013558918775,0.13475779185866651,1,interior
0.35782110572768094,0.1681498021246706,1,interior
0.3670153136332299,0.16628538921456093,1,interior
0.5066922681373959,0.14730408853532767,1,interior
0.5095235488868067,0.14986764786518886,1,interior
0.5098950613651583,0.14656001535832291,1,interior
0.5167643646008743,0.16220520120005305,1,interior
0.512229825367054,0.15232867413548032,1,interior
0.5126530479241878,0.14914481543401192,1,interior
0.45709429016444963,0.17238070369471944,1,interior
0.35343081521967523,0.16340785661462956,1,interior
0.35675604433470187,0.16514290461391362,1,interior
0.4249144089968242,0.15712533910898258,1,interior
0.4819472029451165,0.1538864966478821,1,interior
0.4779629152111701,0.15362638391562686,1,interior
0.40949536807156256,0.16097903636536187,1,interior
0.41219332991499735,0.1587417672408608,1,interior
0.510786483320312,0.14366531706088584,1,interior
0.5075066370824456,0.14324834504620018,1,interior
0.5132594321149487,0.14606821357560842,1,interior
0.3834172517497242,0.15480909469795615,1,interior
0.3817781683857861,0.15751085699745357,1,interior
0.4085321281782584,0.16406599789775797,1,interior
0.5035187030769475,0.14665519025079488,1,interior
0.5062905844554583,0.13941599330287716,1,interior
0.36652069167376644,0.15052042704885393,1,interior
0.371995068372383,0.15018915138956485,1,interior
0.36949097376222845,0.14868724000947994,1,interior
0.5164951659449798,0.14534984324879768,1,interior
0.5161743653480786,0.14874976578882512,1,interior
0.5136252766460757,0.14265544508129915,1,interior
0.4125705140621501,0.16290890661923507,1,interior
0.5198726019991019,0.14806092344743843,1,interior
0.5171596676443394,0.14156159067391486,1,interior
0.4799646156139712,0.15063585654016745,1,interior
0.48286215294891005,0.15064934830388882,1,interior
0.40862634870527265,0.14273180399852473,1,interior
0.40487326450089145,0.14279595089289066,1,interior
0.4110776714716811,0.14808649504372082,1,interior
0.40226532003316695,0.14571308352897455,1,interior
0.4608226068675165,0.17191204412914143,1,interior
0.4870924805109258,0.13778214275200523,1,interior
0.492109027467393,0.1395137599344528,1,interior
0.48832089677352175,0.13462828020546702,1,interior
0.42805870636051657,0.15612457308933853,1,interior
0.4217927637211084,0.15546634658267316,1,interior
0.4253487632386152,0.15381438163579705,1,interior
0.429083136418754,0.15286730193050116,1,interior
0.46100451073710613,0.16797771951186416,1,interior
0.4628123290640933,0.1611580161967306,1,interior
0.46413094948534556,0.16407673485584096,1,interior
0.5138217691809228,0.15728466490769435,1,interior
0.5205850654080895,0.15852861978366137,1,interior
0.513919129682897,0.16026125897309726,1,interior
0.5183044138121219,0.15583344819485787,1,interior
0.3950887608425537,0.15537281418109916,1,interior
0.38329340777025245,0.1506044117561265,1,interior
0.3798171116462814,0.14901883653782608,1,interior
0.37662534766125627,0.14766585337804314,1,interior
0.6402893685199796,0.1333152602201559,1,interior
0.6439544883024508,0.13489890169468055,1,interior
0.4786860743045163,0.14749057615675426,1,interior
0.48470971804087964,0.14842889293361136,1,interior
0.42245682823433606,0.15113961629586428,1,interior
0.42652978534125924,0.15055578288767194,1,interior
0.4111350051258389,0.16638452726623806,1,interior
0.5085292745779121,0.13731325627879779,1,interior
0.5028707075123443,0.13746355565079046,1,interior
0.5056991418740103,0.13561769842007357,1,interior
0.43622464036385505,0.16623821039610867,1,interior
0.5153061457747643,0.15465884802621813,1,interior
0.3691226254561251,0.1448457931993276,1,interior
0.36664410583187196,0.14728866312014047,1,interior
0.3729234583426574,0.14670143842127573,1,interior
0.4471594858640566,0.16212512753720384,1,interior
0.44358166210842037,0.16203178733172235,1,interior
0.45052621450578584,0.1625350976034833,1,interior
0.5132789354722788,0.1729964953260675,1,interior
0.4193343525954732,0.14818772366212657,1,interior
0.41936227968578893,0.1531898318178349,1,interior
0.424739907894076,0.14750553736829866,1,interior
0.4277799782213271,0.1476813064585174,1,interior
0.41878973538012165,0.15091608405073614,1,interior
0.47394387867509025,0.1528437920234206,1,interior
0.4674295414487199,0.15160998077495239,1,interior
0.4707178705722545,0.1499511584048659,1,interior
0.5029348736570203,0.13345556942718997,1,interior
0.5088461328025867,0.1341715453380549,1,interior
0.5005684180952669,0.13461403421547136,1,interior
0.5063107855717345,0.1317653900537715,1,interior
0.5028677307740699,0.13021396221438514,1,interior
0.49973429334560826,0.13707874036311588,1,interior
0.46081024520477193,0.16429674429502258,1,interior
0.41427320069046314,0.1658246272158963,1,interior
0.41367588380311865,0.15534379755709263,1,interior
0.4362447241377766,0.1625807387458526,1,interior
0.4602637790226705,0.15839871524646135,1,interior
0.5265800199575781,0.1608556779897791,1,interior
0.5237546958688379,0.1597580347570052,1,interior
0.4452963278825071,0.16475195768321493,1,interior
0.4457124371050358,0.15939269001544817,1,interior
0.44200530570870433,0.1591366547030397,1,interior
0.44432661360435444,0.15641542287979304,1,interior
0.4156284246743516,0.1525117040388446,1,interior
0.4165195207114543,0.1494294642916213,1,interior
0.5102062454763454,0.14033292483674845,1,interior
0.5137234343262821,0.13963799734176507,1,interior
0.44945640521712443,0.15953122777921228,1,interior
0.5526474989975589,0.14211500003819166,1,boundary
0.5421062447205325,0.15623699979718284,1,boundary
0.40126804469266153,0.14937920027899582,1,interior
0.398333898065107,0.15074745935414602,1,interior
0.49164695321764923,0.13341827358251682,1,interior
0.4942521544785848,0.1362856092052134,1,interior
0.4952219793380032,0.14011427597873677,1,interior
0.46384764032213355,0.1525062192011814,1,interior
0.46517349536197183,0.1498112010702991,1,interior
0.41135491011178954,0.14504489008229424,1,interior
0.41369205982159796,0.14974919538471437,1,interior
0.41528994097821026,0.14644266507583015,1,interior
0.6543424072958651,0.13066379628561076,1,interior
0.6493033983786927,0.13397503715730522,1,interior
0.430404510914964,0.1493293154079762,1,interior
0.42178466739990306,0.1458182022138948,1,interior
0.42094928836291096,0.14277848570333,1,interior
0.4187273135954649,0.14520964595107116,1,interior
0.41437980009586733,0.14317320760418356,1,interior
0.41204930898572534,0.1414631186244635,1,interior
0.546776343507541,0.14335683700923602,1,interior
0.5497999285951131,0.14102246780400676,1,interior
0.6628933782628815,0.1366286731733591,1,interior
0.40666469240066627,0.13968638914862722,1,interior
0.4098475785242628,0.1395055698169189,1,interior
0.43153641740072546,0.15521724162680334,1,interior
0.6574829242503591,0.13149050770509213,1,interior
0.6617290416825778,0.13466318969026078,1,interior
0.6549868107514981,0.13402430243223143,1,interior
0.4310884814316686,0.16039506365305845,1,interior
0.3921117501747447,0.1528135274453454,1,interior
0.6651133322803587,0.13507631892749747,1,interior
0.6680750385120198,0.1351359599068596,1,interior
0.3954460470386092,0.15216763946917458,1,interior
0.4956240314495906,0.1436149237615361,1,interior
0.5196882201364589,0.13913234349009174,1,interior
0.5194374215583917,0.14463780316092298,1,interior
0.5213387391472922,0.1423201142582007,1,interior
0.516025638278463,0.1376894170131412,1,interior
0.49748582032415917,0.13473004023985935,1,interior
0.49746811370101107,0.13832975677205206,1,interior
0.3928920596885696,0.14994437862004056,1,interior
0.38884555208273947,0.15307963549143846,1,interior
0.38961114104910344,0.1494677705868726,1,interior
0.39551149920737616,0.14893405604971846,1,interior
0.274028776085707,0.15983823853024484,1,interior
0.44770854450358705,0.15670568415806774,1,interior
0.44281146196536875,0.15295450109232392,1,interior
0.4462333792092403,0.15342136607738696,1,interior
0.4413138422127599,0.15634308572319938,1,interior
0.476700885213245,0.15020630253645387,1,interior
0.42718223636121516,0.15975008824229392,1,interior
0.26950791300897264,0.1604276224266428,1,interior
0.2707973318523294,0.15786266630699475,1,interior
0.2740056900421305,0.15738151992128677,1,interior
0.277341446874792,0.15830791521451398,1,interior
0.35887609718890195,0.15661321163094963,1,interior
0.3552748726946322,0.16155035494343883,1,interior
0.35694401224352806,0.1589517183966647,1,interior
0.3501359366974909,0.16215481944511825,1,interior
0.3525269962099679,0.1607925610545065,1,interior
0.5011044734194272,0.12524552583028545,1,interior
0.5055443444616607,0.1286360118825119,1,interior
0.49927645553320044,0.13148943970110027,1,interior
0.5034621668363585,0.12689252302575343,1,interior
0.5001944306485915,0.12821356628098596,1,interior
0.430116916974923,0.14552896549292924,1,interior
0.42220768939076236,0.14840021413775328,1,interior
0.4272359398694376,0.14462310773889067,1,interior
0.5264224701241439,0.15778887386605198,1,interior
0.5295302279585392,0.15901539378913124,1,interior
0.4722623054924618,0.1462662263164949,1,interior
0.46774856544278043,0.14890076709058264,1,interior
0.4737670438229401,0.14932154400728598,1,interior
0.38577640865115576,0.14801591862346855,1,interior
0.38230911372884013,0.1469907891285235,1,interior
0.6512821050845966,0.1292347783196913,1,interior
0.6532696007435682,0.1277505655719956,1,interior
0.5192643240580133,0.16067420112229852,1,interior
0.5065887854825105,0.1218530616825486,1,interior
0.5069490668797466,0.12548653373441995,1,interior
0.503522572363457,0.1236644254263964,1,interior
0.6469268415561534,0.13517436139417466,1,interior
0.45339816836515306,0.1601767390960161,1,interior
0.49195579570627473,0.12950813516019147,1,interior
0.48863575887675775,0.13127839176288628,1,interior
0.45146865130308,0.15648795376970387,1,interior
0.44911641604758773,0.15402838958390927,1,interior
0.5101785092474364,0.1305618916422374,1,interior
0.5081709015446637,0.12860616687722098,1,interior
0.511691290613722,0.1335396154639877,1,interior
0.48183576633335873,0.1476883817386486,1,interior
0.4755759851147107,0.14674749166752124,1,interior
0.4805535748004962,0.14516481465562392,1,interior
0.4777153639461435,0.14442802036289215,1,interior
0.5151916532606033,0.15151753172554627,1,interior
0.3987839593069586,0.14372325232997424,1,interior
0.4011998059518677,0.1417370491136785,1,interior
0.4593868515750349,0.16129420208115106,1,interior
0.45847984424002547,0.15565737966248475,1,interior
0.45698207392195006,0.15920687916086496,1,interior
0.35536792323350486,0.15519795425326227,1,interior
0.3538300792542259,0.1583212609641267,1,interior
0.5383449002566613,0.15643072166111782,1,interior
0.4330417123078987,0.14316750755757426,1,interior
0.43253837824988867,0.14643281622669801,1,interior
0.43036893971325174,0.1419024154525547,1,interior
0.4268000769540315,0.14159055592277228,1,interior
0.26556945105295754,0.15955361878346916,1,interior
0.26263099149232744,0.15924913247392478,1,interior
0.4236808719785431,0.1402767451995126,1,interior
0.41741154508052036,0.14237550924378364,1,interior
0.4202665724773898,0.13975385827688366,1,interior
0.4303159505753594,0.15798120798813736,1,interior
0.5526301774722198,0.1366528587954134,1,interior
0.5505520381656839,0.1370967547029494,1,interior
0.5233763366283365,0.13994881234863485,1,interior
0.5222484200046895,0.13698469467077437,1,interior
0.5188494639057278,0.13576623056994075,1,interior
0.40227421041269656,0.13632198881751892,1,interior
0.4080762636724245,0.1372224357296528,1,interior
0.3610264532011158,0.15420018410506228,1,interior
0.48371836196722223,0.14447340800982733,1,interior
0.4035533609131953,0.13921679211278573,1,interior
0.43551611671741797,0.14503143046462963,1,interior
0.4341585406281858,0.14860636777843844,1,interior
0.5504799076100725,0.13236300707590073,1,interior
0.5466775213105458,0.13802041126808545,1,interior
0.5525928495839029,0.13443630129586417,1,interior
0.5476295891408874,0.1346126966479448,1,interior
0.522084472197836,0.1507027332465252,1,interior
0.51883217078231,0.15223085763491379,1,interior
0.5229015098248541,0.14547656983014653,1,interior
0.3727785076764565,0.14291244259706562,1,interior
0.36671468943294433,0.141451378463325,1,interior
0.36982314435201347,0.14167585575898306,1,interior
0.36507982942631784,0.14453527487541137,1,interior
0.3634002484296656,0.14806570485182838,1,interior
0.36154664714104817,0.1444855038578332,1,interior
0.363132705604934,0.1413349459829434,1,interior
0.36010005763646175,0.1471980000547492,1,interior
0.547002370524159,0.13109187998686486,1,interior
0.5449225623455313,0.1328140237089474,1,interior
0.5440876247333749,0.13561414737238656,1,interior
0.2760991728433553,0.15527959389043675,1,interior
0.2797028521136601,0.15560694770141428,1,interior
0.279684750391728,0.16006611281080435,1,interior
0.28116108070959994,0.15834406096763456,1,interior
0.5431279878811773,0.14696857898438057,1,interior
0.545104576788144,0.14550880960821247,1,interior
0.5426351232813168,0.15033529059060968,1,interior
0.4551258594044198,0.15665361780277753,1,interior
0.45158855011547366,0.15262391361457528,1,interior
0.4538482381471069,0.15425303817396072,1,interior
0.48284340369335293,0.1345457606795685,1,interior
0.48344285390114605,0.13807431043395973,1,interior
0.27009885507352777,0.1536071737634553,1,interior
0.26760475117943294,0.15856161787779524,1,interior
0.2727399335632997,0.15465668212854836,1,interior
0.4489040803460626,0.1505479801062308,1,interior
0.376000283384574,0.14376123181564912,1,interior
0.5452409790899366,0.14074489126894701,1,interior
0.5422420722252494,0.13834618010580566,1,interior
0.41507567538668705,0.1392828503584061,1,interior
0.3503959848716661,0.15866804114198016,1,interior
0.3468416217600114,0.1626045828406956,1,interior
0.34767316223600025,0.16029229695685657,1,interior
0.3078264245523581,0.15900324633264273,1,interior
0.30330159164762144,0.15777541229959455,1,interior
0.30518210946081614,0.1591360802436034,1,interior
0.5119686559265376,0.13666132997939254,1,interior
0.5151707524063481,0.13420957885493195,1,interior
0.4399074579353282,0.16171291471536542,1,interior
0.5325859305858004,0.158878546907026,1,interior
0.41786184561347356,0.138741408740844,1,interior
0.4224026293760443,0.13745945828138134,1,interior
0.4202140525676049,0.13612485217550938,1,interior
0.4827148154869801,0.1410266384341291,1,interior
0.45273242202116026,0.14919000828369453,1,interior
0.45442154943787594,0.151523862613811,1,interior
0.26500617619870576,0.15336530180966648,1,interior
0.27502198921637167,0.15238340545666568,1,interior
0.2676470897499096,0.15548902062503564,1,interior
0.26748744315741924,0.15243658151571418,1,interior
0.2724547174338955,0.15078883795418432,1,interior
0.4567886894632859,0.14926808166869104,1,interior
0.45672842010919545,0.1531899696272027,1,interior
0.2971980735641479,0.15668701228765383,1,interior
0.552262122535085,0.1288387009793601,1,interior
0.5488838680802884,0.12856761994736596,1,interior
0.34415048547138044,0.15990811525491283,1,interior
0.3418448693914955,0.16240877476871424,1,interior
0.2589851096199995,0.1595190177194706,1,interior
0.26068799266767767,0.1563495955720926,1,interior
0.26448967287348996,0.1566123011960694,1,interior
0.489499016711836,0.16596772270516813,1,interior
0.3470638770528323,0.15785731117950302,1,interior
0.3492263774573878,0.15593681408459997,1,interior
0.34434629138510936,0.15635307584629943,1,interior
0.4690787853346592,0.14628443439215877,1,interior
0.4656186557065925,0.14687802467060984,1,interior
0.46666220206538034,0.14348951717191058,1,interior
0.33615982180865406,0.16408444293109334,1,interior
0.3381302713033243,0.1658269085408164,1,interior
0.33391624901265754,0.16493898919754332,1,interior
0.4144855979000798,0.13506767182961169,1,interior
0.41862425405117154,0.13362720939937692,1,interior
0.3003561797029076,0.15726562203852298,1,interior
0.3069569061221153,0.1562099999758349,1,interior
0.4377974357603586,0.1580396897394324,1,interior
0.41171601688865755,0.13436146664675455,1,interior
0.4103958622149098,0.1366303677283063,1,interior
0.4162438733230733,0.13167419741879532,1,interior
0.41260454706207383,0.13782657078130936,1,interior
0.4130511756317819,0.13139678723602716,1,interior
0.45475329649438667,0.14667298564032266,1,interior
0.38563599534293275,0.1530912621862383,1,interior
0.5291316880295449,0.15566669434043892,1,interior
0.5207998277013363,0.15533289592162483,1,interior
0.5234083055779535,0.1567074390704936,1,interior
0.5259649774966934,0.15462093839955568,1,interior
0.5168161641344948,0.15843142142787925,1,interior
0.47979213695504036,0.13339272506561622,1,interior
0.4854377078260123,0.1356096221009328,1,interior
0.4825539306763604,0.13127787918745823,1,interior
0.479634895402631,0.1392412241033688,1,interior
0.4855918197834668,0.13269876717247264,1,interior
0.5409200229102987,0.15156750703877933,1,interior
0.4599697231404317,0.1516342897860596,1,interior
0.27818320445003436,0.15265133126880856,1,interior
0.28211304910281443,0.1529916830272639,1,interior
0.28350203345057606,0.15627924510973643,1,interior
0.2799581128309762,0.1502024925283008,1,interior
0.5503918310332404,0.12577941514313898,1,interior
0.5538845828705526,0.12590087088981478,1,interior
0.5542552970937795,0.13143989524687047,1,interior
0.5557151930906372,0.12806421491597073,1,interior
0.3790946284166839,0.14532394192466128,1,interior
0.3747041748331997,0.14983889957342664,1,interior
0.5109172722449143,0.12638887567999954,1,interior
0.5143167288715766,0.12599872291083125,1,interior
0.5159283157442507,0.13082990884967155,1,interior
0.3031470809817601,0.15450672221965236,1,interior
0.2991278680715089,0.15452729023277179,1,interior
0.47450566812436723,0.14320588650062493,1,interior
0.6405780756902885,0.13090628313947814,1,interior
0.6377872939382238,0.13027307600218824,1,interior
0.6438165482550461,0.13147413045872205,1,interior
0.5430794892874077,0.1437424690835115,1,interior
0.5415057788346052,0.14869370821812045,1,interior
0.37936257087454806,0.14132691454367138,1,interior
0.3817244112043151,0.14377749859008473,1,interior
0.6465425426612033,0.13260719027076523,1,interior
0.43400302808227176,0.13956519741942652,1,interior
0.4267501540941807,0.13845161366825945,1,interior
0.43170720845070765,0.13821637142379437,1,interior
0.5358910262756652,0.1508044520129843,1,interior
0.540645634523691,0.1546461831095467,1,interior
0.5138631761441239,0.12312091878005184,1,interior
0.5170450083799277,0.12440280922634599,1,interior
0.5169975261510689,0.12769953707820392,1,interior
0.26243872454352496,0.151364315482118,1,interior
0.2625868793081229,0.1541921037981456,1,interior
0.26529482965770335,0.15031720162254894,1,interior
0.4626005003518799,0.14882601018727368,1,interior
0.4630825141939101,0.1449902779914752,1,interior
0.45998379463928024,0.14717391812651995,1,interior
0.45749844593183897,0.14541660316160074,1,interior
0.5031078036202424,0.12072605423365707,1,interior
0.5099490054696078,0.12296482313213776,1,interior
0.5059366467563434,0.11859758167900931,1,interior
0.5094382190275294,0.11906730040663648,1,interior
0.37543577831668035,0.13967225630404495,1,interior
0.6460184150188635,0.12934495004853783,1,interior
0.5355612829736667,0.15772283439437076,1,interior
0.5350916272119135,0.15407879773458802,1,interior
0.5149033324357104,0.11989314008278448,1,interior
0.5121074030998772,0.12064404909826207,1,interior
0.5079220386605635,0.11579536228185312,1,interior
0.5110663452367401,0.11538364189373529,1,interior
0.4376353861592476,0.15387148520179467,1,interior
0.4336339261184848,0.15782168944943983,1,interior
0.43498952793029494,0.15474055399763864,1,interior
0.43980358488241533,0.15438820402171521,1,interior
0.6501672940351507,0.1256871629613423,1,interior
0.6538689247963615,0.12522919062719448,1,interior
0.6519045485838142,0.13239119003794678,1,interior
0.3363773524861691,0.16002707720348383,1,interior
0.3387124245638369,0.1627128654588076,1,interior
0.3340555652464295,0.16189927765182333,1,interior
0.33126242836691333,0.16231484695725856,1,interior
0.6603089191157945,0.13228463328014445,1,interior
0.6605238873994559,0.1292132370729352,1,interior
0.6565153604590684,0.12805909435246113,1,interior
0.5457439407890721,0.1280420177982269,1,interior
0.5467733777090221,0.12488616063585946,1,interior
0.25498043238143475,0.15874055294350892,1,interior
0.25559532637348215,0.1554800305199638,1,interior
0.2528338362333159,0.1554636898019735,1,interior
0.2513950755875732,0.15901117187504785,1,interior
0.257731757240472,0.15698257289395295,1,interior
0.5186814191055505,0.1327123957359157,1,interior
0.5187122001300626,0.13014560578622125,1,interior
0.5131758194131176,0.13151408351339128,1,interior
0.3807879509634381,0.1522363037512022,1,interior
0.5418321033108544,0.14117447510182402,1,interior
0.3689191144455787,0.1384334383710592,1,interior
0.439572188237311,0.1507465776138118,1,interior
0.4145283743100675,0.12778691661362693,1,interior
0.4106631754730534,0.12850645649175577,1,interior
0.4095848834253925,0.13159682801436554,1,interior
0.5176748981223499,0.12088570275007451,1,interior
0.3518418859678831,0.1553645311967175,1,interior
0.2921905410154856,0.15698705076933997,1,interior
0.3635528764634473,0.1519524357176129,1,interior
0.6489832181801034,0.13095412939313128,1,interior
0.6503078609155524,0.1212429604443016,1,interior
0.6457914221157001,0.12559218644140932,1,interior
0.6478000835141243,0.12198685122852741,1,interior
0.4455184055027696,0.1498857810098208,1,interior
0.44783766549445836,0.14654672647397718,1,interior
0.4503153785006326,0.1479304077183927,1,interior
0.6471452190209419,0.11735031894664748,1,interior
0.6442231504408438,0.12257032552489025,1,interior
0.6449833778967433,0.1196279850836294,1,interior
0.6516198454827199,0.12307429448193442,1,interior
0.6497032729216291,0.11901455109345987,1,interior
0.2767048265107248,0.14911863617992088,1,interior
0.280711528868048,0.14679715293098486,1,interior
0.2830388428404434,0.1496684201607246,1,interior
0.7345858270698625,0.12790667530422922,1,interior
0.7367071912821519,0.12749710717304857,1,interior
0.7408968330130287,0.1262284889552887,1,interior
0.4881533866855052,0.12789408924236187,1,interior
0.48049371788274015,0.13638896044994775,1,interior
0.26036306885577054,0.15315423086684743,1,interior
0.25925481244642745,0.14644929715516103,1,interior
0.2629438789835004,0.14509348801879862,1,interior
0.25915774628379185,0.15047345925146322,1,interior
0.5323491787016181,0.1563831647252166,1,interior
0.6704198570875797,0.1364130403153751,1,boundary
0.6668081279716743,0.13210766863478088,1,interior
0.6704159273237833,0.1328411230767835,1,interior
0.6392303328018887,0.12760763340999298,1,interior
0.6352563786127303,0.12768750743520424,1,interior
0.6347174149089748,0.13013245305363036,1,interior
0.3383031294480257,0.15740117062037184,1,interior
0.34014903493989096,0.15994678995725561,1,interior
0.3355281784202528,0.15576208108925668,1,interior
0.43649517981336045,0.14129496057421775,1,interior
0.439033534811552,0.14367340124760958,1,interior
0.4375366374488315,0.1475377445942268,1,interior
0.2687410231226663,0.14988216482781325,1,interior
0.27550512655764303,0.14622533138099547,1,interior
0.27095619720456193,0.14734050710210345,1,interior
0.33696825243084394,0.1520973020042045,1,interior
0.33223381692799875,0.15514277486987246,1,interior
0.3326640136946296,0.15865546552313722,1,interior
0.33350675209887654,0.1523864639342476,1,interior
0.33915694609670566,0.15419167527793112,1,interior
0.41140849816772,0.1251583622835735,1,interior
0.4185036811468616,0.1281054407622034,1,interior
0.41431345162452027,0.12421541453205527,1,interior
0.5256395089302257,0.14288186705886444,1,interior
0.5256469248867972,0.13733842227818827,1,interior
0.2949122451119958,0.1541295978157597,1,interior
0.28784989668967875,0.15661369065756361,1,interior
0.28773468450140965,0.15950193314936537,1,interior
0.290912612248257,0.15405971454987355,1,interior
0.29478545288397706,0.15672182755140712,1,interior
0.4425145275942938,0.14941360221545547,1,interior
0.7005752252840162,0.1289331648527822,1,interior
0.7030263888015928,0.12930358030996217,1,interior
0.4213440137754359,0.13283643604266124,1,interior
0.41905377084442846,0.13107517749975237,1,interior
0.44068466103785764,0.1469328300923971,1,interior
0.6460549400192367,0.11403399525701667,1,interior
0.6499260720406559,0.11622266257777733,1,interior
0.6436269870697559,0.1164620875659155,1,interior
0.7024277394580967,0.1271710482403582,1,interior
0.7050016654540313,0.12837055682888537,1,interior
0.5574815462177177,0.12977145707990906,1,interior
0.5600249420597609,0.12875907470546258,1,interior
0.4327225854531543,0.15198446740090185,1,interior
0.43611867640933916,0.15112042277318966,1,interior
0.7095734715792709,0.12803812741588053,1,interior
0.707218317452172,0.12746316107218125,1,interior
0.6427962708218317,0.12807017184821992,1,interior
0.6414280087129535,0.12448713207339458,1,interior
0.34535278041796613,0.1535439685494269,1,interior
0.3485977286781634,0.15295126975647683,1,interior
0.487828795227911,0.12471749285320262,1,interior
0.48480995976557306,0.1255805450307589,1,interior
0.4934502446203086,0.12650232357212532,1,interior
0.48537041106761686,0.1293952081338774,1,interior
0.4905803270324609,0.1257790322172042,1,interior
0.3424035171020565,0.1535787612462979,1,interior
0.3554301645893251,0.1516993922575201,1,interior
0.3521417170060624,0.1519983562992461,1,interior
0.5402615502887963,0.1460072047917921,1,interior
0.3605684720820901,0.15055286903999102,1,interior
0.35812951114400615,0.15290179181609312,1,interior
0.5251309237720269,0.13219594692494324,1,interior
0.5219632163563167,0.13069241137214954,1,interior
0.5201737119043568,0.12833548444865156,1,interior
0.521848416463002,0.13386361991257598,1,interior
0.49512064976864667,0.13213631772326934,1,interior
0.32814719176442886,0.16170793335459793,1,interior
0.6527006643389116,0.12012271562104011,1,interior
0.6524127178496658,0.11459551768704204,1,interior
0.34142193805821835,0.15700992976687303,1,interior
0.2843979924510763,0.15911778174204186,1,interior
0.54330192039764,0.1227734223213367,1,interior
0.5428735497410052,0.12604801187062345,1,interior
0.5497164716108623,0.12218073124528385,1,interior
0.5279897719459312,0.13429350713126847,1,interior
0.5292085159289245,0.14093840969733085,1,interior
0.5265395820266947,0.13992542679665135,1,interior
0.5288725000963926,0.13762344974108642,1,interior
0.4241617737951758,0.14374337698191983,1,interior
0.26822427122693737,0.14675532741902714,1,interior
0.26560285152121027,0.14751763400186646,1,interior
0.42393957548651073,0.13429115194705368,1,interior
0.5790312707642644,0.1280196359097183,1,interior
0.2729024696765179,0.14413655844311488,1,interior
0.2759234852879956,0.1438210586443811,1,interior
0.2604239806479941,0.14213136236205012,1,interior
0.2664102466256444,0.1442879223024656,1,interior
0.2623172843182615,0.14841379022413856,1,interior
0.6417312304846351,0.12023284211683673,1,interior
0.5286582165843815,0.13053864366814946,1,interior
0.5311553840709136,0.13222460817398285,1,interior
0.5315710194995158,0.13523184037386693,1,interior
0.4775379262270431,0.14171450007841604,1,interior
0.5130116563536458,0.1120421544366457,1,interior
0.512953462941421,0.11769547927694952,1,interior
0.5106142197667876,0.11076002277110866,1,interior
0.5142330496644946,0.1147518311260481,1,interior
0.3539478510602952,0.14890374797943032,1,interior
0.35742881287198136,0.14882969899580512,1,interior
0.7021036434845815,0.12499119413040757,1,interior
0.698973023154789,0.12605101414049658,1,interior
0.6976338430094208,0.1290461111989211,1,interior
0.6994644701302666,0.13093610616017212,1,interior
0.4761007353801158,0.13968344156519255,1,interior
0.477146331962953,0.13613022718312193,1,interior
0.4794049885668656,0.1300086550819568,1,interior
0.7378855648905334,0.12566581054779108,1,interior
0.43999467504643897,0.13980200635646367,1,interior
0.44212432360935594,0.14181739473117072,1,interior
0.4637304364196784,0.14110493464466756,1,interior
0.4603173759143589,0.14283802344554514,1,interior
0.662332837667246,0.12588251890881666,1,interior
0.6590975598362843,0.12623630085742982,1,interior
0.6646645369815506,0.1290721895156708,1,interior
0.6633285928347629,0.13190000539571972,1,interior
0.45470388454537014,0.14352683672049274,1,interior
0.6406390825991889,0.1171504973782865,1,interior
0.6437741476970522,0.11276448874274111,1,interior
0.6409487524436251,0.11401490181363239,1,interior
0.35101475181030817,0.14880256526560443,1,interior
0.24970244045663104,0.1566555945195226,1,interior
0.24740377128618052,0.15905102607811575,1,interior
0.45177598835600097,0.1454720081996514,1,interior
0.4457523878125821,0.1427524285213264,1,interior
0.44427562717956354,0.14651190057320182,1,interior
0.4492973676502892,0.1434612919633768,1,interior
0.5253170193422557,0.15143655313483842,1,interior
0.5284195898173141,0.15246978562156446,1,interior
0.40824281519660355,0.1495295380688694,1,interior
0.5276957959092804,0.14918849891279942,1,interior
0.5331736471690275,0.15057853967113688,1,interior
0.5227847152382536,0.153511579881474,1,interior
0.631301592960328,0.12928819784058965,1,interior
0.6277383982846304,0.12913549444413988,1,interior
0.262553545000557,0.13867653861429938,1,interior
0.2566127598125561,0.14058706282140337,1,interior
0.25946734790236564,0.13794831696262902,1,interior
0.6869850556235049,0.13003423297492508,1,interior
0.5388090364362301,0.14021853573379034,1,interior
0.5404637526489445,0.13555056211187025,1,interior
0.7819746058293083,0.1271541493917167,1,interior
0.7801073069365532,0.12466109699800569,1,interior
0.7788530248611102,0.12681203873581418,1,interior
0.2580897993063733,0.15396908873059031,1,interior
0.5199559705548434,0.12594673391949898,1,interior
0.2457444387934329,0.1612141727005354,1,interior
0.6339647729325538,0.12462701950183049,1,interior
0.3848000563453328,0.14480914030385386,1,interior
0.38370646801877945,0.14124080148853432,1,interior
0.35768010487513957,0.1444794354260946,1,interior
0.5347008390995062,0.13281407576838036,1,interior
0.5329595954548586,0.12911858066425638,1,interior
0.39771164265303977,0.14680349664236667,1,interior
0.40398493424227927,0.15216549670377164,1,interior
0.7782951948015117,0.12196717481612558,1,interior
0.7813501108657077,0.12227563024856591,1,interior
0.7765890593086955,0.12486812767531161,1,interior
0.5530862713139778,0.12078213953951238,1,interior
0.5468920080235544,0.12096766112315467,1,interior
0.5505854927152111,0.11799313246553272,1,interior
0.3468982412375644,0.1552304396708084,1,interior
0.6380363586416878,0.11252937076787946,1,interior
0.637943858906098,0.115853642474471,1,interior
0.6417407705492015,0.11032528079740274,1,interior
0.6379455690644081,0.10902454443556148,1,interior
0.30395697131263244,0.15092920871046112,1,interior
0.3065343933964266,0.15242774150776542,1,interior
0.30087341546424673,0.15161248386418358,1,interior
0.40699776495542345,0.12913671028763232,1,interior
0.40614579791963007,0.1324507800530665,1,interior
0.4085680355640177,0.13445927661774523,1,interior
0.28804578519726454,0.15344347886588816,1,interior
0.2853578152146743,0.15439159191995683,1,interior
0.7005355409191752,0.12281509275750675,1,interior
0.7036753457252328,0.12284470950792399,1,interior
0.6977756000860367,0.12290404403893182,1,interior
0.3592348873990199,0.14167821754561297,1,interior
0.5218118419539722,0.12107044098223686,1,interior
0.5228179140800181,0.11829030336318014,1,interior
0.51652932479696,0.11682645359909023,1,interior
0.5198223310470593,0.12322874789259888,1,interior
0.5197836823784728,0.11801788481078801,1,interior
0.39272779957797826,0.1464460532280696,1,interior
0.37207232604378826,0.13986660885031435,1,interior
0.3581801654013712,0.1363123885737552,1,interior
0.36096455314785175,0.13858985861389023,1,interior
0.35769589038923544,0.13923399697279187,1,interior
0.3548236266287289,0.14086900152401371,1,interior
0.2537261321874684,0.13808513563938501,1,interior
0.2539382997664121,0.14350829744303192,1,interior
0.25502571103973937,0.14661765113670966,1,interior
0.25643972583997837,0.13703104261057347,1,interior
0.6373964348479175,0.12476358656316688,1,interior
0.5346668545900537,0.14780756901803152,1,interior
0.5316173983827325,0.15333169138375694,1,interior
0.5382741117437307,0.1489130687666114,1,interior
0.538175314898005,0.15274774676813294,1,interior
0.34833211691227706,0.14693535523345091,1,interior
0.3483427411921278,0.15005316386317968,1,interior
0.35522250344024575,0.14631998715013503,1,interior
0.3518828064023523,0.14586672479528323,1,interior
0.4089796807540112,0.12252943847660569,1,interior
0.4060238674344378,0.12336144222864816,1,interior
0.40789540468357083,0.12601458796388446,1,interior
0.5169163196132712,0.1122672112307097,1,interior
0.24231000330200567,0.16372511351259114,1,interior
0.24353379704450315,0.16049488751018665,1,interior
0.4636501449739859,0.13712362877228848,1,interior
0.46652152473062125,0.13604050631556647,1,interior
0.4608100620032523,0.13856325397177552,1,interior
0.467422247368748,0.13942647215222345,1,interior
0.5822286301969687,0.12759208223855886,1,interior
0.5796407205854631,0.12199093306131302,1,interior
0.577731758875404,0.12501558870747279,1,interior
0.5756686532155545,0.12754324116590468,1,interior
0.5812347639248506,0.12503016692538874,1,interior
0.3991601141678067,0.13522049081913043,1,interior
0.405420653218783,0.13596500742666842,1,interior
0.4024608561166373,0.13322750502308695,1,interior
0.48038194081440566,0.14253669651208503,1,interior
0.47315513015230204,0.14049967169670197,1,interior
0.270603445530101,0.14093244489986934,1,interior
0.27282357743667085,0.14049508306718103,1,interior
0.2735938200474829,0.14777407308002818,1,interior
0.2696010776496877,0.14412799918080496,1,interior
0.5714749513517745,0.12411067707721513,1,interior
0.569716496337192,0.12616348959292004,1,interior
0.574394732034386,0.12454958890444352,1,interior
0.5304625854053752,0.1504419731982606,1,interior
0.2556152182793595,0.15231824526201226,1,interior
0.2525054670915908,0.15201033229997765,1,interior
0.4345021046134379,0.1604322946507392,1,interior
0.543294736497751,0.12984089088765374,1,interior
0.3449423237405281,0.15112201474832634,1,interior
0.38833731717157144,0.1461472152202038,1,interior
0.38707377333688453,0.1428029443499281,1,interior
0.4572091916990356,0.14237758603753833,1,interior
0.6566132820295211,0.1248216996860719,1,interior
0.6722265339585217,0.12920436864984738,1,interior
0.6686092803530489,0.12945747432013652,1,interior
0.44672885563476356,0.1392710585197539,1,interior
0.44187293505303454,0.13659143579802002,1,interior
0.44237026674780394,0.14426915193157852,1,interior
0.32529776791268095,0.16017962762093357,1,interior
0.32916237233346,0.1594301161939155,1,interior
0.5228803038337239,0.12744871930532664,1,interior
0.529081014535023,0.12702239375626329,1,interior
0.41501049523348604,0.11914490242687628,1,interior
0.41255339013953735,0.12153178199241087,1,interior
0.4172688249208996,0.12480023380660032,1,interior
0.41631978970034095,0.12160529653613174,1,interior
0.41245527921097386,0.11801801981335336,1,interior
0.771546911558956,0.12320429920535499,1,interior
0.7686820738370076,0.12525446267021179,1,interior
0.40951273621466555,0.11654790782984203,1,interior
0.4124956704168242,0.11502630950584836,1,interior
0.5308671609116721,0.14736349350528452,1,interior
0.30226898335346986,0.14772020624681254,1,interior
0.30665095748284116,0.1485412436392159,1,interior
0.4211735234337398,0.1298081716849399,1,interior
0.42374254117968674,0.13078494721306183,1,interior
0.3405031607052385,0.16455679366264533,1,interior
0.46434014193128814,0.133199613091512,1,interior
0.4677568526240604,0.13338258866996183,1,interior
0.46970614941626376,0.1357634941969758,1,interior
0.32685540859033696,0.1575522478506175,1,interior
0.31645442613706176,0.1601218742186047,1,interior
0.3142008045158114,0.15904092587146226,1,interior
0.3108158218510285,0.15802275530301135,1,interior
0.6285829331325288,0.12683011055736634,1,interior
0.6245753999444363,0.1274768552785771,1,interior
0.5726120967369993,0.1273179079119624,1,interior
0.34540273235759633,0.14457274219040486,1,interior
0.3448592543109575,0.14817527727620297,1,interior
0.3475967975401688,0.14115088015602392,1,interior
0.47111506352479954,0.13840715430487274,1,interior
0.47064583616983346,0.13192868778504066,1,interior
0.47336364007540194,0.13464385231097803,1,interior
0.5573742627004555,0.12512444770177342,1,interior
0.5589932018836007,0.12707675175862218,1,interior
0.5554163137251656,0.12310656298913462,1,interior
0.329522611261666,0.1562250674490308,1,interior
0.3315599725849925,0.14962622243681278,1,interior
0.32388890559278444,0.1575346225671992,1,interior
0.3260653679883328,0.15451743729818773,1,interior
0.32956268832948094,0.1526545363424296,1,interior
0.6552409437796956,0.12189578694169527,1,interior
0.42025945290453315,0.12512280489899083,1,interior
0.4199366360297841,0.12175965640010501,1,interior
0.7867418801736122,0.12584150069924513,1,interior
0.7872802486915066,0.1227031566561734,1,interior
0.6356143684554628,0.1214809475590743,1,interior
0.3999930913264101,0.13843315149884872,1,interior
0.3974159415776775,0.1406023098844299,1,interior
0.774840158231988,0.12203102253880077,1,interior
0.6350424950507028,0.11116755204620571,1,interior
0.6345327335837538,0.11517215598951336,1,interior
0.6151418170720502,0.12959448117510014,1,interior
0.4174044761255983,0.11463943683854069,1,interior
0.4103299328557484,0.1132477718376988,1,interior
0.4143664540281934,0.11203622503861355,1,interior
0.39235662666244486,0.14288304192593676,1,interior
0.4766847135993499,0.1323335602341158,1,interior
0.2368790152077154,0.16685495252958765,1,interior
0.6719351567713229,0.12430722711618021,1,interior
0.6760757441637806,0.128489668353094,1,interior
0.674056001158323,0.12623894529753296,1,interior
0.6735680967344851,0.13118794152036137,1,interior
0.6703496871215373,0.1266719849376596,1,interior
0.8064791105034683,0.11456444432241131,1,interior
0.8039443330299482,0.11713580856479362,1,interior
0.4036110494617906,0.12681791928835934,1,interior
0.396428185991572,0.13732372942051896,1,interior
0.5523463798543081,0.12356638955680468,1,interior
0.45993331415138056,0.13407948665886507,1,interior
0.4583412823609162,0.1399991639756061,1,interior
0.4575853098667937,0.13692977894054806,1,interior
0.6576782376648328,0.11979200027316339,1,interior
0.6552073050632188,0.11774021979695082,1,interior
0.6176387813975805,0.1280904386601473,1,interior
0.6138482101122419,0.1277836678932436,1,interior
0.44387034470116177,0.13315873814880846,1,interior
0.44008060929679865,0.1341032490869135,1,interior
0.43765558386923786,0.13722251816917827,1,interior
0.4739484851799836,0.13073447689818155,1,interior
0.47628106263681874,0.12862148029532702,1,interior
0.7051891911316226,0.12560307934078022,1,interior
0.26176660228527265,0.13460084095237168,1,interior
0.25789947673983243,0.1342921144357698,1,interior
0.3725365444268581,0.13714085267935053,1,interior
0.36744583849248524,0.13514244241050546,1,interior
0.5240992192383317,0.14838734696928127,1,interior
0.5268514488556763,0.14614207449243766,1,interior
0.5360017222194555,0.14239726816962991,1,interior
0.5394349196810805,0.14316279261367634,1,interior
0.535330205816471,0.13948547692602734,1,interior
0.5381654861440524,0.13764134865483985,1,interior
0.5419724373876226,0.13300998167554862,1,interior
0.49941192684538355,0.12239983129297805,1,interior
0.4984216688034101,0.12580031915296536,1,interior
0.5094556755564326,0.11269852018125687,1,interior
0.5087880325504218,0.10876361324956728,1,interior
0.505596518816396,0.11014667631721749,1,interior
0.5067735895689521,0.11260936556968604,1,interior
0.5152189488396341,0.1086166289280698,1,interior
0.5296362126629381,0.14398179005061287,1,interior
0.5333198741808417,0.14472189573462751,1,interior
0.2508374532243126,0.13950521752359013,1,interior
0.2532108835970018,0.1410012224977151,1,interior
0.25386147936580394,0.1343714799240641,1,interior
0.7222350716848692,0.12651545224172248,1,interior
0.5246477080310077,0.13499326398713224,1,interior
0.6809966966305305,0.13019465038879313,1,interior
0.5256042190012674,0.129042316987482,1,interior
0.5256840173143354,0.1257660064316409,1,interior
0.5247952442192075,0.1227851632443517,1,interior
0.40647062578404514,0.11905562493759117,1,interior
0.7652967947364753,0.12604686943807855,1,interior
0.7686787384838952,0.12259193148050707,1,interior
0.555108437157006,0.11835062657713112,1,interior
0.5564843194423297,0.12052226592030661,1,interior
0.4962576598133837,0.12852708646049044,1,interior
0.3169993764959212,0.15709231436981122,1,interior
0.3133599294330065,0.15622703531207635,1,interior
0.5250545076461516,0.11633261385832427,1,interior
0.5256799548629447,0.12001722927887015,1,interior
0.5275852497933379,0.1175961601749527,1,interior
0.5219733886510517,0.11523938549285295,1,interior
0.30351800287095443,0.14422066662050373,1,interior
0.2984728640669931,0.14928372027584796,1,interior
0.3009222908101065,0.1439949226358432,1,interior
0.298533618383692,0.14614272842695386,1,interior
0.6296659336323845,0.12161412418487251,1,interior
0.6304144035962539,0.12438770347778333,1,interior
0.6264864451644397,0.12402568347313049,1,interior
0.7004824310062895,0.1173743234656587,1,interior
0.6987069350593824,0.1200502327912825,1,interior
0.43658757657294184,0.13346943601281497,1,interior
0.4342514413771423,0.13577376953052508,1,interior
0.6955212062117564,0.12442156531006175,1,interior
0.6946912426151277,0.13063419247908772,1,interior
0.6924050006604633,0.1288999989236788,1,interior
0.5319768167344934,0.12651753045582054,1,interior
0.5279455004459023,0.12322650561380212,1,interior
0.5315619425768618,0.12368615350089981,1,interior
0.5190773147364666,0.11467526241046906,1,interior
0.4436880437983541,0.13934548260672952,1,interior
0.4492218081354476,0.14046200722217791,1,interior
0.7143938788742621,0.12764409771097482,1,interior
0.7123700589370807,0.1260121800620693,1,interior
0.3508471500430156,0.13988863574001942,1,interior
0.34445524176200093,0.13815196721809525,1,interior
0.3488448589395318,0.1441834536020614,1,interior
0.34836914469800023,0.13746904659003253,1,interior
0.6954407362661099,0.12748115037618193,1,interior
0.7440594877548689,0.12527723375449237,1,interior
0.48656444041413155,0.121860956645472,1,interior
0.4811563909911804,0.12459865547598231,1,interior
0.48300785488213777,0.12228452452458798,1,interior
0.49593441216439405,0.12452772729163337,1,interior
0.49541362260163463,0.12103775443154026,1,interior
0.49768431351579745,0.11945222677687155,1,interior
0.5004631606945856,0.1188133252155178,1,interior
0.765793509044512,0.12258892452982494,1,interior
0.7702373470934706,0.12045587119825918,1,interior
0.7321147230165824,0.12723235345353126,1,interior
0.7342714887941998,0.1251401413860042,1,interior
0.7359884817547466,0.12263983051817591,1,interior
0.3259120962652573,0.15067120968602793,1,interior
0.32853926160808344,0.14947536292855462,1,interior
0.32184370606548224,0.15989434312396592,1,interior
0.47568217866926354,0.1250877679689242,1,interior
0.47878146210892036,0.12671129032206133,1,interior
0.4781870944233602,0.12377471745412234,1,interior
0.6837892593984388,0.12929699529609667,1,interior
0.42751024754820494,0.13484392830686331,1,interior
0.6008027869525493,0.13094941141985625,1,interior
0.4161752655447596,0.1082023773796603,1,interior
0.41323874259818993,0.10842861765371223,1,interior
0.41036824967720936,0.10983314883575677,1,interior
0.41886898514498355,0.11186891941817022,1,interior
0.29518669460104596,0.1504864987934893,1,interior
0.2924798735489366,0.15157293849453604,1,interior
0.7768823464398213,0.11923149469889321,1,interior
0.7808502673941398,0.1191626478805045,1,interior
0.41814909496684166,0.11826215839984235,1,interior
0.3702330631846005,0.13567621940593835,1,interior
0.4719767812118619,0.12941272079664404,1,interior
0.27131612229684876,0.13705797991644725,1,interior
0.2751248894295801,0.14142040804343092,1,interior
0.2681775087997826,0.1380849385958763,1,interior
0.546768528665564,0.11805480141677165,1,interior
0.5437529372069488,0.11930492974837024,1,interior
0.2822190058994932,0.16175609510626524,1,boundary
0.519081881338692,0.10832187400099925,1,interior
0.34774630355181513,0.134207943725361,1,interior
0.3444301167168429,0.14138584046639743,1,interior
0.3405687761915162,0.1367485686159322,1,interior
0.3426559054932323,0.13453677270908343,1,interior
0.29029195486483633,0.1586876169744858,1,interior
0.3953376394537282,0.14345331067922765,1,interior
0.42253383578343756,0.1272640694809842,1,interior
0.6896672606563743,0.13064538497183553,1,interior
0.6896728269527118,0.12786320633452272,1,interior
0.6895698451357757,0.12499723992322313,1,interior
0.5880272967291286,0.1279211186883759,1,interior
0.5849782002243618,0.12615437612072672,1,interior
0.3935295836227228,0.13983790387481423,1,interior
0.4234345203447301,0.12083575274040607,1,interior
0.42575857243616705,0.12546695294727572,1,interior
0.42312400696413227,0.12370474117575603,1,interior
0.31994160772392316,0.15477484223550794,1,interior
0.31746348058578666,0.15382719717404722,1,interior
0.3205150955536815,0.15757814036465548,1,interior
0.4644320269862429,0.12939922122258504,1,interior
0.46183621128013835,0.13106144676525436,1,interior
0.4673525770847264,0.13048276614589616,1,interior
0.2519903831985216,0.14879873875756908,1,interior
0.46988187533257236,0.1282872054910174,1,interior
0.7845316106348875,0.12698232932476328,1,interior
0.285686375060411,0.15155235899598984,1,interior
0.7325773855187223,0.1219606690884902,1,interior
0.7392760756237992,0.12282600622555341,1,interior
0.7347635817111247,0.11934720361002112,1,interior
0.737635401612719,0.1201755450648164,1,interior
0.2334369488840722,0.16710154478563152,1,interior
0.23479350192375273,0.16966877097075383,1,interior
0.23502315054156378,0.16373821641901012,1,interior
0.237754739277204,0.16341132079494458,1,interior
0.567009086185562,0.12594844599650257,1,interior
0.6201882831837091,0.1289203943856101,1,interior
0.6188498686101518,0.12544043907432564,1,interior
0.6211657577609667,0.12721817692341875,1,interior
0.2316081207221798,0.17040774798719058,1,interior
0.22839121099727558,0.17111608864423297,1,interior
0.48991153226557693,0.1220656152905502,1,interior
0.6389337747585302,0.12209252741357954,1,interior
0.35229421438284764,0.13749490169531559,1,interior
0.3063389628803974,0.1426442974600696,1,interior
0.30533773982144563,0.1457970706809371,1,interior
0.30335814492352764,0.14108052006271876,1,interior
0.2997251773283775,0.14104539511426883,1,interior
0.3784427581473706,0.13773890615532144,1,interior
0.3818914463934389,0.13833307679974982,1,interior
0.4927995079024661,0.1230344594329485,1,interior
0.5034395290683752,0.11258350013852697,1,interior
0.5047259117231371,0.11541995459658709,1,interior
0.5027225212559703,0.10951476364723456,1,interior
0.2543689952377943,0.14966796610149305,1,interior
0.7729901069913377,0.11914923621092985,1,interior
0.7729874825328679,0.11518792138867039,1,interior
0.7789805911615207,0.11647907101119552,1,interior
0.49840081909057776,0.11670553258634704,1,interior
0.5030416569055679,0.11773152960970854,1,interior
0.3099974374792496,0.142817578912148,1,interior
0.6293682812658542,0.11180364518281334,1,interior
0.632610949400941,0.11906372905566127,1,interior
0.6306599946675071,0.11646031537473495,1,interior
0.6356446275423268,0.11813516927219607,1,interior
0.6318970447130369,0.11334476031651071,1,interior
0.7915817842169247,0.11881473430855456,1,interior
0.789336053569558,0.11998144841542517,1,interior
0.6686994347157417,0.12360637663557172,1,interior
0.6744540188930097,0.11985569745984555,1,interior
0.674719382019125,0.1230265868783647,1,interior
0.6692595999080364,0.12018119815085532,1,interior
0.6379805913166792,0.1052836171931975,1,interior
0.6405595297933975,0.107202861009144,1,interior
0.43325773672359963,0.13178812085632338,1,interior
0.43936413333643287,0.12872416666679062,1,interior
0.4362649978265185,0.12987029839527356,1,interior
0.3780948217542262,0.13426685603678026,1,interior
0.3753732613332576,0.1356786063148731,1,interior
0.23208817303796941,0.16468585237325153,1,interior
0.23245466420301245,0.16132570976310381,1,interior
0.23682437312723661,0.16027882129273346,1,interior
0.3408479407625053,0.1502106222353657,1,interior
0.3377994341643096,0.14957546978762043,1,interior
0.5367060162912012,0.12719964939142478,1,interior
0.5370253992128035,0.1300470357005453,1,interior
0.25723927185820417,0.14390382731487214,1,interior
0.25012927790125344,0.14258346790451207,1,interior
0.4520503686761596,0.13832948307759016,1,interior
0.4456388764128134,0.1363030149399219,1,interior
0.4491326563012652,0.1369408727478492,1,interior
0.35132171281395297,0.14248841464139508,1,interior
0.38129416070473604,0.13293019148382249,1,interior
0.38478543999847165,0.1379861417466338,1,interior
0.3870871025978866,0.13950514696410823,1,interior
0.3841940689151851,0.1349061814756907,1,interior
0.286405283951787,0.14852970963434906,1,interior
0.2893115567264082,0.15042904016068048,1,interior
0.48210022043866024,0.12788710618721183,1,interior
0.4796364101653678,0.12128908822367163,1,interior
0.481641736468654,0.1190009404378967,1,interior
0.27496176319140775,0.1353180683330509,1,interior
0.27808735190317346,0.14206860224497325,1,interior
0.2677933727140097,0.14120348457363754,1,interior
0.2770686431895324,0.1395622061227177,1,interior
0.6319480252088724,0.12680774503640221,1,interior
0.387522350750691,0.1359916372676325,1,interior
0.3899294093177463,0.14097491306155482,1,interior
0.3902512608714226,0.13780424297795024,1,interior
0.5916863935518243,0.12962368546513534,1,interior
0.7767471695386662,0.11408025859817338,1,interior
0.7712752858123683,0.11197765089449556,1,interior
0.7748515428762192,0.1112566648378864,1,interior
0.7694488475211494,0.11450400365251392,1,interior
0.7757240227562574,0.11677834031673102,1,interior
0.5245898869075813,0.11299117598975283,1,interior
0.5210846389270873,0.11158430152457242,1,interior
0.7241020699507517,0.12473426625639336,1,interior
0.7192870213161958,0.12578116009478643,1,interior
0.7268774199908062,0.12549538380038208,1,interior
0.31888947261195266,0.16026359013141825,1,interior
0.6866359542509075,0.1270230734151531,1,interior
0.691927867984538,0.13140682179946928,1,interior
0.5994917413205161,0.129316934919137,1,interior
0.5965943437998301,0.13003447514468575,1,interior
0.42285669124321495,0.11315147923525652,1,interior
0.4194615171187211,0.10888386043201988,1,interior
0.4222792163461417,0.11023160793158798,1,interior
0.4188216141354532,0.10600012936375473,1,interior
0.42155373536730956,0.10394456288732716,1,interior
0.424410914465822,0.10808362249192563,1,interior
0.4521723037057605,0.14180718672683043,1,interior
0.4545256335710664,0.13662032018234252,1,interior
0.45194437548394595,0.13437687204960272,1,interior
0.45518130558735687,0.1398871431955452,1,interior
0.5372405516027177,0.13502212512146614,1,interior
0.26428780248367095,0.14185160910851588,1,interior
0.4217960337783572,0.11853788160992201,1,interior
0.4204172526088896,0.11540862993908312,1,interior
0.5222671571413692,0.10819310945819438,1,interior
0.5282011922727946,0.11421086954673833,1,interior
0.5274158274677567,0.11089878026577253,1,interior
0.7776667189883956,0.109044007109159,1,interior
0.7754439264712697,0.1073327441018959,1,interior
0.7724230863305052,0.1085666902515834,1,interior
0.7781188980912701,0.11155039876000446,1,interior
0.22592942412628056,0.16980896740347773,1,interior
0.33917640322642667,0.13364565963916628,1,interior
0.33624045151966503,0.13630517886547458,1,interior
0.34168116546281785,0.13988514420075857,1,interior
0.33618191700149563,0.14023426809933803,1,interior
0.33874564094991205,0.1387585416511272,1,interior
0.40792468957221445,0.10652159938188946,1,interior
0.4078734481606324,0.111873033724748,1,interior
0.40719781138516276,0.10934454344263078,1,interior
0.6917761176478862,0.11998426228143523,1,interior
0.6925061682219553,0.12304041903578905,1,interior
0.6863169709698369,0.12388665488052673,1,interior
0.4480673496416529,0.1334846405882044,1,interior
0.44132478757519883,0.13121055560763717,1,interior
0.7419558809635382,0.12271743513357171,1,interior
0.7446997574263529,0.1221465201113254,1,interior
0.7467369682056703,0.12566907674592226,1,interior
0.6115873846536738,0.12500265283944012,1,interior
0.6140067365121427,0.12261496431169044,1,interior
0.6112459677449888,0.12837048486252275,1,interior
0.7251759401391087,0.12206333521316783,1,interior
0.722010460445799,0.12016183457278508,1,interior
0.7215508153899196,0.1233484684044205,1,interior
0.7837463759804918,0.12430642939570692,1,interior
0.4234891529797202,0.11614188640471504,1,interior
0.3785352912194931,0.13094658369858,1,interior
0.3750306564986797,0.13180955144588843,1,interior
0.37123293930360735,0.13084917659372264,1,interior
0.3725581868490726,0.1338572908907809,1,interior
0.45308784864810736,0.13065482816952403,1,interior
0.45567966953283384,0.13372829484288185,1,interior
0.3868209518171713,0.12985098947122123,1,interior
0.3844586370016831,0.1313247516495465,1,interior
0.38804954888276794,0.13246306785875,1,interior
0.46433505537601594,0.12640297860240446,1,interior
0.6970347251826308,0.13126600106475417,1,interior
0.7499756110135818,0.12410113294347486,1,interior
0.743350735646229,0.11725955075743529,1,interior
0.7432892587629624,0.12005782184497782,1,interior
0.749513901024867,0.12057602387989579,1,interior
0.4265625358249069,0.12204661010051951,1,interior
0.3243447158362017,0.14782970650641694,1,interior
0.32223800423893184,0.14991400061130064,1,interior
0.3268932283435431,0.14653686545929126,1,interior
0.32978558901405164,0.1470898735862633,1,interior
0.6649237958906157,0.12353065133636833,1,interior
0.6619901534380247,0.12260999789935063,1,interior
0.6638826983538956,0.11998256824365668,1,interior
0.7303656147648544,0.1243408522805561,1,interior
0.7289389490543812,0.12064656817115293,1,interior
0.7317572497989941,0.11885049811027817,1,interior
0.6502279543453122,0.1116445442214586,1,interior
0.6346273196434564,0.10692625222909583,1,interior
0.6384753882445816,0.10118151034806258,1,interior
0.6356628004358773,0.10332429708437489,1,interior
0.64121257837763,0.10399934146087546,1,interior
0.7291564487557775,0.12733917791744823,1,interior
0.42053937738437713,0.10082613549543636,1,interior
0.42506494969339537,0.10474423503714422,1,interior
0.42374955090014504,0.10144221554323572,1,interior
0.5938625017435698,0.12930495717230925,1,interior
0.32272535215117776,0.15543749256927586,1,interior
0.6322220244565985,0.10986245004860372,1,interior
0.6310019161831716,0.10649327412255805,1,interior
0.7404597396028054,0.11917815298651094,1,interior
0.7408143142566509,0.1150001843523094,1,interior
0.7488391504810629,0.11744566668241734,1,interior
0.7456498947198376,0.11465980132658175,1,interior
0.7428885722484836,0.11232732884897376,1,interior
0.5885798419294552,0.12510310047056486,1,interior
0.5863453569069866,0.12280812854734768,1,interior
0.5834141871176869,0.12233691224273169,1,interior
0.5911756252719079,0.1274298561647532,1,interior
0.7042695905549579,0.11747501231646942,1,interior
0.7022300885437227,0.11453571684227903,1,interior
0.6967551184817601,0.11693728296640939,1,interior
0.7840056519893599,0.12101293371376592,1,interior
0.427040580455813,0.13116384841878315,1,interior
0.4249217657754712,0.13710883308158514,1,interior
0.38088686228036756,0.13578045135703531,1,interior
0.5790969155957648,0.11881204695684108,1,interior
0.5767503460155396,0.12014635583466098,1,interior
0.5763124601264542,0.12250041749756242,1,interior
0.6952632288281669,0.12074664651491393,1,interior
0.39107071946890687,0.1343699259080762,1,interior
0.38943320030012135,0.12877587573447835,1,interior
0.3923062911133246,0.13122645618320883,1,interior
0.3854293902286532,0.1271965086545938,1,interior
0.5589287535754942,0.12208674399285772,1,interior
0.6293001299617046,0.11892195987028928,1,interior
0.6266870359105724,0.12058102499139099,1,interior
0.2377509447267928,0.15666392377805938,1,interior
0.2342777766828745,0.15802583761966058,1,interior
0.24018054209619352,0.16165244946925902,1,interior
0.35084598799925365,0.13456382811064968,1,interior
0.7145280157332519,0.12331013643584605,1,interior
0.7160079448470807,0.12507095352564349,1,interior
0.7170996249397878,0.1272784855625641,1,interior
0.3395666840713483,0.14438148408842427,1,interior
0.39325862603398754,0.13649618095456248,1,interior
0.6800049206435462,0.12779170906616377,1,interior
0.6776235426335787,0.12481242191348597,1,interior
0.45917032846235556,0.13035638104864397,1,interior
0.4497991046955812,0.12708500015096674,1,interior
0.45403189873034505,0.12770223598050218,1,interior
0.4506377346465267,0.13102943612168944,1,interior
0.540226771185145,0.1306472926457338,1,interior
0.6270484715821175,0.1067650726517938,1,interior
0.6288589138511423,0.10379868988448049,1,interior
0.6325872173394564,0.1029887002073715,1,interior
0.243886409313937,0.15700969739040285,1,interior
0.24689953435826376,0.15536539131837537,1,interior
0.6321596530832212,0.09879246931979091,1,interior
0.6352774197070189,0.10001630267527856,1,interior
0.6300634380386725,0.1011232652463689,1,interior
0.2405208149746131,0.1583102841046317,1,interior
0.7373520117136348,0.11695686248443826,1,interior
0.46710544127837444,0.12710978418812188,1,interior
0.6090552723898339,0.1291683369990081,1,interior
0.2224940497317971,0.16924317641002673,1,interior
0.22412436530446644,0.16694748939373807,1,interior
0.22980730706316943,0.16773034082716246,1,interior
0.22723953808916625,0.1667024339914683,1,interior
0.7727371321891148,0.10459461628699514,1,interior
0.7792237686954456,0.10601197382494729,1,interior
0.7762210979334854,0.10432321282242392,1,interior
0.5347242626629912,0.13642909430136882,1,interior
0.5320036984964723,0.1385564918487902,1,interior
0.27283338181674044,0.13358087462136103,1,interior
0.2784594928250923,0.13404468115711898,1,interior
0.448426124216584,0.13018423062270174,1,interior
0.46126617071009673,0.12763431103288483,1,interior
0.33489967205292137,0.14899601783163827,1,interior
0.33815528467502337,0.14694364669985158,1,interior
0.33505174376215563,0.14571254457145924,1,interior
0.6465149578523812,0.11024433588499678,1,interior
0.6438226571290179,0.10690814069757075,1,interior
0.7488461353192933,0.1144670782554222,1,interior
0.7492933467947361,0.11144189129420293,1,interior
0.745850810466199,0.11056721332042974,1,interior
0.6473416261900612,0.10620341856408198,1,interior
0.6448378357019282,0.10299532286885694,1,interior
0.6926106410283898,0.1260523288142689,1,interior
0.7277970922274039,0.1230484315554701,1,interior
0.34211147336134234,0.1431030863051907,1,interior
0.7178629756735228,0.12169672886528393,1,interior
0.4219300508257013,0.10692560884682939,1,interior
0.4133384412707869,0.10471363259773589,1,interior
0.41609677966318176,0.10405112391970549,1,interior
0.4187444490582951,0.10314722006768515,1,interior
0.5571405563030368,0.11579955859128244,1,interior
0.5594059466239395,0.1183842083816642,1,interior
0.3579297391478812,0.162120607715182,1,interior
0.6447861773446788,0.09948116560623682,1,interior
0.6474129007894069,0.09999195810977841,1,interior
0.6481665750529098,0.1029062195897518,1,interior
0.6419757177137165,0.10066911953140466,1,interior
0.660500989008247,0.11989471928269883,1,interior
0.6648417618103486,0.11648921291208363,1,interior
0.6668852484705168,0.11819979475234932,1,interior
0.6665999445522447,0.12124136899840002,1,interior
0.6620264911654056,0.11745653668791659,1,interior
0.6590243683748022,0.12301732857781986,1,interior
0.2659796744241006,0.13285899895639433,1,interior
0.2627817077863146,0.13145526087476544,1,interior
0.25921261019734576,0.13082501584580788,1,interior
0.265055827311391,0.13620547486984427,1,interior
0.6430176297789162,0.09748837442374518,1,interior
0.6461254898067816,0.09608825148121816,1,interior
0.6495797112625074,0.09790133767526916,1,interior
0.28078748513935275,0.13646757332641204,1,interior
0.27762149381853307,0.13698557287819116,1,interior
0.28117728044155293,0.14258040560420684,1,interior
0.400245658731708,0.12435304744933723,1,interior
0.4031335745594998,0.12372197028931373,1,interior
0.3992720879868883,0.12717204202209947,1,interior
0.4007424782730668,0.12987678194513794,1,interior
0.22607973571913545,0.1640692587993316,1,interior
0.22466087304228902,0.16120915943980102,1,interior
0.2283477206464084,0.1611589019704833,1,interior
0.708901426744743,0.12498386157519056,1,interior
0.7055551808441874,0.12050191466401323,1,interior
0.4261218813415482,0.11461668649660946,1,interior
0.7623784734029151,0.1265952783619933,1,interior
0.3953294964969887,0.13374619042953848,1,interior
0.4431642673116097,0.12872897949754603,1,interior
0.4402908815726206,0.12606988383240983,1,interior
0.29805834713811963,0.14316154457389643,1,interior
0.29865214763890097,0.13800770746957225,1,interior
0.2962553738452377,0.14038497937659772,1,interior
0.6377287130604932,0.09685577949054727,1,interior
0.6347905489796629,0.09692744530194729,1,interior
0.632547259630188,0.09547212261998451,1,interior
0.30725002931570117,0.13923408725975334,1,interior
0.3111756608389648,0.13948966021427434,1,interior
0.3131151006786573,0.1420998517237306,1,interior
0.6036726489633897,0.13044343042976564,1,interior
0.606020822634456,0.12870637998384665,1,interior
0.2798044699708601,0.1394110870069596,1,interior
0.27464470990410267,0.13830715000524588,1,interior
0.27985188601125965,0.1307802607461873,1,interior
0.4257622040079749,0.11841560190409085,1,interior
0.7526860352609808,0.11842806992322297,1,interior
0.746243856132778,0.11916243619968421,1,interior
0.39653396641897726,0.1300470366081149,1,interior
0.8001934277976718,0.11798731264445476,1,interior
0.8020643116347792,0.11943752764950069,1,interior
0.8034263280798261,0.1138484264970983,1,interior
0.8001127420212351,0.11460235284335854,1,interior
0.28382824367094334,0.1469853921243561,1,interior
0.28923815788284996,0.1462165316780035,1,interior
0.2862544739716677,0.14550084173742334,1,interior
0.292273197682135,0.14841388647204662,1,interior
0.29545859708298167,0.14729660990655866,1,interior
0.47413952315864966,0.13765810283587862,1,interior
0.42602180558501956,0.1109683206970286,1,interior
0.42694350484637533,0.107519550840213,1,interior
0.2294363998799065,0.16410177768721548,1,interior
0.6937725538551023,0.1147799715220053,1,interior
0.6991710819973342,0.11455684390755554,1,interior
0.6966203213557074,0.11278565285766091,1,interior
0.6937082475807885,0.11786591423098847,1,interior
0.2409314190651688,0.15448285836754364,1,interior
0.23756006169702712,0.1533757043932543,1,interior
0.6511448870362514,0.1010649986164569,1,interior
0.6530744178343154,0.09819076519560692,1,interior
0.6506993411085737,0.09503736077934175,1,interior
0.29764450694749545,0.1522378651948282,1,interior
0.7972915118487821,0.11660702832497212,1,interior
0.7228699911325749,0.1167900243829287,1,interior
0.7258050117159599,0.11851861204437518,1,interior
0.7191288799436296,0.11809411798018427,1,interior
0.42926695349280025,0.13700733893580222,1,interior
0.4311781070447882,0.1347806480721632,1,interior
0.6907785373016686,0.11657099898812906,1,interior
0.6894502680624556,0.12217584717722917,1,interior
0.6871085210209072,0.12114976110933404,1,interior
0.5023367355726364,0.10667631755303249,1,interior
0.5052843541221639,0.10702196608152661,1,interior
0.5000984606946207,0.11163461778647059,1,interior
0.49963747175387846,0.10810930205382292,1,interior
0.5761977842275103,0.11728789301337428,1,interior
0.5801911213064429,0.11589738650732347,1,interior
0.7520038981595851,0.1252369362058522,1,interior
0.7523751159032879,0.1214809208491224,1,interior
0.36769949148339237,0.13162793599418107,1,interior
0.3697766230417267,0.13322869545848512,1,interior
0.38662597418679523,0.15066550045453722,1,interior
0.7087878725482981,0.1215332285860694,1,interior
0.7065382022699656,0.12321143209577765,1,interior
0.6104918313841098,0.12166221348365874,1,interior
0.6146864122330714,0.11742020152958695,1,interior
0.6125011196742639,0.11954237394984267,1,interior
0.6161980567201596,0.12037682808618227,1,interior
0.23974051789870868,0.16520753178503822,1,interior
0.6506256803550292,0.10860071164969264,1,interior
0.6719484846845579,0.11829696509368741,1,interior
0.6773233997826803,0.12115984773835997,1,interior
0.6746843712347687,0.11647084607706526,1,interior
0.2798295155586113,0.1268441276341936,1,interior
0.28390902970895593,0.13093501035279864,1,interior
0.28199651475161513,0.13356547700660218,1,interior
0.2759838868339203,0.1320771792202292,1,interior
0.6238044661884634,0.12189842133653798,1,interior
0.5539882606013817,0.11617010327465835,1,interior
0.5521523969916904,0.11458854105723164,1,interior
0.6083306960749119,0.12654473793829524,1,interior
0.42950210884350687,0.11292603266318253,1,interior
0.4294264117923192,0.10912062733429469,1,interior
0.39301480354300944,0.12803467347867156,1,interior
0.39885146400603805,0.132449284386584,1,interior
0.39605635451690835,0.12705892428545335,1,interior
0.4291171993393942,0.13963204915304248,1,interior
0.700592998853895,0.11127756825517875,1,interior
0.694906980283724,0.1097170719658924,1,interior
0.6888315305915381,0.11912973000254645,1,interior
0.6665291161012199,0.126460901844051,1,interior
0.5010758599966999,0.11515925819724061,1,interior
0.4974251114748172,0.11388899016011389,1,interior
0.41684389784131165,0.13576524633167794,1,interior
0.6717830456400969,0.12160252977549994,1,interior
0.6801430568956791,0.12184207044393809,1,interior
0.7581480309659336,0.12509773077151046,1,interior
0.7607673673852945,0.12416243408728474,1,interior
0.7633422092508723,0.12389937319068925,1,interior
0.2837538156817378,0.14412957305932678,1,interior
0.2873263941530923,0.14241482799336563,1,interior
0.28451214940632835,0.14113211816256296,1,interior
0.4952736763763086,0.11231741910820142,1,interior
0.49550459483771747,0.11729976081485997,1,interior
0.42736603688534813,0.1014441861837734,1,interior
0.42254768936085013,0.09820334530913725,1,interior
0.7149961577251515,0.11795439055015187,1,interior
0.7142501854890279,0.12074550229020387,1,interior
0.6825596992363939,0.11925146864147221,1,interior
0.679491101587144,0.11857981208967551,1,interior
0.6830019558514389,0.12289373151584553,1,interior
0.6847671884107358,0.12127643249318891,1,interior
0.41023147032236074,0.10423861531709314,1,interior
0.4109275495792483,0.1014163064179207,1,interior
0.4140776371660308,0.10079498018107959,1,interior
0.49229768486341957,0.11872166335026692,1,interior
0.7808737021349319,0.10974301864366313,1,interior
0.7116463979477827,0.12271463008539489,1,interior
0.22651977991197678,0.15799714103279974,1,interior
0.23054144224033227,0.15828479798507744,1,interior
0.7557028944880239,0.1253617765334224,1,interior
0.7564589516893262,0.12317817739153411,1,interior
0.3413546665852754,0.1310587282062163,1,interior
0.34511278298546094,0.1318412164314709,1,interior
0.6908885818002134,0.11317092518946455,1,interior
0.2756289862686601,0.12657927646210337,1,interior
0.2761604622650836,0.12328969809964965,1,interior
0.2818556373423754,0.12296392357124764,1,interior
0.2824442845320872,0.1284936430233692,1,interior
0.278623496158635,0.12444518592573377,1,interior
0.711394112950115,0.11932276440933148,1,interior
0.2466973856958025,0.1426990458837837,1,interior
0.24748143014642543,0.1389391729537542,1,interior
0.24807643104192378,0.1457272719530424,1,interior
0.7752065525932282,0.10146048124921252,1,interior
0.7698122935480542,0.1064660644687978,1,interior
0.7719282363491398,0.1009615868015914,1,interior
0.7686348808970183,0.10315761666299715,1,interior
0.34899531018302915,0.13159791262127638,1,interior
0.4730387889646787,0.12697853201349935,1,interior
0.4729006172393848,0.12034363783559184,1,interior
0.47270087832601887,0.12324929895419162,1,interior
0.47621695753850046,0.12141183610731957,1,interior
0.7395570905666488,0.1111607169880669,1,interior
0.7486884285706553,0.10808887656668105,1,interior
0.7426139571323506,0.10917879140152041,1,interior
0.6886797225406366,0.11417881930296869,1,interior
0.5804603400967059,0.11187362062994839,1,interior
0.5774557824945797,0.11403365502469771,1,interior
0.5834329420969405,0.11680083506533709,1,interior
0.5821166388060146,0.1192820157534299,1,interior
0.5832960697179372,0.11373775644943851,1,interior
0.43258973190070166,0.09952953014138992,1,interior
0.42721155025007274,0.09791338314219059,1,interior
0.43094206102438265,0.1019491275742002,1,interior
0.4290576260867178,0.1050618247960138,1,interior
0.4251626484502175,0.09878600692095062,1,interior
0.6811240340601329,0.11576236085610205,1,interior
0.6842364691013919,0.11619355554458012,1,interior
0.685759501130573,0.11877313608350411,1,interior
0.7108826614160682,0.11590067756774937,1,interior
0.707987408783802,0.11846281764967204,1,interior
0.40289813670366975,0.11304510752777115,1,interior
0.4065973794657033,0.11464801146898725,1,interior
0.40493650185084445,0.11124253096652774,1,interior
0.6113466055474038,0.11629895343923703,1,interior
0.6076311518686248,0.12092879855422782,1,interior
0.6086337305502572,0.11824980084462922,1,interior
0.27002988939360767,0.1330758891921958,1,interior
0.2446542084782389,0.1402320145636293,1,interior
0.24519664027176927,0.14553924139237567,1,interior
0.41138335657713193,0.09774282292194303,1,interior
0.4172380458164433,0.10056020956568738,1,interior
0.415684632638046,0.09714245470523242,1,interior
0.5948394837024102,0.12659140371325786,1,interior
0.5976122964863233,0.12471850985282262,1,interior
0.6220089856809662,0.12411266996117619,1,interior
0.229234658201199,0.15520914847223402,1,interior
0.2324076314237262,0.1552379002513483,1,interior
0.2870548417605008,0.1382336264114921,1,interior
0.24989067226499992,0.15100850931469195,1,interior
0.25688079383449025,0.14902055483921064,1,interior
0.3968099035623327,0.12432726913155011,1,interior
0.39740599815168487,0.12156271986381424,1,interior
0.4040592713501267,0.12106231904458882,1,interior
0.40105509621157404,0.12152326474487836,1,interior
0.6505714942656022,0.10479619782295459,1,interior
0.6533228959869122,0.10350553333428995,1,interior
0.6554418751913609,0.10142305429908842,1,interior
0.6807747908368962,0.12476465971245738,1,interior
0.7597054599357882,0.12721298745595924,1,interior
0.43243377086980794,0.11363121240016454,1,interior
0.4313666548824531,0.11643310622296028,1,interior
0.4285104624627708,0.11644731782862736,1,interior
0.43313007787898083,0.1102140686559906,1,interior
0.5862109377016756,0.11910190151387816,1,interior
0.5764240803877615,0.11091698472744824,1,interior
0.5795245267462866,0.10855347158870426,1,interior
0.5824497632202317,0.10893479202125474,1,interior
0.5842729690328691,0.11057958261386346,1,interior
0.7624304710019532,0.12094227938645166,1,interior
0.7589618822052061,0.1218510853438678,1,interior
0.6203918087357283,0.12024562977407778,1,interior
0.6154995228512522,0.12534369549921975,1,interior
0.6197359366747858,0.11667275090494104,1,interior
0.38205470874423364,0.12750121012586457,1,interior
0.25561088161506196,0.13152644088284687,1,interior
0.42481812680629505,0.09505571100936452,1,interior
0.4816353766828805,0.11567878586343709,1,interior
0.4842334145267366,0.11701067798080528,1,interior
0.4783822326497384,0.11751013209167085,1,interior
0.7368375292710033,0.1134152902556033,1,interior
0.7334562404068655,0.11585399601462032,1,interior
0.6767849804758548,0.11826927489519692,1,interior
0.6720343943908381,0.11449533277314268,1,interior
0.7144387407907159,0.11431810400921905,1,interior
0.708037586683046,0.11282071289713187,1,interior
0.7117471664456674,0.11223836360650385,1,interior
0.4293300933885959,0.12215894983993171,1,interior
0.4293374944992235,0.12490742835818754,1,interior
0.42963458562359935,0.11949789008997028,1,interior
0.4039373834458796,0.1302218689197224,1,interior
0.5368935371399953,0.1454472981305566,1,interior
0.5408300092283024,0.1177975978875304,1,interior
0.54421539109384,0.11577143099621236,1,interior
0.7937910429848701,0.11653805561710381,1,interior
0.7905165357590089,0.11656133973535883,1,interior
0.650516502079398,0.0918996766537988,1,interior
0.6476583870996331,0.0929400151787344,1,interior
0.6439660202786704,0.09264264618412565,1,interior
0.2441575327766036,0.15375732668332925,1,interior
0.6179199665278953,0.12291961404028773,1,interior
0.5496197810003214,0.1137808426742422,1,interior
0.2733158208383031,0.12386885917223549,1,interior
0.27858995042417506,0.12139117411005597,1,interior
0.5388910976674509,0.12394828147749537,1,interior
0.4937439478200767,0.11477183393161666,1,interior
0.7655885009732165,0.11895131314558756,1,interior
0.29264757212269904,0.14510539207044124,1,interior
0.5405715523599987,0.12077724248089275,1,interior
0.6238871999819737,0.11929145084400199,1,interior
0.6226006262196483,0.11692928146167215,1,interior
0.617590864768772,0.1180550514508368,1,interior
0.5733236058246513,0.12077520495165446,1,interior
0.7641275692099305,0.11283839017581845,1,interior
0.7673484608178389,0.111659578158816,1,interior
0.7659771163607785,0.11544656788150763,1,interior
0.22030779809680887,0.16694090201678438,1,interior
0.22276722866259832,0.16429397491625025,1,interior
0.7642116070772504,0.1101994712073433,1,interior
0.7605286731490613,0.11179725524705572,1,interior
0.7621576489903729,0.11515217651145333,1,interior
0.4022946307159118,0.11840747608957537,1,interior
0.3992820584214456,0.1169976251150487,1,interior
0.26815778029049614,0.13526219701552517,1,interior
0.26552603701873373,0.13919882762613453,1,interior
0.6414931132898225,0.09478568803393432,1,interior
0.6383641376999452,0.09350035123149224,1,interior
0.640264581192407,0.09808410404495753,1,interior
0.6349917362596071,0.09357358900273828,1,interior
0.6403287070085131,0.09062931702306921,1,interior
0.6368061469610898,0.09092793401429147,1,interior
0.5919368509859261,0.12428341848518933,1,interior
0.5952428798662259,0.12301098853130103,1,interior
0.5627270861544927,0.12091858590926621,1,interior
0.5605378424440489,0.1145916418066586,1,interior
0.656194104354738,0.10485303006439504,1,interior
0.6590540307683779,0.10350841798929593,1,interior
0.6588241516843935,0.10083766889768067,1,interior
0.6566892755869304,0.0982694929604399,1,interior
0.6265581683622443,0.11728783963223487,1,interior
0.6283083492194989,0.11466118330943481,1,interior
0.6325231042369123,0.1221970687082651,1,interior
0.35531612737541146,0.1376433380754159,1,interior
0.6433420420674298,0.0892203963983323,1,interior
0.5823552132626665,0.10612271895143421,1,interior
0.5853076940884195,0.10703423670705951,1,interior
0.27304899436299573,0.1301178145572413,1,interior
0.2718132727248392,0.12724365531869836,1,interior
0.27076077437453033,0.12142225547332187,1,interior
0.27486390412711004,0.12042653616746259,1,interior
0.2678080470362168,0.12401989404437952,1,interior
0.3616070557219051,0.13531374118420303,1,interior
0.35847869017579465,0.13334980448418773,1,interior
0.30961702994823637,0.15040097066138217,1,interior
0.30796881899585393,0.1452432287731546,1,interior
0.31026889775991856,0.14679894783132816,1,interior
0.6874037173033178,0.11643019428454525,1,interior
0.5729164093247661,0.1174381208902184,1,interior
0.5693739288587821,0.12148166088417739,1,interior
0.3937542464854963,0.12512915008673403,1,interior
0.6533235542687117,0.09222880963748163,1,interior
0.654717943212261,0.09524720927763976,1,interior
0.690599759507915,0.11044570431584064,1,interior
0.6972757743098519,0.10508529089815488,1,interior
0.695277292354279,0.10673739886285293,1,interior
0.6932633027665496,0.11144791295375549,1,interior
0.6918971789640838,0.10789214359382378,1,interior
0.5874557397964426,0.10909628998311353,1,interior
0.5888605912603716,0.10508968987639612,1,interior
0.5850949337841131,0.10321474115529004,1,interior
0.5901515946995775,0.10836836529570873,1,interior
0.6080188127018084,0.12379972675315098,1,interior
0.6311859082475142,0.0925284584883368,1,interior
0.6337736497888645,0.08945539053773023,1,interior
0.5740396106719662,0.1142744398358326,1,interior
0.39941131933206836,0.11160808797160954,1,interior
0.3942900923074329,0.1163741492063688,1,interior
0.39461093365811106,0.11953698271519589,1,interior
0.3973048448642628,0.114541060435162,1,interior
0.26830672708391273,0.12713211162635832,1,interior
0.47047807658726065,0.14257626851336852,1,interior
0.6560328176211779,0.11431313992068305,1,interior
0.6589644195607649,0.11655141702219561,1,interior
0.6373244636197215,0.08790625716318433,1,interior
0.3042265030150493,0.13764856238078074,1,interior
0.3035826302545475,0.13490479117029497,1,interior
0.3067578895149409,0.1345090034518823,1,interior
0.30948080907297615,0.1368608292668721,1,interior
0.7676516706672734,0.12024404389666794,1,interior
0.7597032299921948,0.11837109788942814,1,interior
0.756413307733094,0.11703551867697914,1,interior
0.76310871595383,0.11765721784568742,1,interior
0.7592075675006876,0.11512346284159687,1,interior
0.7558202136023063,0.1204522298571677,1,interior
0.5297853643767293,0.12017095950368742,1,interior
0.5302100643988723,0.11676980861389966,1,interior
0.6633737350554937,0.09839766105338908,1,interior
0.6602218093601281,0.09831408826038131,1,interior
0.6624446127783425,0.10178559827467061,1,interior
0.7469643001655956,0.12282801818540144,1,interior
0.6253135631188336,0.10374973302871632,1,interior
0.5369659321257304,0.1195887332258734,1,interior
0.6298467516125279,0.09578611292501314,1,interior
0.6291753026549282,0.09860619444053886,1,interior
0.6105547732812434,0.11255065440790359,1,interior
0.6049021705266412,0.11599748245287177,1,interior
0.5923462085870559,0.10403890321597957,1,interior
0.5926849563255979,0.1069684108289249,1,interior
0.5877206834127042,0.10116834008224658,1,interior
0.3187779045308452,0.14880109325001192,1,interior
0.3216271931625155,0.14693916278254124,1,interior
0.43487881337161155,0.11316876834724669,1,interior
0.4349950285667372,0.10616130023651293,1,interior
0.4368269138435928,0.11162495581390107,1,interior
0.4318111911777901,0.1071244394652447,1,interior
0.43639606852542495,0.10899256098318713,1,interior
0.42781990361761013,0.12777843049605597,1,interior
0.43057460748708454,0.12867785125588874,1,interior
0.4338473495988004,0.12826921763839114,1,interior
0.6245561885849208,0.11463457460778687,1,interior
0.6264849407729938,0.11266982142303819,1,interior
0.6681751013786296,0.11460028326242284,1,interior
0.6651899313796977,0.11360929422004448,1,interior
0.7564567809702621,0.11058509078187366,1,interior
0.7590417913540746,0.10892011816373885,1,interior
0.762133225934917,0.10822134973865268,1,interior
0.7567661085293587,0.1134882992834797,1,interior
0.26912096510433514,0.1301181339680759,1,interior
0.6758195230704251,0.1307059382198509,1,interior
0.5969988014311293,0.10112360058542959,1,interior
0.595761996287172,0.10520610816658285,1,interior
0.5939839799961684,0.10149246105156007,1,interior
0.590577420614892,0.10135036530868141,1,interior
0.7827895367453884,0.11251335076410487,1,interior
0.462773204873415,0.12416831108468873,1,interior
0.45933313630066874,0.12474821848468892,1,interior
0.4663679719844244,0.12381299123933305,1,interior
0.5989719256546424,0.12172950784162327,1,interior
0.5924796378646905,0.1209370120868379,1,interior
0.5956457071004357,0.11963652690098958,1,interior
0.2655750058986472,0.12947568405747203,1,interior
0.6407476860581646,0.08615940464590421,1,interior
0.644091353934517,0.08671070067555252,1,interior
0.613601812707018,0.11460858974824044,1,interior
0.6170297035018537,0.11457797416738136,1,interior
0.7865339618216987,0.11968988022827806,1,interior
0.7843929861411598,0.11764842708025276,1,interior
0.7875617307825097,0.11684666361774086,1,interior
0.7512279110201207,0.11600283855106715,1,interior
0.7514284313192885,0.11349679075416011,1,interior
0.4077952053343694,0.10298816891908913,1,interior
0.4048692295858054,0.10477486744136871,1,interior
0.43677860982291944,0.12604058469881124,1,interior
0.42990266604654626,0.1320893949544179,1,interior
0.43296629737854603,0.1253764274702122,1,interior
0.24975850227671523,0.15375064390394683,1,interior
0.3648327589128658,0.13774940766214666,1,interior
0.3646745719705801,0.13369161338597296,1,interior
0.3761378375530705,0.12875362118679318,1,interior
0.37292774675373225,0.12842597712004328,1,interior
0.47097161816141925,0.11816826196402046,1,interior
0.46891959119574883,0.12083778065857177,1,interior
0.28569112470551405,0.12826758337189803,1,interior
0.28544510236538123,0.13335504147737207,1,interior
0.28808789870585566,0.1308431997630385,1,interior
0.35091005670770103,0.12876504568241712,1,interior
0.35263418965710924,0.1315576652010928,1,interior
0.34706893175144443,0.12892933490263178,1,interior
0.3431881178478851,0.12798085841871779,1,interior
0.3490685909618574,0.12615841513364198,1,interior
0.3459299657266849,0.12627749399783933,1,interior
0.6565533001080038,0.11121588792769738,1,interior
0.6522398673617228,0.11746704372398335,1,interior
0.6533140586286518,0.1117135053457783,1,interior
0.6858674840150991,0.1135928834751152,1,interior
0.6534386921851015,0.1065181068363687,1,interior
0.6564988467215942,0.10802866055523092,1,interior
0.31280819098514895,0.14911455016781136,1,interior
0.3123523477602465,0.15278822965483613,1,interior
0.5097474911655439,0.10443619461989995,1,interior
0.5122326260859341,0.10611952539442793,1,interior
0.5077282843842975,0.10608841915571554,1,interior
0.5867053937880058,0.1126176957031787,1,interior
0.282968599135124,0.13902544967537345,1,interior
0.2839971655275166,0.13620832916142528,1,interior
0.5953000565358718,0.10977453094581244,1,interior
0.5986081907374098,0.10598763636683893,1,interior
0.5990662161886994,0.10355251652543114,1,interior
0.3899720969332912,0.14404528035580816,1,interior
0.264664940594282,0.12300390994233264,1,interior
0.2650848147471641,0.1262776875584067,1,interior
0.6272473566877201,0.0932457856612852,1,interior
0.6269491743918466,0.09691222970108372,1,interior
0.3968382827544809,0.11808632969994738,1,interior
0.24702223189357073,0.13485857046061148,1,interior
0.24298701034568745,0.13682729612837927,1,interior
0.25056461487701515,0.13656941371241282,1,interior
0.31584785661342235,0.15115087804225324,1,interior
0.3104795761708169,0.15552985895140647,1,interior
0.30913278678031875,0.1534898155469174,1,interior
0.2835793777512949,0.12554967478467036,1,interior
0.3323920146452011,0.14629871060632219,1,interior
0.32976180264792204,0.14400494817714504,1,interior
0.35473039466162026,0.13459578997084182,1,interior
0.31260781529477255,0.1330480410208784,1,interior
0.3130083559136075,0.13633104239531832,1,interior
0.3101522028457083,0.13427365296184485,1,interior
0.3816739453143683,0.1251676869184369,1,interior
0.3789226830236791,0.12733363236227366,1,interior
0.3783917951359146,0.12375445439467803,1,interior
0.8437437169237961,0.1208485126487288,1,interior
0.6760142705774651,0.1131542460846232,1,interior
0.5399613509531614,0.1277584038859903,1,interior
0.5352984098770456,0.12274427310665068,1,interior
0.5347965041360292,0.12553891394326655,1,interior
0.5621361733903527,0.12731271374750355,1,interior
0.7820470149864369,0.103160444901831,1,interior
0.7786689111336051,0.10218386318266685,1,interior
0.5986945887365513,0.11803676642705953,1,interior
0.5926168042936757,0.11735762915917274,1,interior
0.5956673304110286,0.11616706242452661,1,interior
0.5632828201902165,0.11167842598973778,1,interior
0.5634409352679848,0.11640358206830285,1,interior
0.5580174274336338,0.11304925664089685,1,interior
0.36486479783921605,0.13013663214443025,1,interior
0.3616449471519388,0.13188368415767826,1,interior
0.7661886685494644,0.10719413770849397,1,interior
0.762773990824918,0.10531620166220812,1,interior
0.7593199105807787,0.10569902671005474,1,interior
0.49660488620031673,0.10588513988718563,1,interior
0.5002467925243179,0.10454212247850153,1,interior
0.4966948722886924,0.10999233812254382,1,interior
0.503566629648675,0.10385561607652703,1,interior
0.32376714001192913,0.14465425622432973,1,interior
0.7536567152120194,0.12355580358142006,1,interior
0.48908307346775987,0.1185849707580842,1,interior
0.5645192262632877,0.12501860803581233,1,interior
0.568076599652004,0.12400498195010486,1,interior
0.5486449328924651,0.11015925404945164,1,interior
0.5476809041925452,0.11566365407670076,1,interior
0.5550022435922705,0.11310174010442561,1,interior
0.5464874178150582,0.11293594003194173,1,interior
0.6982838490602761,0.10232498937473486,1,interior
0.6996297545151133,0.10769063365535744,1,interior
0.6943301344395193,0.10295302522682273,1,interior
0.6999814190993423,0.10467343559297129,1,interior
0.2455590110854187,0.1484251168764806,1,interior
0.4575771489655727,0.1276056913718626,1,interior
0.5518880387720261,0.11154118017202695,1,interior
0.5488841191135351,0.10695786388300399,1,interior
0.5433177501583234,0.11237272239140161,1,interior
0.5453168428687277,0.1102480413863082,1,interior
0.5518772010975905,0.1080245025145111,1,interior
0.5152634456727089,0.10472332266981355,1,interior
0.5125753322126901,0.10214651785775872,1,interior
0.5172408028400256,0.10648991648258378,1,interior
0.24673664466779124,0.15168217064386802,1,interior
0.3455295882993538,0.13540582899711173,1,interior
0.5381001390801509,0.11347995495749874,1,interior
0.5383888019121844,0.1164404291570389,1,interior
0.47329856594413683,0.1174964978440324,1,interior
0.4755374549463852,0.11859525840941254,1,interior
0.41865239031205975,0.09441396604114254,1,interior
0.41925931303612446,0.09778054597555107,1,interior
0.41588056784843297,0.09314947012241077,1,interior
0.41305333012745826,0.09216763709728759,1,interior
0.4132207038007543,0.0949982613159062,1,interior
0.5892105641283647,0.12185954954670826,1,interior
0.5892165205270595,0.11550265393263828,1,interior
0.7095911053007545,0.10957955657429976,1,interior
0.7051386135425004,0.11447088075489731,1,interior
0.7066874291269635,0.10965245157061347,1,interior
0.7043021560265418,0.11173506049014077,1,interior
0.7073223155704332,0.11591639825985274,1,interior
0.31713202899262444,0.14572114312858114,1,interior
0.5437953602433508,0.10525004464716085,1,interior
0.5408679506778576,0.10620805380602406,1,interior
0.5459111310713778,0.10759889029148666,1,interior
0.540540833354833,0.11166257007340175,1,interior
0.29313055519469344,0.14159017420964898,1,interior
0.22426310667487723,0.15486910681879199,1,interior
0.22228942250956157,0.1582401774588742,1,interior
0.226769667066404,0.1550488532185057,1,interior
0.2955773247256181,0.1439961030120709,1,interior
0.2903502659013506,0.1429559435859473,1,interior
0.7926501512130982,0.11353894512250216,1,interior
0.7891258272395992,0.11379628981835017,1,interior
0.7910195016315991,0.11113072215560238,1,interior
0.5419505704632587,0.10209670740197267,1,interior
0.5470325403099251,0.10444597935389655,1,interior
0.5394957541666026,0.10373891517224036,1,interior
0.31506854689569114,0.15425921995137956,1,interior
0.6019625804551746,0.11900083532909468,1,interior
0.6025814543499298,0.122321906739626,1,interior
0.6007295503098699,0.12552460617907443,1,interior
0.5684067650809855,0.11285823627279447,1,interior
0.5663281101448489,0.1191796219119964,1,interior
0.5655931269224905,0.113286274231216,1,interior
0.5672988325285527,0.11609048978825555,1,interior
0.40999833431086763,0.09371514346643325,1,interior
0.6834686789812426,0.12609204069541544,1,interior
0.785596182243775,0.11387852393726793,1,interior
0.7822992601214093,0.11567409144325451,1,interior
0.8811066170581161,0.14655818228396555,1,interior
0.8781630980698901,0.14516883379527257,1,interior
0.3891692784242137,0.11660394438838988,1,interior
0.3918424335486917,0.11832661241685884,1,interior
0.39160629341543557,0.11413617847850602,1,interior
0.3945804433606395,0.11342117872347779,1,interior
0.9109410973284501,0.15879131175307157,1,interior
0.4039667844050602,0.1161447774919027,1,interior
0.40169795765411737,0.10961244917509028,1,interior
0.3160491574773238,0.13340196903239906,1,interior
0.309672637535974,0.13105351598892362,1,interior
0.3133915850616727,0.13026806361097898,1,interior
0.31627057414533005,0.1371412903075627,1,interior
0.5543349648153681,0.11010383735065546,1,interior
0.278335688424968,0.1453265001706832,1,interior
0.6294026107109607,0.10900430749966131,1,interior
0.6230891575262786,0.10620582963351567,1,interior
0.6243491434113249,0.1086575485792501,1,interior
0.6267376440199024,0.1100842247887144,1,interior
0.5898092609362175,0.11886704528797838,1,interior
0.5929276813241194,0.11348059804506773,1,interior
0.8672698015409305,0.1387676033219716,1,interior
0.40079102522355897,0.11504862457511554,1,interior
0.3901600065576608,0.12517373375876142,1,interior
0.7830631873179456,0.10666237502536279,1,interior
0.7811914448591035,0.09961324986852323,1,interior
0.7847411312387863,0.10053974178972835,1,interior
0.49281785202580686,0.11115570218258168,1,interior
0.2683645801217602,0.1187548888602914,1,interior
0.27216682640524625,0.11776623042915794,1,interior
0.2672971214207234,0.12133168382373491,1,interior
0.25136237354795815,0.14593029931279325,1,interior
0.6582521501868549,0.09523446597265399,1,interior
0.6565291562613187,0.09216729933892627,1,interior
0.6488316130239672,0.08962028741280816,1,interior
0.651810094586878,0.08909522305103164,1,interior
0.6208147486578804,0.1134184172509235,1,interior
0.673872058871593,0.11131986831658292,1,interior
0.6800008658086503,0.11200522594774473,1,interior
0.6773351598837376,0.10922292133389282,1,interior
0.31951994996260397,0.15176797309888782,1,interior
0.31946549514638134,0.14632829696673896,1,interior
0.3686119480561978,0.12811412114039636,1,interior
0.31479155198303227,0.13963387731709132,1,interior
0.5660170864844001,0.12207509503073972,1,interior
0.6460624146033812,0.09054342078365686,1,interior
0.9089717440391951,0.15496314437467854,1,interior
0.9142542144262552,0.1562202535703227,1,interior
0.9132812840118794,0.1581406065526346,1,interior
0.2891361245767158,0.12745372235566543,1,interior
0.29101673729215816,0.1327256479267685,1,interior
0.28843741213892576,0.13449683784811597,1,interior
0.2926000863823436,0.1295723272471086,1,interior
0.7172423890822797,0.11562299933438307,1,interior
0.7152330418657346,0.11084891942853081,1,interior
0.7177846747383247,0.11261195779927369,1,interior
0.6703094874886334,0.11081750753877684,1,interior
0.6731223474909819,0.10841936441010579,1,interior
0.6750571590913772,0.10655924763726506,1,interior
0.7660494624548893,0.09976031016280734,1,interior
0.7648607813016048,0.1031407312403906,1,interior
0.7690464383749704,0.09914657232157577,1,interior
0.8199346501078734,0.10741887751087884,1,interior
0.8174362718073664,0.10805547318369164,1,interior
0.6622107907009626,0.10524836678943426,1,interior
0.6658950473474115,0.10472894069888701,1,interior
0.6666600839544918,0.1007692141316419,1,interior
0.7877886023847589,0.11071213757589364,1,interior
0.7845224412152546,0.11005855532162388,1,interior
0.21946686703146404,0.1513839567723306,1,interior
0.22095808978611195,0.15457724273517778,1,interior
0.22725667190553903,0.15189791324702578,1,interior
0.22541324733249146,0.14965155902142496,1,interior
0.65953805941606,0.11292026608983818,1,interior
0.6670546323786444,0.10861613004321959,1,interior
0.6616932777213375,0.10822834607576862,1,interior
0.6689851514772445,0.10343228797784224,1,interior
0.7202400600248938,0.11472638544366232,1,interior
0.36455871981241605,0.1270013554387232,1,interior
0.3418721454041725,0.14641667965042496,1,interior
0.3367557224462148,0.1435173107969948,1,interior
0.7961191685565808,0.11354451503513002,1,interior
0.41483792795380225,0.08941844791154367,1,interior
0.41842437814129735,0.09073731797416712,1,interior
0.7526262084156984,0.10898535656677426,1,interior
0.7534328180668662,0.11188785494481107,1,interior
0.43810936945855367,0.10368560314365052,1,interior
0.43472105154248314,0.1021077743350901,1,interior
0.43810334270914764,0.1069264604186145,1,interior
0.4564681592827185,0.13079828605879484,1,interior
0.8397460029056327,0.11911114215413832,1,interior
0.8422633216323174,0.11924790617721549,1,interior
0.4609273676516614,0.12162429682075471,1,interior
0.45737938347003876,0.1220883920774038,1,interior
0.4557488104701657,0.12475016898569476,1,interior
0.6617382926862854,0.09483904706419959,1,interior
0.6646382784685916,0.09543912336760063,1,interior
0.7692841933614104,0.11753661950485995,1,interior
0.6486811314212174,0.1137963074103888,1,interior
0.6594640343784939,0.10985687289517958,1,interior
0.33771209145632747,0.13028616685757627,1,interior
0.38730321659839395,0.12387621535853292,1,interior
0.25900587709936707,0.12701234020039076,1,interior
0.25204590449703357,0.1300255832960342,1,interior
0.25304852908864545,0.12583716185913243,1,interior
0.43978762571143665,0.10989471218267201,1,interior
0.5409989007073369,0.11465609919888849,1,interior
0.5382347793400978,0.1097936461243732,1,interior
0.5424151373733401,0.10885777929905512,1,interior
0.5356047337563593,0.11272770397521684,1,interior
0.4697840244392035,0.12483297057410103,1,interior
0.5504324902969924,0.10414318294662701,1,interior
0.7336667999340167,0.11242561195316406,1,interior
0.7303109405853676,0.11357212749367357,1,interior
0.7293576021131436,0.11687402868657128,1,interior
0.44577512121899077,0.12631714876994446,1,interior
0.4496254140172244,0.12288436180686918,1,interior
0.45241980909314405,0.12484036244778007,1,interior
0.4463508948387705,0.12375683796211878,1,interior
0.4465575058603594,0.12847270230979196,1,interior
0.3134844010580132,0.14531101728063586,1,interior
0.33616946648258555,0.13271794985550184,1,interior
0.39327915437141975,0.12214184839958922,1,interior
0.386066713923012,0.12111826239233178,1,interior
0.38944915436506955,0.12083502978318973,1,interior
0.38655366972071553,0.11842817795666494,1,interior
0.2488363566548322,0.14859846865608087,1,interior
0.24276706178922022,0.1506921203702598,1,interior
0.3334344246952112,0.13896629622790443,1,interior
0.33370117237272523,0.13361710132644553,1,interior
0.8495425518452986,0.1233144762217647,1,interior
0.23032454425104476,0.14870890598910738,1,interior
0.23106024924165594,0.1520861678343379,1,interior
0.22311143433136418,0.15119213809852275,1,interior
0.6780231889009624,0.11550297942528163,1,interior
0.2621792855014616,0.12840009651516457,1,interior
0.533042562106043,0.11790856042693532,1,interior
0.7736105042362926,0.12483371097322216,1,interior
0.4458185905837092,0.13104916986036724,1,interior
0.7607688660538624,0.10223637258859454,1,interior
0.763297440767149,0.10012017213025877,1,interior
0.29658206547807525,0.12835832309601006,1,interior
0.29408602551252006,0.1340093290660261,1,interior
0.29451060194862533,0.12626432328903947,1,interior
0.2961148230232371,0.13140560986644534,1,interior
0.29174622340058504,0.12541398077447088,1,interior
0.7104247228852058,0.10411637598539916,1,interior
0.7076768227868582,0.1062513184206727,1,interior
0.7128623142921126,0.10884527541262583,1,interior
0.7038218143344493,0.10819684083765753,1,interior
0.597920537241085,0.1273141079700398,1,interior
0.22431910584442494,0.14696659541752824,1,interior
0.22098751347669554,0.14793705085277534,1,interior
0.6345487661413746,0.08565508594419176,1,interior
0.6311648426395379,0.08618031155391186,1,interior
0.6283834098905559,0.0906576224581717,1,interior
0.3332581994410008,0.1426310133720252,1,interior
0.3885703878160527,0.11279079016255227,1,interior
0.3863774350755473,0.11502743260382915,1,interior
0.2343799715299715,0.15244021634008456,1,interior
0.23530752677558892,0.15515396880349708,1,interior
0.8820152067606883,0.14899229428442867,1,interior
0.40985676720503383,0.11961772499156162,1,interior
0.6054076860874354,0.12244883296032778,1,interior
0.6050864227798329,0.11948581424143644,1,interior
0.6014614160331503,0.11609534690403307,1,interior
0.43737841301574926,0.11497562075087504,1,interior
0.4395626684414495,0.11303037531991433,1,interior
0.537871222569983,0.10635031891972585,1,interior
0.8714090898859714,0.1398924068188032,1,interior
0.3300128233308072,0.14020101363133103,1,interior
0.3317072847425922,0.13616612952178628,1,interior
0.5859513751537507,0.11556992626738376,1,interior
0.21966381752835518,0.16370386998411943,1,interior
0.22158383881667745,0.16150275951082474,1,interior
0.2173736300130856,0.16599954568209174,1,interior
0.41095143132408596,0.10678587334593806,1,interior
0.5705450737316754,0.11547689592067621,1,interior
0.5711793198986569,0.11290152498028441,1,interior
0.5702504601825581,0.11003422933070178,1,interior
0.4938817299511073,0.10811791490504614,1,interior
0.4945029026721901,0.10266341492368787,1,interior
0.4979952938005332,0.10226918770566847,1,interior
0.39934716035763335,0.11944933393307156,1,interior
0.23678511271231292,0.15026207739575922,1,interior
0.2335590703326228,0.14932011178982751,1,interior
0.6046796720935509,0.12543252068133334,1,interior
0.6633650964628383,0.11092446917431166,1,interior
0.24873063694204753,0.1316570359078837,1,interior
0.2506365556705677,0.13356111197954387,1,interior
0.39626302333052027,0.11070584965667463,1,interior
0.28412702310915944,0.11991339705304235,1,interior
0.28133843432258626,0.1193662184205494,1,interior
0.5066241572683284,0.10359124669467475,1,interior
0.7867374944656684,0.10734659072224055,1,interior
0.7570861325185162,0.10264090699804641,1,interior
0.7562647981972773,0.10780819078704133,1,interior
0.4046458247563501,0.1079623232382811,1,interior
0.40181923350940846,0.10632842588726303,1,interior
0.402020705946987,0.1026113462943176,1,interior
0.3997888633871482,0.10475471301146844,1,interior
0.3982635004946546,0.10286802317610975,1,interior
0.4041235334403742,0.0990391055755915,1,interior
0.3161264638549247,0.1296921633601827,1,interior
0.31952052112131657,0.13335488529741882,1,interior
0.3187835451402021,0.13039888281046877,1,interior
0.31891979924463804,0.1362660898247088,1,interior
0.43355447015189447,0.11930971059050409,1,interior
0.5732916675802225,0.1085657143113834,1,interior
0.5731773139769364,0.11133862590205135,1,interior
0.5668015379927291,0.10942593949252213,1,interior
0.5736643098796568,0.10549908825591033,1,interior
0.5342186482859447,0.11083881810758849,1,interior
0.6622162626332969,0.11448503381116769,1,interior
0.2500957402895024,0.12653943184458774,1,interior
0.24816985465685268,0.1286159815931497,1,interior
0.5532680662360072,0.10289411415701186,1,interior
0.5478724761079915,0.1010388626094179,1,interior
0.5535443643909884,0.10546527778227159,1,interior
0.3339084784671909,0.12992874866251755,1,interior
0.7187035233164325,0.10930228585939704,1,interior
0.7211569285522853,0.11134151555176723,1,interior
0.7159943684143145,0.107306928669525,1,interior
0.7263781481847559,0.11455150684835604,1,interior
0.38269009623970934,0.11958056724961537,1,interior
0.3840823586700725,0.12330146424150971,1,interior
0.21604008732379584,0.15128581025109356,1,interior
0.21735970552139086,0.15438668779594242,1,interior
0.2177734884102183,0.14821981987183275,1,interior
0.5891743772134079,0.09757428438633589,1,interior
0.5922652290138644,0.09866935742829441,1,interior
0.5134254220230517,0.12872662004427218,1,interior
0.4865183959884359,0.1186522104584236,1,interior
0.4843273790468035,0.11990886713146494,1,interior
0.4821752487898657,0.1125579207534392,1,interior
0.7537194411664855,0.10367125806264367,1,interior
0.7717315262927125,0.09774942612150686,1,interior
0.7744250661669013,0.09820523534254484,1,interior
0.747777383959614,0.10455420832000584,1,interior
0.7510482863698841,0.10572477848409435,1,interior
0.6771772171646969,0.10574720735010082,1,interior
0.6818809483506725,0.10794587245262952,1,interior
0.4534485637655026,0.1218229378384706,1,interior
0.4589802403274077,0.11933033736450911,1,interior
0.7247961757795698,0.1270788910660125,1,interior
0.43556553540299264,0.12240913725340612,1,interior
0.38749834953815004,0.1093695550164554,1,interior
0.3907590616114902,0.11019105758253224,1,interior
0.3854023656756757,0.11182108604885095,1,interior
0.38331740192983,0.11407645223583653,1,interior
0.6464866366437395,0.08480306582406079,1,interior
0.6465630968167506,0.08783699289486184,1,interior
0.6530910392711278,0.08613617976804029,1,interior
0.5547808902813027,0.10076839893940726,1,interior
0.5512715154657281,0.10015104135601735,1,interior
0.5568595073686864,0.1041328814341286,1,interior
0.29807522164163386,0.13438311906262398,1,interior
0.30107464498465886,0.13633356567121138,1,interior
0.30141259562538647,0.13895134110212554,1,interior
0.3010728690766341,0.133597459546899,1,interior
0.29605891584419786,0.1368667013736788,1,interior
0.690464597437853,0.10107062454939826,1,interior
0.6931420071629598,0.09944741512204201,1,interior
0.6913887297369318,0.10446814049731923,1,interior
0.6829177362533461,0.11346388575398363,1,interior
0.6696156560505748,0.11710262857593597,1,interior
0.7800794952328923,0.11339717709451719,1,interior
0.6144041679507798,0.11195148063673623,1,interior
0.617957226132521,0.11041561502956625,1,interior
0.753938888180596,0.11511953485467163,1,interior
0.6780617003410628,0.10320587128216664,1,interior
0.6794790095097378,0.10623641693149281,1,interior
0.6748698254186327,0.10340001232925587,1,interior
0.6812720756437399,0.10415477520321122,1,interior
0.6793174351990593,0.10105776184425606,1,interior
0.23956507136967262,0.14860116906176704,1,interior
0.5965587009034562,0.09494422664311215,1,interior
0.595323101894025,0.09816608317167237,1,interior
0.8408511161544092,0.11592364316731388,1,interior
0.8444073748794834,0.11633350226628643,1,interior
0.845494319635472,0.11943672943658545,1,interior
0.27816676271649493,0.11846140301132684,1,interior
0.27546130074157665,0.11722100793142136,1,interior
0.6649370446335778,0.09219723901181286,1,interior
0.6622486350734982,0.09141877634785464,1,interior
0.6663502860923964,0.09755892945269132,1,interior
0.6679982419427508,0.09451780913728465,1,interior
0.8903527299577009,0.14943886440100435,1,interior
0.8843656986850831,0.14846462271951003,1,interior
0.3558321852140748,0.13155960678321513,1,interior
0.7231863068995719,0.1137068388834517,1,interior
0.6694352346109227,0.09779204537902013,1,interior
0.21695933011124013,0.16306034811427317,1,interior
0.21870908565519948,0.1601300839595996,1,interior
0.48979109753489397,0.11115103542976042,1,interior
0.4927029394561096,0.10537095256133468,1,interior
0.4903552099472929,0.10802827039239911,1,interior
0.2645835966906262,0.1193709903255975,1,interior
0.2615184899615058,0.12162456387139277,1,interior
0.261976810613249,0.12509571579163725,1,interior
0.5385490404781945,0.13286541184891046,1,interior
0.622069393905745,0.09664182168420275,1,interior
0.6268951426913999,0.10062169362798754,1,interior
0.6244286247326398,0.0951086711944971,1,interior
0.8849658670701063,0.1459140515404492,1,interior
0.8875797079494969,0.14825138978872296,1,interior
0.5996512847248243,0.0948125870917323,1,interior
0.5954370928338288,0.09137332154570792,1,interior
0.5991157387983245,0.09784680001394572,1,interior
0.5987123045249568,0.09205986771429754,1,interior
0.29080882796289104,0.13617404449699275,1,interior
0.6883710331872551,0.10577706600677322,1,interior
0.4075931616613895,0.09667100193613164,1,interior
0.40785358130345406,0.09970983317493655,1,interior
0.43457028928426844,0.116193627431882,1,interior
0.6212297820797802,0.10935866905619575,1,interior
0.6237561454353823,0.11154203629091701,1,interior
0.6085946036645616,0.10919881110357976,1,interior
0.6062798845795634,0.11204021242796257,1,interior
0.6118757114933732,0.10940074079757395,1,interior
0.6082579901790381,0.11489918194413187,1,interior
0.4350320811520329,0.09833543806922945,1,interior
0.48946777542855946,0.10509144960430834,1,interior
0.4871494740455482,0.11237702649163643,1,interior
0.4865586706898705,0.10632662786147278,1,interior
0.487412827009042,0.10932339690206241,1,interior
0.4844951814810363,0.11374778928013653,1,interior
0.4841004231642849,0.10974494022439388,1,interior
0.8905212670199472,0.14724390955836011,1,interior
0.8932448935036303,0.14884159329262797,1,interior
0.6846975676433207,0.10444369714930504,1,interior
0.6857134758666912,0.10805588226838038,1,interior
0.7279843482636549,0.11106918706072404,1,interior
0.7246239123376057,0.11095846482908522,1,interior
0.47957577516880795,0.11368334885567165,1,interior
0.7021966911748155,0.10254756513561872,1,interior
0.700463304756866,0.10027363682748491,1,interior
0.7024063858143427,0.10571680057571467,1,interior
0.8076319900095463,0.10970334459614266,1,interior
0.815062472282549,0.1078486562073298,1,interior
0.8076819496062088,0.11227296461031097,1,interior
0.8094974873872056,0.10846138313236835,1,interior
0.9115690635911581,0.15351897039092147,1,interior
0.9080463395576518,0.15192416074917606,1,interior
0.9084702662725218,0.15767938732432943,1,interior
0.9058619753357898,0.1554402262169487,1,interior
0.5616155937966382,0.10867871299459841,1,interior
0.5640239604759006,0.1073950212009267,1,interior
0.30344759305801744,0.13203866875113554,1,interior
0.225272450549222,0.14299564710110954,1,interior
0.22221238270718055,0.14460016158927325,1,interior
0.22761820929517082,0.1478719741213567,1,interior
0.540925428724943,0.09869959498143976,1,interior
0.5445080369120137,0.09830742687501261,1,interior
0.5382060762185529,0.1008398604001468,1,interior
0.5449602952490971,0.10204775940497299,1,interior
0.6025828470936433,0.12820218785871487,1,interior
0.3363308204940889,0.12696260915314916,1,interior
0.3306376462576207,0.12911519291247858,1,interior
0.33220281657229683,0.1257976152351424,1,interior
0.43947796512427323,0.12256131240091038,1,interior
0.3842911670216406,0.11687368524020277,1,interior
0.6595685270054512,0.09193980447349197,1,interior
0.6549442873378165,0.08913937321733421,1,interior
0.49041976022814826,0.11464190848044571,1,interior
0.5051639834109309,0.10086787769031899,1,interior
0.33986320344578635,0.12500107983413908,1,interior
0.34362459108168525,0.12448637442907051,1,interior
0.7629243835683381,0.09656288245840286,1,interior
0.7606152818985537,0.09896794396791572,1,interior
0.8927102169437138,0.14325354188476566,1,interior
0.8887628198283397,0.14464769086342733,1,interior
0.8957346367476415,0.14741983118787524,1,interior
0.8941946777547596,0.15079537639591573,1,interior
0.7357401345101646,0.10916916933034017,1,interior
0.6540239970344771,0.10931876688156568,1,interior
0.9112964019435142,0.15648134044276188,1,interior
0.9174083050631893,0.15558015885632845,1,interior
0.5347453450459866,0.10555912015229159,1,interior
0.5323602852352997,0.11416614827114815,1,interior
0.5326989246301069,0.10822528027890871,1,interior
0.5307486754733106,0.11124832612156459,1,interior
0.3470135263214673,0.12359227525997335,1,interior
0.8998612738892336,0.1544113682545169,1,interior
0.9026518740701199,0.15584860632813186,1,interior
0.5929012833979952,0.09520943080872858,1,interior
0.7777345829166,0.09881791229298757,1,interior
0.5555482937695125,0.10753543914203811,1,interior
0.9049481673118935,0.1521548962909435,1,interior
0.31633467904319873,0.14277075392681307,1,interior
0.6713138928039991,0.10116348407092939,1,interior
0.6725662663606368,0.09796431181552227,1,interior
0.6721597405987775,0.09438951923279222,1,interior
0.6752694468729206,0.09640163349177823,1,interior
0.764754229636763,0.0935308711253751,1,interior
0.758991405824753,0.09636674293552643,1,interior
0.7620230506832456,0.09322129573758212,1,interior
0.854388588233571,0.12728776521771226,1,interior
0.851847478824476,0.12489276352777216,1,interior
0.7765125353068268,0.09557597165156351,1,interior
0.7801254816214577,0.09602751983803108,1,interior
0.6670468396821461,0.11153913424624495,1,interior
0.6696311420362356,0.10676648190820374,1,interior
0.36925616890372226,0.12506805897616652,1,interior
0.36643621751536787,0.12487759236528839,1,interior
0.38180561785040146,0.12974675656899493,1,interior
0.21620284643395862,0.14546308592034132,1,interior
0.2142688779517861,0.14800597062592002,1,interior
0.21887568742435226,0.1444836012014638,1,interior
0.7052725522143156,0.10115437861450205,1,interior
0.6999410364034933,0.0974011032114849,1,interior
0.6958089372275271,0.10042445839440994,1,interior
0.7033149974951255,0.09624951659438082,1,interior
0.8993423782168156,0.15174612769396537,1,interior
0.54430912351177,0.0942587172149021,1,interior
0.5486822246073396,0.0976126810417714,1,interior
0.5408463739416528,0.09517371200691516,1,interior
0.687801986820542,0.10229430229719944,1,interior
0.6888002477672811,0.10850697002497545,1,interior
0.8964161828683157,0.15052456808322387,1,interior
0.6754506364147941,0.10023764411469623,1,interior
0.6824238958655212,0.10168312132738974,1,interior
0.6778738437382713,0.09835695491768529,1,interior
0.6192031466361081,0.10603516323033244,1,interior
0.6165277722932013,0.10707452271484597,1,interior
0.6149092120209091,0.10922110929881543,1,interior
0.5897811202765869,0.11168349729613479,1,interior
0.3980031736686366,0.10722184974805449,1,interior
0.3936984359043922,0.10750706263406086,1,interior
0.4746453163354144,0.11185820984333873,1,interior
0.4772154422974279,0.10854987735567866,1,interior
0.4803828757387052,0.11035196604045716,1,interior
0.6812286560620039,0.09852694097143709,1,interior
0.6847384679812806,0.10043054706959587,1,interior
0.6840169558722813,0.09738196737818781,1,interior
0.4687844809308559,0.11672838040732321,1,interior
0.47195047324492656,0.114819706129994,1,interior
0.38402246172143945,0.10884408869994512,1,interior
0.38221317731590315,0.11130294725334508,1,interior
0.37977432716568355,0.11347690534700876,1,interior
0.40517749201911524,0.10174633391699457,1,interior
0.3951531711989142,0.10377403120036371,1,interior
0.3915739302943109,0.10408389409638229,1,interior
0.3898270990182495,0.10690092428133785,1,interior
0.39327516978478744,0.11102777494052343,1,interior
0.5325327063784856,0.14168342436551049,1,interior
0.35431425206397593,0.14368824367761307,1,interior
0.5332630033775904,0.12076450086738919,1,interior
0.44333259663067515,0.12121880029751121,1,interior
0.43745753877767324,0.11873909149210393,1,interior
0.44100711954247707,0.11910842763085228,1,interior
0.44291079304604414,0.12469407824153161,1,interior
0.29342069689627737,0.13802673983336758,1,interior
0.2436376622749321,0.13320001548618812,1,interior
0.2457287598564201,0.13107106131692595,1,interior
0.4501062921263261,0.11926618078581787,1,interior
0.9021663862343664,0.15027777792812796,1,interior
0.9025719556026788,0.15331268526803643,1,interior
0.6591408601134293,0.10659525569848553,1,interior
0.2403959447276672,0.13312231865694932,1,interior
0.24215707457235755,0.12950396195575367,1,interior
0.8869492250119183,0.14105026668544365,1,interior
0.8823034649864763,0.14423855916940725,1,interior
0.8837256421046908,0.1393756522992,1,interior
0.8794146910782773,0.14334165311632027,1,interior
0.8848056379157075,0.14283600018913803,1,interior
0.7943488531888847,0.10961210669671362,1,interior
0.6024514001102567,0.09604991885140174,1,interior
0.6033873545650907,0.09918846791109824,1,interior
0.6000643910944461,0.10057454947508437,1,interior
0.3764574058588632,0.11597218867717993,1,interior
0.3796199225061486,0.11722671973516337,1,interior
0.3769360832991959,0.11162592739987164,1,interior
0.3800428503003811,0.10862121676273512,1,interior
0.4212301847294423,0.08822306408199264,1,interior
0.4215901966232787,0.09230288028894462,1,interior
0.4177396323095179,0.0871918944775326,1,interior
0.2451479765338597,0.12787208299628744,1,interior
0.38098780488929435,0.12215207031044795,1,interior
0.6240782269065528,0.0922648950850204,1,interior
0.6210172805784916,0.09963146372376332,1,interior
0.6242978721779383,0.09835816765993112,1,interior
0.621251823448807,0.09369929011286326,1,interior
0.5828232196136174,0.10090621743787435,1,interior
0.5817706387672577,0.1035199577139686,1,interior
0.2902233667056197,0.13969603019854962,1,interior
0.28641858250726643,0.13569862068956223,1,interior
0.869876996543963,0.13786109595499307,1,interior
0.8671578637789112,0.1362410695923252,1,interior
0.5793031210101499,0.10529534616395536,1,interior
0.576489730623678,0.10738503104208898,1,interior
0.5767043841017699,0.10415751892195539,1,interior
0.5982185565961856,0.10832483272817851,1,interior
0.6036918694501193,0.10929568460399115,1,interior
0.6008850788023019,0.10976582406634545,1,interior
0.6036966938333015,0.10457431500073801,1,interior
0.2117153240886406,0.14615943333170658,1,interior
0.2137113924417987,0.1441355131110658,1,interior
0.21088491892096628,0.1490949495791746,1,interior
0.215412945021703,0.15753021517063748,1,interior
0.21295527098098896,0.15987700970702592,1,interior
0.21407778020102572,0.16298148231708304,1,interior
0.8357113461353242,0.11643174005341154,1,interior
0.27454420812729585,0.11427690100360903,1,interior
0.27797625750635685,0.11529694228392162,1,interior
0.27520302764702,0.11127225459451236,1,interior
0.37528983176046266,0.12551946832103691,1,interior
0.5699137101744757,0.10636496883685985,1,interior
0.38154860542205854,0.10423244987401309,1,interior
0.37832616518679263,0.10497785109845915,1,interior
0.37615031428326473,0.10795616912523247,1,interior
0.6643657279642431,0.10765138413430062,1,interior
0.25379413173138643,0.12201944423790385,1,interior
0.2557826093571271,0.12829848406552727,1,interior
0.2562788032847261,0.12458060444016276,1,interior
0.7599920039027961,0.09066237567833502,1,interior
0.7570731919163916,0.09300481409647314,1,interior
0.7657352708102998,0.09048123262352502,1,interior
0.23971661197830738,0.12621243901127566,1,interior
0.23818375689057258,0.12978374754616054,1,interior
0.7537596849930721,0.1008697806478457,1,interior
0.7504646988754695,0.10251495855837293,1,interior
0.5565967226847216,0.0979116643746719,1,interior
0.5517818976709982,0.09631730316052078,1,interior
0.557626281295322,0.10076307958401838,1,interior
0.287048681667121,0.118272518693644,1,interior
0.28367111913145193,0.11638231967012484,1,interior
0.2858486562552109,0.12232181148481958,1,interior
0.2888364809838566,0.12069192525477943,1,interior
0.9299182231721579,0.15927723748432318,1,interior
0.9318236574576946,0.1608484561949118,1,interior
0.9262932025763592,0.15697273321138022,1,interior
0.7732099958706166,0.09467899313086324,1,interior
0.7698008198403178,0.09569818135730866,1,interior
0.8047086037069592,0.11069201352746479,1,interior
0.8055613403590565,0.10637152456294198,1,interior
0.6669906492774071,0.08862927247125857,1,interior
0.6678910181155652,0.09128884315888415,1,interior
0.664021807136496,0.08876857405770279,1,interior
0.7316129674737702,0.11027528676046033,1,interior
0.5193044834600806,0.1007590220591752,1,interior
0.5214929137086112,0.10548641773559471,1,interior
0.516376964138056,0.10155919389348016,1,interior
0.6701742046142781,0.08873116727893254,1,interior
0.6738257251753887,0.0901363907944783,1,interior
0.6760579907207495,0.09297578989577891,1,interior
0.5853609746155826,0.0984855073397574,1,interior
0.6392539547956859,0.08188532377537276,1,interior
0.6436677938200018,0.08449050092316537,1,interior
0.38629779839520434,0.10630061910031631,1,interior
0.38319097982470973,0.10609013107234547,1,interior
0.4645532562437578,0.12095569294082431,1,interior
0.4658147509738772,0.1178421628009169,1,interior
0.6216724854811616,0.10321355680736675,1,interior
0.6183340249313153,0.10213762073255328,1,interior
0.6153284635143317,0.10374260387016465,1,interior
0.6252574024467494,0.08961568188368947,1,interior
0.6280649490469994,0.08770605392229104,1,interior
0.6357405423127814,0.08224080530940753,1,interior
0.6376246197338746,0.08469953342676727,1,interior
0.6326588149394521,0.08290728442272248,1,interior
0.2943025812891397,0.12305693387503026,1,interior
0.2890246972109028,0.12384610828380781,1,interior
0.5121328176873221,0.10899695387050937,1,interior
0.22994055464843197,0.14490386282432735,1,interior
0.23302351775548416,0.14583316503488156,1,interior
0.8015424443033199,0.11147478972896933,1,interior
0.7984021662657436,0.11089962553952565,1,interior
0.571504396205526,0.10356244530629943,1,interior
0.4871698560384255,0.11568178768814301,1,interior
0.5609676651307555,0.12443084099372982,1,interior
0.5117367485362512,0.09845721892591712,1,interior
0.5145649219072455,0.09942239630857756,1,interior
0.5086700121810448,0.10046741158681523,1,interior
0.744404720728363,0.1038066343242297,1,interior
0.7396072542291665,0.10763174186956265,1,interior
0.7453907752037569,0.10706494775264976,1,interior
0.7424338257882448,0.10618850586919237,1,interior
0.6300170561793418,0.083173633991297,1,interior
0.6337263986168563,0.07973785296948413,1,interior
0.630737740609999,0.08019675100620162,1,interior
0.3286062330089453,0.13719250137379355,1,interior
0.32837737927392324,0.1340834668648858,1,interior
0.558711237238253,0.10770567531843238,1,interior
0.5570904209830373,0.11037137366708451,1,interior
0.23603448557896872,0.1435010473012266,1,interior
0.23624539014968962,0.14712322292052404,1,interior
0.27151493953205824,0.11456722876768075,1,interior
0.2716569243875733,0.11118837333627454,1,interior
0.2745355748054758,0.1085874515829795,1,interior
0.27774711216718023,0.1091978397225396,1,interior
0.27794107105170124,0.11243538370828043,1,interior
0.8480738969543593,0.1209640508503909,1,interior
0.6564175220048692,0.08616943123729383,1,interior
0.6580531954615815,0.08894110390563059,1,interior
0.7431323358630628,0.10112448341318805,1,interior
0.7376098602262571,0.10572223894358206,1,interior
0.7857052633646425,0.10391969385202869,1,interior
0.6839317255030691,0.11080570759544887,1,interior
0.2591988531476807,0.12377389340249496,1,interior
0.5268249471782146,0.10788021405151327,1,interior
0.5244093676696793,0.10958500237259172,1,interior
0.28897685200331463,0.11512771520413083,1,interior
0.2909304486249556,0.1179514612288242,1,interior
0.461918644746903,0.11800230788218716,1,interior
0.5018422296069158,0.10083596100846368,1,interior
0.8859979961791778,0.1373603122578221,1,interior
0.88929272489297,0.13894895202893545,1,interior
0.8707278615246832,0.13457784018939214,1,interior
0.8734256242571546,0.13773555097913168,1,interior
0.3781937886480359,0.11986198328836219,1,interior
0.3615942693261677,0.1287231148350328,1,interior
0.3616159577147881,0.12584309337959146,1,interior
0.6796659693943817,0.09251293077621224,1,interior
0.6785714064954275,0.095636460357321,1,interior
0.5296492816256455,0.1081648477965224,1,interior
0.6022518600099022,0.11284269211633997,1,interior
0.509001981490596,0.09705126326966838,1,interior
0.5052373744341907,0.09743026160113322,1,interior
0.5368739162698153,0.10357430616861954,1,interior
0.5316444943613939,0.10519794598561694,1,interior
0.5342314383765541,0.10223279177248297,1,interior
0.3763774641556462,0.10163089054785839,1,interior
0.3798429336458548,0.10154840773007427,1,interior
0.37540144469975856,0.10486278214077013,1,interior
0.3818062833755329,0.11630926326318014,1,interior
0.2687720076903897,0.11344007516013717,1,interior
0.2661927497630612,0.11587568659788869,1,interior
0.8127229152509331,0.10658815423646179,1,interior
0.8093059093755685,0.10540590126162855,1,interior
0.42530527079088765,0.12849148658532789,1,interior
0.34809232893996955,0.12062986944385168,1,interior
0.3446923239089608,0.12125920260892371,1,interior
0.3504216991562202,0.12326007967800974,1,interior
0.3452600032206768,0.11786860193876825,1,interior
0.581777428432576,0.09802640412373503,1,interior
0.9149128675111885,0.1536465601980951,1,interior
0.5985996367231149,0.11158226900270414,1,interior
0.5699301157387839,0.11860377951542415,1,interior
0.29961369503569063,0.13084194194947327,1,interior
0.7807703524039044,0.09234974582852201,1,interior
0.7828498699453141,0.09439557171425401,1,interior
0.7836791709463676,0.09717887678012814,1,interior
0.7782925280284342,0.0932563360609076,1,interior
0.34439325791903663,0.1630385564994018,1,interior
0.3704936091376206,0.12195163009012917,1,interior
0.37320968057957743,0.12279386053986627,1,interior
0.28108336231050063,0.11375798496762535,1,interior
0.246923808845583,0.12498220900705423,1,interior
0.6133871105598189,0.10659720409788205,1,interior
0.6449524625355099,0.0818883846899003,1,interior
0.6482287954493541,0.08204743697152936,1,interior
0.6517381323201226,0.08242941784566761,1,interior
0.8920057117173188,0.14041719438983838,1,interior
0.8967013278346051,0.14418068552973756,1,interior
0.8949706810428744,0.14060019701755616,1,interior
0.33879591807092496,0.12142760842774229,1,interior
0.3359609347314827,0.12359305973787015,1,interior
0.3397135414199369,0.12806596124642006,1,interior
0.5742720162509182,0.10192198194173975,1,interior
0.5687409442924729,0.10195958417075789,1,interior
0.5717506215231264,0.10083638063418825,1,interior
0.7052748381822488,0.10439307125169311,1,interior
0.5247134585914512,0.10552612862887731,1,interior
0.5224968931941668,0.10197317681108813,1,interior
0.37347857919948557,0.10298213924661467,1,interior
0.3725892998087215,0.10643839479069306,1,interior
0.5079871959366568,0.0943253936217202,1,interior
0.502758499187318,0.09523848028014507,1,interior
0.5047644355211346,0.09300496718175803,1,interior
0.5012272553041847,0.09757281452310544,1,interior
0.5608042228999103,0.10549524751955562,1,interior
0.3356488759462228,0.11999379388673932,1,interior
0.3330854042867393,0.12165244012715842,1,interior
0.2377267712282098,0.14130989066746602,1,interior
0.23251174831599294,0.1420135818162529,1,interior
0.24005885014225298,0.1434228490849083,1,interior
0.23567819892158284,0.13940598371217083,1,interior
0.5601196256079054,0.10218525112018788,1,interior
0.559912784969533,0.0982318369008165,1,interior
0.32632517450617377,0.13935941370067062,1,interior
0.32659775358625776,0.14263092854895096,1,interior
0.9537580564645093,0.1620407539695791,1,interior
0.9515991899306142,0.16153805819038444,1,interior
0.7542547033398271,0.09078975226194382,1,interior
0.7538182182129808,0.09423386468444668,1,interior
0.7569460671273545,0.08908075122530712,1,interior
0.5633913064323542,0.10362029487155805,1,interior
0.3228513276162313,0.1527776270433689,1,interior
0.3737932950040688,0.11932497711839231,1,interior
0.3698768377860469,0.11837001126173326,1,interior
0.36695733293922567,0.12124410675602319,1,interior
0.5960652024305225,0.11312198538240725,1,interior
0.5924061993347207,0.11013996437051574,1,interior
0.5537756380944746,0.0980400117082069,1,interior
0.5580145193665259,0.09476887519415234,1,interior
0.5612838374569971,0.09471453379617019,1,interior
0.5624617172251904,0.1004068214076989,1,interior
0.6458954241904112,0.07858911017540703,1,interior
0.6419641318099836,0.0828189601796464,1,interior
0.24307762846411418,0.12551049550805937,1,interior
0.89890807922077,0.14812856102267163,1,interior
0.8999566692969306,0.14543500158836137,1,interior
0.5173510002569365,0.09786022333465023,1,interior
0.520895007663288,0.09810221235155593,1,interior
0.4664455851339897,0.11424123142293585,1,interior
0.4692597195485971,0.11357157297755874,1,interior
0.3211908026488379,0.13820366161362707,1,interior
0.31865526730445165,0.14005637137752167,1,interior
0.32377034543475824,0.13794157856503772,1,interior
0.32234244975015186,0.1349798826398001,1,interior
0.5355459034316744,0.11586703166912538,1,interior
0.8982971199021325,0.1404988576899107,1,interior
0.6925975687531132,0.09612173835980907,1,interior
0.6903807080240397,0.0981800327656942,1,interior
0.6959557155131793,0.0972677974930954,1,interior
0.6496615259590471,0.08594004887749873,1,interior
0.5867131658390251,0.09414686754641877,1,interior
0.5898200039042045,0.09408247389308179,1,interior
0.35858467045512304,0.12685033628625234,1,interior
0.3635057697195846,0.12325926471745756,1,interior
0.3585032046069386,0.13002271115107153,1,interior
0.4143451084927725,0.08545977414444149,1,interior
0.41194902291880153,0.08743809028532554,1,interior
0.41101772199743936,0.09015609825507966,1,interior
0.3716741546797562,0.1255366553272986,1,interior
0.3758063730604852,0.1220689698590987,1,interior
0.8760871598695239,0.13227769837838388,1,interior
0.8753503715502975,0.13560711077048349,1,interior
0.8743404029955855,0.14079590146590013,1,interior
0.8774485497086916,0.1396370943956181,1,interior
0.4425961879131295,0.11293227743828879,1,interior
0.4430158376306073,0.10930394689643318,1,interior
0.44084391476393847,0.10647331633283787,1,interior
0.44522195964904815,0.1110910601952225,1,interior
0.44384831523476703,0.10681924712351529,1,interior
0.6187458047837774,0.0914263596368526,1,interior
0.621770387334096,0.09030322955337004,1,interior
0.6222141851627967,0.08727796484613302,1,interior
0.21386497661667048,0.154214506101763,1,interior
0.21888053805823499,0.15712390373217353,1,interior
0.22872763590781195,0.14096767230662502,1,interior
0.22715740561292747,0.14463154541799075,1,interior
0.3609661716039082,0.11985061255501053,1,interior
0.35971860649580245,0.12344586586270445,1,interior
0.25767199461428175,0.12071833667609679,1,interior
0.697270025822132,0.09165917180817039,1,interior
0.7001101969951207,0.09186175657019989,1,interior
0.6015671496674533,0.10642166828459602,1,interior
0.38302974855906585,0.10048640494149173,1,interior
0.8168326866469056,0.10551839098323947,1,interior
0.8148515917096573,0.10297962007960536,1,interior
0.8111862610196118,0.10240698242033687,1,interior
0.2841462264815041,0.11218207263579773,1,interior
0.2862023277901374,0.11493062006521337,1,interior
0.5789565343966604,0.09781621710401654,1,interior
0.5800783286797201,0.09458578885735269,1,interior
0.5794152389662226,0.10142484478153477,1,interior
0.5833050562617487,0.09469710645494926,1,interior
0.3852910719848623,0.10283256777641193,1,interior
0.5635945095060001,0.09752262882602046,1,interior
0.567245362786621,0.09776674303776936,1,interior
0.6118222742372037,0.10117931247810386,1,interior
0.6150633172553835,0.10008354250195028,1,interior
0.617823920033714,0.09898947182059023,1,interior
0.5142671104613368,0.09677418903270232,1,interior
0.5171259927936465,0.09212412170118674,1,interior
0.5190866795325767,0.094717987214752,1,interior
0.5156153325377356,0.09459913615855693,1,interior
0.7572526179953458,0.09945722022499126,1,interior
0.37352026588542264,0.11014336945127083,1,interior
0.4988572226414528,0.09947564991451209,1,interior
0.6722182778917709,0.10489336581974627,1,interior
0.3549713059889504,0.12837886699885845,1,interior
0.593551399241785,0.08878113872449234,1,interior
0.5919353258542265,0.09156483725915686,1,interior
0.7321294311777446,0.10704258724049848,1,interior
0.7348096657017106,0.10511311101444525,1,interior
0.8320599374610189,0.11281161543965781,1,interior
0.8324477723202145,0.1147873542837693,1,interior
0.708345629332336,0.1018283473900878,1,interior
0.7666510029836826,0.09639503333885056,1,interior
0.9292789215111301,0.1557975405564805,1,interior
0.9253038969797946,0.15445183058087086,1,interior
0.5189372723979631,0.10414715435721807,1,interior
0.2608679335979132,0.11830639527955111,1,interior
0.7886638005885771,0.10123569687763248,1,interior
0.7903840030509067,0.09780170807743956,1,interior
0.4923954741548404,0.10007302742880933,1,interior
0.5549590512622682,0.09513355103467534,1,interior
0.5529546080519143,0.09324622949597114,1,interior
0.5499396085379427,0.09368883012326822,1,interior
0.9534623960788149,0.1589441760649967,1,interior
0.9556899156047436,0.15763044166100681,1,interior
0.2422314848594371,0.1466641485348372,1,interior
0.6657974531420192,0.08597828974315759,1,interior
0.662804012780096,0.08566687858988387,1,interior
0.44585260375098257,0.1052806411786709,1,interior
0.446645050058004,0.10840656501467336,1,interior
0.4406257556879657,0.10378930796606979,1,interior
0.34171567603847935,0.1192618065318569,1,interior
0.29059580937714846,0.11208219602637871,1,interior
0.2940152603162707,0.11578919953943745,1,interior
0.29164542996309084,0.1147113501087939,1,interior
0.2874769263968422,0.11205202280501331,1,interior
0.8138516619854474,0.1000124072770729,1,interior
0.8166486995165455,0.09949034764502497,1,interior
0.8182262450667253,0.10230731910425012,1,interior
0.2915425488912841,0.12167572097093042,1,interior
0.8187376239290268,0.09627940123114866,1,interior
0.814835902768202,0.09629547280659996,1,interior
0.8196940839288871,0.09931765446744145,1,interior
0.8216581953454768,0.10147873074396402,1,interior
0.8116574600188465,0.09850857624677069,1,interior
0.8013233228000127,0.10794931682908837,1,interior
0.3475547692198593,0.11502630818488417,1,interior
0.34402441885740254,0.1147652853305979,1,interior
0.349691078682137,0.11785008550157851,1,interior
0.24338309208198428,0.14329212051387816,1,interior
0.24190525019261433,0.14049099533931034,1,interior
0.4954183334209351,0.09918070156581961,1,interior
0.49779026563043455,0.0965698338957981,1,interior
0.5378828183604938,0.09725426177182374,1,interior
0.5387329528617428,0.09174587711449926,1,interior
0.5420925135531459,0.09178985920648199,1,interior
0.5367208610133795,0.09417565563238568,1,interior
0.5469604095064071,0.09543957847607124,1,interior
0.7406146207829105,0.10379425047250715,1,interior
0.23887312597921287,0.1457364956600832,1,interior
0.2579247450326662,0.11667231445832404,1,interior
0.6976090082533641,0.1096431024244349,1,interior
0.4582476819183361,0.11586398481843962,1,interior
0.4638106942933381,0.11524884590440598,1,interior
0.46119352978278644,0.11442224933342726,1,interior
0.8929475167595001,0.14577556516454457,1,interior
0.6020205439974123,0.10264172322180916,1,interior
0.6081374972484248,0.09926637951435309,1,interior
0.6045644441344988,0.09370408740166761,1,interior
0.6054207734830973,0.10223269638316297,1,interior
0.6060810223370328,0.09635391522445184,1,interior
0.5019128009170053,0.09253071975428843,1,interior
0.5073742061104098,0.09146047418862457,1,interior
0.5026716566385013,0.08937540581600449,1,interior
0.5054449798139828,0.08977035885980784,1,interior
0.21489016519839652,0.16549383550562166,1,interior
0.642376631880122,0.07980401468270877,1,interior
0.6483855723881916,0.07622026310076935,1,interior
0.6422002738601752,0.07636732933980564,1,interior
0.6457025840668152,0.07497106170534536,1,interior
0.8898688151094156,0.14197171975586853,1,interior
0.5242315462503148,0.098339635186465,1,interior
0.5265749721739263,0.1015445135168779,1,interior
0.4637816916186172,0.11173296278696451,1,interior
0.48344767582032266,0.10623140589766203,1,interior
0.4842162280459184,0.10325877641162991,1,interior
0.4874702259356547,0.10278709309889493,1,interior
0.6689694891631748,0.08478445873848511,1,interior
0.6728272490976602,0.08638820231690046,1,interior
0.43781165689465285,0.1001314702866853,1,interior
0.2393653567837741,0.1387165165664402,1,interior
0.3665966444013959,0.1175873044449832,1,interior
0.3643276407522679,0.1201058467612626,1,interior
0.612184484952835,0.09751875185447485,1,interior
0.6156646597620303,0.09630546361107344,1,interior
0.33267914906144463,0.1178963771695238,1,interior
0.3305467968714,0.12263644150993111,1,interior
0.3303196730997802,0.11934979729752604,1,interior
0.32786892059692113,0.12100936715491106,1,interior
0.864014154260448,0.13460728326132237,1,interior
0.8671998909830749,0.133729190511799,1,interior
0.2111839382153299,0.16213392690182626,1,interior
0.35787016092349827,0.11722572460046828,1,interior
0.3572138397370321,0.1209566659590366,1,interior
0.3611521374072602,0.11565934643462077,1,interior
0.32008943981401006,0.1437096792003365,1,interior
0.35386129707773034,0.12229961005367375,1,interior
0.353978632512832,0.11833422555721322,1,interior
0.35618945922156087,0.12466133760960257,1,interior
0.24098984997195058,0.12216180345043433,1,interior
0.5702079258080544,0.09887181286610554,1,interior
0.5655322194862038,0.10095465853739394,1,interior
0.33676584915640606,0.11505169546364942,1,interior
0.3325368195505628,0.11403831313707254,1,interior
0.32731335578027326,0.11763569227366215,1,interior
0.2112572575410006,0.15675618869643992,1,interior
0.20998784803673481,0.15944879435394171,1,interior
0.7903256567490525,0.10825818737716408,1,interior
0.7163709565999605,0.10336014528440039,1,interior
0.7191866769913434,0.10604283467918384,1,interior
0.7133688142667944,0.105266488982849,1,interior
0.5222207229281483,0.09494904909307851,1,interior
0.6457705486761016,0.071422434433259,1,interior
0.6486207665177502,0.07293996975225703,1,interior
0.6427406396505392,0.07099214220257338,1,interior
0.8964736598070409,0.13756574353745354,1,interior
0.8925843597962798,0.13760513668895188,1,interior
0.6873214153686059,0.09791147460877007,1,interior
0.2157105127848799,0.1605792104493887,1,interior
0.314593154191006,0.1268097961836885,1,interior
0.3178510075072611,0.12686978258754134,1,interior
0.32127569540663536,0.1277489207098035,1,interior
0.3417254310539608,0.1223091973013422,1,interior
0.338283692695043,0.11805822143131454,1,interior
0.3409289039982663,0.11587282059146023,1,interior
0.23421095679484005,0.1306504221618952,1,interior
0.23662131074645132,0.1332014875191462,1,interior
0.3351207062986834,0.11687144228862519,1,interior
0.338618717316267,0.11315968960972331,1,interior
0.3355050782634996,0.11216947356161529,1,interior
0.2161322058508244,0.14211324118236926,1,interior
0.2704640773227528,0.12470495976048679,1,interior
0.6238121897124067,0.10114335560135519,1,interior
0.6764931663289833,0.08671566552657513,1,interior
0.6722114199394912,0.08325933037966216,1,interior
0.6753938224572651,0.08355227073178072,1,interior
0.9181944935241267,0.15305835831931938,1,interior
0.9210679572329241,0.1548112907873893,1,interior
0.5908493917529593,0.08793006495094237,1,interior
0.5889121010992797,0.09087838518201728,1,interior
0.3526426539724084,0.12571114256908048,1,interior
0.5542057487410057,0.08813846993491514,1,interior
0.5494885203003907,0.09022741750962886,1,interior
0.43198913357008584,0.12228222376835558,1,interior
0.2634259581618621,0.11324806645047909,1,interior
0.26605989141206565,0.11271132864314248,1,interior
0.6705494842582305,0.09193296198873627,1,interior
0.8581396586730544,0.13222782557175813,1,interior
0.8606934639013814,0.1332051817355618,1,interior
0.7892637430041906,0.1048959474529307,1,interior
0.7922333062737684,0.10309337600627656,1,interior
0.4030403873052866,0.09353685583875528,1,interior
0.4064655761541493,0.09350201894975539,1,interior
0.34890420252895127,0.11182077913696371,1,interior
0.3453736325951524,0.11207828983002655,1,interior
0.3513678791424508,0.11499303056752119,1,interior
0.32539348741239454,0.122517345357396,1,interior
0.3281394494755811,0.12444323894748455,1,interior
0.4964998031190842,0.09282829087563382,1,interior
0.49954079534237716,0.09082094060098095,1,interior
0.9515678166310169,0.1564485312079917,1,interior
0.9542921078504057,0.15518682509656792,1,interior
0.9488590349182816,0.16091589725496372,1,interior
0.3025518642423677,0.12889425850380404,1,interior
0.5961111634307744,0.08716385187207697,1,interior
0.5934002838209361,0.08531007488410347,1,interior
0.5987110358537776,0.08875179686443795,1,interior
0.2964162481043449,0.11902492123568463,1,interior
0.44583516122310035,0.11422179069506187,1,interior
0.2693150428187677,0.11626093441624974,1,interior
0.26076513040579336,0.11454041485756984,1,interior
0.445562361367607,0.10230232514256092,1,interior
0.44134149257835265,0.1013330780260865,1,interior
0.4404435354898527,0.09839895012759323,1,interior
0.652864120044955,0.07866564707063077,1,interior
0.3867885378262218,0.09876374837981672,1,interior
0.38402700299195747,0.09736150721465511,1,interior
0.38060029694273095,0.09737236748105552,1,interior
0.8225725196911851,0.10825868390970428,1,interior
0.5449302576924315,0.09111329850500968,1,interior
0.5471972498857856,0.09226105189841328,1,interior
0.6551585792135978,0.08108712667614826,1,interior
0.6547093011605631,0.08379078405064536,1,interior
0.9208424245697499,0.15077374989517492,1,interior
0.923292421587661,0.15197316566651167,1,interior
0.8807336909400302,0.1385103236956291,1,interior
0.8823247563019058,0.1352150297008725,1,interior
0.3584353580137483,0.11327796936063324,1,interior
0.35499872161845164,0.11449572853774016,1,interior
0.8073263400446171,0.10293781226207092,1,interior
0.8035841955179458,0.10190886418446465,1,interior
0.8019039270071214,0.10450139807189587,1,interior
0.49709293366792856,0.08893484685625085,1,interior
0.4937474347097942,0.08977251754681989,1,interior
0.494803183893461,0.09587774996031835,1,interior
0.49280499169654374,0.09341695048356098,1,interior
0.7024267641986491,0.08888319900121436,1,interior
0.7028587515920256,0.09285676244095188,1,interior
0.6989113082279428,0.08827314350599794,1,interior
0.7047946955937456,0.09106057241742715,1,interior
0.6980365326923814,0.09470720102834623,1,interior
0.5764947380424099,0.09541883430002639,1,interior
0.5735071900793375,0.09813603472669076,1,interior
0.2084311508423194,0.15530758617990895,1,interior
0.7225297933714925,0.10777668063227674,1,interior
0.8519050440634883,0.12159289856816381,1,interior
0.8626479787741691,0.13098009224252963,1,interior
0.5304487341835854,0.10224844181983811,1,interior
0.9484504059387867,0.1569194142731883,1,interior
0.9508411945134172,0.15327177903051956,1,interior
0.9506874007610969,0.15897009085859792,1,interior
0.23280454881459467,0.13438732411218057,1,interior
0.23520414829960848,0.13626517496620233,1,interior
0.21051401353660962,0.1528430609922336,1,interior
0.2130944352990974,0.15113423433671963,1,interior
0.9431807407319334,0.16128075434881847,1,interior
0.9459265284276231,0.15987742216706222,1,interior
0.9428712377414241,0.1587868365010026,1,interior
0.9400629865764295,0.16095988410477863,1,interior
0.9400727232587103,0.15817049183640589,1,interior
0.26772493031881656,0.11047993289463971,1,interior
0.2718312229687882,0.10798358928477955,1,interior
0.8596943940520851,0.12947495450651628,1,interior
0.8567723781624418,0.1296634843915991,1,interior
0.8430768224497264,0.11307478511017731,1,interior
0.8465996368214843,0.11345988038404377,1,interior
0.8478995877693869,0.1169640895193994,1,interior
0.6773163467945017,0.08037031019593684,1,interior
0.6788999378089322,0.08342784613571892,1,interior
0.7065018591285579,0.09792632226878492,1,interior
0.7099696603592958,0.09820221752704977,1,interior
0.5403328847507414,0.08925653573190097,1,interior
0.5436366437846217,0.0886315262092968,1,interior
0.7261883928526812,0.10790185901624656,1,interior
0.20491663587388811,0.15959213295469166,1,interior
0.20539928400385848,0.16187120395120724,1,interior
0.2803775157960339,0.10682647463433091,1,interior
0.2832127011028728,0.10883948843050564,1,interior
0.2767445753484035,0.10604397518724541,1,interior
0.30489144396766527,0.12688056431908068,1,interior
0.3014969438192869,0.12544529284227254,1,interior
0.2995142556274373,0.12755607334414204,1,interior
0.28640575220606357,0.10858605019365895,1,interior
0.8203659384137699,0.10446549131312392,1,interior
0.34156731967927134,0.11203620138844914,1,interior
0.9167902507731203,0.15725259851238216,1,interior
0.6558655980852068,0.07849269606298624,1,interior
0.6587803256200937,0.08009278579519517,1,interior
0.6577259516403126,0.08314302520427942,1,interior
0.21313018387127292,0.14024891929772693,1,interior
0.22059409816132125,0.1421192561430872,1,interior
0.2163686544753208,0.13858752362227247,1,interior
0.6086562768186199,0.10314000595956045,1,interior
0.6118548770600446,0.10406130218368477,1,interior
0.4925838790664945,0.08656189353559565,1,interior
0.4903992130084032,0.08835604714598139,1,interior
0.8345457313140962,0.11406208600567601,1,interior
0.601338313008012,0.09002136103259571,1,interior
0.9083952027028621,0.14812581264370064,1,interior
0.9053833304675655,0.14917233634950014,1,interior
0.9110048281361111,0.1499446308932593,1,interior
0.28079690378624217,0.11051041571217418,1,interior
0.5202646192724438,0.09087411101492993,1,interior
0.523576748096134,0.09254992690925344,1,interior
0.5255847850584711,0.09503285787559225,1,interior
0.9016789673777633,0.13981164264799006,1,interior
0.9025231623989437,0.14733432204841798,1,interior
0.902736851909971,0.14457673042345176,1,interior
0.45507497758015053,0.11645829446326043,1,interior
0.4561370304249097,0.11926474744668109,1,interior
0.29379081986030037,0.11249261830388642,1,interior
0.2966576082765491,0.11066478076185482,1,interior
0.297023117558446,0.1136909225012787,1,interior
0.8047618215495459,0.09841612090099837,1,interior
0.8009772426096848,0.09816210315363649,1,interior
0.8060076889336386,0.10070014530885611,1,interior
0.799666864816288,0.10153197538584806,1,interior
0.8035484032219345,0.0952528096385688,1,interior
0.8653023392606306,0.1288873981740151,1,interior
0.862525479584299,0.12742564149365285,1,interior
0.8652339023058172,0.1318527691032425,1,interior
0.3009059935179447,0.11201970616963301,1,interior
0.29592789822860005,0.1078418877690148,1,interior
0.2995440666428252,0.10838219323852115,1,interior
0.6784968172381967,0.07717380786164703,1,interior
0.6812653860152754,0.08016131532511275,1,interior
0.6739557243959245,0.0805403449896878,1,interior
0.23209141812746356,0.1381997410437563,1,interior
0.7843089174766205,0.08858750676799305,1,interior
0.7860211500635863,0.09416130048280884,1,interior
0.7814102426219106,0.08885810258485873,1,interior
0.6948618904243427,0.09403575045120333,1,interior
0.6943524001747201,0.09122736257535052,1,interior
0.2553754363111051,0.11434672226306697,1,interior
0.25466594413423427,0.1183693278412616,1,interior
0.6096902576448381,0.09524192918024788,1,interior
0.6061197686336521,0.108990647521606,1,interior
0.6059655490019349,0.1061818150499905,1,interior
0.7837262497275829,0.09156160344697893,1,interior
0.7784138179849153,0.08998629919647515,1,interior
0.7756921690292203,0.09211559528385567,1,interior
0.4273363683324936,0.09236166063142855,1,interior
0.4285835981679879,0.09560843147938641,1,interior
0.4242593491123785,0.0908810733479194,1,interior
0.6878563817765184,0.09357049819893208,1,interior
0.6849776315692014,0.09462207150699987,1,interior
0.9368474448072887,0.16220479315943573,1,interior
0.5117968843618951,0.0947964533443914,1,interior
0.3498973821050176,0.10815487182372352,1,interior
0.3463907456101663,0.10885500456683879,1,interior
0.3523126427936372,0.11154311064264012,1,interior
0.289979454116757,0.10618187084007465,1,interior
0.2867329710514984,0.10528546967369397,1,interior
0.2839098771702168,0.10590785482079927,1,interior
0.6780016239956087,0.08969144568020798,1,interior
0.21861747832543507,0.14031574107017386,1,interior
0.5988175872888996,0.11469081692717142,1,interior
0.36978130765708284,0.10616225096297163,1,interior
0.3699297307630093,0.10988846769984587,1,interior
0.37436178375382445,0.11335587787646828,1,interior
0.3715393090367375,0.1127261303176272,1,interior
0.5454320391159545,0.08540175903101269,1,interior
0.4712164185830314,0.11114245294948936,1,interior
0.4676338411180436,0.11098290046481533,1,interior
0.3219853338700383,0.1312871789475587,1,interior
0.32574919190669754,0.13588930750249126,1,interior
0.3250895723984401,0.13259015796559653,1,interior
0.2806267436009788,0.11658730094177505,1,interior
0.7502041882063987,0.09966341892166776,1,interior
0.750364922393788,0.09746819975413906,1,interior
0.7560773755169711,0.09629793578742588,1,interior
0.37243831370381714,0.1159017598457917,1,interior
0.46979569058098986,0.10771657794684779,1,interior
0.46596735176761056,0.10848797968531426,1,interior
0.4626032442052164,0.10847533625848195,1,interior
0.4440281207987164,0.11718955763733975,1,interior
0.4405412874932291,0.11601912777410794,1,interior
0.5865462356412402,0.0903929793817794,1,interior
0.452094608507327,0.1159673224213102,1,interior
0.7728520969880027,0.09085444786681211,1,interior
0.7755999562473508,0.08855209510700213,1,interior
0.7706854927502361,0.0927868114036366,1,interior
0.4085533885283202,0.08755477077953178,1,interior
0.4104512731553309,0.08150371356337231,1,interior
0.41035413881701216,0.08455061308917625,1,interior
0.36346467228480894,0.11748921960060399,1,interior
0.5501817830890388,0.08661351019586525,1,interior
0.5419081122219752,0.08304119766286032,1,interior
0.5477858188785671,0.08354197511432573,1,interior
0.5447373256361927,0.08116097654190256,1,interior
0.38631084867385107,0.09486431161757197,1,interior
0.39020177872016626,0.09883502735205305,1,interior
0.3898849014014959,0.09568299117150227,1,interior
0.8229124907835293,0.09776011042534828,1,interior
0.5226080625409247,0.12441981259384728,1,interior
0.607318521410813,0.09289494000807579,1,interior
0.6045697051127681,0.09034695004928432,1,interior
0.6019232829898081,0.09279797707523475,1,interior
0.34329753916854905,0.10611024321940617,1,interior
0.34678000358454425,0.10560278522969015,1,interior
0.34064496123471444,0.10847723624029493,1,interior
0.3496239192733159,0.10463676557562525,1,interior
0.6160229498680252,0.09295776409027445,1,interior
0.6158537854788557,0.08999970928154781,1,interior
0.6165427151883214,0.08663805761189658,1,interior
0.6182056221979808,0.09425330222968048,1,interior
0.6277933376475927,0.08461394171857557,1,interior
0.6226796232788053,0.08442157777431035,1,interior
0.5649323578401549,0.09412860317709829,1,interior
0.8695940233880689,0.12909984341414704,1,interior
0.8680429501081096,0.13095672731941774,1,interior
0.40766217515211917,0.09051613776936933,1,interior
0.6131144702339212,0.09310862157034742,1,interior
0.6131536442557108,0.08848126851932557,1,interior
0.27026763970879863,0.10544383679462958,1,interior
0.26700723113874875,0.1050350599949873,1,interior
0.2734574646715877,0.10552693815028218,1,interior
0.37652732747080303,0.09757352481140472,1,interior
0.3733165101205392,0.09979359982492886,1,interior
0.3783596122823604,0.099535557055593,1,interior
0.28476638209656413,0.10233008386788842,1,interior
0.2817609917149743,0.10384449075012028,1,interior
0.4324174729424367,0.10438923075166322,1,interior
0.4349373107625734,0.0951534717445393,1,interior
0.42983234338150744,0.09881564731680804,1,interior
0.4915103073031733,0.0969435558668994,1,interior
0.49056218913592636,0.09117238438344952,1,interior
0.48915858590874856,0.09383191963860482,1,interior
0.3114746664929695,0.12756881978411566,1,interior
0.3125247309277139,0.12398365895796694,1,interior
0.3098654277977168,0.1250550614288014,1,interior
0.315904707307736,0.12314808100697376,1,interior
0.8083433394737798,0.09948662059082668,1,interior
0.8223941897931638,0.10619429501156272,1,interior
0.8249225951027557,0.10761787262354384,1,interior
0.40460332187563436,0.0878946288271253,1,interior
0.7830480233432037,0.08520097704041155,1,interior
0.7788174941550461,0.08598145646728118,1,interior
0.3278293325495208,0.1307372142146602,1,interior
0.72874310492982,0.10566933898145686,1,interior
0.7252107287007056,0.1043527950504718,1,interior
0.6801611564662395,0.08652637386230207,1,interior
0.6820939238499301,0.08951109130312669,1,interior
0.2507608096167008,0.11947550489672963,1,interior
0.2503274369353387,0.12322977155421479,1,interior
0.36813818428185624,0.12319648461017303,1,interior
0.4493407841307336,0.10190949292439,1,interior
0.4487241427841319,0.10542097794973292,1,interior
0.5767954310472223,0.10175242582561517,1,interior
0.5681156529192101,0.09464888281543056,1,interior
0.5651563456713263,0.09000001443201154,1,interior
0.5625075691999666,0.09178689935699806,1,interior
0.26351976357989354,0.10436628893503322,1,interior
0.26592352633319427,0.10133597880889741,1,interior
0.2717323564747475,0.10265864930568291,1,interior
0.2627391387882477,0.10760297089418422,1,interior
0.48903637638405933,0.09972379626202978,1,interior
0.824126993251096,0.10403179106828134,1,interior
0.3155780997655138,0.1480330558790919,1,interior
0.5779027266774914,0.09137476721409395,1,interior
0.5815718153988659,0.09078396028076974,1,interior
0.35566423210321335,0.1106803162848578,1,interior
0.3687162687409991,0.11430892318306958,1,interior
0.2768247722029418,0.12916504275691643,1,interior
0.8914989166381423,0.13472546018856416,1,interior
0.894824457144813,0.13491403822277218,1,interior
0.8889323506232479,0.13580724471025166,1,interior
0.32794486580765625,0.12729983948946583,1,interior
0.7125058881101286,0.10143347196537209,1,interior
0.4870029962577459,0.09683492265144819,1,interior
0.48343915826511946,0.09524851705493975,1,interior
0.48698047569609854,0.09007563776143233,1,interior
0.8248044844209202,0.10069862122736277,1,interior
0.3082074551950615,0.1277223519783545,1,interior
0.29769832219248216,0.12467921737947545,1,interior
0.3006474561553104,0.12182139835421439,1,interior
0.30393733323731564,0.1236285259698864,1,interior
0.3040221057487294,0.12041816108239776,1,interior
0.7543900859040683,0.0872587323468386,1,interior
0.7594424177961212,0.08755110265419945,1,interior
0.7517281009676912,0.08876520190144006,1,interior
0.7542188446288824,0.08415916955023646,1,interior
0.2731966222580065,0.0996110673562676,1,interior
0.26945765247099845,0.10018904171507076,1,interior
0.2751227734026487,0.10288381492927508,1,interior
0.32468972266460644,0.12900966970358857,1,interior
0.6609999494756008,0.08865404107130358,1,interior
0.5103203058081223,0.09168073119607124,1,interior
0.5085361895973011,0.08852882181796086,1,interior
0.31012103120812373,0.15984543840719243,1,interior
0.6595751833228568,0.08579231389147862,1,interior
0.860229127919322,0.1260916378029046,1,interior
0.8594758375273716,0.12323355141331667,1,interior
0.8653683982515347,0.12552318367401696,1,interior
0.868364256135129,0.12703287066174987,1,interior
0.8070995425089047,0.09573448992120658,1,interior
0.2288366776307885,0.13633828886110597,1,interior
0.2304565684106422,0.13226114908592834,1,interior
0.23145831507317174,0.12820529555511712,1,interior
0.47350771904446676,0.10828950179916307,1,interior
0.47564579554719355,0.10530362033655775,1,interior
0.4808423496860936,0.10747368173599327,1,interior
0.4785307987487631,0.10559415556490319,1,interior
0.649771262443932,0.07895615566926724,1,interior
0.6515243076804743,0.07512088483312439,1,interior
0.6549005400071567,0.07568106592590734,1,interior
0.8734161196068445,0.13292365591346153,1,interior
0.3524584695163914,0.10525999719231484,1,interior
0.3532165499877854,0.10842294862166964,1,interior
0.33814304372697795,0.11034714874864315,1,interior
0.505356285406178,0.08682781151593744,1,interior
0.5081727900010935,0.08498368639973075,1,interior
0.5123029354934602,0.08905069478906964,1,interior
0.6215617717647651,0.08143639146805458,1,interior
0.6251923446330317,0.08614508249136904,1,interior
0.6190985226272491,0.08824670207353473,1,interior
0.6195937020661023,0.08452717591703374,1,interior
0.3513922294238074,0.12045814697131367,1,interior
0.6485062739433881,0.0691418561155483,1,interior
0.6433993919776396,0.07351528337943267,1,interior
0.6514141848082227,0.07098798451675965,1,interior
0.737389605194192,0.10236730544608903,1,interior
0.2605358330354841,0.1103232184939475,1,interior
0.2632515597467393,0.11634956894676689,1,interior
0.25831222949369403,0.11313619255776405,1,interior
0.2642830986896299,0.11025534960301697,1,interior
0.7010538538329535,0.08501613340671511,1,interior
0.7058953298699953,0.0882252254483457,1,interior
0.704345187744738,0.08523048850618277,1,interior
0.21085719882259846,0.1430325544423426,1,interior
0.2088402343642426,0.14584367558529407,1,interior
0.6674939471363648,0.08132793997534556,1,interior
0.7941868987749393,0.09732439336921284,1,interior
0.7887868681214015,0.09528717340717283,1,interior
0.7922095056621217,0.10014787837854688,1,interior
0.4300553734076891,0.09051346582591104,1,interior
0.4271872969768033,0.08871455221215697,1,interior
0.43031355822067596,0.0934064099966401,1,interior
0.7572651159885273,0.08509187551624771,1,interior
0.751735252279134,0.08531919984581049,1,interior
0.7558643168308233,0.08186123875085023,1,interior
0.7520208742405475,0.0815185233018224,1,interior
0.6104045324160107,0.09128138398334353,1,interior
0.4751557562475089,0.11555952419137876,1,interior
0.7057065724948112,0.09415999053646244,1,interior
0.23782219501222146,0.1234974134762783,1,interior
0.24063021546394556,0.11865446414193308,1,interior
0.23735551105459682,0.11976528077044044,1,interior
0.24440032353852267,0.12255313638138088,1,interior
0.8573617578386552,0.12624411615747086,1,interior
0.6752738843107858,0.07743700617494297,1,interior
0.6759593303303393,0.07422831418951877,1,interior
0.6817786732045382,0.07658478435480844,1,interior
0.679332389727306,0.07402487428190778,1,interior
0.6770716853475959,0.07164492331166582,1,interior
0.3621188464356645,0.11174043970256518,1,interior
0.35874367397111984,0.10955365416968822,1,interior
0.7296873704338258,0.10092207272883036,1,interior
0.7292868610826788,0.1083934480892258,1,interior
0.4017167329500914,0.0965462752254486,1,interior
0.40468802531127646,0.09595238593747525,1,interior
0.4002659764859564,0.09976057346329088,1,interior
0.2657300575733626,0.10756510141181609,1,interior
0.8712364252620458,0.13103773226010984,1,interior
0.8376766555498514,0.1145344147229879,1,interior
0.6025469880420392,0.08686170260438919,1,interior
0.5989693498413401,0.08537305407225422,1,interior
0.5877752493631042,0.0872361929176564,1,interior
0.8276575278918634,0.10902534690482085,1,interior
0.4320371246974233,0.09618259313202993,1,interior
0.43801334880756454,0.09630443872642198,1,interior
0.3241781399602029,0.12530203132607717,1,interior
0.6730512346902042,0.07094298659673133,1,interior
0.67966415765296,0.06786307362388365,1,interior
0.682388427657618,0.07362182543951172,1,interior
0.680556021103901,0.0707856526253914,1,interior
0.8450937251597269,0.11029233392411823,1,interior
0.8500916157086768,0.11346583400721164,1,interior
0.8485258229302665,0.11026238210183141,1,interior
0.8743633893968635,0.1297890408452997,1,interior
0.7975838678360386,0.10771230714144857,1,interior
0.33693291751969057,0.10502209602811115,1,interior
0.3349181125780622,0.1090612272919979,1,interior
0.33439287324857675,0.10610256572073995,1,interior
0.9058363126454511,0.1454860597799388,1,interior
0.8255542546626631,0.09488415307016111,1,interior
0.8276708671344722,0.09848030852843294,1,interior
0.8213589322652233,0.09410282848887903,1,interior
0.5465600106742596,0.07776723581574681,1,interior
0.5436876714097282,0.07762630570615717,1,interior
0.5408507530194481,0.07907862071568175,1,interior
0.2734301618963979,0.09572450277886614,1,interior
0.2759954628313831,0.09812279671090776,1,interior
0.27012611445217655,0.09707900739003748,1,interior
0.27720694293864373,0.10056709795259379,1,interior
0.8508584165596522,0.11644393857663946,1,interior
0.8518631327548555,0.10996632233626545,1,interior
0.8532887774347954,0.11525950198844742,1,interior
0.7692808805642528,0.08986040850735932,1,interior
0.7677881126066839,0.09307948393537253,1,interior
0.60769899811427,0.08982647488925447,1,interior
0.7833301991613605,0.08153510932446623,1,interior
0.7866584150546191,0.08680004076300102,1,interior
0.7868537518989253,0.08257139393106169,1,interior
0.7801516064844946,0.08205806608492892,1,interior
0.8997056417726217,0.13760542180259838,1,interior
0.876618239526532,0.14284541614313495,1,interior
0.8812771888270889,0.14143415689627017,1,interior
0.6396783674853807,0.07838337671284765,1,interior
0.640320973206273,0.07340247877718797,1,interior
0.6378767788158489,0.07551460637905286,1,interior
0.7197240323140858,0.10307758233087476,1,interior
0.7189281788570159,0.10039770432610577,1,interior
0.715782694151407,0.09963227176755762,1,interior
0.43316527342843614,0.09240982294180462,1,interior
0.4151612164096396,0.1160740426527147,1,interior
0.42150792182523905,0.09543820572843788,1,interior
0.25765094547937006,0.10772597051434885,1,interior
0.6702345597827575,0.07354738036901362,1,interior
0.6684582815737578,0.07136553297546383,1,interior
0.6766984027796547,0.06896656413170008,1,interior
0.6698069990244129,0.06815824202851688,1,interior
0.6729122551676365,0.07487840329075747,1,interior
0.6735449732111948,0.06652635026466161,1,interior
0.7030732129556574,0.09919695902441704,1,interior
0.7114616500389476,0.09472023674450404,1,interior
0.7085960702367645,0.09467673959187291,1,interior
0.5282534098854761,0.10501744392834454,1,interior
0.36630252098195926,0.11138794324511063,1,interior
0.361733820222403,0.10790262013791112,1,interior
0.36474552916243735,0.11452476826804986,1,interior
0.36436623264480106,0.10905929394243452,1,interior
0.6859009429627712,0.08811443380335388,1,interior
0.6833768914377224,0.08645276664373269,1,interior
0.7892983801750315,0.09218692685725,1,interior
0.7917822907194129,0.09448848450173929,1,interior
0.6369322802569078,0.07166707775523717,1,interior
0.6398008589259158,0.07081119249619383,1,interior
0.8560092315895621,0.11373239767683911,1,interior
0.8503264591292254,0.11904040039070836,1,interior
0.8552632103875473,0.1104686714491546,1,interior
0.8531792549974603,0.1183780641403691,1,interior
0.6703327181103123,0.06466506289967507,1,interior
0.6726441372859016,0.06300603534101357,1,interior
0.6771868807454794,0.06577093717520839,1,interior
0.2690064665049868,0.10812977130953129,1,interior
0.401805849092944,0.09067485783833384,1,interior
0.4007819227817671,0.08761192425833708,1,interior
0.40643661888044114,0.08473106601828335,1,interior
0.4026413709804893,0.08421246498665326,1,interior
0.40472685352883203,0.09103041098278716,1,interior
0.85512793164109,0.12067547380127931,1,interior
0.95418529334234,0.15152162010480827,1,interior
0.9564944984334902,0.15303762863350542,1,interior
0.750771810971066,0.09521437256684866,1,interior
0.7533304411211558,0.0977833134395836,1,interior
0.9368867546366194,0.15888166526281652,1,interior
0.3314644421337299,0.10788542861472251,1,interior
0.33036143804781337,0.11086852622582007,1,interior
0.46745334820564965,0.10579292220162366,1,interior
0.4619015047740853,0.10514743251683834,1,interior
0.4552344907426032,0.11283600311284034,1,interior
0.45960711315852026,0.1115900218223809,1,interior
0.8171836373692613,0.09221662965136364,1,interior
0.44658502091779945,0.12046120004357545,1,interior
0.7029945749075117,0.08199244007211919,1,interior
0.6989187412154737,0.0812453270290204,1,interior
0.698060948381738,0.08476017662156791,1,interior
0.29692128280434443,0.1213778682414167,1,interior
0.3296119622504679,0.11580067134167771,1,interior
0.32484310560755153,0.1194222645888341,1,interior
0.328496894882274,0.1124842170007627,1,interior
0.3244307731278402,0.11629231529587869,1,interior
0.367167092428732,0.10780179618461526,1,interior
0.3707026413087576,0.1026377652341036,1,interior
0.3644752949454693,0.10570877559846924,1,interior
0.8110461351989408,0.09498318469428943,1,interior
0.86263938870468,0.12350141461322091,1,interior
0.6483708334587869,0.06544866207387962,1,interior
0.6518934925982315,0.0666657237311387,1,interior
0.6541140883389354,0.06942437345600927,1,interior
0.6447794338447562,0.06775312293804185,1,interior
0.37563707462480606,0.0942615837267308,1,interior
0.37851054206933016,0.09399968433314254,1,interior
0.3730449231005217,0.09638923928497269,1,interior
0.3963201307947147,0.09982355465449803,1,interior
0.33166452034010974,0.10411358891925827,1,interior
0.3351364835779296,0.10283364610975344,1,interior
0.9179673654087371,0.14952807231420148,1,interior
0.9158767336315823,0.1511749847147505,1,interior
0.25230194346125595,0.11621717512751988,1,interior
0.5744593517074571,0.09239154730346295,1,interior
0.5732668252058861,0.09492029529859096,1,interior
0.4696085889671336,0.10375272732965708,1,interior
0.47248569338791474,0.10477804516258722,1,interior
0.2059716997729836,0.14386184624321927,1,interior
0.20797241061592986,0.14186742269205632,1,interior
0.20635299815600314,0.14688932249193767,1,interior
0.291668658834871,0.10235800793443474,1,interior
0.28837282323031593,0.10307816437286317,1,interior
0.2937822328181593,0.10533223680677228,1,interior
0.29279610553828517,0.10910926950219259,1,interior
0.6143763947632551,0.08497386878051912,1,interior
0.39938610918449147,0.09379414767596546,1,interior
0.2035837798943397,0.14592559973519661,1,interior
0.20799479566172357,0.14972247915641948,1,interior
0.20454437469154083,0.1489443211398985,1,interior
0.6167981111699388,0.08337028180708071,1,interior
0.5355337215387193,0.09923507781728698,1,interior
0.5356536756652737,0.10825761852437019,1,interior
0.707687628575384,0.08527968484592409,1,interior
0.7091505015849345,0.08842450763373477,1,interior
0.7075193475204697,0.09130740355527996,1,interior
0.2284475269094008,0.1300292601832227,1,interior
0.22650567267628757,0.13288523999996965,1,interior
0.5901764888335496,0.08402033864535619,1,interior
0.5929449403327658,0.0816058843760603,1,interior
0.5965966660330569,0.08295016125979252,1,interior
0.33981869500752354,0.10545923130618118,1,interior
0.8987997495129548,0.13462290052546705,1,interior
0.5391610174550359,0.08720085027937438,1,interior
0.747412049908092,0.0968815039617333,1,interior
0.7467239795905005,0.10080959065625175,1,interior
0.8273257114078407,0.10568609311824577,1,interior
0.8275554167194953,0.10234127161840477,1,interior
0.6576650946769775,0.07344006755916178,1,interior
0.6602696644709731,0.07506025154148364,1,interior
0.6580475674402207,0.0767522226990386,1,interior
0.8786023817393757,0.13349236502797288,1,interior
0.5048731021397931,0.08321492401249607,1,interior
0.5000534552440369,0.086742986519866,1,interior
0.5027817876989046,0.0858222118445232,1,interior
0.553832507254897,0.08447521364187437,1,interior
0.5469714607030979,0.08871725452323921,1,interior
0.7008543103760038,0.09479819554419405,1,interior
0.3559300720043906,0.10661601540675689,1,interior
0.351323731443326,0.10149745144264759,1,interior
0.3546803039124336,0.10274681408357443,1,interior
0.7692975016308803,0.10937959457301831,1,interior
0.8996244821135239,0.1310748315636616,1,interior
0.9027126913478158,0.1362474242727687,1,interior
0.8962573032645459,0.13201471260220857,1,interior
0.29734212722665787,0.1051976786358793,1,interior
0.3002217950918206,0.1052457901116129,1,interior
0.8859242446083365,0.13358873320921183,1,interior
0.34766885478441556,0.10213311391172893,1,interior
0.3443951671282674,0.10268141382635587,1,interior
0.7868400961720066,0.09041982945472514,1,interior
0.7869532897767103,0.09782569340575555,1,interior
0.9343052374085689,0.16103335208963385,1,interior
0.9355524034879217,0.15580711762691402,1,interior
0.932946994805696,0.1578233875470904,1,interior
0.9385018065145575,0.15560322092312753,1,interior
0.22144626966314726,0.1392122220866243,1,interior
0.2137488655692532,0.1341425189081219,1,interior
0.21937649355205988,0.13598742553706758,1,interior
0.2139285543467584,0.13709822735563099,1,interior
0.7400885875934381,0.10010411942388775,1,interior
0.7397865754975126,0.09727575795557745,1,interior
0.743457829361905,0.09764083970223787,1,interior
0.5954157100633154,0.07946873766538248,1,interior
0.5896923246733888,0.08019110142700593,1,interior
0.5922674555469107,0.07781149681289926,1,interior
0.4810783634262162,0.1040943113573045,1,interior
0.7925792864061569,0.09092152714109836,1,interior
0.7901611518328495,0.08848356205068787,1,interior
0.8416113556562511,0.10983905000910431,1,interior
0.8469970653104696,0.10728479868321267,1,interior
0.8435947224057031,0.10734865157720536,1,interior
0.9042847436765429,0.13903988495090175,1,interior
0.9020266612929978,0.13325773165448984,1,interior
0.45117342135185234,0.11292507461721124,1,interior
0.4488390581099038,0.11543843867620052,1,interior
0.7226113489721989,0.10132926909801847,1,interior
0.7212273816059159,0.09798525511145662,1,interior
0.7182636281990064,0.09703449293774617,1,interior
0.44385859857818516,0.09864173659619209,1,interior
0.4417720207369344,0.09565882111441933,1,interior
0.4571261589502579,0.10955587751741398,1,interior
0.4543097783572528,0.10850668824916045,1,interior
0.4529091790681512,0.11085393377293856,1,interior
0.32764463273226896,0.10882708691589187,1,interior
0.6545319457131253,0.07239355936789747,1,interior
0.8109882420680562,0.09146405716727117,1,interior
0.8137623079829627,0.09298733498148364,1,interior
0.8084944996414702,0.09307056567641475,1,interior
0.29111165178086995,0.09904594792624753,1,interior
0.2877136790322564,0.10000636038399859,1,interior
0.29598831488371424,0.10188382459585595,1,interior
0.7664122974270735,0.08814551199119212,1,interior
0.772192296624643,0.08760228612068326,1,interior
0.7714059481345923,0.08450627181916993,1,interior
0.7688514960204754,0.08642771451873606,1,interior
0.587137045355123,0.08171508162366158,1,interior
0.5142737763717614,0.08626110570617852,1,interior
0.5160981428374488,0.08938715737115466,1,interior
0.510988869402466,0.08624732236940205,1,interior
0.45700557518582513,0.10626499756394614,1,interior
0.4504099626528686,0.10916416075525033,1,interior
0.4519698324888705,0.10657666153935967,1,interior
0.44008815365445575,0.09364969035363871,1,interior
0.4448874027115394,0.09515880180647708,1,interior
0.44020713814741164,0.09112434942281263,1,interior
0.443602013081292,0.09208826351926017,1,interior
0.8779979987863753,0.12949812834997163,1,interior
0.8334691365387181,0.11107742051690554,1,interior
0.8912837598446581,0.1299716095354184,1,interior
0.8891929496457093,0.13203745607684064,1,interior
0.3200150069727607,0.12424209523094855,1,interior
0.3221112544852946,0.1213794248862339,1,interior
0.2994691257146081,0.10236698532683475,1,interior
0.2990922914381933,0.09919184411306853,1,interior
0.2938789338425054,0.09977760272849626,1,interior
0.29627793827169563,0.0980877592194262,1,interior
0.44813566043166064,0.11176722585891154,1,interior
0.6924748752467061,0.08867747588911132,1,interior
0.6914830119116797,0.09259524646354318,1,interior
0.6955165616703841,0.08646421078295818,1,interior
0.6959305147210735,0.08912059884467091,1,interior
0.4749179553348191,0.10189791205132505,1,interior
0.5849009847000326,0.08455623226175597,1,interior
0.5876390037405946,0.08440499033827374,1,interior
0.5844163369330738,0.08828124629497601,1,interior
0.7361932346738465,0.09845310483736416,1,interior
0.4417760347801628,0.08831114583014028,1,interior
0.4446810981820189,0.08872274437151789,1,interior
0.4480455095844298,0.093271253360512,1,interior
0.44693333940219604,0.09041508684102229,1,interior
0.2628518430667848,0.10085130640514298,1,interior
0.26409020479688794,0.09750892673688401,1,interior
0.26871795395562315,0.10292475625455007,1,interior
0.24406634512471648,0.11923577554201918,1,interior
0.3221101041091298,0.11736299804493378,1,interior
0.3222247388124977,0.11346523345316795,1,interior
0.3261136195788879,0.11432820985091423,1,interior
0.30562990638403215,0.11747526759080729,1,interior
0.29895531012439264,0.11880358216988628,1,interior
0.3070306876124923,0.11980868409816536,1,interior
0.8004424565149479,0.09465937222298533,1,interior
0.7976254620072996,0.0956294240231955,1,interior
0.8055681283809645,0.09192226581606336,1,interior
0.8022349030598025,0.09199337191119568,1,interior
0.945108455131256,0.15620127825299776,1,interior
0.9418722625842983,0.15566823045816897,1,interior
0.4369756014544247,0.09252973342443283,1,interior
0.4382750151461852,0.08920383734890557,1,interior
0.6888792884504142,0.09008816597877413,1,interior
0.6896877825367894,0.0954796849958657,1,interior
0.6848462487290049,0.0718777137855573,1,interior
0.6830732945327301,0.06820476685138312,1,interior
0.713794068727219,0.0917138261608091,1,interior
0.7140687468445394,0.09467693500697602,1,interior
0.55073192598082,0.08253234962005891,1,interior
0.5559497389440028,0.08642818068486775,1,interior
0.5561711430571975,0.08151822688957373,1,interior
0.5576003109140683,0.08446622395197274,1,interior
0.8486082191210501,0.10403808476921035,1,interior
0.8452091643793441,0.10446886912760822,1,interior
0.5764842889560381,0.0992176170808582,1,interior
0.3546027158055662,0.09883245550294174,1,interior
0.35704317067335023,0.10086481161601808,1,interior
0.3580012986246146,0.10369477428740807,1,interior
0.7599565036349275,0.08151602473739543,1,interior
0.7573064096542104,0.07983377539436363,1,interior
0.7546984794820055,0.07839940241227802,1,interior
0.22530155629880216,0.13918856516084116,1,interior
0.22308499480420343,0.14157529983361847,1,interior
0.6623361573226142,0.08046022017480185,1,interior
0.6649658691593489,0.0827895155739378,1,interior
0.6633604320026876,0.07523312434926673,1,interior
0.6649145852411611,0.0786939327057788,1,interior
0.927932746922583,0.15268614802005478,1,interior
0.9304373942099244,0.15237563795162315,1,interior
0.9276340711110102,0.158905725084549,1,interior
0.8755014935492339,0.12639241263919576,1,interior
0.8807518542697963,0.1315800126854592,1,interior
0.8813684357626866,0.1281850242726609,1,interior
0.8793207296363428,0.1257016239260065,1,interior
0.3729683862676776,0.09300643004929486,1,interior
0.37633786523093804,0.09046962689917698,1,interior
0.23564725756188998,0.12672992753632648,1,interior
0.20509425229394931,0.15456752269971963,1,interior
0.20325436066003813,0.15704741636731606,1,interior
0.6311236650368622,0.07208129938870038,1,interior
0.6383243869869492,0.06817598456681596,1,interior
0.6337222975712271,0.07084395045260569,1,interior
0.5217960346955427,0.08714483869404983,1,interior
0.5181169213804652,0.08704521533723003,1,interior
0.5239770477651268,0.08970832730572742,1,interior
0.7952099239264255,0.10532613718527488,1,interior
0.5965430328081455,0.07403363957738955,1,interior
0.598868824046582,0.07956435267551892,1,interior
0.5947939113167967,0.0764502203871618,1,interior
0.9005177875789815,0.142644304595946,1,interior
0.35913439267333996,0.10641271356582149,1,interior
0.6578679941701946,0.06977553731101406,1,interior
0.39866035346279755,0.09036790990212905,1,interior
0.41990498478999,0.08440215017075081,1,interior
0.4240933166186256,0.08769562607648973,1,interior
0.4231324758069698,0.08452024650222677,1,interior
0.5818680156470312,0.08657472670356971,1,interior
0.5818803420518159,0.08326495171417696,1,interior
0.5838786955272627,0.0806841572749444,1,interior
0.8864623769292291,0.1296914863083453,1,interior
0.8834855509508664,0.1311247983708678,1,interior
0.8182933997745794,0.088576201618107,1,interior
0.815639307356345,0.08821024729452706,1,interior
0.813567739315812,0.08964276204162784,1,interior
0.8208846514498683,0.09052965785105511,1,interior
0.606336079747271,0.0870673130590471,1,interior
0.22267320275940533,0.13692340356466798,1,interior
0.3614917204833736,0.10435012043349416,1,interior
0.36148122795853366,0.09907453262858709,1,interior
0.3602096828696806,0.10135488033548508,1,interior
0.6118612262020724,0.08487203771121278,1,interior
0.6098120162969823,0.08761431719512668,1,interior
0.6826801066182062,0.0925370975319185,1,interior
0.3391814329864924,0.14160464719158747,1,interior
0.6853804713689989,0.08133430332281759,1,interior
0.684484657069845,0.07848101287561998,1,interior
0.6825413178020682,0.08352923795039859,1,interior
0.26024833857761837,0.10609484499955725,1,interior
0.9207126086378741,0.14671570660644714,1,interior
0.9243295642199542,0.1484564175147973,1,interior
0.5481016177739392,0.0805600900974777,1,interior
0.55461395628326,0.07856066769474397,1,interior
0.5531548142954759,0.08110212759693472,1,interior
0.4835733357083109,0.09810290529235147,1,interior
0.48141656882567163,0.1007080152709283,1,interior
0.45942108096905443,0.10477182648798349,1,interior
0.463521109288662,0.10247333418274751,1,interior
0.5593808257731542,0.09152773283890324,1,interior
0.30344780390114895,0.10940057893279918,1,interior
0.3059848650464839,0.11190209437779017,1,interior
0.2999307358786053,0.11552517733840333,1,interior
0.2201345549622767,0.13171947709013604,1,interior
0.2170220154121211,0.13248992020920203,1,interior
0.22273390745181035,0.13404322185749787,1,interior
0.43520570490834526,0.0895012639131512,1,interior
0.32985841782680864,0.10150511338047064,1,interior
0.3331713301783767,0.10047411435507665,1,interior
0.32832365681778997,0.10375866291245946,1,interior
0.6026491860394342,0.07805447420281682,1,interior
0.6006077888866403,0.08180901569108165,1,interior
0.6021047297128141,0.07494477226450784,1,interior
0.7234541928157406,0.0956029168694436,1,interior
0.7264478566598583,0.10049112532264375,1,interior
0.7205028446627507,0.09461730738110147,1,interior
0.6891723257181245,0.08660803248390125,1,interior
0.6921804781154098,0.08500004724273935,1,interior
0.23855574571156113,0.13618749461803878,1,interior
0.9276492585383194,0.1456751072275688,1,interior
0.9258926992652317,0.15114994493477474,1,interior
0.9240408244283915,0.14465499053089234,1,interior
0.28098560193692373,0.10095092499014084,1,interior
0.27910298481021695,0.09415321519208612,1,interior
0.2768270007548413,0.09581028559319582,1,interior
0.27964399361448616,0.09775640294895181,1,interior
0.42120551807836354,0.08135002283143779,1,interior
0.4181572503927014,0.0808362760464327,1,interior
0.23967662365529058,0.15146589022515672,1,interior
0.6184827753757293,0.08040059191111111,1,interior
0.6142072897103745,0.08148689956065054,1,interior
0.20186222810520418,0.1594052463134814,1,interior
0.20721534794014088,0.15773523201261352,1,interior
0.19899363695394834,0.15735290508661115,1,interior
0.20141506503374926,0.15433010968222213,1,interior
0.3698001220270504,0.09484796914475631,1,interior
0.3699419444898018,0.09853528730005558,1,interior
0.3726790752316956,0.09017034553571851,1,interior
0.36966670857129585,0.09175407786808255,1,interior
0.7130645139897799,0.09770981238683712,1,interior
0.38831925467327666,0.10415356074126518,1,interior
0.5558122680708095,0.09148901355173088,1,interior
0.558085748760462,0.0881250145875442,1,interior
0.32186230821685535,0.1100398512208081,1,interior
0.3158840790195346,0.1147883376873113,1,interior
0.32506683887777144,0.11119738423727998,1,interior
0.3193274040378533,0.11509935358585593,1,interior
0.31842126635850954,0.1108171420907333,1,interior
0.8261405093566415,0.09132343737402396,1,interior
0.8294444207390649,0.09528916475418205,1,interior
0.8282056661929943,0.09249991111254573,1,interior
0.6474701023081085,0.06176030970774742,1,interior
0.6511708839029187,0.06242364731120285,1,interior
0.6455321370624629,0.06419444031119245,1,interior
0.6669671487657466,0.07511334706750804,1,interior
0.6646982144664813,0.0721322543323973,1,interior
0.6610135996798332,0.07233525451918975,1,interior
0.22188757196548714,0.12857215315116735,1,interior
0.21767720054897666,0.12828578065610907,1,interior
0.22338345246666919,0.131329802201665,1,interior
0.69520491273859,0.08309050821221801,1,interior
0.7020609074193451,0.07913987858435698,1,interior
0.6999475726597524,0.07742538010505962,1,interior
0.6970920418425293,0.07790756785005815,1,interior
0.8718831298298149,0.12769271586121536,1,interior
0.41544614829411924,0.08225180190445255,1,interior
0.4121115503932685,0.07944246420073782,1,interior
0.4096128513639585,0.07875637741717956,1,interior
0.45258455008947235,0.10206648645108392,1,interior
0.45450198510764045,0.1045048409402141,1,interior
0.261711706063023,0.09422785294317283,1,interior
0.2671016530585018,0.09526585274683703,1,interior
0.26058458840108095,0.09844783885881533,1,interior
0.383325575829745,0.09470209237982086,1,interior
0.38139318135083833,0.09353212030681095,1,interior
0.7345570074881478,0.1018480260284017,1,interior
0.7315774795584348,0.10351180154152285,1,interior
0.6010645653246326,0.0844699975702776,1,interior
0.6056405627065762,0.08386712309265876,1,interior
0.5934902261122973,0.07147376478419998,1,interior
0.5996464563277892,0.07300334246977042,1,interior
0.5970399734534165,0.070513597989508,1,interior
0.6883369893920845,0.07170253451476735,1,interior
0.6880413428323021,0.07456152490981625,1,interior
0.6851623068627287,0.07559649386279942,1,interior
0.6867975948204164,0.06916175009902394,1,interior
0.23486346883624135,0.11656025083644637,1,interior
0.23169979898020618,0.12211571827838487,1,interior
0.23352489552748776,0.1193688935491664,1,interior
0.23854394274182456,0.11574496656828111,1,interior
0.5905004052599949,0.07505469397663364,1,interior
0.42839783846063584,0.08562506591862687,1,interior
0.4258351551547809,0.08577211364173491,1,interior
0.6854353864943188,0.09121867537023663,1,interior
0.8168909832142843,0.08484266939036528,1,interior
0.8127718309784858,0.08551886849740571,1,interior
0.8103461556504575,0.08809445556150057,1,interior
0.6621904092542591,0.06944343244937042,1,interior
0.23307374949681745,0.11350350685179435,1,interior
0.2359554993317766,0.11350576396979228,1,interior
0.23092175316768895,0.11630897872829246,1,interior
0.5117223599094971,0.08275634279097754,1,interior
0.7750318251608478,0.08537485458065529,1,interior
0.5506146465077155,0.07841254177544098,1,interior
0.5580198708420149,0.07847788507059981,1,interior
0.22542652944187833,0.1292977588358338,1,interior
0.7065636646285972,0.08216242461214067,1,interior
0.3071337419528835,0.12460302168687226,1,interior
0.3962778183371819,0.08989983279370922,1,interior
0.39956517693325055,0.08503515165194367,1,interior
0.39669394666877317,0.08707350525738489,1,interior
0.8861938700904656,0.12580154516842015,1,interior
0.8830459411274932,0.12450488990086082,1,interior
0.27000490277764855,0.09388865196657599,1,interior
0.27280337382815173,0.09217178253426966,1,interior
0.27590797435265507,0.09289744708703955,1,interior
0.4472720475269039,0.09684388647378657,1,interior
0.45178530317352655,0.09268453718784675,1,interior
0.4502263697130658,0.08941298685432074,1,interior
0.4510942976910659,0.09619430169993848,1,interior
0.5863453654904396,0.07805790375105325,1,interior
0.5892725631108334,0.07739988235644427,1,interior
0.447086745048569,0.11754491808300602,1,interior
0.6613112947417067,0.07776947631247759,1,interior
0.8684854452625514,0.12350047606222087,1,interior
0.8656612637347699,0.12244725668399299,1,interior
0.45382247204565423,0.08662351714930669,1,interior
0.45321831571503923,0.08990613129387348,1,interior
0.4500736034528821,0.08568078715125572,1,interior
0.44733702974709105,0.08720980095812243,1,interior
0.42064512745982274,0.07767280469083528,1,interior
0.41483600925231673,0.07899921328171686,1,interior
0.20020713865435075,0.15127503538862763,1,interior
0.2056071686945657,0.15156638917167192,1,interior
0.19805880953158425,0.15322822915466972,1,interior
0.830401735926328,0.1042123934765646,1,interior
0.8308647008413734,0.1009276577875786,1,interior
0.8299925681352366,0.10736357994682415,1,interior
0.4079442729051906,0.08172406923540641,1,interior
0.4129830378282861,0.08223347370191326,1,interior
0.7985445961339425,0.1046437533285534,1,interior
0.6193062799019371,0.0965987116161909,1,interior
0.6249929898770754,0.08256218695288291,1,interior
0.6236925969441124,0.07954952564454512,1,interior
0.6216361950071434,0.07732405812163304,1,interior
0.22538198676785495,0.13590362201778886,1,interior
0.6980555589873526,0.09937519217581882,1,interior
0.21090813973688835,0.13305902248745785,1,interior
0.21065000552529142,0.1299156533973714,1,interior
0.21630636563548422,0.13550732446280384,1,interior
0.44311427972842804,0.10410806820488865,1,interior
0.3735058110477071,0.08704618154334458,1,interior
0.3700397843219645,0.08857843990212355,1,interior
0.5944768078306953,0.06835676406783171,1,interior
0.5928683404033853,0.07416664644458258,1,interior
0.5979068722853301,0.06628646261089709,1,interior
0.6000092643590677,0.06967946758982972,1,interior
0.7488853173047253,0.08382542802361116,1,interior
0.7507364525824572,0.07777882317455449,1,interior
0.7483743518877221,0.0803397562659274,1,interior
0.7621018967671928,0.07779354353995409,1,interior
0.7633813418568569,0.08382394586295609,1,interior
0.764258081640774,0.08080355329691578,1,interior
0.5600500049019691,0.11105077167876691,1,interior
0.477717274019634,0.11144632867797677,1,interior
0.32537292016708863,0.10533644738917565,1,interior
0.806833491606323,0.08795315562249308,1,interior
0.8094875938480286,0.09708452069438006,1,interior
0.5343653227165944,0.09639027566479158,1,interior
0.5325162787139465,0.09934433922559886,1,interior
0.40501347058821296,0.08150711874413688,1,interior
0.5794734594331612,0.08809574816792394,1,interior
0.31750919441280584,0.11766039191014699,1,interior
0.3119895225406156,0.1161897010010494,1,interior
0.31282883345888185,0.11262970550927849,1,interior
0.3156524417584941,0.1118730268089062,1,interior
0.8718252561461128,0.12446973535600415,1,interior
0.5707954826615557,0.09263549707882202,1,interior
0.5723933322202683,0.08978496419260483,1,interior
0.8505349039390043,0.10694839673231903,1,interior
0.5366077165173397,0.08830267939286246,1,interior
0.5384229519120138,0.08469958197769534,1,interior
0.5353351950914107,0.08506838947992745,1,interior
0.7538700113475251,0.10637905822194031,1,interior
0.6670035349588103,0.06572634363420833,1,interior
0.6658608764090445,0.06883086260468242,1,interior
0.6682273510241081,0.06304073536377755,1,interior
0.4987523131459673,0.08294213628138761,1,interior
0.5014760421151793,0.08303690805993766,1,interior
0.49494222339422334,0.08623177844077985,1,interior
0.5675149816594608,0.09200251595068451,1,interior
0.39316575929059705,0.09783165257146721,1,interior
0.3926692732064965,0.1010292458429732,1,interior
0.6286431103346134,0.0775612975743851,1,interior
0.6320167476344082,0.07710984602488075,1,interior
0.6261689957779565,0.07953592451987716,1,interior
0.6611342788524142,0.08289129101898025,1,interior
0.7628960921433832,0.08775394961216496,1,interior
0.7605222872023111,0.08496997384372657,1,interior
0.7600171356173046,0.09404068253941852,1,interior
0.6603051740652022,0.06719125408930374,1,interior
0.6679533087293721,0.07843352066150405,1,interior
0.8102915796269983,0.08193558196309116,1,interior
0.8133003781575211,0.08170167523698109,1,interior
0.8158230514839623,0.08067200710921908,1,interior
0.7170040129688668,0.09345676077767792,1,interior
0.7157381050604374,0.09649483474432805,1,interior
0.5920703773368869,0.06619432767185172,1,interior
0.5945012395553902,0.06539634104077363,1,interior
0.590865262733902,0.06889683338286913,1,interior
0.608621424143173,0.08433964398452924,1,interior
0.7924357857265903,0.10625640404795864,1,interior
0.8578689203375552,0.10852357478023222,1,interior
0.8585277653185716,0.11175896888298568,1,interior
0.8593621576769773,0.11476739685436665,1,interior
0.8544512391446109,0.10696828559223977,1,interior
0.6555748543064861,0.06337341006432601,1,interior
0.6514176750038577,0.05823210957738336,1,interior
0.6538112605581506,0.06037374941519842,1,interior
0.6490889732247243,0.05919248194388225,1,interior
0.3770191339460543,0.08646377090126385,1,interior
0.37934188264308444,0.0881244139000251,1,interior
0.3804897389567026,0.09063217914469891,1,interior
0.4241175823072263,0.08164519969563475,1,interior
0.42693195626980973,0.08295077944581163,1,interior
0.5137937819542282,0.0919140259241746,1,interior
0.6948998592084664,0.07987891325258419,1,interior
0.6888976659734961,0.082889020287917,1,interior
0.691748195667266,0.08151047096070384,1,interior
0.9362224739764516,0.15235275343853252,1,interior
0.9400099627748323,0.1527698184813023,1,interior
0.8623657335262119,0.11242641957805584,1,interior
0.8596710118301066,0.1176375289584097,1,interior
0.8629117030975797,0.11633084943966279,1,interior
0.8563735779942164,0.1171775110919119,1,interior
0.8604917031010751,0.10986331203986481,1,interior
0.8747275465094024,0.12387154457296977,1,interior
0.8711245567956584,0.12067395816380806,1,interior
0.7956236074030469,0.10149704349260023,1,interior
0.5028805693753355,0.07999499159165664,1,interior
0.2031470295312919,0.14284412841699648,1,interior
0.41557086271806437,0.07521556761269961,1,interior
0.4175437626152706,0.07753698984113108,1,interior
0.41224334615135344,0.07646657371841889,1,interior
0.8105301621222322,0.07841122171277988,1,interior
0.8088631579966069,0.08500349787089191,1,interior
0.8076647478697563,0.07902042711697248,1,interior
0.807357404317084,0.08218207078634263,1,interior
0.9144318734581158,0.14830463793410992,1,interior
0.9172725196629962,0.14654286569414482,1,interior
0.26712050618617467,0.09824995284143508,1,interior
0.21511180040016842,0.12480180406899018,1,interior
0.21816668626736205,0.12454966825728679,1,interior
0.21406475207874068,0.1308316098858819,1,interior
0.31434239321827057,0.10950214919827604,1,interior
0.31669439818959283,0.10668897576912699,1,interior
0.5786467001020953,0.0842319430139511,1,interior
0.5802645698232736,0.08038314467570068,1,interior
0.7675094083419369,0.08319046486677839,1,interior
0.477712455778838,0.0993683738804978,1,interior
0.4781089575011639,0.10262564893117743,1,interior
0.7456798904133767,0.08280405892525251,1,interior
0.7470014416809612,0.07698133765379252,1,interior
0.7451694008822628,0.07959507312865571,1,interior
0.7021602116965967,0.12012994085244948,1,interior
0.798525289278035,0.0917910555364414,1,interior
0.7950482691535142,0.09340534581699363,1,interior
0.7974644339848169,0.09880051919892588,1,interior
0.832216024850019,0.10874744805912662,1,interior
0.31998057322897633,0.11855894482084753,1,interior
0.6488828421132963,0.0553957929768921,1,interior
0.6520521221019743,0.054652567799545165,1,interior
0.6543008729501062,0.05717351974269691,1,interior
0.45322554237238133,0.1188472592047383,1,interior
0.5610028937701094,0.08503493468131239,1,interior
0.9385031109284029,0.14969661650135194,1,interior
0.9328908371494199,0.15409733045297705,1,interior
0.9352563791233711,0.1484400739937893,1,interior
0.23279434568566745,0.12508280210305306,1,interior
0.5827192845028127,0.07695659173418827,1,interior
0.5789305085069321,0.07711593857945638,1,interior
0.9436856062904452,0.15254937593457338,1,interior
0.9472905086975009,0.1533264363657448,1,interior
0.8581428934370002,0.12026346692032625,1,interior
0.2893724485124266,0.10944370008518323,1,interior
0.39616603171200354,0.09604689119640845,1,interior
0.8074238948910674,0.07525413770406596,1,interior
0.8109317792519427,0.07512031752448066,1,interior
0.8047633755409326,0.08071292088703827,1,interior
0.8045995180999871,0.07717837119106861,1,interior
0.8088937841741792,0.0720135024052334,1,interior
0.8036434328113004,0.07394240129813945,1,interior
0.5294926265945002,0.09946205386419352,1,interior
0.4805017494107366,0.0972817927910564,1,interior
0.4744407849248516,0.09837396048539349,1,interior
0.4772077873738737,0.09562072054142833,1,interior
0.6098967633412524,0.10640687781375635,1,interior
0.43043677800973973,0.08732817354742956,1,interior
0.6882775869654957,0.07869734819823017,1,interior
0.6907494563674413,0.07606200347165751,1,interior
0.6903890024287098,0.06939412788715313,1,interior
0.691556294592959,0.07287962107518976,1,interior
0.7957586382743004,0.09015494217465993,1,interior
0.798017562156109,0.0876347946090668,1,interior
0.8008448561986554,0.08927114331898184,1,interior
0.6700979275067729,0.07672747115484345,1,interior
0.670469405825873,0.08055464891486379,1,interior
0.22850916760941042,0.12137424988916669,1,interior
0.2304951140204082,0.11933742751344112,1,interior
0.6948945857459717,0.07282065214118909,1,interior
0.694170807579881,0.07606013124226552,1,interior
0.693805503566772,0.06971905871320268,1,interior
0.4804790821984667,0.09428497774659843,1,interior
0.47356333545858414,0.0949077095609837,1,interior
0.4754174659020702,0.09267845536626393,1,interior
0.32107949560342114,0.10678259812309061,1,interior
0.32649001931575566,0.101582621575521,1,interior
0.32271544606640373,0.1026419251917083,1,interior
0.3288519801167508,0.10614479345737801,1,interior
0.3242561292887328,0.10815037600088033,1,interior
0.9214639555334222,0.1426789297905597,1,interior
0.9241105654974059,0.14076580380228157,1,interior
0.9266222383932454,0.1424229036278737,1,interior
0.589149374056388,0.07203165712195483,1,interior
0.8613415937900156,0.12013530776031704,1,interior
0.446775709033679,0.09986632660326553,1,interior
0.7295887625557286,0.09800272981035461,1,interior
0.8082691193353737,0.09032459418384162,1,interior
0.488203577909459,0.08658548421894707,1,interior
0.4958315512219436,0.08306716583836114,1,interior
0.4923898906782548,0.08331415866385125,1,interior
0.6632955602558249,0.06584454287200839,1,interior
0.8185244137627474,0.08217080050510216,1,interior
0.8208133800329399,0.0839655728883263,1,interior
0.8207545917039871,0.08711267050263932,1,interior
0.516071881235077,0.0836681243212104,1,interior
0.5149218971421377,0.08014005091529014,1,interior
0.5090072240519398,0.07962225002238023,1,interior
0.5117780742917065,0.07867733718196228,1,interior
0.5079958262789042,0.08218858500440569,1,interior
0.563752144072127,0.08694816111643275,1,interior
0.5665768458551536,0.08685309778491483,1,interior
0.5615555207130463,0.08877120983153604,1,interior
0.22540051633206648,0.12013136186579848,1,interior
0.2277545651247045,0.1269503411082227,1,interior
0.2264754830404966,0.12361354591785105,1,interior
0.3454231591077304,0.09924647092195917,1,interior
0.3420217052644346,0.09961180505838864,1,interior
0.5388351578039055,0.08159462740775361,1,interior
0.5417338582797495,0.0862425919581682,1,interior
0.5271064558506525,0.08905346465496775,1,interior
0.5265762254267757,0.09192828935350622,1,interior
0.31663786845917985,0.10268876809906108,1,interior
0.31936377578036595,0.10439117835228853,1,interior
0.31408260965433493,0.10407187927677497,1,interior
0.3126741242972159,0.10688174759347065,1,interior
0.8644122020562325,0.1197832511005124,1,interior
0.856913279206373,0.12301467595909474,1,interior
0.36419784445275005,0.1017012332939872,1,interior
0.3583238009999503,0.09838825762606128,1,interior
0.3638797828256705,0.09790490557851494,1,interior
0.29407019026796594,0.11931180648714246,1,interior
0.4189748444437921,0.07478687799600507,1,interior
0.33820452110965277,0.10292853276526281,1,interior
0.22969218152890783,0.11296816773771268,1,interior
0.22716211133601513,0.11479562117750643,1,interior
0.41722580352634864,0.08410174434710975,1,interior
0.5275526445446744,0.09752106710523477,1,interior
0.9728410378275467,0.14798509748447772,1,interior
0.97563287991929,0.1476070356937983,1,interior
0.9702331454384097,0.14894230893879176,1,interior
0.36789239387106365,0.10126937782923917,1,interior
0.749426303671864,0.0869557636568079,1,interior
0.7512989722194324,0.09208110991230767,1,interior
0.7465289918990872,0.08688816395357765,1,interior
0.7196046486618002,0.09184828398610131,1,interior
0.7233262596906264,0.0918262063298704,1,interior
0.7206614096943136,0.08974573286825975,1,interior
0.7256961272136787,0.09415706507347628,1,interior
0.22435980455754032,0.12605337150529447,1,interior
0.28376010337938706,0.0986605842149812,1,interior
0.4553265222449107,0.09750172157437724,1,interior
0.4541082526881014,0.09477223819094607,1,interior
0.4521788388458145,0.09942214346928883,1,interior
0.44697879845167643,0.08380220259229805,1,interior
0.44430453697477995,0.08549828884187442,1,interior
0.7630224732546578,0.09088057261777135,1,interior
0.7051896043409203,0.0789915326920964,1,interior
0.700669064929577,0.07472470845841171,1,interior
0.5533663199424766,0.07582115562241255,1,interior
0.5552975654465362,0.07315479336996251,1,interior
0.3228564206315073,0.14113681833632855,1,interior
0.3102591030710524,0.11002710780987304,1,interior
0.3096563998934978,0.11314798124757061,1,interior
0.30710492137189965,0.10861757935807087,1,interior
0.3037047224023286,0.11473977477496557,1,interior
0.3077588188087421,0.11518261600857099,1,interior
0.4091832378154599,0.07585934692513942,1,interior
0.41075033401601974,0.07376511630169004,1,interior
0.413346330210549,0.07373808442249785,1,interior
0.8583938551487158,0.1055265579404222,1,interior
0.8557314759312942,0.1038716018941938,1,interior
0.4718476365752408,0.09115724873139634,1,interior
0.47124925358559705,0.09758721982411768,1,interior
0.47061249499354074,0.09433867748105931,1,interior
0.47870470686055494,0.0921144248114304,1,interior
0.4393212211665336,0.08655421275601251,1,interior
0.8490065312831065,0.10024197728300743,1,interior
0.8462937559649323,0.10180356486828232,1,interior
0.8522084298433598,0.1032936815865856,1,interior
0.5354410414310172,0.08199183806464282,1,interior
0.7902019706694902,0.08310139688832072,1,interior
0.7850140556263843,0.07872733114123706,1,interior
0.7907287825574527,0.08049698950524978,1,interior
0.7890907267877618,0.08543275848037057,1,interior
0.7882512035035023,0.07893202934509183,1,interior
0.4833949295265845,0.08803712916579402,1,interior
0.4827640824251186,0.09163410166709585,1,interior
0.48609197998949166,0.08638767755740975,1,interior
0.8429215165934362,0.10140036682569231,1,interior
0.8474983835891485,0.09680352003462463,1,interior
0.8454100981963005,0.0988973274204837,1,interior
0.9063389044528422,0.13673251526138108,1,interior
0.9055913092240656,0.1331328257829703,1,interior
0.30781765265510935,0.10519356365964032,1,interior
0.31101192011879714,0.10355201672372272,1,interior
0.7261727803535005,0.0890502390111902,1,interior
0.7231218602646952,0.08768322036210277,1,interior
0.3250088941694235,0.09881365420095278,1,interior
0.32939214081146195,0.09866689518270357,1,interior
0.8477601936596492,0.09301408155309823,1,interior
0.8421088095014305,0.09761210844836915,1,interior
0.8501899236637375,0.09666822642080401,1,interior
0.8513064099697795,0.09392874320401638,1,interior
0.8446972913403029,0.09554700651022796,1,interior
0.23216020268478102,0.108376719658092,1,interior
0.2351389894914914,0.10991144860503269,1,interior
0.7086298737465668,0.07926557500608365,1,interior
0.7118274823551622,0.07939068089721475,1,interior
0.7102985843154339,0.08251469664923747,1,interior
0.855521429429618,0.10057607565777928,1,interior
0.8521357821002018,0.09964498971407096,1,interior
0.6027281385652943,0.07193096143492704,1,interior
0.6049341574926151,0.07439892585194992,1,interior
0.8233904198820211,0.08568252367219693,1,interior
0.8241880850308853,0.08268372125686833,1,interior
0.8213285114441646,0.0804273375752784,1,interior
0.3026303902713959,0.10633631130895484,1,interior
0.32795934977396013,0.09652929077953712,1,interior
0.4310159093586187,0.0837955438887391,1,interior
0.5068050860938191,0.07738228234004332,1,interior
0.49855414366348166,0.07681167108915359,1,interior
0.5041861463034418,0.07709358155336209,1,interior
0.5012739412878648,0.07688213690783055,1,interior
0.21002206981274227,0.13985617072596143,1,interior
0.9644100023229589,0.1503176915941488,1,interior
0.9673702602444955,0.14832566339334988,1,interior
0.309304293884818,0.11824297936310152,1,interior
0.31254532110324945,0.12031519808180034,1,interior
0.7169623276313187,0.08913312962273354,1,interior
0.25903485071164034,0.09534585253562115,1,interior
0.26466813237799064,0.09410518514209068,1,interior
0.2588350922622882,0.09207585070728334,1,interior
0.2614128937953956,0.09007328776552237,1,interior
0.25757772309897975,0.09763558784725689,1,interior
0.7271711815881844,0.09193546570858908,1,interior
0.724049532721567,0.0985817831638946,1,interior
0.7304427035187621,0.0926961770579946,1,interior
0.4583615627089687,0.09974925620003348,1,interior
0.45517903853958375,0.1008964952878516,1,interior
0.4593139198452855,0.09679349332942755,1,interior
0.45730689051413903,0.09429595752696246,1,interior
0.5856107192101913,0.07420889060943492,1,interior
0.6596900250560683,0.06416197326321672,1,interior
0.6621166367382976,0.06262415634077309,1,interior
0.6576911792080826,0.06621039464194556,1,interior
0.8364326786842707,0.1115566255665849,1,interior
0.8379280826856199,0.11757846955733897,1,interior
0.39874372572832917,0.0971762652577298,1,interior
0.8182218698763961,0.07953964555275712,1,interior
0.7443742522080078,0.09348472242959187,1,interior
0.7463077105833095,0.09066730410156097,1,interior
0.5116547484485843,0.075405526383082,1,interior
0.5090908830313144,0.07637108643650106,1,interior
0.5058213867998014,0.07994523940123667,1,interior
0.23493563929507985,0.12271399535475387,1,interior
0.22974517333053693,0.12466451775806292,1,interior
0.3051975479097698,0.10394976041394349,1,interior
0.30250753120296076,0.10307019196578183,1,interior
0.23839038049191183,0.11166934266996159,1,interior
0.2423370339581136,0.11598477809909276,1,interior
0.2408770267432973,0.11322472338414658,1,interior
0.8350428702130385,0.10854009861545004,1,interior
0.8382072041691169,0.10900281524449747,1,interior
0.8303277356902231,0.11071402572383882,1,interior
0.351550626406536,0.09803918765360334,1,interior
0.34862040152269347,0.09875301560205442,1,interior
0.5309526353340387,0.09648051409991325,1,interior
0.5289631117826152,0.0940892892356826,1,interior
0.2563978746067896,0.09061678454921922,1,interior
0.26472170349072455,0.08879294898344202,1,interior
0.2584134392783984,0.08803213228538545,1,interior
0.26208157053382297,0.08624580619214228,1,interior
0.8235949786718191,0.0920085696599117,1,interior
0.8243483400119581,0.08868041336123766,1,interior
0.9414509988475963,0.15016919381989652,1,interior
0.28870852887199083,0.09776848434502913,1,interior
0.7941382547788528,0.0876101808738235,1,interior
0.3843328673636615,0.09107702671152082,1,interior
0.8423395444594023,0.10460349139778487,1,interior
0.8401842358147409,0.10665213011120449,1,interior
0.4682921148142454,0.09636428459629016,1,interior
0.4718256842067226,0.10108797616295379,1,interior
0.46546486702816653,0.09787393712018931,1,interior
0.6307224201269092,0.07482143376853732,1,interior
0.6239996740464365,0.07367500727988428,1,interior
0.6278235386988952,0.07388378772251004,1,interior
0.6252831207347572,0.07669242269411605,1,interior
0.8002053701075725,0.07264305534303267,1,interior
0.8011672596451476,0.07606740481308612,1,interior
0.8039812138724414,0.06836630823735784,1,interior
0.8072446122300901,0.06882419712151944,1,interior
0.46211092915563684,0.09923820453018084,1,interior
0.45747135203269096,0.10291325342753173,1,interior
0.9065400907156701,0.12902187517337663,1,interior
0.9030805754431833,0.1303408278007505,1,interior
0.9086701578593107,0.1313133126869875,1,interior
0.9094388937989668,0.1345616599020395,1,interior
0.7656557146202618,0.08570963645684783,1,interior
0.4334688378706703,0.08647994015394204,1,interior
0.5326929487468774,0.09317682707296829,1,interior
0.634758936332606,0.0683349525014957,1,interior
0.6414124861478053,0.06685688110488472,1,interior
0.6392656567122005,0.06494200108669253,1,interior
0.4176466296364997,0.07307936564582071,1,interior
0.9043724115179143,0.14216616627864512,1,interior
0.943845517584117,0.14864628562133433,1,interior
0.9408824208046555,0.14724798289183955,1,interior
0.9435523928531412,0.14511777116233,1,interior
0.9379006541824773,0.1468387049775082,1,interior
0.5521590104606396,0.09038798985962833,1,interior
0.5143869631707632,0.07636621648900226,1,interior
0.3972328843613567,0.08373345290363784,1,interior
0.3947186510415216,0.0841068205133241,1,interior
0.4597745878258859,0.1077489511236173,1,interior
0.5645808869736443,0.08405423669759875,1,interior
0.5676414580021452,0.08382229027101895,1,interior
0.7220795922003502,0.10456794160354277,1,interior
0.7966917108357734,0.07140352476783968,1,interior
0.7978380467781938,0.0751242572090076,1,interior
0.8002290674092695,0.0688947600632046,1,interior
0.6593876141935283,0.060924011641725784,1,interior
0.34109035610926725,0.10267341860332439,1,interior
0.34347025537861703,0.09607294162946821,1,interior
0.3401677274707798,0.09645688353361358,1,interior
0.3378855856350822,0.0999886437881195,1,interior
0.7408283161217099,0.09437223373559583,1,interior
0.610808287640831,0.08221603566472767,1,interior
0.343480311992243,0.10947549494446389,1,interior
0.8827892841814271,0.12064655856560073,1,interior
0.880557277494024,0.12260529241389376,1,interior
0.8883756763426561,0.12405005380715046,1,interior
0.6031278229700286,0.08349210615535126,1,interior
0.3727953418882171,0.08349260713203045,1,interior
0.37004232246604474,0.0853748554382298,1,interior
0.7128137403375383,0.0845661787253319,1,interior
0.7128720883478996,0.08817987102602808,1,interior
0.7141945428165494,0.0813997127135694,1,interior
0.7375145619914708,0.09524518896397953,1,interior
0.9326616376663374,0.15028095751294457,1,interior
0.7070478778841158,0.07605918393405912,1,interior
0.710693125047341,0.07635369137510338,1,interior
0.19980862565068674,0.15994135277467245,1,interior
0.19573504545767376,0.15499988496747225,1,interior
0.19584088080860043,0.15786699015691966,1,interior
0.6208542046759679,0.07329401009839041,1,interior
0.30801303548896225,0.10195774210595397,1,interior
0.3137061533495316,0.10038545798309431,1,interior
0.309803650639623,0.10684453819324005,1,interior
0.3106617853109331,0.10005567110174726,1,interior
0.3993853872437954,0.08185038862941067,1,interior
0.4069112484443857,0.07829574271848104,1,interior
0.404256149776247,0.07876892215828972,1,interior
0.4018738418551801,0.08042435023708809,1,interior
0.4020424322184631,0.07750191178903827,1,interior
0.4859201321066459,0.09343950106000888,1,interior
0.4798470193836058,0.0891177717335052,1,interior
0.6877231051676252,0.11122492328771415,1,interior
0.8840828632916781,0.12775614435763896,1,interior
0.8531223127057285,0.11251562692889124,1,interior
0.6834527644320864,0.064638730810246,1,interior
0.6358131161274079,0.06547896052841097,1,interior
0.6321592771804412,0.0656098006937604,1,interior
0.6310520688962319,0.06868794588801765,1,interior
0.7052989768640678,0.0728361507922319,1,interior
0.7090750085066633,0.07331888691576681,1,interior
0.3021118126934613,0.1180827326575914,1,interior
0.9090793110012004,0.14507992510426954,1,interior
0.908351207827847,0.14215598896495066,1,interior
0.3194688976271382,0.10155021899141732,1,interior
0.4552885155434594,0.09202297351999662,1,interior
0.6349167867131627,0.07689392972875418,1,interior
0.6340520502293919,0.07403169756052279,1,interior
0.6860448335548194,0.08469657732996087,1,interior
0.26982654777314263,0.09102281473420414,1,interior
0.2669496933042891,0.09166991949311983,1,interior
0.29661498066710945,0.11675429856511656,1,interior
0.47706623466032394,0.11410428744062762,1,interior
0.47600436929983014,0.08999498769076043,1,interior
0.3985942724298526,0.07816367572565149,1,interior
0.8678940874062571,0.12002227029402346,1,interior
0.8666966222108025,0.11683993528361536,1,interior
0.8890682146817931,0.12770953954844366,1,interior
0.8861047273688362,0.12181422215898963,1,interior
0.8899087052070626,0.12079909137996944,1,interior
0.8908650191169026,0.12437829660775009,1,interior
0.8939996425970786,0.12453913945437071,1,interior
0.9149176039832037,0.144432195903425,1,interior
0.3449918186223331,0.09227240806585796,1,interior
0.34664464717093524,0.09567522318235434,1,interior
0.6065693366769213,0.07735127432554816,1,interior
0.27863315361048474,0.10352948723878923,1,interior
0.5506552642528428,0.07501416259404099,1,interior
0.8263513242164174,0.08543447017972812,1,interior
0.8285819231912354,0.08867691423639656,1,interior
0.9655039080340493,0.1451985015026722,1,interior
0.9643122596525109,0.1477077399411208,1,interior
0.9706051188722146,0.14640240797122675,1,interior
0.6504345348514402,0.05150401282184539,1,interior
0.6533773242354219,0.05179000587149259,1,interior
0.6552205152346806,0.05396379458666559,1,interior
0.7710536483650018,0.08151988992290815,1,interior
0.7739144425192255,0.08274153926852189,1,interior
0.49396889580695813,0.08070357106486022,1,interior
0.49671874433719526,0.07941324760545676,1,interior
0.4999031085929513,0.07986178684278777,1,interior
0.8135101592139965,0.07788435144569175,1,interior
0.8141966741813081,0.07438638957022471,1,interior
0.9517054952934064,0.14969203377479953,1,interior
0.9578160043982497,0.1497970045794037,1,interior
0.9542430290509584,0.14815277370503807,1,interior
0.2683957434897425,0.08797747672926329,1,interior
0.2637634942223873,0.0916143846790555,1,interior
0.749263185878788,0.07407576340120915,1,interior
0.7530766620714348,0.07527099293215748,1,interior
0.6651475554431914,0.06256909515836435,1,interior
0.9394956053393391,0.14441634225125283,1,interior
0.9213377790137582,0.1389254139148945,1,interior
0.9238163238397692,0.13714709992465537,1,interior
0.9272112643225758,0.1387413203997782,1,interior
0.9192970047043755,0.14073348901824145,1,interior
0.35343578885302335,0.0952949804868654,1,interior
0.3518217962994332,0.0924784675330531,1,interior
0.3499149433098602,0.0953776873924609,1,interior
0.28639514969536506,0.0957722515380335,1,interior
0.2934414497514198,0.09657010789745095,1,interior
0.2893031040977464,0.09356123509248146,1,interior
0.6044799401484092,0.08066109678843156,1,interior
0.6080845303168274,0.0805175072939754,1,interior
0.5690509253450496,0.08925509275925776,1,interior
0.8545164311711195,0.12400031523048999,1,interior
0.6279728694053329,0.08127529472551974,1,interior
0.22099004648218482,0.1253648562764434,1,interior
0.7922321886975987,0.08535235964877978,1,interior
0.9261106161148301,0.13479915847876842,1,interior
0.9203861126060472,0.1352491037973434,1,interior
0.923385289680019,0.13398949762363768,1,interior
0.4004482305293397,0.07619396850854063,1,interior
0.2750137511758345,0.08911976404886146,1,interior
0.6571483157933142,0.05640458960534861,1,interior
0.6569347393827359,0.05941594651457399,1,interior
0.8483248730510181,0.0885015042295146,1,interior
0.8452183830656336,0.08968883434427195,1,interior
0.8525906226220722,0.09177786502479278,1,interior
0.36674426039082236,0.08983422843184324,1,interior
0.36687090578322845,0.09630602516528965,1,interior
0.3021049121426325,0.09980835813653816,1,interior
0.2824583503191304,0.09525920299921874,1,interior
0.5843369155975427,0.0916368092014566,1,interior
0.31737678240762135,0.09889656684998198,1,interior
0.3147299517517211,0.09711347163138392,1,interior
0.6104691065423639,0.07670293003847907,1,interior
0.6112561476394132,0.07966389341736188,1,interior
0.7409295598565101,0.09101000342239857,1,interior
0.7375985500685353,0.09213580329473758,1,interior
0.2602223249215708,0.1025272054462395,1,interior
0.7813167283559114,0.07851811410399344,1,interior
0.7831285823921966,0.07545400835479514,1,interior
0.3051455022659619,0.10076282932140186,1,interior
0.3079929725687843,0.09857478633977675,1,interior
0.5445396277791362,0.07398534323567083,1,interior
0.5469590303679892,0.07292263964698853,1,interior
0.5480163570910266,0.07533593813362738,1,interior
0.7769653351972655,0.08237551979729624,1,interior
0.7775612116184438,0.07859711573446469,1,interior
0.9461288723225177,0.15034899281379,1,interior
0.858883184124628,0.10255870072563088,1,interior
0.9489913995032597,0.1499012232290995,1,interior
0.9287248634287151,0.14921281220754712,1,interior
0.5717314396787344,0.0867211023559983,1,interior
0.7680154403742114,0.08003613410028139,1,interior
0.6978272461435667,0.07442329672729353,1,interior
0.7873358956494414,0.0756368867734141,1,interior
0.7845627727162648,0.07246269847724539,1,interior
0.7807723657590984,0.0724247757982122,1,interior
0.7794190553885115,0.07537547044914256,1,interior
0.7438175616304985,0.0892360836670406,1,interior
0.7411752005248985,0.08782176352145858,1,interior
0.7388833061128979,0.08594198982868391,1,interior
0.27167398074813837,0.08935024619539356,1,interior
0.7433267592463809,0.08498507280755965,1,interior
0.7419523054077736,0.0808333335871223,1,interior
0.9317764382581711,0.14615176016585454,1,interior
0.9356730884174755,0.14498347071721107,1,interior
0.6887870341038099,0.06656897436021401,1,interior
0.6857191531904314,0.06659340070311492,1,interior
0.24571449867025327,0.11579927919629178,1,interior
0.24738552794972982,0.11841290714236216,1,interior
0.5253989906132567,0.08667968682608458,1,interior
0.5746066219456214,0.08421100709569977,1,interior
0.5769106515641326,0.08740562474488794,1,interior
0.5763464827605966,0.08037107591991603,1,interior
0.2198948285852718,0.12162394452871453,1,interior
0.22321854459359627,0.12257163686541968,1,interior
0.5434502899048662,0.06998088421220612,1,interior
0.5493814479441557,0.07188034475650869,1,interior
0.5487661530622335,0.06776923238942287,1,interior
0.5297580308741557,0.09065730246247812,1,interior
0.5753281552067578,0.08977268701511197,1,interior
0.31694188151924235,0.09449662011110968,1,interior
0.32243493237442855,0.09563963296245002,1,interior
0.3196511416273243,0.0936535429211343,1,interior
0.3139430006352223,0.09417790964327763,1,interior
0.3212502211776494,0.09912127166212825,1,interior
0.5198553087132162,0.08416344551620775,1,interior
0.8949452584448249,0.12710123743015114,1,interior
0.8941705477283161,0.12969590053366098,1,interior
0.892188583725769,0.1272307554104206,1,interior
0.9181190590813065,0.13789722240332122,1,interior
0.6287968632703966,0.07077454806071651,1,interior
0.25391311496794844,0.1070196646243688,1,interior
0.25652194436148473,0.1105176863068928,1,interior
0.25717279696792766,0.10447719302678256,1,interior
0.9090765484183686,0.13843966816425415,1,interior
0.9119061445588313,0.1312342375574921,1,interior
0.9132605150252266,0.13437283766660735,1,interior
0.9116687552008182,0.13700031167580046,1,interior
0.3352311526969808,0.0980868269089547,1,interior
0.33253911275500164,0.09731577656053539,1,interior
0.49091471440425494,0.10256561944425635,1,interior
0.4695527485203133,0.08761786796185672,1,interior
0.46780212629685225,0.09284301556749984,1,interior
0.47327978248136576,0.08790518571257804,1,interior
0.3278276607684756,0.09350046684440311,1,interior
0.3311175539007723,0.09466334938892076,1,interior
0.648449238615175,0.1279277250370941,1,interior
0.8703384664244425,0.11713846729948256,1,interior
0.842279717763326,0.09125490321043135,1,interior
0.84118392803448,0.09390099038634234,1,interior
0.7199364519204264,0.08746369268198087,1,interior
0.7212669987958055,0.08509380716337038,1,interior
0.8539392418261905,0.09681664419390935,1,interior
0.8544442696903124,0.09331820335277481,1,interior
0.8505780710443882,0.09062106727262877,1,interior
0.33798782611874845,0.09295248994570968,1,interior
0.3347405851158223,0.09482667017243389,1,interior
0.4961032201752594,0.07493217887599046,1,interior
0.4937223049593318,0.0776723912011455,1,interior
0.532216903463437,0.08386860486413723,1,interior
0.6028838923157545,0.06899468942457096,1,interior
0.6013946940858547,0.06382493259908016,1,interior
0.5986587763510004,0.061999027941199214,1,interior
0.4908771026997782,0.08003644940406664,1,interior
0.3015746635528997,0.09613312191805713,1,interior
0.29853437513597325,0.09621511314037046,1,interior
0.5724672253811217,0.08098297707487871,1,interior
0.19468351220403543,0.15133628929487927,1,interior
0.19248431851753608,0.1544828923915991,1,interior
0.19326384499887916,0.15680933700484825,1,interior
0.8340208265971523,0.10030714317384293,1,interior
0.8337048655640272,0.10319696713796889,1,interior
0.8366607509760762,0.10547053548352416,1,interior
0.6676534864796199,0.06071241991488242,1,interior
0.6704886218609224,0.06071605235102203,1,interior
0.21098980410102253,0.13677038539578548,1,interior
0.24758014378116197,0.11260985803316872,1,interior
0.25077631183185495,0.1132348309271791,1,interior
0.2439019005577955,0.11300931350176839,1,interior
0.34827543291305946,0.09235982511133418,1,interior
0.3555963111004163,0.09199181344024487,1,interior
0.3530672462950466,0.08945032677130543,1,interior
0.35014669069856375,0.08993652900618512,1,interior
0.35680603097153485,0.09555148715567911,1,interior
0.7499116913718966,0.0706416160352418,1,interior
0.746829877597107,0.07094169815511504,1,interior
0.33284637835438957,0.11079386451677971,1,interior
0.5354779499196318,0.09130962307783899,1,interior
0.36658074054121825,0.09910164852313644,1,interior
0.3661004053255308,0.09296164615497639,1,interior
0.3638877876990373,0.09512493187475851,1,interior
0.8056538025448847,0.0716009500719126,1,interior
0.8118753233988437,0.07225154728010677,1,interior
0.8087189377328456,0.06651597507779368,1,interior
0.4684792681809604,0.10000220269511757,1,interior
0.5642572097608243,0.07892212616830958,1,interior
0.5626574663286198,0.08151235356184273,1,interior
0.5663002641374176,0.08074171839675803,1,interior
0.5696411576425019,0.07869569223521135,1,interior
0.5670598312784849,0.07688905512900365,1,interior
0.56397903465378,0.07648512446139676,1,interior
0.5692597878019507,0.08145342974727857,1,interior
0.6307260771787895,0.08928169886630713,1,interior
0.46527134576281376,0.10039226419882423,1,interior
0.4627035172569498,0.09599722673406637,1,interior
0.4605650679929046,0.10214931479001217,1,interior
0.5654599034477804,0.07424238797963931,1,interior
0.8846647032708157,0.1186995153442371,1,interior
0.8049748832721049,0.0846468824971864,1,interior
0.801573434619001,0.08223504392071594,1,interior
0.4386249559561701,0.13149665844430466,1,interior
0.6185061913738836,0.0764097010056028,1,interior
0.6816886880776999,0.09528284801855623,1,interior
0.4656647474814627,0.09511830662529586,1,interior
0.46819259682349124,0.08989092483895605,1,interior
0.5519766698851951,0.06700960183643738,1,interior
0.5469378936492245,0.06371973235338622,1,interior
0.5519030877123128,0.06956012670239411,1,interior
0.5454289900241094,0.06693199914296438,1,interior
0.8659371721182173,0.11341374012621018,1,interior
0.20790200234941453,0.16110233080863545,1,interior
0.9793532046329787,0.14877811337642244,1,boundary
0.7883717601237824,0.07180214855058735,1,interior
0.7916356571381036,0.07743490679281695,1,interior
0.869021357865131,0.11426338193638821,1,interior
0.8629735355835102,0.10928017673643024,1,interior
0.8656692646148763,0.11016073548523812,1,interior
0.29597795335547095,0.09451041587147689,1,interior
0.29916419754374274,0.09325936778072723,1,interior
0.8928876198493321,0.12179514983024016,1,interior
0.8874887592299512,0.11821281586156823,1,interior
0.8935675893402061,0.11839363919713974,1,interior
0.8902595488720365,0.1174082845232967,1,interior
0.8395208534621571,0.09972797498591353,1,interior
0.8387386179184612,0.09621941909804525,1,interior
0.8443773837686438,0.09282106188967557,1,interior
0.19108133553636333,0.15161747892522526,1,interior
0.18968132440094704,0.15479813153783473,1,interior
0.18959560679362578,0.1575740364036196,1,boundary
0.3052611925170699,0.10680535246030112,1,interior
0.6919160851541374,0.0785999081982778,1,interior
0.3665264299624402,0.08403332021397968,1,interior
0.3674697485393394,0.08700076620293581,1,interior
0.375411275258949,0.08416078664312335,1,interior
0.8322425522826917,0.0976568655560609,1,interior
0.8361817689502224,0.09836670563187411,1,interior
0.42617996377368567,0.07946254145531499,1,interior
0.29282881626117796,0.09284159276207236,1,interior
0.2903828823722591,0.09067502382904175,1,interior
0.28690555197639994,0.0918558640364757,1,interior
0.29041165583256295,0.09585980771445357,1,interior
0.5982131154712659,0.05814221396320286,1,interior
0.6022722838890785,0.06009259655539541,1,interior
0.595737350193323,0.0633505543480747,1,interior
0.5952795493093124,0.06047125048955407,1,interior
0.2643482423631212,0.08313531437839648,1,interior
0.26136971458254066,0.08240660062850524,1,interior
0.2568173694377969,0.0845626150967731,1,interior
0.2656417771836576,0.08585789558136239,1,interior
0.7329973266691165,0.09714975016174468,1,interior
0.734192882637005,0.09399883563444143,1,interior
0.3932947518072685,0.09496360205237431,1,interior
0.8577127452527034,0.09752386835334177,1,interior
0.5741944081354046,0.08739489586488716,1,interior
0.4558854122575136,0.08915853479226685,1,interior
0.45869748392681375,0.09059895631559133,1,interior
0.4606063844694539,0.09349471345906142,1,interior
0.38835277122567174,0.09217822610589109,1,interior
0.29371922594557415,0.08835397022708802,1,interior
0.2904363884184368,0.08735502622149348,1,interior
0.2963090628945308,0.09089774279882273,1,interior
0.7524405213820784,0.0720399033119009,1,interior
0.7488289890691966,0.06740772293755443,1,interior
0.752383047429502,0.06853646167550327,1,interior
0.7929906479007143,0.08248336569342381,1,interior
0.7957539300354824,0.08423959936864223,1,interior
0.3592736562926661,0.09003888372648605,1,interior
0.3588554705447888,0.09314946951291322,1,interior
0.35598025615344714,0.08834543103463806,1,interior
0.8325144255251362,0.08892534604003068,1,interior
0.8308821988843551,0.09188386726798375,1,interior
0.8313214319382644,0.08606180049943778,1,interior
0.28665777908131596,0.12546618151149908,1,interior
0.31128149882886336,0.09638675848969801,1,interior
0.7170912270570116,0.0825122903766453,1,interior
0.7143611819018735,0.07697263033703791,1,interior
0.717234266949263,0.07934233029724262,1,interior
0.7154035343554018,0.08528825486373826,1,interior
0.3799614479185871,0.08521521705503728,1,interior
0.375600881390742,0.08090761720843588,1,interior
0.37819602668137,0.08293928353102845,1,interior
0.36449217787681004,0.08709228910865836,1,interior
0.3620807338734222,0.0927372232497718,1,interior
0.3632262070976327,0.09011589135980992,1,interior
0.35580508730798405,0.08468549333953956,1,interior
0.3582920009144576,0.0866623489835818,1,interior
0.36115269584958587,0.08699411920649906,1,interior
0.35354345888278743,0.0864851991191616,1,interior
0.5402844140832611,0.06879772442795748,1,interior
0.7488710418212053,0.08991489362370703,1,interior
0.7264225841280041,0.09705110406809898,1,interior
0.8058543458339094,0.0651449734202588,1,interior
0.8037001445276669,0.06276751547036405,1,interior
0.8026416937977519,0.07096023327519527,1,interior
0.8513700088991127,0.08755586194972859,1,interior
0.8496593511665578,0.08427716179335829,1,interior
0.8462833394138974,0.08588788378214725,1,interior
0.366689922997062,0.08009624162417393,1,interior
0.3645364730983987,0.08203888206330545,1,interior
0.3627743816241779,0.08408198388240275,1,interior
0.3696455502320284,0.08217089583778758,1,interior
0.9336261975655217,0.14252038996033103,1,interior
0.6972468628174706,0.07074106754655136,1,interior
0.7013133697819133,0.07177335084260916,1,interior
0.8330199484261901,0.10611540732789297,1,interior
0.4646465660919476,0.10552211630834585,1,interior
0.5095482762544093,0.07325924786233083,1,interior
0.5709368103043163,0.08381331170717636,1,interior
0.6627881767182423,0.05969077200870251,1,interior
0.6605699775115851,0.056986764829839706,1,interior
0.720188625590411,0.0783576640121528,1,interior
0.720135783608253,0.08200489826343839,1,interior
0.5379999581758375,0.07172122510521146,1,interior
0.5410598568951185,0.07251547608109493,1,interior
0.5374707650030528,0.06657177800285806,1,interior
0.5425461298644478,0.06682561183628608,1,interior
0.5379530594781216,0.06915221501848898,1,interior
0.5402607592985263,0.06483405248262958,1,interior
0.4414701979837728,0.0846038572530312,1,interior
0.4435990341279268,0.08133245636571927,1,interior
0.44691122215626544,0.08092704701499125,1,interior
0.28477259176851516,0.08865334212480434,1,interior
0.2839517084256948,0.09215329004947685,1,interior
0.2873720468547966,0.08695880674051254,1,interior
0.2783509989216671,0.09054965428311867,1,interior
0.46234766469198196,0.09036597074035306,1,interior
0.4639939563345626,0.09304139893704126,1,interior
0.7786572206865685,0.06915831376951402,1,interior
0.7772399043379967,0.072446545389325,1,interior
0.7851159622093214,0.06905695702762615,1,interior
0.8396871378751919,0.10323533083492765,1,interior
0.3918898908487365,0.09235681722863859,1,interior
0.7742944443593572,0.07994050531779102,1,interior
0.7712210620730797,0.07840400259183221,1,interior
0.5381748576156041,0.07528675320233369,1,interior
0.53717181422043,0.07874007767685963,1,interior
0.5414774748766591,0.07569644538121327,1,interior
0.9307889363075147,0.13787742129463645,1,interior
0.9299174359570621,0.14199606042864305,1,interior
0.928868787230509,0.13572835390133972,1,interior
0.34171919325979805,0.09282530307082765,1,interior
0.3341538204586599,0.09121065788073082,1,interior
0.9740265752307703,0.145543430682499,1,interior
0.4612465347409403,0.08752183824921927,1,interior
0.45778148019345616,0.08696475731466517,1,interior
0.5873653816278875,0.06844461157456151,1,interior
0.5892132828512505,0.06547424100166825,1,interior
0.5164205106077376,0.07354957136590311,1,interior
0.5191390301373984,0.0736983515548158,1,interior
0.517843468119507,0.07719464303247663,1,interior
0.2926630574953467,0.08412274946522845,1,interior
0.2977121429750664,0.08705093180082546,1,interior
0.5317452499071488,0.08083854345888526,1,interior
0.21057153867560974,0.1271188935853838,1,interior
0.21356536358918446,0.12763221209648146,1,interior
0.8787342241127316,0.13650989747299497,1,interior
0.23871509280428016,0.1080013973154225,1,interior
0.24169050748997578,0.10982930741925202,1,interior
0.4666132440344404,0.10293872749063963,1,interior
0.8694471442375662,0.11092007048453557,1,interior
0.5878978865677014,0.07514356241500203,1,interior
0.623159758330396,0.06936785067781515,1,interior
0.6185498266873616,0.07021896688394398,1,interior
0.617625996037037,0.07344119787869294,1,interior
0.49256372571753326,0.07444059203999688,1,interior
0.4972544804906179,0.07107544566540362,1,interior
0.49992371744350617,0.07344192661261705,1,interior
0.9903187453430066,0.1448932298643467,1,interior
0.987712636701511,0.146530597916691,1,interior
0.7481373913919546,0.09329688692457226,1,interior
0.7568285828389681,0.07525591349834236,1,interior
0.499750932577389,0.09440407569835792,1,interior
0.896426108962651,0.12189733300264716,1,interior
0.8972604649465586,0.12545614761790694,1,interior
0.8972615129707092,0.12880800283061813,1,interior
0.644037489372833,0.06097978884829879,1,interior
0.6463118595654339,0.0580855604566167,1,interior
0.6427261369220681,0.06446485410971069,1,interior
0.9612312658461234,0.1513759284875925,1,interior
0.8822982699375075,0.11416481097581166,1,interior
0.8880886415049883,0.11448252497028791,1,interior
0.881529178742684,0.1169998093881132,1,interior
0.3624636667420849,0.08024031029631944,1,interior
0.368204543458648,0.07630575311253206,1,interior
0.3703127288074726,0.07897006401877722,1,interior
0.9633597436397733,0.14255953866553628,1,interior
0.9615121702610129,0.14865135706962765,1,interior
0.967250537201202,0.14222864271002728,1,interior
0.962293525762794,0.14549070096519934,1,interior
0.8420646209391295,0.08885458805765431,1,interior
0.6058998908521719,0.06998896813646376,1,interior
0.6081108766198061,0.07372547979615136,1,interior
0.395643344564832,0.08073585484415635,1,interior
0.3922721141056466,0.08596634818726805,1,interior
0.5443734361014482,0.0610602654144279,1,interior
0.5521121242485308,0.0621339355460425,1,interior
0.5433538099516517,0.06385187549455763,1,interior
0.5493880246347421,0.06173477704594328,1,interior
0.8610514957158396,0.10705838503485254,1,interior
0.8622929972594313,0.10401365560148479,1,interior
0.29306079440147437,0.08054222504609915,1,interior
0.2888432700738965,0.08455935106110092,1,interior
0.29619892601380926,0.08124093221358822,1,interior
0.29546386585441203,0.0848006477472471,1,interior
0.2900261136299608,0.08165531217625067,1,interior
0.7411505921617928,0.085339527673261,1,interior
0.7376625483049152,0.08848432052241006,1,interior
0.5917930364376085,0.06268616045140396,1,interior
0.20734141189106622,0.13182259778543584,1,interior
0.20746153924730107,0.1279215878455064,1,interior
0.7110548588176715,0.07025032070343584,1,interior
0.7126713065960076,0.07332298317744276,1,interior
0.708486564255807,0.06761254925840608,1,interior
0.5061499035659015,0.07433369101565442,1,interior
0.9004651274617964,0.12045657759287166,1,interior
0.899949226968638,0.12376063638433649,1,interior
0.3045032007044858,0.0946744503251769,1,interior
0.30259188128287723,0.09229068404986951,1,interior
0.9507704656890587,0.14609142988830107,1,interior
0.9567346286255607,0.14688755496049608,1,interior
0.954328969591942,0.14482056709631572,1,interior
0.7032854098655851,0.07575078921066765,1,interior
0.7882473525406741,0.06804861902664082,1,interior
0.7818910339660717,0.06639729894734009,1,interior
0.7821017847943026,0.06980578848876237,1,interior
0.7856122070449779,0.06577877024346668,1,interior
0.9780355712519198,0.14604356916181632,1,interior
0.1978357112370627,0.14597536307625672,1,interior
0.20054825383364983,0.1418170042937517,1,interior
0.20107107723922585,0.1482113585571363,1,interior
0.20296722157970926,0.15151349965638158,1,interior
0.3374363861623046,0.09646263751832432,1,interior
0.8396997496558202,0.11231581049082517,1,interior
0.8434345460338069,0.08447455509912769,1,interior
0.8453788611565364,0.0821093962528441,1,interior
0.8436320483161517,0.08703176803264762,1,interior
0.4804840797631383,0.08545712820253717,1,interior
0.8006030324142807,0.06290287160977516,1,interior
0.8065797887152403,0.06082712357413973,1,interior
0.8024286747571708,0.05981883620448935,1,interior
0.7994936091032512,0.06576311951694466,1,interior
0.4402067073508114,0.08190582779702621,1,interior
0.4381641742856337,0.08384465160733845,1,interior
0.5343471785605364,0.06709083516478416,1,interior
0.5343463570533796,0.07281918394451643,1,interior
0.9166647631886397,0.13474322935691707,1,interior
0.918597284824866,0.13186575292569178,1,interior
0.5131449096607836,0.07245263563171597,1,interior
0.5103561086186165,0.07003304410290315,1,interior
0.23767971614678593,0.10413590182346032,1,interior
0.24136780004204655,0.10529786664000172,1,interior
0.23638761474684683,0.10692100430429408,1,interior
0.48539197464127776,0.10023643196339353,1,interior
0.22996700034610143,0.10634716034506535,1,interior
0.23394072938864516,0.10582414892002777,1,interior
0.22927860993280183,0.10971883567023956,1,interior
0.3956850736185106,0.0925992035281651,1,interior
0.6064543559588902,0.06593757777582429,1,interior
0.6094813566342719,0.07038744591902221,1,interior
0.9469182478966863,0.14703610185003874,1,interior
0.2535379413380064,0.1111697145312656,1,interior
0.9116717877276536,0.14329157727738984,1,interior
0.7448021583016401,0.06808464519613154,1,interior
0.7492918890658445,0.06432110070525435,1,interior
0.7457173525844087,0.06450999617320036,1,interior
0.9116818303289372,0.14658095509016206,1,interior
0.255747582415071,0.09451744557722147,1,interior
0.2522027266606703,0.09328654200180242,1,interior
0.2542102097411991,0.09118379935451615,1,interior
0.9587765770996312,0.15264893288750797,1,interior
0.9809716907351579,0.14466873652013304,1,interior
0.9753981578654544,0.14328912226425014,1,interior
0.9785878511446728,0.14300216172849678,1,interior
0.9773479381506956,0.1402042769347576,1,interior
0.6414390920001566,0.059139723389296475,1,interior
0.6433122134678481,0.05719999860594658,1,interior
0.6406472331676488,0.06209749843787463,1,interior
0.4907518167099851,0.07694193157122356,1,interior
0.28108490465921554,0.09220258295218009,1,interior
0.28141699699776496,0.08914313341824372,1,interior
0.2820776952638853,0.08590944687270531,1,interior
0.28529783292965516,0.08511632935340781,1,interior
0.2551703735143096,0.09872692080555666,1,interior
0.503784094642053,0.07137729467922245,1,interior
0.5029197858249815,0.0743856797448062,1,interior
0.5006203660922398,0.06972035694070082,1,interior
0.2542721966449044,0.08742574017980662,1,interior
0.2520498210571432,0.084268404440371,1,interior
0.2560299286089871,0.08105451241889866,1,interior
0.2594116822443032,0.08469904506807331,1,interior
0.8324411490568646,0.09450432966280815,1,interior
0.3309643957963863,0.13235328698809615,1,interior
0.7284355164995677,0.09484019908399687,1,interior
0.8511180998850569,0.08089027482490277,1,interior
0.8530722889246926,0.08290108817418596,1,interior
0.8484567434857722,0.08026623773946667,1,interior
0.9115928110979693,0.1400754871859931,1,interior
0.9066413885009446,0.13994914694148003,1,interior
0.28769404878691407,0.0797145645030853,1,interior
0.2905705488244519,0.07821903712059448,1,interior
0.3884667275115139,0.08625365031159819,1,interior
0.38917629906118706,0.08325079294582063,1,interior
0.39229533261500643,0.08221143561815931,1,interior
0.39046961781086714,0.08918052616881705,1,interior
0.3937730259897887,0.08939846787201411,1,interior
0.31831380844103485,0.12092574703291685,1,interior
0.5804404550752063,0.07431887352314649,1,interior
0.5829359392407785,0.0733156766577576,1,interior
0.9595173615292328,0.1464116325507824,1,interior
0.9597029880288613,0.14270112221482822,1,interior
0.42176549311284317,0.07413765422404885,1,interior
0.20829872797736848,0.13494467334391186,1,interior
0.20719495624277057,0.13802619192276266,1,interior
0.3094623088199567,0.12188576465792708,1,interior
0.5213759090832547,0.07864547030043033,1,interior
0.5184082618560863,0.0809314412778392,1,interior
0.5212182868990416,0.07529545504380904,1,interior
0.8016432512964394,0.08609936213265655,1,interior
0.5463376620981683,0.07038384295924409,1,interior
0.7836365117060384,0.06303015955907709,1,interior
0.7783340853074084,0.06544459950338528,1,interior
0.7804537640190213,0.06267599191332193,1,interior
0.6146977810723594,0.07537186873066251,1,interior
0.6134163224689463,0.07812958262517972,1,interior
0.6116715162559402,0.07331604803168468,1,interior
0.23647622969043655,0.10054854629964764,1,interior
0.23998053635806782,0.10073079820191258,1,interior
0.24318622706553306,0.10178070165145532,1,interior
0.23465332244499218,0.10259922170268279,1,interior
0.8394111353761319,0.09003504382090047,1,interior
0.8375782909330831,0.0927668748253504,1,interior
0.46530639746699226,0.08775194843264247,1,interior
0.46543550018608426,0.09070664940759166,1,interior
0.4634923054909555,0.08473168382767411,1,interior
0.5406630136701631,0.06069305625791442,1,interior
0.300225937245569,0.08436624736589092,1,interior
0.4880893761694195,0.08287431893380678,1,interior
0.48761342765333504,0.07826986338812607,1,interior
0.49030220310303596,0.08521635000241302,1,interior
0.5511594349973227,0.05901423918047185,1,interior
0.5489847672029432,0.05696900449216672,1,interior
0.5471976141404692,0.059587136514534324,1,interior
0.45688563279181477,0.08382349357257744,1,interior
0.454603515864084,0.08332626879066715,1,interior
0.46008600605949823,0.08429125762547805,1,interior
0.961008555874124,0.1393981316373629,1,interior
0.9645865346566357,0.14011851906373587,1,interior
0.9574576936230045,0.14448316082558138,1,interior
0.7178014485466383,0.07574357072480134,1,interior
0.7158291549256878,0.07338404894132754,1,interior
0.4715319788059333,0.08471630393994763,1,interior
0.46730511584167816,0.08476042755038769,1,interior
0.7431300815954277,0.07119363378397832,1,interior
0.7451862762795965,0.07409157288673836,1,interior
0.8540940030497319,0.08978621097119754,1,interior
0.9004458488282411,0.12752438371988317,1,interior
0.24778400237191808,0.08216823177188357,1,interior
0.24959272636859264,0.08415792280348917,1,interior
0.24997770919893436,0.0874508318932029,1,interior
0.2504397132327068,0.08109252456174516,1,interior
0.25447284186201424,0.08371210399963713,1,interior
0.462107152057793,0.08151786895043386,1,interior
0.4648901030983359,0.08185218996802354,1,interior
0.5539619100005748,0.05445296437170053,1,interior
0.5540113001971608,0.05996178441841114,1,interior
0.5548299568706561,0.062232568639517837,1,interior
0.5515759609359491,0.055799928986710136,1,interior
0.5572450195554474,0.06016132719424968,1,interior
0.21755833599835006,0.1198226478712521,1,interior
0.21631180953618398,0.12179866170622618,1,interior
0.2575967134796011,0.10085703587872268,1,interior
0.2685286203076245,0.08351526137618485,1,interior
0.27207186639178016,0.08451812146452208,1,interior
0.672471282109974,0.07799155878409555,1,interior
0.252704200067016,0.09676136311542739,1,interior
0.24883544150725626,0.09143666750090884,1,interior
0.24988871978345747,0.09523457639220596,1,interior
0.9750146333731813,0.13832816033877943,1,interior
0.9736490725055306,0.1409343979249513,1,interior
0.9702512614689706,0.14028521510995814,1,interior
0.9713069649324595,0.14335964241001428,1,interior
0.19447091010552314,0.1470210481384151,1,interior
0.1980264622660152,0.1423808987017121,1,interior
0.19522005815283605,0.14344296525294117,1,interior
0.7773173440584223,0.062094075867494665,1,interior
0.7792957793989147,0.05915663491835343,1,interior
0.7750177928076218,0.06458522310876967,1,interior
0.7824959148296405,0.05976899564507531,1,interior
0.9374027128903366,0.14206195253056111,1,interior
0.9356784791419596,0.13947182798524704,1,interior
0.5994042974477979,0.05444603027061531,1,interior
0.5944471394383596,0.05718270463058236,1,interior
0.5962643906444033,0.05451491284640078,1,interior
0.6551446474982724,0.04682734709681909,1,interior
0.6504796520340992,0.04830559756385712,1,interior
0.6562429359721678,0.05050008135754399,1,interior
0.7347053053714031,0.09016893533635806,1,interior
0.4890781975019504,0.07463375719898,1,interior
0.979906249459022,0.13763589753264358,1,interior
0.9810737474672432,0.14100013776948533,1,interior
0.9724949746699117,0.13832142756031554,1,interior
0.2545945300486144,0.10258585203531485,1,interior
0.5327497903217289,0.0894260113381487,1,interior
0.5731344447818282,0.07775108060965273,1,interior
0.5705263798259831,0.07534485767621295,1,interior
0.6613890670013598,0.04871848961346959,1,interior
0.6611281032298503,0.05362718301607564,1,interior
0.6582860832841496,0.047808462698303786,1,interior
0.7551593021797558,0.07302024944182302,1,interior
0.8412364052521749,0.082516922355009,1,interior
0.8454731855810667,0.07852147842270969,1,interior
0.8482303764868412,0.0771827615598894,1,interior
0.5760609864388015,0.0766172946300164,1,interior
0.7763393243599179,0.07532768817133824,1,interior
0.23978854775400357,0.14104169678286527,1,interior
0.18358881279482583,0.14771648595475736,1,interior
0.6552247822010699,0.0669508632163171,1,interior
0.9567650790195302,0.13985746061915497,1,interior
0.9522456137140064,0.14159763045857615,1,interior
0.5294807283848,0.08659519660956934,1,interior
0.5331726518967005,0.08677576147088105,1,interior
0.24436852523810212,0.10777042298249662,1,interior
0.24761824461753357,0.10920758059002088,1,interior
0.2449898614199902,0.11055776837580071,1,interior
0.7293176559584033,0.08973378934302652,1,interior
0.7311662251564904,0.09526613768031117,1,interior
0.7288822556434108,0.08626434062649414,1,interior
0.7655937984780151,0.07768284580517472,1,interior
0.7686501289484127,0.07723401175335104,1,interior
0.797028021541255,0.06748622026392165,1,interior
0.7973797098093945,0.06383718622178466,1,interior
0.7944826684317462,0.06522013832243219,1,interior
0.7076610005174243,0.07061076024569216,1,interior
0.7076036272577787,0.06453161694103439,1,interior
0.7126082176845642,0.06691117136398979,1,interior
0.7101176642629226,0.0649664664569896,1,interior
0.7048015219656768,0.06933100672279978,1,interior
0.7051584328844566,0.06596863492372489,1,interior
0.3825492850410836,0.08689458558925763,1,interior
0.20308584971765767,0.16142755692095903,1,interior
0.4421444060880126,0.07696792278964339,1,interior
0.44036912421859753,0.07928944809397245,1,interior
0.44582793318061886,0.07805361522809481,1,interior
0.89281272628939,0.13239512184263283,1,interior
0.9702065190917598,0.1369149660803923,1,interior
0.7908817480997904,0.06969778780593482,1,interior
0.7926029179917932,0.07199465443471904,1,interior
0.6271945155949948,0.06840748282948417,1,interior
0.5375892701394983,0.06298458380873494,1,interior
0.8738137007141997,0.11751946880958089,1,interior
0.8740836590780633,0.12129836740150708,1,interior
0.36067542263059055,0.09593552268910897,1,interior
0.705513771364991,0.06221336769596019,1,interior
0.7110062175857615,0.05990202490880974,1,interior
0.7023841829263264,0.06413695521314121,1,interior
0.4589114428591263,0.08102933765449409,1,interior
0.7399392451183536,0.08323289267617827,1,interior
0.7432144422509399,0.0771927696722446,1,interior
0.7394502310788376,0.0775354342696312,1,interior
0.7375295630014913,0.0809218535158964,1,interior
0.46393496809176293,0.07823634987926473,1,interior
0.4609404185163736,0.07877421583533958,1,interior
0.4691468073770781,0.07982583223291176,1,interior
0.4664577118718369,0.07943581262326055,1,interior
0.4514182323566932,0.1041496297913784,1,interior
0.7226298657924284,0.08036903979519083,1,interior
0.7232483874861111,0.07732106558038859,1,interior
0.7207217658436227,0.07525113327838862,1,interior
0.24594491239399602,0.09931528558800051,1,interior
0.24252176492448516,0.09802541062177321,1,interior
0.24487257483544003,0.10477374854250245,1,interior
0.24606295007712284,0.10234656904589261,1,interior
0.34021462474521946,0.09009243224014038,1,interior
0.2887961926477611,0.07518871968366,1,interior
0.2919433170940314,0.07590211470945189,1,interior
0.29475749935370615,0.07767381564773762,1,interior
0.36735790937431817,0.10418844206224352,1,interior
0.7282118565897581,0.10305006781915912,1,interior
0.6648106547269425,0.05688784433615751,1,interior
0.7345894069900075,0.08711546767679827,1,interior
0.7321630943808614,0.09096988972691865,1,interior
0.5554574707947945,0.06749863028135006,1,interior
0.550250949502814,0.06464196550259561,1,interior
0.5544188261318083,0.07052394865819547,1,interior
0.48395192494500644,0.07832705561002311,1,interior
0.4855247723350518,0.07457040240845465,1,interior
0.7996482058794666,0.05802257268943154,1,interior
0.7985182622310592,0.06060236051563369,1,interior
0.7950602840100586,0.061385328801616706,1,interior
0.4493265718032048,0.09887465120220454,1,interior
0.9414318128662763,0.14184342320325408,1,interior
0.9444087269358841,0.14284238159304086,1,interior
0.9476083646340506,0.1434186075210832,1,interior
0.44661387530851226,0.07453332567196154,1,interior
0.4491694726694668,0.07630767996488445,1,interior
0.556587293283561,0.06384406129253713,1,interior
0.5535680667550855,0.06473652094402267,1,interior
0.7706123790887353,0.07472006887750482,1,interior
0.32461954584822844,0.09283780586808166,1,interior
0.32162099246769277,0.09198378733091613,1,interior
0.09512185783669662,0.14263704733237623,1,interior
0.09220995560804968,0.14278461460992045,1,interior
0.08942773484066369,0.14319717410801416,1,interior
0.6596307543001791,0.05093714123984266,1,interior
0.3873760889883754,0.08925905147582555,1,interior
0.6629266910658035,0.051174578075039424,1,interior
0.6591270969974504,0.04524148086946429,1,interior
0.5584455865178596,0.06560305293636416,1,interior
0.9560519198105653,0.14227569025205758,1,interior
0.39488759492060205,0.07745757444885043,1,interior
0.3922093154651399,0.07899088212386463,1,interior
0.7415693234243487,0.07439465245192937,1,interior
0.6370037127628597,0.06225461744242999,1,interior
0.22650998492446942,0.11150840886883419,1,interior
0.22651323031503914,0.10824292174257684,1,interior
0.2266411743553518,0.10521910444462529,1,interior
0.7476768747670136,0.06205738235035667,1,interior
0.7477789436500711,0.05920420607415686,1,interior
0.7506876861851036,0.06153534349550347,1,interior
0.7525226948288328,0.064889701605596,1,interior
0.8590001738800357,0.0999144356140483,1,interior
0.8650350734114203,0.10153492915040914,1,interior
0.8661916066544117,0.10459118093380781,1,interior
0.8678892468629869,0.10260595815754639,1,interior
0.8644169206055534,0.1069107961720529,1,interior
0.5339749499871852,0.06167389663103357,1,interior
0.5370516749249695,0.06008267435441098,1,interior
0.6231299068712728,0.06523927783550823,1,interior
0.626014101099059,0.07122636802406247,1,interior
0.794847264592346,0.08023990641845022,1,interior
0.26057022394770896,0.07890863996039639,1,interior
0.2585415725447642,0.08147104982343596,1,interior
0.2660209184954667,0.0806499343262215,1,interior
0.263284920277835,0.07965059842012374,1,interior
0.4673708215338744,0.08183001908222778,1,interior
0.47499475355278115,0.08231226723970193,1,interior
0.46955935812380395,0.08272551237561405,1,interior
0.47458765434200345,0.08538282059430355,1,interior
0.6453352779444316,0.04707980565484463,1,interior
0.6500070554019786,0.04358265387463403,1,interior
0.6519927751638037,0.045960449073834474,1,interior
0.6479327086365788,0.04915611528939507,1,interior
0.7914721070584028,0.06661633229692253,1,interior
0.7940171754024216,0.06888302247646606,1,interior
0.5518267484303981,0.0525786513894231,1,interior
0.5548355033154763,0.05726678537972555,1,interior
0.5488585986810924,0.053665379555396964,1,interior
0.4370305530815952,0.08047070779914914,1,interior
0.7961360744640421,0.05766770994588734,1,interior
0.5234381027669741,0.08390159807110999,1,interior
0.5265605043456245,0.08391079169171897,1,interior
0.8248777149124343,0.0792872676551339,1,interior
0.8280479191701422,0.07882222040512844,1,interior
0.8220879974210916,0.07703528767998603,1,interior
0.8279521602948481,0.08177435966645526,1,interior
0.9084872390855327,0.12647253493413407,1,interior
0.798077994369287,0.08181579673952077,1,interior
0.24936228221990842,0.07635689346674959,1,interior
0.251627228925334,0.07767396942289075,1,interior
0.25312285505642224,0.08089849215511995,1,interior
0.2477177606850868,0.07888015878792123,1,interior
0.6010411320907983,0.06682436452120624,1,interior
0.7747470032951792,0.0701543841789941,1,interior
0.8195959464944572,0.0775759961003071,1,interior
0.9057870304240989,0.12518752617751044,1,interior
0.90264360902555,0.12525309493338438,1,interior
0.9103424640076668,0.12847502346562192,1,interior
0.28436405000152226,0.0796014195880115,1,interior
0.28313038913726196,0.08264400699393032,1,interior
0.2865214484803896,0.08226685158398515,1,interior
0.28653804997029175,0.0772356236001452,1,interior
0.8678220490752103,0.10752322178565364,1,interior
0.8702336190607414,0.10483390732835754,1,interior
0.47116398154411043,0.07803601177961002,1,interior
0.7987987222371741,0.07888567770409995,1,interior
0.5379025125425683,0.05736240900573885,1,interior
0.5406755077670171,0.05723147835798631,1,interior
0.5347447575877623,0.05770039967934545,1,interior
0.7541094573985866,0.05597960006832756,1,interior
0.7538966947634905,0.06133386811362549,1,interior
0.7549274438264867,0.05857830639984196,1,interior
0.7562386282549314,0.06384495489343602,1,interior
0.7513767692072923,0.05827630831331253,1,interior
0.8773858064060416,0.12275167862183485,1,interior
0.8765146237453474,0.1194981576383481,1,interior
0.8710893241355503,0.10787300056626055,1,interior
0.8739683213127333,0.10288111522509506,1,interior
0.870741245657712,0.10172996046011877,1,interior
0.8740085627928869,0.10593558887671926,1,interior
0.8734582805671339,0.10020760428456743,1,interior
0.7920150270286065,0.06292163575839942,1,interior
0.5244499918423606,0.07654605587869728,1,interior
0.5217415022310968,0.07122299551885183,1,interior
0.5237256377542356,0.07354551651888719,1,interior
0.9840849489679024,0.14036756413006254,1,interior
0.48419850882318155,0.08439582160695625,1,interior
0.1862603520382148,0.1491291960850131,1,interior
0.18453267408181148,0.15089224278734614,1,interior
0.18805271065492718,0.1455113525463879,1,interior
0.18593409707185476,0.14316223127868785,1,interior
0.18616952100129391,0.1465150804062695,1,interior
0.18416857819442098,0.14527049991541657,1,interior
0.3150963070047221,0.09092158587205328,1,interior
0.3117467391399259,0.09205811046652435,1,interior
0.7508808195800666,0.054795193981658885,1,interior
0.7478801985258237,0.05616377975936692,1,interior
0.9316201355728321,0.13429827973255223,1,interior
0.9344642044446976,0.13613630154657352,1,interior
0.7046668782372644,0.05948714485358347,1,interior
0.6991992193162752,0.06532812443951107,1,interior
0.7023741876306869,0.06064395247545388,1,interior
0.6994922455851711,0.06180359622004256,1,interior
0.7572721252673453,0.06053263263401313,1,interior
0.7578981551080448,0.05688507550879064,1,interior
0.3710652912328073,0.07328295116112447,1,interior
0.3649937258305651,0.07426143448283622,1,interior
0.3676107510345278,0.07295187935315621,1,interior
0.3716703077722548,0.07620050469313784,1,interior
0.8723944205441694,0.11355765915046481,1,interior
0.7991230465185135,0.08451497904752128,1,interior
0.5573194902096534,0.0704988453399958,1,interior
0.5738782945938429,0.0741771615137344,1,interior
0.515887975425556,0.07024615304475512,1,interior
0.3472544440719549,0.08866786785696727,1,interior
0.19947958487018985,0.13880837944582788,1,interior
0.19556723231530618,0.13952609466294,1,interior
0.5208785572761555,0.06735980197693682,1,interior
0.5251219957788636,0.07075757685406761,1,interior
0.5239368197324278,0.06769905562802349,1,interior
0.5186367557887638,0.070394570945473,1,interior
0.1917833310761227,0.13870404541960832,1,interior
0.19311764096606912,0.14128107332711498,1,interior
0.1972116713975379,0.13622170565744465,1,interior
0.19374029379239857,0.13603861487024543,1,interior
0.20329063659306812,0.13762732205976944,1,interior
0.5608782333742197,0.07146310488736567,1,interior
0.5580466587152275,0.07315707325007512,1,interior
0.5524327854267338,0.07272517256448346,1,interior
0.9166044533729828,0.14099271828785168,1,interior
0.9146688874352774,0.1379549722950956,1,interior
0.9184405455618417,0.14369719410835516,1,interior
0.8405873284909947,0.08617806093212,1,interior
0.646312406293089,0.04405702707566747,1,interior
0.6476094902016758,0.05219640123494407,1,interior
0.6452304788338251,0.05040846767438304,1,interior
0.32694759336923596,0.0903771617024516,1,interior
0.3254360347520255,0.0956084054461891,1,interior
0.19836398455949428,0.13380553229620132,1,interior
0.2010166364002812,0.1350807911758613,1,interior
0.8038954719801991,0.08863620525459874,1,interior
0.6383685511304309,0.11917728747524022,1,interior
0.7858744034485617,0.06039695304020696,1,interior
0.7867347946668459,0.06301800183586671,1,interior
0.8358935218041917,0.08938816670085474,1,interior
0.5596780812328581,0.07520183204940015,1,interior
0.5625523022446276,0.0742184757871892,1,interior
0.239688545320458,0.09635491597407918,1,interior
0.8367810808145885,0.10177340447237866,1,interior
0.7417281257894766,0.06251388722312597,1,interior
0.7448347519712358,0.06085090447093975,1,interior
0.6656326756890838,0.05947115220563953,1,interior
0.7607100257934378,0.0740512342381724,1,interior
0.764348939505845,0.07455106878997987,1,interior
0.5890378094443065,0.059518217948411285,1,interior
0.5922504460502205,0.05928182330845758,1,interior
0.5869916761445679,0.06233167244026756,1,interior
0.5833554813326242,0.06097676287476711,1,interior
0.5829349881687672,0.06393625300176055,1,interior
0.5861101692972979,0.06528526269452892,1,interior
0.5852998693622767,0.059062156343839246,1,interior
0.7675901145935775,0.07194525298929375,1,interior
0.7673142656558584,0.07499946975655275,1,interior
0.7739135090596325,0.07675746494141807,1,interior
0.48775917842549854,0.0721290814410844,1,interior
0.48849698345167375,0.0693673143306585,1,interior
0.7847256343922212,0.05735987908826024,1,interior
0.5498748868027828,0.05009433923134343,1,interior
0.5463516528119188,0.05611736957497345,1,interior
0.5438998807822194,0.05418020562873535,1,interior
0.5470839887312358,0.050649032073344445,1,interior
0.711984653538999,0.06322213376350995,1,interior
0.7088785603745836,0.061961290912843546,1,interior
0.7082049843540548,0.055824792634944304,1,interior
0.707289774836504,0.05847542200201227,1,interior
0.7107571709448596,0.056411435709932775,1,interior
0.7136426642365525,0.05837029448242512,1,interior
0.5595187432278047,0.06265040159002556,1,interior
0.5613685349367027,0.06546463317785213,1,interior
0.9736493628310259,0.13526046418232046,1,interior
0.9771633227815796,0.1365855196938264,1,interior
0.9701144905919623,0.13375777949080017,1,interior
0.22453083234382368,0.11665181237132372,1,interior
0.2222076264931624,0.11895623700294566,1,interior
0.7713050063802008,0.07106553801464921,1,interior
0.7639243854706939,0.07134242475871971,1,interior
0.8738056611566245,0.10964000759702199,1,interior
0.8774306295327375,0.10333693262223798,1,interior
0.8769845079791424,0.10711950389602669,1,interior
0.6259996513374583,0.06556050521470587,1,interior
0.5267345003299989,0.06812363532558338,1,interior
0.5231914957375396,0.06423007026258006,1,interior
0.5199825762144193,0.06385046371577739,1,interior
0.5267490138247122,0.06486837500734886,1,interior
0.8941475669254535,0.11469366572269779,1,interior
0.8915833176285997,0.11480908718539767,1,interior
0.9672128285946427,0.13542897737328294,1,interior
0.359322505522624,0.0832551312587151,1,interior
0.7237095289541696,0.08354370432628654,1,interior
0.7271167800096002,0.08293460849570443,1,interior
0.18516353818576392,0.1408035808426515,1,interior
0.2470287099960344,0.08531662801134506,1,interior
0.24615213965536753,0.08876420512480511,1,interior
0.1921968546810221,0.14892160369751495,1,interior
0.1908685997432751,0.1461042850632801,1,interior
0.8291140679478992,0.08480154228711631,1,interior
0.7362253673472102,0.08455563171335996,1,interior
0.3889868274190249,0.10148164085963646,1,interior
0.4787318490622698,0.08199485420573992,1,interior
0.5692013331520831,0.08616280319969526,1,interior
0.693398376011631,0.0633767187701927,1,interior
0.6967598536237997,0.059032912489725885,1,interior
0.6959428681907083,0.06670401464164953,1,interior
0.7000158312185922,0.05834685997284574,1,interior
0.4676108909062383,0.0766708861141219,1,interior
0.4610270823595585,0.07586881453141818,1,interior
0.46433732323480936,0.07474544319324183,1,interior
0.24717160821994497,0.09408686287922872,1,interior
0.24493693972796302,0.0920277637810648,1,interior
0.9673684348238871,0.13873721852625473,1,interior
0.7587142416593881,0.06639969857368534,1,interior
0.7554341238563428,0.0670133840078723,1,interior
0.4266794409051528,0.07409031229115111,1,interior
0.4243577891026814,0.07637949810402256,1,interior
0.4242693805056478,0.07333535962173707,1,interior
0.584041625761912,0.056472346608781365,1,interior
0.5871710646432621,0.05662287990196413,1,interior
0.5812421754028119,0.058118624939655625,1,interior
0.7511960627874487,0.051043976772283846,1,interior
0.753413089797769,0.053099098671440845,1,interior
0.747588185463362,0.05020787034980876,1,interior
0.74558174565045,0.05326468297684344,1,interior
0.2501992876712954,0.10676350440853703,1,interior
0.2506925578297987,0.1099890800290808,1,interior
0.9884364902677236,0.13868376013375486,1,interior
0.9866409472365573,0.14118961806264127,1,interior
0.9859426665344095,0.1380685910463464,1,interior
0.8225599251699176,0.07356390119266379,1,interior
0.8243845483340515,0.07608698241353232,1,interior
0.6423386376824435,0.054445084671657804,1,interior
0.6453968479342448,0.05425692773503016,1,interior
0.7007004478385797,0.055320092529511644,1,interior
0.19213279330006874,0.14388625523155243,1,interior
0.19053315485176037,0.14123919573882385,1,interior
0.18695676596201397,0.1532448288099729,1,interior
0.48280296970016495,0.07203458354101208,1,interior
0.49071883133568034,0.0717054811138061,1,interior
0.4860483369051985,0.06736028459152767,1,interior
0.5493065289907934,0.04495042582645855,1,interior
0.5530232550613103,0.04957739072824054,1,interior
0.5513404848801123,0.04674295732473035,1,interior
0.5447834791563085,0.04858295147500463,1,interior
0.744479928905199,0.05695347995524254,1,interior
0.8204281266220703,0.07012641517464782,1,interior
0.8256864923777464,0.0734547518042475,1,interior
0.8276282154471936,0.07080791378372202,1,interior
0.8197372651482714,0.07446968607832138,1,interior
0.7159536328424306,0.056728156449835455,1,interior
0.714352115362542,0.06137685905710614,1,interior
0.7136850681674971,0.0554700784749065,1,interior
0.6922434717535113,0.06650280304147961,1,interior
0.702000432392,0.06771179573950015,1,interior
0.6867236763249567,0.06399474735256706,1,interior
0.8379217459769763,0.08387210698857284,1,interior
0.8421401322827795,0.07954120312873299,1,interior
0.8382213927682096,0.08023851796206324,1,interior
0.8172840832624746,0.07285328039270654,1,interior
0.09545923103441636,0.14012734365531418,1,interior
0.09278173919997307,0.14015910901059178,1,interior
0.7183604415066082,0.08525223495688566,1,interior
0.2854941728110022,0.07456978451803149,1,interior
0.24820062243422195,0.10428360011417957,1,interior
0.5630430816298357,0.06825718732051678,1,interior
0.8143871183290622,0.0708985464587009,1,interior
0.8166966616066567,0.07673629896503147,1,interior
0.8171296093926177,0.06967467062385826,1,interior
0.3555845209935747,0.08119472323976798,1,interior
0.3592259625436414,0.0793968957603571,1,interior
0.3374217095175145,0.08895368412677555,1,interior
0.3402758188521524,0.08675731925104996,1,interior
0.3434105539880324,0.0887008872441074,1,interior
0.9614776905352237,0.13626384930733754,1,interior
0.9578269174124981,0.136456547101089,1,interior
0.47699757485922567,0.08727470279946879,1,interior
0.2449540250410612,0.08221192528917333,1,interior
0.49400352206006093,0.07153073976665629,1,interior
0.4278027260211397,0.07216251091631094,1,interior
0.9152219610857367,0.13136908799584823,1,interior
0.7399049011322585,0.06500788067089963,1,interior
0.7427476253707316,0.06568003558633388,1,interior
0.7374834338997306,0.06247039575517566,1,interior
0.7393228244749261,0.059559608523236475,1,interior
0.9883858275095955,0.1352821958677061,1,interior
0.9863732117621025,0.13269430162828408,1,interior
0.9820053728758055,0.13535660721399334,1,interior
0.9829315904010132,0.13800913247445748,1,interior
0.8110252643636419,0.0691113369694725,1,interior
0.518630684528145,0.06080648180568647,1,interior
0.5270260550865531,0.059041054761211166,1,interior
0.5215769033022216,0.060307294071863485,1,interior
0.21183936184473087,0.12441931517301984,1,interior
0.21308655953251823,0.121410604243133,1,interior
0.7757883639519457,0.06741002321161474,1,interior
0.35440660929152773,0.0773548182560161,1,interior
0.3516336648270976,0.0802909419335102,1,interior
0.5824014537949124,0.06902419061374684,1,interior
0.6317729628375135,0.06067425305665094,1,interior
0.6290741168744328,0.06261833942636097,1,interior
0.7607564204997498,0.06972001466277097,1,interior
0.7580070644649196,0.07200970267257077,1,interior
0.24475911783771379,0.09576393768211539,1,interior
0.24752289297873836,0.0968954547237028,1,interior
0.24206001801525523,0.09390867108388591,1,interior
0.23777965675124796,0.09794624099193036,1,interior
0.8832254092745987,0.10476329747211406,1,interior
0.8794263407681727,0.09993157759029733,1,interior
0.879753620801931,0.10846443037042028,1,interior
0.9140357250130574,0.14133094036803723,1,interior
0.30929871303263223,0.09300173651330185,1,interior
0.5941541470541044,0.0512219042091191,1,interior
0.5975995413847784,0.051299708694137997,1,interior
0.5932587457696626,0.05432946492491177,1,interior
0.9796193828630165,0.13384976944644347,1,interior
0.24986772714740615,0.09904224401890227,1,interior
0.7356935838285361,0.07587458568142062,1,interior
0.7367894324289405,0.07828448192690846,1,interior
0.7385154375733441,0.07446996114356177,1,interior
0.35073883467578265,0.08709803810398477,1,interior
0.9640821459008957,0.13404105431268268,1,interior
0.9669635707681201,0.13188627332748376,1,interior
0.964310649268494,0.1373295754916564,1,interior
0.8824193536866695,0.10787324817014778,1,interior
0.8843022661883708,0.10151211579386461,1,interior
0.885440104891317,0.10731242760720937,1,interior
0.8861383376257392,0.10421115365050497,1,interior
0.5907471720144518,0.056289921796964786,1,interior
0.49170825010697383,0.06876946247601354,1,interior
0.49486849768279567,0.06831056164993876,1,interior
0.4892718795573902,0.06655617001985047,1,interior
0.8241306872048981,0.07058564512467623,1,interior
0.8179525403725402,0.0668469516958081,1,interior
0.8231175327540797,0.06726352447135829,1,interior
0.3210982818314174,0.0891084108101226,1,interior
0.3240133612717841,0.08973029005584125,1,interior
0.7616371953092856,0.06595258682912591,1,interior
0.7595063426729648,0.06312904164586645,1,interior
0.9038080814613492,0.1275870814217969,1,interior
0.6049823620596507,0.0629403231574321,1,interior
0.6028338729288079,0.053822436688876714,1,interior
0.6046493703305691,0.05670189094312512,1,interior
0.6065844539143291,0.05971336680100908,1,interior
0.4556791360974478,0.08015602823202664,1,interior
0.7586974039672082,0.0776471880192982,1,interior
0.4499601365741959,0.08193600978740652,1,interior
0.44893303288336706,0.07907207473735214,1,interior
0.9767454454052575,0.13370555102280113,1,interior
0.6908225748463732,0.061158528685369265,1,interior
0.6963517234567654,0.06265065410810501,1,interior
0.6933401978393385,0.0595238179059186,1,interior
0.348882628533698,0.08534926349356638,1,interior
0.3459244562449293,0.08531552697332624,1,interior
0.21518576708308262,0.11795440235881233,1,interior
0.5996305064613306,0.07629556010932617,1,interior
0.968357387655557,0.14505009874186164,1,interior
0.5568124477284001,0.054379650702869646,1,interior
0.5588152304299984,0.056847465911040944,1,interior
0.7090855328390612,0.05328052609167174,1,interior
0.9828741530559965,0.14601529345895342,1,interior
0.987095116938406,0.1440446896184836,1,interior
0.5774517551950643,0.07323701677501912,1,interior
0.5806741108788929,0.07093939459175183,1,interior
0.584800999546056,0.07075513523460483,1,interior
0.4612243105321225,0.0728829258947995,1,interior
0.4642715542255762,0.07144872847965374,1,interior
0.09124375068207669,0.13701611367990818,1,interior
0.08963854253990812,0.14023292851671704,1,interior
0.09743324870794666,0.13827503148714135,1,interior
0.6395563721266923,0.05608875828955901,1,interior
0.6365040751986537,0.05843055413077436,1,interior
0.19564358136044277,0.13264635553121065,1,interior
0.8777293643414681,0.116767578285058,1,interior
0.8755550310675622,0.11463809238436093,1,interior
0.5302806759772974,0.07285853829585073,1,interior
0.5320632295950459,0.06938772902494396,1,interior
0.5345694629602187,0.07624647820752394,1,interior
0.2783269689334441,0.08651926783815769,1,interior
0.42838166579317777,0.07688255087110651,1,interior
0.4300255612035011,0.07363740664625251,1,interior
0.7150930386475534,0.07008146570093257,1,interior
0.7194303513911782,0.07198461665765454,1,interior
0.8850041653475863,0.11589626591286079,1,interior
0.2800207047068766,0.08340193428173914,1,interior
0.2743242015606177,0.08279144822483528,1,interior
0.8294008126148438,0.07639986931566875,1,interior
0.8311799945640477,0.07867560564481815,1,interior
0.6992943619571442,0.052519792424759924,1,interior
0.7030596749823538,0.053317728991693486,1,interior
0.6977533511131077,0.0557786697568013,1,interior
0.7059440191412847,0.05476173742768386,1,interior
0.8310157595215584,0.07143069601950455,1,interior
0.8278657143841018,0.0659678592097317,1,interior
0.8286578023476484,0.07369752157426383,1,interior
0.479270072668822,0.07638835294415887,1,interior
0.4853502179071906,0.08113864821952019,1,interior
0.4821382572320574,0.08183747642465977,1,interior
0.4805695164868035,0.07895750354085157,1,interior
0.38539959275286034,0.08732868388518295,1,interior
0.2035550474956204,0.12665614862740868,1,interior
0.2049966824777735,0.12964930936865687,1,interior
0.2063860501097071,0.12440391313756116,1,interior
0.528075124585099,0.07640737294380959,1,interior
0.2546188530826394,0.07826427318776069,1,interior
0.2508649082844945,0.07410949379508679,1,interior
0.25458857061001333,0.07505621612006082,1,interior
0.2471189970161844,0.10667572134941598,1,interior
0.27171225980891817,0.08216524042919995,1,interior
0.27045575065361854,0.08028144608015067,1,interior
0.733392606360341,0.061280556316026705,1,interior
0.7348582569723497,0.06433086517679018,1,interior
0.7362040316862681,0.05886047294210065,1,interior
0.7421895842825478,0.05932985236016203,1,interior
0.2513436157683554,0.10313538759398135,1,interior
0.2485390054022652,0.10145867748562973,1,interior
0.6089442809162144,0.06321712454602932,1,interior
0.7892713493058614,0.06120525977172516,1,interior
0.7882970168434277,0.05808705770861893,1,interior
0.6344575896086062,0.06048756378685185,1,interior
0.6332795828110068,0.06314326236996592,1,interior
0.6298266259559513,0.058922749022268905,1,interior
0.6269808928192312,0.05887705054386943,1,interior
0.6251274411383786,0.06208396416120016,1,interior
0.9141534208464819,0.12765300664424067,1,interior
0.9326861823695138,0.13956978898360906,1,interior
0.2574308048174786,0.0778313339436407,1,interior
0.960707840685333,0.1335782061992605,1,interior
0.794293992571613,0.07463458576354856,1,interior
0.5070677286551054,0.06840314047084933,1,interior
0.510792215493086,0.06668265538122897,1,interior
0.5136950016829392,0.0685155168827891,1,interior
0.5071965631962113,0.07135657161704453,1,interior
0.30077451644738407,0.0808631384489474,1,interior
0.29826644661340856,0.07843538012170921,1,interior
0.7410675435941593,0.056438081786123195,1,interior
0.7426530478323815,0.05325495038657408,1,interior
0.9538946218825805,0.13773613989297695,1,interior
0.5322525935444232,0.05229797170289444,1,interior
0.5321057000799325,0.05732280052151452,1,interior
0.5319606963653956,0.059556833228253205,1,interior
0.5359023831514788,0.05359551155706843,1,interior
0.5389262582579624,0.054788054963728405,1,interior
0.7664721893991134,0.06842923237660421,1,interior
0.7693002545685973,0.06862888296393525,1,interior
0.3348714334763822,0.0872090296127651,1,interior
0.3318311108768839,0.08819412585125617,1,interior
0.5252895005406476,0.08022948331111891,1,interior
0.8788771378032095,0.11366430437289628,1,interior
0.8795504105552534,0.1196771750752213,1,interior
0.8367755227293013,0.07728542425547878,1,interior
0.8397784847724442,0.07704191239569429,1,interior
0.8352858384870887,0.08228153013178308,1,interior
0.834411037689224,0.0794347806754135,1,interior
0.556347819006066,0.049154284293168184,1,interior
0.4331107588311584,0.08090310990423565,1,interior
0.43487605121819684,0.08353307734479658,1,interior
0.7010571216814231,0.04799177091911056,1,interior
0.6962188746851486,0.05333982103421808,1,interior
0.5744972342126679,0.07073409008627342,1,interior
0.5775919009697003,0.06931336985770846,1,interior
0.21244293144064796,0.11564586110824493,1,interior
0.2148591166370619,0.11395571388171664,1,interior
0.21799167617877294,0.11485819268151125,1,interior
0.21108322523128428,0.11846195135874893,1,interior
0.22337995318185286,0.10985243832231663,1,interior
0.2235596811569013,0.10658212425440004,1,interior
0.3647547601761972,0.0774925639439978,1,interior
0.3649373483168755,0.07002471272407912,1,interior
0.3624137434106485,0.07254167892676687,1,interior
0.36152538881478363,0.07605865334856185,1,interior
0.1975910090885337,0.14944351889408672,1,interior
0.2980997787332513,0.08341711293595087,1,interior
0.3026239970121165,0.08917060947870217,1,interior
0.3013367319468239,0.08686117433404596,1,interior
0.2997089160358048,0.08996742968092307,1,interior
0.30507354766550565,0.08683822030723777,1,interior
0.30317893976696597,0.08379294701359381,1,interior
0.2440223383762532,0.07790950397558989,1,interior
0.24715102914616618,0.07517455471470284,1,interior
0.5295866297100794,0.06452646088551173,1,interior
0.5285050908032117,0.07042757006395352,1,interior
0.5321388609804764,0.06502719521546485,1,interior
0.5295160147646926,0.06723015740658088,1,interior
0.7064068275517897,0.05110028699369656,1,interior
0.7033982158051197,0.05704999715322349,1,interior
0.7025913363575695,0.0502087735902591,1,interior
0.28452309032218936,0.07296909843715033,1,interior
0.19191483523300734,0.13317377593841787,1,interior
0.19006459863262337,0.13624352064605785,1,interior
0.5439187693544436,0.0459207908571595,1,interior
0.5464021986821704,0.04417309069016723,1,interior
0.5516210953607249,0.04274637131986343,1,interior
0.5487529362499433,0.042501298937975426,1,interior
0.7625588631770696,0.06265243301113181,1,interior
0.7603821351315446,0.059716878435231185,1,interior
0.5288768039999301,0.08255533173626922,1,interior
0.5610289724197425,0.05942145627808661,1,interior
0.39199491528628944,0.07634304850624013,1,interior
0.8145356896261072,0.06745432825459013,1,interior
0.8090375098751662,0.06333084362182008,1,interior
0.76178408385085,0.05654224341821331,1,interior
0.7564466068167194,0.053696656726157484,1,interior
0.7599692097758083,0.0538550168893886,1,interior
0.7582009571258446,0.051374607692590446,1,interior
0.6330029917721939,0.05743880323110685,1,interior
0.7723276032113379,0.06726828913882621,1,interior
0.43647653573809153,0.08650653670348263,1,interior
0.917393418790947,0.12886982769377203,1,interior
0.08608910759643228,0.1390453002643745,1,interior
0.08851613728365824,0.13699762521734454,1,interior
0.4981393806358536,0.06767424235756671,1,interior
0.5035918715570143,0.06845042250495148,1,interior
0.5016182528284009,0.06578108848062886,1,interior
0.21907296806341128,0.117913399300807,1,interior
0.5819350058171123,0.05450578859997191,1,interior
0.5800092515956533,0.06131341301125356,1,interior
0.5768515131672481,0.059070823472853126,1,interior
0.5784453536075566,0.05557439768964509,1,interior
0.4769441607507878,0.07878014701047861,1,interior
0.4771281502977704,0.07151930525190892,1,interior
0.4821748700204375,0.07560728818036554,1,interior
0.8679431085508247,0.09984728879491582,1,interior
0.7233126874985986,0.07397518705023974,1,interior
0.7104275543746938,0.0502107615015898,1,interior
0.7082563496296191,0.04773902881621874,1,interior
0.70312933665175,0.04664972263045553,1,interior
0.18898973429129717,0.148542727069714,1,interior
0.9374919230303135,0.1367815783601439,1,interior
0.4313642727679102,0.07842395735704155,1,interior
0.4346232143464046,0.07803613070173833,1,interior
0.5548689697380588,0.04697372786234446,1,interior
0.34854275271503554,0.08244180766131536,1,interior
0.34527710786045035,0.08190064179546579,1,interior
0.35213086337584903,0.08368197193310843,1,interior
0.20922424269383452,0.11529186364477412,1,interior
0.21163708781823456,0.1123067101951513,1,interior
0.20802502732843223,0.11228983639827254,1,interior
0.2145780389292087,0.1103753955705727,1,interior
0.887449863710639,0.11035719843889229,1,interior
0.8849495721593715,0.11273860457590697,1,interior
0.8900998069387189,0.11200944808523997,1,interior
0.9851839418996171,0.1463076397064149,1,interior
0.9898559993567754,0.1413937031358851,1,interior
0.28790597209107494,0.08930269538164574,1,interior
0.24908498013132765,0.115980429729248,1,interior
0.5744106667790574,0.05569847557684271,1,interior
0.5767160803834592,0.0626763740102056,1,interior
0.5732232706854301,0.05885776834360481,1,interior
0.5736913689991078,0.06171950793069544,1,interior
0.43357683353210624,0.07339663671183567,1,interior
0.42976541460519413,0.07096422056764184,1,interior
0.7738283723103475,0.07338669206738506,1,interior
0.6512746895708712,0.04113030197240371,1,interior
0.6569681320688522,0.04455467877460107,1,interior
0.559448192992975,0.0682310943001833,1,interior
0.5623749303340322,0.06257605612846627,1,interior
0.795512907465921,0.07739476891567232,1,interior
0.9948008106369726,0.14024684149298142,1,interior
0.9931685798280748,0.14251601707175374,1,interior
0.8572955592841968,0.0920434304096474,1,interior
0.8571092632936358,0.08880986622885872,1,interior
0.856810644706535,0.0950209676660905,1,interior
0.5216810963986872,0.08151383675428106,1,interior
0.7235911552317037,0.07100376337643378,1,interior
0.7262793320915137,0.07638533560398804,1,interior
0.7266558324685288,0.07308013370713141,1,interior
0.6295255357826848,0.05544824538623751,1,interior
0.6255370421609715,0.0557309026647585,1,interior
0.4588171129885515,0.07129125205088224,1,interior
0.45813871037028026,0.07758468808048889,1,interior
0.4575639883200738,0.07396743563663259,1,interior
0.2577870554487726,0.07456311846835281,1,interior
0.2350048515067563,0.09758221482488273,1,interior
0.23613559071577206,0.09468824248224049,1,interior
0.7163388773825687,0.06645631800097712,1,interior
0.7177996733004687,0.06289566231188674,1,interior
0.7168561844251564,0.05952679329198304,1,interior
0.8430866755152752,0.07631678046777239,1,interior
0.5666054923307811,0.10499448452966964,1,interior
0.8814451508896065,0.11116992957980924,1,interior
0.8777051731082844,0.11027578979704411,1,interior
0.3898403848290725,0.0802153532629168,1,interior
0.3870820463090212,0.08044967743913424,1,interior
0.5647004750441355,0.060995193870009366,1,interior
0.564519542096433,0.0647886072131739,1,interior
0.7359072001644777,0.054788230885404327,1,interior
0.7338278202258384,0.05789232108843073,1,interior
0.8765924093227782,0.09940474177389223,1,interior
0.5705696283907566,0.0572219977815638,1,interior
0.5738102424488882,0.05228405746721983,1,interior
0.5708794071237188,0.05385936851975922,1,interior
0.5769234763825891,0.05244574196476706,1,interior
0.6389317069490935,0.05965354125629925,1,interior
0.4999461108376085,0.06251832251426298,1,interior
0.4967112271000345,0.06249761669603465,1,interior
0.5050889811850002,0.0661306609305018,1,interior
0.5024022894400164,0.06236551091897573,1,interior
0.6148201100766615,0.0687340375980237,1,interior
0.6149961495608637,0.07192698550144781,1,interior
0.8755904548468745,0.11206553691538083,1,interior
0.4520833577420545,0.07861244121869851,1,interior
0.6459478212219738,0.03851605623528531,1,interior
0.6420631255378355,0.04874681989077549,1,interior
0.6486452226110417,0.04616971787632953,1,interior
0.6442912277688381,0.041659952763671855,1,interior
0.9924857473375572,0.1396825580382873,1,interior
0.9910236186410472,0.13752696475521067,1,interior
0.6102436163701656,0.05886612443640162,1,interior
0.6080199222075187,0.05610005337094157,1,interior
0.4675557648604611,0.07288363970618471,1,interior
0.5873715651036648,0.051472576044339746,1,interior
0.5882826752724782,0.05419560429489108,1,interior
0.5313192455708876,0.07772145652953959,1,interior
0.5286951754291958,0.07947450792251688,1,interior
0.46398652819899083,0.06873451924306806,1,interior
0.4666654084056573,0.06878519642121106,1,interior
0.46145105574808387,0.06938658546490996,1,interior
0.23184575731909232,0.10311111330832186,1,interior
0.0831215906752291,0.137093433455082,1,interior
0.0847991406366065,0.14174808008222367,1,interior
0.08293033607136535,0.140174094936541,1,interior
0.08713375814454571,0.1420366789708175,1,interior
0.3748216631800627,0.07476244551230518,1,interior
0.37371996930793866,0.07814309598374795,1,interior
0.3743948218368349,0.07141789612336476,1,interior
0.712440306609596,0.05299514095626551,1,interior
0.5631702792472865,0.05839801860386633,1,interior
0.45497247076574115,0.07645111761093348,1,interior
0.3158470941017506,0.08654102848905292,1,interior
0.31827109484033833,0.09028764233738536,1,interior
0.3374599143907642,0.08508070614647671,1,interior
0.332583896211833,0.08547501747720691,1,interior
0.5907391241803772,0.05276172723570096,1,interior
0.5904247624077905,0.04990716046082139,1,interior
0.5965259480730891,0.04756011767045481,1,interior
0.5938875985354023,0.045174669260990286,1,interior
0.599340043644079,0.048479930271148594,1,interior
0.4930317754018128,0.06236066469783658,1,interior
0.49536264802116164,0.05962314693424681,1,interior
0.49554715238969665,0.06523424259121936,1,interior
0.4983789275119287,0.06009119652320366,1,interior
0.6638970889045749,0.05452030198910129,1,interior
0.5999259341393639,0.045146413531307196,1,interior
0.597064403339793,0.04325290810837559,1,interior
0.6022585589298499,0.047562709685984965,1,interior
0.3840508158468123,0.08056419809034188,1,interior
0.38540174325876536,0.07774074470531747,1,interior
0.38535745071031446,0.08384656427057838,1,interior
0.3889601158549844,0.07697131082282299,1,interior
0.9633361090921785,0.13044615859927805,1,interior
0.9572756397781532,0.1330583849556541,1,interior
0.9598040322842382,0.1308244014228381,1,interior
0.5013546376920832,0.059226138361434776,1,interior
0.5044662598819445,0.0604519906930488,1,interior
0.2825316302846888,0.07327107930329155,1,interior
0.577135491239286,0.06592831659312075,1,interior
0.5740349003631162,0.06492174255677999,1,interior
0.9483330209888252,0.13996150638584393,1,interior
0.9450068740285614,0.14056949228017115,1,interior
0.7147059448440496,0.06425772661307354,1,interior
0.3403731903320172,0.08022179738420931,1,interior
0.33726093798518086,0.08107313931964019,1,interior
0.34003897480743456,0.08329894330056346,1,interior
0.3347827413648921,0.08351279970312077,1,interior
0.2822427789048714,0.07657641566116366,1,interior
0.6110977000282439,0.055588795602670014,1,interior
0.6136442255913337,0.05985732065353999,1,interior
0.6111853159372113,0.06124513790137154,1,interior
0.6136649297303031,0.05667309952559168,1,interior
0.20916703690545366,0.12168465034728401,1,interior
0.834528331333396,0.08567452906215779,1,interior
0.8318666938757927,0.0824701581177854,1,interior
0.221275134950543,0.11536847812379919,1,interior
0.21752912496064516,0.10887890680496275,1,interior
0.22027691320730008,0.11165144454957784,1,interior
0.21716378077356993,0.11193885032797808,1,interior
0.7637902238145087,0.05343414300480868,1,interior
0.7611151643945631,0.05075161938705893,1,interior
0.8964183982298063,0.11253345761683144,1,interior
0.8931670451133767,0.11141569609313814,1,interior
0.243994042839353,0.07396734699013666,1,interior
0.8341974055439055,0.09203932136981989,1,interior
0.8353312559331312,0.09530533352839803,1,interior
0.24734353431041287,0.1213238486055025,1,interior
0.2751421952179978,0.0855489300993635,1,interior
0.5599472016869333,0.053813342707999756,1,interior
0.9311945494032697,0.1309914133099043,1,interior
0.9283607639351027,0.13268551375607898,1,interior
0.6202137212076725,0.06703957306074095,1,interior
0.24148408351952222,0.0751372480076046,1,interior
0.2771737490463411,0.07129128730637842,1,interior
0.2786782343679951,0.07597154201158648,1,interior
0.2802947673912466,0.07155178300328995,1,interior
0.6736509716724717,0.0600257278625273,1,interior
0.6753929041015815,0.06299992650123372,1,interior
0.7295312808362895,0.07501644070954831,1,interior
0.7300194142842624,0.0713518569020404,1,interior
0.7283184714849841,0.06850685625504287,1,interior
0.342555300174611,0.0817525660655904,1,interior
0.3429903587049044,0.08475654558739054,1,interior
0.4868918658511546,0.06478826104812266,1,interior
0.7741168065566467,0.06137408706437734,1,interior
0.772070542273874,0.06390958965556238,1,interior
0.7811819404630452,0.05619080443395901,1,interior
0.7732885357788702,0.05789576414183478,1,interior
0.7771580268017125,0.05604214566443382,1,interior
0.7889991457762991,0.06470060580962717,1,interior
0.47727247017206353,0.08452969424862279,1,interior
0.9346708202210757,0.13234263941446642,1,interior
0.7198494740720255,0.05383406263022037,1,interior
0.7186796272869422,0.05673091954913495,1,interior
0.7181200678820111,0.050581825668433285,1,interior
0.5627146557409527,0.05547492007268691,1,interior
0.562126616756173,0.05105000139016101,1,interior
0.5592831485045927,0.049178638492956436,1,interior
0.22046204707452685,0.10782614115570631,1,interior
0.4601976737766613,0.06656120313772772,1,interior
0.4635856690372828,0.06595926024092216,1,interior
0.6039915314936103,0.05029933034417227,1,interior
0.5415166879963701,0.05456427608343337,1,interior
0.5393039604090348,0.05184668982790671,1,interior
0.532374502165433,0.05515403839915861,1,interior
0.5344140951918945,0.05024187893297085,1,interior
0.35910699620063474,0.07246713429476419,1,interior
0.3579752628378409,0.07599855275800238,1,interior
0.23341703644923426,0.09171366238940755,1,interior
0.23230061516224682,0.09535110426625486,1,interior
0.23291634682318912,0.09951556382119739,1,interior
0.23911827845511377,0.09259453451884316,1,interior
0.23613900110496772,0.09125318251285441,1,interior
0.10945252079465444,0.1381229541507455,1,interior
0.10913831341484548,0.14100043898274509,1,interior
0.11174797839939113,0.1374330906096874,1,interior
0.2657223498240871,0.07726168636628211,1,interior
0.2629501029719141,0.07589032605012251,1,interior
0.851251955627942,0.07745488966779372,1,interior
0.8539757873851648,0.07975437520954605,1,interior
0.5294653985116885,0.05744757332127814,1,interior
0.5292231200057722,0.054047287295492685,1,interior
0.21200955125638046,0.1083589877329741,1,interior
0.565011376822795,0.0529471138160999,1,interior
0.5646871965024445,0.04739372565252618,1,interior
0.5582310581042808,0.05159497342327702,1,interior
0.8376221971884389,0.0870253188096981,1,interior
0.4893542903943003,0.060567827200663886,1,interior
0.4921422776674896,0.059286131082178214,1,interior
0.30519249743062976,0.08990779047258077,1,interior
0.3359722905082572,0.07798053830691357,1,interior
0.3334278460648315,0.08005910288265931,1,interior
0.9391487410176663,0.1392839859201964,1,interior
0.3789755962152894,0.07942097111881112,1,interior
0.3049745806104481,0.08066055138704542,1,interior
0.3082636054884164,0.08590592162441055,1,interior
0.6127634663130355,0.06329637054995002,1,interior
0.6161642722112332,0.0616840777565369,1,interior
0.32301159597381174,0.08709288025646504,1,interior
0.32002435942563207,0.08632061408337624,1,interior
0.24422874121135757,0.08615747261858844,1,interior
0.7318564125519655,0.08808830135195878,1,interior
0.1835025644073336,0.13706797444289912,1,interior
0.18116224840403947,0.13574723419889842,1,interior
0.19663521776763168,0.12899071948514804,1,interior
0.19956276302770948,0.13135254503689878,1,interior
0.19288490395689095,0.12979424478289964,1,interior
0.617284964525451,0.06709161207746797,1,interior
0.8801027684663681,0.10552315909292705,1,interior
0.20735580529066833,0.11814809673784986,1,interior
0.7635487131887443,0.0594834477466137,1,interior
0.3805041277967411,0.06817485475873684,1,interior
0.31854913196200646,0.08396582795598381,1,interior
0.31255337051206855,0.08870360026849711,1,interior
0.31402782757931524,0.08326080344799276,1,interior
0.3116147215608795,0.08553919300435507,1,interior
0.31653212429626804,0.08239666772734906,1,interior
0.7318197895794003,0.06474800260932019,1,interior
0.7295433999971791,0.06217624708027945,1,interior
0.7306103080398041,0.05826613073107289,1,interior
0.08004189579475711,0.13555497939367744,1,interior
0.08611962607246122,0.1351721560015176,1,interior
0.07966945016133016,0.1384558092001734,1,interior
0.08094687109373347,0.14133587943458475,1,interior
0.08326530859352414,0.1335770049167841,1,interior
0.38657302409085764,0.07453246966214847,1,interior
0.7407067263708521,0.06829739492110429,1,interior
0.2790965686913336,0.07857184585111104,1,interior
0.7287132852459294,0.07906511229763842,1,interior
0.7320208036636814,0.07690639411823115,1,interior
0.7921725427448829,0.058848768868171586,1,interior
0.820817359780055,0.06565618133497451,1,interior
0.8184727740106018,0.06388448685313788,1,interior
0.6462187614136651,0.0348286123344932,1,interior
0.6482769624247128,0.03631676572160631,1,interior
0.6477837897786275,0.041314889073189344,1,interior
0.6422847296990982,0.03919011682501266,1,interior
0.6492357631012847,0.038916960867304735,1,interior
0.7649167244960283,0.06539675104361363,1,interior
0.7663825026943146,0.05939045759617971,1,interior
0.7656710719375134,0.06233147730896893,1,interior
0.5432924620212757,0.042346685949016576,1,interior
0.5403935143668794,0.0447339762749025,1,interior
0.5411738243147026,0.048544052535898274,1,interior
0.38165021089408274,0.08238325876914611,1,interior
0.43455415033311046,0.06902191594837725,1,interior
0.43531370905383254,0.07123094403487007,1,interior
0.43517530225146456,0.07545281422310643,1,interior
0.43719242122500307,0.07313165676686934,1,interior
0.9247840068801463,0.1307323617189707,1,interior
0.7551740073422485,0.0702153317734518,1,interior
0.6115325057529999,0.06689759318732423,1,interior
0.7196851469807166,0.06577476443076083,1,interior
0.7216642433989437,0.06297468974107807,1,interior
0.7202088838631204,0.05995868759325401,1,interior
0.37657535676836007,0.07757992226758045,1,interior
0.6742345607716267,0.05487792929206297,1,interior
0.677342210723341,0.06000050280624629,1,interior
0.6772787147972735,0.05667761783355122,1,interior
0.6747789487747251,0.057650842910316316,1,interior
0.6714810583869205,0.05667064490397909,1,interior
0.5613193979122205,0.07803903792592622,1,interior
0.769210492886854,0.05777382580682005,1,interior
0.7678295444181286,0.05426490623039792,1,interior
0.7683378948130203,0.061237462518029626,1,interior
0.8572609469286329,0.08582220809654585,1,interior
0.8570586231467628,0.07897342641357859,1,interior
0.8540812512913182,0.08593061357078928,1,interior
0.8563612709823479,0.08260239872048862,1,interior
0.6330050134730243,0.05377634978541225,1,interior
0.635855625352621,0.05483654403196256,1,interior
0.7221519500529661,0.05698389798319566,1,interior
0.7902514208523712,0.05560609497459345,1,interior
0.7868099952332605,0.055183682862045086,1,interior
0.7370876954084293,0.06935340990170595,1,interior
0.7329379016920367,0.07359530764559949,1,interior
0.5804553744504577,0.06707540485733318,1,interior
0.3303379426970481,0.09117972818979066,1,interior
0.18379670829998515,0.13410477663642348,1,interior
0.17866098575106842,0.13248659006745062,1,interior
0.18103873516550792,0.1331130187928452,1,interior
0.6680411532718602,0.05451795050205479,1,interior
0.8602503271462788,0.0944495239114536,1,interior
0.8612631659433969,0.09769115069244194,1,interior
0.5586611836434769,0.04605981289864713,1,interior
0.5549529139035667,0.05188753070155439,1,interior
0.5536085844444738,0.04453129204666454,1,interior
0.9424860499208458,0.13861979283156192,1,interior
0.6379121925713559,0.05277392455628969,1,interior
0.6406098018755004,0.052241547537165735,1,interior
0.8884106064754902,0.10669450885248828,1,interior
0.8887710190155508,0.10382429215689484,1,interior
0.8873596810809158,0.10121777204019827,1,interior
0.7215234807919074,0.068635639464597,1,interior
0.30380658214854017,0.07798496351941145,1,interior
0.8824832109014967,0.0987529170475046,1,interior
0.8858936281054587,0.09838570157943356,1,interior
0.8811385757632958,0.10227189686896282,1,interior
0.9806691854086891,0.1307566683168193,1,interior
0.9832613234783141,0.13240541731892477,1,interior
0.977730378174666,0.13041110487931468,1,interior
0.49808062581905416,0.05703387266617173,1,interior
0.4938509164476301,0.056834722158592275,1,interior
0.7666290855565124,0.051304195596795214,1,interior
0.7715332151265822,0.05466503840610867,1,interior
0.7705022463261954,0.0514504132147165,1,interior
0.5072175169744041,0.059002200999222786,1,interior
0.5068834337420653,0.061817327837119275,1,interior
0.5044824687896502,0.05748849235500946,1,interior
0.22375259997077734,0.1132368668147007,1,interior
0.7323593313278166,0.08500620177577793,1,interior
0.3151318585700299,0.11887384294127719,1,interior
0.49240154317326223,0.06566646994567825,1,interior
0.6767829117705504,0.054124533844640034,1,interior
0.6795925753841671,0.05478653450596262,1,interior
0.680243284717755,0.0582686371337131,1,interior
0.3432714289830971,0.07867203290034752,1,interior
0.6899564015916174,0.06373219473021323,1,interior
0.9946642475944959,0.1373762131612314,1,interior
0.9970182666304902,0.1361655650482339,1,interior
0.6368696243137848,0.0790885877636538,1,interior
0.3008583287598982,0.07755361352307759,1,interior
0.6538590856432965,0.04334105685908287,1,interior
0.3059077906221038,0.07670997436763341,1,interior
0.9142187050301681,0.12368132516213126,1,interior
0.9180340982178683,0.1256240885730999,1,interior
0.9113553606719179,0.12532414486439764,1,interior
0.5296062482242152,0.061718597908038374,1,interior
0.8905736295252801,0.10881234214182578,1,interior
0.8843730999676902,0.11001052840785415,1,interior
0.7342940034362906,0.06727557916468613,1,interior
0.7374180993554139,0.06623346634206113,1,interior
0.4537563316733501,0.07299602739496847,1,interior
0.45588535780451883,0.07031652922292862,1,interior
0.20502726977110627,0.1349227793030227,1,interior
0.9956966890437317,0.13424435820273614,1,interior
0.9921717813884623,0.13393782851316624,1,interior
0.24624273452737588,0.07321316186880121,1,interior
0.5800453916225321,0.05245937858182863,1,interior
0.6235147115783511,0.05278737872895151,1,interior
0.6273305105463887,0.052724925721759276,1,interior
0.6234079060543182,0.05885292755856112,1,interior
0.9483679171062015,0.1367836196683061,1,interior
0.9507494228232054,0.13524644898082755,1,interior
0.9508745097491769,0.13834293863419217,1,interior
0.23196291262319674,0.11100291549578763,1,interior
0.20766644567159714,0.15286936238293328,1,interior
0.18530141271703418,0.1386838952232823,1,interior
0.7336713809358496,0.0821142930823053,1,interior
0.9566815692066717,0.1297493341048409,1,interior
0.9599852452116451,0.12746762902883457,1,interior
0.9467000149152376,0.13406401083291264,1,interior
0.9435959265762733,0.1357517169285996,1,interior
0.9503180342410555,0.1321090868823013,1,interior
0.9456942673547032,0.13755698238072636,1,interior
0.9207932769125463,0.12878553356735817,1,interior
0.5372366098449314,0.04949011920042484,1,interior
0.5398779015640567,0.04182752175667006,1,interior
0.5362380199246642,0.04326324485625613,1,interior
0.7687519454978253,0.06483896319028999,1,interior
0.4705670475948173,0.06798105192878064,1,interior
0.46886248026665006,0.07043151225885802,1,interior
0.4676070783741615,0.06507416552260306,1,interior
0.4708449622987862,0.07488666805817942,1,interior
0.927998419041096,0.12979794778460463,1,interior
0.9637443511008505,0.12713180761891968,1,interior
0.966988065572485,0.12793825127004838,1,interior
0.972495368249775,0.1321379161498916,1,interior
0.9891489115842154,0.1314895962789312,1,interior
0.5713312493456828,0.07175941687563743,1,interior
0.6874095912470299,0.060827525079274955,1,interior
0.6844686923444614,0.06193242142027886,1,interior
0.6654056352590275,0.052544929361806846,1,interior
0.3331039077799672,0.07608828373191925,1,interior
0.3365615766847878,0.07484458446180568,1,interior
0.33926024679489875,0.07738256893113217,1,interior
0.22774998765291363,0.11799778905980647,1,interior
0.3717711804026325,0.0702585949551757,1,interior
0.36874466413072243,0.07028988836982136,1,interior
0.6582719542815231,0.05374182476169306,1,interior
0.18659877852174217,0.13596854645085213,1,interior
0.18804076431980002,0.1396684939936226,1,interior
0.18945033322665464,0.13094755981174758,1,interior
0.921529931723178,0.13196733843542,1,interior
0.9687249287715707,0.12435832953006742,1,interior
0.9652355547759649,0.12388770821437044,1,interior
0.970840655125604,0.12723925549859463,1,interior
0.5441396635065979,0.05101485776596274,1,interior
0.547607103916456,0.0473811051846856,1,interior
0.6838327717289217,0.058907781052162766,1,interior
0.6811665927225151,0.06162679658520807,1,interior
0.6865044353535898,0.057486887731253294,1,interior
0.2300008921367139,0.09221988378230349,1,interior
0.23503921557853097,0.0875854588885384,1,interior
0.23138884504555166,0.08907333017417446,1,interior
0.08944205730602973,0.1332660388048775,1,interior
0.308790419365742,0.08918374844330453,1,interior
0.2297052849325756,0.10063062933000587,1,interior
0.23015025360263497,0.09770417934064504,1,interior
0.7377815273906879,0.05114220055887922,1,interior
0.733171288786809,0.05322212426191377,1,interior
0.7327541963064388,0.05574191130464563,1,interior
0.7394245569832488,0.05350385670778895,1,interior
0.7654095068459124,0.05663040143536822,1,interior
0.7681728299140145,0.0491412774406694,1,interior
0.9086157887141896,0.12400533350667656,1,interior
0.9033645745020324,0.12258084263346558,1,interior
0.9918306578068204,0.13038689289337024,1,interior
0.9861341291749369,0.12947537432457126,1,interior
0.9895670716502082,0.12768888318322452,1,interior
0.38814412746961285,0.07268215660099368,1,boundary
0.43251836664272425,0.08928000804708894,1,interior
0.7987361317365448,0.055446444765407187,1,interior
0.7934599825651867,0.05558568652617017,1,interior
0.796121570962579,0.05364255203874207,1,interior
0.6353893586813508,0.05029452558242041,1,interior
0.5549672396779649,0.041628855581497176,1,interior
0.5530166749641726,0.03920923153535196,1,interior
0.5496750047863138,0.039756580285436154,1,interior
0.5561840162686539,0.04444202150051915,1,interior
0.3289541346958732,0.08822475296059501,1,interior
0.24189119140303128,0.08930268680115935,1,interior
0.9839939045008652,0.14329308227414922,1,interior
0.5504307590987514,0.036160862418261816,1,interior
0.5538668462820089,0.03653131669495908,1,interior
0.29723647744727244,0.07660573412063862,1,interior
0.7443675564380801,0.04966362880188013,1,interior
0.74104180086484,0.05006540547072855,1,interior
0.7343596107137188,0.07906135783649608,1,interior
0.6207765468370576,0.0644666085481133,1,interior
0.621702354823687,0.062004287788797074,1,interior
0.45214297945724075,0.08397328183832349,1,interior
0.9133064492430536,0.15125436949417007,1,interior
0.38144948128947986,0.07439832272997962,1,interior
0.3838468779604014,0.07216251355677103,1,interior
0.35570250174339585,0.07373883181321418,1,interior
0.24005440669666606,0.07859894968034922,1,interior
0.24219242976564215,0.08118633192909006,1,interior
0.8461227051058601,0.0751269878175526,1,interior
0.09985856995406421,0.1437782515028371,1,interior
0.7998518284774134,0.052596054651888914,1,interior
0.7946227902263316,0.051091159864698775,1,interior
0.30480108925489335,0.0975855636685013,1,interior
0.5378424349609927,0.04645178173394332,1,interior
0.452906700488423,0.0813625589964633,1,interior
0.9673929500585547,0.12132639950950688,1,interior
0.9702615442072764,0.12075692443483517,1,interior
0.971990928734822,0.12411537659097886,1,interior
0.973165546773861,0.12169915459352584,1,interior
0.4711547798994631,0.07169718891118844,1,interior
0.5796407866163608,0.04941486552357064,1,interior
0.5756025836534128,0.049129256361290605,1,interior
0.5314664529684311,0.04915781135173847,1,interior
0.5305666331934616,0.046533318127876075,1,interior
0.5342462952784094,0.04685620251891783,1,interior
0.4383284867055451,0.07655361563005689,1,interior
0.44449269954430126,0.07605857700679317,1,interior
0.4408649146170251,0.07268928422770117,1,interior
0.8236007968720446,0.0632737434329924,1,interior
0.8252331136121667,0.06564198639155736,1,interior
0.8267428390329868,0.06353019447754987,1,interior
0.9848835591473729,0.13532596063650876,1,interior
0.7744006414436487,0.05516293624056569,1,interior
0.7750147694160093,0.05243772610888235,1,interior
0.7787723176624174,0.05324056644445491,1,interior
0.6423145807627179,0.044905890016781407,1,interior
0.6910916595278603,0.05646638893515373,1,interior
0.23357963133689721,0.08342650833362719,1,interior
0.23886312962536618,0.086282256881073,1,interior
0.23648433088272133,0.0836659139235309,1,interior
0.9540409892173153,0.1344994167102795,1,interior
0.2809205255214906,0.0802520760418073,1,interior
0.5278973457603535,0.048312952777143724,1,interior
0.5318785869382572,0.04415389895967469,1,interior
0.5294249480158653,0.051093493021846945,1,interior
0.525184494006828,0.04636620730085932,1,interior
0.5279252089015827,0.044228439582452664,1,interior
0.6352829620387453,0.045688539186014544,1,interior
0.6388710149456978,0.04990575468669446,1,interior
0.632869073964315,0.048079088729120645,1,interior
0.6310692787819833,0.05126900114982031,1,interior
0.22675846683886916,0.10193472629246253,1,interior
0.4435316128493557,0.07391222092361367,1,interior
0.7837881060180909,0.0540066659051747,1,interior
0.7756706780294282,0.049791599252452454,1,interior
0.47393154562915785,0.0794359873554988,1,interior
0.7888182343303255,0.053335489941735474,1,interior
0.7922328372150375,0.05277498197249434,1,interior
0.795119587744256,0.04884007608560217,1,interior
0.5461260405034163,0.05318575577360796,1,interior
0.7273261629870107,0.05984522230046064,1,interior
0.7278167364482473,0.055789695870518914,1,interior
0.7253529983820304,0.05785664814580638,1,interior
0.9830244837697306,0.12951242300507895,1,interior
0.9770537864043908,0.12696275476731358,1,interior
0.9805102452405536,0.1274955140453701,1,interior
0.9838180654426727,0.12721913845429628,1,interior
0.8649248973674327,0.09821246857862062,1,interior
0.8633335966679667,0.0955238895962357,1,interior
0.9624021845381865,0.12475008693566791,1,interior
0.9602752477916191,0.12404957667654155,1,interior
0.6184153197234298,0.06371939593059515,1,interior
0.6196352392793079,0.059480364933193676,1,interior
0.5653310380981045,0.057670135995540495,1,interior
0.5704823531435191,0.060836897709536465,1,interior
0.9374314283855103,0.12975145310655037,1,interior
0.9336641624352682,0.12884684959224443,1,interior
0.9383082687146821,0.1334645366612786,1,interior
0.45194581119528454,0.07534166019639285,1,interior
0.35110856935310936,0.07743911557343004,1,interior
0.34749050055898595,0.07903027126104847,1,interior
0.3481980492780177,0.07604570395278926,1,interior
0.496031315632665,0.05424230904649096,1,interior
0.49975751857789313,0.053724100236974826,1,interior
0.9558037096222612,0.12685576212191174,1,interior
0.5267652772786144,0.07352853994418936,1,interior
0.3117056562252158,0.08147464898872336,1,interior
0.30945092057280066,0.08323489691180122,1,interior
0.7723538242094657,0.0462671107178815,1,interior
0.6135843614732118,0.05335432078156207,1,interior
0.616536341837108,0.05445130089950436,1,interior
0.6165402552811892,0.05804052585142985,1,interior
0.6190062731910148,0.05608703257458868,1,interior
0.9236290955989104,0.12717834427094146,1,interior
0.9264874810328401,0.12688218921215452,1,interior
0.6386438938020685,0.047004735064110535,1,interior
0.36447544487503764,0.06615031867384637,1,interior
0.36741194194099064,0.06706098540546739,1,interior
0.3610531139497814,0.06955643199870204,1,interior
0.5355261286241294,0.06958887286300125,1,interior
0.4319760764320973,0.07588865376858982,1,interior
0.722826000465751,0.05384389240264009,1,interior
0.7237686795785878,0.06036793100241183,1,interior
0.7249487115185794,0.05530076737403555,1,interior
0.9750064428575191,0.13209043856588557,1,interior
0.5080975660086374,0.06459196650241454,1,interior
0.9068296392834515,0.12198072399276157,1,interior
0.23893809121723295,0.07516866577204907,1,interior
0.9412318496211282,0.1304296657733508,1,interior
0.9425940196074674,0.13320308535464187,1,interior
0.9456761487100597,0.1307245830191173,1,interior
0.9405273920474109,0.13611379849200392,1,interior
0.20336538507744648,0.1322879701923557,1,interior
0.9433396236394745,0.12801682049082763,1,interior
0.9399480352719074,0.12671627722756437,1,interior
0.8021387153922532,0.0790502361551925,1,interior
0.6168404338002599,0.050865061080831823,1,interior
0.3063406029778641,0.09228735025143303,1,interior
0.3075370592030107,0.09544814873872864,1,interior
0.8030870517637754,0.052893307809967406,1,interior
0.8021108661999149,0.05594644534273167,1,interior
0.9740096096341476,0.1263517594758216,1,interior
0.9792808237389035,0.1241596171161742,1,interior
0.975707449195242,0.12362821991140018,1,interior
0.5691337408345161,0.06648281002376355,1,interior
0.5663688898391391,0.06736909785200414,1,interior
0.5676533329396916,0.06340101191484813,1,interior
0.2006582812745639,0.14471415139069044,1,interior
0.8332630918881212,0.0662820535174763,1,interior
0.8263234787271272,0.0682352273778745,1,interior
0.8300112987602135,0.06391988101994275,1,interior
0.09806571279722544,0.14158826125171114,1,interior
0.09652870272629631,0.13493827929614327,1,interior
0.09940338554310521,0.13602860966750635,1,interior
0.10084278589900916,0.13893253278032663,1,interior
0.22452264701907812,0.0903037263552484,1,interior
0.22656781718601537,0.09268051079051276,1,interior
0.22781907342921626,0.08955721602690299,1,interior
0.5718919655236593,0.06793825759633419,1,interior
0.571096769083642,0.06417321411143213,1,interior
0.5686724790508184,0.06971549688433196,1,interior
0.8087264757708293,0.057103052385261484,1,interior
0.8051783200396685,0.05784483187428961,1,interior
0.8105815864860202,0.06000122998579533,1,interior
0.26867121503089875,0.07537660188044948,1,interior
0.26828043559169673,0.0790469661383318,1,interior
0.2660443525651739,0.07372335012983673,1,interior
0.4861899129306311,0.062133059580777056,1,interior
0.48592867727235484,0.059030587506714076,1,interior
0.48959374536794875,0.056973304113779065,1,interior
0.4896234501115537,0.06351942424604351,1,interior
0.126402890595009,0.12658045741720672,1,interior
0.12334440882545168,0.12684592457927935,1,interior
0.7731279052091825,0.04929163092718064,1,interior
0.32364345458736116,0.08435077715836718,1,interior
0.3214076626262089,0.08282710562405717,1,interior
0.4294299947952503,0.08053779575252724,1,interior
0.8798990823555494,0.09620100984988612,1,interior
0.20355846935236918,0.12356525791657488,1,interior
0.20214519114403745,0.12950283984736355,1,interior
0.19973323095086593,0.1275198080250625,1,interior
0.20033949382226993,0.1241218249564682,1,interior
0.25995057145385975,0.07621301536893359,1,interior
0.26091289532644113,0.0739059151815179,1,interior
0.11960557098751959,0.12779717753028705,1,interior
0.993474726479965,0.12812163082339065,1,interior
0.9948515845687125,0.13102845568773938,1,interior
0.9917834073662934,0.12563385133160435,1,interior
0.6298794818581351,0.04768418035461836,1,interior
0.6331099538115529,0.042500262641385934,1,interior
0.5748834557873297,0.06772636852265357,1,interior
0.5141429296301047,0.06518581575975362,1,interior
0.5173149896541591,0.06681257226361353,1,interior
0.5340688251054395,0.07909581865001228,1,interior
0.8931599254267539,0.10812758563619895,1,interior
0.8916943051767368,0.1048754774323413,1,interior
0.8966122791389743,0.11596946426820572,1,interior
0.8963709661518992,0.1090030678233751,1,interior
0.3064659608403874,0.08339259526818525,1,interior
0.30864423265883617,0.080443012219667,1,interior
0.30758711991503346,0.0779306627533314,1,interior
0.7709454039342271,0.061069662949763404,1,interior
0.5794998701622308,0.06414154477567748,1,interior
0.3775535755131605,0.06668978142776107,1,interior
0.38056543216432004,0.07133301219183477,1,interior
0.20554907876519599,0.12106308917627999,1,interior
0.8135983072885746,0.06500251518527458,1,interior
0.8156309053950996,0.06387839514136552,1,interior
0.8113919086183959,0.06582337059997,1,interior
0.3741941653660916,0.06822712158655173,1,interior
0.3773134132008137,0.07243574260369263,1,interior
0.4740239587498302,0.0765172799208863,1,interior
0.37878674244708427,0.07528415563696843,1,interior
0.4740695016802352,0.07326467846438602,1,interior
0.9620499973365654,0.12120793570172853,1,interior
0.9590786379810398,0.12164234026030665,1,interior
0.7484735448050414,0.05310698989416747,1,interior
0.7499980987908599,0.04810426631828559,1,interior
0.7471801950099499,0.04661292842178597,1,interior
0.5867487921676783,0.04832380264881692,1,interior
0.7653989163023543,0.04818252952876655,1,interior
0.7677494842523855,0.04642703008513909,1,interior
0.7637338121750623,0.05016941054865729,1,interior
0.764776022889321,0.04529257608954088,1,interior
0.7703897502134138,0.04781941297188782,1,interior
0.772724815187734,0.04463528240709154,1,interior
0.5594975557739804,0.08151147334154717,1,interior
0.9783265834375289,0.12099645477479148,1,interior
0.3721650417554261,0.06594621288994079,1,interior
0.3623239359634824,0.066719607840199,1,interior
0.3696124613361424,0.06535092980929211,1,interior
0.5419844323069547,0.05179752749513965,1,interior
0.21467429079457667,0.10665458731335452,1,interior
0.2177354070746804,0.10529845074903192,1,interior
0.7336477018803959,0.07035097698847063,1,interior
0.6161173013439065,0.07841673573206717,1,interior
0.2737382362619109,0.07973629981173405,1,interior
0.7577742271624953,0.06905308769518861,1,interior
0.326179376071466,0.08671559195082704,1,interior
0.20963015288316242,0.10985427201577277,1,interior
0.20512665898012622,0.11123566223457441,1,interior
0.20678163109989753,0.10912151874079819,1,interior
0.2053852264175864,0.11464016025272829,1,interior
0.9213459820597072,0.1253972095638152,1,interior
0.9270787566505959,0.12358957009576169,1,interior
0.924145295976089,0.12353923464522824,1,interior
0.7056377517583217,0.04489915579419845,1,interior
0.7204265353569209,0.048122196788081606,1,interior
0.7218918444461805,0.05105633885940385,1,interior
0.7165196414380395,0.047010392516593176,1,interior
0.7162342931068395,0.05358054510304777,1,interior
0.5932611415431678,0.048321341322944314,1,interior
0.5266739338628524,0.051907459600713586,1,interior
0.5259024855151179,0.05561613533214644,1,interior
0.957572927859396,0.12439430011446284,1,interior
0.9563758367485776,0.12126820206642092,1,interior
0.5714845883811497,0.05004869929289076,1,interior
0.3374778361979569,0.10748931385490461,1,interior
0.3117122330512612,0.07794454929822463,1,interior
0.44527518892313406,0.07123992160466133,1,interior
0.4664534446616379,0.061481728579154536,1,interior
0.4717108684386989,0.06135956344063799,1,interior
0.46510377370684913,0.06375094536251415,1,interior
0.10682032330449066,0.14245914848828836,1,interior
0.6682477780217333,0.05788164534231969,1,interior
0.3060431155790751,0.13034438525906236,1,interior
0.4488061419545725,0.06918171886145726,1,interior
0.44966031136322127,0.07262031439411866,1,interior
0.44552964878054485,0.06806276366165391,1,interior
0.4421104849128409,0.06867850397554184,1,interior
0.6250566787890273,0.050104761790235375,1,interior
0.511439120374674,0.06337188879436506,1,interior
0.07859475737592891,0.140613397112661,1,interior
0.5625431753162315,0.04484689222097898,1,interior
0.5605876150639381,0.0431887008750238,1,interior
0.5615647579510628,0.047737884180496494,1,interior
0.6382938503693893,0.039509416193662786,1,interior
0.6410108947669585,0.041811410523186945,1,interior
0.6379605323964029,0.0357347884124695,1,interior
0.640880004132921,0.03648879829028164,1,interior
0.4608392197835976,0.06346687398311888,1,interior
0.4630926991690969,0.06194204002380548,1,interior
0.3572318398428202,0.0687199317194285,1,interior
0.35409572679937873,0.07057308639563818,1,interior
0.9291552375744528,0.12519219094581885,1,interior
0.6008895374275075,0.05111048148128703,1,interior
0.5781049443315742,0.04644556428193233,1,interior
0.5809628017234963,0.04583436174733607,1,interior
0.5834387169779846,0.05106922966456747,1,interior
0.948964723614419,0.12919489885350705,1,interior
0.9526555613910055,0.12892690377489838,1,interior
0.954129338627026,0.1317394178042955,1,interior
0.27946146547596845,0.07375235234688353,1,interior
0.834199173612002,0.07603866999548024,1,interior
0.3505702594821796,0.07530493741211186,1,interior
0.35680197063078495,0.07853795055903569,1,interior
0.5935224973220616,0.04110312100231294,1,interior
0.5971501476655303,0.039375121033206555,1,interior
0.6009265984558676,0.041446040775506385,1,interior
0.510574763713779,0.05470100158437902,1,interior
0.5123836795331054,0.060130155777979116,1,interior
0.5074874602589792,0.05588912901887692,1,interior
0.8599720828902484,0.08773501178611952,1,interior
0.8605058478756394,0.09093275542460018,1,interior
0.5574403663771154,0.038196720111203675,1,interior
0.5579265172556196,0.04228677602520558,1,interior
0.7256407004916073,0.05220086652484967,1,interior
0.7288127322644101,0.052429568182649114,1,interior
0.3448050433914856,0.07556819470037605,1,interior
0.34173871010334067,0.07554015064849982,1,interior
0.2530575900024416,0.11376960930208402,1,interior
0.9707085373483623,0.11724318693271475,1,interior
0.9733411942608691,0.11875593153993307,1,interior
0.9672187610187183,0.11774565228049526,1,interior
0.5136275594644346,0.05710644612319655,1,interior
0.5101703226849003,0.05792917917261322,1,interior
0.5071194113874194,0.05225877421605751,1,interior
0.5107767444926924,0.051484126900022166,1,interior
0.7244897457243962,0.048510045190240256,1,interior
0.5911369317359985,0.04390689520788818,1,interior
0.6055980587304571,0.04682162929557563,1,interior
0.20592105630143132,0.10624236747708098,1,interior
0.20334363983893736,0.10805625485765595,1,interior
0.20902599020844118,0.1068162779541217,1,interior
0.6452380488064922,0.0327450070832888,1,interior
0.8033362227193014,0.05067314960793228,1,boundary
0.7973623943407587,0.050494945606208645,1,interior
0.8683059633253826,0.09688355089420504,1,interior
0.866008352576463,0.09526159296070276,1,interior
0.8738205970263305,0.0971839176061101,1,interior
0.3294968044310435,0.07556101684750573,1,interior
0.32977811470176693,0.08120497177344706,1,interior
0.3319400241745771,0.08287638401993756,1,interior
0.6149714023770617,0.06528918094177381,1,interior
0.6085087591010166,0.0672677846745959,1,interior
0.31941173715062393,0.0965385129302572,1,interior
0.5143009669632836,0.05393255687308233,1,interior
0.5111019238616178,0.04755086937620117,1,interior
0.513267779942937,0.0503745436456924,1,interior
0.19656184456135134,0.12501664082858094,1,interior
0.22696870692895457,0.09847814893850249,1,interior
0.22409895102996524,0.10039322896096159,1,interior
0.5215896754459293,0.056130563320090684,1,interior
0.523618704978167,0.05289304706336356,1,interior
0.4801826670770677,0.06987734375478062,1,interior
0.47407925389197575,0.06977340118917687,1,interior
0.47982034916307365,0.07330354673189192,1,interior
0.4768562399660312,0.0749865399350176,1,interior
0.477262278403316,0.06802267294074336,1,interior
0.568184773463503,0.05189180042521668,1,interior
0.5704932832571119,0.0466533312266516,1,interior
0.23492333219574466,0.08033756481215668,1,interior
0.23956906658595445,0.08263094958344196,1,interior
0.7390340622483343,0.045062877720799935,1,interior
0.7425947299766879,0.046252851780814674,1,interior
0.7388369865611534,0.04783682117764059,1,interior
0.5179847370941001,0.053981034956988416,1,interior
0.5241152787167888,0.058482679143630686,1,interior
0.517792523969536,0.057353350780588015,1,interior
0.5216862346271598,0.050317677049305454,1,interior
0.8231271825606647,0.05969074313119158,1,interior
0.826963409029547,0.060821635303900265,1,interior
0.8205987572099067,0.061948598416364097,1,interior
0.9526016794997003,0.1257266360968034,1,interior
0.27168607012971213,0.08675678091821142,1,interior
0.1864209998900689,0.13241190212586962,1,interior
0.7256138514622021,0.063500405546654,1,interior
0.7396416594304309,0.07158846376334228,1,interior
0.5492566794399716,0.03234816030503558,1,interior
0.553082119318661,0.03317578271426731,1,interior
0.5471659779114498,0.03466146653391169,1,interior
0.23827313001368028,0.08935813595684174,1,interior
0.7251996205084498,0.06757358445592113,1,interior
0.7267017879450541,0.07040573856112656,1,interior
0.8816660949791487,0.09245206529807741,1,interior
0.8840862448640462,0.09517166367852685,1,interior
0.8764754531315351,0.09543244867468488,1,interior
0.9648528679243098,0.12018847429248794,1,interior
0.8992977479587388,0.11406087068962038,1,interior
0.8123462539103868,0.06279587224989569,1,interior
0.6038137387392182,0.044169099474399454,1,interior
0.2738452337115825,0.07649348069971974,1,interior
0.3774237005154483,0.06954970349597113,1,interior
0.37484308143209727,0.06574196709619896,1,interior
0.3729809020382784,0.0644960265226453,1,interior
0.08599128854681913,0.13102383225985612,1,interior
0.8438122446438804,0.07295558742452803,1,interior
0.8408536694220962,0.07160030739849721,1,interior
0.8409970008166031,0.07435442442868531,1,interior
0.8285231156311772,0.058137830381916375,1,interior
0.8313326639524835,0.06043703027862078,1,interior
0.8255758900178444,0.05722836665873699,1,interior
0.12132901189262353,0.12449338033372609,1,interior
0.12461062041026832,0.12408984438449815,1,interior
0.12906717791860917,0.12670257694244733,1,interior
0.5531557467274121,0.027565689908451325,1,interior
0.5564695707952644,0.03254282495415939,1,interior
0.8733948442837697,0.09380712814575186,1,interior
0.5349426187802582,0.04010956876810713,1,interior
0.6064548160551115,0.05288774307123623,1,interior
0.6013778147225797,0.05692222772726004,1,interior
0.7105065750210628,0.08582875315420932,1,interior
0.6198621143844502,0.05297430587078472,1,interior
0.6219081170966744,0.05591736019880083,1,interior
0.5677437277773341,0.05931431411030353,1,interior
0.5672342016404155,0.0554226491589808,1,interior
0.4718734903032143,0.0813166972764438,1,interior
0.36242095477288583,0.06395785225302877,1,interior
0.7284556400781591,0.06560347203131732,1,interior
0.5840269891896762,0.06720494615331896,1,interior
0.8376943451953563,0.07411409352416413,1,interior
0.8343405535301005,0.07272901981969507,1,interior
0.19945469737334648,0.12095405021002939,1,interior
0.19724927706456646,0.1223604981962377,1,interior
0.19401397957380212,0.12117230044817151,1,interior
0.20375811262047896,0.11793522674401989,1,interior
0.2021907085254537,0.12090330969957919,1,interior
0.4803949837032675,0.06640799618304451,1,interior
0.4854936040853684,0.07061371860146098,1,interior
0.7350156415016894,0.05160858785309167,1,interior
0.5680780132225227,0.0486890222787588,1,interior
0.4844958178809917,0.054344468904458876,1,interior
0.482498200654726,0.06086263179417997,1,interior
0.4820566272066103,0.05730177364125396,1,interior
0.4861079011748311,0.05625338322447475,1,interior
0.8546914464857606,0.07642054461479042,1,interior
0.22313275355073886,0.09385959717789076,1,interior
0.22863028906601937,0.09522281866290777,1,interior
0.22136223155913706,0.09090577637907153,1,interior
0.5757452808385094,0.045171178033889314,1,interior
0.578783009565506,0.04242998012173533,1,interior
0.5145549610930913,0.04746154278192354,1,interior
0.5173415878965576,0.047429652237658826,1,interior
0.5187551615430891,0.050573030407402214,1,interior
0.5130971197247314,0.044812231664235015,1,interior
0.22763020831672734,0.08455592791409981,1,interior
0.2254880570855842,0.08677185689850009,1,interior
0.9436255099749965,0.12484598504268919,1,interior
0.9409479452976285,0.1232015251559641,1,interior
0.9374737858181627,0.12371021568088543,1,interior
0.5167897616422518,0.06317196112325192,1,interior
0.49852510387105387,0.06490749444732706,1,interior
0.6805752798006012,0.0651837386141266,1,interior
0.8246334491652005,0.0542191774767431,1,interior
0.828649614414271,0.05450685104142897,1,interior
0.8218789473603282,0.05643311265610836,1,interior
0.6942944391567705,0.05586508003152625,1,interior
0.9497215304140543,0.12618186770702636,1,interior
0.9505412137869854,0.12256946739019782,1,interior
0.9542882655051784,0.12362961443247404,1,interior
0.7382297043154882,0.056535702262570486,1,interior
0.251780217377337,0.09002094635132937,1,interior
0.4945745113659589,0.05148138620324386,1,interior
0.4920825178591091,0.054175315906611655,1,interior
0.5614523021752051,0.038329884877228194,1,interior
0.565914667395439,0.04351823972659855,1,interior
0.5632275195742336,0.041045607457355845,1,interior
0.8756090828452837,0.09225104641980064,1,interior
0.8783977733601253,0.0926464080787908,1,interior
0.4524461607730073,0.06982708523484793,1,interior
0.7551942028187223,0.05033508617006134,1,interior
0.7531039081499173,0.047817079473977286,1,interior
0.18881028477975276,0.1337142121607491,1,interior
0.8596517130175415,0.08132986495910428,1,interior
0.8580235024323049,0.0757274974978642,1,interior
0.3144214517159095,0.07276274970512644,1,interior
0.3100450782256605,0.07568081153504534,1,interior
0.37062727904553866,0.06787729907059782,1,interior
0.8163588055791745,0.05827254056480977,1,interior
0.8196051430524075,0.058677610936514246,1,interior
0.31925413015770265,0.08082613294498844,1,interior
0.5675978934030188,0.04590678170421294,1,interior
0.5695724280890299,0.04365240651829158,1,interior
0.46921608410448884,0.06144485873090366,1,interior
0.4716702959064908,0.05830392031200326,1,interior
0.47118495106841113,0.06431952324213347,1,interior
0.47425336740017626,0.06200672665592855,1,interior
0.5156454124976461,0.05990218723998501,1,interior
0.19442406796144798,0.12692379908451287,1,interior
0.1918712822762207,0.126757911317734,1,interior
0.18952802292979556,0.12803716697116824,1,interior
0.8404941877367363,0.06856445422541953,1,interior
0.8469046097153949,0.0718062095038842,1,interior
0.8441620934136634,0.06923907674618206,1,interior
0.8557598773239748,0.07325022735079569,1,interior
0.8602203020479003,0.07828774635292761,1,interior
0.85241272644629,0.07389438738960477,1,interior
0.8054791873999844,0.05512904214458858,1,interior
0.8055723724667546,0.05270044255219368,1,interior
0.7511832851988065,0.04535155584506586,1,interior
0.09315400446843707,0.1341115088520145,1,interior
0.331302954283458,0.07277275646083119,1,interior
0.3366349033378167,0.07115230112099268,1,interior
0.3306389638931863,0.0782679561685334,1,interior
0.6421281987310563,0.13340705061516916,1,interior
0.7105652734718423,0.09144487648013457,1,interior
0.17717747042949972,0.13025561226883223,1,interior
0.1836727318920214,0.1310424742052056,1,interior
0.18064485418696707,0.13016028465287283,1,interior
0.6182842005774476,0.04733979027907645,1,interior
0.614836073093974,0.048020483864483064,1,interior
0.6211693029909066,0.04967919855178854,1,interior
0.6128900629289789,0.050725013522935035,1,interior
0.9474928363921972,0.11985177987889623,1,interior
0.9470155772723695,0.12352369815552317,1,interior
0.9502616710495054,0.11850681832414822,1,interior
0.9530856108392166,0.12057301435272899,1,interior
0.22907506748268522,0.10355331579212779,1,interior
0.851228204975877,0.06809902235355518,1,interior
0.8479433251120051,0.06850638631532696,1,interior
0.8460398130821527,0.06605546824083035,1,interior
0.8492745287363407,0.07436761769972887,1,interior
0.18806710246692446,0.15148453148877303,1,interior
0.35261817829593683,0.07396839893212546,1,interior
0.3495071696322915,0.07301259294815994,1,interior
0.2336278123894806,0.07755751738660048,1,interior
0.5470724216564177,0.0376985981822864,1,interior
0.5465252056998381,0.04096925608474093,1,interior
0.3157101739038729,0.07684832785388841,1,interior
0.31355608851529765,0.07498321827252252,1,interior
0.37251877987161547,0.08078288778718654,1,interior
0.887036049287499,0.09300435807878393,1,interior
0.8847573994993768,0.0913562046141118,1,interior
0.5047466870234024,0.06360154525378449,1,interior
0.23665057765215816,0.07715906359558013,1,interior
0.6347923373119767,0.04004811956678468,1,interior
0.6349072100756575,0.037312433953756406,1,interior
0.6360623739732867,0.04236324415320354,1,interior
0.5878699758677212,0.04468754454265735,1,interior
0.5904797402033539,0.046894653566078415,1,interior
0.5894541287172353,0.04129863489462221,1,interior
0.31706455720645804,0.07353279591404474,1,interior
0.3144490641943285,0.07991283033292089,1,interior
0.3194517114596835,0.0770782402486636,1,interior
0.35962115830643737,0.06676387621933091,1,interior
0.9739711176048756,0.12930004960132888,1,interior
0.5852449690269549,0.053872209363389906,1,interior
0.8624214459859144,0.0835145008545617,1,interior
0.8636546223111744,0.0890090828965323,1,interior
0.9769517893128553,0.1178348812533343,1,interior
0.9808147119939149,0.11867087379271445,1,interior
0.9799129367940559,0.11621975580745887,1,interior
0.3341939014885782,0.07303065667171897,1,interior
0.3283901246004469,0.07255011621359023,1,interior
0.3296149882001341,0.0693571862494447,1,interior
0.32630283989649445,0.07480130449310912,1,interior
0.45721929023532265,0.0672490497074637,1,interior
0.8796364834673802,0.0899992294565746,1,interior
0.48806593760894057,0.052997526202202154,1,interior
0.13120811635957322,0.12727581318086506,1,interior
0.22397447535996826,0.10352657782599865,1,interior
0.36032727544699045,0.0637521744421102,1,interior
0.3570357266599388,0.0650378056521945,1,interior
0.4778403422213948,0.06062716146905208,1,interior
0.47509286827849323,0.05702098839717206,1,interior
0.47409455059540556,0.06615472072638849,1,interior
0.32955419337822384,0.08503040821345854,1,interior
0.5612181955429177,0.0358692463592977,1,interior
0.5600460408621154,0.04049792117367315,1,interior
0.5560467176166137,0.035073256213486524,1,interior
0.22574726597942787,0.09557342295109879,1,interior
0.2192727055838235,0.09407986466590224,1,interior
0.22103763411491006,0.09640193934678935,1,interior
0.7907544770725649,0.07447373192983803,1,interior
0.8368000740764084,0.06775731517457025,1,interior
0.8393925400697088,0.06589468161639095,1,interior
0.8428112340485772,0.06526357577272797,1,interior
0.2772472252064493,0.08189433519915876,1,interior
0.7335536749014248,0.0473250619231559,1,interior
0.7361540526164244,0.04589814551328278,1,interior
0.5715626471450937,0.040658508798586845,1,interior
0.5660753781027987,0.04011378262180922,1,interior
0.572688296732429,0.04407286403364111,1,interior
0.5684949452051247,0.04134035102375184,1,interior
0.8141947767810523,0.060417711428534165,1,interior
0.8971787347770697,0.11897824545728017,1,interior
0.8996933271509341,0.11710101925810044,1,interior
0.2007911592778132,0.10559292619332072,1,interior
0.20262172463119799,0.11169483285857564,1,interior
0.20393070022421403,0.1037216620160261,1,interior
0.19964356581629292,0.10938919408062385,1,interior
0.8363819625085901,0.06448293206931113,1,interior
0.83380305983501,0.06951214548414107,1,interior
0.8374100253991079,0.07078896441705244,1,interior
0.9358372429681271,0.12636524084705578,1,interior
0.08927762247017997,0.12898057345206723,1,interior
0.103899625820195,0.141078177913589,1,interior
0.10260754927772024,0.14364876337592292,1,interior
0.10407557715211432,0.13818712727816312,1,interior
0.9018813089463414,0.11262023462492594,1,interior
0.9024912135926854,0.11526006845469422,1,interior
0.23760507254293542,0.08049994249123446,1,interior
0.2114080025336773,0.10435425121025779,1,interior
0.9045768650914973,0.11976848608876604,1,interior
0.3585922703113022,0.062040013028842045,1,interior
0.3236910966136458,0.07341901597893133,1,interior
0.327154585813848,0.07861632058040433,1,interior
0.3256854183505465,0.07081906079023885,1,interior
0.32342746962561175,0.07694466580675295,1,interior
0.7635672814459888,0.06827132156972371,1,interior
0.8620070324313939,0.10065854495575459,1,interior
0.873239157360706,0.09028262057998404,1,interior
0.8679972112712194,0.09363033531042812,1,interior
0.8703684612134365,0.08862020095499527,1,interior
0.9601670143023178,0.11526067849254,1,interior
0.9630046295575176,0.11726568703049767,1,interior
0.8176164249278622,0.05569742495678894,1,interior
0.8131873598719335,0.056977948789252233,1,interior
0.8139090324239043,0.05369121450110149,1,interior
0.1314280720277901,0.12441258749110308,1,interior
0.1281250350451215,0.1235757212987479,1,interior
0.13288472314000158,0.12663528614613967,1,interior
0.8672415970260595,0.09047678234520612,1,interior
0.5751161004875384,0.041659426472209694,1,interior
0.573293507477044,0.047190246307557006,1,interior
0.30634938016340507,0.1221124133119528,1,interior
0.2279549304488182,0.08181412830214714,1,interior
0.2222892433692289,0.08432200362629214,1,interior
0.2291171687085555,0.08671146317760386,1,interior
0.22447896103712958,0.0807910083367637,1,interior
0.23042365432000864,0.08359344633343783,1,interior
0.3469277995476764,0.07345679524852486,1,interior
0.3509670974309842,0.07007578269906896,1,interior
0.9339273513317061,0.1230316539211776,1,interior
0.9321952697295766,0.12552970968758517,1,interior
0.7183091941973199,0.06873268722968293,1,interior
0.10671205425263337,0.13961514966607344,1,interior
0.8098125063859812,0.05279412560601433,1,interior
0.13620732328168905,0.12342391027109303,1,interior
0.9790696726719534,0.1138450941783458,1,interior
0.18898858483412603,0.14316844890501726,1,interior
0.21895619933911034,0.08345527767818844,1,interior
0.2192638046978985,0.0874016049503692,1,interior
0.22089238544136847,0.0808880085863903,1,interior
0.9061043794797553,0.11657116594748697,1,interior
0.9104646469973593,0.12217192884732696,1,interior
0.7142225184161255,0.044318170770310854,1,interior
0.7171560038860132,0.04332698194106273,1,interior
0.7121256442361451,0.046947416809644114,1,interior
0.7300829201296503,0.08265784445402824,1,interior
0.5910413518876577,0.03786019335008429,1,interior
0.5941407008926729,0.036767441979648104,1,interior
0.53157548431558,0.07503064586157955,1,interior
0.7562471199073367,0.10516114930255707,1,interior
0.20897380028799745,0.12499799271807022,1,interior
0.7367937403547017,0.04281772017108543,1,interior
0.742031142206251,0.04070233920789567,1,interior
0.18346837665300117,0.12805288355911945,1,interior
0.18652810169895284,0.12631737694101783,1,interior
0.6002328134798697,0.03761371576470044,1,interior
0.6053731152111124,0.0413826403939273,1,interior
0.6033261985401335,0.036025477952197654,1,interior
0.9842715456505214,0.11960051580567552,1,interior
0.9869500242774407,0.1213739637331237,1,interior
0.8709429093565375,0.09863580718063318,1,interior
0.8709432513530359,0.0954048231824174,1,interior
0.699155492337182,0.049984071540347626,1,interior
0.5973731218787803,0.03539212733798361,1,interior
0.5948408058762701,0.03270561392015072,1,interior
0.5915016027382523,0.03354548326048294,1,interior
0.8109914826698694,0.05448381921630505,1,interior
0.49801549743842227,0.05116185298596077,1,interior
0.4965312102833594,0.048314787339789694,1,interior
0.493106886794983,0.04859793776434431,1,interior
0.4913556315594815,0.05139041913510249,1,interior
0.5012723091077985,0.05068163954150229,1,interior
0.5018311773334565,0.05576941410798339,1,interior
0.503318807082553,0.052396061044418595,1,interior
0.6100864056733816,0.05301840054965095,1,interior
0.7319419966543699,0.05046957293254065,1,interior
0.9976176479639959,0.1325857890882123,1,interior
0.5351593999711963,0.06450265627991036,1,interior
0.7151188469687075,0.042407287920792514,1,interior
0.7196335764541015,0.04236209360114947,1,interior
0.7196345252485394,0.04505390205902662,1,interior
0.9816928308361881,0.12169927260056114,1,interior
0.9850221272104759,0.122820867811351,1,interior
0.23214951608709553,0.08609161017671994,1,interior
0.9886084923689281,0.12391958158559338,1,interior
0.758635519720002,0.048488031305783726,1,interior
0.7561786898432177,0.0472025646497289,1,interior
0.5845115006698814,0.045314153354767205,1,interior
0.5830620373741302,0.04814232109589593,1,interior
0.7282280675821488,0.049559983755680055,1,interior
0.7355940838498066,0.04896613078190418,1,interior
0.26943292627964055,0.07183923774859993,1,interior
0.714331426475447,0.050095616953512064,1,interior
0.22368642087675597,0.09742023566955856,1,interior
0.24194893203196824,0.08482849811668192,1,interior
0.7325228051705815,0.09998525245568811,1,interior
0.5327868072371699,0.0418695116096118,1,interior
0.5318367228562095,0.0390776219265134,1,interior
0.5342528423555105,0.03705878908067311,1,interior
0.5382699861256582,0.03932648877712277,1,interior
0.17409747523073957,0.12988507104304695,1,interior
0.17643199442498694,0.12663670189997311,1,interior
0.18000724300016335,0.12717909039385372,1,interior
0.4651090554880986,0.05908280910597213,1,interior
0.3447813076369298,0.07214603885896291,1,interior
0.3421281097150548,0.07231929028246874,1,interior
0.9654963347435975,0.11394788140746095,1,interior
0.9688692303457462,0.11440309888167031,1,interior
0.27331388101456444,0.07121265668436917,1,interior
0.27584901825143965,0.07416893802852322,1,interior
0.4947914801926233,0.04507369470824642,1,interior
0.4911377413417389,0.04631799511582502,1,interior
0.4895838172099907,0.049189564632545014,1,interior
0.2122069700625994,0.10095975754054973,1,interior
0.20916750400639386,0.10090272629885516,1,interior
0.214911707458499,0.10290944482409042,1,interior
0.5654747480595934,0.050191271930921474,1,interior
0.9301027205092964,0.12788532846326794,1,interior
0.9266144303371832,0.12069626551505475,1,interior
0.9301311960126751,0.12221586065588896,1,interior
0.7345404595619035,0.04056817417572783,1,interior
0.7333072564977995,0.04414390343719009,1,interior
0.7381977228658819,0.03970816614447759,1,interior
0.3268227078194097,0.08277540020634659,1,interior
0.32168072146139487,0.07961479949679034,1,interior
0.7621244630453997,0.04338304674149101,1,interior
0.7619491848059791,0.04718595050650982,1,interior
0.2710919071188863,0.0773405531070162,1,interior
0.7587065472228929,0.044830375364564176,1,interior
0.7565277383092671,0.04236433474104165,1,interior
0.7530856430483407,0.04285961277495573,1,interior
0.7548416947028748,0.04492306046216066,1,interior
0.8395548881312513,0.0628806930712446,1,interior
0.8359378014213341,0.06079542198984241,1,interior
0.38376305457449683,0.0754279089688097,1,interior
0.802348106069832,0.06570568511879686,1,interior
0.9464185894100532,0.12702816210718829,1,interior
0.944066244030855,0.120985890822042,1,interior
0.27200975676248446,0.07411150883109445,1,interior
0.97389610509963,0.11555920860058957,1,interior
0.6432211181792377,0.05183412610566722,1,interior
0.6990824924584735,0.06865584720734,1,interior
0.17269475357943787,0.12702431127288283,1,interior
0.17388936836661106,0.12410374561016618,1,interior
0.6405586660634676,0.03310378053088601,1,interior
0.6349910040867977,0.034165839186705044,1,interior
0.6377091557868524,0.03279321947191253,1,interior
0.9770258374233384,0.11461755881593942,1,interior
0.9713990451083446,0.11481859179731431,1,interior
0.920682595964324,0.12222931988795013,1,interior
0.9174956052125653,0.12269308248208036,1,interior
0.9451562734650336,0.11747006773860011,1,interior
0.9478499578150242,0.11582277635989217,1,interior
0.22079405431516,0.10448439729580579,1,interior
0.5160219333395566,0.05075268500488341,1,interior
0.5161871931426631,0.043999685691177584,1,interior
0.20105404093241172,0.10177102338157397,1,interior
0.1978746671435392,0.10025426000120759,1,interior
0.19841878304784188,0.1035637566651652,1,interior
0.559071635872217,0.030993170987813384,1,interior
0.5583343231193737,0.027494916216164622,1,interior
0.3396110378614826,0.06867290768006068,1,interior
0.33565736280054564,0.06786348040326763,1,interior
0.33327525536753466,0.0702071155776384,1,interior
0.10107333608226265,0.1416220606423991,1,interior
0.975517672547322,0.12052615109966106,1,interior
0.9701287277759789,0.13029966175155633,1,interior
0.09229178106206559,0.13066921716472177,1,interior
0.0958479033903726,0.1315921282128348,1,interior
0.585587006142883,0.04161677140485869,1,interior
0.7311404142468545,0.06797607531688592,1,interior
0.7362697393178745,0.07246889311987731,1,interior
0.4380538346237318,0.0693568244438551,1,interior
0.42315054726869317,0.07909854365335506,1,interior
0.6188791090202757,0.043691361346320845,1,interior
0.6156570484084272,0.044945069177179,1,interior
0.6214455019811765,0.04586506375761304,1,interior
0.4836058400270117,0.06463910792422185,1,interior
0.6783722842229192,0.06297516483783763,1,interior
0.07299719745528979,0.13996401933123484,1,boundary
0.21766986926998647,0.08016983279590482,1,interior
0.21525811865622893,0.08290334738507535,1,interior
0.2171746922575729,0.08523325057177797,1,interior
0.20199863111182462,0.11498319816906354,1,interior
0.1341422924680432,0.12125725215051246,1,interior
0.13083712622665467,0.12148060284310783,1,interior
0.11801845354755083,0.1308973149007648,1,interior
0.9360021549546812,0.12040214348686089,1,interior
0.9326114103665594,0.11969270131826178,1,interior
0.23133554073655646,0.07996476200602609,1,interior
0.6083460485566266,0.044014470785994006,1,interior
0.6093082912208524,0.040734277892291504,1,interior
0.9001014954906231,0.10782366061986502,1,interior
0.8975649401456334,0.10546859170351362,1,interior
0.7520097311652757,0.04093451423715238,1,interior
0.745864093891577,0.044287911295709956,1,interior
0.7492451348567238,0.04321548276693464,1,interior
0.16917541370876715,0.12271287618117876,1,interior
0.17107714067323387,0.12933935743468938,1,interior
0.1678768847847304,0.12518138897510123,1,interior
0.1694495869895345,0.12729304020564292,1,interior
0.5443957019070584,0.03909714558691069,1,interior
0.21953217546823944,0.07753532189816081,1,interior
0.21686333591856535,0.07646278697305976,1,interior
0.22196433450881478,0.07841052025602484,1,interior
0.5246908829746624,0.04959668908179346,1,interior
0.5226986611403559,0.047789845919328076,1,interior
0.22396815499426767,0.07857377122781435,1,interior
0.6247647713253659,0.04419280537051704,1,interior
0.6218905273604096,0.04245490875521348,1,interior
0.6237906307710779,0.04745206822852019,1,interior
0.6161429529334456,0.041697700247191556,1,interior
0.6121623093451117,0.04568575740262746,1,interior
0.612543650616038,0.042980788804322205,1,interior
0.08711303272484032,0.1274955157356011,1,interior
0.08202529211913724,0.12989536073164956,1,interior
0.5685793029686156,0.038503841331894544,1,interior
0.5713448620588177,0.0369075618365929,1,interior
0.48942917393542834,0.04394784954654145,1,interior
0.49217660079199266,0.043634904333690626,1,interior
0.4873666809802507,0.04621008708176114,1,interior
0.22154089357418916,0.10187813078956218,1,interior
0.5289517124350661,0.03834778550769789,1,interior
0.5253926243101493,0.061634902210920696,1,interior
0.18955906415732005,0.12482273177764748,1,interior
0.8949559186292527,0.10306871128606966,1,interior
0.9007963833578051,0.10434636668648913,1,interior
0.8947409996975425,0.10607774057731267,1,interior
0.8980142623833928,0.10196947898368826,1,interior
0.899419340652558,0.11087742246210029,1,interior
0.35338013857712625,0.06700524916664005,1,interior
0.34732630732475755,0.07011659845587027,1,interior
0.3490475465073803,0.06641875717187158,1,interior
0.7091171751446081,0.04489456477633428,1,interior
0.9387632421341259,0.12108210686078505,1,interior
0.5614175133789818,0.029194048724428774,1,interior
0.5553123158696268,0.02990766064360553,1,interior
0.5591199072692175,0.03425907105188766,1,interior
0.915301575487755,0.12082804269874674,1,interior
0.5077953138283835,0.04568978771355392,1,interior
0.5102657739696749,0.040719786871162664,1,interior
0.5133605195421487,0.041451303175547,1,interior
0.5103548437788843,0.04373863724738631,1,interior
0.218220658654844,0.10147853805386896,1,interior
0.2146813624426081,0.09892131069264687,1,interior
0.4803529087713915,0.06322160787854891,1,interior
0.35139297039427114,0.06385428872039266,1,interior
0.34828586903894815,0.06255819714667378,1,interior
0.34552959540844835,0.06396046360831674,1,interior
0.3457376267673477,0.06708572712316753,1,interior
0.5683595768190827,0.03585135202626355,1,interior
0.5648222344249387,0.03690188813439745,1,interior
0.33270105668355776,0.06760065092632109,1,interior
0.3264259409830811,0.06825568347601385,1,interior
0.22015942902810406,0.07422462216395412,1,boundary
0.3817526010291471,0.07800430558147761,1,interior
0.22102089816406276,0.09925631569117697,1,interior
0.2181356830216797,0.09767758910974812,1,interior
0.7762452021853109,0.059126916062818204,1,interior
0.21193896704912557,0.08715656504918294,1,interior
0.21205637230829358,0.0810794846072929,1,interior
0.21196646854193768,0.08447387419689055,1,interior
0.2150860581417904,0.08669221498853467,1,interior
0.4624474005856545,0.05926881086580001,1,interior
0.45848571477745076,0.06476836519403799,1,interior
0.1373496005119621,0.11853583863390736,1,interior
0.1315541969630618,0.11829481466513429,1,interior
0.20095117575673563,0.09812176927998732,1,interior
0.20617722380176318,0.10104768630709551,1,interior
0.2035053895490675,0.09672844793717014,1,interior
0.7115441455803863,0.04349744309139619,1,interior
0.7223964762567799,0.04596345146503163,1,interior
0.7276919729068956,0.046551530403832635,1,interior
0.7249702340386506,0.044976971074451394,1,interior
0.2252801885066697,0.08353867058889013,1,interior
0.6117565196423008,0.048311191478547795,1,interior
0.5821272142314357,0.039976504725633466,1,interior
0.5796297697385108,0.03853615616691358,1,interior
0.5768063725920395,0.038582735044071836,1,interior
0.6266853520393799,0.047247968514839395,1,interior
0.6282957977142504,0.04469123951917157,1,interior
0.5094765558079787,0.06118044933966001,1,interior
0.21659623785805504,0.08942247028655925,1,interior
0.21881282713175665,0.09096626652525515,1,interior
0.8764623318098977,0.08929093983917949,1,interior
0.6090252286286547,0.04712697141831343,1,interior
0.6068117946357072,0.049459057060111715,1,interior
0.609451174398266,0.05030471122688373,1,interior
0.9292424458886099,0.11872102065741008,1,interior
0.9350766582918335,0.11719947084603614,1,interior
0.9317006076800961,0.11638209805450687,1,interior
0.9285719907754716,0.11577992962331025,1,interior
0.5705649123963924,0.09611140275794165,1,interior
0.12592116369958004,0.12144838766703055,1,interior
0.0776071719928934,0.1334422819517501,1,interior
0.08061181310987535,0.13267517012552074,1,interior
0.5630406258050015,0.03256941345976978,1,interior
0.9050348920457368,0.1130686530082013,1,interior
0.9026583503606467,0.1179014127690132,1,interior
0.5875448343589705,0.03829888361158991,1,interior
0.11943112626624035,0.12179693494077898,1,interior
0.12848421444481808,0.1197744479146516,1,interior
0.9208401726369487,0.11878604962027402,1,interior
0.9180304165491533,0.11974245853766302,1,interior
0.9235452597948348,0.11969456710283861,1,interior
0.3560037438389574,0.06195749034764688,1,interior
0.9192673336803451,0.11347298550803911,1,interior
0.9186090239246831,0.11677492466452533,1,interior
0.9225131779467469,0.11594806105993993,1,interior
0.944535627979663,0.11368541091024371,1,interior
0.948503347657657,0.11186991168586878,1,interior
0.9515239903079594,0.11469680931992299,1,interior
0.8734895845117423,0.08649572240423643,1,interior
0.8673514404857472,0.08734106467816204,1,interior
0.8706231422613245,0.08525284899338705,1,interior
0.497555727616423,0.08569834973375332,1,interior
0.46810288165356545,0.058301639605530337,1,interior
0.16623354952796418,0.12244099291628632,1,interior
0.17088096870375435,0.12468179213995939,1,interior
0.6123307938454542,0.07029290196173565,1,interior
0.5515301384177941,0.029994710618906642,1,interior
0.5552965721773443,0.02675242896881825,1,interior
0.3483164097998451,0.059296695019834186,1,interior
0.3508958632368822,0.06081204110871586,1,interior
0.3451527715221399,0.06041274901568833,1,interior
0.8925374391631263,0.10091243279323003,1,interior
0.8955103177264033,0.09968765956522135,1,interior
0.07574281615286431,0.1367261824281698,1,interior
0.07242628434104176,0.13524115599735867,1,interior
0.5436000585690378,0.05774081322422483,1,interior
0.20764811099666247,0.10375968898387379,1,interior
0.20372842177090558,0.09980019552615581,1,interior
0.5565300705044185,0.07583764423500303,1,interior
0.20863236705471233,0.08660317730018062,1,interior
0.21055726971145838,0.09149572800805601,1,interior
0.21344739960562167,0.08995777247378604,1,interior
0.568130837531205,0.07315013919373015,1,interior
0.5650228637275282,0.07110731988268117,1,interior
0.35659747985003853,0.07118909965825818,1,interior
0.9147132676924624,0.11772712046812704,1,interior
0.9122183155473467,0.12012643518070741,1,interior
0.817642865876242,0.05046883679520698,1,interior
0.8150246175045989,0.05157784162549054,1,interior
0.6319010673329414,0.039238112216021095,1,interior
0.5416327911746391,0.038942013624949194,1,interior
0.7309616519839964,0.04167792681825788,1,interior
0.3223458516200847,0.0702808814160261,1,interior
0.5046281029619288,0.0485575773181144,1,interior
0.5082266784678728,0.04909260132070986,1,interior
0.094326006905726,0.13739863971137264,1,interior
0.958781950450813,0.11829737372370294,1,interior
0.9554417480575446,0.11875728301184296,1,interior
0.8372890176380136,0.0571612705308272,1,interior
0.8397949227533158,0.059551563373135476,1,interior
0.8333103456941442,0.06313569966027743,1,interior
0.8339373686776042,0.05772286507949261,1,interior
0.2224816791187036,0.08783900713495867,1,interior
0.556387566249921,0.024434456118907752,1,interior
0.5532063496749088,0.023910817460765343,1,interior
0.5588233757453992,0.02424106891618344,1,interior
0.9084213269839799,0.1193881705988671,1,interior
0.12564342204725418,0.11823518177127194,1,interior
0.12057704039365687,0.11879932005391351,1,interior
0.20510970652480262,0.14052329673098696,1,interior
0.20228106987195446,0.14009088716958173,1,interior
0.627066765858598,0.04186421376981407,1,interior
0.6281461368688644,0.049896186165912224,1,interior
0.5373527310173825,0.035853930307408174,1,interior
0.536308741441184,0.03814542877860754,1,interior
0.529901320152175,0.03305232135849385,1,interior
0.5314228433319724,0.03567114355161933,1,interior
0.5349397833107142,0.03405814180943265,1,interior
0.9042532964241449,0.10293142254086442,1,interior
0.9036887046883947,0.10686703210912103,1,interior
0.900898458228407,0.10076822339856478,1,interior
0.3208118961985848,0.07390399717168643,1,interior
0.3191557097925679,0.0712356563901912,1,interior
0.6355285678378327,0.030989065593854687,1,interior
0.10256694480204151,0.1354724429478977,1,interior
0.10683321837844192,0.13629821983070853,1,interior
0.6335654962733773,0.02746791791609336,1,interior
0.6325278492693953,0.03243651472821221,1,interior
0.6347651436850403,0.028798515704393363,1,interior
0.21241527035525132,0.09592120433743924,1,interior
0.5439250300857256,0.03573614502333634,1,interior
0.5258319483672658,0.04008270118572816,1,interior
0.52951671687032,0.041474294921523554,1,interior
0.6193385980448571,0.03975666917786618,1,interior
0.6131821313471508,0.040131020905263604,1,interior
0.616191908321439,0.03818426670879262,1,interior
0.722841635736698,0.06570635889299219,1,interior
0.4772806205650344,0.06442853242587998,1,interior
0.8501497851551294,0.07120975633440949,1,interior
0.8523903362967093,0.06550452242966573,1,interior
0.8549384890169105,0.06749706983246442,1,interior
0.8492930282876764,0.06485938260676631,1,interior
0.8534685702017608,0.07068469918012828,1,interior
0.11420812446302311,0.13179321815751618,1,interior
0.21611353201806327,0.09238374519788178,1,interior
0.2156671744059223,0.0954153925075721,1,interior
0.643827606244378,0.03672183534221982,1,interior
0.7456736767946476,0.04144998981345082,1,interior
0.5419517433706922,0.03300929832042882,1,interior
0.5453363042684627,0.031718915848300736,1,interior
0.7257588684835201,0.08599871820600441,1,interior
0.937266245433392,0.1149720242486149,1,interior
0.9338593686917693,0.11370340437977175,1,interior
0.9388109705127242,0.11775556496400322,1,interior
0.9371987167725044,0.11201881207429298,1,interior
0.8579635907487441,0.06518755936346877,1,interior
0.8549994869731935,0.06411151595283819,1,interior
0.8582942913297467,0.06779744396007667,1,interior
0.8569056476508772,0.07034862011680555,1,interior
0.8199318558017359,0.049384429181225015,1,interior
0.8176229848174096,0.0529914382465038,1,interior
0.707572986671402,0.0434046222226283,1,interior
0.8764330501582622,0.08633080799997042,1,interior
0.8732557213445701,0.08193267672596503,1,interior
0.8225899020325874,0.0488878896074654,1,interior
0.21481870522671215,0.07948224847697816,1,interior
0.21517255145061606,0.07373857089541971,1,interior
0.9067592869014905,0.10585393856085439,1,interior
0.9069424754437159,0.10994329089895513,1,interior
0.2763761290033719,0.07786477050457709,1,interior
0.8261810005093617,0.04886912305179342,1,interior
0.8236377036832655,0.051360135454058355,1,interior
0.8204985806806344,0.05124442684625277,1,interior
0.8248211355319514,0.04731942241804252,1,interior
0.11787096608431241,0.1246419228310807,1,interior
0.12291925954073606,0.12081558768279221,1,interior
0.7278516114577224,0.04103313575946538,1,interior
0.7301981937165068,0.044595270499966706,1,interior
0.7277779239678085,0.04348421077118441,1,interior
0.1607498572448169,0.12105366556549824,1,interior
0.16929604301495596,0.12008118081678663,1,interior
0.16339554553912075,0.12211183945020554,1,interior
0.16373347723015239,0.11936775087015686,1,interior
0.9744680281364156,0.11052324961898595,1,interior
0.9750760418000046,0.11281586926671343,1,interior
0.5248350376050083,0.043377611560827915,1,interior
0.5222492047897735,0.04218672735537125,1,interior
0.5222659388220455,0.045200168851717105,1,interior
0.1601920901817087,0.11754460655858215,1,interior
0.1581097974989926,0.11971992562062721,1,interior
0.3542764489266241,0.06399965897057636,1,interior
0.35338672527705617,0.06147007886065934,1,interior
0.5201112372224229,0.047632323821055374,1,interior
0.20007988727267942,0.11790601656560158,1,interior
0.196847668799644,0.11923389964047865,1,interior
0.1939359063575876,0.11712997048657199,1,interior
0.22812827090876941,0.0794039469998033,1,interior
0.202527063330899,0.08639145125468635,1,interior
0.20519951062918337,0.08837081077610631,1,interior
0.20572267306061576,0.08477671316216095,1,interior
0.20775889942774592,0.09033093358626326,1,interior
0.20892706344129608,0.08300276745179704,1,interior
0.7107491380333746,0.10688899851724383,1,interior
0.9423847011510044,0.11719280122433773,1,interior
0.439762161262613,0.06680493786530711,1,interior
0.4815692919408759,0.05360916336578176,1,interior
0.484420775756452,0.05141013825250745,1,interior
0.11618551271522641,0.12693738746507166,1,interior
0.11612971406162372,0.1292926679066084,1,interior
0.8699434498441351,0.07940739890278804,1,interior
0.8779603683142357,0.08149445922176594,1,interior
0.8755102412225616,0.08372884008586814,1,interior
0.8729114384979907,0.07819228529611742,1,interior
0.8762337253232672,0.07896129865979795,1,interior
0.8691736917264853,0.08219910559711778,1,interior
0.9972127614542424,0.13043278345746273,1,interior
0.2116985539845513,0.07401936541318009,1,interior
0.21322534264551934,0.07150291243892262,1,interior
0.21089851728807385,0.07094146576733791,1,interior
0.2127960610793894,0.0772293673684816,1,interior
0.1052835146677059,0.13335608585060574,1,interior
0.8174221041820576,0.0610966344251637,1,interior
0.4815608364057522,0.05007747807627432,1,interior
0.4841848553967272,0.047952635202428005,1,interior
0.47912651237516124,0.05219946056016646,1,interior
0.9861901203545581,0.1258426993492584,1,interior
0.9827150758365621,0.124701082894359,1,interior
0.1288909160018755,0.11583219782144957,1,interior
0.12559997253450242,0.11495211496127547,1,interior
0.9718244095366069,0.10907399103853721,1,interior
0.9738645492719782,0.10740930990657495,1,boundary
0.8705206346300464,0.09201380027688011,1,interior
0.8265920089582137,0.051892632693056565,1,interior
0.8210179642613257,0.05372610952835082,1,interior
0.5352290460581848,0.03117714638558334,1,interior
0.8297835000870993,0.04540979498045773,1,interior
0.8906920057501129,0.0958707808299605,1,interior
0.8902948321176561,0.09293112685048406,1,interior
0.8884670662212139,0.08980328473363428,1,interior
0.6295443891318261,0.03311733348649444,1,interior
0.630447125080042,0.030779189946834477,1,interior
0.6315868714759298,0.03582649400898943,1,interior
0.13590450698976106,0.1157183557853169,1,interior
0.13285138288906503,0.11462823689466968,1,interior
0.6415093785180656,0.06894784094381294,1,interior
0.8603957277327864,0.06978881265913833,1,interior
0.8614063417482215,0.06626943528544542,1,interior
0.863328053863788,0.06887222130379111,1,interior
0.11580739092720384,0.12179317054141853,1,interior
0.11749376898060543,0.11901134864788682,1,interior
0.1958361554106326,0.11005523720280673,1,interior
0.20015346278341856,0.11247922387213789,1,interior
0.19729986369982552,0.1067181275345518,1,interior
0.17978491090643287,0.12354457286705493,1,interior
0.864157953809575,0.09258472778319081,1,interior
0.9406956412088933,0.11374133864802995,1,interior
0.4759699889227928,0.05276322460661444,1,interior
0.47267220188717074,0.05200874264521127,1,interior
0.3397890656235862,0.06442222128761481,1,interior
0.3370378208489575,0.06556801480760935,1,interior
0.33781328722278964,0.06342690327593337,1,interior
0.9683782619570148,0.11093771101584284,1,interior
0.9718738196756256,0.11240319862496283,1,interior
0.561758479787463,0.02586561465024223,1,interior
0.5614112228434458,0.01953650007562872,1,interior
0.563643072199297,0.022776274992990463,1,interior
0.5570350681226292,0.020837544926200255,1,interior
0.6284526099341654,0.03570872975798244,1,interior
0.627972454533824,0.030720042021482392,1,interior
0.6250047519570195,0.030778151108846085,1,interior
0.13042473948799607,0.11216996278223523,1,interior
0.12713254665500143,0.11222695581203838,1,interior
0.49809942851315303,0.04501118872276604,1,interior
0.49724535641610174,0.04156836603664863,1,interior
0.4940093676818456,0.04141024917374631,1,interior
0.20614406634255344,0.08114217536328329,1,interior
0.20288271199778687,0.08286477787140963,1,interior
0.8288418401578486,0.04736920721701745,1,interior
0.19994990933048795,0.08126529722333975,1,interior
0.1994941802273212,0.08458423676444671,1,interior
0.20334770128677146,0.07902733452766099,1,interior
0.6300104949282287,0.041966635174092826,1,interior
0.5614833120843162,0.015855639171623442,1,interior
0.5656551999918267,0.020298318715703676,1,interior
0.5582106461632973,0.016686933946509688,1,interior
0.5641854802372712,0.01764534223556826,1,interior
0.19687345912201812,0.11598525201331755,1,interior
0.19920079412319133,0.11491336615612964,1,interior
0.13389296000952425,0.11098204839569169,1,interior
0.13171552743816128,0.10880805785917291,1,interior
0.7812396570129444,0.05320060302340618,1,interior
0.8593165322973109,0.07271055394239971,1,interior
0.8633167996179815,0.07224714705729511,1,interior
0.0994951762286509,0.1326019714929179,1,interior
0.10257114000909366,0.1322262185672991,1,interior
0.34352500041894823,0.0692642536019547,1,interior
0.5695035096519527,0.020926390383263004,1,interior
0.5648932890542789,0.014781262615647965,1,interior
0.5709969290042024,0.01765745706808503,1,interior
0.6290899732847381,0.06600248668675741,1,interior
0.5671456061877569,0.02359563966406428,1,interior
0.5650156265700648,0.025690221138821134,1,interior
0.46388384866561044,0.05715171564421138,1,interior
0.7250713498954275,0.042031134230766785,1,interior
0.9457736643722683,0.11060178722757166,1,interior
0.9473787773805045,0.10773998547831387,1,interior
0.9504858174178545,0.10877220923516953,1,interior
0.9523200119616201,0.11107948980365318,1,interior
0.18323369616552446,0.12496402087001572,1,interior
0.500263441053473,0.048004888238243074,1,interior
0.7222451124780456,0.04288015955858792,1,interior
0.7433091680536001,0.04317456705946365,1,interior
0.18657080698191122,0.12936354996250973,1,interior
0.18653312477442666,0.12310442730943356,1,interior
0.21062695121646824,0.09791765275634184,1,interior
0.8427154455252065,0.06143672719299098,1,interior
0.8403175435393415,0.05644640299008117,1,interior
0.8677838000052509,0.08476330671772651,1,interior
0.8656797350358625,0.08295614815231056,1,interior
0.8647269921498859,0.08584181151332854,1,interior
0.5821492607715176,0.03606442264903343,1,interior
0.5823264129687417,0.04301639378909027,1,interior
0.4674724750024815,0.05345606980734282,1,interior
0.19291212999658727,0.12406580404894023,1,interior
0.7546769652972083,0.0405942666729456,1,interior
0.19568770573211935,0.09703437617260458,1,interior
0.19875730568950453,0.09672263168845546,1,interior
0.19515425062400596,0.10372992029648888,1,interior
0.8522030469853643,0.06246036268696,1,interior
0.8575235989008837,0.06205051336551128,1,interior
0.7315032346111072,0.07995124591939114,1,interior
0.7254650604969708,0.0800115958845287,1,interior
0.5480650135716745,0.028507405197784857,1,interior
0.5446735373401482,0.02811785485393761,1,interior
0.5418356152716163,0.030035316871070774,1,interior
0.9528869105353582,0.11758863394387364,1,interior
0.8300886757068243,0.06803232001156997,1,interior
0.21169334094946804,0.06754978153392896,1,boundary
0.20686079510992286,0.0977123392482776,1,interior
0.34259581519364907,0.06582789894660507,1,interior
0.48109425937816647,0.04674373084619001,1,interior
0.4840685689968997,0.044606048864151905,1,interior
0.4867551899858034,0.049589574556315505,1,interior
0.8700576744914873,0.07618518691449991,1,interior
0.8675713833129217,0.07701151862817564,1,interior
0.8661834651381862,0.07962674912022265,1,interior
0.6315914186724468,0.04504806286152233,1,interior
0.6385958329580402,0.04361984519058459,1,interior
0.941198512483361,0.12007483689829809,1,interior
0.09849945901096746,0.12898637131318083,1,interior
0.09512150641437178,0.12831501472913748,1,interior
0.8672119842314384,0.07352067615960466,1,interior
0.8702713698722568,0.07352641282639874,1,interior
0.5206640010841439,0.05300276176740798,1,interior
0.5679436696518835,0.027405152082440924,1,interior
0.5644510554513494,0.028708160337997456,1,interior
0.910558011913599,0.11165104889622146,1,interior
0.9085413863051066,0.10774540294911394,1,interior
0.9106762823045115,0.10898267801191368,1,interior
0.1900225466618995,0.1215403791144269,1,interior
0.1832078632179309,0.12174753217957157,1,interior
0.1864369406049293,0.11974243854975712,1,interior
0.8822917528480928,0.08846440384535358,1,interior
0.8854046791197764,0.08851076386297499,1,interior
0.4753330837977752,0.04931272194132061,1,interior
0.47840837034968287,0.049321483584329924,1,interior
0.4730120193437129,0.054867173407244174,1,interior
0.1226230647043091,0.1162293832256709,1,interior
0.1235671053905223,0.11202718270401937,1,interior
0.5808008343902153,0.03374672982517373,1,interior
0.5856778936512163,0.034704553088569685,1,interior
0.5830585232900571,0.0319507220534496,1,interior
0.5846521559363917,0.03811680356645666,1,interior
0.889588947230853,0.09870279365952712,1,interior
0.5141015325157868,0.062241072243843606,1,interior
0.6432120639771125,0.03411225958140004,1,interior
0.5363141548321592,0.028484509954114553,1,interior
0.5392201519253789,0.02790404755739947,1,interior
0.5384365925918755,0.03199780783533817,1,interior
0.5331788795272253,0.02894720357070893,1,interior
0.46965973533879507,0.05127806347800679,1,interior
0.46975254979493525,0.0548146401328215,1,interior
0.07879697626598352,0.1307566839818766,1,interior
0.08426142125296278,0.1274475045526162,1,interior
0.0809701234813079,0.1263305119431857,1,interior
0.9032159654454093,0.09950123964834387,1,interior
0.9012252625018928,0.09711872391502269,1,interior
0.9651974688391208,0.1081188153964855,1,interior
0.9656183622417647,0.11100777079259799,1,interior
0.9689410296127808,0.10769604611360346,1,interior
0.34196757477247897,0.06204086931701524,1,interior
0.5152714674139991,0.037960789407616775,1,interior
0.5118078909441007,0.03821876701549399,1,interior
0.5164149385795409,0.04077431424973655,1,interior
0.829174724543579,0.05067103523771699,1,interior
0.46615330940475463,0.05591329160957891,1,interior
0.6246882664479309,0.040139601193528766,1,interior
0.6220132247482194,0.039885160482323184,1,interior
0.5888597153501434,0.035501586937936,1,interior
0.9085996781452353,0.11387441074334326,1,interior
0.9029999381433654,0.11007139932331024,1,interior
0.19225637886611646,0.09848749323377896,1,interior
0.18986951504253582,0.09572919169340437,1,interior
0.19481647921174663,0.10041988077080721,1,interior
0.19781007583947496,0.09413624260031311,1,interior
0.19524418365171478,0.09326387295109556,1,interior
0.17472827413895767,0.12065462340935229,1,interior
0.17663509192104174,0.12336019699190268,1,interior
0.17186204022177343,0.12155608349271367,1,interior
0.8984257150515417,0.09842606665363295,1,interior
0.9069816045920346,0.09691588481451664,1,interior
0.9060183097135779,0.09981620180837096,1,interior
0.9042383896054477,0.09658634624749644,1,interior
0.5052044941783964,0.04421891841811653,1,interior
0.5072203773141655,0.04155064954691038,1,interior
0.43238262520097875,0.07112270451845554,1,interior
0.8892312126001594,0.08480762656889981,1,interior
0.8915142957586996,0.08690937632298142,1,interior
0.887608591455716,0.08660784982897884,1,interior
0.8921617612110012,0.08994270503212136,1,interior
0.5324554391790534,0.03217256482736173,1,interior
0.5372302375800482,0.025232406691623726,1,interior
0.5340764943872393,0.025764910313427303,1,interior
0.07473640653484792,0.1336121574529449,1,interior
0.07531670902810185,0.13050265499613478,1,interior
0.9104736725206012,0.11695214276514236,1,interior
0.5864011650336979,0.03085389785889722,1,interior
0.5006278362493808,0.04486001046653502,1,interior
0.5029168885244634,0.0460348843196859,1,interior
0.5001998127704078,0.041893824894917324,1,interior
0.1777428510977504,0.12068748248041379,1,interior
0.17637943934256844,0.11731119091672135,1,interior
0.18020308618499725,0.11939316414938415,1,interior
0.18207100989735053,0.11695361464659149,1,interior
0.8792130697849387,0.08711228995634068,1,interior
0.0758880793792692,0.1395667586510405,1,interior
0.8321470714952058,0.055055656108294916,1,interior
0.8308767626363072,0.05723175085410269,1,interior
0.9086310002508542,0.10260851684580626,1,interior
0.8757330307837823,0.07352262601679256,1,interior
0.872807002786883,0.07498077541249178,1,interior
0.5085167800347793,0.038146785769256,1,interior
0.5035604773801714,0.04075142994524157,1,interior
0.5049274036092134,0.03806774963204673,1,interior
0.11190481113710195,0.12172637172431473,1,interior
0.835009313748931,0.05059855794542047,1,interior
0.8351645102215525,0.05426987391068412,1,interior
0.5100814597958547,0.03486752576867011,1,interior
0.5130702581808398,0.03578433223286807,1,interior
0.8867929041356035,0.08307930898088292,1,interior
0.892051056245004,0.08444006640105187,1,interior
0.884323194039923,0.0856009623624195,1,interior
0.8902442952308158,0.08215404922397716,1,interior
0.883802881551874,0.08259220792257342,1,interior
0.5782873241112548,0.035241505058384755,1,interior
0.5048509775587375,0.05461625893293999,1,interior
0.4739236622939632,0.04670230101248378,1,interior
0.47235001189406434,0.04935336219423901,1,interior
0.4777458283638582,0.04593393403021983,1,interior
0.9432199173623766,0.10941526287171631,1,interior
0.6090449468796832,0.03710703881803857,1,interior
0.8810948865634859,0.08429013158544062,1,interior
0.19813956514903033,0.09073822004542707,1,interior
0.19193183740289224,0.0921061855905116,1,interior
0.1925304105366196,0.08874444680138656,1,interior
0.9576121874703549,0.1148422653256472,1,interior
0.8368029605799066,0.05238443470458258,1,interior
0.19125410170126186,0.11818151187983263,1,interior
0.8462381082175412,0.06263407384159024,1,interior
0.8268111700391646,0.07634391576889137,1,interior
0.8316013544257291,0.07475609236417181,1,interior
0.567559891894556,0.017075832075010653,1,interior
0.5724605087260487,0.023031729851718096,1,interior
0.5702726708103868,0.024879168232952772,1,interior
0.5732475299012102,0.020266906105856193,1,interior
0.8748651319285383,0.07073781689042746,1,interior
0.8696911835501789,0.070797005857428,1,interior
0.18926176657720367,0.09242735819111596,1,interior
0.18860708128307663,0.09952728689467659,1,interior
0.18624261952378193,0.09649521641524873,1,interior
0.18714041839020695,0.09407729659792419,1,interior
0.8726305757876167,0.07209094715777939,1,interior
0.9102591236278165,0.10566901320696127,1,interior
0.9130090615860869,0.10698056538042996,1,interior
0.18884529376542883,0.08901410014149892,1,interior
0.19161658281785943,0.08610465490978401,1,interior
0.5679804277326438,0.013089604696280179,1,interior
0.5651735899845205,0.011646556243399006,1,interior
0.5493643389853103,0.02459089777232221,1,interior
0.5462933690780281,0.025074880302985894,1,interior
0.9211419117312708,0.11081572458172706,1,interior
0.9179508799091485,0.10964357758897213,1,interior
0.9159167101959025,0.11248006317763211,1,interior
0.9161294132331665,0.11512930257313611,1,interior
0.17950252457432372,0.1157520488692073,1,interior
0.18506561827314302,0.11641324816069194,1,interior
0.9300062605174465,0.11350086144794864,1,interior
0.9280388848358253,0.11115241424472525,1,interior
0.9259574315908415,0.11727435807340225,1,interior
0.9260508287808077,0.11370448864708035,1,interior
0.8606468756817843,0.06307609249617291,1,interior
0.8638909182897155,0.06342431270083541,1,interior
0.8650283556161905,0.0662817447976849,1,interior
0.730891416850513,0.047189600757033996,1,interior
0.5300498902071811,0.029428715380072353,1,interior
0.6605188513702599,0.04667053903905864,1,interior
0.8596787281520168,0.060235740047750175,1,interior
0.9127333517508919,0.11419167713337246,1,interior
0.14482526847095667,0.12141555733859324,1,interior
0.21282123021083355,0.09325541521770704,1,interior
0.5535119714866129,0.020129202010009298,1,interior
0.5547181916160681,0.016901641391240518,1,interior
0.18499713378395582,0.08984640189571512,1,interior
0.1883470479666018,0.08563053977167547,1,interior
0.1867541712112699,0.09153533210204101,1,interior
0.5702157768050513,0.03345137782993846,1,interior
0.5742952863042708,0.035219104179881076,1,interior
0.6224979900751352,0.028831032124922013,1,interior
0.5103362643053543,0.031180328488907418,1,interior
0.5128981479247355,0.03293505829264539,1,interior
0.5071895296207319,0.032523882316727,1,interior
0.5069050459569988,0.035526129263382646,1,interior
0.1958578246702637,0.08671675213094565,1,interior
0.20130778585320755,0.09394127979624517,1,interior
0.1994693945024622,0.08769623311673291,1,interior
0.2018868214519727,0.0900245548939197,1,interior
0.4760699374149289,0.04388990964655467,1,interior
0.47366523749873257,0.04428111733342229,1,interior
0.47848176865015707,0.04214862867894561,1,interior
0.9158105240909205,0.10649489886224793,1,interior
0.9130562897465639,0.10356805793471677,1,interior
0.9139526951066832,0.11017544046700235,1,interior
0.5557821473414172,0.01341957259576903,1,interior
0.5592751505456197,0.012726307694923934,1,interior
0.939739737192036,0.11053940732720542,1,interior
0.9420898252478223,0.10554852259231108,1,interior
0.9451776874518557,0.1051591355771596,1,interior
0.6530630131865577,0.049012370956659744,1,interior
0.8947079806272354,0.08818249841867783,1,interior
0.8940958791334783,0.08243772156436566,1,interior
0.07837424555726914,0.12829265973690754,1,interior
0.08331344102017264,0.12445766497155628,1,interior
0.08669962347783693,0.12422778969949122,1,interior
0.20182373914119942,0.07568355164897415,1,interior
0.20682123381761439,0.07752844396520288,1,interior
0.11145133080765972,0.12497150094033167,1,interior
0.10799400334245628,0.1241871178504298,1,interior
0.10898132713092885,0.12054121713866514,1,interior
0.11403647556012775,0.11872259028079006,1,interior
0.11072379776751445,0.11778725671077452,1,interior
0.5402418590312937,0.035796360416222424,1,interior
0.17688905997712165,0.11339098074134374,1,interior
0.180077098338656,0.11268215583963846,1,interior
0.20511728114441144,0.0946648867048889,1,interior
0.20492215624606694,0.09193777818740317,1,interior
0.47115957577019957,0.04548442807504459,1,interior
0.9693182527316164,0.10538344449298127,1,interior
0.9666730769451463,0.10534531790987951,1,interior
0.9555402593440856,0.11035848277850706,1,interior
0.954028260195414,0.10758947793952547,1,interior
0.8816501049561781,0.08078364197779551,1,interior
0.9205332367114246,0.10266136108504335,1,interior
0.9215239634153294,0.10819529323236847,1,interior
0.9169955908533465,0.1026861628962011,1,interior
0.8689334697690025,0.060911087309715305,1,interior
0.8679580305904692,0.06634786981798996,1,interior
0.8643436222441486,0.057714503554740115,1,interior
0.5685398171573209,0.0094127652086148,1,interior
0.5618573044787597,0.010348058776379255,1,interior
0.5624047707276233,0.013081715730572421,1,interior
0.6284590187345641,0.03874875657656235,1,interior
0.47034231120283165,0.04803774332558909,1,interior
0.1780038787521783,0.1098170312543987,1,interior
0.18112353653897129,0.11020553700245886,1,interior
0.17364250751571683,0.1141564555854151,1,interior
0.48347399135413555,0.04136923973542835,1,interior
0.4856655332259595,0.039189227197093356,1,interior
0.4869415276930313,0.042220642424384135,1,interior
0.8671768493221235,0.06358845761603485,1,interior
0.866585701650714,0.0695674790913554,1,interior
0.19360129308667579,0.08378421751245571,1,interior
0.13716811536385223,0.1095512834781724,1,interior
0.13462899564736253,0.10746757074604835,1,interior
0.5003764561079197,0.038204604866597665,1,interior
0.5275262061737411,0.03573703695635866,1,interior
0.5240383695715282,0.036664341276848485,1,interior
0.5219604939329581,0.039358047921374394,1,interior
0.521383081416974,0.034063599657972475,1,interior
0.5229213358120461,0.03179178768293609,1,interior
0.524989359810874,0.03363736626162322,1,interior
0.8701313285521101,0.06767289683270115,1,interior
0.8727781849659094,0.06909862253336098,1,interior
0.1387436033033775,0.11525708557197338,1,interior
0.14082039262734514,0.11761212335034338,1,interior
0.13773205154732074,0.12151495647421613,1,interior
0.13428563386749798,0.11779787073770251,1,interior
0.07480550554238456,0.12748983448495108,1,interior
0.08013337073059781,0.12251671787076264,1,interior
0.07770611735280825,0.1253143384445279,1,interior
0.5513003563663876,0.01727521871627769,1,interior
0.5523630666080938,0.013244871554025829,1,interior
0.5875680349070788,0.027437760369391693,1,interior
0.5845817340290236,0.028827375340634,1,interior
0.5883946161790868,0.032707072719204616,1,interior
0.5897128744739827,0.029809727240176203,1,interior
0.5847430353943036,0.025923043530730976,1,interior
0.9552297193951027,0.11608607057775135,1,interior
0.6255350186746483,0.03668525129690264,1,interior
0.9657099482797935,0.10291994587151396,1,interior
0.3242580792395809,0.08079624824420752,1,interior
0.5972265248863771,0.07717376732757389,1,interior
0.5288165901895636,0.025445437104784294,1,interior
0.5313581358718573,0.026485841911815466,1,interior
0.5272274565624852,0.028135323665694628,1,interior
0.1722395284138016,0.11767496977069666,1,interior
0.09760046668746884,0.12579928994039544,1,interior
0.10109050642350664,0.12625042346994395,1,interior
0.10173293817758827,0.12931911018410877,1,interior
0.5191717494206455,0.04159546457266388,1,interior
0.5186310553626338,0.038672497144323505,1,interior
0.11312475357656836,0.1280809462897374,1,interior
0.11001108168108313,0.1272707314552725,1,interior
0.06993929789043726,0.13397731950100394,1,interior
0.07213270665857875,0.1320915804989858,1,interior
0.13993933362450425,0.12005697546092842,1,interior
0.5077917396435926,0.028686566084863613,1,interior
0.5111130490576118,0.028140733251976968,1,interior
0.5406529206305021,0.024365216893523025,1,interior
0.541863048433847,0.027112467559901893,1,interior
0.8629169050209398,0.08069879700318099,1,interior
0.1322325681244644,0.10514522699997307,1,interior
0.12863390821590578,0.10913173504457986,1,interior
0.5182366320046564,0.035723503238279615,1,interior
0.5209140771506805,0.03679608566674662,1,interior
0.10699939954134885,0.1175140042248702,1,interior
0.10628860797139048,0.12116432133874618,1,interior
0.19144163942680661,0.10501938060719622,1,interior
0.1919523160611483,0.10177723445434961,1,interior
0.19376338306140728,0.1074128794395733,1,interior
0.208786902792116,0.09415910283454651,1,interior
0.5585963706825122,0.008700592642021904,1,interior
0.5570030920744911,0.010881896738273812,1,interior
0.5276591001509953,0.03181199264793833,1,interior
0.5473254963812355,0.021857593854999826,1,interior
0.4885647813175628,0.038718355619680934,1,interior
0.45859810139117674,0.06891268344737825,1,interior
0.8079786614884608,0.05369565442899674,1,interior
0.922811916926946,0.11287839358794816,1,interior
0.10840617145560409,0.1335834764397858,1,interior
0.10749590982236475,0.12813271800550133,1,interior
0.10731670116536902,0.1310934257690324,1,interior
0.6821033997877112,0.05630218063810806,1,interior
0.5194134491577017,0.04456944637930036,1,interior
0.936720127922483,0.10807446469583346,1,interior
0.9402136112044399,0.1080013901913273,1,interior
0.8414393114438159,0.05107300167233958,1,interior
0.8371824277816535,0.048132097402303536,1,interior
0.8389068227985313,0.053800907056527104,1,interior
0.8319821529574977,0.04912170697348261,1,interior
0.8322295091253956,0.0463203937028811,1,interior
0.8320235461591184,0.05231201007038097,1,interior
0.5201953130323349,0.030779183950634805,1,interior
0.5181304535237122,0.03264349388662028,1,interior
0.5155252650223886,0.031722539839950235,1,interior
0.8614210968791248,0.07526481052312084,1,interior
0.20845240975305554,0.06778148399838604,1,interior
0.20838731589259732,0.07384461896229341,1,interior
0.20612048175559625,0.07215442627286388,1,interior
0.47667065311967394,0.04113964200666213,1,interior
0.9510544736806663,0.10573302596408496,1,interior
0.09422134426480878,0.12514326181610685,1,interior
0.849822100979922,0.06110404876185277,1,interior
0.8450414698348089,0.05979434244886894,1,interior
0.9400813478274945,0.10276434644415035,1,interior
0.9390582413483323,0.10568851465374832,1,interior
0.20312557552023458,0.06909228947746596,1,interior
0.2056488460930733,0.06915904297690117,1,interior
0.9621986276804957,0.11375322380091887,1,interior
0.14276846612087915,0.12017598240884746,1,interior
0.14391227482812166,0.11713593444711051,1,interior
0.08410488547099519,0.12171723111749903,1,interior
0.08730499755070256,0.11970633703775888,1,interior
0.08175018683066877,0.11970451217715106,1,interior
0.08403225869819217,0.11864499315644723,1,interior
0.8429679575300949,0.057619163597988084,1,interior
0.8452297859653314,0.05479302133521871,1,interior
0.8423286192430544,0.05409914139010292,1,interior
0.5655678568905009,0.007030845941893622,1,interior
0.5620569215666119,0.007333155488003546,1,interior
0.6326171259053927,0.02953898950824122,1,interior
0.12575169997608562,0.10892990488227254,1,interior
0.5665941723687922,0.0337430702031554,1,interior
0.5435579959209698,0.025174332192439558,1,interior
0.5438448320268494,0.02208362897571909,1,interior
0.06599591641905285,0.13170184056787207,1,interior
0.06896938279392033,0.13172481034800917,1,interior
0.6222505160877189,0.03737912459944279,1,interior
0.90912849264283,0.09895640071402073,1,interior
0.9114305292706829,0.10071552712838801,1,interior
0.10360715036065579,0.12331576796268842,1,interior
0.1045367398197276,0.12664217046831375,1,interior
0.8647691756059032,0.07585823920645128,1,interior
0.8901754612465167,0.10177096830405534,1,interior
0.9143585094707998,0.1001219132036657,1,interior
0.6895726967618531,0.058376123765241116,1,interior
0.09215741677001506,0.12751310138548236,1,interior
0.0902785467314361,0.12525279993584293,1,interior
0.61936209256543,0.035517423954313475,1,interior
0.6232332258978436,0.034112819118257566,1,interior
0.5612925326728324,0.005005676354958175,1,interior
0.5546246299797908,0.009508118171145316,1,interior
0.556103796818075,0.005970078227000008,1,interior
0.5591909251850372,0.005518686621596085,1,interior
0.4775258563436407,0.03849638635367369,1,interior
0.48051440946260554,0.0400743635887726,1,interior
0.517024874807942,0.029164837852254533,1,interior
0.5135287132348156,0.02987595757465733,1,interior
0.20942372564801984,0.07950486218997771,1,interior
0.5714697727104865,0.028231678920446184,1,interior
0.4773944339187503,0.03476943717407679,1,interior
0.5816638649792273,0.028093059628851207,1,interior
0.8932627474776523,0.09472709330778782,1,interior
0.8929331274635182,0.09772825799064522,1,interior
0.9340671808384068,0.10504493292974722,1,interior
0.932803254920722,0.10816240232890202,1,interior
0.9368731426712342,0.1039996982072874,1,interior
0.9313258662473848,0.11085786558683002,1,interior
0.5505332853834647,0.021109571412708448,1,interior
0.09129571845482931,0.11998397493248251,1,interior
0.09288824119781632,0.12259858287284586,1,interior
0.14521879868587656,0.11393437552746677,1,interior
0.14188419793308746,0.11454113434638812,1,interior
0.14865841688858997,0.11427818752438845,1,interior
0.14692890706012582,0.11692190384173268,1,interior
0.610023129007144,0.03412730307524453,1,interior
0.6065732114649048,0.03424728396995301,1,interior
0.6110514557529407,0.03885270080173047,1,interior
0.606208022855021,0.03808483104052742,1,interior
0.9609345196392038,0.10765506182850666,1,interior
0.9632552360177262,0.10449175158996371,1,interior
0.5496575875926062,0.011587514936982896,1,interior
0.5526744341593054,0.006098012059479956,1,interior
0.18862071141402412,0.08084846542455963,1,interior
0.18643003783435413,0.08301636653368098,1,interior
0.09457157978311512,0.12024662005467379,1,interior
0.53486581572807,0.02263325828845755,1,interior
0.5361926983195374,0.020150707421962386,1,interior
0.4905073492843461,0.041243274906338855,1,interior
0.4921852596386562,0.0385074568557185,1,interior
0.47791284213671414,0.055411628658473086,1,interior
0.8595181596644625,0.0844010127259167,1,interior
0.9406050887882367,0.09902751344441416,1,interior
0.9377639260688033,0.10080630268769422,1,interior
0.9431701079055955,0.10206259084409325,1,interior
0.7407064379973345,0.03855675285354267,1,interior
0.5044740791290204,0.03104859328629911,1,interior
0.5044457274433318,0.028008707113391772,1,interior
0.15643956143554086,0.11773143587001549,1,interior
0.14998323497431473,0.11736557662529166,1,interior
0.08592790332660848,0.11321975760740229,1,interior
0.08253114524944284,0.11310937612965555,1,interior
0.08140600824634157,0.11629404896634048,1,interior
0.0880009433384505,0.11596425147796019,1,interior
0.07939552726059389,0.11874187443440608,1,interior
0.6033627140165305,0.03307673614896649,1,interior
0.600522742084758,0.033977337537300735,1,interior
0.621131116319814,0.031791321901519363,1,interior
0.20313412022685767,0.07215875272315346,1,interior
0.48310793352714554,0.06837194942761134,1,interior
0.5037137389433947,0.03481084695812282,1,interior
0.5669790298341474,0.030957026150683367,1,interior
0.848114378379988,0.05604408043957976,1,interior
0.8447700033990929,0.05165080453331756,1,interior
0.8478454602134562,0.05306314479296436,1,interior
0.49718033715259263,0.03548245092772854,1,interior
0.500291239423553,0.03497377166153347,1,interior
0.6265321727286243,0.033481700234147434,1,interior
0.1603980946903683,0.1139564204037656,1,interior
0.16329693617616078,0.11591605972907904,1,interior
0.15775355073454103,0.1151424183580509,1,interior
0.16879617608559694,0.11698137294672029,1,interior
0.1699261154958077,0.11380128755646633,1,interior
0.1745630471687157,0.11048778772236396,1,interior
0.863126943224788,0.07793713614627637,1,interior
0.6186729414423379,0.02887684152136482,1,interior
0.6173997839288566,0.03244806500376547,1,interior
0.1111825752065503,0.13481306746365945,1,interior
0.11043522041654057,0.1307652541991415,1,interior
0.11898461507793634,0.11589903036505057,1,interior
0.11599523296648968,0.11629119313347629,1,interior
0.730644556809926,0.0542657165572167,1,interior
0.8734349551507559,0.06598145601966954,1,interior
0.8772588707840484,0.07101898015855564,1,interior
0.879702296547853,0.06959619765111165,1,interior
0.876349054832949,0.06809243501406438,1,interior
0.5683281184014835,0.006301897355973839,1,interior
0.5662897861155493,0.0042838572924131695,1,interior
0.5634020874851297,0.004816785439383426,1,interior
0.07627270180794633,0.12248741621777746,1,interior
0.20868963787062644,0.07029638904695654,1,interior
0.9247657192429105,0.11003694378209002,1,interior
0.9286796725468974,0.10827442360467862,1,interior
0.11436628271791242,0.12460792897204209,1,interior
0.5960245291981745,0.028986522864938007,1,interior
0.5982677230949028,0.03155544367169513,1,interior
0.10485814544062849,0.14381911777266482,1,interior
0.8705949340371834,0.064078540815086,1,interior
0.1907939103740597,0.11432435119943009,1,interior
0.18812476041415813,0.11638354206386596,1,interior
0.6157375806233801,0.035113507154868315,1,interior
0.6126852069484442,0.036601045431866444,1,interior
0.19745845515304586,0.11256266973080449,1,interior
0.85696540823841,0.05834238564193656,1,interior
0.5926821498222224,0.029594888316847257,1,interior
0.5970737136875933,0.025345702407361347,1,interior
0.5992919085842443,0.02783128208857499,1,interior
0.5941165204257342,0.02650399808304104,1,interior
0.16069295495618108,0.11081348945526194,1,interior
0.1535569527882243,0.11280597228929634,1,interior
0.15691385431918242,0.11179356148437573,1,interior
0.06293053749491205,0.13173008404687966,1,interior
0.20041684616657696,0.07009165329537205,1,interior
0.2014648072311771,0.0684803741485624,1,interior
0.8883532664656959,0.08019425166958274,1,interior
0.8827661663327934,0.07798084573924143,1,interior
0.501629272731483,0.032457561943604246,1,interior
0.5012240432461951,0.02942680255957211,1,interior
0.8501904444569874,0.05797113026417765,1,interior
0.8529333518129594,0.0586631334727883,1,interior
0.8548726071704508,0.06102551339686167,1,interior
0.1959437951762633,0.0690041743183003,1,interior
0.6131718803308003,0.03287007064667414,1,interior
0.8511378901856215,0.055040544902099094,1,interior
0.8547745125136251,0.055488282944748814,1,interior
0.8531168465103786,0.052428410743389255,1,interior
0.8796967500961631,0.07832079889529582,1,interior
0.19695258397523596,0.0791401899598604,1,interior
0.2001896845482197,0.0784088267169548,1,interior
0.8782206273279998,0.08436466775159158,1,interior
0.9163342504276606,0.09676011865041434,1,interior
0.91236753575555,0.09749567706297509,1,interior
0.4986053971863129,0.032301406842521425,1,interior
0.49592263560883715,0.03846976120647185,1,interior
0.4935744014298511,0.03544089271511069,1,interior
0.49516685774148456,0.03232394604155186,1,interior
0.10048759575609549,0.12112635178629676,1,interior
0.1037754274999844,0.11975939619098024,1,interior
0.10103598197783237,0.1185339889364478,1,interior
0.8627010244705026,0.054782576716068065,1,interior
0.8607483191526115,0.057506962894761295,1,interior
0.8674230374968245,0.0583319109379007,1,interior
0.07441614106159601,0.11926194050053507,1,interior
0.07305058986365619,0.12238461124944262,1,interior
0.8767853696886571,0.06465623348872096,1,interior
0.8796573652191729,0.06647171363640067,1,interior
0.11616510948560897,0.1130473011262412,1,interior
0.11308839857407253,0.1152419044730355,1,interior
0.19044056176058127,0.08264509251875422,1,interior
0.19359679001082983,0.0806969656367995,1,interior
0.1965878171277783,0.08269077354927862,1,interior
0.5794522860704824,0.03145065953602482,1,interior
0.5769418959964918,0.0298760530858668,1,interior
0.8626582026577948,0.06040986591088765,1,interior
0.1974138474884344,0.07081611951153839,1,interior
0.19968999575578786,0.0730803266651023,1,interior
0.8976293255442693,0.08400195541491043,1,interior
0.8976488207399113,0.08098053605197107,1,interior
0.8957543219155327,0.08585364418785855,1,interior
0.8915765607130602,0.07926175093347645,1,interior
0.9551009496236231,0.11307356980125037,1,interior
0.5743525238058298,0.017065325302384936,1,interior
0.5758162432687559,0.02328671586021367,1,interior
0.7402633558644597,0.042870399040252354,1,interior
0.9464703579366393,0.10138541720411803,1,interior
0.6023531539392939,0.02659121358854759,1,interior
0.6019229516545787,0.030167110911161813,1,interior
0.5942726237314264,0.02334122066255741,1,interior
0.5910461822321065,0.02592611331019389,1,interior
0.5911750876213024,0.02204465666800919,1,interior
0.20493669191386066,0.07523202351620552,1,interior
0.16126722144425873,0.10737596435334716,1,interior
0.16357661678070914,0.1127826320900945,1,interior
0.15846671888040442,0.10870456943219949,1,interior
0.14496104072575627,0.11106300947124888,1,interior
0.14734839124444463,0.1110545802771072,1,interior
0.1426260952896216,0.1112843979910945,1,interior
0.8791999629525503,0.07294337169144766,1,interior
0.8822045041768014,0.07160686052601352,1,interior
0.0711941140854568,0.12882158539536434,1,interior
0.5256036455569632,0.024491747525753917,1,interior
0.5315434234416071,0.0230772700687692,1,interior
0.5247290256373295,0.027548996817662298,1,interior
0.5279589192777128,0.021538124935551156,1,interior
0.5976548925254171,0.021797954449385034,1,interior
0.5945649821666444,0.019945344871970454,1,interior
0.8949114714960528,0.0787032122823279,1,interior
0.898632067629658,0.07775067840807308,1,interior
0.9002510930965173,0.08292726537100407,1,interior
0.9013939225500701,0.08004359336744335,1,interior
0.07466635465919105,0.12481168684870765,1,interior
0.07163461136442635,0.1256002352426657,1,interior
0.09680047091078617,0.12244912325791371,1,interior
0.5718126851787538,0.011765553055391401,1,interior
0.5699530478261866,0.014727650950890908,1,interior
0.9021060496684529,0.0761596068371965,1,interior
0.9035940164502704,0.07840978213030111,1,interior
0.9033219500901604,0.0830861994360755,1,interior
0.905196570028933,0.08037875587566469,1,interior
0.8824950377836103,0.06489738830340697,1,interior
0.880106443619051,0.06325560990305393,1,interior
0.8830548685249039,0.06799062033301335,1,interior
0.20974264820037916,0.07646286199879056,1,interior
0.4913031482848974,0.03208190968640984,1,interior
0.48997605781223746,0.03570651312358281,1,interior
0.480345425985569,0.03124113960457468,1,interior
0.47988395180917526,0.03373881958446822,1,interior
0.1517612824650901,0.11509959539256139,1,interior
0.15068114366835725,0.11136361668972201,1,interior
0.15199434103845877,0.10801942435392549,1,interior
0.843853487425157,0.04860711472275311,1,interior
0.8402310885940051,0.04820010177148167,1,interior
0.6090155497926923,0.03054564624270399,1,interior
0.5735058464601479,0.0259947274320551,1,interior
0.48092666960719344,0.029100200849960733,1,interior
0.6126720300001287,0.030055842975603802,1,interior
0.5455198480055713,0.016307828583218446,1,interior
0.5422441959681241,0.017995679297759217,1,interior
0.5410579117884536,0.021172841321813695,1,interior
0.2526437946533699,0.10010034248620472,1,interior
0.19297383554986594,0.09539128809238595,1,interior
0.8383849716741896,0.050580011802552345,1,interior
0.5331492195113857,0.01915247311862988,1,interior
0.5306027138856358,0.02053007388277114,1,interior
0.8458265235313661,0.0573530781886703,1,interior
0.5142278296576186,0.0241771455940889,1,interior
0.5140561123481256,0.026939722909435762,1,interior
0.10953210243684577,0.11388654258730604,1,interior
0.11416922564930243,0.10955424571329359,1,interior
0.9636357547724373,0.10103496081479148,1,interior
0.8817778284723062,0.07514131792044669,1,interior
0.87522890300582,0.07634656798140613,1,interior
0.06780283274829475,0.12907463705243785,1,interior
0.871454052606887,0.060943532696605386,1,interior
0.8956459088784231,0.09062804247428947,1,interior
0.9006621638877597,0.08610078392818211,1,interior
0.898057732060101,0.08859466832697371,1,interior
0.9096491046980688,0.09560476828875077,1,interior
0.5260930576425512,0.017858540992741145,1,interior
0.5225650117305939,0.02250004148274783,1,interior
0.5294822900303505,0.01826669011015391,1,interior
0.5248727323641272,0.020906239380597793,1,interior
0.8961212057818898,0.07572662036381272,1,interior
0.8991237272527889,0.07423904562267154,1,interior
0.8886394439400283,0.07735456014628138,1,interior
0.8924566037422936,0.0752357469783202,1,interior
0.19440974322319274,0.11353877088072706,1,interior
0.1924114951095126,0.11081469631348966,1,interior
0.9590300543155772,0.11166045927992235,1,interior
0.9628591067064872,0.11088888777059534,1,interior
0.9574478292413057,0.10566930571268233,1,interior
0.9601852121083805,0.1042370214053057,1,interior
0.21034394484868488,0.08901449261986061,1,interior
0.6207903513202965,0.026210336871706447,1,interior
0.6151115317342791,0.02784724299763169,1,interior
0.6172076203597354,0.025082306648194018,1,interior
0.6155746886345013,0.03050479664226972,1,interior
0.8619065778994477,0.08627987357086062,1,interior
0.8658146010776732,0.06072107972107743,1,interior
0.8703298704555779,0.05766631618342668,1,interior
0.942194576175812,0.09567088324361396,1,interior
0.9367590863834222,0.09764627463248506,1,interior
0.9392861772271213,0.09566066523072674,1,interior
0.9442311051421209,0.09869600237445302,1,interior
0.5485442926098607,0.014619469503220689,1,interior
0.5512905378041131,0.009250471936522836,1,interior
0.5470818585658984,0.011557333528834571,1,interior
0.5879874330076679,0.024088995703481067,1,interior
0.5850250067019946,0.023030661424429742,1,interior
0.5171496509062715,0.02565505864427127,1,interior
0.5199035064339441,0.027483120024895506,1,interior
0.5727576730763294,0.031661113793312955,1,interior
0.9194824012990023,0.09934008169720994,1,interior
0.9175188184139573,0.09330604345862449,1,interior
0.9132099549834877,0.09390815729265493,1,interior
0.8703896331196279,0.05423537789085562,1,interior
0.873461059851668,0.05623160614929623,1,interior
0.8731921699470131,0.05919992222169891,1,interior
0.8669008496035542,0.05558804845949842,1,interior
0.6116202369429935,0.027711291348245917,1,interior
0.4881208431350932,0.033107155302697935,1,interior
0.48770961268194485,0.029897044591831384,1,interior
0.4939489092786888,0.029003973813518946,1,interior
0.15559521690770037,0.10763865068661678,1,interior
0.8934206500608161,0.09226168014965021,1,interior
0.578970176443637,0.025438360131221624,1,interior
0.5763202634069496,0.02692636106290841,1,interior
0.5225454307408782,0.02903545473451688,1,interior
0.48001344919288996,0.03687706388325066,1,interior
0.9063624311818088,0.09376111376336183,1,interior
0.9022727918760348,0.09347853444292198,1,interior
0.13249030458060154,0.10142557220782132,1,interior
0.12994105176679457,0.10629540463187834,1,interior
0.13506388069109407,0.10399155787141322,1,interior
0.5025063751882944,0.025390182662293485,1,interior
0.5065832430788283,0.025511712649245292,1,interior
0.4995807465112609,0.02718436322488908,1,interior
0.09121957115877662,0.11525351649838862,1,interior
0.5819883539034404,0.02430971463399605,1,interior
0.15841447646482465,0.10548531762710485,1,interior
0.15564608702683785,0.10372291227390895,1,interior
0.1503868429880442,0.1050313069244252,1,interior
0.15334380669716033,0.10541305113711161,1,interior
0.18108142097063637,0.10763614808984229,1,interior
0.17839482095153256,0.10686878319369297,1,interior
0.18311784295203992,0.11193466239234369,1,interior
0.18401181690931087,0.10931973522534477,1,interior
0.5221762781569115,0.01887520146020154,1,interior
0.5234410264396561,0.016067341804058076,1,interior
0.4966327736641194,0.026228367601182172,1,interior
0.49432716333816346,0.02601946666739744,1,interior
0.49015127451577634,0.028732633928275516,1,interior
0.49745057957064165,0.029484183283463982,1,interior
0.9401552265291608,0.09224590037172245,1,interior
0.9367884761048898,0.0937913362723871,1,interior
0.9439661767856141,0.09282499368953334,1,interior
0.5340890854133736,0.015125607041615178,1,interior
0.5362964353956055,0.017290058225025693,1,interior
0.5315033016196347,0.01620860256181714,1,interior
0.13768542196391206,0.10610439298899382,1,interior
0.18921471209186597,0.11111728152327613,1,interior
0.19024295143732997,0.10807236434460837,1,interior
0.8961295997219629,0.09345007722254832,1,interior
0.48318082779773497,0.029909202687918118,1,interior
0.5793240115998457,0.022111663325426828,1,interior
0.18341666934400105,0.08075673321578732,1,interior
0.18307770793144107,0.08402960489105789,1,interior
0.18681222794904473,0.07915050762131212,1,interior
0.18485693477357784,0.08695179375901112,1,interior
0.19852877768248098,0.07593881206627778,1,interior
0.19574975579921142,0.0761318618201858,1,interior
0.18638092007132684,0.11281116411369886,1,interior
0.18408374875296105,0.10562895003731314,1,interior
0.18044096944692087,0.10448196158486822,1,interior
0.1868163903523609,0.10869889379163707,1,interior
0.5105658384785274,0.025181765237587837,1,interior
0.10475330641629109,0.13000604765905818,1,interior
0.934393234873018,0.10109207362023438,1,interior
0.9333951239988447,0.09781347824050474,1,interior
0.934331422874164,0.09524611806397158,1,interior
0.8467861719743633,0.04720701623193402,1,interior
0.847825200970738,0.04972873182734167,1,interior
0.5051334323584921,0.023211621903540664,1,interior
0.4991568661490767,0.024610251720591603,1,interior
0.1668119030726857,0.11941616357232751,1,interior
0.16649980232740794,0.11456596495576465,1,interior
0.5390834285544492,0.01651199814245326,1,interior
0.5490213443706742,0.006517305673523828,1,interior
0.5503460813055719,0.004846789617116621,1,interior
0.13954401045271977,0.1119571897534658,1,interior
0.07743795198631334,0.12042526689075946,1,interior
0.07807175751694728,0.11560097722122603,1,interior
0.0768812919996701,0.11796480547149371,1,interior
0.4808524529171348,0.04348667228715724,1,interior
0.4824845162470062,0.035509328961891316,1,interior
0.0873343536154162,0.10994725588808256,1,interior
0.08410392226273239,0.11054042834528777,1,interior
0.8516325057755766,0.04966669480751931,1,interior
0.18779980480209682,0.10550909820507261,1,interior
0.1752246587834329,0.10700020168226886,1,interior
0.1796900311311361,0.08247384676634031,1,interior
0.18065477852057885,0.07841829662868127,1,interior
0.8850566772657872,0.07332572617741957,1,interior
0.8853698732916621,0.0762763408343457,1,interior
0.1810345387231819,0.0990489659255321,1,interior
0.18234139073077404,0.10204163423273145,1,interior
0.1781473745275905,0.10135442575253786,1,interior
0.1775026652132746,0.10456804477701245,1,interior
0.519823567166468,0.024119870885796965,1,interior
0.19385205404430772,0.0703096983969334,1,interior
0.15383978458156825,0.11023314100544739,1,interior
0.14863779944067962,0.1080259363686812,1,interior
0.09759047188422422,0.11887252165644326,1,interior
0.12728514922631956,0.10581524429065974,1,interior
0.12127476265063875,0.10655476692144521,1,interior
0.12070505635372071,0.10973918860288458,1,interior
0.12427712222437524,0.10588391658052114,1,interior
0.12317947199126238,0.10863099954081841,1,interior
0.1834657386241082,0.11900262387298263,1,interior
0.8346839762329479,0.04749372547701941,1,interior
0.48301748213586104,0.03297724607412097,1,interior
0.49203943282457946,0.026630545491843387,1,interior
0.14711571025537964,0.1046019511933441,1,interior
0.14922010888777557,0.10160288110880684,1,interior
0.1525120251276946,0.10247704934699893,1,interior
0.8884072969129186,0.07442337540167047,1,interior
0.5482387478498417,0.01840552769668272,1,interior
0.5451621591664462,0.012934994215283322,1,interior
0.9048709039991327,0.08545873192766805,1,interior
0.9069705889662946,0.08283770343335319,1,interior
0.9035528154964624,0.08792748566963018,1,interior
0.5696571378422394,0.003688172512669965,1,interior
0.8853291077667672,0.07966420105739679,1,interior
0.9098204720249198,0.09278804951584033,1,interior
0.947709274296675,0.09761999730312163,1,interior
0.9520234540341787,0.10240724879656464,1,interior
0.9497255977325207,0.10050345317365376,1,interior
0.17258254342011073,0.10452238191020242,1,interior
0.1715871064876557,0.10787093308268214,1,interior
0.5751351517329124,0.013502230081255694,1,interior
0.5724583547094892,0.008712454249645623,1,interior
0.575751763432508,0.009720756350231032,1,interior
0.18596817340086816,0.10241097209809202,1,interior
0.9209442037533458,0.09569865472693055,1,interior
0.9182174280726761,0.08977773112301284,1,interior
0.9150508568539821,0.09094068751771582,1,interior
0.9575320157114696,0.10845440338711947,1,interior
0.08111957755226615,0.10898887616089539,1,interior
0.0847520371835802,0.10728724017038445,1,interior
0.07933949989637618,0.11285098704042464,1,interior
0.09027786892817521,0.11778655978957304,1,interior
0.09664123506857163,0.11569141925627063,1,interior
0.1548001426992852,0.11527714945122702,1,interior
0.51668740307346,0.02199926001121352,1,interior
0.8776226112271414,0.061303476456260886,1,interior
0.8741752761184911,0.0623455701420097,1,interior
0.9282582082152895,0.1049270022030755,1,interior
0.9249637415382568,0.1065530778102708,1,interior
0.8931887268719706,0.07104212783003981,1,interior
0.14061488529848076,0.10846073545246883,1,interior
0.16627249883839484,0.10879017252717264,1,interior
0.16429189723330634,0.10268760323472566,1,interior
0.1637327878463041,0.10959685622400749,1,interior
0.16446240620648367,0.10607455342606945,1,interior
0.1200446359368011,0.11289433668531934,1,interior
0.19063944495875443,0.07861777100923185,1,interior
0.9610561951219924,0.10117308711950489,1,interior
0.17178419157906313,0.11125418597305872,1,interior
0.8988740556345416,0.09179410657679293,1,interior
0.8631788767632464,0.05205164820492027,1,interior
0.8651651456752468,0.05311249651428051,1,interior
0.908071364620357,0.09065008147695837,1,interior
0.9046602274434528,0.0907674695110779,1,interior
0.16660202597771603,0.11167271212174647,1,interior
0.18278625573357699,0.11439645325631913,1,interior
0.525224477757048,0.030431358318976753,1,interior
0.1767263772139189,0.07938516955795331,1,interior
0.17775234911830623,0.08548976625510545,1,interior
0.17571577102710234,0.08328194890624736,1,interior
0.18097863494113095,0.08636444505705766,1,interior
0.14480108067593578,0.10804336667869786,1,interior
0.09404956006514745,0.11464420897232755,1,interior
0.09375025691136042,0.1175607573158675,1,interior
0.08909691158440854,0.11297138444214937,1,interior
0.09594469080876555,0.11210539114374837,1,interior
0.09239017064765727,0.11250215404531426,1,interior
0.921822466845347,0.10552503925747703,1,interior
0.925684201955878,0.10327640368886112,1,interior
0.19387769896417054,0.07790794151685236,1,interior
0.9118550914256465,0.09003941738064081,1,interior
0.5404677486228272,0.0144079063717093,1,interior
0.5453374959199518,0.019392318075529026,1,interior
0.5728889612524348,0.0034954422563337425,1,interior
0.9310746052199044,0.1059843682689319,1,interior
0.9311816181952893,0.10286593152165424,1,interior
0.934482471088217,0.11060798869272559,1,interior
0.9452763679081114,0.09569405172274012,1,interior
0.9577927265721972,0.10231464534404457,1,interior
0.9553316160573061,0.10078745349359673,1,interior
0.9528723629656616,0.09911510015606667,1,interior
0.538955802366909,0.0192400705544673,1,interior
0.538185831055277,0.02226675291852398,1,interior
0.07817785064036482,0.10740570267440294,1,interior
0.0753916332761854,0.11321544059661647,1,interior
0.5151204952464405,0.018845932446460167,1,interior
0.5184186319510249,0.018634680988780603,1,interior
0.5124738386014364,0.02157971283612207,1,interior
0.14398549737452854,0.10380051475868769,1,interior
0.10340447381362837,0.11653714557184809,1,interior
0.09990221547141577,0.11620104436218076,1,interior
0.10196336806172836,0.11360905538207468,1,interior
0.1292275767842074,0.1026648101527557,1,interior
0.1254720419319478,0.10291484070080004,1,interior
0.19055125004459136,0.06985726669339608,1,interior
0.9090529230397929,0.07986430245947214,1,interior
0.9105064178093617,0.08324418546866892,1,interior
0.50997326048452,0.019866966087965798,1,interior
0.5084431656821182,0.022351937569647852,1,interior
0.8711560841248884,0.052015455099758634,1,interior
0.060235767548892406,0.13065190675020655,1,interior
0.8559191711865504,0.05268523628360579,1,interior
0.858599929867588,0.054564251570593685,1,interior
0.9305839679528374,0.09921247321269325,1,interior
0.13004474531184354,0.09848611120278625,1,interior
0.13697021171851279,0.09936890044489574,1,interior
0.13401216213107228,0.09771014993883823,1,interior
0.5830834902760288,0.020832636154640698,1,interior
0.5788479390175866,0.028395611364573727,1,interior
0.09043139736364701,0.10799551756416785,1,interior
0.08783472533230137,0.10673838937663963,1,interior
0.07738912256880441,0.11028726727545014,1,interior
0.07218929748924018,0.11561507208376305,1,interior
0.07188932090536554,0.11196999753352123,1,interior
0.07425031699713347,0.11033336299639403,1,interior
0.1698016171491226,0.10499511301550486,1,interior
0.16797374501219312,0.10687326049892576,1,interior
0.6053300028233849,0.030901123495556605,1,interior
0.6053964833050208,0.027480072460010625,1,interior
0.87927460501373,0.057911424239994576,1,interior
0.8765857162886185,0.055541316774936046,1,interior
0.9151855244672576,0.08748441153210693,1,interior
0.9094543753343505,0.08812648861360627,1,interior
0.4858908069942007,0.035637131595476074,1,interior
0.6202171437157347,0.023269586518390332,1,interior
0.958791120010018,0.09884375463149302,1,interior
0.8838507515736324,0.061947575480491957,1,interior
0.8857339770930522,0.06508531539187538,1,interior
0.8807540898935784,0.06052858888235613,1,interior
0.5791863057616733,0.009562395701477867,1,interior
0.5782050699974512,0.006095879763394399,1,interior
0.5784092424890102,0.012682521323900292,1,interior
0.5746675246738929,0.006113049756707394,1,interior
0.5204517986194273,0.0159620220094424,1,interior
0.5171394789949466,0.015487076797438656,1,interior
0.5226349229286866,0.013306005004239332,1,interior
0.5760058035043985,0.0028197932154270175,1,interior
0.5698608867658608,0.030311452454874755,1,interior
0.1935216777832086,0.07274165159048124,1,interior
0.1909708328512708,0.0726021119818616,1,interior
0.05803358526668482,0.12988938706023873,1,interior
0.05681990995682979,0.12808059562705337,1,interior
0.1288975832660676,0.09570316340932454,1,interior
0.1262139647377786,0.09694153261585363,1,interior
0.13191695033918524,0.09438523828227985,1,interior
0.196099624242485,0.07336563779402494,1,interior
0.08003580985845472,0.1052520414691936,1,interior
0.08292417298125586,0.10470057296048842,1,interior
0.8730207096446431,0.05020691989352505,1,interior
0.18744579704978706,0.07008684609936376,1,interior
0.18888865480681857,0.11899171596209686,1,interior
0.9555780536817403,0.09793152297093662,1,interior
0.8608054927182694,0.0517305018854551,1,interior
0.8985378790496962,0.07086380478959403,1,interior
0.9248984258617275,0.09620946467134907,1,interior
0.921244118166663,0.09125861094083011,1,interior
0.924184521142223,0.09258531650382451,1,interior
0.4855010318351021,0.03143081354152805,1,interior
0.3393046028204461,0.07323221071813146,1,interior
0.8972664368988751,0.06708779784462883,1,interior
0.9001577148090216,0.06658132067423646,1,interior
0.9019993758311861,0.07202731434417596,1,interior
0.8957298829310721,0.06959484095129055,1,interior
0.05911302492032392,0.12804662875147074,1,interior
0.08950378540727968,0.12227600818767734,1,interior
0.5806899729377389,0.01535792136714202,1,interior
0.5821118321383965,0.011719090515924213,1,interior
0.9212970691789563,0.08720242148768101,1,interior
0.9182850384412418,0.08717340349264235,1,interior
0.5774896552745848,0.016207357554768473,1,interior
0.576602601924289,0.019705220511074855,1,interior
0.5724957550421486,0.014869180725545519,1,interior
0.5840374415009274,0.0150487281566403,1,interior
0.588495562749378,0.017782356160185482,1,interior
0.5875097321219948,0.020703993337272544,1,interior
0.5430095621697011,0.014641197793948183,1,interior
0.8878066483755233,0.09570345851479782,1,interior
0.13634156078641427,0.11288489967074111,1,interior
0.9572504583777626,0.09603969259348684,1,interior
0.5605453576228452,0.022479851828256948,1,interior
0.5155804354365995,0.034555892466652645,1,interior
0.16230244206012476,0.10038189682600158,1,interior
0.16668913895197793,0.09996654724976806,1,interior
0.16708809496559948,0.10366106781729512,1,interior
0.16498661151765134,0.09761347814511395,1,interior
0.057163546450153556,0.12566190089400892,1,interior
0.1479776195213462,0.1195202334199389,1,interior
0.07386585642101959,0.10577652976800675,1,interior
0.07188428746214563,0.10812414649367628,1,interior
0.17837035019122008,0.07575082640992077,1,interior
0.1843383385947662,0.07716856107911892,1,interior
0.1817432275709816,0.07442417996425428,1,interior
0.17536856930091155,0.10367159880647744,1,interior
0.17816983886075158,0.09718264877114473,1,interior
0.1758564362144974,0.09904865594996964,1,interior
0.17393237387255298,0.10149282808683069,1,interior
0.6087471232728743,0.026423875942434356,1,interior
0.6038852629016828,0.023261996254609202,1,interior
0.15851576516442814,0.10199652576107598,1,interior
0.16203174047685942,0.09697515781788874,1,interior
0.15878022309410803,0.09893250155594147,1,interior
0.16141023136027793,0.10394714566932974,1,interior
0.18145907812134385,0.08998748178009233,1,interior
0.8877690621852895,0.07129149070674874,1,interior
0.8903265392571461,0.06913933831315645,1,interior
0.16152895172753123,0.09348903022431528,1,interior
0.16814144905806616,0.09547470912007239,1,interior
0.164849165403379,0.09401633236358851,1,interior
0.9013380359247251,0.08981699509786543,1,interior
0.12907793399163392,0.09321359990054798,1,interior
0.13523635377893298,0.09389756429223463,1,interior
0.13325848674001975,0.09014220341604642,1,interior
0.8893755154181792,0.06587513705023576,1,interior
0.5812412000754607,0.004186501502097289,1,interior
0.5836264622331152,0.0059260479496213185,1,interior
0.5790726473398828,0.0026690152122252238,1,interior
0.5198875595577295,0.02114054049477487,1,interior
0.5225358144829989,0.02581729744087019,1,interior
0.9141743625969269,0.08394104105040494,1,interior
0.3172264930008063,0.07929863484829822,1,interior
0.917958240633692,0.08449135896189522,1,interior
0.9249624561198475,0.08849117556175443,1,interior
0.9246202813731833,0.08491664660001953,1,interior
0.9215980683176374,0.08370394670555299,1,interior
0.9060822464792254,0.0770288730443136,1,interior
0.904592928765668,0.07392705625060211,1,interior
0.1891200671699206,0.1028173158288582,1,interior
0.5258535175960606,0.014281182010504762,1,interior
0.519775894487831,0.01353830524150696,1,interior
0.1405412770803964,0.10487420912034662,1,interior
0.5854781559270235,0.012271393426388933,1,interior
0.5815886684666054,0.007839416194125889,1,interior
0.585136089419011,0.00888441166711912,1,interior
0.918943385648013,0.1059354713285593,1,interior
0.18399137334115384,0.09318595369306078,1,interior
0.16769925202312155,0.09067462482135744,1,interior
0.18460611115812528,0.09930233449215436,1,interior
0.0684148605408444,0.10665697735336778,1,interior
0.06946286020081074,0.11001501181783584,1,interior
0.07535930873096235,0.10775650438989455,1,interior
0.07125040436838921,0.10424803751992831,1,interior
0.6113855506967512,0.024852377387963052,1,interior
0.6098693824282648,0.02267060868760545,1,interior
0.14853612964521784,0.0973970991706138,1,interior
0.15145553763752104,0.09953032541103186,1,interior
0.1461905467003922,0.10061675915680905,1,interior
0.9273625400353008,0.08546350317613717,1,interior
0.9294205009016059,0.0877431442821863,1,interior
0.9272409405274212,0.08195684550122868,1,interior
0.9301729820901296,0.08399750413021233,1,interior
0.9217712776497887,0.08029824413888317,1,interior
0.9428082487580349,0.08957674281382871,1,interior
0.9395216195007173,0.08840905500366063,1,interior
0.07693254026174949,0.10447060310151021,1,interior
0.18459442142545696,0.07163384995858833,1,interior
0.1853320147734764,0.0743057360680988,1,interior
0.18791712726425622,0.07233186080446033,1,interior
0.09973881600010095,0.11058070283200129,1,interior
0.09876130761885996,0.11357651234631472,1,interior
0.1926353067277823,0.07524852963039105,1,interior
0.11744129802429593,0.10997803983246901,1,interior
0.8592057694155626,0.04939561050087404,1,interior
0.8577951605866518,0.05084620547415919,1,interior
0.5508578784249469,0.02687850750020309,1,interior
0.18844085318049153,0.07566792994949002,1,interior
0.8741225837428829,0.05298174526514705,1,interior
0.06894583322145029,0.11970639119029328,1,interior
0.06999783463807516,0.12264561498286682,1,interior
0.9233412618058354,0.10353119743438341,1,interior
0.9235940540708187,0.10001799386945906,1,interior
0.6139351759594225,0.025566700713472047,1,interior
0.6120569340067072,0.020394294506547055,1,interior
0.6068418519745999,0.020992972974631288,1,interior
0.6095625673633399,0.019172481380559606,1,interior
0.9283144891232646,0.09654320567161959,1,interior
0.9269315555816993,0.09891468652992688,1,interior
0.9277617194142564,0.10160045562050694,1,interior
0.931075161167527,0.09506726812186174,1,interior
0.06753833640034926,0.1256556317550561,1,interior
0.9545536984933897,0.10411431657983498,1,interior
0.0602066298092042,0.12604241464372948,1,interior
0.10569471514592231,0.11392587204657488,1,interior
0.10374874582496418,0.11099682763250267,1,interior
0.10742309559280243,0.11067325950595457,1,interior
0.6009962345803589,0.020568070233621064,1,interior
0.6003214698349351,0.024133963895989097,1,interior
0.5979327261214836,0.01824898854523722,1,interior
0.6068496470566342,0.02417832836269353,1,interior
0.6138594610440254,0.02273899314959684,1,interior
0.5251650406456163,0.011443395279797748,1,interior
0.07287362458945887,0.10142977492719159,1,interior
0.0800327012002827,0.10144625205921173,1,interior
0.08442227726802815,0.10152027053919965,1,interior
0.0870371632140592,0.10379166307254521,1,interior
0.170114563331267,0.10197649076548707,1,interior
0.1717802955539469,0.10024593126756055,1,interior
0.0751138830738579,0.11616428928511051,1,interior
0.0685483211663904,0.11325467440775171,1,interior
0.07147949194456228,0.11932552449602919,1,interior
0.06891780115750447,0.11661724652489953,1,interior
0.1275017776483974,0.09096046667390438,1,interior
0.12632675503493737,0.09392920197945959,1,interior
0.13049543469114527,0.09099348401604548,1,interior
0.5289718536322844,0.009666468584191165,1,interior
0.8820532317191138,0.05542386240922014,1,interior
0.8829819095972379,0.0583943457038786,1,interior
0.8758325633781676,0.05884898233430765,1,interior
0.6031676354010591,0.03904096968500377,1,interior
0.5422079429314387,0.011427110941498038,1,interior
0.5448105293633052,0.00930329903002208,1,interior
0.933184196605597,0.08283660080639414,1,interior
0.9307515830504867,0.08027115201054473,1,interior
0.9328861874931257,0.08603618450621574,1,interior
0.9340685195477122,0.08019423543056624,1,interior
0.8849397209788752,0.07041555828840909,1,interior
0.5460533901538157,0.00685431315954197,1,interior
0.5423562685110095,0.008193776178584921,1,interior
0.9188315363048135,0.0784206661438705,1,interior
0.9159140004549411,0.08061057923597947,1,interior
0.5119836039674753,0.017920585020516102,1,interior
0.15503900451503652,0.09996776987701257,1,interior
0.15031049839284213,0.09401102512212976,1,interior
0.14093544294116525,0.09699587329994624,1,interior
0.13809554302282784,0.10246663386437027,1,interior
0.08499995698878655,0.09582408150250753,1,interior
0.08285400530234,0.09861364078844966,1,interior
0.08807712589228277,0.10028999958198141,1,interior
0.9558529201681744,0.09367541624861242,1,interior
0.9303072905244815,0.09130346882584041,1,interior
0.9276181890923171,0.09361156214739709,1,interior
0.9335709860400215,0.09233871862501945,1,interior
0.8781248544354274,0.07589061995378717,1,interior
0.5141703070719726,0.01614596040014894,1,interior
0.9158319191398325,0.07618207496567422,1,interior
0.9219211175740717,0.07691555356880393,1,interior
0.9189483249303606,0.07488037696956483,1,interior
0.583739900756272,0.002897245172796629,1,interior
0.6040406329710297,0.019263818427957994,1,interior
0.8775901397325319,0.0523180253948153,1,interior
0.8793981680988662,0.05466681435960733,1,interior
0.91692617873922,0.07240295780244778,1,interior
0.9125872895711615,0.07480129938405024,1,interior
0.9127234499634094,0.07822878801644369,1,interior
0.9145254953946846,0.07273641084602088,1,interior
0.136307900824743,0.08766527527150793,1,interior
0.13716466070896347,0.09096433129452201,1,interior
0.129117031157648,0.0876458012389259,1,interior
0.13288720192238987,0.08625428065957119,1,interior
0.6043434942592393,0.015788198688302668,1,interior
0.6012988833532072,0.016953940582976695,1,interior
0.08122516822163821,0.0928658082123244,1,interior
0.0873105968301188,0.09398573329899836,1,interior
0.07998199254655194,0.09770423472009336,1,interior
0.08804623654559045,0.09689470165444168,1,interior
0.9120299056615276,0.07103644224046972,1,interior
0.9177018620284704,0.06962042260671196,1,interior
0.9101482977294759,0.07340841758708426,1,interior
0.9150552807569072,0.06925190973077334,1,interior
0.1525647404137209,0.09675868825967149,1,interior
0.14462551254932707,0.09663534007925216,1,interior
0.14657527761999756,0.09317102499834438,1,interior
0.1637612191067897,0.08991897296021951,1,interior
0.16638889015871147,0.08663621092529022,1,interior
0.17092280473286056,0.09234108498434873,1,interior
0.16990310468816408,0.08684896769872245,1,interior
0.17113198065983498,0.08914113603627478,1,interior
0.6170712390399143,0.021744338509149096,1,interior
0.9299293240672046,0.07731113984448078,1,interior
0.9249250689649589,0.07682702398593028,1,interior
0.9242020242073611,0.08205214472199172,1,interior
0.9117980814695904,0.0863698056257755,1,interior
0.9124963201429745,0.08113880117125571,1,interior
0.11060980133592757,0.10982408089572476,1,interior
0.18016536690883056,0.09370464644133569,1,interior
0.17723373094535128,0.09076453217026138,1,interior
0.9191678214111925,0.08166739118299457,1,interior
0.528305961963323,0.011906081491473588,1,interior
0.16995316750094694,0.0984364477694703,1,interior
0.1718466240079887,0.09545537081103539,1,interior
0.8501965715481096,0.0469487437398738,1,interior
0.850213164725265,0.05191708544341424,1,interior
0.8551726776175158,0.049636899154714795,1,interior
0.14308505255287826,0.0998996162463696,1,interior
0.07704564302729448,0.09815074439170235,1,interior
0.07826044103619022,0.09464669692583502,1,interior
0.8476935643217983,0.05925911918510963,1,interior
0.9534436252091201,0.09546521872448628,1,interior
0.6148600932890892,0.016447420904801783,1,interior
0.6171854479200903,0.018636331856855835,1,interior
0.6219653222353257,0.022088041666612514,1,interior
0.8534645694196508,0.047612303837669824,1,interior
0.12587605132920437,0.08885035448899956,1,interior
0.8989164903725171,0.09499967921491415,1,interior
0.15795348009857083,0.09342340863279729,1,interior
0.1599267873755451,0.09041626689172011,1,interior
0.15928499748940173,0.09602714030260648,1,interior
0.9096260255612006,0.07644694300964082,1,interior
0.8860726901519154,0.05940478239123568,1,interior
0.888254397078847,0.062192577603694885,1,interior
0.9101391041584954,0.06851271121948536,1,interior
0.9086741759227173,0.07077536814904904,1,interior
0.9121232356755498,0.06542726446328495,1,interior
0.9366001943990102,0.09049368643137828,1,interior
0.9331200214968134,0.08910879344231143,1,interior
0.12205365136972472,0.10363468122794757,1,interior
0.9356032616921593,0.0845792877994577,1,interior
0.5370654513161296,0.013774383383707584,1,interior
0.10235998942316697,0.10798077608033181,1,interior
0.09639503971284975,0.10863217511632871,1,interior
0.8858715633492101,0.05597423695766297,1,interior
0.9065234849862859,0.08804225169047848,1,interior
0.9084002530359304,0.08553365165294928,1,interior
0.8810661171201993,0.0517840318305311,1,interior
0.8757151479519779,0.04967769110423487,1,interior
0.878767746275574,0.049400599334394474,1,interior
0.5912719481005734,0.018937144816525656,1,interior
0.07353491353012313,0.09860128387655681,1,interior
0.07103590687403584,0.09636799239897452,1,interior
0.0685647256930245,0.10320391800898318,1,interior
0.07028749649630525,0.10036047526015655,1,interior
0.0905492899494421,0.10479792801215985,1,interior
0.14560528553178703,0.11951650842106688,1,interior
0.9246393486384529,0.07935594270751546,1,interior
0.5400289526604339,0.009296557397945967,1,interior
0.5344577564760054,0.011222182148161957,1,interior
0.5287217211250139,0.015181411098788865,1,interior
0.1804297763584736,0.0964511723193861,1,interior
0.11204138036397299,0.10656550166125468,1,interior
0.11565299663918212,0.10632763348939522,1,interior
0.9362171081153708,0.08729227761549124,1,interior
0.17507174642583814,0.09606444121948078,1,interior
0.9501102534509448,0.09523380342905215,1,interior
0.5314946223352388,0.01323348627679654,1,interior
0.13932571991322865,0.08516968328032064,1,interior
0.1400126417534339,0.0885871964161825,1,interior
0.13582868697245853,0.08446638285805178,1,interior
0.09922068378706772,0.10698430282844346,1,interior
0.09346527969660805,0.10652584679688769,1,interior
0.09636723214904881,0.10513243978809432,1,interior
0.13752825307105024,0.09675716407287122,1,interior
0.9214732965495155,0.06930659527942883,1,boundary
0.619141302363422,0.020781388398109855,1,interior
0.1262831326618484,0.09986282946650456,1,interior
0.07422347687448157,0.10339983049337857,1,interior
0.587756089503286,0.01468415007352264,1,interior
0.5825745951673567,0.01781880060607289,1,interior
0.06671440890536849,0.10983570655620493,1,interior
0.06501015012002853,0.10691466041148534,1,interior
0.0658451440859372,0.1038390606738571,1,interior
0.9271511855261647,0.09050790450927755,1,interior
0.1743060230039465,0.09298697735091914,1,interior
0.17314617128723842,0.09830516846290861,1,interior
0.14124234523142415,0.10211538669925128,1,interior
0.10170776846871099,0.10471051368882152,1,interior
0.10492311414281519,0.10552713705468257,1,interior
0.5908298791399365,0.015997798333335665,1,interior
0.5943575986954279,0.016386866103255716,1,interior
0.5371432851521095,0.00998313020795435,1,interior
0.5358742357793387,0.00768589479910402,1,boundary
0.9476755376221379,0.09350695195114701,1,interior
0.1194745158316186,0.10173790476779128,1,interior
0.5884030108442831,0.010972616165961922,1,interior
0.588529602626413,0.0074892252879210685,1,interior
0.5861643301575842,0.005343469816506619,1,interior
0.9492172573242872,0.09024485956660866,1,interior
0.9461584506776332,0.09033992455622634,1,interior
0.17219419298712993,0.07465476201425873,1,interior
0.9516591246154817,0.09007679285317942,1,interior
0.5984267319786403,0.01469593624227378,1,interior
0.8932862444858652,0.0670576577343616,1,interior
0.8906208435157487,0.07232586531223686,1,interior
0.8868807308274124,0.06816125146262836,1,interior
0.07467012826018417,0.09529823543256633,1,interior
0.9364209357354071,0.08212241737244601,1,interior
0.9387560726689765,0.08480273307519694,1,interior
0.48301946989822775,0.03815036470616338,1,interior
0.07240942930918054,0.0930839927756689,1,interior
0.06945948313344458,0.09278514297823401,1,interior
0.06822027515967219,0.09581576159361892,1,interior
0.0670492191750645,0.09436703651195869,1,interior
0.06879544655503368,0.08859427749495766,1,boundary
0.17437949042111117,0.08712673865382409,1,interior
0.17376327813613127,0.09023066597081172,1,interior
0.1798271890698648,0.07245190473214282,1,boundary
0.14208796773183538,0.08249079501852806,1,interior
0.14341223556298058,0.08653283684484706,1,interior
0.13770741551989468,0.08159568366250457,1,interior
0.12271651665537496,0.10067165673923546,1,interior
0.06306642544539541,0.12512392450419818,1,interior
0.06473734234091155,0.12300976072677691,1,interior
0.06482662516471872,0.12847047209225185,1,interior
0.12434999695876951,0.09160782080824759,1,interior
0.06631434246455713,0.11826200982014966,1,interior
0.8835640337814595,0.05313183548178424,1,interior
0.926899643093657,0.07537676514409046,1,interior
0.9275187583193993,0.07854695244491737,1,interior
0.1349741695690343,0.0794054570651439,1,interior
0.14037726975697837,0.07945529989054986,1,interior
0.13328304367184438,0.0822766602725135,1,interior
0.13769928272736356,0.07755094982505828,1,interior
0.13424636397668974,0.12472849684898775,1,interior
0.1431775515054756,0.07872587220817041,1,interior
0.14598257320303634,0.08381936779608634,1,interior
0.14507520614655123,0.08091646459735732,1,interior
0.12285439360886159,0.09765150519960898,1,interior
0.06674823761290778,0.10057786572116961,1,interior
0.06497003772753455,0.09695841083643433,1,interior
0.06820073442279088,0.09819767137726376,1,interior
0.9070383435543479,0.0643234629140975,1,interior
0.9390264735656092,0.08183853619050263,1,interior
0.9422104805055422,0.08603398200380742,1,interior
0.9434840985692572,0.08335583248834508,1,interior
0.9256281096348883,0.07313329695728897,1,interior
0.9480140348887396,0.08763304558527969,1,interior
0.12459767079116037,0.08618991025300213,1,interior
0.1273602646883036,0.0842956295246279,1,interior
0.13042706250216204,0.08442367404015018,1,interior
0.14888168320193246,0.09052461359032703,1,interior
0.14357955468256584,0.09321429467702205,1,interior
0.1434249355966962,0.09027602477509394,1,interior
0.07862720108442055,0.09154167894483226,1,interior
0.07535612639640232,0.09145354706866751,1,interior
0.1949131392687783,0.09020036013597385,1,interior
0.0908611250066475,0.10151734839571669,1,interior
0.09376039744944355,0.1030286237271798,1,interior
0.7052965958201785,0.048195171178129145,1,interior
0.6001374781739197,0.01105081339277346,1,interior
0.5972535265803608,0.011757107254476555,1,interior
0.5951096508684958,0.013619883213431752,1,interior
0.6021493306121565,0.013396417787647894,1,interior
0.17292374686748443,0.07854419694001137,1,interior
0.17119198988222392,0.07617358239442866,1,interior
0.17484932908932174,0.07592137675319162,1,interior
0.16786224833383134,0.0759929235475395,1,interior
0.16948928373680525,0.07841779417556473,1,interior
0.16767582502211084,0.08088332623862181,1,interior
0.16836380537044826,0.08374414674921093,1,interior
0.16372128843490757,0.08600859715749185,1,interior
0.16472306805255493,0.08238513765182275,1,interior
0.17201616842652265,0.08401665758898315,1,interior
0.9361496495708772,0.08027466295042722,1,interior
0.9414386559265355,0.08293104255613223,1,interior
0.9449513654276644,0.08487702776670404,1,interior
0.1561295847059124,0.09652953977962965,1,interior
0.11971805575390798,0.09858542802539394,1,interior
0.11623189208428059,0.10275834860485329,1,interior
0.1170850407609015,0.10001036380481021,1,interior
0.9075284192795614,0.06762362254632855,1,interior
0.9097805726098093,0.06566549393423882,1,interior
0.9054607075575241,0.07039511094371602,1,interior
0.11312200252243709,0.10323568155907292,1,interior
0.11411438010122886,0.0999524572333859,1,interior
0.614676418692301,0.01953295890859164,1,interior
0.5711939439644512,0.006349455125626066,1,interior
0.14167044886257896,0.09464755569893007,1,interior
0.16462306274581648,0.07607708241374728,1,interior
0.1661337357269412,0.07871204825693813,1,interior
0.9453435026510096,0.08726913375690165,1,interior
0.1126959696331085,0.11222220466699591,1,interior
0.10831045783829583,0.10672397664952596,1,interior
0.10546896994006513,0.10840138903186687,1,interior
0.5944259264206804,0.010647674260855597,1,interior
0.5314923582952058,0.010440406903892495,1,interior
0.09433705459742879,0.09912947345772738,1,interior
0.09705146541609788,0.10159862403828362,1,interior
0.07602931296197654,0.10111640973581004,1,interior
0.16090977693704592,0.08072844287392918,1,interior
0.16103433350083188,0.08725805089932313,1,interior
0.06711800625384189,0.1216931683476219,1,interior
0.05570482471109971,0.09846684321061809,1,interior
0.06491814063796571,0.11509807908100862,1,interior
0.17714130528585997,0.09403044636481032,1,interior
0.09040406880946826,0.11057165443952528,1,interior
0.6037408318934788,0.00979479666832032,1,interior
0.605470535432361,0.012633576290549266,1,interior
0.09334687130183189,0.09523779984375702,1,interior
0.09097411133696742,0.09794709043551299,1,interior
0.09617526353573627,0.09600250813327325,1,interior
0.09839373359607285,0.09835152302636381,1,interior
0.9124750281330187,0.06763271061076093,1,interior
0.15424086619116792,0.09344719429148014,1,interior
0.1476118494754775,0.08691933263514394,1,interior
0.09999746443233481,0.12368311587419542,1,interior
0.18292238773786984,0.09626251275505555,1,interior
0.953442828692279,0.0920367769597687,1,interior
0.9510066943107307,0.09265983446101374,1,interior
0.05958935295055368,0.12363221777471185,1,interior
0.6007332564800288,0.00768250465812807,1,interior
0.17362856781710942,0.08119663761867255,1,interior
0.13869228860311317,0.0941501236112377,1,interior
0.08491686272329159,0.09200637813950596,1,interior
0.08134022884058582,0.09023220618540899,1,interior
0.08210258853863503,0.09525463275028312,1,interior
0.12184596954853927,0.08347787065139527,1,interior
0.12650329369938235,0.0814458539448496,1,interior
0.12953998613778975,0.08158472022002791,1,interior
0.12453392531280301,0.08310798813559106,1,interior
0.1426041025489828,0.10643499243808427,1,interior
0.17058195064312265,0.0810486789966764,1,interior
0.6122363290616221,0.017476755739575106,1,interior
0.15777188506168827,0.08755858905324876,1,interior
0.07139236221832834,0.08986577123910477,1,interior
0.0433674976226178,0.11723819769480648,1,interior
0.8922787893397945,0.06082265498409221,1,interior
0.8916246822399236,0.06384170903355027,1,interior
0.08489619021672862,0.11619654862083399,1,interior
0.8950446097357833,0.06352236751925679,1,interior
0.1690471069782128,0.11005967876883355,1,interior
0.06170560595313047,0.12129126762601293,1,interior
0.12313234838435201,0.09460821053963019,1,interior
0.05623619208885613,0.1231979309207074,1,interior
0.055505170511275265,0.12028661527035645,1,interior
0.05295646421223919,0.11940830024249156,1,interior
0.9001811141137122,0.06917338845507104,1,interior
0.8985290757401544,0.06354044331544877,1,interior
0.14798566270713948,0.0810585557006195,1,interior
0.14996875015326694,0.08384486815828407,1,interior
0.15926914514816223,0.07760680523293008,1,interior
0.15706083711078714,0.08050651610134715,1,interior
0.15885860553955072,0.08265631895701897,1,interior
0.16288723845207156,0.07875102188861262,1,interior
0.8926886704645326,0.05777287068521144,1,interior
0.8964112798238593,0.05945804585075688,1,interior
0.8892089745040862,0.058543768543716006,1,interior
0.8952675693865185,0.05644351276775102,1,interior
0.06038471643597871,0.11508789692222073,1,interior
0.062002559592442545,0.11230216850872964,1,interior
0.06278100943858544,0.11779798034310805,1,interior
0.0645399130774568,0.12021725039590929,1,interior
0.05924263479314044,0.11859374667142118,1,interior
0.05143391904330463,0.11709389251303357,1,interior
0.05698805403423066,0.11688468883564664,1,interior
0.054318239224603326,0.11769333884708617,1,interior
0.1540547167115304,0.07883468470634197,1,interior
0.15352013456658517,0.08205942429996928,1,interior
0.15634225680173866,0.07734513527402133,1,interior
0.15900077160219334,0.08513497923472395,1,interior
0.15609884841186622,0.08427689901067052,1,interior
0.5798456757666424,0.01885841877746241,1,interior
0.17824725516861564,0.08823871317344052,1,interior
0.09903295841836302,0.10380638058250198,1,interior
0.11944359663764521,0.0800002747277319,1,interior
0.12086345742217486,0.08752156233446116,1,interior
0.12378893882959492,0.07999384447126569,1,interior
0.11830230322991397,0.08748598971145671,1,interior
0.11693284883700032,0.0827381439587452,1,interior
0.11914168418747571,0.08431642964574344,1,interior
0.07799404100740794,0.0886253631961275,1,interior
0.10094425042147732,0.10099506613296594,1,interior
0.1045598470967045,0.09981006742583405,1,interior
0.10387265026781949,0.10269605931670486,1,interior
0.04650834748858764,0.11776524185442992,1,interior
0.11062002298579544,0.10023301100161093,1,interior
0.11012788417449729,0.10379092136221124,1,interior
0.10719649795819641,0.10264362052038935,1,interior
0.10614234000301803,0.09666019598763827,1,interior
0.1022237815945305,0.09705196998161306,1,interior
0.11622950119130983,0.07701607861328379,1,interior
0.11529820852530871,0.08059198369873997,1,interior
0.12012706242002955,0.07526750817064927,1,interior
0.15468779973121438,0.08752991299399021,1,interior
0.16157780296663304,0.08387881571615186,1,interior
0.09246212748800281,0.09178280509089672,1,interior
0.09600405256974241,0.0923994643872357,1,interior
0.09027092394872138,0.0944892438168441,1,interior
0.5890127344367567,0.00428602175340717,1,interior
0.5913881369356826,0.009331139542627985,1,interior
0.5915004192219281,0.006038022187527327,1,interior
0.5916320751924199,0.013070107494477751,1,interior
0.9048899210376175,0.06648533054227117,1,interior
0.11597274237896674,0.08857951764670136,1,interior
0.1230927140208683,0.0890405537025443,1,interior
0.6068920187380247,0.017710593674878903,1,interior
0.9020811741238122,0.061004532392016884,1,interior
0.14863641460701096,0.07858603829936633,1,interior
0.14613137244432112,0.07810819949215085,1,interior
0.14363676199402145,0.07531985604553983,1,interior
0.1615390409400553,0.07598527024597358,1,interior
0.05848398693435682,0.11151440806979361,1,interior
0.059983925169313675,0.10895059332133854,1,interior
0.0652203405999681,0.11222113249420858,1,interior
0.05586763700067404,0.1081072708654912,1,interior
0.06344967702778644,0.10964260149486323,1,interior
0.05931108244463083,0.10511021530572587,1,interior
0.062028080701474496,0.10699379303765447,1,interior
0.5026321991504051,0.043256233656560616,1,interior
0.9224200481852707,0.07205951075562064,1,interior
0.9212912339040707,0.07393432435179825,1,interior
0.9073769761849056,0.07373885392929669,1,interior
0.9027605936564154,0.0684026877985982,1,interior
0.14062626033009215,0.09179821177440249,1,interior
0.11287502343979026,0.0967938247707454,1,interior
0.1095680060534709,0.0964583247284085,1,interior
0.10214443813571583,0.0932861513243378,1,interior
0.09910527663447803,0.09476401694627433,1,interior
0.9019658445219346,0.06519896916456967,1,interior
0.8995271344543033,0.060303632506679285,1,interior
0.04825286906448816,0.09799959776042484,1,interior
0.6096016008382883,0.01598809845458465,1,interior
0.13523138544744664,0.10096845831511647,1,interior
0.0613040378522864,0.09815433128374547,1,interior
0.0637706540024827,0.10086863477373541,1,interior
0.06282394094713163,0.1042643465331114,1,interior
0.0609162136478321,0.10186605681244007,1,interior
0.058324605740763744,0.10070651258964405,1,interior
0.07186009811958262,0.08670572524156654,1,interior
0.052705761401148306,0.09814431090269023,1,interior
0.04674150555785794,0.10224381393548125,1,interior
0.049607504356660795,0.10017105107437743,1,interior
0.1316169786363151,0.07540795926322579,1,interior
0.13152444535734503,0.07876988444707912,1,interior
0.13425161720882575,0.07629014576869596,1,interior
0.08817201643519268,0.08962307844219335,1,interior
0.11409046896602598,0.0840136159071135,1,interior
0.11223546317206635,0.07901825357515482,1,interior
0.11239151828907763,0.08215654348695729,1,interior
0.9239247820762272,0.07423989260746514,1,interior
0.15108840556786562,0.07981916341447585,1,interior
0.5647722418301863,0.009220812733595563,1,interior
0.5975081393641011,0.008638491273071003,1,interior
0.12598872304257783,0.07641838927784969,1,interior
0.12763914332966345,0.07902777211806353,1,interior
0.08577909003058434,0.0987428659230858,1,interior
0.15289067030629003,0.0851199787587516,1,interior
0.14092584399466862,0.06952673323307143,1,interior
0.13876996893134627,0.07448791757333978,1,interior
0.14090735824854353,0.07246491000392433,1,interior
0.140975214152491,0.07624948512353436,1,interior
0.6070000066652324,0.014916913631218576,1,interior
0.11942279510092779,0.09496019385379147,1,interior
0.09114942778228348,0.08908295555113005,1,interior
0.0889926575873667,0.09164013909996593,1,interior
0.122435199510829,0.07752155549272348,1,interior
0.12352160649717696,0.07479481584267285,1,interior
0.11984087011979787,0.07124572761869055,1,interior
0.12290537304980532,0.07211822600639332,1,interior
0.11749346829079291,0.07347202340467282,1,interior
0.056594575500366104,0.10429670758412826,1,interior
0.05269633349689211,0.11056511869060792,1,interior
0.05505197782206258,0.11191435313330005,1,interior
0.053079716564333426,0.10491251613296522,1,interior
0.12621664997949664,0.0728677274085145,1,interior
0.12241964153974487,0.06891536304137562,1,interior
0.12574304427686472,0.06974423811437973,1,interior
0.04976167950210401,0.10337742648653453,1,interior
0.0526854640954289,0.10117269073583966,1,interior
0.04622345219851571,0.09968557232673063,1,interior
0.5480085700920475,0.00905806833219615,1,interior
0.15166450085718097,0.09137238943658368,1,interior
0.15372890461259964,0.09016970123255956,1,interior
0.15115618571923492,0.08789175899145633,1,interior
0.046745001032947334,0.10564838769252163,1,interior
0.05138665499957082,0.1084038308154724,1,interior
0.04964912589042921,0.10636621522275877,1,interior
0.12910871531064827,0.07665329645040511,1,interior
0.1291588803306292,0.07378483844123371,1,interior
0.11550686302564935,0.09397235289264795,1,interior
0.11802133248188842,0.09092910520241507,1,interior
0.11050706630086923,0.08961427878037427,1,interior
0.11340183236824995,0.0873775789447425,1,interior
0.0996747735695035,0.09124312402420724,1,interior
0.09750653853672155,0.0894440928902233,1,interior
0.11174720056530879,0.09336551761250599,1,interior
0.1080374719726505,0.09312639686536517,1,interior
0.1047889032133095,0.09456638460521646,1,interior
0.887531777108677,0.053707990414731024,1,interior
0.8899127013331346,0.055344335203353474,1,interior
0.6074575021976513,0.010418552133085393,1,interior
0.6088842519866954,0.013054828193996795,1,interior
0.8930141860257979,0.05476198355007749,1,interior
0.8853838632087179,0.05270883735959155,1,interior
0.13304025804947098,0.07230909002723303,1,interior
0.1360725826515082,0.07449227188102386,1,interior
0.04447559106707603,0.103667282799208,1,interior
0.09201886537007165,0.08620251018720802,1,interior
0.0959464163579075,0.08230434328523428,1,interior
0.09478309021460156,0.0849639979990807,1,interior
0.09411401771558608,0.07999746159025999,1,interior
0.9199500855368091,0.07136742855435985,1,interior
0.5941679002435107,0.00765387961636397,1,interior
0.5963727312681432,0.006393720361907791,1,interior
0.09440795340680055,0.08863543116299377,1,interior
0.05182986549864063,0.113692650154881,1,interior
0.12108648260460952,0.09151614653256986,1,interior
0.049531415481439085,0.1117219716679785,1,interior
0.05432719227178176,0.11509135879023508,1,interior
0.6093468284175612,0.008920335587807568,1,interior
0.6123701380402516,0.014262116746717696,1,interior
0.6109030138678399,0.011287196718836235,1,interior
0.13522824625325394,0.06896096749178478,1,interior
0.13172507173560874,0.06837598814895528,1,interior
0.13709964169914068,0.07183315894373124,1,interior
0.10766055203251272,0.09925270608201342,1,interior
0.13400429187823193,0.06597746466963546,1,interior
0.04569227148081759,0.11558510301969889,1,interior
0.04337130335390648,0.11418020536760497,1,interior
0.04872567809632521,0.11555264780671935,1,interior
0.10668078706280669,0.0896663837424916,1,interior
0.10042042158650046,0.08749077873918772,1,interior
0.9040146838169391,0.06314291809706848,1,interior
0.1397428547625283,0.09950649272463542,1,interior
0.09410055348674685,0.07718236814039228,1,interior
0.5392511250569079,0.011820142413532618,1,interior
0.04422605466720514,0.10838635312708389,1,interior
0.047407111783795086,0.10929030750221085,1,interior
0.07465375467420729,0.08764575630541341,1,interior
0.8959268413372633,0.09643986979880774,1,interior
0.05717341864758298,0.1140194589932669,1,interior
0.13122451805297444,0.06491167226683532,1,interior
0.13710701929192332,0.06554609521736485,1,interior
0.13396673840885093,0.06252923113012589,1,interior
0.12849389236278105,0.06392169939160212,1,interior
0.1305167766216221,0.061703511597459626,1,interior
0.13185471886334302,0.05869807452436926,1,interior
0.1284623014647618,0.05934522171827217,1,interior
0.055268549761169516,0.10186206175939794,1,interior
0.04419090402412778,0.1112322842796899,1,interior
0.15651718721254657,0.09049844140701795,1,interior
0.04648989821880319,0.11291539615528508,1,interior
0.950837199554407,0.09763210315615962,1,interior
0.10446939011236771,0.08653821855509322,1,interior
0.10300651253437802,0.0898300444743098,1,interior
0.1074516864869801,0.08428208745155956,1,interior
0.11414343086572175,0.09079279402080404,1,interior
0.11083055540421201,0.08530062238538597,1,interior
0.13849155061021917,0.06918474026502743,1,interior
0.11651745025411171,0.06997081080291291,1,interior
0.11307796940567809,0.07066232119472117,1,interior
0.11307940821747861,0.07595114937129535,1,interior
0.11461747418404239,0.07340039643421911,1,interior
0.145955772287195,0.08944448492046067,1,interior
0.11864033682038269,0.10750033872714393,1,interior
0.06992389101165812,0.06870037848124523,1,interior
0.07239067322793526,0.06761198640966275,1,interior
0.07545396259454067,0.06689535657706344,1,interior
0.11930699307221682,0.06761686085013346,1,interior
0.11631031281138916,0.06594043382531152,1,interior
0.11414786105367969,0.06780100212991533,1,interior
0.1311687662432332,0.05556755470162424,1,interior
0.1277523411489094,0.05682596284780445,1,interior
0.1348220914434746,0.05633466518069691,1,interior
0.13347551297803598,0.0533519150372176,1,interior
0.6068045779066148,0.007620231793976925,1,interior
0.14015090753990245,0.0630269168139865,1,interior
0.1369998743240755,0.062307582323403984,1,interior
0.8958631780875157,0.07280143404681481,1,interior
0.603427443073989,0.006382667023972205,1,interior
0.061913376891861764,0.12836889071863225,1,interior
0.9486050274842822,0.10393832012871261,1,interior
0.12814102315599502,0.06690649940062307,1,interior
0.12211708498312453,0.06556783122293229,1,interior
0.1252867678454634,0.06378835201741535,1,interior
0.6059267315032517,0.005434550470142786,1,interior
0.12202517896555881,0.062327217531627975,1,interior
0.11900786231814059,0.06417617679356485,1,interior
0.12914783946410582,0.07056517328609462,1,interior
0.8674930497233422,0.05318849546984936,1,interior
0.11085701605037904,0.07338219937881839,1,interior
0.07889963416919532,0.06819839912517774,1,interior
0.07279866772821514,0.06413388651263874,1,interior
0.0782446352711635,0.0647441433479533,1,interior
0.07549565203786543,0.06326498944210604,1,interior
0.07000049589231112,0.061926356192171454,1,interior
0.0698494108422206,0.0655607174514839,1,interior
0.07349333183466127,0.05992898185412113,1,interior
0.1404663782458517,0.06661616592359301,1,interior
0.13849109005021867,0.06013503779419044,1,interior
0.044086130215794474,0.10588839150170826,1,interior
0.12486688689636631,0.06691305470249301,1,interior
0.1162392222250232,0.08569883322850559,1,interior
0.07776662222820233,0.06091845269820774,1,interior
0.07202586842095025,0.056130577076482314,1,interior
0.07459995940676098,0.05633415657239634,1,interior
0.5739555653765682,0.038559750195872836,1,interior
0.576029238569821,0.03241600256440023,1,interior
0.09825550291614739,0.08455637027990354,1,interior
0.0989554200930498,0.0816930394265629,1,interior
0.10719710037066679,0.07142476947320751,1,interior
0.11008495476132636,0.07047329116244183,1,interior
0.10784606468073993,0.07497662503795635,1,interior
0.1082542752846749,0.0786117690915942,1,interior
0.12964921167188473,0.05241387454909306,1,interior
0.1286265308754409,0.05459807735174704,1,interior
0.05840223242806022,0.12121130580252959,1,interior
0.08859910147434524,0.07251222053297206,1,interior
0.09087866800597917,0.07534974750685108,1,interior
0.10972100385241916,0.08175110876835896,1,interior
0.097096500137571,0.07720825085755016,1,interior
0.08970986750333723,0.08733614315989918,1,interior
0.11281454725308304,0.061483644059853515,1,interior
0.11585291765560365,0.0620954624953959,1,interior
0.11136068735329406,0.06787704943203025,1,interior
0.10819917996074839,0.06805883440832776,1,interior
0.0856144373939356,0.07054624306376948,1,interior
0.12732335996819186,0.06159101894495468,1,interior
0.12093244686229265,0.05941359933125581,1,interior
0.12474672913800225,0.05947633834988135,1,interior
0.11639329412901102,0.0972011537715779,1,interior
0.09329871337957375,0.10968332286187234,1,interior
0.08224678752702784,0.069410509996067,1,interior
0.5855456429358659,0.01799123714520947,1,interior
0.0813291042169204,0.06621501020042528,1,interior
0.08353008891734856,0.0643770765563979,1,interior
0.06041921776354792,0.06479421652611553,1,interior
0.058966584293800875,0.06343855475182998,1,interior
0.5743968920675863,0.029306489570120022,1,interior
0.08649800034274065,0.06470985014150808,1,interior
0.08468664990428032,0.06736021720904185,1,interior
0.08426333145291924,0.061231454749524745,1,interior
0.08785934147335668,0.06185780094185517,1,interior
0.08100759383548053,0.0599759746390698,1,interior
0.09648727617870138,0.07475919706036953,1,interior
0.09391699303500425,0.0742622913977808,1,interior
0.10357796341907521,0.07042885843123321,1,interior
0.10172026770560315,0.07324701366830155,1,interior
0.11881026865726564,0.10467356623703668,1,interior
0.14080549391325933,0.05962749331224123,1,interior
0.10556280299236395,0.07676607685919204,1,interior
0.10470850661819103,0.07382436705120653,1,interior
0.11037954314261342,0.07652076593645116,1,interior
0.13901643543938133,0.05696617018003747,1,interior
0.08656887318787201,0.07454751866020683,1,interior
0.06371922262108021,0.0617322328884618,1,interior
0.06105341442573161,0.0586842672587072,1,interior
0.13567951464134304,0.05931600950393865,1,interior
0.10192612590368351,0.08064405505890763,1,interior
0.09714727382967116,0.08695031404299323,1,interior
0.10478330310721638,0.07952299740852842,1,interior
0.1024722212990549,0.0768908572300779,1,interior
0.10691288448676792,0.08138076773362109,1,interior
0.07657001593475898,0.058061818237411175,1,interior
0.0794897253876065,0.05743669517743127,1,interior
0.08294057293784361,0.05752385232219423,1,interior
0.05592978376704657,0.056453065069289786,1,interior
0.0607384890597963,0.06201230893136315,1,interior
0.09948766717779774,0.07562066962764898,1,interior
0.09633633074034144,0.07150719253723224,1,interior
0.0899217299311418,0.06487640549430769,1,interior
0.08839355482281616,0.06828620654503657,1,interior
0.11749032565998098,0.058728221289831434,1,interior
0.11420995110722656,0.05814068494009043,1,interior
0.09118811255255845,0.07008523496458198,1,interior
0.9011461622525564,0.06276966318676214,1,interior
0.10017408025543573,0.07013533878791844,1,interior
0.09883511399136777,0.07286856555082498,1,interior
0.14036362930913215,0.05413591921718902,1,interior
0.12224311408408331,0.05705392300722635,1,interior
0.11954173583963339,0.056819638703423256,1,interior
0.1097247260749385,0.06279992056060221,1,interior
0.11060531621839031,0.05954299027570606,1,interior
0.09225466419251717,0.06719422026497555,1,interior
0.13928829372792892,0.05130322694484833,1,interior
0.13708740210436446,0.05378337558193658,1,interior
0.1658497677312748,0.11716992097381226,1,interior
0.1403285393409083,0.046981098556455374,1,interior
0.13562360717834948,0.05050037511197138,1,interior
0.08676508149379861,0.058069859100100985,1,interior
0.08085149500339477,0.05401148188261075,1,interior
0.08475017761143222,0.05482800750189034,1,interior
0.09345613283869586,0.06398736130720768,1,interior
0.09590122487054153,0.06608972461157205,1,interior
0.11391359392241407,0.05454233077668012,1,interior
0.11084191792575328,0.05580252714834627,1,interior
0.07727088578324989,0.054931223332566365,1,interior
0.08317483209994975,0.05144781551372143,1,interior
0.07983931354841084,0.050154044247043894,1,interior
0.07747692790681644,0.05206335200405805,1,interior
0.06757407822649726,0.06776335944936711,1,interior
0.10811843085218395,0.08715126813135844,1,interior
0.10680640427090074,0.06099531986518134,1,interior
0.10631558400273125,0.06486730317863974,1,interior
0.11289849539524696,0.06473366729829591,1,interior
0.10829985268198528,0.05809017244280521,1,interior
0.10227861022446035,0.06673560649142488,1,interior
0.09251522648397315,0.07231993771057084,1,interior
0.09458975937613213,0.0693453322662161,1,interior
0.10961952380919808,0.06556709052265512,1,interior
0.10331180220900461,0.06306566353501133,1,interior
0.12417030627155834,0.05539383690576962,1,interior
0.1262487611132469,0.0505892853246015,1,interior
0.12621992961493514,0.0534817700919352,1,interior
0.06757674944877254,0.09123149027145899,1,boundary
0.06256040856288742,0.06566882962719765,1,interior
0.0669983639497,0.06057971065025671,1,interior
0.06441751134670337,0.05843668708428468,1,interior
0.06956170433884616,0.057804932811615466,1,interior
0.06650964136237085,0.0643046899762476,1,interior
0.11894687868119554,0.06136577020683851,1,interior
0.11706216739554787,0.054946912990823014,1,interior
0.0564630003592047,0.054314015337085915,1,interior
0.059969959645200625,0.05479074436059165,1,interior
0.5866215565734673,0.002351103099648442,1,interior
0.13225222050005955,0.050962536149187665,1,interior
0.1352289115885494,0.04666439577674273,1,interior
0.12072676600134737,0.05423940488161144,1,interior
0.10441961506246665,0.08289932527560027,1,interior
0.12270346221893298,0.051640752179024765,1,interior
0.0923764101493197,0.05907727081464955,1,interior
0.09143250177216845,0.0619359067935912,1,interior
0.09647754287963337,0.06297898736947166,1,interior
0.1049911217169682,0.09197014259089918,1,interior
0.09826327105381744,0.06794182546658036,1,interior
0.11870061770384881,0.051464181398933474,1,interior
0.11514580115607183,0.05149176086739,1,interior
0.07537006567674508,0.0491986953387511,1,interior
0.07915480328813011,0.04721749714431437,1,interior
0.07380525418037875,0.05295638967024576,1,interior
0.08086267225117277,0.06286544373134048,1,interior
0.12016497023928341,0.04853079869759234,1,interior
0.11828544733552825,0.045752102179125655,1,interior
0.11649834963980053,0.04849529855285616,1,interior
0.054551337745505794,0.051586885545358084,1,interior
0.05770599925686184,0.05231898117767088,1,interior
0.08846765772244879,0.05015974629340953,1,interior
0.08540596881543275,0.049500054305737375,1,interior
0.08285175456278619,0.047581925613376166,1,interior
0.06288875411350406,0.05607548366067511,1,interior
0.10515160765224278,0.057630128790041445,1,interior
0.10740266920522865,0.05555996291991412,1,interior
0.09944967929419248,0.0640858696328631,1,interior
0.1010091722031656,0.06090700443864128,1,interior
0.09491245101450416,0.060218912879632214,1,interior
0.09837210716092887,0.06023626105957649,1,interior
0.07407154991704622,0.04620063285859989,1,interior
0.07094100980498579,0.050037729646182194,1,interior
0.07663900658946357,0.04614787253455831,1,interior
0.07144934955521116,0.047113409093227344,1,interior
0.09174711534104672,0.054517486885017306,1,interior
0.08959919958827581,0.059663679085532585,1,interior
0.09428051237335229,0.056214984581915865,1,interior
0.09047779905892823,0.05698928704316245,1,interior
0.09761779922229596,0.056772664393492454,1,interior
0.12953788662660873,0.049065806154943215,1,interior
0.1264635940244651,0.04784159235220199,1,interior
0.1283430141358031,0.045755559619260144,1,interior
0.12351707064432242,0.04826115871386908,1,interior
0.10540616858762439,0.068146732229683,1,interior
0.10147152336444305,0.08410393995064132,1,interior
0.13798570303549376,0.04830045650516751,1,interior
0.13852377066477056,0.04192873406330977,1,interior
0.1385425934272396,0.044999375058470355,1,interior
0.050011666411916456,0.04768444165176421,1,interior
0.052673676781289966,0.04899361949191507,1,interior
0.05113003029280472,0.045623925735747695,1,interior
0.0753321206824855,0.04349230612973487,1,interior
0.0768795401046551,0.04063079624421173,1,interior
0.08143093061071985,0.044745824898851504,1,interior
0.07220663261950956,0.04401976975618052,1,interior
0.08646976147527534,0.04675425656756321,1,interior
0.08469724357964441,0.04361761876682894,1,interior
0.05080896326038712,0.04239526145791244,1,interior
0.04783651062508928,0.043884064128504145,1,interior
0.05412398270889163,0.04357162928265585,1,interior
0.05506923794782945,0.04667621143669778,1,interior
0.09951063250774643,0.07868809675326081,1,interior
0.9168284656902983,0.09966170492125047,1,interior
0.0648060176166458,0.06761163393285417,1,interior
0.05068320595082817,0.09735856448412883,1,interior
0.13329737876735576,0.04427689088979668,1,interior
0.1359097811316147,0.04310578476944211,1,interior
0.13292542367749186,0.04870579290692281,1,interior
0.0894011004953679,0.04717757110752739,1,interior
0.0862217013466606,0.052250461842049546,1,interior
0.06624685034818335,0.0553948705254534,1,interior
0.06951046278098408,0.053494501035925845,1,interior
0.11167377878365568,0.05198915501281417,1,interior
0.10825057056020676,0.05285640423409044,1,interior
0.12500113621262884,0.04510595322680435,1,interior
0.12174766619781112,0.045395205551535506,1,interior
0.6039430569829002,0.06629945806523306,1,interior
0.06792150848320988,0.047125749111273346,1,interior
0.06892136956952294,0.04432715102184232,1,interior
0.06724552272863084,0.050036423735350916,1,interior
0.10432434125976646,0.054152666254770186,1,interior
0.10134906034619355,0.057367394887238195,1,interior
0.1036052767331995,0.05994640551616023,1,interior
0.09221467689898669,0.04902136933849649,1,interior
0.08845099532766229,0.05430226346218324,1,interior
0.08753677636730199,0.04061868682117486,1,interior
0.08890593850110311,0.043862716864134337,1,interior
0.08417826840718702,0.04014393293095484,1,interior
0.08092358294819847,0.04158398583825035,1,interior
0.06377554980022977,0.05038597372949221,1,interior
0.06310355435198296,0.053301031593517754,1,interior
0.05803797400525374,0.05720371323807321,1,interior
0.10034648626935894,0.053694443560409026,1,interior
0.09706426942794093,0.05294690246127833,1,interior
0.057797031481230214,0.04465791089366914,1,interior
0.05866360039464056,0.04766332528980349,1,interior
0.056550879856318535,0.04960155478917986,1,interior
0.05681722276586343,0.04208228301500789,1,interior
0.12330052731689181,0.04175767547564324,1,interior
0.1271996905791126,0.042478650196492655,1,interior
0.11687234301805932,0.04290978260264331,1,interior
0.12002388068588823,0.043114499929499374,1,interior
0.09392184270970116,0.05231754511406237,1,interior
0.09987822135410872,0.04951235185475248,1,interior
0.1026624712232654,0.051323657327846904,1,interior
0.10580601762227178,0.05056610252640653,1,interior
0.10907805684238375,0.04937257069320385,1,interior
0.11260765905130325,0.048272142888215915,1,interior
0.10926280238334307,0.04593009693311654,1,interior
0.10613697658535858,0.047035017761867824,1,interior
0.13048823055999173,0.04341139409254163,1,interior
0.12243581178404776,0.038080468139352466,1,interior
0.12651208198758182,0.039084286672400874,1,interior
0.1193157336806048,0.040187040742409405,1,interior
0.08341704024653221,0.037153970638300914,1,interior
0.07850247339363318,0.043816105395385545,1,interior
0.06020661730837447,0.051019119778200374,1,interior
0.130040452213295,0.04029143113312997,1,interior
0.09606293343036769,0.04937776991181708,1,interior
0.09043591357648013,0.0409000489172351,1,interior
0.09170092693187401,0.04573649930747104,1,interior
0.13884210326902707,0.03746819577838906,1,boundary
0.13637192655066305,0.03937090128852468,1,interior
0.09083503439785662,0.05196647721317162,1,interior
0.1332205303368417,0.04131508069710459,1,interior
0.08765888328330697,0.03542261595673281,1,interior
0.0905599656066675,0.03738308565142338,1,interior
0.06160098051468497,0.04840748797071739,1,interior
0.115905942642669,0.04041737427091861,1,interior
0.11485130257311327,0.04541669271395329,1,interior
0.1132674504159907,0.04210656847058728,1,interior
0.06070499870853919,0.04229322021564986,1,interior
0.06139962872412027,0.04550421334764198,1,interior
0.04107128181868661,0.04130857636655257,1,interior
0.05383046846743457,0.039680177649256965,1,interior
0.14033466744472858,0.04919975027671861,1,interior
0.0222738490193988,0.031715708398522564,1,interior
0.06452247895162523,0.04739890626358134,1,interior
0.06498026628323093,0.043965974683590946,1,interior
0.12529232420873734,0.03599877193641162,1,interior
0.1277468862266513,0.036436892581608614,1,interior
0.12983141732544368,0.03746977750570501,1,interior
0.0815494050545683,0.0386702563019615,1,interior
0.08021247823672001,0.0357075969221142,1,interior
0.08425878490149866,0.03469370552094878,1,interior
0.13155954630148645,0.046424536533391604,1,interior
0.12269639481544595,0.03542788164118517,1,interior
0.07905935346616552,0.03877212888739137,1,interior
0.07660539767812337,0.037004352110010366,1,interior
0.07332180127891043,0.0410593586230662,1,interior
0.04769532585564377,0.041300246437962485,1,interior
0.044511420213688216,0.04201440979916135,1,interior
0.13292211186791528,0.03806780771519179,1,interior
0.018330428591985703,0.02760392589422215,1,interior
0.015658667347541826,0.027746557470002403,1,interior
0.0947316674404697,0.04619513693669961,1,interior
0.0984286778692019,0.04632368477278296,1,interior
0.057200589623131015,0.03738845549210975,1,interior
0.0607427210718229,0.03883163462677903,1,interior
0.119012614466384,0.037186409274443846,1,interior
0.12005803860189278,0.035204857394847515,1,interior
0.0430211031314628,0.039021277181305485,1,interior
0.042163445172364956,0.03640178797427196,1,interior
0.046795542570748354,0.038529856032867106,1,interior
0.07662954214727706,0.03401228535194178,1,interior
0.08159963032969766,0.032999213481865707,1,interior
0.07899741626446022,0.03276074814544714,1,interior
0.066110746905364,0.05247196268686135,1,interior
0.06761242637106926,0.041129472631293136,1,interior
0.06412996951673072,0.040240934002335325,1,interior
0.0965616795143629,0.07956976910403743,1,interior
0.02128250687910028,0.029277763263039217,1,interior
0.07406683003833829,0.038409143672434365,1,interior
0.0731892062489153,0.03522753525506717,1,interior
0.10632754616773138,0.04362460490507813,1,interior
0.10961708784924762,0.04252951352427453,1,interior
0.05052783381855938,0.03694950344184298,1,interior
0.04486009134577319,0.036452584163271906,1,interior
0.11678022545371318,0.034630981152027,1,interior
0.018943881876742362,0.029896613595762084,1,interior
0.03580128736987811,0.04009083664895639,1,interior
0.03899862594720005,0.038157584829198475,1,interior
0.08989249420229882,0.03387229410916613,1,interior
0.09283627181035821,0.03968075011160198,1,interior
0.09505068524303727,0.03748517548369672,1,interior
0.09336278761344659,0.033899168066646466,1,interior
0.057805755217772356,0.04005227171559694,1,interior
0.07067186111608532,0.03850556502651359,1,interior
0.0500004496060204,0.0396657701614045,1,interior
0.05401340480741259,0.03563137714821675,1,interior
0.11367874125141518,0.03565439852940605,1,interior
0.02470163440648181,0.0325084200809302,1,interior
0.02470128180622939,0.030280536491168023,1,interior
0.09290528027750708,0.04300019956837211,1,interior
0.09655332743225568,0.04341610793590122,1,interior
0.0704791324915238,0.04171850876124549,1,interior
0.06707854645772317,0.03785506611305575,1,interior
0.06354548330539352,0.036421287926373155,1,interior
0.06660874188529643,0.03489598085921287,1,interior
0.06960317026397232,0.034998232487822134,1,interior
0.1143828104191252,0.032750228637890295,1,interior
0.11635217146914852,0.037790940036496905,1,interior
0.11162573361019569,0.03313064142255858,1,interior
0.09515193778729068,0.04078361882891235,1,interior
0.040513283226375776,0.03480138697693352,1,interior
0.04428610520658246,0.03342030141057998,1,interior
0.015667540952254085,0.02543487894248356,1,interior
0.01272748167628319,0.02451629336475739,1,interior
0.03845160464524865,0.04123617300725361,1,interior
0.050919705932931596,0.03350109984016788,1,interior
0.04761574240757057,0.03481600752020697,1,interior
0.09899076881908801,0.03700084391793527,1,interior
0.09661264887177637,0.03475224834533952,1,interior
0.10089243764022543,0.04003770752016628,1,interior
0.10267530911601959,0.03543402232289462,1,interior
0.09944651537054972,0.03352416326579182,1,interior
0.04782940382603229,0.03093847716483373,1,interior
0.03265778590037562,0.0388103366942061,1,interior
0.06016526679231369,0.03589767189999041,1,interior
0.03474529971615983,0.03705870132037622,1,interior
0.02746651326766311,0.032821770229739616,1,interior
0.030569194983416814,0.03592704371791267,1,interior
0.11016663451775156,0.03652281449347102,1,interior
0.10878609960986772,0.03306349232308227,1,interior
0.02758539517871278,0.029092775496695356,1,interior
0.04489426295339648,0.029929795800997,1,interior
0.04276650224191708,0.027827369084626376,1,interior
0.041711604477951594,0.031414441880249895,1,interior
0.07434270887718805,0.03197016268728546,1,interior
0.04669197781446788,0.026467458177484377,1,interior
0.01869587221307039,0.02471876031727442,1,interior
0.021242022289421847,0.026014632375797302,1,interior
0.038762509875428085,0.03081256981690561,1,interior
0.04300840751877788,0.025257176773786628,1,interior
0.03921284405891563,0.02557226353647493,1,interior
0.10362175322024918,0.04187661621692613,1,interior
0.1072109917801112,0.03971293360777992,1,interior
0.10250788337274823,0.04560816884062594,1,interior
0.10397292660063955,0.03855376713920836,1,interior
0.09603079078020448,0.03179866872073921,1,interior
0.09849557802344387,0.03088115771972439,1,interior
0.10103817340780873,0.03077567534250162,1,interior
0.057491048087283725,0.034033297088248794,1,interior
0.04130900565008798,0.022873342356961045,1,interior
0.034148530938328016,0.028739908608188133,1,interior
0.03527108657969587,0.025875437218513906,1,interior
0.038124282895316434,0.022028522223418195,1,interior
0.05111677520092068,0.025399529711034114,1,interior
0.044877053584743365,0.022921769891453312,1,interior
0.04826764699120676,0.02256744092862643,1,interior
0.07700400780000903,0.030549962497665537,1,interior
0.071484291596183,0.031764744108991966,1,interior
0.0912816937733935,0.03163630231814841,1,interior
0.08657986114288324,0.03265258637150691,1,interior
0.04307147052087286,0.020775474392654304,1,interior
0.10568574910288242,0.032753515072263914,1,interior
0.10252198974953448,0.03298735044094574,1,interior
0.1033085487288137,0.04849285153574477,1,interior
0.07418134763294397,0.02863366559452032,1,interior
0.07818757197922668,0.027210278120976844,1,interior
0.08190632658344413,0.02775909171413483,1,interior
0.0669320117283554,0.057860031156473854,1,interior
0.049759704084511795,0.028090346352949613,1,interior
0.054492189773388634,0.02358411785992198,1,interior
0.055091506025416855,0.02618852790854664,1,interior
0.05295565333642136,0.02838112799870963,1,interior
0.06462181944506132,0.03312826614263166,1,interior
0.0643205948771436,0.02992558707596907,1,interior
0.0678499367519688,0.031569984526286884,1,interior
0.0705289726785632,0.02861723736581254,1,interior
0.02104311072513332,0.02266618402130446,1,interior
0.02414197401712322,0.027463743449731116,1,interior
0.024161898671910015,0.024093171770203915,1,interior
0.10149544385112402,0.03773197695486806,1,interior
0.10002545903068379,0.04309732610044864,1,interior
0.030864431980614473,0.028883134131914633,1,interior
0.029478083496213798,0.025859923274679193,1,interior
0.0302153802042755,0.03212667165055134,1,interior
0.0279392159249428,0.022600366087538515,1,interior
0.0322487742753742,0.023427108674887367,1,interior
0.0266026022689707,0.02579300248786594,1,interior
0.032357972119698444,0.02638927590343686,1,interior
0.030705079974320204,0.017311304810617833,1,interior
0.03305248376746948,0.018484081232860133,1,interior
0.08347063388911995,0.031174831923792584,1,interior
0.08547771608349697,0.02953096926076667,1,interior
0.08783967103154196,0.028966853818467735,1,interior
0.09014610396877952,0.029409706284574764,1,interior
0.10649514870805195,0.03599475340834853,1,interior
0.014249655224706462,0.020566411908238432,1,interior
0.11328035631019578,0.03867521151947409,1,interior
0.06734043054789007,0.027968955175926794,1,interior
0.05143077103388487,0.022883538877317276,1,interior
0.10379047411475326,0.031078655686810223,1,interior
0.02753341579930036,0.018763860097083324,1,interior
0.02433415152818508,0.02092688504740996,1,interior
0.030976512376797116,0.020399045757783806,1,interior
0.0458303318977488,0.019397195126988127,1,interior
0.06255273047902705,0.027548759730046297,1,interior
0.060809440999828164,0.029574991770126707,1,interior
0.06453391363277229,0.026056526763495128,1,interior
0.05438737434296,0.031864677261367484,1,interior
0.08021822969755844,0.030174019046241184,1,interior
0.07763873688267312,0.024235602427731935,1,interior
0.07241846501719369,0.025725566712088654,1,interior
0.01902311694396385,0.01704955986736357,1,interior
0.017380334278927125,0.022125237859852175,1,interior
0.011536811758216789,0.021497070589633394,1,interior
0.07543655015253171,0.025298451351564073,1,interior
0.07374530913306622,0.02341736584428419,1,interior
0.06972644306333665,0.025496453721711238,1,interior
0.09782559146533747,0.04026177035151044,1,interior
0.08649337286344239,0.03770054339486951,1,interior
0.04276136056484362,0.01840503479506007,1,interior
0.008632551856247414,0.019161837482905217,1,interior
0.06135021595423963,0.03288408196255176,1,interior
0.11060606293240087,0.039781400329147704,1,interior
0.035872587779213816,0.023527524637215625,1,interior
0.036953398864131126,0.035096948393537,1,interior
0.035927788083901034,0.03171849798040007,1,interior
0.014204989893892702,0.017748609756517333,1,interior
0.011718649083590741,0.018368161455208646,1,interior
0.016997426297984997,0.01909669659215693,1,interior
0.11187802875073741,0.04483159969413423,1,interior
0.05122059637822096,0.030613836518420014,1,interior
0.061636598469297886,0.024960179520789286,1,interior
0.0671033619543124,0.02503720926371966,1,interior
0.03341996714228431,0.03402119420623068,1,interior
0.0580610341359443,0.03100276540946636,1,interior
0.02404215301384665,0.018042159441057897,1,interior
0.025476997088785844,0.015451348272198412,1,interior
0.028704504303809497,0.015797137299738785,1,interior
0.055729574188866385,0.029075929827452142,1,interior
0.020702711529164163,0.019455270004821387,1,interior
0.03476272144143423,0.02067252025750197,1,interior
0.03771737643952776,0.019157993115203095,1,interior
0.021936082619493962,0.01560027408587805,1,interior
0.01612107472265348,0.016165381821313354,1,interior
0.018626826095550005,0.014449299931737568,1,interior
0.0328679175870618,0.031125110557865737,1,interior
0.058022382773989155,0.0277483148487396,1,interior
0.058258224812028525,0.024492979967720815,1,interior
0.040373881622682135,0.019963327136610688,1,interior
0.014278228082603423,0.023223692209638276,1,interior
0.01577205602458469,0.01380739762436485,1,interior
0.01750614405781806,0.011610648564011061,1,interior
0.012657065994911943,0.014853587219917537,1,interior
0.005529073241726877,0.018349535687692785,1,interior
0.007191272863949529,0.016173201606539737,1,interior
0.020531165527198615,0.01256536148917938,1,interior
0.03879671340992511,0.03304966911369538,1,interior
0.015724488280925233,0.009769360714659328,1,interior
0.01846506619676489,0.009160848431966531,1,boundary
0.008942444868104731,0.013655488297073396,1,interior
0.00986182382047647,0.01630141778525903,1,interior
0.04016213697311022,0.028700465134047014,1,interior
0.06017997123595564,0.02677886412099841,1,interior
0.0884633310572965,0.03115467686856054,1,interior
0.03720357757163593,0.028486204513477276,1,interior
0.011216914648469365,0.011672616905523098,1,interior
0.014226145794216646,0.011917374341095152,1,interior
0.012968282141092845,0.00954919390606375,1,interior
0.4716318741377554,0.05881446639218404,2,boundary
0.4716318741377554,0.05937460416734771,2,boundary
0.4721920119129191,0.057694190841856716,2,boundary
0.4721920119129191,0.05825432861702039,2,boundary
0.4721920119129191,0.05993474194251136,2,boundary
0.4727521496880827,0.05657391529152942,2,boundary
0.4727521496880827,0.05713405306669307,2,boundary
0.4727521496880827,0.06049487971767503,2,boundary
0.4733122874632464,0.05657391529152942,2,boundary
0.4733122874632464,0.061055017492838676,2,boundary
0.47387242523841006,0.05657391529152942,2,boundary
0.47387242523841006,0.06161515526800231,2,boundary
0.47443256301357367,0.05657391529152942,2,boundary
0.47443256301357367,0.062175293043166,2,boundary
0.47499270078873734,0.05713405306669307,2,boundary
0.47499270078873734,0.06273543081832963,2,boundary
0.475552838563901,0.05713405306669307,2,boundary
0.475552838563901,0.062175293043166,2,boundary
0.4761129763390647,0.05713405306669307,2,boundary
0.4761129763390647,0.062175293043166,2,boundary
0.4766731141142283,0.05657391529152942,2,boundary
0.4766731141142283,0.06161515526800231,2,boundary
0.47723325188939203,0.05657391529152942,2,boundary
0.47723325188939203,0.061055017492838676,2,boundary
0.4777933896645557,0.05601377751636575,2,boundary
0.4777933896645557,0.06049487971767503,2,boundary
0.4783535274397193,0.05545363974120211,2,boundary
0.4783535274397193,0.06049487971767503,2,boundary
0.478913665214883,0.05489350196603843,2,boundary
0.478913665214883,0.05993474194251136,2,boundary
0.47947380299004666,0.05489350196603843,2,boundary
0.47947380299004666,0.05937460416734771,2,boundary
0.4800339407652103,0.0543333641908748,2,boundary
0.4800339407652103,0.05881446639218404,2,boundary
0.4800339407652103,0.05937460416734771,2,boundary
0.48059407854037395,0.053773226415711105,2,boundary
0.48059407854037395,0.05601377751636575,2,boundary
0.48059407854037395,0.05657391529152942,2,boundary
0.48059407854037395,0.05713405306669307,2,boundary
0.48059407854037395,0.057694190841856716,2,boundary
0.48059407854037395,0.05825432861702039,2,boundary
0.4811542163155376,0.053213088640547475,2,boundary
0.4811542163155376,0.053773226415711105,2,boundary
0.4811542163155376,0.0543333641908748,2,boundary
0.4811542163155376,0.05489350196603843,2,boundary
0.4811542163155376,0.05545363974120211,2,boundary
0.4817143540907013,0.053213088640547475,2,boundary
0.4759720550861685,0.05942692154641072,2,interior
0.4737690871888953,0.058831260565131785,2,interior
