x,y,region,classification
0.0,0.29276396221426815,1,boundary
0.00016542616243549231,0.30015639325280374,1,boundary
0.00033085232487098463,0.30754882429133934,1,boundary
0.0020699679439404144,0.3151188456685419,1,boundary
0.003809083563009844,0.3226888670457445,1,boundary
0.004827909590224021,0.28791646351566724,1,boundary
0.008615085423832467,0.325079076859693,1,boundary
0.009655819180448041,0.28306896481706634,1,boundary
0.01342108728465509,0.32746928667364156,1,boundary
0.015613950362625426,0.2830098068746655,1,boundary
0.01822708914547771,0.32985949648759005,1,boundary
0.02157208154480281,0.2829506489322646,1,boundary
0.02354171942484605,0.3321990375039737,1,boundary
0.027530212726980197,0.28289149098986377,1,boundary
0.028856349704214385,0.33453857852035734,1,boundary
0.0323571827019869,0.28049818483468464,1,boundary
0.0371841526769936,0.2781048786795055,1,boundary
0.03677468665301249,0.3338189054640277,1,boundary
0.0420111226520003,0.2757115725243264,1,boundary
0.04469302360181059,0.33309923240769806,1,boundary
0.04680942385217349,0.2732591084267464,1,boundary
0.04940056353977722,0.3357389821340864,1,boundary
0.051607725052346676,0.27080664432916646,1,boundary
0.054108103477743835,0.3383787318604746,1,boundary
0.05640602625251987,0.26835418023158647,1,boundary
0.05881564341571046,0.34101848158686293,1,boundary
0.062155126458163144,0.26786368741207045,1,boundary
0.06370470587808993,0.3432836600556346,1,boundary
0.06790422666380641,0.26737319459255443,1,boundary
0.0685937683404694,0.3455488385244063,1,boundary
0.07348283080284888,0.347814016993178,1,boundary
0.07365332686944968,0.2668827017730384,1,boundary
0.07916472732372547,0.2678636874120704,1,boundary
0.08034492251383943,0.35125454240184023,1,boundary
0.08467612777800124,0.26884467305110243,1,boundary
0.08720701422482997,0.3546950678105025,1,boundary
0.09018752823227702,0.2698256586901344,1,boundary
0.09469683765270401,0.3548274989456366,1,boundary
0.09570881347446342,0.2698460559243121,1,boundary
0.10123009871664981,0.2698664531584898,1,boundary
0.10218666108057804,0.3549599300807707,1,boundary
0.10675138395883621,0.26988685039266747,1,boundary
0.10685965914707816,0.35767095686920686,1,boundary
0.11119641518574669,0.2636827256726422,1,boundary
0.1115326572135783,0.36038198365764296,1,boundary
0.11564144641265717,0.257478600952617,1,boundary
0.11620565528007842,0.3630930104460791,1,boundary
0.11857283427211368,0.2511445629237178,1,boundary
0.1195131538595782,0.36738149466461084,1,boundary
0.12150422213157021,0.2448105248948186,1,boundary
0.12282065243907797,0.3716699788831426,1,boundary
0.12612815101857774,0.37595846310167436,1,boundary
0.1272533223372134,0.2443200320753026,1,boundary
0.13016071398091272,0.37999102606400936,1,boundary
0.1330024225428566,0.24382953925578654,1,boundary
0.13419327694324767,0.38402358902634437,1,boundary
0.13822583990558265,0.3880561519886794,1,boundary
0.1387515227484998,0.24333904643627052,1,boundary
0.14225840286791766,0.3920887149510143,1,boundary
0.14315148017043666,0.24006460098700738,1,boundary
0.14629096583025267,0.3961212779133493,1,boundary
0.14755143759237355,0.23679015553774427,1,boundary
0.15032352879258767,0.40015384087568423,1,boundary
0.1519513950143104,0.23351571008848113,1,boundary
0.15419718008758454,0.40697044908777713,1,boundary
0.15739296921168405,0.22807413589110748,1,boundary
0.1580708313825814,0.41378705729987,1,boundary
0.16194448267757827,0.4206036655119628,1,boundary
0.1628345434090577,0.22263256169373385,1,boundary
0.16581813397257514,0.4274202737240557,1,boundary
0.16719608562326926,0.21598816116400424,1,boundary
0.16860418869331917,0.43462076382044373,1,boundary
0.17155762783748085,0.20934376063427462,1,boundary
0.1713902434140632,0.44182125391683175,1,boundary
0.17469774199356297,0.4461097381353635,1,boundary
0.17729527256682837,0.20441749576189716,1,boundary
0.17800524057306277,0.45039822235389526,1,boundary
0.1774435416716728,0.5871878814857305,1,boundary
0.17891502013022081,0.5948523690095915,1,boundary
0.17904688292003965,0.6775570544977467,1,boundary
0.17996455388247584,0.5800690513183755,1,boundary
0.1803864985887688,0.6025168565334523,1,boundary
0.18014503546806168,0.6320508226136474,1,boundary
0.18131273915256255,0.454686706572427,1,boundary
0.1806134782767121,0.6396351945943306,1,boundary
0.1810819210853625,0.6472195665750138,1,boundary
0.18118816921295222,0.6701755274365069,1,boundary
0.1824855660932789,0.5729502211510206,1,boundary
0.18259371627659077,0.6099216549700451,1,boundary
0.18247298471623724,0.6246886380101426,1,boundary
0.18220568829561365,0.6550067834751404,1,boundary
0.18237673592791015,0.6845656036519873,1,boundary
0.18303291729617588,0.19949123088951967,1,boundary
0.18305683655848765,0.46225496956074663,1,boundary
0.1833294555058648,0.662794000375267,1,boundary
0.18480093396441277,0.4698232325490662,1,boundary
0.18480093396441277,0.6173264534066379,1,boundary
0.18570658893578065,0.6915741528062278,1,boundary
0.18645921474787513,0.19385771574999844,1,boundary
0.1867252399086447,0.699398471900526,1,boundary
0.1871915255126533,0.5120672389816975,1,boundary
0.18774389088150878,0.7072227909948241,1,boundary
0.18847963011078275,0.47670865281112296,1,boundary
0.18820344742635503,0.5054951435512993,1,boundary
0.18921536934005673,0.4989230481209012,1,boundary
0.1887934246337638,0.5688716251501594,1,boundary
0.18988551219957442,0.1882242006104772,1,boundary
0.19068684779860473,0.49125856059704043,1,boundary
0.190410665114177,0.5191148659264084,1,boundary
0.1917535510630065,0.7139913930354497,1,boundary
0.19215832625715273,0.48359407307317964,1,boundary
0.1936298047157007,0.5261624928711193,1,boundary
0.19471861904211593,0.18584355786551568,1,boundary
0.1951012831742487,0.5647930291492983,1,boundary
0.19576321124450427,0.7207599950760752,1,boundary
0.19691787110386916,0.7285363079989061,1,boundary
0.19807253096323407,0.736312620921737,1,boundary
0.1987799793206187,0.5317069204860954,1,boundary
0.19872670946031584,0.5578888065713523,1,boundary
0.19955172588465742,0.18346291512055418,1,boundary
0.2014023839711046,0.7433211700759774,1,boundary
0.20235213574638297,0.5509845839934063,1,boundary
0.2031411448359598,0.5441179660472389,1,boundary
0.20438483272719893,0.18108227237559266,1,boundary
0.20393015392553665,0.5372513481010716,1,boundary
0.2047322369789751,0.750329719230218,1,boundary
0.20769233130669887,0.17679378815706073,1,boundary
0.20914968656109845,0.7569543865001633,1,boundary
0.2109998298861988,0.17250530393852884,1,boundary
0.21430732846569875,0.1682168197199969,1,boundary
0.21356713614322176,0.7635790537701086,1,boundary
0.21684177655639317,0.7706070909545542,1,boundary
0.2179773592366163,0.16405629612956335,1,boundary
0.22011641696956458,0.7776351281389996,1,boundary
0.2216473900075338,0.15989577253912982,1,boundary
0.22232363465738658,0.7850399265755925,1,boundary
0.22453085234520856,0.7924447250121853,1,boundary
0.22531742077845135,0.15573524894869625,1,boundary
0.2286249193579513,0.15144676473016433,1,boundary
0.2282610506764559,0.796584011650444,1,boundary
0.23193241793745123,0.14715828051163243,1,boundary
0.23199124900770324,0.8007232982887026,1,boundary
0.23523991651695117,0.1428697962931005,1,boundary
0.2357214473389506,0.8048625849269613,1,boundary
0.23890994728786868,0.13870927270266695,1,boundary
0.23991411907732693,0.8085647638458217,1,boundary
0.24257997805878623,0.1345487491122334,1,boundary
0.24410679081570327,0.8122669427646819,1,boundary
0.24625000882970374,0.13038822552179985,1,boundary
0.24829946255407961,0.8159691216835423,1,boundary
0.24955750740920365,0.12609974130326798,1,boundary
0.2528650059887036,0.1218112570847361,1,boundary
0.2524921342924559,0.8196713006024027,1,boundary
0.2561725045682035,0.11752277286620423,1,boundary
0.25668480603083227,0.823373479521263,1,boundary
0.2600768216685124,0.11384569850790528,1,boundary
0.2608774777692086,0.8270756584401234,1,boundary
0.2639811387688213,0.11016862414960632,1,boundary
0.26523025828362623,0.8304474533155091,1,boundary
0.2678854558691302,0.10649154979130737,1,boundary
0.26958303879804385,0.8338192481908946,1,boundary
0.27393581931246147,0.8371910430662802,1,boundary
0.2757960069234926,0.1057558105620334,1,boundary
0.27908914370708554,0.8389109177242923,1,boundary
0.28370655797785493,0.10502007133275941,1,boundary
0.28424246810170956,0.8406307923823044,1,boundary
0.28874255892939565,0.1069820426108234,1,boundary
0.2893957924963336,0.8423506670403165,1,boundary
0.2927032910758335,0.8466391512588483,1,boundary
0.2937785598809363,0.10894401388888741,1,boundary
0.29601078965533334,0.8509276354773802,1,boundary
0.29881456083247704,0.11090598516695141,1,boundary
0.2993182882348332,0.8552161196959119,1,boundary
0.30298831900575063,0.8593766432863453,1,boundary
0.3043259612867528,0.1118869708059834,1,boundary
0.30665834977666806,0.8635371668767788,1,boundary
0.30983736174102866,0.11286795644501536,1,boundary
0.3103283805475855,0.8676976904672122,1,boundary
0.31534876219530444,0.11384894208404735,1,boundary
0.3168279706325564,0.8718862370395595,1,boundary
0.3203869976638083,0.11189158172593268,1,boundary
0.32332756071752733,0.8760747836119067,1,boundary
0.3254252331323121,0.10993422136781802,1,boundary
0.328618399706628,0.8775108972614138,1,boundary
0.33046346860081593,0.10797686100970336,1,boundary
0.3339092386957287,0.8789470109109211,1,boundary
0.33685023800428693,0.10355550925413537,1,boundary
0.33920007768482935,0.8803831245604282,1,boundary
0.3432370074077579,0.0991341574985674,1,boundary
0.34493203960428037,0.879927996549953,1,boundary
0.3489861076134012,0.09864366467905139,1,boundary
0.35066400152373145,0.8794728685394779,1,boundary
0.35473520781904444,0.0981531718595354,1,boundary
0.3563959634431825,0.8790177405290027,1,boundary
0.3604843080246877,0.09766267904001939,1,boundary
0.36214506364882587,0.8785272477094868,1,boundary
0.3662152376466834,0.09713469126834505,1,boundary
0.36789416385446927,0.8780367548899707,1,boundary
0.371946167268679,0.0966067034966707,1,boundary
0.37364326406011267,0.8775462620704547,1,boundary
0.3776770968906747,0.09607871572499636,1,boundary
0.37939236426575607,0.8770557692509388,1,boundary
0.38331074761342254,0.0953499931974085,1,boundary
0.3851414644713994,0.8765652764314227,1,boundary
0.3889443983361704,0.09462127066982062,1,boundary
0.3908905646770428,0.8760747836119067,1,boundary
0.39457804905891825,0.09389254814223276,1,boundary
0.39571467890917283,0.8784739825850938,1,boundary
0.4002230695797371,0.09318728716343101,1,boundary
0.4005387931413028,0.8808731815582809,1,boundary
0.40536290737343283,0.883272380531468,1,boundary
0.40586809010055597,0.09248202618462927,1,boundary
0.4095555791118092,0.8869745594503283,1,boundary
0.4115131106213748,0.09177676520582752,1,boundary
0.4137482508501855,0.8906767383691887,1,boundary
0.4172955003220929,0.09135496517292825,1,boundary
0.41794092258856186,0.8943789172880491,1,boundary
0.42307789002281104,0.09093316514002898,1,boundary
0.4229341382071446,0.8964291759895359,1,boundary
0.4279273538257274,0.8984794346910226,1,boundary
0.42886027972352914,0.09051136510712972,1,boundary
0.4329205694443101,0.9005296933925094,1,boundary
0.434493930446277,0.08978264257954185,1,boundary
0.43727334995872774,0.9039014882678951,1,boundary
0.4401275811690248,0.089053920051954,1,boundary
0.4416261304731454,0.9072732831432807,1,boundary
0.44576123189177264,0.08832519752436614,1,boundary
0.44597891098756304,0.9106450780186663,1,boundary
0.4512347738384792,0.08726609095330352,1,boundary
0.4511322353821871,0.9123649526766784,1,boundary
0.4562855597768111,0.9140848273346905,1,boundary
0.4567083157851857,0.0862069843822409,1,boundary
0.4614388841714352,0.9158047019927026,1,boundary
0.4621818577318923,0.08514787781117829,1,boundary
0.4676553996785989,0.0840887712401157,1,boundary
0.46718798437708214,0.9153142091731866,1,boundary
0.4731289416253055,0.08302966466905312,1,boundary
0.4729370845827291,0.9148237163536705,1,boundary
0.4786024835720121,0.08197055809799053,1,boundary
0.47868618478837605,0.9143332235341546,1,boundary
0.4842361342947599,0.08124183557040267,1,boundary
0.4844352849940201,0.9138427307146385,1,boundary
0.48986978501750766,0.0805131130428148,1,boundary
0.4901843851996642,0.9133522378951225,1,boundary
0.49550343574025546,0.07978439051522694,1,boundary
0.49593348540530824,0.9128617450756065,1,boundary
0.5009769776869621,0.07872528394416432,1,boundary
0.5016825856109524,0.9123712522560905,1,boundary
0.5064505196336687,0.0776661773731017,1,boundary
0.5074316858165964,0.9118807594365745,1,boundary
0.5119240615803754,0.07660707080203909,1,boundary
0.5131807860222405,0.9113902666170586,1,boundary
0.5173976035270821,0.0755479642309764,1,boundary
0.5178276531921351,0.9086253187913527,1,boundary
0.5228711454737888,0.07448885765991371,1,boundary
0.5224745203620298,0.9058603709656469,1,boundary
0.5271213875319244,0.903095423139941,1,boundary
0.5283446874204955,0.07342975108885103,1,boundary
0.5325465222651116,0.9019364284095189,1,boundary
0.5338182293672022,0.07237064451778819,1,boundary
0.5379716569982989,0.9007774336790968,1,boundary
0.5392917713139089,0.07131153794672536,1,boundary
0.543396791731486,0.8996184389486748,1,boundary
0.5447653132606157,0.07025243137566252,1,boundary
0.548118197011506,0.8970073003195976,1,boundary
0.5504259159720862,0.06957932420679487,1,boundary
0.5528396022915258,0.8943961616905206,1,boundary
0.5560865186835566,0.06890621703792722,1,boundary
0.5575610075715458,0.8917850230614435,1,boundary
0.5617471213950271,0.06823310986905957,1,boundary
0.5620738968620047,0.8887436122295326,1,boundary
0.5665867861524636,0.8857022013976217,1,boundary
0.5675139289050939,0.06777915602622592,1,boundary
0.5710996754429225,0.8826607905657108,1,boundary
0.5732807364151608,0.06732520218339226,1,boundary
0.5762602844729635,0.8809559477339588,1,boundary
0.5790475439252275,0.0668712483405586,1,boundary
0.5814208935030044,0.8792511049022067,1,boundary
0.5850166365778152,0.06683470936387627,1,boundary
0.5865815025330454,0.8775462620704547,1,boundary
0.5909857292304029,0.06679817038719393,1,boundary
0.5923306027386894,0.8770557692509388,1,boundary
0.5969548218829906,0.0667616314105116,1,boundary
0.5980797029443335,0.8765652764314227,1,boundary
0.6027039220886342,0.0662711385909956,1,boundary
0.6038288031499776,0.8760747836119067,1,boundary
0.6084530222942778,0.06578064577147962,1,boundary
0.6093402036042539,0.8770557692509388,1,boundary
0.6142021224999213,0.06529015295196362,1,boundary
0.6148516040585303,0.8780367548899707,1,boundary
0.6193848818099341,0.06363101716539778,1,boundary
0.6203630045128067,0.8790177405290027,1,boundary
0.624567641119947,0.061971881378831924,1,boundary
0.6256367052157152,0.8804892189875507,1,boundary
0.6297504004299598,0.06031274559226607,1,boundary
0.6309104059186239,0.8819606974460987,1,boundary
0.6348773427743964,0.058538431642219946,1,boundary
0.6361841066215325,0.8834321759046467,1,boundary
0.640004285118833,0.056764117692173814,1,boundary
0.6410564620819905,0.8811325225808065,1,boundary
0.6451312274632697,0.05498980374212769,1,boundary
0.6459288175424486,0.8788328692569665,1,boundary
0.6496704988039163,0.05200283220225063,1,boundary
0.6508011730029066,0.8765332159331263,1,boundary
0.6542097701445627,0.04901586066237358,1,boundary
0.6562385191968982,0.8753994195203544,1,boundary
0.6587490414852093,0.04602888912249652,1,boundary
0.6616758653908897,0.8742656231075826,1,boundary
0.6634220395517095,0.043317862334060216,1,boundary
0.6671132115848813,0.8731318266948107,1,boundary
0.6680950376182099,0.0406068355456239,1,boundary
0.6727680356847101,0.03789580875718759,1,boundary
0.6721492125364223,0.8711698554167467,1,boundary
0.6772809249751691,0.0348543979252766,1,boundary
0.6771852134879633,0.8692078841386828,1,boundary
0.6817938142656281,0.031812987093365615,1,boundary
0.6822212144395043,0.8672459128606188,1,boundary
0.6863067035560871,0.028771576261454625,1,boundary
0.6881967025536401,0.8619758832328218,1,boundary
0.6906594840705048,0.02539978138606892,1,boundary
0.6941721906677758,0.8567058536050248,1,boundary
0.6950122645849226,0.02202798651068321,1,boundary
0.6982047536301106,0.85267329064269,1,boundary
0.6993650450993403,0.018656191635297505,1,boundary
0.7022373165924455,0.8486407276803551,1,boundary
0.703717825613758,0.015284396759911802,1,boundary
0.7062698795547803,0.8446081647180204,1,boundary
0.7080706061281755,0.011912601884526098,1,boundary
0.7095773781342799,0.8403196804994888,1,boundary
0.7124233866425932,0.008540807009140394,1,boundary
0.7128848767137794,0.8360311962809572,1,boundary
0.7161923752932791,0.8317427120624257,1,boundary
0.7180693748630891,0.007837542876108246,1,boundary
0.7221142758187766,0.8272922899954761,1,boundary
0.7237153630835851,0.007134278743076098,1,boundary
0.7280361763442742,0.8228418679285265,1,boundary
0.729361351304081,0.006431014610043949,1,boundary
0.7322288480826503,0.8191396890096664,1,boundary
0.734872751758357,0.0054500289710119635,1,boundary
0.7364215198210265,0.8154375100908061,1,boundary
0.740384152212633,0.004469043331979978,1,boundary
0.7406141915594027,0.811735331171946,1,boundary
0.745895552666909,0.003488057692947992,1,boundary
0.7458223724744559,0.8101286528013477,1,boundary
0.7513188986082985,0.0023253717952986617,1,boundary
0.7510305533895092,0.8085219744307495,1,boundary
0.7562387343045625,0.8069152960601512,1,boundary
0.756742244549688,0.0011626858976493308,1,boundary
0.760799335753368,0.8039723391430552,1,boundary
0.7621655904910775,0.0,1,boundary
0.7653599372021735,0.8010293822259592,1,boundary
0.7698955770830138,0.0016534343043223612,1,boundary
0.7699205386509791,0.7980864253088632,1,boundary
0.7743308592626622,0.7948333642747235,1,boundary
0.7776255636749501,0.0033068686086447224,1,boundary
0.7787411798743453,0.7915803032405838,1,boundary
0.7829389968456155,0.004696359223182166,1,boundary
0.7831515004860284,0.7883272422064441,1,boundary
0.7882524300162809,0.00608584983771961,1,boundary
0.788593074683402,0.7828856680090706,1,boundary
0.7935658631869463,0.0074753404522570534,1,boundary
0.7940346488807755,0.7774440938116971,1,boundary
0.7979083001757721,0.7706274855996045,1,boundary
0.7983989700294879,0.009855983197218645,1,boundary
0.8017819514707687,0.7638108773875117,1,boundary
0.8032320768720295,0.012236625942180236,1,boundary
0.8052448759297649,0.7568492975972925,1,boundary
0.808065183714571,0.014617268687141827,1,boundary
0.8087078003887611,0.7498877178070732,1,boundary
0.8120977466769062,0.018649831649477002,1,boundary
0.8124483802326319,0.7430241402309596,1,boundary
0.8161303096392414,0.02268239461181218,1,boundary
0.8161889600765028,0.736160562654846,1,boundary
0.8201628726015765,0.026714957574147356,1,boundary
0.8200190996234613,0.7323304231078873,1,boundary
0.82384923917042,0.7285002835609288,1,boundary
0.8241954355639117,0.030747520536482525,1,boundary
0.8276793787173785,0.7246701440139701,1,boundary
0.8282279985262468,0.0347800834988177,1,boundary
0.8319768152939142,0.7211841470665227,1,boundary
0.8322605614885821,0.03881264646115287,1,boundary
0.8362931244509172,0.04284520942348801,1,boundary
0.8362742518704498,0.7176981501190752,1,boundary
0.8403256874132523,0.04687777238582315,1,boundary
0.8405716884469855,0.7142121531716278,1,boundary
0.8443582503755874,0.050910335348158295,1,boundary
0.8453699896471587,0.7117596890740479,1,boundary
0.848028281146505,0.05507085893859186,1,boundary
0.8501682908473319,0.7093072249764678,1,boundary
0.8516983119174225,0.05923138252902542,1,boundary
0.85536834268834,0.06339190611945898,1,boundary
0.8549665920475051,0.7068547608788879,1,boundary
0.8590383734592577,0.06755242970989257,1,boundary
0.8597648932476785,0.7044022967813078,1,boundary
0.8627084042301754,0.07171295330032618,1,boundary
0.8645631944478517,0.7019498326837278,1,boundary
0.866378435001093,0.07587347689075977,1,boundary
0.8697175598280515,0.08015079819856262,1,boundary
0.869361495648025,0.6994973685861477,1,boundary
0.8730566846550102,0.08442811950636546,1,boundary
0.8741597968481983,0.6970449044885678,1,boundary
0.8763958094819687,0.08870544081416831,1,boundary
0.8789580980483715,0.6945924403909879,1,boundary
0.8802220214057774,0.09553879339235469,1,boundary
0.8840482333295863,0.10237214597054108,1,boundary
0.8837563992485449,0.692139976293408,1,boundary
0.8862904897632038,0.10976457700907663,1,boundary
0.8885327461968214,0.11715700804761217,1,boundary
0.8895054994541889,0.6916494834738919,1,boundary
0.891293148590683,0.12436655247886401,1,boundary
0.8940535509845446,0.13157609691011585,1,boundary
0.8955250294430926,0.1392405844339766,1,boundary
0.8952545996598328,0.6911589906543759,1,boundary
0.8969965079016406,0.14690507195783736,1,boundary
0.8977322471309146,0.1548292485689663,1,boundary
0.8984679863601887,0.16275342518009525,1,boundary
0.8984679863601887,0.2087403503232599,1,boundary
0.8984679863601887,0.21419626078885795,1,boundary
0.8984679863601887,0.219652171254456,1,boundary
0.8984679863601887,0.22510808172005403,1,boundary
0.899206602290217,0.17067658642088157,1,boundary
0.8995176674878913,0.20144636191529472,1,boundary
0.8999452182202454,0.17859974766166792,1,boundary
0.9002562834179197,0.18637606058449874,1,boundary
0.900567348615594,0.19415237350732953,1,boundary
0.9010422012134116,0.23238334355574125,1,boundary
0.9010036998654768,0.6906684978348598,1,boundary
0.9036164160666345,0.23965860539142847,1,boundary
0.9064024707873783,0.24685909548781632,1,boundary
0.9067528000711209,0.6901780050153439,1,boundary
0.9091885255081222,0.25405958558420416,1,boundary
0.9119745802288661,0.2612600756805921,1,boundary
0.9125019002767649,0.6896875121958279,1,boundary
0.9147606349496101,0.2684605657769801,1,boundary
0.9183861383232832,0.2753647611458152,1,boundary
0.918251000482409,0.689197019376312,1,boundary
0.9220116416969564,0.2822689565146503,1,boundary
0.9236534043283112,0.6879911195190215,1,boundary
0.9261334409132767,0.28899797757000056,1,boundary
0.9290558081742134,0.686785219661731,1,boundary
0.9302552401295969,0.2957269986253508,1,boundary
0.9341288914245937,0.30254360683744347,1,boundary
0.9344582120201156,0.6855793198044405,1,boundary
0.9380025427195904,0.30936021504953615,1,boundary
0.9389711013105745,0.6825379089725297,1,boundary
0.941876194014587,0.31617682326162877,1,boundary
0.9434839906010333,0.6794964981406189,1,boundary
0.9457498453095836,0.32299343147372145,1,boundary
0.9479968798914922,0.6764550873087081,1,boundary
0.9496234966045803,0.3298100396858141,1,boundary
0.9518270194384507,0.6726249477617495,1,boundary
0.9534971478995771,0.3366266478979068,1,boundary
0.9556571589854094,0.6687948082147909,1,boundary
0.9573707991945738,0.3434432561099995,1,boundary
0.9594872985323679,0.6649646686678323,1,boundary
0.9612444504895705,0.3502598643220922,1,boundary
0.963181675964592,0.6608127385599827,1,boundary
0.9644359622007573,0.35731724290344163,1,boundary
0.9668760533968161,0.6566608084521331,1,boundary
0.9676274739119441,0.36437462148479105,1,boundary
0.9705518699293716,0.37152628215406985,1,boundary
0.9705704308290403,0.6525088783442835,1,boundary
0.973476265946799,0.37867794282334866,1,boundary
0.9749848662046843,0.6458831471694951,1,boundary
0.9757185223804166,0.38607037386188414,1,boundary
0.9779607788140341,0.39346280490041957,1,boundary
0.9794157794264551,0.4011331085023834,1,boundary
0.9793993015803282,0.6392574159947068,1,boundary
0.9801350408096021,0.6313332393835778,1,boundary
0.9808707800388761,0.4088034121043472,1,boundary
0.98160651926815,0.41672758871547605,1,boundary
0.98160651926815,0.61548488616132,1,boundary
0.9808707800388761,0.6234090627724489,1,boundary
0.9823422584974241,0.4246517653266049,1,boundary
0.9823422584974241,0.6075607095501911,1,boundary
0.9824660206055219,0.4300639922864016,1,boundary
0.9825897827136196,0.43547621924619817,1,boundary
0.9827135448217175,0.4408884462059948,1,boundary
0.9832636408888449,0.44887814807582577,1,boundary
0.9830779977266981,0.5996365329390623,1,boundary
0.9838137369559722,0.4568678499456567,1,boundary
0.9838137369559722,0.5917123563279334,1,boundary
0.9845494761852461,0.5837881797168045,1,boundary
0.9852852154145201,0.5758640031056756,1,boundary
0.9864506571473879,0.5680914957905624,1,boundary
0.9867566938730681,0.46401295929498126,1,boundary
0.9876160988802556,0.5603189884754491,1,boundary
0.989699650790164,0.4711580686443058,1,boundary
0.9893936140644839,0.5527625207428408,1,boundary
0.9911711292487121,0.5452060530102325,1,boundary
0.9923895688196671,0.4783924914829045,1,boundary
0.9941140861658081,0.538060943660908,1,boundary
0.9950794868491702,0.4856269143215033,1,boundary
0.9973217432827878,0.49301934536003883,1,boundary
0.9970570430829041,0.5309158343115834,1,boundary
0.9985285215414521,0.5232513467877227,1,boundary
0.9995639997164053,0.5004117763985744,1,boundary
0.9997819998582027,0.5079993178312181,1,boundary
1.0,0.5155868592638618,1,boundary
0.597078256022972,0.7721747778030682,1,interior
0.6034907493405873,0.7659208275927566,1,interior
0.5947332885196923,0.7873471591542236,1,interior
0.5933205270487054,0.7656288745204055,1,interior
0.585571318038887,0.7668505308075271,1,interior
0.605782296030879,0.7808638083896686,1,interior
0.5886350152259407,0.7908972060173565,1,interior
0.588036226650491,0.7833452916067093,1,interior
0.6029148880637211,0.7885329416972784,1,interior
0.5955934387635696,0.7946888810672732,1,interior
0.5891107865391864,0.7745156378339121,1,interior
0.6116186924244026,0.7737643190566386,1,interior
0.6136216366641337,0.7625673887787773,1,interior
0.6059285046606505,0.7572389999815209,1,interior
0.5962157985906414,0.7569925458983832,1,interior
0.5805226691730173,0.7905237970519443,1,interior
0.5808676679741189,0.7796735494625371,1,interior
0.6203073173888284,0.7701160819473069,1,interior
0.6193414089007084,0.7799986833065967,1,interior
0.6274648647614952,0.7765058963084185,1,interior
0.5862418379365583,0.7594526550030959,1,interior
0.5774211194869344,0.7641545227053312,1,interior
0.5878998150756319,0.7981007933086025,1,interior
0.6241571242871645,0.7605312690433017,1,interior
0.6129090280122265,0.7511026841115466,1,interior
0.5958293197356629,0.80335776005749,1,interior
0.603180863906692,0.797458315979331,1,interior
0.5873255329204495,0.8066023367850147,1,interior
0.5811012062078554,0.7718381998848959,1,interior
0.611170857789824,0.7929221887203798,1,interior
0.610305817489748,0.8004543694757386,1,interior
0.6134342633989321,0.8078584360199333,1,interior
0.599499223337282,0.8107473802177021,1,interior
0.5865436954785755,0.7512825103749315,1,interior
0.5782072417400463,0.7542466907740136,1,interior
0.6027634693234744,0.7485301311203946,1,interior
0.5731892193224853,0.7821687413605076,1,interior
0.5736784111538434,0.7733048202062444,1,interior
0.6307506456814428,0.7550033245598958,1,interior
0.618398737079701,0.7559848310504669,1,interior
0.6221743642551643,0.7492710301756533,1,interior
0.6339905215211497,0.7628894596980612,1,interior
0.6283398705099205,0.7683909309549287,1,interior
0.5929525242164699,0.8114911143632831,1,interior
0.5862108048541816,0.8161124624944867,1,interior
0.5775276177406116,0.815418255679529,1,interior
0.5813822863893352,0.8005366304486143,1,interior
0.5778886431335892,0.7435353442940615,1,interior
0.5695470478744323,0.7504576912486911,1,interior
0.5710864400061852,0.7586531243194983,1,interior
0.5795728795611298,0.8082332039203531,1,interior
0.5738039557416373,0.7995648777360206,1,interior
0.6096595725798035,0.744675772916506,1,interior
0.6291618511525912,0.7471037844237322,1,interior
0.6260463834330591,0.7390536104606845,1,interior
0.634374507582851,0.7831186208269855,1,interior
0.6263461181831902,0.7846146261839451,1,interior
0.6048072311976082,0.8056091345313535,1,interior
0.5863583259048275,0.7362822054294091,1,interior
0.5943455199653866,0.7484222371613961,1,interior
0.5956738648170418,0.7398626876080446,1,interior
0.596806514139841,0.8188714397135223,1,interior
0.5662054962954864,0.7421488809962739,1,interior
0.5706891897773093,0.7348579761590363,1,interior
0.5789720429383605,0.7340085942930688,1,interior
0.6178181214266066,0.7992756433712612,1,interior
0.6205068779841209,0.7903952021484141,1,interior
0.6121573922394606,0.784532189934712,1,interior
0.5712221862467125,0.8091033214908211,1,interior
0.564953633171776,0.8023528729956162,1,interior
0.5723894311644154,0.7904010633731519,1,interior
0.567894635599528,0.766300184843567,1,interior
0.5643669653002303,0.775320025763797,1,interior
0.5996711747295824,0.7325839327425457,1,interior
0.5878159423470729,0.7437162938177871,1,interior
0.604908750023858,0.7391876538433241,1,interior
0.6193529245145714,0.8130306528692032,1,interior
0.6125990987737738,0.8171589072626189,1,interior
0.622905131998136,0.8069064081058194,1,interior
0.605712503704718,0.8140747366809168,1,interior
0.6265648910306164,0.7992328352095851,1,interior
0.6429344798214739,0.7813662433997887,1,interior
0.6359247167957482,0.7728823904963027,1,interior
0.6405149690091034,0.7918864016406565,1,interior
0.6307438138963538,0.7918223663566487,1,interior
0.615213642154152,0.7395671561606149,1,interior
0.6069612366412751,0.7310875177405104,1,interior
0.6136442777272805,0.7298156100676378,1,interior
0.5995477997538019,0.7235621932250318,1,interior
0.6089637054661875,0.7215619828306716,1,interior
0.6292435084300549,0.7293717260423666,1,interior
0.6348770954084185,0.7427030903791415,1,interior
0.6347825927497482,0.734655079937284,1,interior
0.5656376223714384,0.7850201659338634,1,interior
0.6424970749670298,0.7647912922847379,1,interior
0.6493995786742934,0.7756062503108554,1,interior
0.5784781175870085,0.8235882733964256,1,interior
0.5832669994003582,0.830415401060716,1,interior
0.6270574078913647,0.8164402099579505,1,interior
0.6316447206909639,0.8083441072560346,1,interior
0.6354924020919374,0.8003661702105226,1,interior
0.6054767239472261,0.8229450007301029,1,interior
0.6034925414598306,0.7745046056640886,1,interior
0.5608788170276737,0.7339703145868279,1,interior
0.5603178913074413,0.7495584989811975,1,interior
0.5562132516073902,0.7413453123022027,1,interior
0.6533459432637138,0.7816531172137156,1,interior
0.656694509802751,0.7707645277282927,1,interior
0.6491823357945864,0.768248471360282,1,interior
0.6211574761631183,0.7313153476898139,1,interior
0.6494791102060077,0.7524431492912534,1,interior
0.6362007644360624,0.7499958608341935,1,interior
0.6315035522753948,0.8250590357702849,1,interior
0.6365321267412767,0.8176833383421691,1,interior
0.6228363082578608,0.8257781668067149,1,interior
0.5678766163674275,0.8271135609207717,1,interior
0.5752377049920309,0.8330775686711215,1,interior
0.5891130846140472,0.8247371183222167,1,interior
0.5700662345854708,0.8177866060494599,1,interior
0.6530506891893426,0.7606522680158476,1,interior
0.6431208491711303,0.7726966828222801,1,interior
0.5595286744659574,0.8322379887985472,1,interior
0.5591837790427319,0.8248100487534659,1,interior
0.5627293889372134,0.8192280323371707,1,interior
0.5521772976557252,0.7487418403298031,1,interior
0.5631710089354156,0.7579904815791235,1,interior
0.5539109050724292,0.757085831516189,1,interior
0.5786179703620247,0.7196109122614746,1,interior
0.5840915415407226,0.726549498476653,1,interior
0.5747978641566386,0.7267460213623864,1,interior
0.5925171750905998,0.7302049012932036,1,interior
0.6244488060766624,0.7236509582338156,1,interior
0.6571671212930439,0.7519776418237137,1,interior
0.6438096030248703,0.7465600105409662,1,interior
0.6414577602636434,0.7565239843170265,1,interior
0.654443646609515,0.7446313280867969,1,interior
0.5615915087758658,0.8110780702562291,1,interior
0.5590856029569363,0.7662813103809483,1,interior
0.6067157624305318,0.8320715095621926,1,interior
0.6138666690354501,0.8257118583091021,1,interior
0.5979617699530033,0.8284948788046309,1,interior
0.6308451477639067,0.7200241142702888,1,interior
0.6152217312802083,0.7152688363346454,1,interior
0.6316791837709405,0.7107893967078023,1,interior
0.566584294338491,0.8378053453869686,1,interior
0.574837639188264,0.8423656759113919,1,interior
0.5827999685478579,0.8386674406110203,1,interior
0.5820552101813167,0.8483428444659011,1,interior
0.590626252552176,0.843513503132351,1,interior
0.5987917002841275,0.8379431267253773,1,interior
0.5581844572232096,0.8398140291010006,1,interior
0.5611275253600706,0.8461497316341502,1,interior
0.5680600932670037,0.8460149083779873,1,interior
0.5456793837355006,0.7600898263515699,1,interior
0.5513252618961151,0.7653509839651458,1,interior
0.5436244649254035,0.7680444401671728,1,interior
0.6176596295481661,0.7229410831158759,1,interior
0.5570547661458336,0.7258960957910413,1,interior
0.5661249817250115,0.7263506923805582,1,interior
0.5501062514304155,0.7335744609199111,1,interior
0.6646299009453863,0.7628138364752389,1,interior
0.6624338825002722,0.7557684989830005,1,interior
0.536737722414637,0.7595039278963166,1,interior
0.5443518095877194,0.75212847996423,1,interior
0.5343948719389396,0.7691484225797934,1,interior
0.5511537384578936,0.8099342193199472,1,interior
0.5560700833539562,0.8027144285385619,1,interior
0.5539195766206385,0.8183033576839824,1,interior
0.640610618218868,0.8278570620826203,1,interior
0.640673444744876,0.8093572621518236,1,interior
0.6456261847864254,0.8182656729625947,1,interior
0.634215393406014,0.8325610816473581,1,interior
0.6486817772127909,0.7886983075139435,1,interior
0.6498648909931015,0.7972191827658682,1,interior
0.657990842710446,0.7912263116732178,1,interior
0.6582552562976703,0.8007742602576484,1,interior
0.5853753653762332,0.7166929212097856,1,interior
0.577597881523107,0.7102240913228668,1,interior
0.5709927227926331,0.7180789385192186,1,interior
0.5992820107774824,0.8470671756594407,1,interior
0.5913233446140481,0.8536255675634491,1,interior
0.5906641281052484,0.8340064102287873,1,interior
0.6079501174593174,0.8410784368951545,1,interior
0.5513027394417818,0.8364019246443818,1,interior
0.5520857188860417,0.8278583362624832,1,interior
0.5527563764483935,0.717322613320885,1,interior
0.5493895374573728,0.7253194165551642,1,interior
0.5584069329704765,0.7809318406198694,1,interior
0.5529322398993807,0.7739010377828878,1,interior
0.5444705617764148,0.8164744158050485,1,interior
0.5411239392866911,0.8091311309191093,1,interior
0.5410196425427464,0.8007459326314692,1,interior
0.5955945754989963,0.8624102103806002,1,interior
0.5872970595691155,0.86266107378933,1,interior
0.6007261086707486,0.8556310021924433,1,interior
0.5909793921380092,0.8696820462075271,1,interior
0.5769017413227122,0.8559689942290876,1,interior
0.5971483057070143,0.7803306384958021,1,interior
0.5468298762450399,0.8235244739560775,1,interior
0.5429976146318547,0.8315779148782129,1,interior
0.53974082588273,0.8237257478510214,1,interior
0.6481462066477263,0.7380381973293929,1,interior
0.6624573137670206,0.7389186150282945,1,interior
0.6549132823472481,0.7360960533886225,1,interior
0.6654083465235905,0.7468751723466039,1,interior
0.569894026374374,0.862032860570229,1,interior
0.5729619982869036,0.8514280852851458,1,interior
0.5298186135016046,0.8006827921573997,1,interior
0.5355037308152113,0.7934496220416752,1,interior
0.5514660412871079,0.7935418199829011,1,interior
0.5440699882271434,0.7950340562780802,1,interior
0.5356061335830244,0.8032415437468016,1,interior
0.6081122850269588,0.8503954849753149,1,interior
0.6365558029703223,0.7260130516212836,1,interior
0.6431681448071781,0.7243357963242337,1,interior
0.6427086194296436,0.7317925624669562,1,interior
0.5442859061733344,0.8411231371649354,1,interior
0.5358694676352607,0.8377511743801586,1,interior
0.532328300220249,0.8283737883538942,1,interior
0.5522588189579838,0.8462262521435429,1,interior
0.5379825238125442,0.8468096119300638,1,interior
0.5450637169023937,0.8493690559500283,1,interior
0.666645444033608,0.7325018781492034,1,interior
0.6508846066019391,0.727784134954232,1,interior
0.5348798307296045,0.7778199882745536,1,interior
0.542966623902147,0.7773909871096307,1,interior
0.5241132039040116,0.7688585357876155,1,interior
0.6195490060689626,0.8198100355732889,1,interior
0.6307730712168723,0.8390409657190713,1,interior
0.6261015616470774,0.8327339968378614,1,interior
0.5349222323815892,0.8179354930824568,1,interior
0.5740406448963115,0.8720710325293227,1,interior
0.5609540747484472,0.8663816965558263,1,interior
0.5667200386202406,0.8725157273457991,1,interior
0.5623618658417363,0.859394830210485,1,interior
0.5256033463130966,0.7926206816484248,1,interior
0.5287343496286085,0.7843020723543196,1,interior
0.5438580829244114,0.7876045280240259,1,interior
0.6599251901284391,0.7847234710011792,1,interior
0.664840238970591,0.7707764653419447,1,interior
0.6701038813031399,0.776405129050061,1,interior
0.6616985818128452,0.7781119378366638,1,interior
0.5659430287853554,0.7937773597853939,1,interior
0.6727491082147804,0.7680308062413598,1,interior
0.6708357331055393,0.7542967408380634,1,interior
0.6742166607213861,0.7607655081811328,1,interior
0.579889861414915,0.8751995211410032,1,interior
0.5628412463499717,0.8790784364203063,1,interior
0.6229002382576949,0.8412895646835287,1,interior
0.6310326010240275,0.8472276384882201,1,interior
0.616359029005823,0.8338000107497547,1,interior
0.5470696816900845,0.7424647767125583,1,interior
0.5415815754975474,0.7277980217453669,1,interior
0.5392430940951957,0.7363879547786966,1,interior
0.537211709945271,0.7845990691846089,1,interior
0.5480324646537977,0.8020404691327373,1,interior
0.5509178550901193,0.7835699955807827,1,interior
0.5655869578803142,0.8533405076035017,1,interior
0.6763228696491222,0.7465481392834813,1,interior
0.6725845802313414,0.7385148581190951,1,interior
0.6026146359077131,0.7155609555105947,1,interior
0.6398093575554277,0.8489858016548709,1,interior
0.5228574331059046,0.8293920225571142,1,interior
0.5246629122128317,0.8205862127246907,1,interior
0.5261960731054897,0.8374016474103196,1,interior
0.6268614203556034,0.8576360164822617,1,interior
0.6345412546511124,0.8544463505183604,1,interior
0.6230331314709379,0.8499767719018573,1,interior
0.6389150030786145,0.8393793084910238,1,interior
0.6790109165876675,0.77347087151442,1,interior
0.6819664179986088,0.7640460077629859,1,interior
0.5490475679932639,0.8565513411145241,1,interior
0.6800750132834184,0.7546249278672258,1,interior
0.5307778470650684,0.8106763814704359,1,interior
0.5215284033447279,0.8122915124305763,1,interior
0.5150415476510192,0.8178529115844414,1,interior
0.5142422471791941,0.8267853568474569,1,interior
0.5286999219101579,0.7374542662957443,1,interior
0.5401964944991796,0.7449523297497415,1,interior
0.5324735477535794,0.7289662505345923,1,interior
0.5259166823816984,0.7224238227811419,1,interior
0.5360660809177865,0.7194208694210961,1,interior
0.5228629883941182,0.7313079503098828,1,interior
0.5583836730901562,0.7888029586256576,1,interior
0.5591545789413725,0.7962955965813795,1,interior
0.6155394311143711,0.8470195984085397,1,interior
0.6409222161593369,0.739181418657157,1,interior
0.6168505010173817,0.856088099216728,1,interior
0.6468951244011305,0.8349637923240021,1,interior
0.6488418173757944,0.8265899870502571,1,interior
0.6903545749437684,0.7635649253841266,1,interior
0.6878433414229139,0.7714667590994062,1,interior
0.6884294484507146,0.7560165219880632,1,interior
0.6861870288134093,0.7474904543200486,1,interior
0.6955354613932762,0.7496486159971435,1,interior
0.5286982255434979,0.7144953420818896,1,interior
0.5197443554587572,0.715248897921967,1,interior
0.7040393356878453,0.7538374791811703,1,interior
0.7035944090670624,0.7433733797385289,1,interior
0.6931280658467384,0.7407306195910057,1,interior
0.6968461430120595,0.7588553067615572,1,interior
0.707552730903175,0.7352695922194508,1,interior
0.6990537272125142,0.7331762886604677,1,interior
0.7119110762194086,0.7497287226217794,1,interior
0.7141669841895891,0.7410537178263267,1,interior
0.5098667462217269,0.7151056760480654,1,interior
0.5153639282638941,0.7242003659179911,1,interior
0.5141279263204076,0.7084875469503077,1,interior
0.5252630236292839,0.7066127048204667,1,interior
0.5786138824219728,0.8634556968110663,1,interior
0.5835585585744917,0.8565448688307804,1,interior
0.5175506222954717,0.804228998946582,1,interior
0.5248996292079038,0.8058866641285393,1,interior
0.5286243099922013,0.7753873812233671,1,interior
0.6647323859737502,0.8112610991900738,1,interior
0.6584533206587594,0.8102341288825502,1,interior
0.650331641148092,0.8083677761259119,1,interior
0.6682185001625293,0.7957141473318738,1,interior
0.6707618529618502,0.8133160276655361,1,interior
0.6788100288405028,0.8126572136915833,1,interior
0.6630339530392041,0.8181052771997207,1,interior
0.665954340519325,0.8049229348918404,1,interior
0.6550649830592504,0.8200624803298481,1,interior
0.6739696696243515,0.8045486515818269,1,interior
0.6830184295310883,0.7394371753597994,1,interior
0.6782231315577834,0.7971618866270327,1,interior
0.6825034217489653,0.8051758768550906,1,interior
0.68365357690464,0.8200217689798354,1,interior
0.6761010911120776,0.8211864275905372,1,interior
0.5136354316774348,0.8101884328182984,1,interior
0.6553864953833477,0.8310820041845034,1,interior
0.5193156150227302,0.786057381456442,1,interior
0.5213732842858657,0.7772654946896863,1,interior
0.6534267659071976,0.8395913585967664,1,interior
0.5399541431191061,0.8553824474678482,1,interior
0.5511105011599978,0.8664634102960607,1,interior
0.557312056974105,0.8534364878809839,1,interior
0.542199848640745,0.8635598991391845,1,interior
0.6800971127289861,0.7316836761790699,1,interior
0.6895450517293122,0.7321518465900491,1,interior
0.6434701927984644,0.8013539007399244,1,interior
0.5000497608972351,0.7153568629527854,1,interior
0.5062713547853868,0.7221149931082971,1,interior
0.49821245975318007,0.7248582378280276,1,interior
0.5027529693260346,0.706655315919031,1,interior
0.5097364793760552,0.701291081785635,1,interior
0.7244806802123981,0.7382382964229098,1,interior
0.7210514065565846,0.7473117220343464,1,interior
0.7258545808849034,0.7556580360740085,1,interior
0.7115885694943452,0.7594844176988641,1,interior
0.5349502132002208,0.7504965123755531,1,interior
0.526911173996092,0.7611437883163159,1,interior
0.5250214594816416,0.8466469635686611,1,interior
0.5316955288856725,0.8526116382009448,1,interior
0.5060658029866801,0.7305550223686028,1,interior
0.495689402386991,0.7352353641949743,1,interior
0.4896294306963989,0.7266296670537722,1,interior
0.491314019198097,0.7178136212310718,1,interior
0.6636358932525861,0.8285043006632505,1,interior
0.6918098399496729,0.818675219231234,1,interior
0.6810511283136774,0.8288572202410754,1,interior
0.6733687994327887,0.8301333333881183,1,interior
0.5022190119803495,0.6978049541370385,1,interior
0.5284433299563444,0.7542829925495175,1,interior
0.5184820456059438,0.7620525437221003,1,interior
0.514563818124753,0.7694294605169201,1,interior
0.6396930420481711,0.7069682595261936,1,interior
0.6230117293878062,0.7148696343931243,1,interior
0.6252016764375273,0.7058851818485464,1,interior
0.6325401692455476,0.7002772361788037,1,interior
0.6167742203066452,0.7057101153994253,1,interior
0.5147698756258124,0.7334122509813072,1,interior
0.5189345784001146,0.7417340072641511,1,interior
0.5336372499431624,0.7428427181657973,1,interior
0.5056959048931399,0.7670139819023076,1,interior
0.5098258685106031,0.7590812288707282,1,interior
0.5134421564751884,0.7789510894911854,1,interior
0.658408070138189,0.7231739878913791,1,interior
0.6597809836501716,0.730364943960788,1,interior
0.6078466878514943,0.7012520527808698,1,interior
0.6139932255182683,0.694811010291711,1,interior
0.6228808715492863,0.6974098100828594,1,interior
0.6914354934446544,0.8041776895381618,1,interior
0.6964815012916571,0.8108221178967673,1,interior
0.5014015541024818,0.7527561456280175,1,interior
0.49980171269643187,0.7618490403407293,1,interior
0.5192734791587087,0.7531301746264283,1,interior
0.5867416017516446,0.7091143937319595,1,interior
0.5944055685808178,0.7137692811184044,1,interior
0.5927843954260917,0.7039276856882037,1,interior
0.6756460656118246,0.7812298584584954,1,interior
0.6673847129090479,0.7857558245443604,1,interior
0.6467829133466567,0.843897980100449,1,interior
0.6420590331575873,0.8586526814740782,1,interior
0.5503028484893345,0.8740562646650923,1,interior
0.534490774021374,0.8695644514941502,1,interior
0.5429915397281725,0.8716047965721008,1,interior
0.5337069464972504,0.8615822922489137,1,interior
0.5016895071350588,0.7438602647898468,1,interior
0.5027732515694031,0.7370071122995954,1,interior
0.48131686245609284,0.7282105295026058,1,interior
0.488695414937518,0.7412717522806596,1,interior
0.6090608276744437,0.7110876902086138,1,interior
0.557731269859164,0.8732764207913113,1,interior
0.545221048892374,0.8787385436711499,1,interior
0.5531933069141153,0.8812210113457235,1,interior
0.6956019384204085,0.8252429531051358,1,interior
0.7003400415697913,0.8188054673795517,1,interior
0.6700460260666384,0.8382331726412787,1,interior
0.6692544871750263,0.8222881238956694,1,interior
0.6611546000435815,0.8387358037780813,1,interior
0.7152681917719081,0.732271193991067,1,interior
0.7081341299816248,0.8200925837069493,1,interior
0.7021634420809556,0.8284993578347323,1,interior
0.6874110013555144,0.8119725443002365,1,interior
0.7055223996484506,0.8108373903439391,1,interior
0.5990969416569926,0.6977411406288506,1,interior
0.5833457128007917,0.7018831269596686,1,interior
0.5900807025199838,0.6953897315153753,1,interior
0.6391230737597673,0.867280801905955,1,interior
0.6471330787755644,0.851695362515364,1,interior
0.6341712801257622,0.8614185963710025,1,interior
0.5961701511214116,0.688695277024559,1,interior
0.6050897902675694,0.6911496177290881,1,interior
0.60111284455619,0.70703768967725,1,interior
0.5226831477227665,0.7992669806938824,1,interior
0.5086832415539446,0.8028288442215129,1,interior
0.5158664098841784,0.7950779757115847,1,interior
0.6765457665897626,0.7886865815595804,1,interior
0.6469234288295043,0.7195921899428195,1,interior
0.6041941193567437,0.8633801285220404,1,interior
0.5624056943482397,0.7180598739116504,1,interior
0.5445576794707134,0.7202857332574896,1,interior
0.5312517626053189,0.8441597019316516,1,interior
0.5002257299227257,0.8197989341058057,1,interior
0.506410077820365,0.812809829111333,1,interior
0.6669105686687237,0.7240477162230977,1,interior
0.5996859880054479,0.8695153598966993,1,interior
0.6019553369112003,0.6808819228586376,1,interior
0.5942087942539249,0.6737038999985243,1,interior
0.592363559152368,0.6810710876586448,1,interior
0.5871010360927992,0.6869011706046219,1,interior
0.6029775478277773,0.6722592545743137,1,interior
0.6115185594413973,0.6846296606232253,1,interior
0.6205212806187227,0.687917407516441,1,interior
0.6128502822796046,0.8641557039957265,1,interior
0.6079047525472748,0.8702284856846311,1,interior
0.505084091156932,0.7799690497538636,1,interior
0.5103947356970086,0.7870978378735664,1,interior
0.5071605808169437,0.7736017299623945,1,interior
0.5265780331421236,0.7464372092792358,1,interior
0.7301800177239719,0.7465708758285214,1,interior
0.735122553363876,0.7562403091037504,1,interior
0.7197724234828466,0.7645790540133827,1,interior
0.7285459050765715,0.7645475511055583,1,interior
0.6214037605339624,0.8650770374005098,1,interior
0.6086899632541376,0.857669857453575,1,interior
0.5809977598178463,0.6936152515360322,1,interior
0.516425829645304,0.8357702851158396,1,interior
0.5103181129374862,0.7487493815832001,1,interior
0.4924283323502256,0.7555082511773109,1,interior
0.6243595155569924,0.8732641932996666,1,interior
0.6160710198546756,0.872018018807818,1,interior
0.630337487641113,0.8679385914819415,1,interior
0.5156495368077618,0.6961963753671322,1,interior
0.5088033487282941,0.6930439734032894,1,interior
0.5180074038314161,0.702482761293474,1,interior
0.5672453704466751,0.7086955365561571,1,interior
0.5589115640895492,0.7115229732984095,1,interior
0.4918199600793908,0.7643566141467661,1,interior
0.49694465798328913,0.7727307087832401,1,interior
0.48390662640088467,0.7598140059763203,1,interior
0.6800039156786596,0.8386486249933451,1,interior
0.6886272797788816,0.8268006223645753,1,interior
0.7004470363994229,0.8394582979692455,1,interior
0.7103498628443807,0.8283429890567766,1,interior
0.6944626043151491,0.8333252707296851,1,interior
0.706370420964556,0.8344802289398384,1,interior
0.7175308370863315,0.774511749786117,1,interior
0.7311200572728677,0.7724919926675178,1,interior
0.718253575145775,0.7553771751441876,1,interior
0.7113690924614975,0.7693336714820923,1,interior
0.6190491647775571,0.6785603984899445,1,interior
0.6108010873455593,0.6750368362793342,1,interior
0.672756722899853,0.7298798785325893,1,interior
0.6966015459439504,0.7682290446483306,1,interior
0.7042007726045313,0.7638565053848908,1,interior
0.5912929408982626,0.7218466471862812,1,interior
0.5095566172253563,0.7397384842494318,1,interior
0.582837781509736,0.8698137984915212,1,interior
0.7449851505646881,0.7524574988170123,1,interior
0.7428130348793242,0.7618092768794972,1,interior
0.7386713949538836,0.7468598048847117,1,interior
0.7363982146519102,0.7672588104013861,1,interior
0.5435592300738151,0.7039952627382643,1,interior
0.5354468075922098,0.7091354963645897,1,interior
0.48585942007454225,0.7342481159732106,1,interior
0.5843482078036203,0.676485994929437,1,interior
0.7034105081973685,0.7736744981057616,1,interior
0.7365816259834447,0.7781676712467023,1,interior
0.7240093725954747,0.7733515729931163,1,interior
0.7285660252830155,0.7796140693543023,1,interior
0.7434361388712271,0.7718965560275604,1,interior
0.7139584544375971,0.8130405979341825,1,interior
0.7082422651214281,0.7953185892090566,1,interior
0.7123392934999127,0.8034083019182915,1,interior
0.5072587122376018,0.7942913822237366,1,interior
0.6556047038630941,0.8481986278573267,1,interior
0.6610380924422543,0.856742255018121,1,interior
0.6656072089826968,0.8471868579726306,1,interior
0.6679635328445739,0.8622794747480848,1,interior
0.6552669737043404,0.8635737794562915,1,interior
0.631398122272145,0.8764648568807418,1,interior
0.6369406609784554,0.874783760727386,1,interior
0.6710722317675776,0.8547004524000799,1,interior
0.6753140174383722,0.8470510610276986,1,interior
0.5732738716805221,0.6999525805328883,1,interior
0.6476583769387598,0.8670149916016836,1,interior
0.643708050936094,0.8738590166021281,1,interior
0.6853052399202071,0.7249029878265011,1,interior
0.49980006837095026,0.7974080879247465,1,interior
0.7257908780636823,0.7237533918605501,1,interior
0.7063567017431439,0.72617707574678,1,interior
0.7174007526973096,0.7232833966903278,1,interior
0.7226016528679177,0.7300876697418022,1,interior
0.6190487757854334,0.6684736865983745,1,interior
0.6278550510039862,0.6816738965723906,1,interior
0.5589450792741758,0.7046625229480513,1,interior
0.6868455050952228,0.8345684274895188,1,interior
0.6945437120964364,0.7227227225739531,1,interior
0.7107788676949208,0.7798129250375613,1,interior
0.4924092968327812,0.7078145050079024,1,interior
0.6960804902514772,0.8464130879863166,1,interior
0.6721492715627696,0.7160339734282756,1,interior
0.5601706380405428,0.8836601098378859,1,interior
0.6629944256340548,0.8666859097998684,1,interior
0.6745675168468185,0.8620955654071122,1,interior
0.6805616610136842,0.8626875667941307,1,interior
0.6836134319974553,0.8471042402637308,1,interior
0.6902920317513074,0.8418409776610298,1,interior
0.5630452831113807,0.6994072163433768,1,interior
0.6781759104452004,0.7102675574913879,1,interior
0.6649711112277299,0.7077333530962574,1,interior
0.6511913433157713,0.8578022539107382,1,interior
0.53424782514567,0.699062858994947,1,interior
0.5241356689143191,0.6970582648650061,1,interior
0.6926353202756913,0.786297227191239,1,interior
0.6849482648982117,0.7907770175066376,1,interior
0.49260609713900905,0.8090435564290349,1,interior
0.4982296105481895,0.8131361986769645,1,interior
0.5000038023187148,0.8056561728375886,1,interior
0.6294970277671339,0.6905473760982233,1,interior
0.536689379742408,0.8786423111682141,1,interior
0.7309658145021983,0.7307396074470024,1,interior
0.725199827357407,0.7147113923523531,1,interior
0.7328224904853543,0.7223397310275536,1,interior
0.7167922221081359,0.7153138162544341,1,interior
0.6840997840674964,0.7162977883336371,1,interior
0.6932506078452928,0.7109143735295325,1,interior
0.5525917723676225,0.6985846553702441,1,interior
0.5584474056512815,0.6914381998208937,1,interior
0.4746539541184231,0.7449406565307887,1,interior
0.4780601792287878,0.7530198174820126,1,interior
0.5437580936409954,0.8851927756099425,1,interior
0.556115605183915,0.8870863295294379,1,interior
0.7228533286082203,0.7037906682378995,1,interior
0.7102946249901632,0.7191157041850136,1,interior
0.7098527223950908,0.7045913002666978,1,interior
0.5353023591675757,0.8874777691045055,1,interior
0.5271182763467346,0.8747706081751789,1,interior
0.5290898663848687,0.8824087789358513,1,interior
0.6845942844555069,0.7811597221143288,1,interior
0.6942982358533799,0.7772093659202232,1,interior
0.5007616303153116,0.7881261421439361,1,interior
0.49912835078401685,0.7803875344492328,1,interior
0.4863930909687706,0.7776998993772702,1,interior
0.48546220089188274,0.7698974087992196,1,interior
0.493305794216052,0.7827178847794919,1,interior
0.5730504435645113,0.6898047477174222,1,interior
0.5666896267085259,0.693286907382066,1,interior
0.5499371426311654,0.889615983101953,1,interior
0.7501957040290018,0.7666619865103871,1,interior
0.7503546336116946,0.7584276293923176,1,interior
0.5247393172374478,0.8663525474261543,1,interior
0.6422685018509785,0.6764768364638393,1,interior
0.63443405923911,0.674250412285494,1,interior
0.636598965173835,0.6836164214906515,1,interior
0.7211727108982715,0.7841282834774985,1,interior
0.67355605058473,0.702154411470987,1,interior
0.6566138453558072,0.7019001122052316,1,interior
0.6638832543359814,0.6980106309385835,1,interior
0.655632717865258,0.7098485124807471,1,interior
0.6719332476910768,0.709234460076023,1,interior
0.7133515026426844,0.7882613739610155,1,interior
0.7064188430503726,0.7874873894034824,1,interior
0.6622728749853712,0.7160950130796239,1,interior
0.6535016322450433,0.71789437781931,1,interior
0.6153510175090451,0.8403941178433243,1,interior
0.4910262604542036,0.7926882176101936,1,interior
0.6902761039350473,0.8513546730738673,1,interior
0.7218159501287317,0.8143578400118411,1,interior
0.7199444793096956,0.8078183956122142,1,interior
0.7233097231705938,0.8203313246882047,1,interior
0.47680215707530077,0.7350840512092179,1,interior
0.5992227340811533,0.6656307473099105,1,interior
0.5887193278394015,0.6665528813119528,1,interior
0.7010667139320242,0.8017815447765372,1,interior
0.5765450641608403,0.6754974917856817,1,interior
0.5776781818510599,0.6669871883593836,1,interior
0.5716955290093646,0.680546331443204,1,interior
0.47923095102399466,0.7838932194774034,1,interior
0.47637016862256293,0.775879014187794,1,interior
0.7473743361809453,0.7435205269829034,1,interior
0.5189544832005438,0.8426815534435692,1,interior
0.5105254177197128,0.8443650584475816,1,interior
0.5075924578273269,0.8350927480204372,1,interior
0.6701186713932067,0.6923407116185804,1,interior
0.6494708582414555,0.6968156940682156,1,interior
0.6482702414878506,0.7043657688494737,1,interior
0.6615882917564908,0.6887196584657245,1,interior
0.7580481394078714,0.7435892780158229,1,interior
0.7365174949221366,0.7381519962927925,1,interior
0.7527796147016156,0.7365413402609419,1,interior
0.7558153416884935,0.7520477472512284,1,interior
0.7451950229519507,0.734691200761336,1,interior
0.7175719884303381,0.7945636114962098,1,interior
0.726534578297282,0.7936589651787251,1,interior
0.7311508145066887,0.7869321289700557,1,interior
0.7575316411327538,0.7699576488379047,1,interior
0.7516359784183716,0.7760350919010036,1,interior
0.7577987632986513,0.7620562442447584,1,interior
0.582393567144863,0.6602134971575043,1,interior
0.5674681534206466,0.6618848323395609,1,interior
0.5692242545646736,0.6713397946527705,1,interior
0.5754408242241903,0.6565729779101149,1,interior
0.5338089962202665,0.8946608551876928,1,interior
0.5279533636449657,0.8969421037700936,1,interior
0.5260563615529367,0.8895237947476117,1,interior
0.5416946899492171,0.8932136732874146,1,interior
0.47094066995309675,0.7836034372366693,1,interior
0.48243406239895326,0.7912592578513358,1,interior
0.4741916527447774,0.7913781072463747,1,interior
0.6502826794544355,0.6784620688586349,1,interior
0.6458119228034497,0.6879045170268469,1,interior
0.6475572687017124,0.6700254035327544,1,interior
0.4802892524600576,0.798890548449718,1,interior
0.48667354710977956,0.7855592515954125,1,interior
0.6420248344205957,0.6980231534838687,1,interior
0.6551803268486459,0.6933622181895308,1,interior
0.7445497975829714,0.7817143891712863,1,interior
0.7614455633224559,0.7767244022051485,1,interior
0.48458351728869253,0.700301310653256,1,interior
0.48412270823768266,0.7130226747434348,1,interior
0.49428810216446,0.6980503574340006,1,interior
0.47026210650012984,0.7707966083824732,1,interior
0.4632630973078358,0.7696768881244047,1,interior
0.4640223676122351,0.7837548329542529,1,interior
0.7663640368249981,0.7683592991543055,1,interior
0.7709484093747206,0.7787658765149285,1,interior
0.756479654184769,0.7812100082432023,1,interior
0.7616069254560535,0.7860547575010958,1,interior
0.6552859495649529,0.8702433542371827,1,interior
0.6670629378685279,0.6823262352339078,1,interior
0.6750055769062578,0.6858514625786379,1,interior
0.6539384292338265,0.6857860873412716,1,interior
0.491083564443906,0.8014292883458395,1,interior
0.4940469291015011,0.7463459034040678,1,interior
0.48470247677722295,0.7491839576224428,1,interior
0.6909588492913031,0.8588126350441146,1,interior
0.469995770277768,0.7535884403774685,1,interior
0.4652973783662599,0.7462602414777814,1,interior
0.4689270556213691,0.7367253723320913,1,interior
0.5607881489160377,0.6541805356896643,1,interior
0.5684084737971982,0.6525386183352957,1,interior
0.5581752372478591,0.6614821466274732,1,interior
0.5606021718892465,0.6685731900805916,1,interior
0.7641481753608966,0.7585411379755473,1,interior
0.776917653552936,0.7705172282916842,1,interior
0.7811723511625155,0.7645337807308752,1,interior
0.7807476920295664,0.7574994017522038,1,interior
0.4924842534987454,0.6885889961101439,1,interior
0.48683150871678693,0.692648002532545,1,interior
0.7397022180057249,0.7199623145259835,1,interior
0.7343189919790261,0.7149152017833679,1,interior
0.74053604376733,0.728116203546348,1,interior
0.7666901811034946,0.7506569607541792,1,interior
0.5633154955755538,0.6770822356451935,1,interior
0.5651691182875594,0.6854795108621196,1,interior
0.5792740816525487,0.6843887976271508,1,interior
0.5028115056433954,0.8501765715842181,1,interior
0.5177273462215648,0.850338175320831,1,interior
0.5113199766358612,0.8546204450727494,1,interior
0.5569520134218601,0.6828934931426751,1,interior
0.5550836252061129,0.6742717165166897,1,interior
0.4748411397206786,0.7003184781658832,1,interior
0.48509747570880635,0.6836787322765534,1,interior
0.4795451209237609,0.6925772724368616,1,interior
0.475351463814084,0.75956258277833,1,interior
0.4921434338650251,0.8471652025239171,1,interior
0.49637157362174317,0.8547376401275543,1,interior
0.5043342937455204,0.8595262074590749,1,interior
0.5010574764342213,0.8420681548778536,1,interior
0.6999031269086813,0.7917869229845865,1,interior
0.692817093327667,0.7955739968303184,1,interior
0.7010728618345943,0.7825540649248012,1,interior
0.516312067040228,0.8875708556831646,1,interior
0.5206998411133855,0.880874322689586,1,interior
0.751364281164191,0.7276261779694388,1,interior
0.5242505904150212,0.8535438337927305,1,interior
0.5182658440612856,0.9030310559786493,1,interior
0.5208182472635998,0.8968296607004813,1,interior
0.5080811850330523,0.8209868251217166,1,interior
0.4730335873235466,0.7260784549976517,1,interior
0.46437523816620385,0.7291469566721974,1,interior
0.4560767772753038,0.7311288418482512,1,interior
0.45663989562297386,0.7477199182751432,1,interior
0.4871823994286333,0.8538491564316568,1,interior
0.5056650684933156,0.8685070607874404,1,interior
0.4947641871000078,0.862250901673565,1,interior
0.4563924853017195,0.773834737673224,1,interior
0.458074908052796,0.7638596608827175,1,interior
0.4677602962516859,0.7626834367415194,1,interior
0.7021642432273345,0.7167120006915785,1,interior
0.6390600128931886,0.7167415472807964,1,interior
0.4574767706158135,0.7840107082079868,1,interior
0.45038998754278364,0.7666562036119019,1,interior
0.4652485712911889,0.7773387384593382,1,interior
0.4493324123711457,0.773164972037363,1,interior
0.7164151864015614,0.8219439864445224,1,interior
0.6837508556357447,0.7058883073961436,1,interior
0.6768053541058001,0.7232057194898892,1,interior
0.7882005715905488,0.769838110085421,1,interior
0.7883816050598217,0.7604326249269835,1,interior
0.7829916436477308,0.7774443672014238,1,interior
0.7727864688643393,0.7605389994344087,1,interior
0.7780102096287799,0.7841401391175394,1,interior
0.6236231771725775,0.661482925140535,1,interior
0.6150385268566939,0.6584042300329306,1,interior
0.6297890688269934,0.666399505134645,1,interior
0.7701531706345269,0.7892260630775733,1,interior
0.5272048209742386,0.8592432441095557,1,interior
0.5138322603149099,0.8638660655419895,1,interior
0.5169200537407778,0.8721619903831265,1,interior
0.7287055172425846,0.8087207342711304,1,interior
0.7305975453490063,0.8011397539117265,1,interior
0.7945378834353582,0.7659573827370194,1,interior
0.6400773445282685,0.6644651623544817,1,interior
0.6513778103092708,0.6619544425907599,1,interior
0.6558671981712634,0.6705013419331598,1,interior
0.45928877614022107,0.7235436389623251,1,interior
0.4659806640822056,0.7182111528968476,1,interior
0.49579355795102,0.8707345015089262,1,interior
0.48819030968186466,0.8677526232220105,1,interior
0.6798829985399422,0.6798720425266366,1,interior
0.6737665301948821,0.6752498003383279,1,interior
0.683463035057164,0.6870976171292651,1,interior
0.6801381672869661,0.6956838671184132,1,interior
0.7861510958569207,0.7849405266736721,1,boundary
0.4822016882583164,0.7209312208119888,1,interior
0.4844769385281932,0.8087422723494556,1,interior
0.47072390677390036,0.8044729605303845,1,interior
0.510616355022283,0.8786195382148781,1,interior
0.5195020567556111,0.8587814395814358,1,interior
0.7322444449839319,0.7068087568328186,1,interior
0.7203219904114592,0.6951892291921998,1,interior
0.7276923117368638,0.6971843900817333,1,interior
0.5745563644653912,0.6456182485180678,1,interior
0.583505846772595,0.6508382605253503,1,interior
0.6816405617495835,0.855478904640866,1,interior
0.47693500799307453,0.7667256526177334,1,interior
0.44234085434377307,0.7726235359268527,1,interior
0.4406180862500542,0.7841446771044299,1,interior
0.4353100571471071,0.7771596690456819,1,interior
0.44437772508883616,0.7631845403300205,1,interior
0.46045330197498263,0.804687835320055,1,interior
0.4576700609355974,0.7949940635245676,1,interior
0.4656637984141205,0.8128295810716343,1,interior
0.4751561213695283,0.811936419137029,1,interior
0.46815073860910733,0.7977035704270404,1,interior
0.45137866303421476,0.7390911307701385,1,interior
0.4603017261728999,0.7385913097497618,1,interior
0.44467247438730384,0.7422879500508025,1,interior
0.45038219564756543,0.7566087242366696,1,interior
0.44964114611068534,0.7477537236252088,1,interior
0.7286938928053582,0.8159244321290973,1,interior
0.7224118223409987,0.8014560676715704,1,interior
0.5507002276201729,0.6663675725763022,1,interior
0.6469993268910142,0.7121474797650716,1,interior
0.5491374243523219,0.6886114375557514,1,interior
0.550280434060042,0.6801410376235839,1,interior
0.542978510992464,0.6806615215406797,1,interior
0.5114652575560058,0.893756867588133,1,interior
0.5826621193884141,0.6423930713310335,1,interior
0.5928750095290779,0.6505343918002121,1,interior
0.5905216749440345,0.6427770280926356,1,interior
0.4315961378485701,0.7625595150294244,1,interior
0.44233298600373416,0.7498954791518414,1,interior
0.43835269978336583,0.7570738966338807,1,interior
0.7606802931339678,0.7337545953312189,1,interior
0.7656546060112321,0.7417920347239612,1,interior
0.7375751158007082,0.8059979260208007,1,interior
0.7365716236409033,0.7957383824260358,1,interior
0.7422372055916524,0.7124825075653496,1,interior
0.5515654201093665,0.7080189810370371,1,interior
0.5437284240503943,0.6960327379402342,1,interior
0.70261739650515,0.7078082214930416,1,interior
0.7044256028331009,0.6992475995383747,1,interior
0.7097851651136162,0.7117316622768817,1,interior
0.5317958797052494,0.6753208354662752,1,interior
0.539115080161319,0.6893681284048966,1,interior
0.6885269021566673,0.692706098806238,1,interior
0.6971350595262015,0.7024997610872387,1,interior
0.6968356584715448,0.6938366874677505,1,interior
0.7061410409625962,0.6915892396184717,1,interior
0.7544836227606563,0.7925133758459592,1,interior
0.751865006726761,0.7854237732399348,1,interior
0.5962272874253176,0.6585649693895749,1,interior
0.58886531182297,0.6576678201624919,1,interior
0.5023975233721797,0.8817444507275927,1,interior
0.4879487816300471,0.8756989554871258,1,interior
0.685889813908669,0.7986544121217709,1,interior
0.49366064524086717,0.8395304805744861,1,interior
0.4794756566524984,0.8445368297774835,1,interior
0.7732599569818349,0.744162107110908,1,interior
0.5293827041429159,0.6898032214065516,1,interior
0.4328884715889043,0.7700023488429134,1,interior
0.43107763484490874,0.783575630263344,1,interior
0.42701492914996814,0.7756237029525687,1,interior
0.7562331221004036,0.708776971779153,1,interior
0.7405473158168281,0.7035373556245447,1,interior
0.7518641717514164,0.7168037572774894,1,interior
0.7460984845092503,0.7210516491313651,1,interior
0.6091529555814972,0.665959127444231,1,interior
0.47830614879118644,0.7071758416272024,1,interior
0.5557389264613063,0.8607743737582233,1,interior
0.4751533110617047,0.7157927985969036,1,interior
0.4852452072044127,0.7065593729241328,1,interior
0.6843757521908626,0.6724082232476906,1,interior
0.6707279757540134,0.6655440261644783,1,interior
0.6644859691377268,0.6723663063417873,1,interior
0.7667381859290757,0.7189604163092347,1,interior
0.765411877008839,0.7095604017004777,1,interior
0.7592450844055728,0.7239391730047878,1,interior
0.5952365048545014,0.872516278809186,1,interior
0.4489780695170862,0.7798107205835881,1,interior
0.46115734593097274,0.7553816904717361,1,interior
0.4770904734704911,0.8541291046189311,1,interior
0.4761589970528785,0.8617465687427639,1,interior
0.443515917973428,0.7243330133431543,1,interior
0.6260912880330018,0.6737504690806292,1,interior
0.5398707045636525,0.6706946765179922,1,interior
0.6374465617391515,0.692039096294599,1,interior
0.7676722421284338,0.727642976988966,1,interior
0.770266977204232,0.7359270893032716,1,interior
0.7962220032691529,0.7604331409492244,1,interior
0.48201873031962567,0.834116393649721,1,interior
0.47500693889170514,0.8350988874562069,1,interior
0.46887630332545754,0.8482048577636573,1,interior
0.4684818292828146,0.8389712437768414,1,interior
0.564001454978074,0.6445925105394716,1,interior
0.5553598790634041,0.6483506739785697,1,interior
0.5479940292350811,0.6496148818036516,1,interior
0.6013124854376956,0.6503212749587078,1,interior
0.5975595017383977,0.6432192892774512,1,interior
0.4419452073286889,0.7339043338738611,1,interior
0.43369454424419346,0.7497133383237742,1,interior
0.4374505759556522,0.7417913917812314,1,interior
0.6588078702386487,0.679576023624321,1,interior
0.4604108211742305,0.8318096852064711,1,interior
0.4687562276101693,0.8290822705973976,1,interior
0.45951599698923745,0.842280584680456,1,interior
0.7410723126698308,0.6942575124656473,1,interior
0.7239306824768211,0.6874200159682011,1,interior
0.7331256374142217,0.6906749434837033,1,interior
0.4381470223624655,0.7651928352881001,1,interior
0.4325041668596928,0.7339916070022435,1,interior
0.42310137141686877,0.7353151043298679,1,interior
0.42918418298785405,0.7418517397560224,1,interior
0.49480044477097757,0.8795387205717908,1,interior
0.497000918472928,0.8877959895962787,1,interior
0.5067943535999714,0.8874396528789331,1,interior
0.5013122419093363,0.895350812456024,1,interior
0.4868129803418789,0.8861694718364025,1,interior
0.42595013793442255,0.749070905544163,1,interior
0.4205915793054449,0.7436218140838934,1,interior
0.8007021256204618,0.7506360951730265,1,interior
0.794831151739133,0.7545482340712898,1,interior
0.7609234137973069,0.7026303082854088,1,interior
0.7484004183216655,0.7072319155131744,1,interior
0.7596941434026865,0.7157453139322818,1,interior
0.7536297351383953,0.7004014886246924,1,interior
0.49484520272124294,0.825921006405023,1,interior
0.4715556772414852,0.8199954796470977,1,interior
0.4810340337673435,0.8180302796458617,1,interior
0.741066181944528,0.6851734395325456,1,interior
0.7319429030812669,0.6828031693201123,1,interior
0.7256734198577381,0.6770175110798142,1,interior
0.6782882150488675,0.6599188971590294,1,interior
0.6616874509137123,0.6616478213804485,1,interior
0.678572606431148,0.6675975191154219,1,interior
0.664379758592743,0.6520446216761241,1,interior
0.7785769981148395,0.7381799691988501,1,interior
0.7810385109920566,0.7453106608798428,1,interior
0.7764540854660046,0.7518516956191927,1,interior
0.44926144184642297,0.8021328297430625,1,interior
0.45026536450069043,0.7952713490184359,1,interior
0.6053367348153832,0.6580767148463026,1,interior
0.4553652016233438,0.836068286259182,1,interior
0.4626415683617661,0.8220568123330807,1,interior
0.45068836347266955,0.8304359844993049,1,interior
0.7346913727401821,0.6986928329505634,1,interior
0.5493593374113569,0.6427373035846561,1,interior
0.5608162501453947,0.6341543303703043,1,interior
0.5702105245948572,0.6372411974405547,1,interior
0.7179561506460856,0.6734424605464833,1,interior
0.7163169655648643,0.680924339914683,1,interior
0.43348503815473427,0.7928999373870147,1,interior
0.4497686725438206,0.7883095870789592,1,interior
0.4429342107431948,0.7940483141449945,1,interior
0.6862373920814219,0.6633749979350646,1,interior
0.6865634053918618,0.6801364022265067,1,interior
0.694440437699863,0.6676272970628034,1,interior
0.4422199964559695,0.8331002781786232,1,interior
0.44988389366440984,0.8391826258605349,1,interior
0.4545901379603438,0.8239190274558563,1,interior
0.451181962289227,0.8482752816369076,1,interior
0.45383800541704017,0.8080920304850261,1,interior
0.4558982690521302,0.8152374828640088,1,interior
0.7136698553915608,0.698476427917342,1,interior
0.4907313694374425,0.8173099726663157,1,interior
0.49003052733287666,0.8328833914612405,1,interior
0.4985963390511872,0.8337227749892645,1,interior
0.4859148337795452,0.8254881435552567,1,interior
0.4667573495911817,0.8586788102759715,1,interior
0.46570503137348707,0.8678219410024335,1,interior
0.4795834474038201,0.8704253842997433,1,interior
0.5182269189939813,0.689226114536713,1,interior
0.69269599437064,0.6847414724784172,1,interior
0.5021215186612591,0.8751507168452299,1,interior
0.42616251269264416,0.7893486639891584,1,interior
0.42195620722938904,0.7825413235619035,1,interior
0.7451378326740253,0.8015904986278688,1,interior
0.74943162398215,0.7968384651654208,1,interior
0.7385981859815803,0.7871016977376556,1,interior
0.5799225982790527,0.6350137562532411,1,interior
0.8100569687549599,0.7351785078166676,1,interior
0.8011969725933797,0.7442452079165058,1,interior
0.745301721374588,0.7916722650075562,1,interior
0.5299905366756665,0.6668909372603533,1,interior
0.5370122568557133,0.6605928354883405,1,interior
0.5443791321855745,0.6619504328599858,1,interior
0.5350367685383054,0.6813836560725016,1,interior
0.4778696007698274,0.8054122963706196,1,interior
0.6309989772172562,0.6566931884453241,1,interior
0.6227002460720549,0.654613192409648,1,interior
0.5004755933689348,0.6889970858931748,1,interior
0.5090410266819039,0.6864747306949279,1,interior
0.5144175288814894,0.6813482681255034,1,interior
0.5416091013572027,0.6457302189057554,1,interior
0.5340810848956228,0.6504805929567438,1,interior
0.5307258083587707,0.6584453434953116,1,interior
0.5514363667583946,0.6566343300074564,1,interior
0.43843709751977084,0.8012739818664601,1,interior
0.4415463144763997,0.8075421666825949,1,interior
0.48169381963443747,0.8792422028656753,1,interior
0.49126167599717235,0.8949807119494091,1,interior
0.48357768481280106,0.8953901496989045,1,interior
0.4787110586773391,0.891652310536719,1,interior
0.6095589390964417,0.649764797324322,1,interior
0.6049886878582497,0.6412100043100465,1,interior
0.5353291723215456,0.6406233426931712,1,interior
0.543791981713659,0.6377687635796727,1,interior
0.5251258515191681,0.6435655043894897,1,interior
0.46039536301111356,0.851026967276159,1,interior
0.45894488601044575,0.8662925900424643,1,interior
0.7541874819808427,0.8008853672453891,1,interior
0.73650794749293,0.6749865727242045,1,interior
0.749941358536554,0.6842480350849939,1,interior
0.7456154228913654,0.6772195520181744,1,interior
0.45584724213382444,0.8576141207678254,1,interior
0.44531836246851253,0.8219661042643722,1,interior
0.5048320899172408,0.6798451210838636,1,interior
0.5251440537627116,0.6736057017372907,1,interior
0.5248376312908696,0.6819170035979999,1,interior
0.511062741480225,0.6731947663876537,1,interior
0.46215775206395704,0.8753698244240194,1,interior
0.4506722115539439,0.8657014483027812,1,interior
0.7939409553741444,0.7460090906438882,1,interior
0.8039204298833756,0.7310309794163802,1,interior
0.796575797298604,0.736697960502406,1,interior
0.5439894520483878,0.7128907602592088,1,interior
0.5566594226283037,0.6409172342924923,1,interior
0.6622678163656759,0.6436979373996463,1,interior
0.6558105749857291,0.6521357286595126,1,interior
0.6715267136822776,0.6455754704236643,1,interior
0.6776534088255162,0.6520143120977949,1,interior
0.5070822987175551,0.9071990469861867,1,interior
0.4379110301994828,0.7160544130305955,1,interior
0.4518408414420842,0.7235441880078719,1,interior
0.43521819533128375,0.7256717365368505,1,interior
0.4476432302081752,0.7162306700746036,1,interior
0.44876592286153905,0.7308146660414729,1,interior
0.4815140549225495,0.7411271670347099,1,interior
0.5013219782629941,0.671200600366609,1,interior
0.49549222734379156,0.680425306956565,1,interior
0.7075480868858565,0.682643985304883,1,interior
0.49356387826831405,0.9015603169769765,1,interior
0.48434841392931444,0.9031862273576968,1,interior
0.4753815168945152,0.8996119460424711,1,interior
0.47670199361015064,0.8853382946197859,1,interior
0.6539799439917205,0.6418275225374499,1,interior
0.6668212621252833,0.6345229725853818,1,interior
0.6511836077468124,0.6322118284629861,1,interior
0.6588735003980879,0.6358823458167525,1,interior
0.6488444625611725,0.6473044924217323,1,interior
0.507812381212383,0.9003495023300406,1,interior
0.787488570136871,0.7402377590936405,1,interior
0.7965459010882946,0.7265387471118298,1,interior
0.49546548766713183,0.9082035166384349,1,interior
0.5128684814750739,0.9051693941010344,1,interior
0.5010913375013955,0.9038723100108276,1,interior
0.4377109432609747,0.7076436779614773,1,interior
0.4566129776283025,0.716200412610093,1,interior
0.4447094760693758,0.7083682416238904,1,interior
0.45298159562104723,0.7086329472233656,1,interior
0.7000067570001285,0.6765857163426517,1,interior
0.7096077889557578,0.6741560302800179,1,interior
0.7002336223685057,0.6857571358795778,1,interior
0.7501953075955662,0.691774390458027,1,interior
0.7543739982863809,0.6781596521932519,1,interior
0.7588209162634005,0.6859340307039521,1,interior
0.465688645106094,0.6993921883078492,1,interior
0.4750904228190707,0.6856287385225664,1,interior
0.42820834097436183,0.7188939256375066,1,interior
0.5236122542425338,0.6603546595990707,1,interior
0.5193109695220051,0.6678856863427388,1,interior
0.7685258595353541,0.699379689324215,1,interior
0.7728189048833729,0.7064147011959586,1,interior
0.4707842426923375,0.8918320255429858,1,interior
0.4238099057572798,0.7668236621635875,1,interior
0.7863095296146184,0.7508033307057319,1,interior
0.6761241442056231,0.6369448979408637,1,interior
0.6822336764408952,0.6451556074038648,1,interior
0.4495366688881489,0.7010530373489358,1,interior
0.44200757772503013,0.6990225854467668,1,interior
0.45680144832302766,0.700366546670141,1,interior
0.4615514858736152,0.7086057879249866,1,interior
0.4665712197176659,0.689463817941517,1,interior
0.4698276124208644,0.7082991405227145,1,interior
0.45956760246033446,0.693165910107145,1,interior
0.466456206970843,0.8987029727020663,1,interior
0.4766190470555011,0.908058894916034,1,interior
0.467884827685122,0.9049604039401656,1,interior
0.5040606911073825,0.8274202198800729,1,interior
0.7599163251163025,0.694692862474431,1,interior
0.7778618859069072,0.7000282856617993,1,interior
0.775841553778983,0.6918899726720459,1,interior
0.8202138387528108,0.7256277119106234,1,interior
0.8128902514842822,0.7270041075246347,1,interior
0.7172317518936696,0.7076907179199736,1,interior
0.6434980234531813,0.6331205872487287,1,interior
0.6413163024049048,0.646802161656274,1,interior
0.7372146527561766,0.6646091972717307,1,interior
0.7444531080064168,0.6685440768247689,1,interior
0.7233787927183762,0.6672995122761347,1,interior
0.6173780292173525,0.6490871839187965,1,interior
0.6205154902976984,0.6420453444691846,1,interior
0.7095962847913763,0.658364333899031,1,interior
0.7143108730910841,0.6662700154415052,1,interior
0.6659169263922492,0.6222928409611,1,interior
0.6816970748499482,0.6278778961986495,1,interior
0.6726317889416262,0.6286386494172789,1,interior
0.7840965841210602,0.6931686283026135,1,interior
0.7741945920677574,0.6834703786529315,1,interior
0.7827362871703661,0.6838810785401872,1,interior
0.7675290336460447,0.6901629027542291,1,interior
0.7667839865612122,0.6826595915111108,1,interior
0.48862570879343764,0.663860730758388,1,interior
0.5027224768049294,0.661766160994224,1,interior
0.5098570073924164,0.6648938722921797,1,interior
0.4902268491111777,0.6736829981408746,1,interior
0.7466019089282356,0.6992243185976339,1,interior
0.7738723903707592,0.7140321188215966,1,interior
0.7748877335657856,0.7220065502604732,1,interior
0.6840883668911164,0.6363067277698179,1,interior
0.691804803728315,0.6485637971417229,1,interior
0.6935340423519216,0.6576050773750549,1,interior
0.6826539705853076,0.6184355911068645,1,interior
0.6920321219941654,0.631514683499261,1,interior
0.6901126889917363,0.6215041340015947,1,interior
0.6745941714512047,0.6201838249914106,1,interior
0.7922773563127864,0.6950021598668928,1,interior
0.7863659800863344,0.7014038409156852,1,interior
0.7907158656862743,0.6872683421700777,1,interior
0.42863631688833614,0.7097523159920559,1,interior
0.5311967143249189,0.6339374822904541,1,interior
0.539403631999822,0.6316540630932034,1,interior
0.5519712553250983,0.6353415848259409,1,interior
0.5452141946685497,0.6231149446467655,1,interior
0.42672884434733455,0.7570307219798423,1,interior
0.46170695164939074,0.9097328820029935,1,interior
0.45839484151013193,0.9013185551476784,1,interior
0.4548551716471364,0.8924699813463075,1,interior
0.7948444376764656,0.7025605610926591,1,interior
0.7987630051247313,0.6894871228661361,1,interior
0.7996671756414084,0.6967738631221934,1,interior
0.7969175781541245,0.6827265739131894,1,interior
0.45058133483899876,0.6911476897011866,1,interior
0.7852265461555622,0.674963773663076,1,interior
0.7783868603256169,0.6752232710028557,1,interior
0.7908034495177696,0.6790752676586297,1,interior
0.6591931179280502,0.6278422208493021,1,interior
0.6440836592751812,0.6254301075441798,1,interior
0.6525661591323167,0.6140143961903874,1,interior
0.6350258109619062,0.6226299459112935,1,interior
0.6436121758567938,0.616154790391285,1,interior
0.6380318529857159,0.6298525050386996,1,interior
0.47190651065912254,0.6935334845851203,1,interior
0.5423714583025157,0.654136830403299,1,interior
0.4184007944295412,0.7757861675364451,1,interior
0.4117987322998979,0.7848765426206705,1,interior
0.4190764766404554,0.7897614753156184,1,interior
0.6382694037464349,0.6544238696122268,1,interior
0.6331601195536963,0.6467996461362854,1,interior
0.5187638047379789,0.6525889757201101,1,interior
0.5263493645872186,0.6526929672646897,1,interior
0.5400089920933213,0.6175509449697787,1,interior
0.5532560773636012,0.6189982818930543,1,interior
0.5467399483572729,0.6121852520153791,1,interior
0.5466735006386751,0.6306561958866134,1,interior
0.789393442631666,0.7094653695152883,1,interior
0.8041944865907599,0.7030466855509149,1,interior
0.7806734995889584,0.7082482052843898,1,interior
0.7949300919401775,0.7169984519885013,1,interior
0.7574731937680879,0.6708609439535977,1,interior
0.7508922751964731,0.6712284815934672,1,interior
0.6273754361636908,0.6381452832005993,1,interior
0.5084649534143912,0.6547551340430698,1,interior
0.4965034776458133,0.6559596063577235,1,interior
0.5026716979375251,0.6463008401024339,1,interior
0.6369031066110536,0.6382624717563339,1,interior
0.6459079309110475,0.6398143661901322,1,interior
0.625846035402322,0.6477930695117762,1,interior
0.8121517768241509,0.6980819876462451,1,interior
0.806119368775459,0.6929074775841678,1,interior
0.7976771952350646,0.7091717256362938,1,interior
0.6853976082212431,0.6544238236502784,1,interior
0.44280015633724545,0.8503142064792855,1,interior
0.5614756633973613,0.6235743395252663,1,interior
0.6997307217852174,0.6235289243410893,1,interior
0.7016366672480592,0.6322347911314967,1,interior
0.6969002643789727,0.6409094791427524,1,interior
0.5359214301892894,0.6252310046282762,1,interior
0.5275434702337475,0.6260459189699891,1,interior
0.6896097485405195,0.6406481481598523,1,interior
0.6885929278919466,0.6102381547173052,1,interior
0.6966870372340679,0.6151731237312379,1,interior
0.6461959171461926,0.6550503303809952,1,interior
0.46863217489576603,0.6803496665666273,1,interior
0.4888199735594775,0.9077103408262792,1,interior
0.8200094053635247,0.7196571848229838,1,interior
0.8042154055885254,0.7219123425717956,1,interior
0.47036512639832734,0.8739244263652459,1,interior
0.4675456591386512,0.8832743745895261,1,interior
0.7834039463326207,0.6661418221444577,1,interior
0.7916579295594172,0.6703990470131216,1,interior
0.7701867954224833,0.6753684916876285,1,interior
0.4693956134656448,0.910472986454945,1,interior
0.762107952233972,0.7954659410937335,1,interior
0.7824144090573785,0.7254183615068261,1,interior
0.7835184293891706,0.7166300099119807,1,interior
0.6782917298259292,0.6111661669136497,1,interior
0.46998965686823624,0.6703401968145795,1,interior
0.47882065559796544,0.6762985752434153,1,interior
0.4610106155446674,0.6764530962504489,1,interior
0.42347569743622915,0.7976513049840773,1,interior
0.43029152674477567,0.8018497452867207,1,interior
0.41442680872768434,0.7955582678370886,1,interior
0.4072488471139678,0.7938042794029313,1,interior
0.5980113299636413,0.6338059201123362,1,interior
0.5882845133042458,0.6363050780761806,1,interior
0.49480749690427306,0.639713234109916,1,interior
0.508977178164775,0.63973018028045,1,interior
0.4924696457249016,0.6488267254179884,1,interior
0.501627104300323,0.6358530371272875,1,interior
0.7983456070957441,0.6757973983525124,1,interior
0.7992967845874837,0.6680657726277675,1,interior
0.7942418033253416,0.6615392074336995,1,interior
0.5545065029149246,0.6110784725147059,1,interior
0.559828903232297,0.615188235755747,1,interior
0.8280771723728216,0.7160355085213643,1,interior
0.4597804897723295,0.6852553502743653,1,interior
0.5890955816336166,0.6290554236896332,1,interior
0.45226653157203156,0.6730027823698397,1,interior
0.4606383410528478,0.6683698114077202,1,interior
0.7893115930546818,0.722636068287435,1,interior
0.8042813733222607,0.7129820537050717,1,interior
0.4404673384622593,0.6894254796726531,1,interior
0.433040134412801,0.695455056901328,1,interior
0.8046904738777693,0.6829627353897569,1,interior
0.813577925968237,0.6878745477757245,1,interior
0.44338085987944653,0.8644297345711518,1,interior
0.48480204546724054,0.6570127880161364,1,interior
0.41822134702946934,0.7523275912904966,1,interior
0.4153079617936885,0.7606136478208191,1,interior
0.6477047770092653,0.6066945104624352,1,interior
0.6513366365402739,0.6226785256608304,1,interior
0.6342336305404276,0.6131730066323654,1,interior
0.655762027258091,0.606265992471991,1,interior
0.6403591091645653,0.6076228813535696,1,interior
0.658311561042695,0.6196931805124175,1,interior
0.7045478289329695,0.667401071351445,1,interior
0.6279938787540201,0.6185001123271927,1,interior
0.6317536782100444,0.6311213659949031,1,interior
0.6254193608676365,0.62746347614235,1,interior
0.4649822161961341,0.7900320182787458,1,interior
0.8115056718602736,0.6790832777091402,1,interior
0.8218494385564675,0.6876025386201641,1,interior
0.8199110859448836,0.6789200468042896,1,interior
0.5536780913319769,0.6274199886200839,1,interior
0.5168530405453424,0.636958910667894,1,interior
0.7043274994664759,0.6413691703379998,1,interior
0.7010729801282535,0.6509511331272515,1,interior
0.4180060711575086,0.7046980214338808,1,interior
0.426716463411091,0.7013963618623515,1,interior
0.43399471428493824,0.7026464869890088,1,interior
0.41947203376152853,0.7140548933768849,1,interior
0.4450245615317229,0.6803138483975965,1,interior
0.43065817010977453,0.688376102059077,1,interior
0.5964085930270351,0.6245441934950758,1,interior
0.6040382890793491,0.6231934836309977,1,interior
0.609174171565939,0.6316272980204936,1,interior
0.8118371236788607,0.7076946907832226,1,interior
0.8124335979691745,0.7168681343213773,1,interior
0.4152667039427477,0.7291091553378065,1,interior
0.4142815315006238,0.7377106308577165,1,interior
0.4258262995647655,0.7275921883080062,1,interior
0.5143979128946474,0.8993232169246067,1,interior
0.6896637574275036,0.7006430006829735,1,interior
0.7103667321340724,0.6248475049858998,1,interior
0.7117799047286267,0.6403177039064084,1,interior
0.7008199985780894,0.6603683119237425,1,interior
0.532357013385991,0.6175772947231909,1,interior
0.834550660631583,0.7122122453022487,1,interior
0.8301270677543408,0.7076900808795704,1,interior
0.8208835271129729,0.7105446298222577,1,interior
0.8258002254943245,0.7015229436067126,1,interior
0.48666721533378987,0.6349016682643152,1,interior
0.49338979579500913,0.6307276184544257,1,interior
0.44426130726958474,0.6706614563719319,1,interior
0.45450646299754127,0.66641336092803,1,interior
0.45824608533822014,0.8839831395132736,1,interior
0.5176007300079482,0.625583529780515,1,interior
0.5093110278668299,0.6312248148316902,1,interior
0.5235864415455531,0.6337176869081715,1,interior
0.744709147189796,0.6607860114990005,1,interior
0.7534259589449407,0.6626817597779409,1,interior
0.40842889405515787,0.7538162723476806,1,interior
0.6334099459407235,0.6041026296300406,1,interior
0.6424343221992018,0.5985062753789177,1,interior
0.7829755006736917,0.7329826879465074,1,interior
0.4028463385177372,0.7798297104339511,1,interior
0.4019442662156532,0.7887756599195445,1,interior
0.40995181827087196,0.7750886368895346,1,interior
0.48435170344301437,0.6705562474902944,1,interior
0.6129937821721528,0.6411140746552154,1,interior
0.618738113886852,0.6344316338935582,1,interior
0.7638429476989207,0.6677997361511211,1,interior
0.7564220808573822,0.6525058358838295,1,interior
0.7683470147864856,0.6612151580370196,1,interior
0.7476905119099108,0.6535985459994764,1,interior
0.8020429893280113,0.6558712341543591,1,interior
0.8148368963946734,0.6629941150607737,1,interior
0.8056073157459962,0.6731851460368534,1,interior
0.8133060182207633,0.6710352990535502,1,interior
0.4772885388123292,0.8265892624150913,1,interior
0.7894820101907767,0.730828322106499,1,interior
0.7758609790703114,0.730263701044842,1,interior
0.4022409767425512,0.7707699726930387,1,interior
0.4157023020767732,0.7689351640197766,1,interior
0.4476788545837093,0.8120864454801394,1,interior
0.6920635096817056,0.6758952042106569,1,interior
0.8122386532274306,0.6537659117378084,1,interior
0.8218799081415383,0.6691347231085909,1,interior
0.8059288529567041,0.6633318332670568,1,interior
0.8220359672459102,0.6594908490876266,1,interior
0.45374460565835495,0.8751450215652317,1,interior
0.4749244630685013,0.878332717600481,1,interior
0.8345323227696761,0.7001625981086121,1,interior
0.8455804916509194,0.7054487701553679,1,interior
0.40906348771108886,0.7667856020709765,1,interior
0.40993816979266723,0.711918350354514,1,interior
0.412131079615169,0.6967778947289963,1,interior
0.42256702625985926,0.6945989404443892,1,interior
0.4035201063777024,0.7609924734310355,1,interior
0.5074389634121408,0.6225523907122144,1,interior
0.5196007045924724,0.6144912845530702,1,interior
0.5122805042262276,0.6175894533443195,1,interior
0.5248515687614035,0.6186520627156357,1,interior
0.7429797765445024,0.6388319526057483,1,interior
0.7409053950020614,0.6470787226432595,1,interior
0.7501924239260681,0.645154948031131,1,interior
0.7386803523126132,0.6556172003223382,1,interior
0.7603530614751766,0.6436692035634399,1,interior
0.5283374165756299,0.6091439044267686,1,interior
0.668880784062713,0.612179445967445,1,interior
0.6613616187392712,0.6123962272889257,1,interior
0.8294212517484173,0.6924214705954271,1,interior
0.7527894367068866,0.6368522476218649,1,interior
0.6527473765609381,0.5983956618145889,1,interior
0.6636512838454062,0.6017090058283142,1,interior
0.6705924026350237,0.6562545902112914,1,interior
0.8177134323354285,0.646071040191557,1,interior
0.8025157399993003,0.6476720561067533,1,interior
0.8098901592828126,0.6436869886677937,1,interior
0.4401451727701563,0.8148126298331556,1,interior
0.43441119680371143,0.8198306533107823,1,interior
0.7695130870915028,0.6462115914689849,1,interior
0.7682795180787256,0.6393009516461646,1,interior
0.7625270580066907,0.6326589166311652,1,interior
0.7666884312566745,0.6529964406733738,1,interior
0.40593328601859174,0.7262014016363907,1,interior
0.40585928789611114,0.7335969471632237,1,interior
0.42000288557963017,0.7220491517306721,1,interior
0.41175609636224864,0.7201422396598237,1,interior
0.8305980194150435,0.6563212277760059,1,interior
0.8232767956302863,0.6510906304855247,1,interior
0.8300080737423916,0.665073873071933,1,interior
0.432915474928343,0.8102960921547239,1,interior
0.7736477599233608,0.6675972029830226,1,interior
0.7622617910979614,0.6769250980049396,1,interior
0.39819429893024033,0.7515217653408177,1,interior
0.40411252494333827,0.7468666739491898,1,interior
0.3951178287746578,0.7667393410711943,1,interior
0.3949223532193341,0.7590564953200966,1,interior
0.43699774410295633,0.8266348211302009,1,interior
0.7941586883684117,0.6425997945121212,1,interior
0.7856373740409462,0.6480754701647146,1,interior
0.8024555127424361,0.6384345300201494,1,interior
0.8095639588441296,0.6356972015734277,1,interior
0.7938878960578154,0.6521057513270924,1,interior
0.7164189584077869,0.6522462313153576,1,interior
0.7201595860911464,0.6589067864624771,1,interior
0.41655772243509775,0.8050434381411399,1,interior
0.4238652174646151,0.8083376408515702,1,interior
0.7142838484682915,0.6892262575946795,1,interior
0.8257769353469978,0.6415909412134934,1,interior
0.8229055046248958,0.6337616628900392,1,interior
0.4080823511497269,0.8023094137937422,1,interior
0.7295114611872092,0.6590914721314773,1,interior
0.7610634641060725,0.6594641053638229,1,interior
0.4460242277648771,0.654697769772775,1,interior
0.437772539091471,0.6727297627175917,1,interior
0.43863195545761335,0.6626135752603012,1,interior
0.43023181740417843,0.6675956286568036,1,interior
0.814891904909753,0.6304082430451493,1,interior
0.5035388612414257,0.6132428635336575,1,interior
0.49927949721849635,0.6191952252756503,1,interior
0.4793924082614516,0.6660777994610553,1,interior
0.47396481370889515,0.6604733679672576,1,interior
0.4656075991402921,0.6620253746376864,1,interior
0.42529217849780143,0.8182440419615308,1,interior
0.41016413618519804,0.8100566463524104,1,interior
0.4163120591712039,0.8162378992408608,1,interior
0.6995297656514707,0.6067088267607902,1,interior
0.7062681525255389,0.6149362866495365,1,interior
0.5698687059994333,0.6223642384662403,1,interior
0.5661744928853901,0.614861056494686,1,interior
0.567159194133902,0.6297513796177272,1,interior
0.5770944713595025,0.6213172042178916,1,interior
0.5748252318029916,0.6291185929463826,1,interior
0.7857603071022646,0.6411223040729747,1,interior
0.776726942753319,0.6511213894992719,1,interior
0.7850763500549953,0.656729513466077,1,interior
0.7773172850095502,0.6421006296588959,1,interior
0.4525608110396325,0.9060345826224283,1,interior
0.4484877504406482,0.8957632307967425,1,interior
0.46229579226971373,0.8922704880699985,1,interior
0.6258644904263372,0.5994033784013152,1,interior
0.6246884976855512,0.6097012498380447,1,interior
0.393558105068105,0.7912294714277796,1,interior
0.39473070329309595,0.7756631499966954,1,interior
0.3956972582398878,0.7835526919850607,1,interior
0.7896217637795756,0.6354089543841317,1,interior
0.7730585553269101,0.6329750422310563,1,interior
0.7820207045539772,0.6341402085847333,1,interior
0.6817308039228086,0.6010339914357633,1,interior
0.6923527834759354,0.5997474857456998,1,interior
0.39802958224310275,0.7403209999575677,1,interior
0.4067806561785342,0.7406154010397976,1,interior
0.39665175842567557,0.7296614675059067,1,interior
0.4016175290173217,0.8100574707498828,1,interior
0.3997107200435894,0.7991215597072568,1,interior
0.6169242723692202,0.6269030429204226,1,interior
0.7249984619054433,0.6494317295264878,1,interior
0.39473376341710514,0.8148835638454264,1,interior
0.3930827085094404,0.8069284194457372,1,interior
0.4000640045802047,0.8210824635252159,1,interior
0.44096222406196645,0.8863526050854844,1,interior
0.4493956079077343,0.8848043451048205,1,interior
0.43974926684468,0.8963339739805541,1,interior
0.4446822371120289,0.9028481293818058,1,interior
0.4221202409452704,0.6849440066584173,1,interior
0.41546396471579267,0.6893598066121696,1,interior
0.5123049653127799,0.6097894207290274,1,interior
0.4362148859863911,0.6814392572598341,1,interior
0.4123402410946225,0.7461420106651643,1,interior
0.4089255091846982,0.8347503603726721,1,interior
0.40115587014015436,0.8308205262647513,1,interior
0.3940796183996167,0.8276337711646841,1,interior
0.4091810422933944,0.8248838082790213,1,interior
0.6679316366448156,0.5927744638315475,1,interior
0.6590292058031878,0.5907142447764976,1,interior
0.6730980924766472,0.5978906144002254,1,interior
0.5354803730071779,0.6007057435877684,1,interior
0.5379026355912063,0.6094962348408046,1,interior
0.5199664108540679,0.6050229951285105,1,interior
0.5264589431601986,0.5994076752546076,1,interior
0.7175629892582495,0.643935951025717,1,interior
0.7096345035674193,0.6484908463787126,1,interior
0.391212302899994,0.7992312111168949,1,interior
0.4445843278252156,0.8746584727173949,1,interior
0.7535068949134452,0.6282351662992757,1,interior
0.7698413941932173,0.6239761111911787,1,interior
0.7608484497044287,0.6231990925395708,1,interior
0.4019054714333767,0.6960066389077632,1,interior
0.4071918386600096,0.7037077207900323,1,interior
0.4073651776081409,0.6888147099717649,1,interior
0.8706486339185942,0.6922324917852385,1,interior
0.8574450849782728,0.6998531041262752,1,interior
0.8050207409876583,0.6290909763202449,1,interior
0.8182248844946349,0.7028317390902552,1,interior
0.3852964229557541,0.7936247000370814,1,interior
0.40094881028302365,0.7099795361775346,1,interior
0.8228585009932657,0.6257365292114866,1,interior
0.8317002822015945,0.632828708198322,1,interior
0.8389128209122676,0.6600140500402917,1,interior
0.831923151139438,0.6479263497715502,1,interior
0.4185189830696432,0.8274885681395137,1,interior
0.4129162144992927,0.8419842209935897,1,interior
0.41739578441019465,0.8361690165782741,1,interior
0.717207415141674,0.6150330324244039,1,interior
0.7106463057180263,0.6049050609371107,1,interior
0.5173437104966018,0.5952747467913977,1,interior
0.5125719104819099,0.6020263592977102,1,interior
0.836087567924749,0.6176956750702525,1,interior
0.8400737585153915,0.6267201771381419,1,interior
0.8419999589674921,0.6365772395364688,1,interior
0.3981234270645316,0.6882029202693377,1,interior
0.398170339149197,0.7023336988261799,1,interior
0.3905061251126237,0.6959450630384432,1,interior
0.5984170411973084,0.6159046124621927,1,interior
0.6157986054927047,0.6126145181727123,1,interior
0.6071718064619898,0.6115162154476023,1,interior
0.5072936554049614,0.5959126651085657,1,interior
0.5106420793234469,0.5881856630945651,1,interior
0.5201675881832365,0.5859094674709414,1,interior
0.672888662065265,0.6049951261992988,1,interior
0.3852150144224938,0.8287542673504188,1,interior
0.3870029669544602,0.8134746255018591,1,interior
0.42820919792998335,0.8269621196250546,1,interior
0.7304531019534799,0.668841980832443,1,interior
0.7025525210468536,0.597237297435195,1,interior
0.6952471640180378,0.5894931136387028,1,interior
0.686461595239692,0.5925079852541126,1,interior
0.3840305658501637,0.721939349345411,1,interior
0.40178614231659415,0.7192621476912875,1,interior
0.3858840342164152,0.7294845217537498,1,interior
0.39207979354035283,0.7221086620421392,1,interior
0.3947163451052934,0.7146553564434717,1,interior
0.3884146902764563,0.7367384191908567,1,interior
0.6774058460391291,0.589868783267051,1,interior
0.7758209874855772,0.6590589739905673,1,interior
0.5326310719023963,0.5933684771464341,1,interior
0.5251666386243516,0.5915430642694954,1,interior
0.7329335346811348,0.6501673571149926,1,interior
0.720541789445987,0.6238120722767193,1,interior
0.7178839244636388,0.6336061672644162,1,interior
0.7237798801297315,0.6293629419874663,1,interior
0.7089916697634726,0.633832516593877,1,interior
0.40429660698823106,0.6807239267566847,1,interior
0.41394757014061334,0.6805748144145239,1,interior
0.3855730345027929,0.7087479426209042,1,interior
0.37835226562268387,0.6970282400860279,1,interior
0.3825393196963119,0.6882633371301924,1,interior
0.3920497593174076,0.7068934589217329,1,interior
0.7243328800515048,0.6404451739872686,1,interior
0.7330880513763877,0.641278055820762,1,interior
0.3789451540975597,0.7873579948232367,1,interior
0.3769706289775662,0.7975190625679525,1,interior
0.38762563834519054,0.7828696203331517,1,interior
0.3836147455342435,0.8042511414487422,1,interior
0.6857304432644797,0.5830475839191911,1,interior
0.6933486809535021,0.5804254338755769,1,interior
0.37658345576072966,0.7363064279649406,1,interior
0.3774312733357967,0.7261803824610734,1,interior
0.7374652917791129,0.6308436615151116,1,interior
0.7450815529443924,0.6225821889975032,1,interior
0.4566857873215898,0.6596247151410566,1,interior
0.377806259378682,0.7169649233959232,1,interior
0.3864814094598795,0.7146610825756492,1,interior
0.7281309903027702,0.634033172899705,1,interior
0.7298067261724546,0.6258540697903895,1,interior
0.4092032641568854,0.6724979468559148,1,interior
0.3951366806283357,0.6785105285199685,1,interior
0.4014743754826246,0.6727912261312066,1,interior
0.3788032137888413,0.708460010611858,1,interior
0.7886693028663838,0.6269271016780706,1,interior
0.7794531058557177,0.6259708961835799,1,interior
0.5737547755957546,0.6146158733550363,1,interior
0.829939332610714,0.6754623143062434,1,interior
0.827900465717347,0.6836124974741573,1,interior
0.3692819117252678,0.712049700186003,1,interior
0.3726175728167283,0.7045011733728188,1,interior
0.5440634078625322,0.6018020444505631,1,interior
0.5414868075931845,0.590862428765722,1,interior
0.3904381968511812,0.6865290637615049,1,interior
0.39513871945970275,0.6673403903918022,1,interior
0.38906243953978337,0.6726005790005418,1,interior
0.8508039952795668,0.7019211592499571,1,interior
0.8621136508684659,0.6939630452341196,1,interior
0.8651121478173,0.6868824442751851,1,interior
0.8735870925120519,0.6848839548360963,1,interior
0.8829366954444868,0.6867291012496423,1,interior
0.6759364113983267,0.5792847348008606,1,interior
0.6682485484678792,0.5847284108485241,1,interior
0.5322170924709652,0.5770710454910216,1,interior
0.514605328259354,0.5774797127130132,1,interior
0.5308521269733261,0.585701615506558,1,interior
0.535794649323077,0.5691501319648133,1,interior
0.5398505500866538,0.5757981122825653,1,interior
0.538617053052353,0.5827584814983019,1,interior
0.5254932457523167,0.5705328379392113,1,interior
0.8381809818333922,0.6929329323571367,1,interior
0.8201636093383611,0.6950010719766834,1,interior
0.8366561432793252,0.6846370155169177,1,interior
0.7850373305911323,0.6174376513718735,1,interior
0.7771078912969387,0.6185426589034788,1,interior
0.500527510172149,0.6270908062546561,1,interior
0.5988633007125167,0.6069721335656711,1,interior
0.6156698041196018,0.6031785186933131,1,interior
0.6117253510237871,0.6209145056812654,1,interior
0.6051063883363856,0.5999371001365849,1,interior
0.3726655784332548,0.7814789441492173,1,interior
0.3802275453250603,0.7771245791139165,1,interior
0.591386802822383,0.6034959501969216,1,interior
0.5908127565392948,0.611038713511563,1,interior
0.5963960229888167,0.5994672380941941,1,interior
0.7276848240225743,0.6180473057243318,1,interior
0.7196486619745227,0.6066292189998961,1,interior
0.7268547473539081,0.6101338463993287,1,interior
0.7532281974766575,0.6208906272085902,1,interior
0.7460170367164012,0.63133000967397,1,interior
0.6117285303238049,0.5948847440438121,1,interior
0.5976942162841302,0.5935554984252315,1,interior
0.6045229915727679,0.5887009596573037,1,interior
0.8326187575122871,0.6099156552811899,1,interior
0.8428240441332695,0.618193606911708,1,interior
0.8275009658871678,0.6177364181572472,1,interior
0.8422090900673774,0.6093270497487656,1,interior
0.5899875124898847,0.6198104927896737,1,interior
0.5841098069961638,0.6048545345446029,1,interior
0.8366444015766324,0.6013981201590574,1,interior
0.8240211445106613,0.6100927819626348,1,interior
0.8282665676100938,0.6021448251283755,1,interior
0.8211596313480186,0.6028512657733951,1,interior
0.4230787067932174,0.6750032425682131,1,interior
0.4832608994330448,0.648583792867721,1,interior
0.48799569411903476,0.6424318621498608,1,interior
0.4334458958948348,0.8329104495910695,1,interior
0.4257245536389344,0.8361857053056784,1,interior
0.3728644969939192,0.7720663012015411,1,interior
0.3665519148859561,0.7762615449330189,1,interior
0.3696318115414723,0.7914313838404319,1,interior
0.3647509467046479,0.7835286783271332,1,interior
0.4050089487257722,0.6644802257058755,1,interior
0.472045841609937,0.866395071891856,1,interior
0.4289721975307019,0.6586267585007232,1,interior
0.43573888001554106,0.6526428032364614,1,interior
0.44825970609403004,0.6640153341051855,1,interior
0.4138385769448359,0.664048351772781,1,interior
0.3982819124316449,0.6598303389713227,1,interior
0.4043065967670077,0.656396100804123,1,interior
0.4112670363141915,0.6561954069404926,1,interior
0.36397196654050334,0.7021056004446372,1,interior
0.3598633297841418,0.7109567096326512,1,interior
0.37112949753999136,0.720644461223248,1,interior
0.3631516326688928,0.7205542836043656,1,interior
0.8155589583367999,0.6080473519144228,1,interior
0.8150882780251633,0.5985152142144633,1,interior
0.807141441164072,0.6042475716623793,1,interior
0.8224063574862014,0.5946082150092695,1,interior
0.8169217130890031,0.6385846739200683,1,interior
0.8316659641295235,0.6246818507838551,1,interior
0.8124606266899024,0.6228189775920125,1,interior
0.8487900610453686,0.6303621860920625,1,interior
0.8550324400197103,0.6190312022240381,1,interior
0.8484577532880389,0.6227010110190996,1,interior
0.8494076288020397,0.6141461122533414,1,interior
0.8455423977253811,0.5999685435107232,1,interior
0.8397826473069382,0.5926206244214981,1,interior
0.8310218344323502,0.5935246250141212,1,interior
0.5827267437807251,0.6250918616942506,1,interior
0.5826290835700263,0.6148351730018403,1,interior
0.37984306470058454,0.7671475481518998,1,interior
0.38745040226752514,0.7720133856282385,1,interior
0.79768675837362,0.6037845234524764,1,interior
0.8054138064934792,0.5895936627657694,1,interior
0.8008818095159408,0.6118959132373917,1,interior
0.809623669795367,0.6140099510001917,1,interior
0.6986653255730034,0.5741174718160081,1,interior
0.6885650987444109,0.5723811504827448,1,interior
0.7003709923292797,0.5823374556331167,1,interior
0.3679276742355433,0.7445122453089054,1,interior
0.3758264460069228,0.7472417373969393,1,interior
0.36924803405985385,0.7284686849267398,1,interior
0.3663005572197311,0.736279605651883,1,interior
0.3826330894991076,0.7424718105987169,1,interior
0.5167790214929455,0.5682262712571539,1,interior
0.5224840211555645,0.5616103377373073,1,interior
0.791653800065814,0.5959797401492205,1,interior
0.7924214016919592,0.6110501388559114,1,interior
0.7904023505152862,0.6038114823411389,1,interior
0.801171736676855,0.5965119388374859,1,interior
0.5122329870108705,0.5598512597750336,1,interior
0.5080160041823408,0.5685102323708943,1,interior
0.5189404514923747,0.5534877632045755,1,interior
0.3888215442768343,0.7543328800263381,1,interior
0.39044752899066326,0.7457400983314635,1,interior
0.8142804491976108,0.5870975126894247,1,interior
0.4223086741587167,0.6651380048826296,1,interior
0.4310110265868937,0.6751800255817667,1,interior
0.41660960421858545,0.6715808241412999,1,interior
0.5242912710034523,0.5791206526203504,1,interior
0.5059216221424229,0.583270372759342,1,interior
0.4197425184166734,0.6564158677441316,1,interior
0.42588446997230117,0.6499884253273681,1,interior
0.7652960862185573,0.6154824053500887,1,interior
0.8186080036348494,0.6169046775412468,1,interior
0.8536789516519677,0.5972703535829293,1,interior
0.8530447605385808,0.6057518709719351,1,interior
0.8487277177598908,0.5911235114570649,1,interior
0.6293920143830484,0.5897815275162848,1,interior
0.6202784659470838,0.5930804546414786,1,interior
0.6342313363347302,0.5959286216814726,1,interior
0.8563937942932288,0.6254759957335315,1,interior
0.8573189363243571,0.6331466021329893,1,interior
0.8032684804282133,0.6201844770106182,1,interior
0.5929843310711786,0.5874171710001077,1,interior
0.6005428257994132,0.5804483592764155,1,interior
0.8459466776018982,0.6892541852923463,1,interior
0.8466560722782394,0.6810985832766433,1,interior
0.8387447159351588,0.6770945050361046,1,interior
0.6774350017957472,0.5681728938910194,1,interior
0.6820651241417413,0.5752923985049649,1,interior
0.6956918704415934,0.565918119744234,1,interior
0.6929083964414428,0.5584463111984725,1,interior
0.4066695635995446,0.6488339447422634,1,interior
0.4161694156594939,0.6473002617228978,1,interior
0.8340495255494945,0.5850549719797672,1,interior
0.8247088361767915,0.5858305287710402,1,interior
0.8428895440014669,0.5842036225348929,1,interior
0.49762225597566434,0.5665197638114726,1,interior
0.5038510731894331,0.575313626844334,1,interior
0.5031814836353113,0.5605817859509006,1,interior
0.8485958068714335,0.6443010359337827,1,interior
0.858117671698966,0.6424880356949164,1,interior
0.8651042074374545,0.6352990533519914,1,interior
0.8508231317328712,0.6375421028384741,1,interior
0.8665592632254375,0.6428383004336071,1,interior
0.37953923175311904,0.8122765043574025,1,interior
0.37316884463086747,0.8074474613726794,1,interior
0.7415371768190179,0.6118591792714039,1,interior
0.7548150528276075,0.6071900177004808,1,interior
0.7884747141103708,0.5862514742894308,1,interior
0.782652776916129,0.5941247148559863,1,interior
0.8570321731011971,0.6127249244035533,1,interior
0.8628377340814645,0.6083109685943612,1,interior
0.8612529639952299,0.5994735324262622,1,interior
0.37156019608197033,0.7630372423093702,1,interior
0.3872656131819227,0.7626616865624066,1,interior
0.36198602579511935,0.7987798214279281,1,interior
0.3689125254059916,0.8006889251031305,1,interior
0.7264256724945621,0.6021564355452643,1,interior
0.3742465369281418,0.6880587527110321,1,interior
0.3765327984029097,0.6802696706557317,1,interior
0.5450177308036549,0.5705699894731132,1,interior
0.5424920467843858,0.5624824455068701,1,interior
0.5470291229472988,0.5800395103004906,1,interior
0.5699153940723085,0.606502578649801,1,interior
0.5472392290904343,0.673563670776975,1,interior
0.7512336096762223,0.5996707580959024,1,interior
0.7605930788544636,0.599595982058822,1,interior
0.768797263121799,0.6063126251540006,1,interior
0.5187267797857313,0.6759746551183007,1,interior
0.8540754768276407,0.6512238813413596,1,interior
0.8644000563865174,0.6512291593265684,1,interior
0.7973231606580357,0.5883040013674411,1,interior
0.7953139157022481,0.5792096559788865,1,interior
0.7801323083601579,0.587479279418224,1,interior
0.7874787164267039,0.576084329580579,1,interior
0.8192254844921294,0.5774583191253998,1,interior
0.8285384863533741,0.5775724039421721,1,interior
0.711921909847359,0.5939182694743911,1,interior
0.7194448617343993,0.5982607161808284,1,interior
0.5235890914243777,0.5462808536151789,1,interior
0.5159569295234269,0.5450199469702435,1,interior
0.5309117623799068,0.5466048073315528,1,interior
0.5116464963912131,0.5513714698407883,1,interior
0.5326907105367972,0.5611041757470245,1,interior
0.5566436187502705,0.5812440034038575,1,interior
0.5508496914731047,0.5873604108962686,1,interior
0.5539533589106319,0.5714506431862497,1,interior
0.8585888706196062,0.5896514906381564,1,interior
0.8517705269015372,0.5828985262915948,1,interior
0.8102253434668376,0.5756989074628894,1,interior
0.8043579703329083,0.5821780418808907,1,interior
0.4319469930149823,0.6451744243731787,1,interior
0.3624036584012642,0.8080431949178158,1,interior
0.37352062274881365,0.8175795786812466,1,interior
0.3671396846989553,0.8146905346085221,1,interior
0.5052247392075909,0.6046448049406509,1,interior
0.6141679511408652,0.5873825792474399,1,interior
0.7368381337093616,0.6206508714206663,1,interior
0.43685159819417213,0.867834481499782,1,interior
0.43789563410437266,0.8575321985731482,1,interior
0.4470431614145017,0.8568731747012478,1,interior
0.4744187703390952,0.6467760601533222,1,interior
0.4806797092686355,0.6406932059181207,1,interior
0.3854116949110085,0.8371097419297836,1,interior
0.3994467445020043,0.8401574090398686,1,interior
0.4428164740344391,0.8425624238897126,1,interior
0.5612976463238551,0.6066880388403947,1,interior
0.36465485096912165,0.7689189087595287,1,interior
0.3623898881771086,0.7604095718897025,1,interior
0.3791884871012547,0.7570801609178096,1,interior
0.36942595527826527,0.7539139542116132,1,interior
0.44959102595202616,0.6458792810174108,1,interior
0.4403911865751852,0.6440415241367142,1,interior
0.8708556877486622,0.6119608968169075,1,interior
0.8695766114814871,0.602564022401416,1,interior
0.8632318331787378,0.6182096428001413,1,interior
0.6112568850793113,0.5800903036297651,1,interior
0.7341600358737731,0.6126831343210349,1,interior
0.7344004654140902,0.6034253860076512,1,interior
0.5412921939316366,0.5558594284598467,1,interior
0.35075082230686266,0.7125274927712493,1,interior
0.3538777598668809,0.7031521137897867,1,interior
0.3560670162989722,0.7178525217123501,1,interior
0.8679334889875622,0.5927095224190193,1,interior
0.36006636867388425,0.8173529484791288,1,interior
0.36662587278185693,0.8246489055382688,1,interior
0.4358507159249969,0.8481070317608994,1,interior
0.49981516279531846,0.598610320312197,1,interior
0.5522461911382094,0.6040168378517295,1,interior
0.8373111990470448,0.5768732429960918,1,interior
0.6558549341179358,0.5754518794730462,1,interior
0.6609461084829585,0.5816314014250842,1,interior
0.6670796646099849,0.5746407555360625,1,interior
0.45544283272777786,0.6524213996342777,1,interior
0.4007705707013384,0.6411668932285481,1,interior
0.4159026972252593,0.6378362013021751,1,interior
0.398643468058457,0.6513757912946373,1,interior
0.42522024574617234,0.8923076901960687,1,interior
0.4324514966555286,0.891810640948019,1,interior
0.8344744474030001,0.640540703422708,1,interior
0.845178433736701,0.6523019096711401,1,interior
0.8404432265472361,0.645491039932233,1,interior
0.8560183271173986,0.6854134962484009,1,interior
0.7289048373160575,0.5934911733467622,1,interior
0.7373413083207625,0.5933434613477052,1,interior
0.7424523325159856,0.6013961425225781,1,interior
0.8746884439712898,0.6554394814492993,1,interior
0.8656575146386323,0.6608720683891026,1,interior
0.8738629073180672,0.6456774829764812,1,interior
0.3682661504193601,0.6928326841320689,1,interior
0.7716602424758816,0.6146819648524204,1,interior
0.7576783813383309,0.615010178408303,1,interior
0.5381210090144739,0.5412583055277544,1,interior
0.5290261584226246,0.5396791426901352,1,interior
0.36618291915565043,0.6829352745449521,1,interior
0.35881254064490614,0.6921791573968329,1,interior
0.8439563862591898,0.6654564349066365,1,interior
0.5510827035086059,0.5550392783450434,1,interior
0.36093823129858627,0.72950816924086,1,interior
0.8652629958457586,0.6791913955756753,1,interior
0.855587252922873,0.6752084562920133,1,interior
0.7461457981830565,0.592756056349069,1,interior
0.6679809865243875,0.5660456244268961,1,interior
0.6596142771003634,0.5678274835756515,1,interior
0.42454224777384086,0.640984779064382,1,interior
0.40908114194715484,0.6414156381635612,1,interior
0.8842184204266749,0.5993948764095325,1,interior
0.8745325264943633,0.5906651625824177,1,interior
0.8792557724391021,0.6149358431340256,1,interior
0.3848149959532373,0.7024746692902305,1,interior
0.8570619966003629,0.658950274235571,1,interior
0.8484203364782479,0.658880597034741,1,interior
0.37803326701503903,0.8346129035327047,1,interior
0.3623156471494486,0.8349263458630677,1,interior
0.3754749612090888,0.8265931423192833,1,interior
0.3584572574986513,0.826815990784532,1,interior
0.3695842154770081,0.8342216564189034,1,interior
0.5580845203106426,0.5987755781852997,1,interior
0.8659144710043087,0.5839624141753629,1,interior
0.8534866493653458,0.5745165826140092,1,interior
0.8602696526567497,0.5795576559209342,1,interior
0.8454212615117832,0.5759430840138022,1,interior
0.705377397184486,0.5878748462163866,1,interior
0.5210754868890319,0.5381830822970842,1,interior
0.5075540201592802,0.5441452928700476,1,interior
0.837218146340731,0.6692384559090875,1,interior
0.639344380813126,0.5887683013711428,1,interior
0.6229048449915245,0.5827948555740795,1,interior
0.858965293612086,0.6667847339435097,1,interior
0.8657176802660578,0.6706734433434348,1,interior
0.8730906871392652,0.6650051073164069,1,interior
0.35220558766993576,0.78931741903742,1,interior
0.3549744370536069,0.8043344510964273,1,interior
0.3583591521170654,0.7759828131621137,1,interior
0.35242588033794037,0.7600690624288651,1,interior
0.3568725736002592,0.767390750981179,1,interior
0.6623827221179337,0.5583433773020864,1,interior
0.649151705978049,0.5692795158314766,1,interior
0.6538980881591245,0.5617758510043291,1,interior
0.5357495035504037,0.551318782005028,1,interior
0.5273701663979472,0.5539701431376244,1,interior
0.6205194295597125,0.6192684856918061,1,interior
0.6298755917247645,0.575013403625768,1,interior
0.6200569912168172,0.573584955054969,1,interior
0.6345335700697539,0.5816685274807469,1,interior
0.4072813812877463,0.8168658033933089,1,interior
0.49564798098131835,0.5755371882283962,1,interior
0.4984382910131243,0.5820647859867498,1,interior
0.6703178742309294,0.5519535936421508,1,interior
0.48950100279611963,0.5827724193165003,1,interior
0.48956812158270613,0.5720191286651805,1,interior
0.7133409587339634,0.5837973115421784,1,interior
0.4202893006753039,0.8438327268236732,1,interior
0.4223854252147021,0.8520027134604583,1,interior
0.40608230264130657,0.8446365788634229,1,interior
0.4059305379063112,0.8527222796654088,1,interior
0.79714333804812,0.6255217344057649,1,interior
0.7941485957659578,0.6186909927145691,1,interior
0.8456551310610662,0.6728397276129039,1,interior
0.34897012022820606,0.7705473115916741,1,interior
0.35958842821935116,0.7511152640942564,1,interior
0.34550471733172566,0.754513485883751,1,interior
0.3416621100608258,0.7611588768466309,1,interior
0.3593767303064325,0.741776837110371,1,interior
0.4660233238762541,0.6530091676166273,1,interior
0.47645025050842216,0.6536423515752394,1,interior
0.473367642818324,0.639076910367373,1,interior
0.46690072153864587,0.6429639774127734,1,interior
0.38167060977812395,0.8203674348499964,1,interior
0.39042879638842837,0.8213708319682143,1,interior
0.43563942830391156,0.876818757395944,1,interior
0.4323851437696492,0.884239345511137,1,interior
0.5642205220911731,0.5857281891291657,1,interior
0.5507112165661755,0.5952206127355747,1,interior
0.4922667290020027,0.6132719091790434,1,interior
0.49690910743131944,0.6059013918456776,1,interior
0.7201401980937235,0.5891613998381159,1,interior
0.7343799182829344,0.5830705067203292,1,interior
0.4985544514969788,0.5901594119920298,1,interior
0.6146483322994315,0.5660469572175745,1,interior
0.6221223524355651,0.5649066129470848,1,interior
0.392742319768501,0.6383465139250591,1,interior
0.3982510949082697,0.6304516281993158,1,interior
0.4085133821169791,0.6327230082873646,1,interior
0.3539039802005264,0.8350911040217062,1,interior
0.3573478388781124,0.8435906836183892,1,interior
0.3662424384406783,0.8445136650176029,1,interior
0.3732741544204141,0.8411140020487469,1,interior
0.3499985755177235,0.8275380206017973,1,interior
0.7496900835574828,0.6142915743008736,1,interior
0.4283605694264557,0.6812309064919351,1,interior
0.8722202379565323,0.6211819266517925,1,interior
0.8472477473532517,0.5679391203783299,1,interior
0.839177571166977,0.5683157503408206,1,interior
0.428188436616404,0.8454508240117447,1,interior
0.43478995815999116,0.8397140762018503,1,interior
0.3878587227024225,0.6315984015363982,1,interior
0.4058237886048288,0.6252121739525972,1,interior
0.39228534900137213,0.6214465387000684,1,interior
0.7780750772588817,0.609588943372274,1,interior
0.5138804725773007,0.6461119065146348,1,interior
0.5159219526501513,0.6600778346272113,1,interior
0.6533498879812172,0.5833598103667741,1,interior
0.6455440254803129,0.5798629021529541,1,interior
0.42886023713442867,0.6317101416585114,1,interior
0.42204230055894554,0.6349024345275398,1,interior
0.38318633851760164,0.7497517391926696,1,interior
0.3917939736728397,0.6128790969155598,1,interior
0.3989660024409951,0.6141903151366342,1,interior
0.38440865069193736,0.6232389725628351,1,interior
0.5520400397855687,0.5454757500367785,1,interior
0.5480035965275795,0.5384026999597434,1,interior
0.5414441785368497,0.5307606676475841,1,interior
0.4241454691150995,0.8609927653806394,1,interior
0.37641854992901774,0.6201827890814686,1,interior
0.3784954691357885,0.6286193210830556,1,interior
0.3801606195780738,0.636284634924694,1,interior
0.38381811720342995,0.6145413659799103,1,interior
0.3926766883786899,0.8351603014724752,1,interior
0.4241672103159883,0.886047408912555,1,interior
0.8733633044120426,0.5840356428872567,1,interior
0.8769989491288243,0.576266943955428,1,interior
0.41672460133553924,0.8853065514678345,1,interior
0.4273430558171502,0.8785712500974217,1,interior
0.4190252225215549,0.8766813920336237,1,interior
0.3727583481242967,0.6344572277930489,1,interior
0.36863099288874535,0.6268732988083062,1,interior
0.3685860223086108,0.6167269729704673,1,interior
0.3746249608010821,0.6110483599579812,1,interior
0.4919325031889563,0.5980196623198036,1,interior
0.7758901956708314,0.600362299799284,1,interior
0.3452231374058564,0.7006816516228227,1,interior
0.34988516798688885,0.7204682057305909,1,interior
0.33742040750220664,0.7126425059547435,1,interior
0.4210471456670054,0.6215338577309187,1,interior
0.41924393076407085,0.6292492908933645,1,interior
0.4332313585970626,0.6382416107950264,1,interior
0.43493629301720726,0.6251349106657503,1,interior
0.4278891006479358,0.6231635283855571,1,interior
0.4394618803451919,0.6326377505820471,1,interior
0.8929142703652986,0.6844299745301677,1,interior
0.36951224642444574,0.8545961904260068,1,interior
0.37492867498838794,0.849058620232331,1,interior
0.36066150192366137,0.8528230875016786,1,interior
0.446133190512656,0.6378019013231152,1,interior
0.4890131699783523,0.605561657481995,1,interior
0.48664008670672,0.8405201179540989,1,interior
0.38342063444278407,0.8503973250019776,1,interior
0.4106541207551335,0.8796503535008796,1,interior
0.4082703797373698,0.8652620665091826,1,interior
0.42720938765447886,0.8702237810537018,1,interior
0.8646099780197435,0.6271422078545221,1,interior
0.5628213002891386,0.5681768282188181,1,interior
0.5577967965036698,0.5619567302270834,1,interior
0.6860888239856875,0.5628376682111741,1,interior
0.6786098812985971,0.5572577035032357,1,interior
0.4175501384672808,0.8578507764478369,1,interior
0.4312712316927592,0.8623989324637542,1,interior
0.4841126924564881,0.8612834238550796,1,interior
0.8377223957728624,0.6525916280989312,1,interior
0.6042647236522216,0.5738047220674144,1,interior
0.611200408888234,0.5718372856249745,1,interior
0.4016906340578468,0.8683910938152852,1,interior
0.40258120321384777,0.8757961485640846,1,interior
0.4100175508861643,0.8723256536477723,1,interior
0.36047904994310637,0.6205070123231117,1,interior
0.35940183718441054,0.6291691359695119,1,interior
0.36509597531707605,0.6383234014378801,1,interior
0.5340783561406182,0.5338222991468611,1,interior
0.5323837302504029,0.5256154080340331,1,interior
0.5449022999957263,0.5241508820747551,1,interior
0.5376772724255893,0.5209173077526333,1,interior
0.5535940488107698,0.529873587223631,1,interior
0.4538677194963612,0.637893372596139,1,interior
0.8821885714160063,0.6637929392118631,1,interior
0.8757549219647376,0.6741445938704931,1,interior
0.6338221419363022,0.5667757361195735,1,interior
0.6395185932044728,0.5735461984375376,1,interior
0.7684129443537535,0.5974269989164747,1,interior
0.7740399782249349,0.5918025784930162,1,interior
0.7854797332823334,0.6090315862704799,1,interior
0.3810106401202092,0.604971884628254,1,interior
0.38789692723883007,0.6072431746592942,1,interior
0.8500076926965385,0.5603215366340523,1,interior
0.8611293108139283,0.5705593234791625,1,interior
0.84136402266232,0.560558855397596,1,interior
0.8514459752626923,0.6666236333486623,1,interior
0.3551323189422069,0.7254872107531355,1,interior
0.9184325765575243,0.6848780862534756,1,interior
0.9073663576866337,0.6844668750323031,1,interior
0.40124719763974515,0.8593804645493043,1,interior
0.3860767167211829,0.6649063432909869,1,interior
0.3857125553703787,0.6798192625669953,1,interior
0.3909307365680406,0.6570863480622133,1,interior
0.8241503086422682,0.5694828505527009,1,interior
0.8320867585976867,0.5701987359451351,1,interior
0.48635863381478406,0.591967688196155,1,interior
0.4826786322944601,0.6009096794502258,1,interior
0.6453870045418805,0.5586395491759003,1,interior
0.6369316696870684,0.559804801402394,1,interior
0.6280503764241915,0.557608916805843,1,interior
0.3556404679482118,0.6117755720274547,1,interior
0.36242486100149046,0.6137034049356205,1,interior
0.3519393549694419,0.6308468765876726,1,interior
0.3502255658447937,0.6219191217971484,1,interior
0.7836512301697199,0.6017646718067985,1,interior
0.34698631023067333,0.8593536834427363,1,interior
0.3548629218905029,0.8601469252053744,1,interior
0.364196743530658,0.8623444785813721,1,interior
0.3517313261260763,0.8512353191117626,1,interior
0.44243921228573485,0.623172365040706,1,interior
0.4592641781311027,0.6302102760469556,1,interior
0.8438482777940142,0.6985056430308746,1,interior
0.8390595783430895,0.7067088913033083,1,interior
0.5198097545466968,0.5148869607991241,1,interior
0.5294493105649895,0.5157179077793096,1,interior
0.51854679057381,0.5299324877993763,1,interior
0.5239707667610788,0.5230307987018895,1,interior
0.8813278098591237,0.5822716509371668,1,interior
0.8733417657296201,0.5641069974721807,1,interior
0.8794666709536285,0.567688884928765,1,interior
0.8695068374300787,0.5739150030254179,1,interior
0.46610126548281766,0.6228874409153785,1,interior
0.4572614593820478,0.6213268669231525,1,interior
0.46839646058263734,0.6326392044723121,1,interior
0.46145138850026035,0.6379331763075912,1,interior
0.5773563618359644,0.6076800090186332,1,interior
0.5765626284944684,0.5986212432158092,1,interior
0.5661331057964739,0.5985281771168556,1,interior
0.3902313043672282,0.8447973574011526,1,interior
0.3404698765741374,0.7282643913223996,1,interior
0.33540191055786067,0.7230878321811026,1,interior
0.3473112248303813,0.7277397484860684,1,interior
0.7267160967652853,0.5848130633871217,1,interior
0.7143932053420263,0.5739633732353403,1,interior
0.7207190713089217,0.5793776349650773,1,interior
0.7068350372718325,0.5780599453280135,1,interior
0.35318282842205784,0.7344880017405785,1,interior
0.8018262463853792,0.5738016332318399,1,interior
0.3612111299143887,0.6742892447782837,1,interior
0.37090535398694396,0.6728601991338602,1,interior
0.3557732770072701,0.6818846809681772,1,interior
0.8791499530358527,0.5567448568054095,1,interior
0.8889580601687648,0.5673089154041343,1,interior
0.8857688732411637,0.5601363682864727,1,interior
0.5127164971737473,0.5369554810713765,1,interior
0.5103520934356436,0.528926091920674,1,interior
0.4137058124121279,0.8502118966547411,1,interior
0.4298675258614512,0.8542410505985218,1,interior
0.4779363608219143,0.6325775682904545,1,interior
0.492015305595749,0.6221609325672278,1,interior
0.4845514062802914,0.6266463022969674,1,interior
0.8726582246680656,0.6378525666388557,1,interior
0.8734129476660026,0.6301622608848995,1,interior
0.5879095715968289,0.5958784751701396,1,interior
0.37718150225407215,0.6650502848127005,1,interior
0.8526784121400599,0.6941807492573951,1,interior
0.7281369528027382,0.5771375157695241,1,interior
0.7422386102697247,0.5760278845938409,1,interior
0.7335648126004953,0.5717470261592003,1,interior
0.7416331910339419,0.5855764595353994,1,interior
0.7028893685266867,0.5494446948873143,1,interior
0.7018734854924826,0.5584190873855197,1,interior
0.694819640230823,0.5514181218544721,1,interior
0.5265657660754304,0.5316110368579793,1,interior
0.90098857163479,0.6797791283226359,1,interior
0.3842360273822259,0.6423112342959904,1,interior
0.37410269129871493,0.6424610248279042,1,interior
0.35074987247970935,0.6952762199041187,1,interior
0.5030725485120434,0.535908291506887,1,interior
0.502888562826677,0.526377649390083,1,interior
0.7061577510140952,0.5678347704710514,1,interior
0.7155742442992015,0.5660256579056097,1,interior
0.34521925456601465,0.8346077697870645,1,interior
0.3485389636062926,0.8426004864510768,1,interior
0.9156398151106575,0.680754587194144,1,interior
0.5078252599574932,0.5207900216097406,1,interior
0.5245518654400014,0.5077160159844928,1,interior
0.5153147340298719,0.5213630931456464,1,interior
0.5164763643872348,0.5075212327148486,1,interior
0.8810745741446209,0.6475183730967086,1,interior
0.8816238234582745,0.637443326346313,1,interior
0.5861013931954281,0.5826537894239541,1,interior
0.59287621939038,0.5791139941271417,1,interior
0.5108613919419738,0.5010981843515514,1,interior
0.5149722683550906,0.4941094255315767,1,interior
0.5094638530838425,0.5121582784601143,1,interior
0.5042516646690498,0.5044456191722769,1,interior
0.5195410220496144,0.5004000429824482,1,interior
0.496666658145071,0.5307153408749996,1,interior
0.4997134769433695,0.5168798577991007,1,interior
0.33888400811652064,0.7708476635527596,1,interior
0.3443227765246143,0.7781400426921266,1,interior
0.3509702999615621,0.7808720936524226,1,interior
0.7551569646290371,0.5914540332092738,1,interior
0.7490094099355203,0.5841658427482092,1,interior
0.8363838198372969,0.5544415683661986,1,interior
0.8457133939492537,0.5510435542270498,1,interior
0.3670414690826747,0.6492421298775217,1,interior
0.3705497574141056,0.6580806155084729,1,interior
0.3810460035455181,0.6575087740810145,1,interior
0.495630003867406,0.665172636082051,1,interior
0.36409525329123754,0.6657324261515407,1,interior
0.8776743408610796,0.6058045570493381,1,interior
0.8856538398209338,0.6080029841779785,1,interior
0.8875009863696809,0.6168450224745408,1,interior
0.8816599635802292,0.6249071605415674,1,interior
0.6607903778790697,0.5489286864851006,1,interior
0.45875715941783674,0.6455460920998459,1,interior
0.40351280574941556,0.6003492171997088,1,interior
0.41316774588246113,0.6096870684583935,1,interior
0.40793567009654247,0.616768968827479,1,interior
0.4096666963978019,0.6036586511992084,1,interior
0.8303699870915773,0.5613333940780649,1,interior
0.4831216462124645,0.6182124008142212,1,interior
0.3429112080261347,0.6933010935759797,1,interior
0.3358313649510847,0.7006977176206773,1,interior
0.8940274445830191,0.6016881563790998,1,interior
0.4988268038604862,0.5445588708598321,1,interior
0.5044299356181612,0.5526075111650006,1,interior
0.3729106309463068,0.6023899254551456,1,interior
0.3397482782377639,0.6171330039048838,1,interior
0.34031676701107605,0.624409221849402,1,interior
0.34884520164165184,0.6049351673716664,1,interior
0.3631734208138561,0.8705427568388185,1,interior
0.34961485595042874,0.8694564351850854,1,interior
0.5331212302520784,0.5055353202231899,1,interior
0.6449319740902922,0.5490698856071152,1,interior
0.49087306571373085,0.5451397329889401,1,interior
0.4920689607896139,0.5365110202365692,1,interior
0.5700417530510814,0.591348638586544,1,interior
0.5414979453181011,0.507616669807532,1,interior
0.5367208576617621,0.5129183073467504,1,interior
0.3520949252512202,0.7434751156752389,1,interior
0.3440611272126926,0.736670939071729,1,interior
0.6364028044422605,0.5520325769059526,1,interior
0.6448390055005409,0.5412044065609354,1,interior
0.6530625590869804,0.5432353828471085,1,interior
0.6532509930893023,0.5533531521001093,1,interior
0.6371857727272318,0.5431056105056554,1,interior
0.7118461515641651,0.5595636110253929,1,interior
0.7090446975213414,0.553165327125823,1,interior
0.5413043928384323,0.5003245169641743,1,interior
0.5325154781546281,0.495853116700167,1,interior
0.5267237322986826,0.5000152925207072,1,interior
0.3593244723826247,0.6575538860099123,1,interior
0.370652975205618,0.6654907003790123,1,interior
0.37085781331733647,0.6986706596149973,1,interior
0.889710162551611,0.5932312296479172,1,interior
0.8983249078801588,0.6098144198211505,1,interior
0.9035252209651269,0.6054884277111188,1,interior
0.90243301496941,0.5978217788704603,1,interior
0.34151510281219344,0.8272910522739729,1,interior
0.35350230983763314,0.8205097643265908,1,interior
0.8851444799143211,0.6789002134376999,1,interior
0.8852232682107486,0.671623597614581,1,interior
0.8788753295750685,0.6810094933248729,1,interior
0.5441469185877005,0.5477447832186263,1,interior
0.559422033492991,0.5396480147887168,1,interior
0.4998435020941896,0.5093587360056526,1,interior
0.8815348860656929,0.5900390022981109,1,interior
0.49705953715591694,0.49117019423432984,1,interior
0.5032144251925639,0.4973022960719849,1,interior
0.49626728337734066,0.5012100507075113,1,interior
0.35945105443364367,0.7355966272927681,1,interior
0.38077750624522766,0.6724185128633738,1,interior
0.4910117060550617,0.5089657443595416,1,interior
0.49014742712387066,0.5182416410588104,1,interior
0.496024768737468,0.5236227676155434,1,interior
0.595849602904443,0.5708462759989741,1,interior
0.6045133348094851,0.5652384605985616,1,interior
0.35614409939322283,0.6382013106839897,1,interior
0.8896063499747991,0.5841645228082093,1,interior
0.8850530717271156,0.5753215390048335,1,interior
0.8934193488105732,0.5751790675756504,1,interior
0.48864381366344795,0.5612012722642803,1,interior
0.4803553397871475,0.5633265351328693,1,interior
0.4744427202609519,0.5699597334500262,1,interior
0.483370764660535,0.569027098289127,1,interior
0.4816233580974849,0.5773284631270686,1,interior
0.3321075113413435,0.7552898141952432,1,interior
0.3379797501605282,0.7510609518805151,1,interior
0.3334155102216664,0.7631258458106823,1,interior
0.5806503799941183,0.5889050070121973,1,interior
0.34316398766927253,0.7872543754074932,1,interior
0.891362747791873,0.6582740785036567,1,interior
0.8839301194457672,0.6548541003802967,1,interior
0.6865409507400188,0.5533026038401964,1,interior
0.5940747415488913,0.5595605195608092,1,interior
0.6125652070082575,0.5535582918784009,1,interior
0.604469518274331,0.5559683587330723,1,interior
0.6091217840493838,0.5468888740861407,1,interior
0.6174463951347489,0.5413061076353652,1,interior
0.6196027627382749,0.5498967558422457,1,interior
0.6187165047537175,0.5584475407636927,1,interior
0.5071810174050796,0.4915170659557811,1,interior
0.4873233488075472,0.4982862871222919,1,interior
0.49334995046562685,0.4809596125602266,1,interior
0.48869139573432074,0.48925072663563346,1,interior
0.5038148548157169,0.482296944746955,1,interior
0.7962606406208396,0.6330086529735778,1,interior
0.33754952004316807,0.7421900624212012,1,interior
0.33348283133701256,0.7337910804989803,1,interior
0.34477830392601017,0.7462408706524194,1,interior
0.7237156376419879,0.5695237547184082,1,interior
0.499346382020045,0.47323406314682764,1,interior
0.4835797273716735,0.4829882533982149,1,interior
0.48584079351777,0.4747027768556756,1,interior
0.8092064244433234,0.5953838155628601,1,interior
0.48026300936489724,0.49150065910074175,1,interior
0.47545042428818435,0.48529657578710184,1,interior
0.35727905508093144,0.601398441257367,1,interior
0.34006655676484043,0.6086062530845736,1,interior
0.36506511789580376,0.6073961503828584,1,interior
0.3376344643677743,0.7806354863023156,1,interior
0.33690607489422675,0.7961511672704324,1,interior
0.3457804097934652,0.803294690386366,1,interior
0.3364733013473753,0.8339492700432648,1,interior
0.3334298687473578,0.8399679599449903,1,interior
0.3425431421735726,0.850002819312034,1,interior
0.7110161932411604,0.5454616636518045,1,interior
0.7036969521040465,0.5415477823852054,1,interior
0.8876917170008881,0.5507617468396155,1,interior
0.8969348074553004,0.5676812745250814,1,interior
0.8946340668449474,0.5586911067715833,1,interior
0.7216145477103769,0.559554146618747,1,interior
0.7306268480980945,0.5616158415968258,1,interior
0.8149325953323698,0.5680186999995072,1,interior
0.3243302047175594,0.751941300628857,1,interior
0.32979088459375444,0.7447065027984607,1,interior
0.3293876679607726,0.7686825435621337,1,interior
0.32394418077061804,0.7608386252605269,1,interior
0.37229642989770145,0.5953182361833556,1,interior
0.37504388032325703,0.5881087151691777,1,interior
0.8420705840989152,0.5405636029638766,1,interior
0.8565602709766099,0.5484544462526059,1,interior
0.8359623017470454,0.5464103339533477,1,interior
0.4834558415596946,0.5399193346888828,1,interior
0.4826431959982212,0.5311339531441805,1,interior
0.48499971088591337,0.5500442256795708,1,interior
0.48914134941126536,0.5270296517561961,1,interior
0.8918371943612202,0.6669156235888009,1,interior
0.8927544061424624,0.6757591790490292,1,interior
0.9002921227219709,0.6632138789656531,1,interior
0.4806590133451567,0.5211758621446541,1,interior
0.6671455792202933,0.5445157813541103,1,interior
0.6715780699220414,0.5600200423964417,1,interior
0.6739119589253936,0.5445342898912635,1,interior
0.38521690832256805,0.6505466288200733,1,interior
0.34186151342589405,0.5984000309696206,1,interior
0.3509978982292529,0.596164900705324,1,interior
0.7511443940210565,0.5765001950984961,1,interior
0.7396341733970857,0.565014248440269,1,interior
0.7483426793747455,0.5682625430851794,1,interior
0.6797942924566094,0.5485894789213741,1,interior
0.4751877531120569,0.6244807533093035,1,interior
0.44981667321022484,0.6203661409897903,1,interior
0.46411204030605724,0.6129058741783707,1,interior
0.4530316711337049,0.6121210787674949,1,interior
0.42645728462030497,0.6150223673789058,1,interior
0.42211361651521623,0.6084324812427478,1,interior
0.8980397130093932,0.5819039452118396,1,interior
0.4763737441421447,0.4771164561019859,1,interior
0.643988693080781,0.5279216792681539,1,interior
0.6402752054654998,0.5347113593564984,1,interior
0.6322268934733902,0.5353337715245937,1,interior
0.33243168356897485,0.8271962072714358,1,interior
0.337925229127216,0.8205388833089685,1,interior
0.4812331908164762,0.5058674275410868,1,interior
0.48348360638524845,0.5133556329357687,1,interior
0.8052731441876974,0.5652848114688969,1,interior
0.7944535973609812,0.5686397116616168,1,interior
0.8207235762169379,0.5620724468612495,1,interior
0.4045485164886444,0.60860449310088,1,interior
0.3972759359067924,0.5957954860369381,1,interior
0.40604143359915246,0.5923831414104782,1,interior
0.4647806241604054,0.5636739991054502,1,interior
0.4735583898679312,0.5598141483991687,1,interior
0.47322665679820464,0.5806647618250892,1,interior
0.7897067067495677,0.5591523493643031,1,interior
0.7849218641926551,0.5674533556286426,1,interior
0.7979073270737707,0.559837114820481,1,interior
0.331923025995773,0.6220065720596962,1,interior
0.3295396179241651,0.6128225309501018,1,interior
0.3338198325265026,0.604446836344333,1,interior
0.34712920904628025,0.613383151777177,1,interior
0.3797750807993668,0.8576978479222385,1,interior
0.37274534122354624,0.8621119691931961,1,interior
0.5623276612362677,0.5545094947625109,1,interior
0.5586172934329227,0.548321774420809,1,interior
0.3251654925392869,0.7758172552741058,1,interior
0.3164526610612328,0.7757313840860335,1,interior
0.3214690926560712,0.7689315485053896,1,interior
0.33266697144962665,0.7752155657071423,1,interior
0.804587779507294,0.5540389227253825,1,interior
0.6806653902135683,0.540036634267533,1,interior
0.6886358942700717,0.5438918172000758,1,interior
0.550063180267422,0.5639496608071448,1,interior
0.5667437787705748,0.5611600333254114,1,interior
0.5611050632420422,0.5744599341039385,1,interior
0.6239033196505647,0.5349317778920474,1,interior
0.6365878005488027,0.5266717076036623,1,interior
0.627745167179756,0.5451145764362366,1,interior
0.6287002388592621,0.5268817063264616,1,interior
0.44448983880748427,0.6144513850237175,1,interior
0.4498023407227677,0.62922909514273,1,interior
0.812929156568038,0.5463367414316331,1,interior
0.8021150309728261,0.5448756333343371,1,interior
0.8126510382736273,0.5579961342529319,1,interior
0.7950400854755735,0.5512218435562204,1,interior
0.6714459383762917,0.5371791207112048,1,interior
0.6619615323673697,0.5397432942164689,1,interior
0.679341646495581,0.5329736633213316,1,interior
0.5227517096773018,0.49182468947908975,1,interior
0.5400940370487108,0.49117121569308203,1,interior
0.5296023249683087,0.487414976500125,1,interior
0.3300561795196967,0.8178330397315225,1,interior
0.3404040679445229,0.8125051263309643,1,interior
0.35170286822668617,0.8120541303513286,1,interior
0.4951764754537763,0.5545177275704439,1,interior
0.4812109756137488,0.5564230946067333,1,interior
0.4541108436074735,0.6027583306068808,1,interior
0.45940166808776495,0.6075282313545939,1,interior
0.46535650106438975,0.6016653476816843,1,interior
0.7730644981551629,0.5825154059589118,1,interior
0.9223243131068729,0.6756347805682126,1,interior
0.9152579225593923,0.6718412355677434,1,interior
0.9246600941948354,0.6811380355333008,1,interior
0.9059656704399176,0.6713686626530272,1,interior
0.6486782528613001,0.5346535117211482,1,interior
0.6109775564623753,0.5601751693893575,1,interior
0.8894802358661881,0.6475993424030099,1,interior
0.3311768767053846,0.7176539526987364,1,interior
0.3263332844275771,0.7258479053630901,1,interior
0.3202735007789451,0.744666665689251,1,interior
0.3241249791061365,0.735749163829455,1,interior
0.38093450215817143,0.5954858245383574,1,interior
0.38878139500581965,0.5995666493222043,1,interior
0.3982991577142105,0.8498893003383551,1,interior
0.648312791161313,0.5899035045973154,1,interior
0.41332535792644665,0.6237719128483424,1,interior
0.5874859200330771,0.5664973944159908,1,interior
0.5818831601004905,0.5592806205668257,1,interior
0.344242517778852,0.7082409867589347,1,interior
0.33540177891369477,0.6894311126949937,1,interior
0.3274653630803794,0.6915461212405206,1,interior
0.3250767930002056,0.7004435266368157,1,interior
0.9244894512680734,0.6691572707021791,1,interior
0.9321399839165355,0.680922223201844,1,interior
0.9307992775510457,0.6741642034142492,1,interior
0.3359175712782565,0.8526948731916462,1,interior
0.3390786495788119,0.8589101184602322,1,interior
0.332693865058925,0.8466381230892852,1,interior
0.4169504629547158,0.6026555310243935,1,interior
0.5718719557133426,0.5832581334586672,1,interior
0.578645717617958,0.5789256502754888,1,interior
0.5118458874766978,0.4791357444779766,1,interior
0.4735570738432484,0.6155752093336027,1,interior
0.4820846970628785,0.6100304790163168,1,interior
0.7758464508370942,0.5520070018958207,1,interior
0.38430315102438484,0.585769553392571,1,interior
0.37673248604297976,0.5805329741204216,1,interior
0.36624383254709303,0.581865167988336,1,interior
0.3670188474942329,0.5902066388667138,1,interior
0.479189795835049,0.5868498051516225,1,interior
0.475800518715108,0.5963615307687133,1,interior
0.3515606850001025,0.7513308872641374,1,interior
0.9046453047737005,0.614604461126845,1,interior
0.8922665400886628,0.6238639768132479,1,interior
0.9034291804262535,0.6243761014022037,1,interior
0.586552317343274,0.5745323490960944,1,interior
0.4004476249244755,0.6214353716374352,1,interior
0.3606069554991307,0.7911102282115733,1,interior
0.6013134316225969,0.5419383615633041,1,interior
0.5997734344646879,0.5504267025501758,1,interior
0.5948158678289315,0.5449319197037528,1,interior
0.6082390046013056,0.5376677881096597,1,interior
0.3159887843161121,0.7541721909804895,1,interior
0.314324019752894,0.7653656332750127,1,interior
0.3401476666649505,0.8414925310228062,1,interior
0.3193258111333633,0.8422115560866832,1,interior
0.3273232983434818,0.8370779566116151,1,interior
0.3251167599922274,0.8483348351701344,1,interior
0.5433755296712743,0.48390445800272663,1,interior
0.5203420457344153,0.48169473088880677,1,interior
0.5356088203458724,0.4818020770744249,1,interior
0.5497357389988043,0.4895895285224223,1,interior
0.5505724373002615,0.4810880369118526,1,interior
0.54240864139485,0.47520570643075494,1,interior
0.41705970480550547,0.8666202265492782,1,interior
0.9371600688144793,0.6772940047109387,1,interior
0.4588552422386733,0.5951522446092492,1,interior
0.4489907203439894,0.5953206432466606,1,interior
0.44275610710592606,0.6047941214797786,1,interior
0.859028792513959,0.539829444854195,1,interior
0.8662234808663021,0.5473976037158713,1,interior
0.8504472427729016,0.5434395976369716,1,interior
0.8495627935909495,0.535735590863233,1,interior
0.8627425141493198,0.5551644627748551,1,interior
0.6426709156869758,0.5191975655662993,1,interior
0.6325293308024608,0.518377691905339,1,interior
0.39386766662598094,0.5806379906936792,1,interior
0.3999570134508244,0.5868583450054214,1,interior
0.8881043331431744,0.6307310112401382,1,interior
0.8917181085969347,0.6384510946559613,1,interior
0.3165371769102368,0.7291371607486702,1,interior
0.32472178832493276,0.7162178853716513,1,interior
0.8972280550071753,0.6311703888705482,1,interior
0.6957053268475394,0.537789060337288,1,interior
0.688127644152987,0.5329874132822432,1,interior
0.6732428795888544,0.5282570889530608,1,interior
0.39074155917277115,0.8558486697909947,1,interior
0.3807738561653018,0.8428792082291373,1,interior
0.8760308460929096,0.5972410347290021,1,interior
0.3316820686860175,0.8100293591818051,1,interior
0.3209177328048772,0.8185668479530334,1,interior
0.3227099670282829,0.810202334297104,1,interior
0.5446079934998233,0.5151427452274105,1,interior
0.35374515907950693,0.7971313811249718,1,interior
0.3302703688914785,0.7814420852132924,1,interior
0.4083359331590173,0.5852539590261283,1,interior
0.41563690004901716,0.5888555517855154,1,interior
0.40477116637448385,0.5779633946953577,1,interior
0.3134438474439249,0.8143976708310655,1,interior
0.31861354237966455,0.8330110088963698,1,interior
0.31384076674561745,0.8237163103085131,1,interior
0.8981581064484682,0.5484881283114466,1,interior
0.8858764584190173,0.5439367341881777,1,interior
0.8937596499495752,0.5408252057397541,1,interior
0.8772294805337131,0.5448590961995614,1,interior
0.9336045773125675,0.6658242884772393,1,interior
0.9402758174753651,0.6722707877153734,1,interior
0.9258625741894185,0.6625675817164776,1,interior
0.8569621188685859,0.530531921264432,1,interior
0.8851619925068707,0.537113486525603,1,interior
0.8916641113495902,0.5337768386026454,1,interior
0.3855467942318933,0.8714075608760249,1,interior
0.5699171624294438,0.5744691843396789,1,interior
0.574728459180036,0.5625180592564948,1,interior
0.5787540073169293,0.5696505612220265,1,interior
0.3924402645001189,0.6468971394820316,1,interior
0.7648098019815083,0.5800007001155663,1,interior
0.7647505168085406,0.5893870634109284,1,interior
0.7784429322993459,0.5745051195753885,1,interior
0.7616769964748775,0.6083865889668333,1,interior
0.3072511681192144,0.7800975563036815,1,interior
0.3083559301646369,0.7725357826426593,1,interior
0.30909664047907137,0.7593859726170356,1,interior
0.8283355348103258,0.5440132678878341,1,interior
0.8324670223719435,0.5372739470535438,1,interior
0.7583290724754044,0.5724063067883157,1,interior
0.3036546722415968,0.8180221624888903,1,interior
0.30700832003254563,0.8092414928920665,1,interior
0.30477699128958774,0.8268396761164823,1,interior
0.9005201518299956,0.638915155187098,1,interior
0.8984647773374936,0.6531901963441973,1,interior
0.46183052999381047,0.5541073958770619,1,interior
0.4663368605284364,0.5744038021287082,1,interior
0.4546293855419781,0.5648378581442947,1,interior
0.46799296682884467,0.5529874551599586,1,interior
0.4579827384043031,0.5720448771432687,1,interior
0.47748779097428445,0.5437042574417914,1,interior
0.4621395969642402,0.5448832510505658,1,interior
0.45386696960821044,0.5875470715695872,1,interior
0.4689885875854715,0.5910153226864882,1,interior
0.461284357652944,0.5880287308441583,1,interior
0.46628550817458797,0.5830006368857347,1,interior
0.9311755836050247,0.648985668778191,1,interior
0.9385155423017704,0.6511571127116156,1,interior
0.9402148840227671,0.6591180194357998,1,interior
0.33028021968372206,0.7089042031070308,1,interior
0.3228164220242622,0.7080931048262306,1,interior
0.3171541037994308,0.6928701700613662,1,interior
0.3118223018009228,0.744117708854044,1,interior
0.31599497363115925,0.7373375348800028,1,interior
0.9056024384636727,0.6566756960910968,1,interior
0.907102227516812,0.6465462252681092,1,interior
0.8975826204127779,0.6451756134526851,1,interior
0.47539772113719103,0.526553161324288,1,interior
0.47417296999688535,0.5353354576839667,1,interior
0.6916213176677265,0.521737937298757,1,interior
0.6822104119880082,0.5254078414384961,1,interior
0.6970949758110279,0.5294289909848494,1,interior
0.5469241262094914,0.46655054842527227,1,interior
0.5522606840148366,0.47341210097939385,1,interior
0.5387916078179088,0.4667014644077454,1,interior
0.5318823238516907,0.47259063721570327,1,interior
0.44952407505411335,0.5577031328574242,1,interior
0.44920634172595336,0.5711459686134299,1,interior
0.4571885130109122,0.5585191588522938,1,interior
0.4467565533275262,0.5640867322356985,1,interior
0.39605092769664557,0.6052949932074208,1,interior
0.3371167538678085,0.8045263193829495,1,interior
0.328989712957849,0.8023250130594094,1,interior
0.7574971325472178,0.582538859101294,1,interior
0.7538372731289447,0.5625998687208416,1,interior
0.7456602197163454,0.5580723703224321,1,interior
0.8207054500987231,0.5545302221827936,1,interior
0.8074168916499982,0.5373853505276441,1,interior
0.8216349125426374,0.54705131882097,1,interior
0.8222090636205855,0.5394539710396654,1,interior
0.308315433579165,0.7895022358733595,1,interior
0.31481609300945007,0.7832771725059002,1,interior
0.2987887551806913,0.7741132355676773,1,interior
0.2981473673829916,0.7846116438331139,1,interior
0.7815979244813587,0.5588801778793036,1,interior
0.7765321416207406,0.5666554675499675,1,interior
0.6667643584169166,0.5223027389886817,1,interior
0.6648941853832219,0.5311569077043085,1,interior
0.45933311893406165,0.5804168129111864,1,interior
0.805172299439759,0.7400677366191909,1,interior
0.9127336179300979,0.6186137450504219,1,interior
0.9134531559518368,0.6290327447540295,1,interior
0.9066962684611961,0.6348130726251909,1,interior
0.3459751946799303,0.819770983803554,1,interior
0.5723812480679774,0.5548911598358698,1,interior
0.5705290612647101,0.5676914235706081,1,interior
0.6564393355215741,0.5335466594442774,1,interior
0.65071974335765,0.5260948946410156,1,interior
0.31411355483541686,0.8053440863609099,1,interior
0.3211211232333542,0.8015718156929292,1,interior
0.8585897799726708,0.5619857496561683,1,interior
0.8545121663805085,0.5549754199227954,1,interior
0.46927248454987947,0.5193189236963094,1,interior
0.468769447893564,0.528043744049295,1,interior
0.4878086703098145,0.4646052177877277,1,interior
0.4810095528186415,0.4696314256585926,1,interior
0.47350562022036713,0.6061649284656784,1,interior
0.9495778701281254,0.6623797933071491,1,interior
0.9468186735016607,0.6534692189482908,1,interior
0.3461136257162264,0.7948682891912625,1,interior
0.7374159375677225,0.5547181171978167,1,interior
0.7275608958131526,0.5508712945630008,1,interior
0.658690201854231,0.5245300235261244,1,interior
0.7689677943011659,0.5726473841830781,1,interior
0.9212506572573728,0.6565789582189897,1,interior
0.3233769010323662,0.7841752695749528,1,interior
0.32536401681216487,0.7939932033064495,1,interior
0.33290060079650236,0.7882443873553102,1,interior
0.44591458605812134,0.5859930168973624,1,interior
0.4433645469885355,0.577012709504317,1,interior
0.507086464499215,0.47286889412429534,1,interior
0.496756514067102,0.4641968917765933,1,interior
0.8285491978045947,0.5518170828607246,1,interior
0.43584657228338625,0.6156054400937274,1,interior
0.3149872896299282,0.7964973800835567,1,interior
0.3213094482050596,0.6205307294657574,1,interior
0.33432107485027573,0.631414406805691,1,interior
0.32000680374329704,0.6296103564642858,1,interior
0.3294893261492085,0.6809199422425113,1,interior
0.3208445733275002,0.6835746954618546,1,interior
0.3561268786542455,0.8737875804571598,1,interior
0.3717369087912147,0.869625882602913,1,interior
0.7926166512586181,0.5417723041589175,1,interior
0.7851668365664422,0.5493107586051067,1,interior
0.3476501625670803,0.637549865405842,1,interior
0.431693263854513,0.6070358503615113,1,interior
0.3072456833260809,0.6883376003016207,1,interior
0.30920370766805816,0.6963318801052809,1,interior
0.3148210434861741,0.7033466345705869,1,interior
0.31036897376000494,0.6186586178951581,1,interior
0.9477216276554085,0.6693701195080392,1,interior
0.31115024512686434,0.8392709703534632,1,interior
0.6416563925399077,0.5658688140115525,1,interior
0.3174855475904444,0.7126154004935351,1,interior
0.3375156228124805,0.5906747437923595,1,interior
0.3948609289594297,0.8638368125222309,1,interior
0.3871234797135828,0.8643646289703345,1,interior
0.7109960914259448,0.5361852859377346,1,interior
0.7057587320187062,0.5292521879269094,1,interior
0.9354245372158366,0.6430864970263926,1,interior
0.9444006040230116,0.6433982605523888,1,interior
0.9522591056125549,0.6471626905954813,1,interior
0.9308985501836726,0.6568295977422346,1,interior
0.4755675787176858,0.5508721171198977,1,interior
0.3453981707410701,0.6776113114574029,1,interior
0.3529599622181377,0.6743284156134759,1,interior
0.34990284469247457,0.6872009732438008,1,interior
0.6205964362564683,0.5261106392223065,1,interior
0.5646010016103596,0.490427111827886,1,interior
0.5495533170070127,0.4976040879163657,1,interior
0.5579703962559915,0.49447060775592205,1,interior
0.6519588085794511,0.5176456481801851,1,interior
0.3071256138893788,0.7512753133888469,1,interior
0.30043873026578427,0.793258222499642,1,interior
0.3058198483911885,0.8002070818941479,1,interior
0.3175328752937935,0.789669865622711,1,interior
0.33973061443696373,0.667486184090257,1,interior
0.3364380409882456,0.6749225182374403,1,interior
0.34274104875965355,0.685673343837165,1,interior
0.5779243264058137,0.5481322428799226,1,interior
0.5859570784044242,0.5529675611624598,1,interior
0.6252533191028249,0.5096121261007391,1,interior
0.6360897560128848,0.511259568946212,1,interior
0.6250550970620815,0.5193143229925196,1,interior
0.29572612549648075,0.8251014110841693,1,interior
0.3115435603701719,0.8311703994509679,1,interior
0.2990247819968666,0.8333246409404946,1,interior
0.3057744619732693,0.8345498954768384,1,interior
0.7026822444045677,0.5349285623211684,1,interior
0.9096477290665447,0.6643673297755216,1,interior
0.8981789522028419,0.5907760527699903,1,interior
0.9031403332174853,0.5744450761784521,1,interior
0.9062954979059866,0.5838983099097903,1,interior
0.7694505358553854,0.5642249988621945,1,interior
0.7625081506541642,0.5647135867088696,1,interior
0.5501276598393139,0.5065933492000118,1,interior
0.9092131478387124,0.5569174429247793,1,interior
0.717458758414721,0.5517048844973724,1,interior
0.7300054103528445,0.5406448362056673,1,interior
0.7200675457664084,0.5423160791866017,1,interior
0.7358638543503201,0.5462280643544486,1,interior
0.7765148650538071,0.5431331313679959,1,interior
0.7888124318409493,0.5354819547554306,1,interior
0.8543371628825526,0.567189345405894,1,interior
0.8987734828936347,0.6714570577558587,1,interior
0.5228303730276512,0.47300504497182366,1,interior
0.5150465615708804,0.47284557519225445,1,interior
0.2934562254968194,0.7557467368798519,1,interior
0.29577132421674485,0.7644877183579691,1,interior
0.30841762185059485,0.7338061941415225,1,interior
0.31292407161724745,0.7170523028440385,1,interior
0.3180542946986507,0.7213764170296671,1,interior
0.30241819686588217,0.7276878300863868,1,interior
0.3080533188010954,0.7217831053483619,1,interior
0.9161476124018381,0.6490915535230246,1,interior
0.9160431381236288,0.6391380470797998,1,interior
0.2993054593052913,0.8091307356584873,1,interior
0.49453567943014426,0.45630949075135097,1,interior
0.4853729924606837,0.45585203761815224,1,interior
0.504683065417099,0.45747189155035567,1,interior
0.5034102821942804,0.46591449307030947,1,interior
0.46189258469483097,0.5245731086901554,1,interior
0.4658584181169416,0.5101222108115498,1,interior
0.475088375076865,0.5129693523231205,1,interior
0.45780795282355086,0.5157024424181615,1,interior
0.9087225016455102,0.5917838783544171,1,interior
0.8712497092286928,0.5551137134496246,1,interior
0.30900881273549474,0.6053602044252523,1,interior
0.3055161889790314,0.6116332331130345,1,interior
0.31680877301766774,0.6111526505134119,1,interior
0.303566461165844,0.6248254867218234,1,interior
0.3128099765269482,0.6267295866428797,1,interior
0.2998251471983194,0.6172163841537854,1,interior
0.9262764723447648,0.6416128280623673,1,interior
0.9207723892422695,0.6447177453846002,1,interior
0.29605770872163734,0.8009594906479824,1,interior
0.2928272255280716,0.8173740069149878,1,interior
0.29077097511074307,0.8090857256639398,1,interior
0.2828511008805098,0.81609446726279,1,interior
0.2847738543532169,0.8246711401424569,1,interior
0.6275066388619989,0.4986623164366417,1,interior
0.6180488477850922,0.4999128287309066,1,interior
0.6154195747697628,0.5085977496042516,1,interior
0.6322544084826354,0.5038602588058687,1,interior
0.6094369899400313,0.5141765473350745,1,interior
0.4515666671909579,0.5790069815322673,1,interior
0.44094496994498966,0.5682702242356863,1,interior
0.4351065334207829,0.5742568885764822,1,interior
0.6459306499465713,0.5093861629806635,1,interior
0.8664006193381611,0.5637290439040613,1,interior
0.433420653779293,0.597956192501223,1,interior
0.7476447832808316,0.6068952830139663,1,interior
0.9127443946202676,0.6562394657107922,1,interior
0.8973580399226475,0.5297141816774681,1,interior
0.8805671192914529,0.5262258603960682,1,interior
0.8875759884728456,0.5276200370092805,1,interior
0.30881946528620624,0.7111316840600971,1,interior
0.2982439199846159,0.720374520926767,1,interior
0.3002299387830212,0.7120768343608265,1,interior
0.9388035731992698,0.6353952984312351,1,interior
0.9313748314478065,0.6359474349351475,1,interior
0.9456320739029037,0.6341341044130557,1,interior
0.3172687051107937,0.8511661256914115,1,interior
0.29942101110988495,0.7352152181128115,1,interior
0.29054830926853203,0.7223419796465529,1,interior
0.2910176288771139,0.7352516836821416,1,interior
0.28309460170668654,0.833009165764176,1,interior
0.27527193826053753,0.8281704560132827,1,interior
0.29134183085193094,0.8320166353894635,1,interior
0.2733959251567078,0.821319401394417,1,interior
0.9138923210571326,0.5633426818350376,1,interior
0.9093232510608859,0.547456727655879,1,interior
0.9167003888439073,0.5553402682823947,1,interior
0.9040451714402984,0.5638936835707234,1,interior
0.9091815607536151,0.677624597068269,1,interior
0.9102156135169166,0.5701075395369363,1,interior
0.5246884923796451,0.4649445817342403,1,interior
0.6236580301118141,0.49213647395020105,1,interior
0.6063359623114136,0.5027825012640046,1,interior
0.6174372185336243,0.4892781999864668,1,interior
0.6107867877660605,0.4943346406223698,1,interior
0.7251746765916178,0.5349627014566499,1,interior
0.7326178162181239,0.530527178192541,1,interior
0.29255759827385536,0.7049237194134305,1,interior
0.30306500838639244,0.7025600310319147,1,interior
0.29095761597535647,0.7139524429467756,1,interior
0.32442665316036984,0.6043447425794762,1,interior
0.4639047541203821,0.534260256480889,1,interior
0.30995066070750626,0.85234379799335,1,interior
0.3051725654796683,0.846468899099127,1,interior
0.31757260201958637,0.8645515579526866,1,interior
0.3300011031429707,0.8567395482251875,1,interior
0.8730763963449913,0.5351273788807431,1,interior
0.37674506014406745,0.6500126389728186,1,interior
0.9334345017844842,0.6279351115468745,1,interior
0.941615974463415,0.6266720859048568,1,interior
0.5523335778732529,0.4581733190857879,1,interior
0.5356691742981784,0.4588477448657497,1,interior
0.5544397310219575,0.46636534518080663,1,interior
0.5429970465803585,0.45858994413632864,1,interior
0.8733085669096005,0.5254922385235138,1,interior
0.8654549559559568,0.5323923699554934,1,interior
0.4114858046957221,0.596898159929013,1,interior
0.9597013257964395,0.6485827423715211,1,interior
0.9522881021098705,0.63684151108372,1,interior
0.9554733283163469,0.6573123434558695,1,interior
0.9579703169880609,0.6420990448617244,1,interior
0.4252601845251915,0.6004191895441885,1,interior
0.7943254079881236,0.5318203800405674,1,interior
0.559547158694145,0.5909833410011666,1,interior
0.561759239619364,0.47049090931916565,1,interior
0.5577656201896374,0.48634698118185365,1,interior
0.4331278625549005,0.5645985655559296,1,interior
0.426737984739564,0.5712544202207817,1,interior
0.43807553783638875,0.5834674046226397,1,interior
0.4255755027323754,0.5907162411324928,1,interior
0.433252849735897,0.5894642008716073,1,interior
0.4191247146334507,0.5957238537978655,1,interior
0.9501582535923155,0.6271211781908184,1,interior
0.4726840829019542,0.5056437360439808,1,interior
0.7742340537207181,0.5593397884438618,1,interior
0.7669643616257587,0.556014300039421,1,interior
0.758922738621544,0.5572035061148477,1,interior
0.37921688538197,0.8671620299273362,1,interior
0.7021488276849555,0.5225210053377983,1,interior
0.7130243919699447,0.5252472301440538,1,interior
0.7600729871239466,0.5496691499920165,1,interior
0.7685890577060251,0.547068651736655,1,interior
0.5921666143764931,0.5508222614605962,1,interior
0.5674185394975245,0.5469777044017462,1,interior
0.58014400806884,0.5385522685307608,1,interior
0.5709831444705835,0.5394668494443793,1,interior
0.9601410422653848,0.6357648053801477,1,interior
0.9661854600224277,0.6412178760351768,1,interior
0.8456495977517289,0.5227991588074243,1,interior
0.28241885274341105,0.7088832095990999,1,interior
0.287370519189224,0.6921042732370224,1,interior
0.29468421533762285,0.6959696620378071,1,interior
0.28613811430533687,0.7004204547085524,1,interior
0.4538049187335296,0.5275137296846879,1,interior
0.44858512984774834,0.5177893668791027,1,interior
0.45829899493521814,0.504227541337253,1,interior
0.4489078734707321,0.507647083520066,1,interior
0.29672230747662814,0.6852171824527873,1,interior
0.31357435512520204,0.6767457164453122,1,interior
0.31308872437113133,0.6845042410862365,1,interior
0.30572746887887314,0.6800454017099961,1,interior
0.5315140418663977,0.4644008490840859,1,interior
0.5277024765276032,0.47956809750578666,1,interior
0.45503638570406635,0.5429145127935283,1,interior
0.2919031510258545,0.793023232604204,1,interior
0.28425572780770036,0.8080126448180949,1,interior
0.5526857286979655,0.5143490141964916,1,interior
0.5503461987206271,0.5212036602243192,1,interior
0.5646931707109617,0.5796661800767053,1,interior
0.6150418717014805,0.5324058572256986,1,interior
0.3019471474544514,0.6931978968247364,1,interior
0.8686580955452253,0.5188640086766849,1,interior
0.8822163145361296,0.5198152254715099,1,interior
0.8631825552983838,0.5242018895648909,1,interior
0.8688735560777255,0.5116705969374782,1,interior
0.46788837093844465,0.4729006461474694,1,interior
0.46725373030130163,0.48300720031898575,1,interior
0.4706119593425231,0.49211137236938396,1,interior
0.44852911857898514,0.5446324333444034,1,interior
0.4576751447585484,0.5365013817232807,1,interior
0.29854963443155,0.749476719749293,1,interior
0.29465410651279855,0.72839921387649,1,interior
0.9163675197096993,0.5857993216890506,1,interior
0.9245724797684077,0.6503571016849445,1,interior
0.5106905312367834,0.4647965228485908,1,interior
0.9660158844095315,0.6317471382981934,1,interior
0.9577825516247227,0.6285638850132287,1,interior
0.9642486910434251,0.6235686543059166,1,interior
0.9128672963912945,0.5776575447581312,1,interior
0.42245619179319344,0.5813988821999729,1,interior
0.41218867327611663,0.5713134769775278,1,interior
0.27394913201505705,0.8119835485715529,1,interior
0.2643980766291916,0.8216942780553285,1,interior
0.5647807633081297,0.5330620781433036,1,interior
0.5759630161120027,0.5300161945265282,1,interior
0.4110615149884878,0.56196614618934,1,interior
0.41926815070870993,0.5656645265541269,1,interior
0.4194882542588233,0.5739550653580139,1,interior
0.4048833036197757,0.5678521668564713,1,interior
0.350178910584553,0.6451486729936922,1,interior
0.3585152517791281,0.6473190535595188,1,interior
0.6061321790512538,0.5293296810664808,1,interior
0.5991028677562127,0.5340341918840398,1,interior
0.6367857012988534,0.49537419950498246,1,interior
0.6309258106478398,0.4888922459878308,1,interior
0.6393165912608052,0.5038462323792238,1,interior
0.4608967049887064,0.4929497854899161,1,interior
0.46675968322103184,0.5004518758896709,1,interior
0.4520114199929048,0.4976744202643988,1,interior
0.3384264012796532,0.8734560381311343,1,interior
0.3427982394757261,0.8678538640220782,1,interior
0.3341237403803199,0.8654859201323591,1,interior
0.32186113020661605,0.6741133544179876,1,interior
0.33766312913846497,0.6815247823201395,1,interior
0.41405736600804516,0.5798908008886142,1,interior
0.26015118570931195,0.8065709162908538,1,interior
0.26650965131784654,0.8134833962745237,1,interior
0.2778024749173566,0.8031900383688433,1,interior
0.2679240032443376,0.8034860567655866,1,interior
0.348598346210328,0.6615978958455958,1,interior
0.355616187916123,0.6667231189077346,1,interior
0.35045358641326835,0.6537954145532655,1,interior
0.6179539834597852,0.5171403328114822,1,interior
0.32498079339268543,0.8662606907180858,1,interior
0.3217124142867858,0.8575663565152514,1,interior
0.6317418750024556,0.4786235736051478,1,interior
0.6245194644579858,0.48303450636256073,1,interior
0.6380930250938961,0.4849642810082148,1,interior
0.5270723287925725,0.4487151111609107,1,interior
0.5165039646461357,0.45807071149999673,1,interior
0.5272810238073709,0.4566334755435816,1,interior
0.30209406355366064,0.8413458625507485,1,interior
0.30358693782049945,0.742622386012048,1,interior
0.2895537384253431,0.7475905133545792,1,interior
0.29410265202554103,0.7418479457072343,1,interior
0.4381959761442887,0.5047853524795124,1,interior
0.44091902824988993,0.5193420160032106,1,interior
0.28892972940358813,0.7699061979247664,1,interior
0.2895129690118899,0.7785526436315977,1,interior
0.3940659379494993,0.87112868446953,1,interior
0.453288076678349,0.6814898665705467,1,interior
0.3913534081827836,0.5707545740773802,1,interior
0.3852765894366541,0.5765415316541597,1,interior
0.6969483431398725,0.5447710445868631,1,interior
0.3907377816104807,0.5906294773662857,1,interior
0.42986136820822596,0.5815177468184258,1,interior
0.9179652507698108,0.6638377564800387,1,interior
0.9027462452967331,0.5394515917680186,1,interior
0.5870160811586768,0.5436974346771086,1,interior
0.5870001057586357,0.5253855681986946,1,interior
0.3014480037687349,0.7578830964559838,1,interior
0.45896186060053523,0.4839730668439473,1,interior
0.4601004190491709,0.47594028077443307,1,interior
0.4786805122643825,0.46206370746924924,1,interior
0.4407934971507459,0.5120860280697968,1,interior
0.5100401692571598,0.44982845765240836,1,interior
0.5003604831732751,0.4482047972506067,1,interior
0.9112040848841186,0.608750144186179,1,interior
0.4831062231134375,0.4488604133019939,1,interior
0.4912878244260519,0.4479987529621546,1,interior
0.9576991980092134,0.6667438818210067,1,boundary
0.645210608366831,0.4992563972605128,1,interior
0.654671672127717,0.5101006818937337,1,interior
0.653081265682839,0.5026572195659251,1,interior
0.5949716079740804,0.5191762748642487,1,interior
0.6008916285057136,0.5119856416486996,1,interior
0.6037562407842897,0.52098298172404,1,interior
0.7520863760063167,0.552526891113749,1,interior
0.42559869872646594,0.5588171908550862,1,interior
0.417413987186478,0.5573500727218198,1,interior
0.29560481962380203,0.840601833795095,1,interior
0.7538572066606758,0.5422918081455477,1,interior
0.7446145369337628,0.5467336673453743,1,interior
0.27646435409192033,0.8335564055254988,1,interior
0.5588378207719628,0.5021508147645154,1,interior
0.79492295090788,0.522718858732847,1,interior
0.8031764937696362,0.5285343291879195,1,interior
0.7856400624130079,0.5288341719564059,1,interior
0.7997190237284693,0.536782801332152,1,interior
0.8402440124058594,0.5299658883355713,1,interior
0.7234972524046316,0.5271285385676822,1,interior
0.7377331734876302,0.5226193031680672,1,interior
0.7303578635639093,0.5209806249753096,1,interior
0.9025155051012466,0.5548895011597488,1,interior
0.9118216942840688,0.5367495567568886,1,interior
0.9188426378426993,0.5480005922446542,1,interior
0.27816281022437256,0.6987870450942079,1,interior
0.27430895960137897,0.7159807631084198,1,interior
0.27392919000517024,0.7065784485241932,1,interior
0.2626203047640169,0.7175537916341673,1,interior
0.2701984792035463,0.7241978699420052,1,interior
0.27834608058419985,0.7242694311466431,1,interior
0.2873239548334861,0.761385890787761,1,interior
0.28608601501593467,0.7539971304752447,1,interior
0.3297834158451336,0.6705994437284167,1,interior
0.8681617298492744,0.5402909636353475,1,interior
0.8542373493926005,0.5205773994722193,1,interior
0.3217574912738868,0.6638732710021754,1,interior
0.314529372876266,0.6688154026043099,1,interior
0.8614277311420756,0.5150156163054128,1,interior
0.8082739214971915,0.515190211569154,1,interior
0.7864842399845114,0.5184804533646487,1,interior
0.8003982648615211,0.5144521429621634,1,interior
0.793053976144818,0.5139481726951555,1,interior
0.9106504122897924,0.5999915432512513,1,interior
0.43132090646115867,0.5105759517097441,1,interior
0.42760280076374513,0.5196047915007246,1,interior
0.43474739123563316,0.5168550342022963,1,interior
0.4442342278254484,0.5000944271132435,1,interior
0.2854147749657562,0.7291813546259709,1,interior
0.2827843203059279,0.7397119429267157,1,interior
0.9666946041130258,0.6492096284272747,1,interior
0.9734537953185584,0.6350575677120152,1,interior
0.43491075450220773,0.524401689491835,1,interior
0.41959710860726535,0.5234816895046294,1,interior
0.42744836017430704,0.5302240947695777,1,interior
0.4217614947434889,0.5118112161874437,1,interior
0.41411788112344305,0.5169260548396423,1,interior
0.3479445873236626,0.588246542033068,1,interior
0.33255991152264575,0.5840990138058186,1,interior
0.33131553933979113,0.597386335012083,1,interior
0.340014608418445,0.5824376503235582,1,interior
0.355703085501654,0.5793114060041669,1,interior
0.35840139882664335,0.5901235814553162,1,interior
0.9064038179481333,0.5317703693803922,1,interior
0.9143078586757287,0.5261284893705817,1,interior
0.9172096685744773,0.5415760136581507,1,interior
0.9262118837501195,0.5423518382431947,1,interior
0.6025198288123216,0.49162936728895595,1,interior
0.6098802922641172,0.4852666671231114,1,interior
0.4188324276121887,0.5337324334710495,1,interior
0.4090932595273175,0.524284552864905,1,interior
0.5681157302742689,0.4970714563777538,1,interior
0.28026038513892787,0.7829152750628369,1,interior
0.28838470067803595,0.7864055773094046,1,interior
0.2804989268857155,0.7743850294324591,1,interior
0.4405880021449165,0.5587409840599571,1,interior
0.2523598075939037,0.8017915337912808,1,interior
0.2583537563747304,0.8152103164416803,1,interior
0.25879503020843947,0.7979281234536141,1,interior
0.25106612622541963,0.8128798751552821,1,interior
0.5937694046852184,0.538718593128115,1,interior
0.8756674568614845,0.515264438835868,1,interior
0.8915161292318352,0.518340731495696,1,interior
0.8795117887537423,0.5332679772112345,1,interior
0.9619174980757184,0.6544638435575052,1,interior
0.7388888131203942,0.538003478040033,1,interior
0.4173333869305678,0.615772704395177,1,interior
0.9464809134195137,0.618920508131655,1,interior
0.9353494683236773,0.5395937343173142,1,interior
0.9301137945752863,0.5319306380946232,1,interior
0.9337563719717384,0.5497485424069127,1,interior
0.9206377319911278,0.5340857714204214,1,interior
0.924934866727995,0.552722032247506,1,interior
0.9300486585725939,0.5221132047018635,1,interior
0.9398308405336221,0.5312812319020745,1,interior
0.32735483250383207,0.58975156066564,1,interior
0.32138401639293124,0.5956734284551329,1,interior
0.8538406886755571,0.5088245013896529,1,interior
0.8462692469340071,0.5150330103263657,1,interior
0.4405862037998533,0.5932384292313907,1,interior
0.9801492289769069,0.6303474758781231,1,boundary
0.9726564831897787,0.6268536445302977,1,interior
0.3397485232730312,0.657505829319564,1,interior
0.8487868805787248,0.4983273111611746,1,interior
0.8637745162247942,0.5060113079086762,1,interior
0.8581796976188044,0.49949461769212894,1,interior
0.9235435796074227,0.5627528722383107,1,interior
0.26513574404297247,0.7933189430765824,1,interior
0.27313674684822725,0.7963737847628922,1,interior
0.3074010019884331,0.8576366693851561,1,interior
0.31480080979354513,0.6014303110529405,1,interior
0.4742379379029858,0.46895358853545277,1,interior
0.609976770578797,0.4754688881945614,1,interior
0.6174523580212641,0.4736434732878177,1,interior
0.6023037154142117,0.4735763669616226,1,interior
0.6018442276267223,0.48193411182566986,1,interior
0.6178415588266569,0.4801137852978877,1,interior
0.5462132049416775,0.45119375652289495,1,interior
0.5367683524944722,0.4498694242281027,1,interior
0.5547100735340303,0.44872330205438155,1,interior
0.46963177672318385,0.5434423618217554,1,interior
0.5591685950521706,0.4787946117842965,1,interior
0.5671483580423311,0.4768234151923025,1,interior
0.557684598757836,0.520680334056852,1,interior
0.5604509874921019,0.5112463841319114,1,interior
0.56651226311696,0.48365278830562713,1,interior
0.5730718197223823,0.4885738260078676,1,interior
0.2870558170218406,0.8007952778093541,1,interior
0.2816049004384635,0.7930653191727072,1,interior
0.9223779150458445,0.5191111272463563,1,interior
0.9075833719250112,0.5181504425236407,1,interior
0.31329420018652565,0.8593053395056415,1,interior
0.30329911837534074,0.852819872340434,1,interior
0.7816790636447175,0.581252688841202,1,interior
0.3240478228415386,0.8263931230846918,1,interior
0.46039998672567534,0.4673592504533355,1,interior
0.45210640783531875,0.4792036346706113,1,interior
0.718011795628182,0.533219318860033,1,interior
0.7071002594774942,0.517642990716763,1,interior
0.7216302542684918,0.5193784988176992,1,interior
0.9184750735747386,0.5941372460642014,1,interior
0.9185670272632089,0.6027915321489722,1,interior
0.26820921107386597,0.7313589450117881,1,interior
0.2715134448189672,0.7382865585061259,1,interior
0.2608701751992771,0.7271900964212429,1,interior
0.7767533444119296,0.5330567858718094,1,interior
0.4030240890058361,0.5578840290310297,1,interior
0.3972528652792022,0.5638436530877041,1,interior
0.5716683774225887,0.5130487215440264,1,interior
0.5649357515161391,0.5183365889407021,1,interior
0.4366845064749291,0.49637406708173054,1,interior
0.428177103190722,0.5016843841383616,1,interior
0.4446652158901992,0.4922312478696081,1,interior
0.30170909166672544,0.6043946170964959,1,interior
0.8106875736865691,0.5299390217493505,1,interior
0.27956187878899336,0.7575026060997793,1,interior
0.28095458475013513,0.7487778320479516,1,interior
0.2799975238858354,0.6884981180146119,1,interior
0.2869104937342181,0.6819828793383179,1,interior
0.2729643141738858,0.6932996385924616,1,interior
0.5714302416641257,0.5221632683871419,1,interior
0.5758385372230889,0.5038511250460047,1,interior
0.567089664890797,0.5054301053864234,1,interior
0.5791506677824009,0.5202444118044806,1,interior
0.5816988627197349,0.5111305602489862,1,interior
0.5644545085334712,0.5265511849372294,1,interior
0.6605810890902745,0.5156792874220727,1,interior
0.4053036649384599,0.5154901625366637,1,interior
0.41169776232642447,0.5084484637793484,1,interior
0.3536808172983932,0.5685415490139671,1,interior
0.34888311785346593,0.5734277155756178,1,interior
0.3472380081860025,0.5799608453954387,1,interior
0.3617685883346526,0.5715705268402197,1,interior
0.40668605088490656,0.4988167611272646,1,interior
0.41791635545473893,0.5023292309778307,1,interior
0.3411170063734401,0.5742394617211225,1,interior
0.9760926813926556,0.6136689787072122,1,interior
0.9684184239225632,0.610796074647283,1,interior
0.2765017201637083,0.7317416297070957,1,interior
0.26491807176088183,0.7440341413852657,1,interior
0.2735778938182509,0.7453751057990708,1,interior
0.3986840633508819,0.5728238774422695,1,interior
0.6748375494665878,0.5200710703497807,1,interior
0.6828576725642527,0.5167104361922402,1,interior
0.4689442169645767,0.4626439803433323,1,interior
0.4924497765843521,0.4715685302252629,1,interior
0.25405419589356837,0.808535554818787,1,interior
0.24717737395850115,0.8068775592630103,1,interior
0.38301522466145077,0.5664652406586307,1,interior
0.39002715716953623,0.5620199208848276,1,interior
0.2673245636441542,0.7100201369792891,1,interior
0.25211647086969885,0.7231813907944142,1,interior
0.2529569404866698,0.7134516373584008,1,interior
0.2595721254495354,0.7078366662169581,1,interior
0.6758025744914515,0.5127101463132366,1,interior
0.272498356673563,0.7876890007464854,1,interior
0.31745819024207556,0.5864452652848835,1,interior
0.32480111046643495,0.5811918296382296,1,interior
0.5882698087843613,0.5332926932130364,1,interior
0.47700931703099153,0.4444058300584146,1,interior
0.475247380912962,0.45381033064638426,1,interior
0.4523235698957641,0.4883382520766064,1,interior
0.47642224416366385,0.4987682769856238,1,interior
0.5928906154013612,0.48635126444734855,1,interior
0.595736642347713,0.49670628078041085,1,interior
0.9178282001603231,0.6107805607408305,1,interior
0.9254896717036348,0.6075751317673727,1,interior
0.4652246829106658,0.45372874623632686,1,interior
0.9238403146596574,0.6316762000350366,1,interior
0.4604649478684436,0.45984450752650635,1,interior
0.4687697991625577,0.44644829205700615,1,interior
0.4557860525873438,0.45306351177151377,1,interior
0.4594568635945749,0.44604917222326623,1,interior
0.46390775918807814,0.43982292893783004,1,interior
0.7623311997727088,0.5429218407701802,1,interior
0.34760964772870795,0.669367104171488,1,interior
0.2977825688982262,0.6309464383488904,1,interior
0.28973507537618975,0.6156516512827803,1,interior
0.29365299637541414,0.623464742397685,1,interior
0.2954412302573738,0.6082889167431783,1,interior
0.3582953219069124,0.560497685983379,1,interior
0.3495631111186691,0.5608556980372559,1,interior
0.3447357581993596,0.5667861104261276,1,interior
0.34103833608152706,0.5585841656401753,1,interior
0.8246681214697856,0.5306538058283242,1,interior
0.8175221086001374,0.527637043531145,1,interior
0.33694486684888136,0.5491779842729929,1,interior
0.34874556623136216,0.552773524783994,1,interior
0.3319069237328551,0.5580752735913225,1,interior
0.3362231693112612,0.5667241849082642,1,interior
0.6123570012257674,0.5235998417038522,1,interior
0.9421169119344895,0.6655331424035554,1,interior
0.5598071303627261,0.4624623985811581,1,interior
0.5620284379026436,0.45525267489965787,1,interior
0.9558932975518599,0.6191325067054692,1,interior
0.44907296781903433,0.4445397291576971,1,interior
0.4482137235045851,0.45408072062600535,1,interior
0.24083577845058657,0.7230950102120367,1,interior
0.252418333397146,0.7341902569529767,1,interior
0.2451106659177258,0.7297139402810287,1,interior
0.9198478644246691,0.6238406468923721,1,interior
0.9221105729967009,0.616069886396302,1,interior
0.634112232467765,0.46877003787192334,1,interior
0.6447209672363646,0.48121524847267416,1,interior
0.6246928952702324,0.47161685081710103,1,interior
0.6395330155536402,0.47564922328747233,1,interior
0.652237995241504,0.48377288744504315,1,interior
0.45434066604205803,0.5506718084880642,1,interior
0.4403358389740712,0.5416607729651229,1,interior
0.4450627614402154,0.5506685177550882,1,interior
0.4498639858287597,0.5371893350839169,1,interior
0.5967071308392685,0.5271007197356048,1,interior
0.28725006260804514,0.6079853863481681,1,interior
0.41075639439124983,0.5516683313083084,1,interior
0.4016045202391887,0.5484043754109645,1,interior
0.3931096701868977,0.5532509965203068,1,interior
0.7782967296556689,0.5229862842634521,1,interior
0.2665874825746148,0.700207751866441,1,interior
0.26592787433543263,0.6912121715948454,1,interior
0.6492127214891505,0.4743904484866091,1,interior
0.6600652470684125,0.47611372879759983,1,interior
0.6517004432549759,0.493889148154749,1,interior
0.5913565967607995,0.5109123634246657,1,interior
0.5865067980815649,0.5023247830781704,1,interior
0.2851619825388788,0.6707612746803623,1,interior
0.2788161825401358,0.6787893552541431,1,interior
0.292289281840419,0.6760107175448002,1,interior
0.3990732321828427,0.5222208043143463,1,interior
0.4094743440716081,0.5346148321120214,1,interior
0.4026598400134268,0.529645334248509,1,interior
0.4710297024872094,0.43785254544873986,1,interior
0.5858652485613455,0.4779724272411281,1,interior
0.5872478329027424,0.49347153291599594,1,interior
0.5823625849260573,0.48638166182312664,1,interior
0.5944699080786644,0.4763557874545334,1,interior
0.5964340400085245,0.5044809312609895,1,interior
0.6507320760501005,0.45905775442519936,1,interior
0.649385131918473,0.46560465972343773,1,interior
0.6422556663183255,0.46848218390679286,1,interior
0.6576186448079132,0.4620233011574122,1,interior
0.33173673067059883,0.6627865944780184,1,interior
0.3175279731742527,0.655241175543924,1,interior
0.3105095296919439,0.6609296339321968,1,interior
0.4299604991659454,0.5477268771307664,1,interior
0.41522094530715553,0.5424290318769276,1,interior
0.4207319295430854,0.54966860060668,1,interior
0.9272715317973714,0.5883527588834959,1,interior
0.9272623487012478,0.5987448845636865,1,interior
0.7284475557443164,0.5128347497977633,1,interior
0.23575967412261892,0.7304484130834754,1,interior
0.22948171202035234,0.7220335383113916,1,interior
0.23720917233507252,0.715354720161161,1,interior
0.36471313622638535,0.5980420597038497,1,interior
0.437047958507472,0.5322181377621028,1,interior
0.4318204980762528,0.5386077904163276,1,interior
0.43764681915048165,0.5502912662242848,1,interior
0.44506379772813365,0.5329110854236431,1,interior
0.9515494700303325,0.6119652875523629,1,interior
0.9590521804268827,0.6087636079461687,1,interior
0.5714311688667854,0.4706339249350376,1,interior
0.5757142544135568,0.4791666802323341,1,interior
0.3279435493682093,0.5664274361558458,1,interior
0.33253720910775725,0.5755676128258711,1,interior
0.24362709758995948,0.7095508656154542,1,interior
0.2570237288069168,0.7001491952527303,1,interior
0.7380866696834216,0.5138220106950893,1,interior
0.7210949492966053,0.5114544463646309,1,interior
0.2505567883127105,0.7049205031403556,1,interior
0.27971817812721617,0.611774297280442,1,interior
0.28288942119878685,0.6224672931054563,1,interior
0.2740349298940222,0.6184062824800426,1,interior
0.32641531393911344,0.5497755970514678,1,interior
0.33601100185109906,0.5381778231829905,1,interior
0.24961306247807266,0.793931457624171,1,interior
0.2560641801065908,0.7893052636176573,1,interior
0.3577754208186391,0.7841407265045496,1,interior
0.23840493562801904,0.8016546067013754,1,interior
0.24377700934142815,0.7997577532422037,1,interior
0.9430026236683994,0.5229955979465345,1,interior
0.9444845994118318,0.5376259205468273,1,interior
0.9490648974659402,0.5217161945848311,1,interior
0.9493865609238911,0.5292546937923743,1,interior
0.9185281433558309,0.5707579257370834,1,interior
0.9372887167649047,0.5584234254129463,1,interior
0.9000338975221415,0.512642635907851,1,interior
0.8915060482366837,0.5079361340477009,1,interior
0.8995268445018839,0.5207510830809859,1,interior
0.8832181566521656,0.5107623493076678,1,interior
0.8740653553009344,0.5052708176690561,1,interior
0.8834226200057237,0.5006896884086298,1,interior
0.9438867010862136,0.5638247545667371,1,interior
0.9410507778674747,0.5452003390243971,1,interior
0.9339291507697135,0.5671433404966633,1,interior
0.26730290741781276,0.7521355808988499,1,interior
0.30566235421466725,0.6702723654153064,1,interior
0.301680736950664,0.6625774906887162,1,interior
0.3704147213128926,0.5738009307415152,1,interior
0.26995083649173873,0.676560750527676,1,interior
0.2693312410678141,0.667963776379318,1,interior
0.2766328884564218,0.6709469198354527,1,interior
0.27181056508818924,0.6849189171352307,1,interior
0.3228028309755511,0.5582726800633512,1,interior
0.9506814223693277,0.6032933712176403,1,interior
0.9437220983580858,0.6102510448599494,1,interior
0.9576734749299135,0.5980087169787944,1,interior
0.9426015084175198,0.6015668351198976,1,interior
0.9349256049477467,0.6064755341034,1,interior
0.9370925312543223,0.6178859897885391,1,interior
0.40059102918746875,0.538005845354631,1,interior
0.38800454681728475,0.5233580749946786,1,interior
0.3927900398175977,0.5372098922153161,1,interior
0.3946628116671585,0.5298879801665003,1,interior
0.4239995320137753,0.5404031360338756,1,interior
0.6576579662007702,0.45293553883582677,1,interior
0.6646774846503248,0.4574047521564092,1,interior
0.6652711868328068,0.4662402728509781,1,interior
0.6219994708175289,0.4608013508064113,1,interior
0.6301763460933683,0.4614819934943377,1,interior
0.6347499327965157,0.454524264759214,1,interior
0.6410566229128504,0.4602369119623112,1,interior
0.3353402887400261,0.6494459758647367,1,interior
0.34372648768646996,0.6503575821713806,1,interior
0.3281170387233026,0.6556405028864576,1,interior
0.9280308465097828,0.6221250673893188,1,interior
0.9227137598054137,0.5790892567168232,1,interior
0.6272283320861158,0.5677505115350561,1,interior
0.2695892714335019,0.609629876637233,1,interior
0.27343398723499723,0.6026953366507822,1,interior
0.28832093164482453,0.6000723938638686,1,interior
0.49493281173500314,0.4384942490413365,1,interior
0.45671480935722414,0.43719264777422623,1,interior
0.9437814626768771,0.553059693049032,1,interior
0.2836017628364493,0.7190816637567451,1,interior
0.9208834724103844,0.5104772381653505,1,interior
0.9097885429901231,0.5090443132265491,1,interior
0.9302760665020257,0.5138196889609907,1,interior
0.3044182947658423,0.7661325486335393,1,interior
0.9742418749458122,0.6041796777207135,1,interior
0.9713281589689929,0.6190889092350748,1,interior
0.29924383481520317,0.6755869567825258,1,interior
0.26093806595551033,0.7579941991105162,1,interior
0.27096625645685607,0.7608390538681954,1,interior
0.25948851659846245,0.7502326943554978,1,interior
0.27426786611340354,0.7529659184324314,1,interior
0.9358360972905987,0.5958876792088227,1,interior
0.6419849972056627,0.45027985737417575,1,interior
0.9391027726057626,0.506967155776618,1,interior
0.9312378541379248,0.5003253009137927,1,interior
0.93784737302473,0.5168900514515987,1,interior
0.6349465448580137,0.44689858520172254,1,interior
0.6504597919394371,0.4464278123302652,1,interior
0.6423257888804853,0.44072267340032806,1,interior
0.5561824883505623,0.4402724705266501,1,interior
0.5459515350210975,0.4421778851255934,1,interior
0.5656290654041175,0.4469052234804877,1,interior
0.8404542534842839,0.49967662393214807,1,interior
0.8473075093433503,0.48838273178417263,1,interior
0.8442041925420641,0.5065671858015158,1,interior
0.840425067123887,0.49229510749750477,1,interior
0.2619171637242366,0.7362242603212308,1,interior
0.25590963215036117,0.7432511561620309,1,interior
0.6624719691803713,0.5060582179307406,1,interior
0.6597568345983021,0.49758756827225903,1,interior
0.289226906252585,0.590821656135283,1,interior
0.27928408405781374,0.5946389833268408,1,interior
0.28125800951169866,0.6032112232938747,1,interior
0.2958996960084886,0.5985630908982259,1,interior
0.2406720457994136,0.790914578537504,1,interior
0.23597090587857275,0.7956436440768417,1,interior
0.7804299622938186,0.5129362922038229,1,interior
0.7883462836203519,0.5073763764045699,1,interior
0.3125759980677453,0.5931114801696549,1,interior
0.3053558002835813,0.596849423175511,1,interior
0.270560695178493,0.7776075276873176,1,interior
0.9634187978939405,0.6160868312770645,1,interior
0.44287237188053763,0.46722439161474044,1,interior
0.4411875890815444,0.4515737200750121,1,interior
0.4517123013863152,0.461898848349992,1,interior
0.5786225164735863,0.49535932343050587,1,interior
0.31483246400524184,0.6359235380273853,1,interior
0.30648811045162166,0.6329684541340636,1,interior
0.2575663057953495,0.6925093494622779,1,interior
0.29299735746945776,0.5768821509113543,1,interior
0.29852100203959775,0.5910117219971096,1,interior
0.2870719117902649,0.5814918620555161,1,interior
0.9654699367447688,0.6033042237037867,1,interior
0.2949909498052484,0.6672986996601714,1,interior
0.39519279656323797,0.5443477024400437,1,interior
0.3839886739190918,0.5487441368578736,1,interior
0.38354972375127705,0.556787201911841,1,interior
0.9798438801265307,0.5943446174936301,1,interior
0.9543929796587276,0.5524083739781304,1,interior
0.9492568180458743,0.5449967137061139,1,interior
0.9490354944108168,0.5579799041793443,1,interior
0.7688551852230621,0.5372931706212962,1,interior
0.7695025825763436,0.5261258975146962,1,interior
0.7635902698792163,0.5313611228225322,1,interior
0.7835948759457764,0.5390767067617815,1,interior
0.5886689058486604,0.4686241863240008,1,interior
0.5803919458566826,0.4701014098422675,1,interior
0.5973351080756752,0.46764211413906426,1,interior
0.25381353209240104,0.6852119709539986,1,interior
0.24903091307272354,0.6966905539214626,1,interior
0.24758243025780738,0.6891070945372566,1,interior
0.2623880062818583,0.6832325270068428,1,interior
0.7344448303411563,0.49954293793070564,1,interior
0.7428324152859066,0.5037854453955576,1,interior
0.7459829120530321,0.5196952841879244,1,interior
0.73372705988862,0.5068319590074062,1,interior
0.31380427269474465,0.5588342338088529,1,interior
0.3109189298491203,0.5672670302583844,1,interior
0.3173161705754442,0.5503093223719708,1,interior
0.8922357070607747,0.4997492165204971,1,interior
0.9002501792089482,0.5041681412342525,1,interior
0.837953078408408,0.5121464298465619,1,interior
0.8378561151160634,0.5195961301984288,1,interior
0.3861434159018065,0.5333661837148831,1,interior
0.6321365711960424,0.43199639967340897,1,interior
0.6520122552864351,0.43798409120381687,1,interior
0.6309017043091816,0.44088177502526565,1,interior
0.6459168064998934,0.42972180733317006,1,interior
0.6987094313643455,0.5133252307899334,1,interior
0.43913311711896774,0.44480837298863457,1,interior
0.44069847347947994,0.43783602375631875,1,interior
0.30078458717865686,0.6384102105482088,1,interior
0.30779395079983324,0.6420440837780369,1,interior
0.7553834330534702,0.5316379704766847,1,interior
0.6807828980694138,0.5078225075398147,1,interior
0.587019348557724,0.5175988924548246,1,interior
0.3753703270496773,0.5598871860635632,1,interior
0.37556032629526,0.5504777867122506,1,interior
0.37480587736086807,0.5673272894241367,1,interior
0.3022427015130565,0.5449962095314455,1,interior
0.32050670908050505,0.5403671529603934,1,interior
0.3128563396265278,0.5351271663519931,1,interior
0.311323678348864,0.5436613185304182,1,interior
0.9075518577933229,0.4993308823416285,1,interior
0.9151160561742134,0.5166433408449451,1,interior
0.3171250679185893,0.6451020546924802,1,interior
0.3268649846945987,0.6461313121634596,1,interior
0.32474884372551255,0.6370763248193809,1,interior
0.6157017003470664,0.46722084552123716,1,interior
0.28003324954260583,0.7656595849226911,1,interior
0.3047862558243963,0.5364222512456137,1,interior
0.30698509295241344,0.5268742923774232,1,interior
0.32746268397963824,0.5330005638980166,1,interior
0.31831785510601407,0.5287365942555476,1,interior
0.7473276806634619,0.5361453963923698,1,interior
0.7417364538871168,0.5290281864219447,1,interior
0.6600321680829899,0.4443698562198229,1,interior
0.2777779194225683,0.6627954541149543,1,interior
0.2870709581898846,0.6606606361091549,1,interior
0.9053996820075243,0.49131333375412645,1,interior
0.9146343569246774,0.49172515845100867,1,interior
0.9161373603818858,0.501944011213579,1,interior
0.8985871116772747,0.4949169386046715,1,interior
0.4149681777800339,0.4953531122759358,1,interior
0.4224652710253651,0.4938281940596661,1,interior
0.5751893261308715,0.4635312587405232,1,interior
0.9228777897854904,0.4958484782861561,1,interior
0.9239195107057787,0.5033324110967946,1,interior
0.9579175672327738,0.5424337995530637,1,interior
0.9524661723829115,0.5369404705553026,1,interior
0.963227180685918,0.5489710467930141,1,interior
0.9621569694751283,0.5582806563112513,1,interior
0.5999717931514603,0.4603320977692313,1,interior
0.4327243341297514,0.5559227599781913,1,interior
0.44508427939942014,0.4837204733801265,1,interior
0.2545153527358426,0.7621654791825557,1,interior
0.2504956761628531,0.7524300282982862,1,interior
0.2639942611776922,0.7675488513152905,1,interior
0.9595924708234275,0.5317667373690088,1,interior
0.3417011664926964,0.6434967911652801,1,interior
0.5369875023091758,0.43880824772512134,1,interior
0.5303324472498783,0.44283504957547953,1,interior
0.25299887296458123,0.7742021824290989,1,interior
0.3047072504957033,0.5599797089636648,1,interior
0.5180242276730852,0.4662412591414256,1,interior
0.2792158861169787,0.8103780657167774,1,interior
0.963766892065892,0.5225508180034025,1,interior
0.9662781749097195,0.5396367016930251,1,interior
0.9553843518686884,0.5218573542534841,1,interior
0.9695283453324656,0.530850007426878,1,interior
0.6720007319679032,0.505915883915769,1,interior
0.6891578455628152,0.5115472505447133,1,interior
0.34435575795364914,0.5434695642689285,1,interior
0.3530105327792386,0.5455859426698006,1,interior
0.35206084245587194,0.5381594654238688,1,interior
0.3589362943514267,0.551252096288949,1,interior
0.8329012174809506,0.4965929913129108,1,interior
0.8349549868283977,0.5051740131532796,1,interior
0.2959878522016562,0.5371540377925293,1,interior
0.2942150694433281,0.5462729084164024,1,interior
0.29832761815307973,0.5532474908329941,1,interior
0.3078805886256527,0.5519058530824131,1,interior
0.9052558889133089,0.525285182843892,1,interior
0.4107268619328981,0.8589001434595809,1,interior
0.302850539446754,0.6551932407723051,1,interior
0.3089201205818107,0.6507219129613584,1,interior
0.36707978684520004,0.5560385982315189,1,interior
0.36736068531138705,0.5647831642783735,1,interior
0.669013186483508,0.44890385504103264,1,interior
0.6636759417496516,0.43248231601561643,1,interior
0.6600399234638964,0.4371930998697827,1,interior
0.669307546746767,0.43860039320103966,1,interior
0.6270261897570489,0.45151032556057336,1,interior
0.9367742064342991,0.5877487643896533,1,interior
0.9330585827409077,0.5785375588190905,1,interior
0.5506856685872707,0.4338974327418783,1,interior
0.5669200449900935,0.432991588818588,1,interior
0.5585748113418111,0.4297251056507454,1,interior
0.24778116753159624,0.7434008504277966,1,interior
0.8281898352847853,0.5127271245125185,1,interior
0.4414263550650257,0.42916302191724176,1,interior
0.4332267264485074,0.4330927316761362,1,interior
0.4304660734712447,0.44179041982843764,1,interior
0.448783379892625,0.4241954488558948,1,interior
0.9233908361257013,0.5266258570250102,1,interior
0.7977351238254782,0.5064655162975884,1,interior
0.8065646404107581,0.5082283752056851,1,interior
0.3121030772744465,0.5813059097318317,1,interior
0.30605707671528276,0.5857369709830327,1,interior
0.31684268145483374,0.5757897844260845,1,interior
0.8748247366936089,0.49659618807625644,1,interior
0.8674206579923456,0.4977110480121166,1,interior
0.4073427907513956,0.5431414324887349,1,interior
0.3293538756511345,0.5422213451460441,1,interior
0.9476812708471857,0.5147888553515573,1,interior
0.26333682253224333,0.784230572897819,1,interior
0.6787291460166337,0.44150327485827295,1,interior
0.672574735134457,0.4582265481976249,1,interior
0.668378485171539,0.5136143047285747,1,interior
0.6687369517855632,0.4983535568532457,1,interior
0.6652492625510359,0.49159208466653315,1,interior
0.43863145435273443,0.48009106232801174,1,interior
0.43754320381193873,0.4877247705912227,1,interior
0.9464866179691587,0.5925053937738083,1,interior
0.39351790437644435,0.5059910837676371,1,interior
0.40187405030752194,0.5068355719743903,1,interior
0.39509304999091854,0.5146020307190879,1,interior
0.5730725993321768,0.44014825593686757,1,interior
0.5720754249370296,0.455479513992862,1,interior
0.2619321258992789,0.6734144846622118,1,interior
0.2545239707601495,0.6780797898478611,1,interior
0.8318622245318618,0.4884018699469855,1,interior
0.8551657996316874,0.4911546809714889,1,interior
0.8461671307731162,0.4799282947630046,1,interior
0.8392826794020843,0.4839913655570622,1,interior
0.9503438246283498,0.5066148572667493,1,interior
0.9762188419667206,0.5891482579588632,1,interior
0.9759817660117109,0.5803325538215507,1,interior
0.9844536378773424,0.5802981399099024,1,interior
0.799537716529715,0.49122058881617237,1,interior
0.8045946952916204,0.4989618157635848,1,interior
0.7947157256956459,0.49858228838383684,1,interior
0.3221656899687283,0.6508454158352175,1,interior
0.5195282555681627,0.4499464631422283,1,interior
0.307879933397181,0.5754480037016066,1,interior
0.2959160409370299,0.5838159457500335,1,interior
0.24723336759693093,0.6742959006058603,1,interior
0.2540216484325781,0.6700712031615049,1,interior
0.2608894233845072,0.6637042916877222,1,interior
0.5349158436031421,0.42886453070772673,1,interior
0.5430528668913701,0.4320580030306291,1,interior
0.528515171363052,0.43430063244595757,1,interior
0.8315503075425887,0.47955034381331907,1,interior
0.8387195991370816,0.4756286757505092,1,interior
0.8526861682986718,0.4758668744446951,1,interior
0.4346968750078247,0.45726892847256345,1,interior
0.4444120018749023,0.4751405826909762,1,interior
0.4324707439685662,0.4654090004687203,1,interior
0.43561300084772664,0.47329105305953934,1,interior
0.4419049966570782,0.46004030622546405,1,interior
0.5497131547157296,0.42540717791008736,1,interior
0.5566811621256287,0.4175778687181969,1,interior
0.5673326266214012,0.424853865696459,1,interior
0.8140644855566183,0.4960054720926623,1,interior
0.8073756960147204,0.4887254648392154,1,interior
0.812391765336627,0.5039646567543105,1,interior
0.9081602452855817,0.4846186409701693,1,interior
0.9242229302302798,0.4860640809627438,1,interior
0.29846422188432037,0.6470524213193801,1,interior
0.29514771768959003,0.6571268180767504,1,interior
0.9803897095770361,0.573543557870842,1,interior
0.9740969271190553,0.5715445385350073,1,interior
0.6782096139252685,0.43068664604360857,1,interior
0.8983114882930704,0.4845504881106218,1,interior
0.8891015484644191,0.4910570113850993,1,interior
0.6875738606109314,0.43968460744151905,1,interior
0.6881908102889234,0.42389004564311006,1,interior
0.6804067698882268,0.4217391410630462,1,interior
0.6699919100912188,0.4291557785024258,1,interior
0.4266608022858455,0.47440264365678786,1,interior
0.4315385342689515,0.4816584271011741,1,interior
0.4230846715717959,0.44990601376105216,1,interior
0.42021967646052377,0.4418353168347548,1,interior
0.43223689083537997,0.4503411973790484,1,interior
0.679264544362734,0.4513835107767836,1,interior
0.6816970128719492,0.4604384240396582,1,interior
0.6746742205033608,0.46636521848539525,1,interior
0.24215344443420375,0.7376929591637368,1,interior
0.3437060836087029,0.534186514339195,1,interior
0.35286278041212427,0.5293582660291186,1,interior
0.35962368287303254,0.5347318012938169,1,interior
0.3441204135655385,0.630074420778698,1,interior
0.6557024285470694,0.4288349615745603,1,interior
0.9707470011553478,0.5463185803625431,1,interior
0.6874711564428101,0.44703913431716363,1,interior
0.44379850011058514,0.5257228083019782,1,interior
0.8964867856843098,0.6173289414169482,1,interior
0.8921033058421217,0.610629828274879,1,interior
0.9542959643153638,0.5633849281657846,1,interior
0.6614626684298478,0.4839719762939331,1,interior
0.2257024122212152,0.7317436790233849,1,interior
0.2230134362939867,0.7150452832105536,1,interior
0.21888715763188513,0.7199322773088016,1,interior
0.42990868544728894,0.4910846742274663,1,interior
0.7612047837809633,0.5251380777711424,1,interior
0.7489345829456614,0.5275345034672473,1,interior
0.521725986807667,0.4400214165043013,1,interior
0.33339038577901176,0.6407090401305299,1,interior
0.9267698902789835,0.5715140437192077,1,interior
0.47392590059963846,0.4286488372932134,1,interior
0.4785611564453335,0.4363483576888577,1,interior
0.46469943311819745,0.43128510667858116,1,interior
0.3858293690729987,0.5159690493917883,1,interior
0.38796611173238627,0.5095179706224171,1,interior
0.5480045853849608,0.4121077099788956,1,interior
0.5467095882698515,0.4181889367452948,1,interior
0.5623427791611494,0.40878363972669024,1,interior
0.28049608620236405,0.6538890718021154,1,interior
0.7746362129477988,0.5079163750782058,1,interior
0.7720319234578071,0.5163361749557781,1,interior
0.7807136704176818,0.5029354280827378,1,interior
0.7676019955015904,0.5083750250595057,1,interior
0.3789008145493374,0.5400351749872537,1,interior
0.7246631149164925,0.5031414298566904,1,interior
0.7276989557280906,0.49523227566239836,1,interior
0.7341160855904214,0.4920141940978997,1,interior
0.7423777109145419,0.4933494168040985,1,interior
0.3784697457265617,0.573207993854603,1,interior
0.9419152533201065,0.5738704332977999,1,interior
0.24621557467724772,0.6810115832984821,1,interior
0.5825491406624335,0.4417049576416088,1,interior
0.5783818699596724,0.4492961053262796,1,interior
0.5736601367510354,0.43173053791066945,1,interior
0.9544643334257865,0.5890860144840447,1,interior
0.9420919300178952,0.582760657734785,1,interior
0.9683400129263979,0.5955871027836306,1,interior
0.9299852739681029,0.613815942912735,1,interior
0.30233519732819925,0.5680832758195825,1,interior
0.29553609138085185,0.5611549763693313,1,interior
0.29843532313932264,0.5279096160388824,1,interior
0.3067439950936081,0.5159569777343317,1,interior
0.8119849246366168,0.5219193932367406,1,interior
0.5874028861643995,0.4534561204424876,1,interior
0.5821961818206373,0.45992654410400313,1,interior
0.8311446143051997,0.5232313045834469,1,interior
0.9359095395405035,0.5251043991500606,1,interior
0.41363055120258535,0.44855167066118634,1,interior
0.42614843287301096,0.4581496957514699,1,interior
0.41582576643682184,0.45819546927169486,1,interior
0.24650324544532293,0.7852194683306912,1,interior
0.40389266666006973,0.4886017774056804,1,interior
0.4101620268929899,0.49093975410097224,1,interior
0.3948630140183152,0.4988650043192443,1,interior
0.8495038823216376,0.5283997900353293,1,interior
0.24069115596788268,0.6932646101307892,1,interior
0.24169846194403288,0.7014998645968826,1,interior
0.23718372568621507,0.782849712819548,1,interior
0.24165184767339387,0.779433624843467,1,interior
0.7536504996533635,0.5039243244852735,1,interior
0.7469498725816937,0.510758404118197,1,interior
0.7812439467518897,0.49321059738961975,1,interior
0.7725602098309216,0.49944875164141156,1,interior
0.7741158485674525,0.48985420793176737,1,interior
0.4853180786045262,0.43110997605091855,1,interior
0.4855937826407853,0.4408822131557452,1,interior
0.9496033148388927,0.5710739424978731,1,interior
0.95732026120852,0.5733850581446073,1,interior
0.6846489554966965,0.4332927839454831,1,interior
0.6967095374705793,0.41940467655734737,1,interior
0.6976381983583122,0.42759889985227756,1,interior
0.6928616568737987,0.43350144790228784,1,interior
0.6897562125174096,0.41131964779973235,1,interior
0.6834837227614781,0.41509099155158474,1,interior
0.335653022273163,0.5275036656027166,1,interior
0.42171780944494247,0.4669778015123591,1,interior
0.49401445699394725,0.42879225912620206,1,interior
0.4811988675085786,0.42325111805851023,1,interior
0.4895631734769042,0.42051858365804706,1,interior
0.8624951474582297,0.48431920157462627,1,interior
0.2943792147893454,0.5696832348708633,1,interior
0.36684173506380763,0.5484658391116188,1,interior
0.2408442789755675,0.755247490706425,1,interior
0.3989990222117271,0.49287475705626704,1,interior
0.39180218818957424,0.4907199208008938,1,interior
0.3847998352916582,0.5016583589383143,1,interior
0.3852425376063375,0.4932065738913116,1,interior
0.293456973922108,0.637905996124036,1,interior
0.9502056439074049,0.5808322081357823,1,interior
0.5663947857710612,0.4165600253601707,1,interior
0.552027436501424,0.40495056894169607,1,interior
0.5681341810551722,0.40188367487345406,1,interior
0.560162534822917,0.3992979862228591,1,interior
0.5732283566427255,0.4109669436846451,1,interior
0.4168648596078352,0.4871471979613737,1,interior
0.4101531876702107,0.48319191863468114,1,interior
0.693926955957489,0.45801088844462273,1,interior
0.6915873812001392,0.4651860557815378,1,interior
0.6830365664619956,0.4683583311500744,1,interior
0.3243004567400159,0.5732492308592428,1,interior
0.5386030969012537,0.4134445864428208,1,interior
0.5318858754512963,0.41904646341773616,1,interior
0.5430286887097561,0.4069356839405712,1,interior
0.5406321785142151,0.4228974779814501,1,interior
0.2871857431990562,0.5364377014951665,1,interior
0.2456459402959654,0.6676209467323654,1,interior
0.2380105202218238,0.6746265010188329,1,interior
0.6035444811875947,0.448094509793436,1,interior
0.5919149119881466,0.4604331284935049,1,interior
0.6132337245555468,0.45854861824924115,1,interior
0.6067336535108192,0.4656952847051993,1,interior
0.5965154876527341,0.4523244923708157,1,interior
0.31297472883004035,0.5208663452636397,1,interior
0.42400899293161426,0.4840676042400149,1,interior
0.7032035981510096,0.41668517553076906,1,interior
0.7067837024023815,0.42529580948636386,1,interior
0.702696497338974,0.43588903925860095,1,interior
0.7603888380851361,0.5370878964754675,1,interior
0.7153350368143552,0.5065495484322032,1,interior
0.5272450909826669,0.42510959150385713,1,interior
0.42757302510679823,0.42657612626959485,1,interior
0.4187207213809517,0.42685625338345784,1,interior
0.5973319472532929,0.44285720700346703,1,interior
0.6116381898240231,0.44838831419396497,1,interior
0.6056323335681238,0.4404226681006318,1,interior
0.2722376465550667,0.5864351079221043,1,interior
0.2809551271907892,0.5862227201374667,1,interior
0.26942871319585154,0.5947609500902824,1,interior
0.9333140659199657,0.48650708015574945,1,interior
0.24705772059652206,0.7682964406005007,1,interior
0.2461821389977586,0.7604905009162387,1,interior
0.8318729194171528,0.47045146044506264,1,interior
0.6188009294740112,0.4528365088904175,1,interior
0.6246809089545116,0.439480216050005,1,interior
0.6207498650654824,0.44487867615883425,1,interior
0.5473358181448518,0.39698670613446085,1,interior
0.5423459711528745,0.40039857775360255,1,interior
0.23123406990525383,0.7885114033890451,1,interior
0.23369631913668293,0.7062936068972631,1,interior
0.24572421202864508,0.7170711314415069,1,interior
0.7161423130309263,0.4986722887964019,1,interior
0.720435794484187,0.49303735984926655,1,interior
0.6679990396874046,0.42066868574270355,1,interior
0.6748827363478715,0.4147183024668092,1,interior
0.6743744452847429,0.42323630259211986,1,interior
0.6874748590142689,0.40032316304130283,1,interior
0.6801575516092442,0.4061964595116464,1,interior
0.6982886507071777,0.41011035650617567,1,interior
0.6945462451575822,0.4031938462301823,1,interior
0.514174786680764,0.44255629623849,1,interior
0.6250736456927735,0.43255420479155454,1,interior
0.6951716454440547,0.4420854623774088,1,interior
0.6964935396801704,0.45120971357545564,1,interior
0.706812083680802,0.45306227817904204,1,interior
0.7001561992518092,0.45998653058987005,1,interior
0.7026364898605408,0.4451911137502379,1,interior
0.8177590330642411,0.4791827998837582,1,interior
0.8235498538704843,0.49402484367134025,1,interior
0.3676148206712443,0.8741422182747491,1,interior
0.9068580603607875,0.4757177108154647,1,interior
0.9155674564825697,0.4813737238062364,1,interior
0.5998322025282528,0.4337848680426299,1,interior
0.5812910021789314,0.4344197642011634,1,interior
0.41569846264756843,0.41740675213120065,1,interior
0.4090129722850894,0.42586240833429645,1,interior
0.4242478835234719,0.43448955265385364,1,interior
0.4150489524435042,0.4339368149825029,1,interior
0.586687638431314,0.42773479354161137,1,interior
0.5779947355088344,0.4262373006338183,1,interior
0.26890039787055686,0.6609188093327674,1,interior
0.26406821452574303,0.6537448783545591,1,interior
0.4062157000325198,0.4347724380785018,1,interior
0.4120109129929947,0.4406403311424179,1,interior
0.2777557357792103,0.5774654408955919,1,interior
0.287503703171369,0.5537251848509055,1,interior
0.28211684768269507,0.5474605943265209,1,interior
0.6290658261322853,0.42493629316647286,1,interior
0.6328578446857265,0.41801439429099174,1,interior
0.37083982982423164,0.5426006600804624,1,interior
0.705246720075017,0.40934851532399297,1,interior
0.7027130894475889,0.40092507548831946,1,interior
0.23761112763207656,0.763571723464039,1,interior
0.24672882476336533,0.7765592437010033,1,interior
0.2384138322137362,0.7734464670527968,1,interior
0.25425981850314927,0.6561066521188433,1,interior
0.27285719769347183,0.6556053486838607,1,interior
0.26506915188918495,0.6438885257113329,1,interior
0.2555605853179531,0.6481852553511821,1,interior
0.27299551299548547,0.648220529902051,1,interior
0.2522844741239023,0.663133314656085,1,interior
0.567263254483285,0.4629766986626976,1,interior
0.8800119224768675,0.49243193740530505,1,interior
0.7004540087356558,0.5030917423302474,1,interior
0.7142360856958181,0.5153961913319983,1,interior
0.7073186716821485,0.5094562048223946,1,interior
0.4659989385808295,0.4200738447396054,1,interior
0.89875729858393,0.4754796654813737,1,interior
0.8873497133929467,0.4803610855485155,1,interior
0.4491061316458455,0.4336749711812258,1,interior
0.4407968500173296,0.42020663650115164,1,interior
0.4348463837367607,0.42521392380149303,1,interior
0.24515446982281222,0.6503915468247464,1,interior
0.24529882637690428,0.659074361477035,1,interior
0.40711269415918155,0.4156927917825308,1,interior
0.4017494362818502,0.4216305502817179,1,interior
0.2628452201980719,0.6015280504994999,1,interior
0.33044264055609235,0.8722064648453919,1,interior
0.9796417968092196,0.5644018767396733,1,interior
0.36927630621121965,0.5345217002677345,1,interior
0.2516562766150662,0.6054913902420146,1,interior
0.25990732691633167,0.6108258327480933,1,interior
0.25574536945982057,0.5978055617244531,1,interior
0.3155435511964333,0.5110476310722687,1,interior
0.3200717416677053,0.5192802382406604,1,interior
0.7546966674698283,0.5220798631131133,1,interior
0.67506012783813,0.49014512309249064,1,interior
0.6774671266999941,0.4996052142295504,1,interior
0.6156870864520906,0.42984120216704785,1,interior
0.3783441727455758,0.5291167911599909,1,interior
0.36966266045839685,0.5251207321999874,1,interior
0.2356852570150131,0.6492598869406063,1,interior
0.2360463626509864,0.6571561494530166,1,interior
0.7374868811361798,0.4856021191104893,1,interior
0.7274421628609485,0.48675396805320864,1,interior
0.9315905717980648,0.4772807362409313,1,interior
0.9407735708062868,0.48388179885223304,1,interior
0.9383201103979493,0.4948009816339483,1,interior
0.3614832968791836,0.5419157929632955,1,interior
0.26099265308162095,0.6362221794718111,1,interior
0.2752332419212245,0.6389749476198823,1,interior
0.2682568156048232,0.6356650287575752,1,interior
0.23341254181205937,0.697530488266903,1,interior
0.23923833707758058,0.6846273987169372,1,interior
0.9227470967279192,0.4769904967573141,1,interior
0.24847533167944946,0.6411377746345773,1,interior
0.9586267594939487,0.5039116805392474,1,interior
0.9537596784496342,0.4975857610153624,1,interior
0.9453205803198672,0.4999667018233233,1,interior
0.9584191561272037,0.513114552402346,1,interior
0.2633672707645996,0.6291365926299948,1,interior
0.25635408331843446,0.6405729937220819,1,interior
0.2734686881138366,0.6284176491934863,1,interior
0.5661347075018317,0.3921473286673542,1,interior
0.5594848085276625,0.3902627717200213,1,interior
0.6690644625157195,0.47285904702273196,1,interior
0.6776696789769652,0.47465468700756236,1,interior
0.8159514189932451,0.5357454137861933,1,interior
0.8782480703070037,0.47994332059199474,1,interior
0.8801591096652687,0.47083898845175426,1,interior
0.8909127175293984,0.4701258693414458,1,interior
0.684909482762942,0.48938617007383867,1,interior
0.6703693453410321,0.48057877728265846,1,interior
0.6812285709463684,0.4823939952569854,1,interior
0.5128112880852461,0.43307453014466546,1,interior
0.521035308168123,0.42862913607139147,1,interior
0.4571667590629236,0.427484223822764,1,interior
0.4560392890725056,0.4184797300897915,1,interior
0.6861552465088262,0.502501799747288,1,interior
0.6937235173381783,0.5052194499772943,1,interior
0.2531125582585293,0.6313319150051551,1,interior
0.2588181865313613,0.6211678051273012,1,interior
0.3413754911439664,0.5209872299931105,1,interior
0.6500958398350186,0.42007122851738293,1,interior
0.6419368635851849,0.41907013722827813,1,interior
0.885595897989749,0.45999122277912957,1,interior
0.8695684841321376,0.46858176252898837,1,interior
0.870629805566903,0.47749593438789123,1,interior
0.2993158052059774,0.5097941262203481,1,interior
0.29960288298666865,0.5187964157637647,1,interior
0.8204659703146514,0.5038866340383588,1,interior
0.8163276023784704,0.5124102611243564,1,interior
0.5215094552002392,0.41610096186432327,1,interior
0.4520088054931848,0.47062052462766046,1,interior
0.28888683178895197,0.6303064261799508,1,interior
0.2673428889880498,0.6228615430954998,1,interior
0.6368672663386351,0.41063290997640656,1,interior
0.6536404250525616,0.41223817605273255,1,interior
0.6373397145364345,0.42604573571302407,1,interior
0.6457699003086369,0.409577417388531,1,interior
0.9760044745939324,0.5392902481705534,1,interior
0.9697913647001134,0.5545314013214699,1,interior
0.6234329058783319,0.4175222097116281,1,interior
0.6383717021698001,0.43442127058754865,1,interior
0.6592856692574797,0.418628587879828,1,interior
0.6630118275435286,0.425798024371513,1,interior
0.24418649066477158,0.6256009265067961,1,interior
0.24220044960124357,0.6336924846614824,1,interior
0.9671363124724651,0.5146907648645844,1,interior
0.9724830486552155,0.5213953689788381,1,interior
0.4817238683179146,0.4138623432845408,1,interior
0.47476545700386164,0.41992101160879125,1,interior
0.9779328136261672,0.5290580495141936,1,interior
0.9800495275093106,0.5197967732869837,1,interior
0.6057226115579181,0.45576687580925784,1,interior
0.7048797501854037,0.38955357577763655,1,interior
0.6952546211117651,0.3942577971647274,1,interior
0.7100559034491507,0.3977310429252793,1,interior
0.8542605293076712,0.48279950695220825,1,interior
0.2389015779046658,0.7472917142698218,1,interior
0.402338461179875,0.4703768518716417,1,interior
0.40917237189288536,0.4756333418286952,1,interior
0.3961710987131765,0.48492027950568867,1,interior
0.41754101846572705,0.4770995870172986,1,interior
0.40517478244331173,0.4532602998956974,1,interior
0.4075455155652752,0.46233009183738194,1,interior
0.9154863243826897,0.47159214524779564,1,interior
0.8812794635117381,0.4862284452074713,1,interior
0.8716505367701283,0.48776110477272516,1,interior
0.5633398336530314,0.38203483185083303,1,interior
0.5531358477869296,0.3846918014559541,1,interior
0.5716779805279756,0.38499753522625896,1,interior
0.25121819724214145,0.6225142747609842,1,interior
0.23558717804454424,0.6265190661015162,1,interior
0.23816440028636363,0.6182738111223921,1,interior
0.20784906804422645,0.7269877348967336,1,interior
0.21559432652382277,0.72833642600954,1,interior
0.21517128569583927,0.7109869310878396,1,interior
0.37744304913016036,0.5190201162833498,1,interior
0.9565673763897476,0.4886074270735345,1,interior
0.9635204469804727,0.49595391374457487,1,interior
0.9470794050283021,0.4917410357543106,1,interior
0.43185126150499764,0.4177047000442977,1,interior
0.24494814234377948,0.5895174824334628,1,interior
0.2526600150028214,0.5851338048357064,1,interior
0.2614623344536722,0.5888573109467025,1,interior
0.24684617276505394,0.5978707956098985,1,interior
0.2561395085419988,0.5770103297259545,1,interior
0.24564255653192332,0.5807665006391979,1,interior
0.32685807656060295,0.6281706825896448,1,interior
0.6794952075260837,0.39586292522924005,1,interior
0.6862844752124609,0.3904764029547046,1,interior
0.8275750039976119,0.5026386290010721,1,interior
0.8157032978386969,0.4870388663813107,1,interior
0.6729588651488129,0.40034994417941483,1,interior
0.6769549889675563,0.38578982077276347,1,interior
0.2296297078676235,0.6437797238285324,1,interior
0.22677712318960586,0.6526851584149937,1,interior
0.23906112045308525,0.6418920196304766,1,interior
0.23021542019084393,0.7786776648460332,1,interior
0.38668082939089876,0.4833643986836841,1,interior
0.22784877538056791,0.7623845851684602,1,interior
0.23170724659889605,0.7549618765818603,1,interior
0.43191461995778274,0.4084010347989666,1,interior
0.4235135985348986,0.4204997017972481,1,interior
0.43954766345335144,0.4115294805458906,1,interior
0.42437258562316266,0.4128930041044801,1,interior
0.4248524673997503,0.40374450567515513,1,interior
0.23165539244608352,0.7696953681255057,1,interior
0.22468693976003348,0.7711477253305368,1,interior
0.5056156144951353,0.4405204039804991,1,interior
0.5024548373468196,0.4314988470632948,1,interior
0.33512363152112556,0.5161011967685225,1,interior
0.3272841138509337,0.5228821987315745,1,interior
0.276401857441117,0.5510896040808928,1,interior
0.27961795154671665,0.5604536589962638,1,interior
0.28982775840969777,0.6439381196247762,1,interior
0.5154194603638265,0.4075603264017585,1,interior
0.5290032679819346,0.40924913514045963,1,interior
0.5151245814875527,0.4232331895955547,1,interior
0.5102194169954881,0.41561350534276126,1,interior
0.4268763701404784,0.3937657360390166,1,interior
0.4387411193833372,0.4024215386354617,1,interior
0.43148828584095034,0.40034553580380583,1,interior
0.4614798271870718,0.41195216972449733,1,interior
0.46808817230653127,0.40822780872933356,1,interior
0.5136424817548417,0.4865016824155936,1,interior
0.5740856303060811,0.4194808227931081,1,interior
0.39789358210170434,0.41398974280453826,1,interior
0.4044639236261644,0.4066245118444792,1,interior
0.4121158001515746,0.40779674589839865,1,interior
0.4185540440482928,0.40849058689292345,1,interior
0.688163748973003,0.4757772125802403,1,interior
0.7017127448191913,0.46883369352293686,1,interior
0.6970767112371553,0.4733139166742199,1,interior
0.6879092577373632,0.45540418388726883,1,interior
0.24544774553446133,0.6181079048469339,1,interior
0.25199891341003844,0.6143452979654246,1,interior
0.23195421944891384,0.6666300904070264,1,interior
0.22778825193487168,0.6603008295243306,1,interior
0.34152001981287694,0.50771348353466,1,interior
0.33205063323607553,0.507094029528175,1,interior
0.3453269529827066,0.5143987755252238,1,interior
0.5002837342367882,0.42128470397096257,1,interior
0.5077913778436682,0.424838037079466,1,interior
0.8940491510951144,0.45357070275935535,1,interior
0.8857430381782558,0.44908064167857953,1,interior
0.8773884414808947,0.4513370859616281,1,interior
0.8967653953800306,0.4616466780003754,1,interior
0.8755362881677834,0.4614232835521925,1,interior
0.9303165915421621,0.5584394635614264,1,interior
0.2313104179519321,0.6350932833412714,1,interior
0.959994523820432,0.582090103221888,1,interior
0.9669315937282972,0.5750653428475891,1,interior
0.9700074916403297,0.5642643913972939,1,interior
0.22758438321290395,0.6749913617548087,1,interior
0.23088967906157146,0.6826898122859725,1,interior
0.5030211761651925,0.4123708072921386,1,interior
0.5081023224907052,0.40576343252426184,1,interior
0.9660805951848818,0.5060706140615456,1,interior
0.3255107935205879,0.5128312053259675,1,interior
0.33645080814900324,0.49384174976136047,1,interior
0.3305194460378042,0.49903583838619037,1,interior
0.21720234903899052,0.7014262247656574,1,interior
0.2807062034869903,0.6314114208257553,1,interior
0.34006533651484083,0.6365673226889432,1,interior
0.7582046920633985,0.4937058947993639,1,interior
0.7540855355572749,0.5137840698507439,1,interior
0.7630107635085056,0.501136775359148,1,interior
0.7509051283425279,0.4899242432643526,1,interior
0.4142376886072663,0.5290117294565627,1,interior
0.6938744559693127,0.38469014948232266,1,interior
0.23267336495541202,0.7392156944503605,1,interior
0.2275004490805614,0.7473918957449399,1,interior
0.2865428602848674,0.5730731897274424,1,interior
0.28179987866978046,0.6455895058295059,1,interior
0.288944057354016,0.6513751487612628,1,interior
0.6968968738381376,0.47990094293659286,1,interior
0.6920811007754694,0.48610374378377674,1,interior
0.6565433868908757,0.46950042218103416,1,interior
0.6682082335189892,0.48635189331147727,1,interior
0.3994450195201948,0.46171177826994353,1,interior
0.3915412468510588,0.4680865745739085,1,interior
0.41272007507747793,0.46842215416500704,1,interior
0.2670442354047107,0.5782203484653838,1,interior
0.8220135810998171,0.520826169717813,1,interior
0.900545485459349,0.46873904120866816,1,interior
0.9037365087706116,0.45493251960465825,1,interior
0.907765597042155,0.46422867556641983,1,interior
0.37998784368842137,0.5100102219254163,1,interior
0.8612500583453514,0.47536787915972656,1,interior
0.5945835525846801,0.4287176571286332,1,interior
0.5887779876616015,0.41335101705801086,1,interior
0.5905554589471921,0.43672695849286175,1,interior
0.7529433072872249,0.47705280153011154,1,interior
0.7466616402829178,0.48340429806569646,1,interior
0.757669492996602,0.4833350782998282,1,interior
0.21623988619499954,0.6526963872351542,1,interior
0.22162605247354641,0.6468172716075808,1,interior
0.2134606774043776,0.6447400141607832,1,interior
0.21083541735958952,0.6598688277216117,1,interior
0.21982465537928528,0.6596742779547504,1,interior
0.20578308635042666,0.6513601280561924,1,interior
0.405056866207516,0.44399178237962483,1,interior
0.23683589964955346,0.5858116606690019,1,interior
0.2368600629736252,0.5764453469345697,1,interior
0.2524600037983752,0.5921239176816626,1,interior
0.24650368915783819,0.5724715955754558,1,interior
0.23749525498240925,0.5668186011095068,1,interior
0.24596921896136198,0.566188751061336,1,interior
0.22816977064716784,0.5713915388861667,1,interior
0.22740578463145392,0.5822613471039999,1,interior
0.9684640312950131,0.585406885713641,1,interior
0.25424226179532955,0.7813004884473509,1,interior
0.25609665790472164,0.7690621928609959,1,interior
0.9176826338346226,0.46309580327720834,1,interior
0.9249608420979114,0.46849751738778006,1,interior
0.9619867382658501,0.5904676218088227,1,interior
0.21868328933107442,0.6755109887988358,1,interior
0.2232637916225438,0.6674066108866011,1,interior
0.22249304307757975,0.6834760211107649,1,interior
0.38783776750366483,0.4181054286314,1,interior
0.39851906867538134,0.4295272490839682,1,interior
0.3879510240482227,0.5430518366666274,1,interior
0.32273758445580775,0.5025055024168401,1,interior
0.27216685632335347,0.5682620721339807,1,interior
0.2721643734300829,0.5590114635504125,1,interior
0.7666162831642543,0.49392976737315264,1,interior
0.39615627787743024,0.45399006849009027,1,interior
0.23909145458342906,0.6649241828409065,1,interior
0.9089665366204595,0.4467398608517817,1,interior
0.9138205021702103,0.4557647814822195,1,interior
0.9007873097314766,0.4463424962131757,1,interior
0.893044651373199,0.4461214562107279,1,interior
0.7602346484942222,0.5088568234809115,1,interior
0.370426899706105,0.5102569953391225,1,interior
0.36842844525807716,0.5181190014354982,1,interior
0.940065570257877,0.4740102754428525,1,interior
0.9336764252169014,0.46645437970415987,1,interior
0.5408257305004355,0.39218857219528674,1,interior
0.5354775897798335,0.396518337729939,1,interior
0.4024955535988957,0.47979705712688364,1,interior
0.4477015471397165,0.4150065560402723,1,interior
0.20515544533547134,0.6684008394139955,1,interior
0.22070663632883575,0.7640567081004016,1,interior
0.7910174216688455,0.4889963721467653,1,interior
0.8628823152974523,0.4920375032930897,1,interior
0.2049969622653128,0.6411798690948108,1,interior
0.21308364538147262,0.6362507462259916,1,interior
0.22173310854279493,0.6395170269870717,1,interior
0.29186481837038464,0.5025515308497168,1,interior
0.3068803008044623,0.5067305163192696,1,interior
0.35988462890227524,0.5217998699426408,1,interior
0.36225302797296255,0.5286674999272195,1,interior
0.3499541565624568,0.5214627649475653,1,interior
0.6700606699678991,0.40684370538961095,1,interior
0.28907657605056225,0.8372621930353216,1,interior
0.21052324532998778,0.6760067630762848,1,interior
0.21455074269323438,0.6675522016512113,1,interior
0.21432999429374286,0.6844013903294716,1,interior
0.2268533995668652,0.6911600581376199,1,interior
0.22392894177940947,0.7074520915851518,1,interior
0.9747202553766561,0.5109387527592611,1,interior
0.26277127397795963,0.5700374678651909,1,interior
0.25431524911505343,0.5649119077732481,1,interior
0.9755974260962679,0.5971042139682383,1,interior
0.40945444838091644,0.3982693391448038,1,interior
0.4177625636714824,0.3989714864855558,1,interior
0.982632967337556,0.555007424604511,1,interior
0.9770621220718926,0.5494888062531179,1,interior
0.6538546678445748,0.40354104380148065,1,interior
0.7158892928065912,0.4205113520546521,1,interior
0.7167831082895065,0.42934503201538704,1,interior
0.7100050651838948,0.4154320160772154,1,interior
0.7115996876932897,0.43481279324881983,1,interior
0.7211894562812925,0.4396013122394485,1,interior
0.7106380998165021,0.44334514473756087,1,interior
0.3177465417242159,0.4942109677037109,1,interior
0.31321796956964715,0.5011125542081857,1,interior
0.3259666711821256,0.49122667110328117,1,interior
0.5823391634318397,0.4182988238920774,1,interior
0.683188754387934,0.495189437426636,1,interior
0.5420277739614522,0.38416638348341176,1,interior
0.5320371751379466,0.38920451793325067,1,interior
0.21899265921919775,0.6925194995972291,1,interior
0.21010920117581078,0.703447681440446,1,interior
0.2255652401224196,0.6996983902521938,1,interior
0.22234131921506012,0.7255896471097658,1,interior
0.2699064377036718,0.543339079163857,1,interior
0.27895791491929217,0.540840994473321,1,interior
0.4524290933454779,0.4015390939201914,1,interior
0.46092321290591926,0.40250364243539266,1,interior
0.8885507105079483,0.43983613183649894,1,interior
0.6610226124955038,0.4087050074913104,1,interior
0.6461475285777184,0.39901457700446774,1,interior
0.6543348610313434,0.39422565911159735,1,interior
0.6634029587226207,0.39984642782907115,1,interior
0.4988035153352917,0.4050179905384366,1,interior
0.5137560474641688,0.3973768264685922,1,interior
0.4984124471745828,0.39604922849407725,1,interior
0.5216712044685037,0.40350166009207505,1,interior
0.2818454904997421,0.49832701086088643,1,interior
0.29027137465647634,0.49369279578553416,1,interior
0.29890584143704696,0.49369766423903066,1,interior
0.2830898537438466,0.5080285469752085,1,interior
0.29218694397175365,0.5122017466219737,1,interior
0.28585609878725765,0.5159654621349594,1,interior
0.2643969062521703,0.5616349473100745,1,interior
0.2587264239535399,0.5547877806428627,1,interior
0.3914251038900746,0.43643539339860077,1,interior
0.39903589964927544,0.4381251937986346,1,interior
0.7656700520165541,0.48649642520733694,1,interior
0.7736579010405372,0.48260804012459274,1,interior
0.9397728102446266,0.4584098485723745,1,interior
0.9478465361548766,0.4776909623872962,1,interior
0.9476298459303598,0.47082104269953595,1,interior
0.9421443002864338,0.4661208305132143,1,interior
0.983830477890935,0.5450795945410392,1,interior
0.7199267191652275,0.40708032977359465,1,interior
0.7162902526954179,0.4127809805408563,1,interior
0.7116528380546455,0.40591098761613514,1,interior
0.7147378892431638,0.39284677319193395,1,interior
0.8323874189751889,0.5301024746880687,1,interior
0.7016611893087805,0.4862415515894746,1,interior
0.7065452255824363,0.4790627438447177,1,interior
0.4960142885363468,0.41390961641837826,1,interior
0.49025129641267884,0.40999330129006006,1,interior
0.4462450869711992,0.40585218581931864,1,interior
0.4541986592422231,0.4094188178091185,1,interior
0.7392812471309346,0.47711904836760016,1,interior
0.7463113926978898,0.4741160870380268,1,interior
0.7497769600131321,0.49745379386959365,1,interior
0.7150445160352262,0.38720373249252515,1,interior
0.724180725494528,0.39145675284081527,1,interior
0.7199930296455204,0.38143472639218795,1,interior
0.7185418577876911,0.399566737306108,1,interior
0.19652298679470245,0.6460408923606364,1,interior
0.19666523441274134,0.6558685818043286,1,interior
0.2030738198186718,0.6601292697639292,1,interior
0.7537012336928983,0.4681608337277946,1,interior
0.7603154486694236,0.473706384367152,1,interior
0.7104194475872558,0.4905447440768181,1,interior
0.7172518833794999,0.48418692701365446,1,interior
0.763049177348391,0.5171973016122698,1,interior
0.7312755874741482,0.443779850218672,1,interior
0.7249714808570807,0.4304434331143435,1,interior
0.7245255512639048,0.44925899158341426,1,interior
0.7165736601353646,0.4501882356124712,1,interior
0.9874010642136254,0.5185701880144338,1,interior
0.983831216985875,0.5119901209408038,1,interior
0.9858668097214944,0.5261034666065479,1,interior
0.37538890876758296,0.4949824250508978,1,interior
0.3757356213261474,0.5032440816146457,1,interior
0.34332679160008345,0.7188334574925211,1,interior
0.3956205161514381,0.44597700096566617,1,interior
0.38891755476958373,0.4275576560730212,1,interior
0.38557940910811267,0.44300581390619714,1,interior
0.39457972794978785,0.4219219655127889,1,interior
0.37769359628174554,0.43975463601067977,1,interior
0.3424173250615911,0.48877634208627185,1,interior
0.33372852809520287,0.48526131483990703,1,interior
0.33806088905677323,0.5013346475297421,1,interior
0.349768198805567,0.4899023933500364,1,interior
0.563478196732949,0.43837823194469216,1,interior
0.294056319703549,0.48473510973598744,1,interior
0.30468509106597347,0.48550658662819157,1,interior
0.30916022347170774,0.4924012664517526,1,interior
0.8244932075235472,0.4750630262598634,1,interior
0.7321193566380889,0.48010732501581677,1,interior
0.7396541380240762,0.4675134903525948,1,interior
0.8392533146707274,0.46797144394986506,1,interior
0.8262100405561694,0.45923273667364023,1,interior
0.8169997435916887,0.47068706664207033,1,interior
0.47644414013719444,0.4053146217509879,1,interior
0.9886263860668031,0.5384814243959376,1,interior
0.36725214534547734,0.5011046254305587,1,interior
0.6011189780863956,0.42296193528833503,1,interior
0.6073845942162359,0.4311537031040424,1,interior
0.6129418641812485,0.4388306517140006,1,interior
0.8798260765728809,0.44049607698781834,1,interior
0.8723102340076412,0.44392292877481454,1,interior
0.5820538983481388,0.4083704561090789,1,interior
0.3866459688637649,0.4520492527480822,1,interior
0.3912089597081684,0.45982013285414125,1,interior
0.2526490021228612,0.5480950925133089,1,interior
0.2510322454807215,0.5558518476911548,1,interior
0.8768006291173355,0.43049880944113683,1,interior
0.8848346102088142,0.431821201017396,1,interior
0.8710313960102581,0.43606050210308817,1,interior
0.5354178405215646,0.40443411800117346,1,interior
0.31604529047151314,0.48518175304557126,1,interior
0.35544854024837746,0.4937880233848147,1,interior
0.3576087359752744,0.5001659715603249,1,interior
0.3644625968804379,0.4920452978544379,1,interior
0.36055020309997415,0.5076485658612669,1,interior
0.8665440578088208,0.4497877545241392,1,interior
0.8713629886983915,0.4553551866247083,1,interior
0.6922673698714583,0.49605651397511535,1,interior
0.7008860322249689,0.4938299533289518,1,interior
0.708448358257172,0.500337739938154,1,interior
0.8642233384730988,0.44079316897710347,1,interior
0.2848430577900979,0.6378510818553677,1,interior
0.6094628183262036,0.4220648179506448,1,interior
0.6166747202766724,0.4216801003213601,1,interior
0.3004289067826736,0.5766666776441345,1,interior
0.2064207945052857,0.6844204251837508,1,interior
0.6141148628955951,0.4143419576282114,1,interior
0.6199468626238689,0.4093915981277515,1,interior
0.9437533713116159,0.4509702385597164,1,interior
0.9499123515268805,0.4638125951874561,1,interior
0.9263496764063599,0.4573988546219263,1,interior
0.9347844549295367,0.4487561097444094,1,interior
0.9506659192408647,0.45655062086673187,1,interior
0.24355092275170176,0.6110515375484841,1,interior
0.23476450765135648,0.6101687288693406,1,interior
0.6279463145271261,0.41028241688571043,1,interior
0.6315043137570266,0.40393331306526425,1,interior
0.6387396689290256,0.4020019610080556,1,interior
0.8538555756349724,0.4689381994258106,1,interior
0.8613733540085725,0.4667536834007827,1,interior
0.7225503644314492,0.42325902155097267,1,interior
0.8036850760929444,0.5209827703343373,1,interior
0.3772000474339891,0.447322158000899,1,interior
0.37754705377257947,0.45426438423606114,1,interior
0.38260407280145764,0.4617077675400449,1,interior
0.8932810617995508,0.47814771020553726,1,interior
0.21087181216195716,0.7189836348734607,1,interior
0.20506919471800952,0.7099833652067948,1,interior
0.48418115570416054,0.4052018414797346,1,interior
0.8651208156602211,0.4593894181932231,1,interior
0.856842016316267,0.45315964309557977,1,interior
0.18958822817518173,0.6606918313106382,1,interior
0.1875209530976529,0.6440236394935126,1,interior
0.1966105139506168,0.6651946977631357,1,interior
0.18893093358110857,0.6520492193084095,1,interior
0.8000446771252235,0.4816269061744708,1,interior
0.8096713040901599,0.47789931831213067,1,interior
0.7826319449114622,0.48292661977414303,1,interior
0.7873464610757985,0.49794835929416675,1,interior
0.46265396840152356,0.393907230012264,1,interior
0.47037024015638984,0.39775691042651734,1,interior
0.47311840549815265,0.4131044408198125,1,interior
0.8459760799651038,0.46369777627239256,1,interior
0.2804905340870045,0.5687545935418366,1,interior
0.8098677902934228,0.4665865641029236,1,interior
0.8177649659235556,0.46065781813044876,1,interior
0.5326500985677673,0.3806474618290412,1,interior
0.5240802681622451,0.3841236619999789,1,interior
0.5224174127898246,0.3930160336455195,1,interior
0.802838068588189,0.47106245614541553,1,interior
0.7955646432835406,0.47388820427411094,1,interior
0.2723791589051848,0.4975570879462758,1,interior
0.2728732824701929,0.5046446799621603,1,interior
0.28428027413068574,0.48807268447810737,1,interior
0.7333221225816816,0.39658922523508816,1,interior
0.7421742775837509,0.39047359873727877,1,interior
0.7331827598493379,0.3882665731154743,1,interior
0.7269105429066881,0.40364650798250373,1,interior
0.9180313583141139,0.4488692459400525,1,interior
0.9044456395531403,0.4358761612273169,1,interior
0.9141131546478785,0.43934199504173455,1,interior
0.7908876740352873,0.4797247102053075,1,interior
0.7732673421374281,0.47069306134714956,1,interior
0.787100653314281,0.4704982678148603,1,interior
0.38214959458963593,0.46997437409535375,1,interior
0.373403111862343,0.459687405606512,1,interior
0.3743092351343265,0.4677087138025289,1,interior
0.869450469698793,0.42852767085250604,1,interior
0.8616281714380998,0.43217819440595917,1,interior
0.39434356057380665,0.47678035184801154,1,interior
0.7469357568131333,0.3822636093462033,1,interior
0.7491694093718736,0.3977679852077387,1,interior
0.740730921487053,0.3987953781421754,1,interior
0.7534173069850362,0.38997410716978054,1,interior
0.578497664959554,0.37833125918596683,1,interior
0.5786868737603944,0.38846389228613565,1,interior
0.5735362281441877,0.3946503046222402,1,interior
0.2858820137266641,0.4798178422179518,1,interior
0.3011829838133975,0.4772856931739049,1,interior
0.9931237071053703,0.5212943987805533,1,interior
0.9915718429920772,0.530226594827498,1,interior
0.5286754569422482,0.39884148506182554,1,interior
0.5477370799112291,0.38985359070918757,1,interior
0.9724499395361718,0.5000093851593251,1,interior
0.3466599570874799,0.4983225565300966,1,interior
0.354541347382731,0.5145262228258031,1,interior
0.40526925233292527,0.3882907302729632,1,interior
0.4135254235849284,0.38960371200829497,1,interior
0.4021139799559372,0.39783179358456505,1,interior
0.7466181511585902,0.4678259980966345,1,interior
0.5904058487750382,0.40508783914622554,1,interior
0.5909346797349997,0.3968931324103637,1,interior
0.5820810056510615,0.3983899537920244,1,interior
0.666530730348214,0.41364618282508203,1,interior
0.26087741336488707,0.7758029060563608,1,interior
0.6007219163513687,0.4018674482609337,1,interior
0.5913643969014556,0.38816355596172064,1,interior
0.2431463496801835,0.5515080533213796,1,interior
0.25421217968211535,0.5392834542717083,1,interior
0.2610913095117479,0.5453533287419725,1,interior
0.24661333292343404,0.5434628811107214,1,interior
0.24515434099098218,0.5358449989835735,1,interior
0.23826298170048474,0.5439654041432546,1,interior
0.7158077353280764,0.4662536183999045,1,interior
0.7078081372293616,0.46288568838072885,1,interior
0.35092039949117687,0.5069727636643675,1,interior
0.724421122755396,0.4781527489765324,1,interior
0.7160803649875795,0.47540949186856246,1,interior
0.6707855745573087,0.3931725400004758,1,interior
0.6625973264736353,0.39209732201187875,1,interior
0.6191225296398042,0.43690565331793724,1,interior
0.23817231791744833,0.5950601881169192,1,interior
0.2267013646930189,0.6086223132633136,1,interior
0.22407459264405463,0.5997012973815635,1,interior
0.22920560504663864,0.6183104049908575,1,interior
0.9804160360343991,0.5036389227856822,1,interior
0.9927345870424554,0.5126264398095516,1,interior
0.31259348995041325,0.846088792957894,1,interior
0.9006753689197555,0.4269159585829341,1,interior
0.9129182098211606,0.43095308666249127,1,interior
0.896560487440149,0.4395380176050655,1,interior
0.8937492742358867,0.43148891386346555,1,interior
0.45454564813178516,0.39444959490304826,1,interior
0.3603829620952903,0.458225853455534,1,interior
0.3658796476622436,0.47234950420978633,1,interior
0.36768066357915774,0.4518225878437983,1,interior
0.5054089274370901,0.3984724069285791,1,interior
0.8879613023466453,0.4228869292414357,1,interior
0.8732313539686897,0.4206472228811093,1,interior
0.2349009976950384,0.5366719016581355,1,interior
0.22842626351265471,0.5438794280640803,1,interior
0.23252865002958598,0.5518677047995489,1,interior
0.8252728854378578,0.4662129755183022,1,interior
0.5786115774382267,0.3665932511738341,1,interior
0.586228597917961,0.3736490238418965,1,interior
0.5711886009648919,0.3752735356195978,1,interior
0.5757246441520515,0.4029486835202589,1,interior
0.37916823288749085,0.4867770018834032,1,interior
0.2297036354737391,0.7132540841482383,1,interior
0.9214360222973836,0.4413021650174258,1,interior
0.9220479627420703,0.43194632781110415,1,interior
0.9759964559605908,0.5578347474342354,1,interior
0.3254291860547476,0.48053652449340745,1,interior
0.34068216957874553,0.480473433844129,1,interior
0.37611881143408304,0.4777715804670757,1,interior
0.23677739203180898,0.558403424946982,1,interior
0.22230209649551916,0.5511472039761329,1,interior
0.22732821415166443,0.560895221273894,1,interior
0.2014679867790409,0.725576680467423,1,interior
0.20321881307222836,0.733368523291241,1,interior
0.20344271374496803,0.7189222790828919,1,interior
0.6624371988319921,0.3782505745822587,1,interior
0.6671202160627288,0.38570753257338497,1,interior
0.684796147053011,0.38161162987071345,1,interior
0.6783218369193353,0.374304023672149,1,interior
0.6709463050230478,0.3790435801195493,1,interior
0.433118673967964,0.384796038623481,1,interior
0.42535923675920284,0.3849475636420051,1,interior
0.435913150381001,0.3939129736980746,1,interior
0.4199785154372754,0.3897040815919081,1,interior
0.2901772515252815,0.5293237541648849,1,interior
0.28161844282712684,0.5316334931027471,1,interior
0.2841220949374604,0.5234520761970479,1,interior
0.287965384972718,0.5432942483209952,1,interior
0.2731841673443557,0.5345659637394926,1,interior
0.2628477901030292,0.500314450240123,1,interior
0.27625233020350437,0.5104719271499191,1,interior
0.26976469612357373,0.513163789791025,1,interior
0.2636854778283083,0.5082559262688684,1,interior
0.2673359391026647,0.49175615899345143,1,interior
0.8548855315284216,0.43883792185599996,1,interior
0.27794664826589827,0.5170530089357831,1,interior
0.5480863325978748,0.3769740557749795,1,interior
0.7311979025883174,0.4631624713587276,1,interior
0.7474538327791772,0.4615816209779844,1,interior
0.7398458486094731,0.45769339134779424,1,interior
0.2761657507488549,0.5258267764982808,1,interior
0.26336308648153234,0.5355662435208897,1,interior
0.26178973120167986,0.5257028857050011,1,interior
0.25447172752802194,0.5307000853741776,1,interior
0.4182845098578626,0.38005289348434107,1,interior
0.30456761455567627,0.46440059633484737,1,interior
0.30975845173182864,0.47866309532892737,1,interior
0.2913146782124995,0.46599777158186934,1,interior
0.30892490098018505,0.46991897922429404,1,interior
0.29209734840248963,0.474844062440424,1,interior
0.6090362439664061,0.3965087243581358,1,interior
0.5972917182589952,0.39312219952550287,1,interior
0.6121971838885708,0.4047196009999476,1,interior
0.605357900490524,0.4126516948224273,1,interior
0.5969370528732013,0.41265368024403454,1,interior
0.9296118062909752,0.5075217018334588,1,interior
0.9299051102495014,0.49284872987370043,1,interior
0.7302924506552773,0.42242751503123743,1,interior
0.732030908076313,0.4333883229059756,1,interior
0.22115720766695748,0.6234085287702694,1,interior
0.22787570627095072,0.6271746249728014,1,interior
0.41077278820273877,0.3809923314675155,1,interior
0.4040520704388002,0.3774931738695482,1,interior
0.5924633204586397,0.37974003788912153,1,interior
0.6046207886786776,0.39109406455131834,1,interior
0.5850601227808883,0.3911836282450595,1,interior
0.5988485397984668,0.3852782414359572,1,interior
0.6898488251761465,0.37432257255508566,1,interior
0.6832547075480849,0.3665363833484236,1,interior
0.6683988465846711,0.3711672361777807,1,interior
0.6747373559535005,0.3631491075483847,1,interior
0.23375494824616672,0.6899232178376971,1,interior
0.36263834984445487,0.5142582057513386,1,interior
0.36519674724770423,0.481361155711252,1,interior
0.3661998202685324,0.46301137697017675,1,interior
0.35652459035062545,0.46703659978563705,1,interior
0.35624124140026375,0.47627399699529943,1,interior
0.5889296931356189,0.4462025185905059,1,interior
0.2204302321751074,0.6148935813500165,1,interior
0.21345964770797776,0.6278165623799815,1,interior
0.34512545599169114,0.4722026274061311,1,interior
0.33419184736540525,0.47556629881781903,1,interior
0.348619516711399,0.48176653742221354,1,interior
0.6765785039020873,0.3528338364566243,1,interior
0.6834093970016971,0.35717088585236595,1,interior
0.6644338753322094,0.3634934260651183,1,interior
0.6693143713866653,0.3552701443307947,1,interior
0.28239321759867575,0.47082050762022604,1,interior
0.29061465246296775,0.45682868656624925,1,interior
0.299190569382434,0.4691516913555311,1,interior
0.2991261419468499,0.45936496929319537,1,interior
0.28397678644203544,0.4626920736581305,1,interior
0.22437444338206217,0.7400027116544108,1,interior
0.2032416963592266,0.6768636954374861,1,interior
0.7104154390058169,0.38072735937542806,1,interior
0.7003877979588267,0.37930513881850175,1,interior
0.21009504821880226,0.7367725412481511,1,interior
0.7625778404956138,0.4643811541700463,1,interior
0.7677268775477913,0.4776792441522945,1,interior
0.767178840936956,0.4694736013356815,1,interior
0.856416467661913,0.4250598298310605,1,interior
0.8640753142762039,0.4229089657240432,1,interior
0.741891528419988,0.43193335706152963,1,interior
0.7382081500119633,0.4394265203577815,1,interior
0.7388847837202608,0.4250345255286998,1,interior
0.6831711932510892,0.34632263241965994,1,interior
0.6640557041945602,0.34984881380091626,1,interior
0.671490606610597,0.3441667596514657,1,interior
0.6911421999938486,0.35312675812198685,1,interior
0.4453924883046806,0.3959340990852671,1,interior
0.21113499993112234,0.6056036470428319,1,interior
0.22955781058367,0.5921809710978121,1,interior
0.21594004854446303,0.599319604595299,1,interior
0.2186299064245875,0.6070073460697035,1,interior
0.3175257063242334,0.4748179681299947,1,interior
0.7957922562486116,0.46658148621348,1,interior
0.7828351992387103,0.4587075147134133,1,interior
0.7797470358988023,0.4671530319234482,1,interior
0.7305669334105099,0.41256775809759166,1,interior
0.26931864316906157,0.5209456032723426,1,interior
0.21749807062246343,0.7447367700296025,1,interior
0.21807432291055368,0.7362103347910354,1,interior
0.7780585237227743,0.475660823036488,1,interior
0.7724933197727638,0.46225685200714134,1,interior
0.7549265670475722,0.3816781573431136,1,interior
0.7623871049426254,0.3914592845729666,1,interior
0.7590081758037771,0.3991760238351777,1,interior
0.4408170703500667,0.3884670148810831,1,interior
0.4485573763479138,0.38616374723437674,1,interior
0.3483858250038204,0.4639939888791872,1,interior
0.3527328629921251,0.4575051450493441,1,interior
0.9838136998716288,0.5349296040557936,1,interior
0.2182397036176255,0.5410504680522273,1,interior
0.22583821679198834,0.5352591372535259,1,interior
0.21175799064910375,0.5492672753654969,1,interior
0.7564097444426028,0.4587074897778926,1,interior
0.707227350564112,0.37253560949275766,1,interior
0.7161569966616775,0.37274259307802,1,interior
0.21259299829301437,0.75083965603834,1,interior
0.2091982718667577,0.7445601021673519,1,interior
0.6456912759953762,0.3904525850773826,1,interior
0.6310280289683408,0.3961700659252472,1,interior
0.38789066741439754,0.4030865093922636,1,interior
0.3967416814122304,0.40485079803271823,1,interior
0.26585344875504824,0.616125770304958,1,interior
0.31920494726987864,0.5664958466569225,1,interior
0.22480755959413934,0.778281859575495,1,interior
0.3259247568897184,0.4703644322402422,1,interior
0.2626879428059112,0.48406358697007607,1,interior
0.27749542760561025,0.48019815716343855,1,interior
0.27627912917533987,0.49023376395860563,1,interior
0.746014941130042,0.4394792112527097,1,interior
0.7411855906988697,0.4477978542211676,1,interior
0.5953890731892207,0.3707664068286946,1,interior
0.5999551560890934,0.37776385732311024,1,interior
0.5887491783445934,0.3641328065715171,1,interior
0.6584048753191988,0.38568363343091105,1,interior
0.3345307478160264,0.4665734520229023,1,interior
0.3409435691478117,0.46342069021776433,1,interior
0.7044220318539157,0.3646901685706432,1,interior
0.6980969547007523,0.3707244682380246,1,interior
0.7125309363014259,0.36422916571249236,1,interior
0.34905983441425786,0.44856287395916566,1,interior
0.34429359539969395,0.4559967026233646,1,interior
0.35773026348631093,0.4500971622695227,1,interior
0.6165369738665285,0.3966709408422603,1,interior
0.6230836277816031,0.4017160277678587,1,interior
0.8020497589653864,0.46063356440784264,1,interior
0.18904493326360342,0.6699855949283725,1,interior
0.6648930292609556,0.33701908352556637,1,interior
0.6796824174170686,0.3373159327918001,1,interior
0.6710446023140317,0.3326153257023848,1,interior
0.6597848704249161,0.34336128844938535,1,interior
0.3698864960705348,0.44135097736916507,1,interior
0.8241479384956656,0.4842848818396302,1,interior
0.21963706268010785,0.5758546847111716,1,interior
0.21906114887484726,0.5669466616600715,1,interior
0.7318808796867909,0.45354522367997135,1,interior
0.6789230315560012,0.32927116508915055,1,interior
0.6889360823957708,0.337426098030239,1,interior
0.4901566550080679,0.3929850939277017,1,interior
0.490803213438431,0.4008465788113497,1,interior
0.9598578269869904,0.46289466206600904,1,interior
0.9557783557293975,0.47218903572544146,1,interior
0.8821736001579834,0.41497842466182105,1,interior
0.8654747711153292,0.41399739185447704,1,interior
0.8738678022782441,0.4105724342320059,1,interior
0.8808153373844705,0.4240078069803282,1,interior
0.49744994693186284,0.3890097173492693,1,interior
0.5059946577616862,0.38983035154874907,1,interior
0.6452339857363346,0.3822347472204472,1,interior
0.6513673836020596,0.3861797172765816,1,interior
0.2213706748892391,0.6319584504894719,1,interior
0.7234182312273957,0.46909911773392876,1,interior
0.21644137008881217,0.5582656908939382,1,interior
0.6074924787428362,0.3817455606545571,1,interior
0.3569881141472903,0.48559269429645613,1,interior
0.3715936878023829,0.48643012718182466,1,interior
0.591517983731684,0.35411762623616055,1,interior
0.583512680952924,0.35735032399611183,1,interior
0.6013147927142451,0.3663635661764035,1,interior
0.9859514441752186,0.49797875528759894,1,interior
0.9795138917373271,0.494090582739862,1,interior
0.9884285960906315,0.5054140963295236,1,interior
0.7316269144558364,0.47228325785224284,1,interior
0.27061603011682644,0.48460151526055284,1,interior
0.2738291353724205,0.4707010126956403,1,interior
0.18463617701875581,0.6765751822251584,1,interior
0.19034468772449056,0.6795718478985698,1,interior
0.9261148324709282,0.448027507224077,1,interior
0.9435734806651318,0.4424125274956903,1,interior
0.9288935056536448,0.43963042315107054,1,interior
0.9363565567686999,0.4387033071961384,1,interior
0.2544981888663518,0.5207436448709774,1,interior
0.268821301141695,0.5286977085743356,1,interior
0.6575736705187409,0.49011539226398143,1,interior
0.21181792919832138,0.572145127963765,1,interior
0.20977495681624228,0.5652876356265041,1,interior
0.8151756529703897,0.4511973144920059,1,interior
0.8308331123189457,0.45364867931902547,1,interior
0.835635961318816,0.46105812637708043,1,interior
0.8269201138383669,0.4469164571968065,1,interior
0.82226623661996,0.452133946182058,1,interior
0.6312382702408301,0.3866451345808692,1,interior
0.6233282899144167,0.3921695123956259,1,interior
0.6391110492149766,0.38591455113590256,1,interior
0.6383939965228745,0.3933929029688082,1,interior
0.25434319022264806,0.5087688860904873,1,interior
0.2593744190817043,0.4917795785163703,1,interior
0.2534833186790462,0.49710000256558,1,interior
0.48130699186404746,0.3971156696719933,1,interior
0.4751275028660863,0.3902775548931824,1,interior
0.4827347028028644,0.38814613920951757,1,interior
0.4673293762381168,0.38688546660998396,1,interior
0.4461725641630832,0.37540428123838765,1,interior
0.4533504555440194,0.3796967784930724,1,interior
0.4578674581120687,0.3869096072437023,1,interior
0.692204871901146,0.34472930169532334,1,interior
0.6912151693075766,0.3634739426014593,1,interior
0.6586251478363612,0.37026741799842516,1,interior
0.6532330673301979,0.37810850544931923,1,interior
0.6141936654185288,0.38828094764762777,1,interior
0.6113527201245813,0.3754677554426953,1,interior
0.6175675370996279,0.37837714222345875,1,interior
0.6053893345946629,0.3717714218025958,1,interior
0.36176039834583723,0.4419586504282373,1,interior
0.365340960092204,0.43272868491987754,1,interior
0.37397856551842246,0.4324535599124883,1,interior
0.7447710753318765,0.4114923081351913,1,interior
0.7373351806022305,0.41611174815710084,1,interior
0.3348976497133231,0.4557305024109244,1,interior
0.857076960552782,0.4170589151411242,1,interior
0.2406574155808614,0.51464806240511,1,interior
0.2615414291069309,0.5164269889257299,1,interior
0.2477830722097564,0.5172760392308267,1,interior
0.24579211995838013,0.5020519774686988,1,interior
0.5935123260145735,0.34503757349294406,1,interior
0.6019096071724643,0.35159627389309783,1,interior
0.5973847174776132,0.3608421066700291,1,interior
0.5833434365975426,0.34696603707869145,1,interior
0.22018544019773537,0.7553187657167857,1,interior
0.610525203134064,0.3527002885158363,1,interior
0.5971913771687353,0.33684490768865877,1,interior
0.6070752302048633,0.3613870836464864,1,interior
0.6105553669056427,0.34387008750233133,1,interior
0.7519847790116327,0.4450555947149531,1,interior
0.25371430265479084,0.48570910378703785,1,interior
0.24621024798719462,0.4926951649803753,1,interior
0.3262321805476334,0.4603387603926487,1,interior
0.3259329904826433,0.45043714104203936,1,interior
0.34107592147856874,0.44709405443954453,1,interior
0.333183331213601,0.4455180619093486,1,interior
0.9647682988407376,0.44916690274269505,1,interior
0.9588239678814178,0.4534449785905868,1,interior
0.9653475022314196,0.47241703194499296,1,interior
0.9692818829879847,0.465903146359772,1,interior
0.9687724656234418,0.45604733397985425,1,interior
0.892391802990041,0.413482892049741,1,interior
0.8807849716252539,0.4058021998154329,1,interior
0.8871798424043977,0.40680871161441123,1,interior
0.31763730006996665,0.46473934707866627,1,interior
0.3179010933472095,0.45432810556991193,1,interior
0.35390765624798753,0.44220148562197037,1,interior
0.40280271818781316,0.3679813435979511,1,interior
0.39669138126186076,0.38299278318594043,1,interior
0.41196608240402155,0.37068751338391603,1,interior
0.39863035202462493,0.39117284128102736,1,interior
0.2072427420391243,0.5572585488574855,1,interior
0.2025693861214529,0.5641022794865904,1,interior
0.202070757864958,0.5731405560043816,1,interior
0.40777390251088097,0.3612415339114886,1,interior
0.4208476057906276,0.3700014963606208,1,interior
0.4162829743105112,0.35919000260489636,1,interior
0.8202825131701419,0.44173336951343806,1,interior
0.833761647041138,0.447246598358951,1,interior
0.2102115900373688,0.6938883139756353,1,interior
0.3709759689486695,0.42334110137483083,1,interior
0.38286859675952895,0.4339883154496878,1,interior
0.3804020473603622,0.42537934737783645,1,interior
0.9432533535128969,0.43199852889596807,1,interior
0.9525452698214302,0.4373309130529465,1,interior
0.1967113474143244,0.6736737407104797,1,interior
0.6483144638475302,0.4538136213398703,1,interior
0.744811109456441,0.4189559553551012,1,interior
0.8397016244589635,0.4519330624259028,1,interior
0.30400599085188557,0.4523810079054179,1,interior
0.3097421163663768,0.4588268250491451,1,interior
0.2955831737009113,0.44876190998561205,1,interior
0.21823364676965706,0.5834225896360513,1,interior
0.7237138971200171,0.41455224391839757,1,interior
0.971641690571854,0.49029393695130263,1,interior
0.9880091235185735,0.4890031405969405,1,interior
0.9784163202259565,0.4848260098848967,1,interior
0.7492604534624109,0.4532109073729856,1,interior
0.23240690018934465,0.5274250221413165,1,interior
0.7225987219179969,0.4588317822102475,1,interior
0.34659421967299675,0.43823530604061905,1,interior
0.932521806390227,0.42978628706634325,1,interior
0.21171030593934476,0.5938287001978492,1,interior
0.20715895761063577,0.5997891468022828,1,interior
0.2110534175259735,0.5873029282628748,1,interior
0.37777430234157344,0.4024908236720338,1,interior
0.3826521311300577,0.410264055495134,1,interior
0.38524978193019505,0.3947947537606442,1,interior
0.33839692235500757,0.43765003473206,1,interior
0.6980412957654695,0.3381961632383419,1,interior
0.6856218557166903,0.3306331302720978,1,interior
0.20359290817751866,0.5920902170740437,1,interior
0.20234636064508468,0.6078601829765998,1,interior
0.19888874936649806,0.5990456466556212,1,interior
0.2109222812042097,0.613183998126944,1,interior
0.7492829532367884,0.42510397327685817,1,interior
0.2322209034970241,0.49210916965624474,1,interior
0.2382870051058434,0.48710517552092825,1,interior
0.7286646141917504,0.38139073100433557,1,interior
0.7239729201124439,0.3735534862349162,1,interior
0.36925328505556515,0.40556114015435707,1,interior
0.3727665608664867,0.4124684015194444,1,interior
0.36822262991405136,0.39794054661582995,1,interior
0.37560921258004054,0.3932990438669893,1,interior
0.6453678072851539,0.3755688884411155,1,interior
0.37886127067252867,0.4177096495756193,1,interior
0.894056758129581,0.4028618385488801,1,interior
0.9004175918456117,0.40770215621730044,1,interior
0.9017643849033415,0.41750947340646943,1,interior
0.7592651325729672,0.4496179434790331,1,interior
0.6507325645205203,0.3387631572777485,1,interior
0.655982000734129,0.3518407784419271,1,interior
0.6574371071186695,0.33565092634113103,1,interior
0.6516076205061567,0.3459311446511112,1,interior
0.8571901782183479,0.4073572145068482,1,interior
0.8496260457189335,0.41270128225409886,1,interior
0.3939125737426013,0.39733633127441254,1,interior
0.7534124398252783,0.41562957480091667,1,interior
0.7526502016833506,0.40643358236957355,1,interior
0.5090020076575182,0.38116535263357626,1,interior
0.5215937639892582,0.370006642472394,1,interior
0.5123258741622382,0.3722959790752303,1,interior
0.45562376059550524,0.3707791727397701,1,interior
0.4411533067866621,0.38146961679295066,1,interior
0.43633373203944886,0.3755911053335279,1,interior
0.4397355031429267,0.36792858889110763,1,interior
0.4480545904110813,0.3665592973038417,1,interior
0.18693030580677608,0.6032413079802496,1,interior
0.19379932310763262,0.5897765954717247,1,interior
0.1931049360763,0.6064925549649657,1,interior
0.5626798403757123,0.3716822388092107,1,interior
0.5695359891927991,0.3673277896471384,1,interior
0.2875235669338117,0.5640689708315819,1,interior
0.24532411106429772,0.5095103464639112,1,interior
0.8948028203675455,0.4223169472138511,1,interior
0.7679429253262037,0.37992777531994154,1,interior
0.775301153669204,0.39326624049686804,1,interior
0.7617395552231279,0.3845832802542359,1,interior
0.202542270847854,0.5837085170378898,1,interior
0.7609490632734414,0.3762401346823591,1,interior
0.7688239105114714,0.3724903932932859,1,interior
0.4908289906458608,0.3848416584084399,1,interior
0.4757585820881452,0.3810546991372914,1,interior
0.7658535912713317,0.45560866308327536,1,interior
0.8669672766520092,0.4050414082648959,1,interior
0.9780014814729885,0.46656741884155134,1,interior
0.9754392249417362,0.4747783936911735,1,interior
0.2398755284406155,0.5301787241821605,1,interior
0.24729549176258148,0.5264656551896014,1,interior
0.6237956083106049,0.3705416183176364,1,interior
0.6146728038049122,0.36836478920283117,1,interior
0.6226468440772684,0.3845564716621374,1,interior
0.20992909995871462,0.5414370570847659,1,interior
0.21674191297866963,0.5301993821465599,1,interior
0.2031470032653893,0.700148430834649,1,interior
0.19524113817174857,0.7046827345025054,1,interior
0.791937766253857,0.46021772320204885,1,interior
0.7809245829084963,0.4469202312921489,1,interior
0.7747827842838209,0.4536356949428021,1,interior
0.7765538795202787,0.43990823288230646,1,interior
0.784763278781191,0.43568998049291957,1,interior
0.7889659177528535,0.4429382384121798,1,interior
0.5711630529805143,0.3605032606341899,1,interior
0.5763439571261141,0.3548034030646749,1,interior
0.7620043839708798,0.40895031056785325,1,interior
0.744735698665784,0.4044709448171654,1,interior
0.2865201881290718,0.44804053441239255,1,interior
0.2826530185450979,0.4555179296025177,1,interior
0.6446805298825928,0.48990031964453884,1,interior
0.4810245331580167,0.37211392708890567,1,interior
0.483939875986088,0.3804939561825095,1,interior
0.4715318449635108,0.3720269004141297,1,interior
0.49046380502664144,0.3763356609970345,1,interior
0.7974798215682916,0.45349518111863524,1,interior
0.7379215050847603,0.38125805499319904,1,interior
0.7334660004197833,0.37265559123269537,1,interior
0.8467963320733469,0.456139177392003,1,interior
0.9924459796667549,0.4981970042831942,1,interior
0.9947406994008594,0.5051648963705817,1,interior
0.20532388862524045,0.6312887609055952,1,interior
0.8755926630793844,0.40110875012161956,1,interior
0.885879534891796,0.3971746934102894,1,interior
0.8770242950685315,0.3928842428845989,1,interior
0.32561839592657,0.4412163999281855,1,interior
0.3319309086259314,0.4373619202312864,1,interior
0.7399551807784358,0.36537460564436147,1,interior
0.7272079878728392,0.36819367327156927,1,interior
0.7430627148346911,0.3738501708672728,1,interior
0.5152837545274863,0.38728558702895377,1,interior
0.4993447853275203,0.38145560171898085,1,interior
0.23221753339177156,0.6014099483511864,1,interior
0.2360999893984234,0.5073152803163657,1,interior
0.7613092473187282,0.4396745919629406,1,interior
0.769570234513545,0.4462125293791281,1,interior
0.3410121661307841,0.42885756006456255,1,interior
0.3326944829895306,0.4288417138280921,1,interior
0.22455309020147807,0.5278534617682303,1,interior
0.2402888354059367,0.5223927435794192,1,interior
0.2267100695646235,0.5204277911187786,1,interior
0.9614437937373177,0.4799606339731231,1,interior
0.9646920770831813,0.487001664594394,1,interior
0.526567781812892,0.3629586399101397,1,interior
0.5321601562221276,0.37141986157827567,1,interior
0.5151362863883143,0.3628291022859109,1,interior
0.5203365310616702,0.35802894537065855,1,interior
0.8773056677425685,0.3838978547675481,1,interior
0.868351307144199,0.3962227747649156,1,interior
0.8697774328822925,0.3889873855996814,1,interior
0.3880797513056758,0.38553613985738794,1,interior
0.5359445166935336,0.364884349810091,1,interior
0.5425441425599641,0.37020129362919874,1,interior
0.5256193916351908,0.3764219977052738,1,interior
0.5439179822902455,0.36216147334928056,1,interior
0.2385112132147128,0.49714823831032584,1,interior
0.23480137847010848,0.47926161046144733,1,interior
0.2429614438482822,0.47844894011202516,1,interior
0.35590728913334396,0.4334505246897103,1,interior
0.5348796038110164,0.35718433534492383,1,interior
0.5260420805835532,0.3536430305971631,1,interior
0.2802498578045907,0.43970528725552743,1,interior
0.2968967688130278,0.4387829427889282,1,interior
0.27791165583372035,0.4496359273454506,1,interior
0.2891108097383785,0.43938281952209185,1,interior
0.6499536427870197,0.3693894699805229,1,interior
0.38600115540489527,0.47559528521119543,1,interior
0.6930088859943897,0.3184903013715171,1,interior
0.6932947476846059,0.3283202535837181,1,interior
0.1922565563610341,0.6883400675912759,1,interior
0.39102845011214327,0.4102773985255543,1,interior
0.8550788038321521,0.46090355281153145,1,interior
0.41380197199732266,0.34940685001004096,1,interior
0.42588023719048884,0.35753703062827724,1,interior
0.4054328544024996,0.3517938861802267,1,interior
0.4248607598280862,0.3637462761533212,1,interior
0.6668060915428539,0.32493018053323663,1,interior
0.6607167439706277,0.32880895931248594,1,interior
0.6746561199841224,0.323650214323163,1,interior
0.5879275630122441,0.33611455192796214,1,interior
0.5727277266447064,0.34525978201776963,1,interior
0.5782535269848986,0.3377363225110445,1,interior
0.27490037951088875,0.4606292155141584,1,interior
0.22845643871634178,0.5131228413078612,1,interior
0.23412705184253882,0.5175524412268963,1,interior
0.5430735015200343,0.35328803541266185,1,interior
0.5527987300249112,0.36817910818670535,1,interior
0.5521214996747705,0.35892042402428115,1,interior
0.7537347578330321,0.43770956901919406,1,interior
0.7495166332553296,0.43242362424047337,1,interior
0.19211883908341013,0.6387315552597925,1,interior
0.19819078274589777,0.6354392603582802,1,interior
0.23009367226780866,0.5000489986079409,1,interior
0.2919828797242914,0.5209796799509405,1,interior
0.6192857359652019,0.3417838425860672,1,interior
0.6062748811799132,0.33573999185566633,1,interior
0.6147582687170505,0.3346014072999064,1,interior
0.618489779299732,0.34948842078781456,1,interior
0.623268429459368,0.33554109775646773,1,interior
0.8465704760176133,0.404690589734172,1,interior
0.8527327022187317,0.397998181652109,1,interior
0.6411653450955985,0.3697867938169903,1,interior
0.6454206450349093,0.3621609307993685,1,interior
0.6368644060415329,0.36300513311318716,1,interior
0.28304832296230126,0.4303104661590562,1,interior
0.29144768074644006,0.42988722704967897,1,interior
0.2998158614261545,0.4305452116725,1,interior
0.5160110868417512,0.3516227788171187,1,interior
0.8424833871488043,0.3949693381488819,1,interior
0.8394887792164525,0.4127289485810956,1,interior
0.8369731997951506,0.4026350107224909,1,interior
0.2513746356374971,0.4767864214232079,1,interior
0.2595989310269763,0.4759154401648014,1,interior
0.6998780819103316,0.3489523009416687,1,interior
0.2655883416422511,0.45749612881868024,1,interior
0.2696537202271861,0.45039070323487757,1,interior
0.9840025730403109,0.4727505751089201,1,interior
0.9838721148469677,0.4802616297965945,1,interior
0.5948008107296903,0.3287286152647701,1,interior
0.6021884167687551,0.34288362528218697,1,interior
0.8104569388034085,0.4370179041700214,1,interior
0.8180519629480996,0.43145333601518393,1,interior
0.8268322222749892,0.4330509583472368,1,interior
0.9027540676555242,0.39823552960086533,1,interior
0.8954262720976146,0.39442646021370076,1,interior
0.5057262409968081,0.36677083945090017,1,interior
0.5175938077421455,0.3783510344998353,1,interior
0.7139784163728663,0.4582347010061518,1,interior
0.4607640957743346,0.37935690488515905,1,interior
0.47256071733057947,0.3583737374981119,1,interior
0.46438233683134006,0.3644597532447921,1,interior
0.4814992510377715,0.3624017361377668,1,interior
0.8401768814393995,0.42168254202467914,1,interior
0.19545854912485358,0.5804967076282962,1,interior
0.2105601849746099,0.5793194189804339,1,interior
0.6687361252544968,0.31840725655649993,1,interior
0.6758061742826244,0.31485177523212293,1,interior
0.8608804892103011,0.3992179348015288,1,interior
0.8602229884050812,0.38976981780986014,1,interior
0.6472390222227011,0.35299943928567057,1,interior
0.6543697075486804,0.3611839401200407,1,interior
0.8283670308235458,0.4005816442640878,1,interior
0.8319747755978285,0.3947000121614897,1,interior
0.8283111038773862,0.4148052664300295,1,interior
0.6371269637057555,0.3782060073463412,1,interior
0.3282935241262669,0.42151400160787256,1,interior
0.33594209789337176,0.4190297300838503,1,interior
0.3222796729837322,0.4261698250821217,1,interior
0.264927436375025,0.46670364483303833,1,interior
0.25510860211283376,0.4679168915758192,1,interior
0.8054431106037754,0.4434169320619811,1,interior
0.8100573984268905,0.45779815292070464,1,interior
0.8738483678600175,0.3770300711813981,1,interior
0.8817784922329365,0.3759755485942222,1,interior
0.8869713191006746,0.3812636303584065,1,interior
0.8841182462734218,0.3885658157226216,1,interior
0.8677526070149509,0.3822062978836404,1,interior
0.31061497784007885,0.44718263570773414,1,interior
0.3184118658591983,0.4442332709754246,1,interior
0.6986532451177642,0.35792521500540175,1,interior
0.6245174753331489,0.3552353239493189,1,interior
0.18424697649615418,0.5881061972819261,1,interior
0.18599840943567317,0.5957913405371447,1,interior
0.19218665940917207,0.598516202378109,1,interior
0.6160134552818438,0.35849643541758797,1,interior
0.5334102303379945,0.3476736405103488,1,interior
0.5411768744105405,0.3449672502483162,1,interior
0.42734692703222027,0.37704653915297864,1,interior
0.7973519848539853,0.4452692349180175,1,interior
0.805669478969697,0.4509342061070226,1,interior
0.802067981427188,0.43167510874948456,1,interior
0.30509298198610063,0.4383402879323153,1,interior
0.31242056130673745,0.43737055296218363,1,interior
0.8608549302195619,0.37988465638950747,1,interior
0.19819747139891758,0.7131682494106253,1,interior
0.19117719545739423,0.5738556601452938,1,interior
0.9340440457071196,0.4199083356376681,1,interior
0.9398881882955676,0.4234467306116505,1,interior
0.6215919354032688,0.36310947616010897,1,interior
0.907978161914588,0.42474571343972695,1,interior
0.9116946709485225,0.41495588278611584,1,interior
0.6326395459279267,0.370533753380154,1,interior
0.29631374117146214,0.42123378327122374,1,interior
0.24136850637873594,0.4650509124408696,1,interior
0.24612059858064442,0.47055517059757707,1,interior
0.9513386734543441,0.4473441334816674,1,interior
0.49002489840529906,0.35794458303915483,1,interior
0.48113435412068917,0.3538196337381489,1,interior
0.4896895860924985,0.3672235643898822,1,interior
0.5563834492868102,0.37661921507115886,1,interior
0.8363595152476982,0.4349818226690232,1,interior
0.8245369088928228,0.4235558113201927,1,interior
0.8336989562454239,0.4271309028961307,1,interior
0.4637073422262275,0.3549793859622424,1,interior
0.45416060530807995,0.35975392895907815,1,interior
0.3457142913142275,0.4205947456490899,1,interior
0.34049719141214413,0.41204036376670783,1,interior
0.32850247750930694,0.4142731904936271,1,interior
0.33237040233300635,0.4078674977007731,1,interior
0.8456146875007527,0.43747334265838084,1,interior
0.8394990330945085,0.44311447559429556,1,interior
0.8303995590599283,0.4405276850054083,1,interior
0.842753725111919,0.4290685323814227,1,interior
0.2608886951093444,0.4495485505057238,1,interior
0.3990667671539861,0.3591531356629345,1,interior
0.3817046820749758,0.38034671542818055,1,interior
0.39620072094322306,0.37354388412439504,1,interior
0.3892971324628762,0.37731327817807186,1,interior
0.3922989429639187,0.3903029341841119,1,interior
0.8566856897694466,0.3726285250439688,1,interior
0.8671112024000928,0.37241799757699184,1,interior
0.8532996775558591,0.38237612540661453,1,interior
0.8486194088281378,0.37690887989545435,1,interior
0.31367986687843735,0.42852034520749904,1,interior
0.3195849031177986,0.43488086829903744,1,interior
0.32123210325307855,0.41710196202817257,1,interior
0.313839744690367,0.42048431496374455,1,interior
0.3141526404581431,0.41137164314985325,1,interior
0.32257007918902975,0.4084550311512127,1,interior
0.37475336290501066,0.38449707708023156,1,interior
0.3814020021742726,0.38804478320626695,1,interior
0.8210350863847541,0.4032141850613718,1,interior
0.8262094349569653,0.38729497368525717,1,interior
0.8222132119022526,0.39540467381824707,1,interior
0.3648895868255584,0.41768002540928856,1,interior
0.36121575660424715,0.42492188638848893,1,interior
0.3534297836671362,0.42472451666948396,1,interior
0.20207760989082146,0.6161451443365189,1,interior
0.2143717088368972,0.6200697309703592,1,interior
0.30590492008971293,0.4163169151482728,1,interior
0.3056570338224982,0.42417989909010245,1,interior
0.2682206956324285,0.47668744774783095,1,interior
0.36273327231344493,0.4107021624977232,1,interior
0.3556518794006571,0.4167011005986047,1,interior
0.8045756845981069,0.42419606779799257,1,interior
0.7933944596204938,0.426759721465773,1,interior
0.8000644262649101,0.41944700093009696,1,interior
0.5069582096472045,0.35655648825046765,1,interior
0.6416904771747938,0.3344962380661003,1,interior
0.6441801720418591,0.3437904983162771,1,interior
0.2256954171328328,0.5073432036238649,1,interior
0.9516222586362456,0.4282361869944011,1,interior
0.9474678089892583,0.4216800290673904,1,interior
0.2730441479070744,0.44340436076327966,1,interior
0.30715559829959566,0.43142897030155297,1,interior
0.3443973406705382,0.5271429774264409,1,interior
0.6380786359456626,0.34934374091578674,1,interior
0.24099742981992944,0.6035914752283483,1,interior
0.7832795595289112,0.4272365635306857,1,interior
0.18605007048308522,0.636109159007915,1,interior
0.7664488506037683,0.4296007912700559,1,interior
0.20787946970133464,0.5257027667501779,1,interior
0.21955930027547316,0.5227317466355952,1,interior
0.21247936796969577,0.5202013206295596,1,interior
0.6281292052535018,0.3455992920167189,1,interior
0.6365012104787663,0.3419042475059196,1,interior
0.6326300132623963,0.35512768223835195,1,interior
0.758907569917706,0.42330797430874084,1,interior
0.4426169822356657,0.35921450866796506,1,interior
0.4560864424687178,0.3494476806387535,1,interior
0.44761555512976,0.35135647800044384,1,interior
0.7746395341743453,0.4005681831197088,1,interior
0.7669479289399772,0.40280145024063935,1,interior
0.7215300258661344,0.36289994609659726,1,interior
0.3482664925309542,0.42944661834295206,1,interior
0.6598663984791978,0.3187603659694837,1,interior
0.671405220236101,0.305904077965629,1,interior
0.6563881108730004,0.30982327485210037,1,interior
0.6658713645563973,0.3114876559467429,1,interior
0.19800067908851507,0.6825183913964459,1,interior
0.7721522701346611,0.4081318502265588,1,interior
0.7010638836205967,0.3226261744100119,1,interior
0.7016364953374155,0.3303791783428652,1,interior
0.702213778429222,0.3136043593887801,1,interior
0.9097255469792505,0.40422798041296576,1,interior
0.9060187743141737,0.4111603349965235,1,interior
0.6221591647599768,0.42548075739116153,1,interior
0.9623382992317804,0.5669647116173904,1,interior
0.8487174170511537,0.44677545117220124,1,interior
0.6616517391214803,0.3028800278213012,1,interior
0.6792894365432222,0.307816328166027,1,interior
0.674973911722262,0.29336770866591777,1,interior
0.678711006869933,0.29968846283721795,1,interior
0.6682613367936527,0.2979299376648686,1,interior
0.7931625726630898,0.4176699191843206,1,interior
0.7941898182352581,0.43619194782158255,1,interior
0.6318043923206154,0.33578643815412273,1,interior
0.272865041205751,0.7695728738125597,1,interior
0.39462686873397584,0.3512430407288832,1,interior
0.4073178542478071,0.34097399236551357,1,interior
0.39814112143864716,0.3430208311315197,1,interior
0.26709889539540527,0.5524177523304917,1,interior
0.3259263364590311,0.4017143364621706,1,interior
0.3344893167235015,0.39711487222892755,1,interior
0.3394918428782313,0.4032581619194481,1,interior
0.19170610486107495,0.6308273346870048,1,interior
0.769388889783601,0.43732028660886674,1,interior
0.7758027705294163,0.43160221480794,1,interior
0.22143252770934072,0.5008122284905291,1,interior
0.22465542280895354,0.4930357621484003,1,interior
0.7093485963325671,0.47108724784869527,1,interior
0.2652728642269266,0.4408557170946118,1,interior
0.49853037010617385,0.3511970087438491,1,interior
0.5085392933965401,0.3448326809716765,1,interior
0.49817620443988836,0.36203212410880825,1,interior
0.3484238621497187,0.41279791009736577,1,interior
0.5512672570033242,0.3515912551928209,1,interior
0.5587644255880942,0.3525760316169659,1,interior
0.6402914767197193,0.35652057678519133,1,interior
0.6613927327792449,0.3568921942032296,1,interior
0.7789460451930817,0.41375641794549795,1,interior
0.7853354223520396,0.4196795721570668,1,interior
0.7753209345543098,0.42257184657773467,1,interior
0.38915932280837423,0.3596823839824043,1,interior
0.9021435059797548,0.3880078537675395,1,interior
0.8921813034564726,0.3879453616542983,1,interior
0.6490358058341376,0.3166964779138423,1,interior
0.651020813672455,0.3308859428750383,1,interior
0.4332803164859957,0.3619875146313724,1,interior
0.4492687186237435,0.34164229406867735,1,interior
0.46490853196222925,0.3461149366959428,1,interior
0.7780053359546972,0.370061050614388,1,interior
0.7755958800012039,0.361460667877565,1,interior
0.7593924145404142,0.3677840983419342,1,interior
0.7686790122621653,0.36465525403049154,1,interior
0.7757518980209399,0.3791465140612728,1,interior
0.4330422636428019,0.3547234126981779,1,interior
0.8184962139185563,0.4161715830532069,1,interior
0.8331895638668179,0.4195356166313098,1,interior
0.6483128286812478,0.3087629699204582,1,interior
0.42356315141943696,0.350280177802298,1,interior
0.44107243797901957,0.34456061768982443,1,interior
0.962384682176144,0.43569914355793826,1,interior
0.958524943187328,0.42955505305308417,1,interior
0.24828043226411256,0.4624092373882902,1,interior
0.23629810701873546,0.4712070796549623,1,interior
0.5474404680953716,0.346328731001473,1,interior
0.3619190700508307,0.4032065606429813,1,interior
0.3539727255443589,0.4058657309097473,1,interior
0.38588547311612126,0.35072616907818954,1,interior
0.3824634506665604,0.37293960292757544,1,interior
0.3799921396598887,0.36517432946510386,1,interior
0.5772228012451719,0.3233954490016708,1,interior
0.5675764309481767,0.3356920507792049,1,interior
0.5822392129379538,0.32852207362250013,1,interior
0.36883196698281706,0.3808379301353463,1,interior
0.36610937172710306,0.3894659656161193,1,interior
0.3746710970111217,0.3744855518454921,1,interior
0.41585617709810596,0.32912588412658933,1,interior
0.41761811985044944,0.34250986142446854,1,interior
0.399092430442554,0.33343503309367667,1,interior
0.4063946832715374,0.32952064313445906,1,interior
0.4132508700753192,0.33572429858064834,1,interior
0.7083635064784595,0.3190209766088172,1,interior
0.7094833497679741,0.3269569414588426,1,interior
0.8725299581253005,0.3634480581794357,1,interior
0.941013888511268,0.41282028193166953,1,interior
0.8259667702315742,0.37951976240670493,1,interior
0.8185504580401352,0.38174967445235564,1,interior
0.8356288514199595,0.3882199023806131,1,interior
0.8161344574186243,0.3899642692306282,1,interior
0.4542302061407516,0.33493741544810246,1,interior
0.44061713773604555,0.33597490080421627,1,interior
0.8435056723783927,0.38439440640809386,1,interior
0.8503529142718419,0.3901561801679111,1,interior
0.5850632984191142,0.3830492073728207,1,interior
0.8459971060133419,0.4718353233754879,1,interior
0.7572579328234917,0.4308807644530262,1,interior
0.7669294114752808,0.4217353901223115,1,interior
0.9096065628295961,0.38528287067377115,1,interior
0.9048313420785065,0.37743396633504317,1,interior
0.9118960781736559,0.39381029917237476,1,interior
0.9434565722775268,0.4010333811128918,1,interior
0.9305919546517272,0.4126352948777281,1,interior
0.9517252929782338,0.41322444099432715,1,interior
0.9471891352168964,0.40769650451678713,1,interior
0.9344381258020809,0.4038522021941679,1,interior
0.3815381146327209,0.3569061586131169,1,interior
0.5240781603354951,0.3463813950200761,1,interior
0.5372578750853491,0.3386580309150688,1,interior
0.7054093154656587,0.34272096960814447,1,interior
0.7072568448346406,0.33587071125692874,1,interior
0.9169230568421562,0.40768993925336205,1,interior
0.5618830615001473,0.3618362471523337,1,interior
0.6347164649858961,0.3266004543423544,1,interior
0.6444482428841326,0.3254648496580429,1,interior
0.8140665985592932,0.40819055667070353,1,interior
0.8222404567447178,0.40995779930313586,1,interior
0.6289416306902714,0.3628985248534882,1,interior
0.377316590842851,0.3497292216469694,1,interior
0.37436341108528143,0.35756083509629905,1,interior
0.38844051919147055,0.36874446356257984,1,interior
0.9576810519897618,0.4200793151258429,1,interior
0.43265034572887656,0.34726889008119316,1,interior
0.42652348455937594,0.34132224917686377,1,interior
0.7877907881956232,0.4025627207231877,1,interior
0.7807677354103496,0.40560821375957873,1,interior
0.7824666465470245,0.3961538006855843,1,interior
0.9142092785732703,0.37926575535805124,1,interior
0.9112405948096668,0.3710017220764867,1,interior
0.9168799558802814,0.3869213714298983,1,interior
0.23487671366436297,0.4629987078549311,1,interior
0.2274602593391016,0.4643630507687501,1,interior
0.24047912066093252,0.45689118476824325,1,interior
0.22781109554889337,0.4843755998732616,1,interior
0.22758348290732955,0.47426883691683613,1,interior
0.21985651978579426,0.47815928103038613,1,interior
0.21059080730529423,0.5341248460747384,1,interior
0.43429131207810767,0.3401400994294293,1,interior
0.20942772226638925,0.49316455495859657,1,interior
0.2124904662761574,0.5013589003842827,1,interior
0.21732887740579637,0.5073391610695949,1,interior
0.6671101919096376,0.2897838072205604,1,interior
0.6578337875867076,0.29305374768016806,1,interior
0.6754622585504614,0.28616131114964183,1,interior
0.6022825818012915,0.3223569598395454,1,interior
0.6095795751080767,0.32747266661049496,1,interior
0.24644758036827338,0.4846425651511808,1,interior
0.34655287252807854,0.39598269373829326,1,interior
0.3383810710103754,0.3868678340705167,1,interior
0.3307615560833995,0.389966898640885,1,interior
0.8341508095693835,0.37997156301355445,1,interior
0.8901934315604699,0.3733085087850612,1,interior
0.8960319061658194,0.3799742153491376,1,interior
0.22018046824789467,0.5910577255208745,1,interior
0.547305976467454,0.33842225780910246,1,interior
0.7822731729788271,0.36242361469873385,1,interior
0.7699599376149053,0.35569186073325937,1,interior
0.7615224876586805,0.3581970061075244,1,interior
0.4680804896855955,0.3785100792233763,1,interior
0.21944689258233643,0.5145825591232127,1,interior
0.9656346816197425,0.4149230975988351,1,interior
0.9662083350502778,0.4260254052632479,1,interior
0.9604377845807296,0.40863668880903564,1,interior
0.34339123517188047,0.37679352493627183,1,interior
0.35541872351827974,0.3885018364681445,1,interior
0.33429287535183516,0.3780318166798432,1,interior
0.3289227989415873,0.3823501997041226,1,interior
0.3473053359356194,0.3855088724274249,1,interior
0.6530663461881794,0.3236621679561675,1,interior
0.640177271952169,0.3196741507104231,1,interior
0.6396205764714623,0.3118149641932431,1,interior
0.4729681164378274,0.34288861230583645,1,interior
0.4677364445891585,0.33741836157081734,1,interior
0.4727816975744305,0.3502234920770168,1,interior
0.45882681275015297,0.3406776285871242,1,interior
0.46189961992787426,0.3322133941715288,1,interior
0.8413438700782795,0.3759279389374298,1,interior
0.30643423399797626,0.407343865869545,1,interior
0.31535450770782736,0.4007903387682759,1,interior
0.6851619271895798,0.3133839496700972,1,interior
0.43121888238443506,0.3327182733482069,1,interior
0.43970458463792905,0.32648974205918746,1,interior
0.44816146236337306,0.3242222997274651,1,interior
0.5672393075474699,0.3530408793586466,1,interior
0.7619253093778225,0.41634079248680606,1,interior
0.5632033126398259,0.34430721873862685,1,interior
0.3543580876246697,0.37859385770114534,1,interior
0.7721355367833682,0.34789724109833803,1,interior
0.7796751126172861,0.35315534932213843,1,interior
0.7536164089204486,0.3521745239221112,1,interior
0.7635175450998698,0.34842832942802565,1,interior
0.305517161152903,0.49873253237124215,1,interior
0.29972644660564807,0.5021224615544161,1,interior
0.9171461699483653,0.4228792302740605,1,interior
0.33511303081308524,0.37058404327876177,1,interior
0.3441468110362514,0.3661545431270553,1,interior
0.35049567322575387,0.37105434407944493,1,interior
0.6186897136714574,0.3257525633310393,1,interior
0.6267481765512981,0.32898569664714616,1,interior
0.5545861913413852,0.34444240077698934,1,interior
0.5508365616617731,0.33007231815187504,1,interior
0.5419548407206801,0.3312211614670772,1,interior
0.5574186479820994,0.33636639662793394,1,interior
0.5007851521806712,0.3415825036609803,1,interior
0.48903766478433364,0.3499632676368013,1,interior
0.5536408331092117,0.39461642449521334,1,interior
0.8141787698437829,0.4230894206904821,1,interior
0.8081702517264484,0.41537553920021153,1,interior
0.44739403145411827,0.33203164259421086,1,interior
0.4623659244638984,0.32427382147833084,1,interior
0.5600524430069952,0.3269957636376053,1,interior
0.568804865375181,0.3262896232689118,1,interior
0.926175990521409,0.4218987292542435,1,interior
0.9250763650038288,0.40590696971449,1,interior
0.1934161655773568,0.6145252334815925,1,interior
0.18977209087640193,0.6229796706019433,1,interior
0.588337757363997,0.32605756217975806,1,interior
0.39507442833149115,0.36565870792361943,1,interior
0.4739731771760726,0.36573286596078625,1,interior
0.2175678843663072,0.48712981608728156,1,interior
0.20828662359136527,0.486007811407016,1,interior
0.20369928719955105,0.500290917254249,1,interior
0.21718236472547775,0.4949839447973458,1,interior
0.1997784162436769,0.48904482951797845,1,interior
0.4216969157961677,0.3348081120553353,1,interior
0.256735311445486,0.45843948691574893,1,interior
0.7176770986841716,0.3279281629210166,1,interior
0.7225726688184679,0.3350399162856029,1,interior
0.5920148049780612,0.42086406709290375,1,interior
0.19686362608021174,0.6960657760346403,1,interior
0.19140078003948552,0.6963130200475038,1,interior
0.4976127378495156,0.3717998722337126,1,interior
0.3888404191480228,0.3428750273245209,1,interior
0.39134808029965223,0.33647382471378834,1,interior
0.28456807025102165,0.42051158659605736,1,interior
0.2909859237672697,0.41278113578041903,1,interior
0.29932834771841055,0.4128764833442632,1,interior
0.7490161921449844,0.3670473789700257,1,interior
0.7882575433224194,0.38802109602805057,1,interior
0.790689590470271,0.39585705467281396,1,interior
0.7799281780212963,0.3868638736674863,1,interior
0.7522353766010799,0.3745103380544083,1,interior
0.1954128939497504,0.503273109704156,1,interior
0.19368534608075594,0.4934814011985803,1,interior
0.2095105911401498,0.5102227465917173,1,interior
0.20057629782776706,0.5091381336408574,1,interior
0.36290360556942325,0.36447662516147855,1,interior
0.37102498909129816,0.36596649359518346,1,interior
0.3646898322301903,0.3737840971166568,1,interior
0.6840394264959525,0.3222158216519126,1,interior
0.1963041453076511,0.4802301089854309,1,interior
0.18572290303906594,0.6292805978726103,1,interior
0.8298470448526755,0.4074475575838283,1,interior
0.7878861723138506,0.367773896592686,1,interior
0.7879998707198356,0.3507951952433621,1,interior
0.788703512372256,0.3584079731473171,1,interior
0.643051024919384,0.3036887589346006,1,interior
0.6509488106816941,0.30027656670684094,1,interior
0.7066956232107668,0.3566474855635802,1,interior
0.6980171180392728,0.36440181517056097,1,interior
0.7888419885493553,0.4105240154131154,1,interior
0.2196037384692698,0.46899308886854335,1,interior
0.22524935212029956,0.4549868275120918,1,interior
0.23176418731910622,0.45564346558284957,1,interior
0.35721269068467804,0.8669677299524252,1,interior
0.5935963051147436,0.3199355835953555,1,interior
0.6055416813361214,0.3140844230960081,1,interior
0.6115830614636576,0.31882249577795263,1,interior
0.5989879058055159,0.3146027943922526,1,interior
0.798789762924157,0.41140470620183917,1,interior
0.6288691016924064,0.31087357478201877,1,interior
0.20354449584491172,0.47851804173313806,1,interior
0.19805707401058212,0.6246122669500475,1,interior
0.24490989768245586,0.5602278264599855,1,interior
0.20691734277263918,0.6221361412177234,1,interior
0.42415210254116037,0.3267469760803915,1,interior
0.43113220499189414,0.32406362759553414,1,interior
0.4187863763838278,0.32219669804158657,1,interior
0.4252741072887395,0.31639319035119173,1,interior
0.8515100906160696,0.4307689747567997,1,interior
0.8482236564996766,0.42118824114745906,1,interior
0.9781508163175655,0.4588655425402783,1,interior
0.9732306733477936,0.46129546972275154,1,interior
0.20384620449321353,0.5301280653533043,1,interior
0.1990577461821353,0.5233026174427443,1,interior
0.20403664358414628,0.5173185623073583,1,interior
0.19482524537058152,0.47288000795770174,1,interior
0.19200322289595698,0.4652535204320032,1,interior
0.6332574335233365,0.31779087009191853,1,interior
0.21147604177919832,0.47311272065254023,1,interior
0.21147893024750805,0.46445569435851525,1,interior
0.21906797382353627,0.45959708398233573,1,interior
0.21229776578117887,0.4805167162575089,1,interior
0.6877574354364149,0.2970542929863145,1,interior
0.6863908956507907,0.3047185512672312,1,interior
0.9707890095476268,0.43571005017535647,1,interior
0.9714178215394543,0.4461763826861149,1,interior
0.958783249903918,0.4441601916270504,1,interior
0.7538949908117978,0.3608857330286439,1,interior
0.9660249822538421,0.442141630514707,1,interior
0.4772462760202634,0.3357861207654041,1,interior
0.47152270738288454,0.3283098125613893,1,interior
0.785461745219868,0.3780018141366286,1,interior
0.7941245476668387,0.3717910210283273,1,interior
0.802281090984316,0.37471896134641947,1,interior
0.8054177206630442,0.405747437260973,1,interior
0.2482564676462043,0.4550418505255925,1,interior
0.23604857070049876,0.4489393503546376,1,interior
0.24338134679441017,0.4480278599614225,1,interior
0.9773669935100232,0.44179818621492073,1,interior
0.5326593971597714,0.3310428450857901,1,interior
0.6827591987783845,0.28343256453388455,1,interior
0.6679290872391549,0.28102937301000697,1,interior
0.6842627832456575,0.2908497590476727,1,interior
0.7961607143794781,0.40234440504327124,1,interior
0.9213749526128471,0.4143061091120235,1,interior
0.927450975431691,0.39831378163854214,1,interior
0.918635092907358,0.39959309107926205,1,interior
0.2734622306962273,0.4137625508043242,1,interior
0.27568822277953253,0.43137890111408145,1,interior
0.27478330653534366,0.42341152226160866,1,interior
0.8634263296393506,0.36398174151773005,1,interior
0.8488521609982724,0.360791986133907,1,interior
0.8468059837550223,0.3692349397219263,1,interior
0.2670670478785632,0.42994470528368617,1,interior
0.26455048514256463,0.41979334736958185,1,interior
0.97711655571851,0.43375578383935826,1,interior
0.5138944066051206,0.33606474812916387,1,interior
0.506211482369072,0.33335011459356634,1,interior
0.5184944033287544,0.3412221655505074,1,interior
0.9233993538898455,0.3914151028376311,1,interior
0.9347730353969083,0.3934095340369826,1,interior
0.7207552583067127,0.3520608859709352,1,interior
0.715000738277414,0.34332158069918206,1,interior
0.71474377997716,0.35466559748859505,1,interior
0.7085891568753755,0.349202576817795,1,interior
0.45484783802336787,0.3273475565837554,1,interior
0.7460748025283959,0.3585144528809519,1,interior
0.3170044680407755,0.39059471573299837,1,interior
0.30407909015816986,0.39941921119096624,1,interior
0.3244859770565503,0.3951129402669625,1,interior
0.7143357588240328,0.3340667406984423,1,interior
0.7251090232684932,0.34487567418772463,1,interior
0.311669128531916,0.38354659506623917,1,interior
0.3199847053242432,0.3815127578618791,1,interior
0.30858567518122226,0.3925560839573831,1,interior
0.3239780759120372,0.3877645538846103,1,interior
0.7974412488344248,0.3910820296767902,1,interior
0.7947212687403713,0.3812061198732391,1,interior
0.3277283630163676,0.36384613457608056,1,interior
0.33603861616440844,0.3635098208623275,1,interior
0.325192493810117,0.3731971462798954,1,interior
0.33242842551616164,0.35728222386005487,1,interior
0.1955836148875166,0.515368509390206,1,interior
0.482045314343363,0.32752082798631893,1,interior
0.4621317923268274,0.31698209759569346,1,interior
0.4786057977210387,0.31965063675714084,1,interior
0.48184151557227006,0.34435479431910354,1,interior
0.7894772433597815,0.4512885065117446,1,interior
0.7502417183594644,0.34245336600280224,1,interior
0.2875515583245386,0.4036469116230549,1,interior
0.2824156296142589,0.41138048808355016,1,interior
0.2971676535637527,0.4057680188058707,1,interior
0.5280223275900794,0.3390391388557444,1,interior
0.9176807041476716,0.3657015092746239,1,interior
0.9030896212758774,0.3669964784220146,1,interior
0.9201625317845425,0.3739365252239686,1,interior
0.9103003951495134,0.36176238813270384,1,interior
0.9258815013074376,0.36823413707211605,1,interior
0.4117140455087866,0.32335170200333696,1,interior
0.2982577593213283,0.3915789145117645,1,interior
0.6932169409599737,0.3098453699590003,1,interior
0.27709198004281627,0.4045098319159537,1,interior
0.18772795629886474,0.5812466350504505,1,interior
0.3677152202135475,0.3583230214349985,1,interior
0.36103409236359685,0.3554307704223623,1,interior
0.8823265685748725,0.362541875977109,1,interior
0.87780641048168,0.3566238566577758,1,interior
0.8850368881837898,0.3687234864344092,1,interior
0.977067288389136,0.4512810136367545,1,interior
0.24712907947331075,0.4403965489440885,1,interior
0.23729163336006298,0.4395305194055249,1,interior
0.2522276297999831,0.4488793504231707,1,interior
0.44495582680410695,0.31787122460250644,1,interior
0.20135889509062807,0.6908932416224752,1,interior
0.9299409274609263,0.3855278819923881,1,interior
0.723965205315697,0.324844001012832,1,interior
0.7316286642589208,0.3385391381518749,1,interior
0.7298909790173027,0.3302205191180225,1,interior
0.8361230561065097,0.36955852548385026,1,interior
0.8411238884372118,0.3634013431804046,1,interior
0.7957200171452145,0.3514808091967516,1,interior
0.7920187414842047,0.3431276992743794,1,interior
0.7840721258653138,0.34487443960321185,1,interior
0.7967066185744487,0.36116474962497536,1,interior
0.7282478017842479,0.3545408554709826,1,interior
0.734238763658527,0.34768019849594695,1,interior
0.3686070304191063,0.349648968592864,1,interior
0.5045407521181337,0.37515632487667677,1,interior
0.5646060604227514,0.3184154595850429,1,interior
0.5771694510445485,0.31629268443345393,1,interior
0.5747722553979082,0.3308165475421684,1,interior
0.2561839537477992,0.4414455412976888,1,interior
0.25208660871811867,0.4331878669119122,1,interior
0.46367343308696174,0.37236605098669523,1,interior
0.7372923177599237,0.3564511803093275,1,interior
0.7314333298978571,0.36304415552661423,1,interior
0.5395361346674103,0.37677729683679295,1,interior
0.20448158668597757,0.45913309474019126,1,interior
0.8062211254383204,0.35973212349028844,1,interior
0.8013442036771943,0.36696923838809703,1,interior
0.8039353762533791,0.3519743096057726,1,interior
0.6475362537467234,0.2912841100328595,1,interior
0.6390777152700869,0.29572666057934144,1,interior
0.7161867295091158,0.32068353722190635,1,interior
0.7224529059759167,0.3157129265133402,1,interior
0.21291267921206436,0.4457885813118227,1,interior
0.21214196602210886,0.45506816227475433,1,interior
0.9751975852953114,0.4265610684318181,1,interior
0.3542475689679866,0.3625466771334963,1,interior
0.36158404064557537,0.382185613906982,1,interior
0.4915031572667665,0.32678589605963,1,interior
0.5008076285769337,0.3259859714197309,1,interior
0.5100730346818781,0.3225609103282362,1,interior
0.4963835716487069,0.33428396088226403,1,interior
0.41476654410130226,0.3163391137112683,1,interior
0.6017738440943232,0.33031275232437163,1,interior
0.3049442293750423,0.37729447393240706,1,interior
0.3149137241987519,0.37415189889355815,1,interior
0.30436967486784416,0.3860153864527987,1,interior
0.9323468118180844,0.3611585298776943,1,interior
0.9241296833994896,0.36098307406278285,1,interior
0.9179900166595466,0.35684840523594713,1,interior
0.9298386734051053,0.3767112999973517,1,interior
0.44111980546772267,0.3118737948250773,1,interior
0.20230320416265166,0.4684509824781809,1,interior
0.8956533908159869,0.3542103014740173,1,interior
0.8782889078185782,0.34891330719020425,1,interior
0.8929895498942995,0.36340894329059753,1,interior
0.8870135429226417,0.35422569847573515,1,interior
0.9610639082457172,0.39665030455572187,1,interior
0.9535945889474723,0.4037897614572911,1,interior
0.9719175771565652,0.412346665198789,1,interior
0.8017710702209218,0.43836369123889707,1,interior
0.9516667850991978,0.39619418634421544,1,interior
0.8580047029797544,0.35650952074520664,1,interior
0.849675665419667,0.35403918669974943,1,interior
0.8133645290162699,0.35341550152598983,1,interior
0.8091257354754351,0.36770481491572277,1,interior
0.8145849551146463,0.3605078575652775,1,interior
0.5848885568068337,0.3173758851425276,1,interior
0.3815346514523331,0.3431259223947273,1,interior
0.36614009474691517,0.3410390709518089,1,interior
0.3597624158000114,0.3460808754264379,1,interior
0.48683468352856857,0.3354039970678309,1,interior
0.4696901931080428,0.31974215997692473,1,interior
0.3578088843664506,0.37052307324867595,1,interior
0.6016671253143195,0.30608458182791404,1,interior
0.6120525912999513,0.30885680170805047,1,interior
0.4333747820196203,0.3082978855144839,1,interior
0.41769244234246683,0.30906215132001963,1,interior
0.4356537865818095,0.317688810909217,1,interior
0.42531000432635135,0.30717818428034765,1,interior
0.18238098069591968,0.5737936968526445,1,boundary
0.31871956772980525,0.3633648622540688,1,interior
0.28891394816602234,0.3940116174720403,1,interior
0.2952075622667617,0.3988329948599437,1,interior
0.2897108620637675,0.3851012096859327,1,interior
0.28099364443510605,0.3898031128343466,1,interior
0.2813226913441673,0.39754172746718125,1,interior
0.2980710850641339,0.3836125378671895,1,interior
0.39079875750104554,0.3291256666097325,1,interior
0.4056507485944669,0.3191689073959234,1,interior
0.7364758775808186,0.40638103018848565,1,interior
0.4372532444417283,0.29812772537025506,1,interior
0.812476202260293,0.39870228055951457,1,interior
0.48715491906128056,0.31870353533746454,1,interior
0.48377560831823085,0.30833232247438597,1,interior
0.47497966632224653,0.31318115879107067,1,interior
0.6593273398029779,0.276386444284486,1,interior
0.6683224239815173,0.2720795374569203,1,interior
0.6764681413384206,0.27688277972118075,1,interior
0.6600939784643499,0.28481491484667126,1,interior
0.22843380703026733,0.4460428860598852,1,interior
0.7437931031435059,0.34977761012028,1,interior
0.1971263548287261,0.46080683364272873,1,interior
0.1893490114458492,0.4551587906861911,1,interior
0.2671871644937029,0.40436309175479646,1,interior
0.27256762277631785,0.3957653738196824,1,interior
0.941236628366652,0.35777058329040806,1,interior
0.9333031536421867,0.36934999250451933,1,interior
0.9351011398969756,0.35303577490407234,1,interior
0.9539132246304379,0.3882407877693322,1,interior
0.4776853709256268,0.30003346484115767,1,interior
0.49258942683603124,0.3114895078651871,1,interior
0.4898663562666646,0.29987886940472414,1,interior
0.7316249121268339,0.3215410661903266,1,interior
0.7367575785127141,0.3137860213381682,1,interior
0.7380347157042779,0.33098147195352023,1,interior
0.22909290018710574,0.43660751419931065,1,interior
0.22044397217652714,0.43953779361362405,1,interior
0.23362548784101275,0.4284186705193985,1,interior
0.2241290355978007,0.4301836274029002,1,interior
0.6212727562401128,0.3069213547952726,1,interior
0.6196529331782531,0.3152863294305569,1,interior
0.6352999365582545,0.304333530514031,1,interior
0.26654615158206235,0.38996162507012333,1,interior
0.27346652379749503,0.3861640278607554,1,interior
0.20520924828752674,0.45018769489731136,1,interior
0.5228349778297025,0.3313367876209567,1,interior
0.5200154478773118,0.32252253296053685,1,interior
0.5096675051890402,0.31252998485042566,1,interior
0.5036020597892028,0.31788591250224335,1,interior
0.516274391853892,0.3150426609770718,1,interior
0.19322409422160025,0.509335668660811,1,interior
0.7464390965136268,0.31544456541392335,1,interior
0.7282718619096589,0.31220065911396516,1,interior
0.2954274141911395,0.3773337172679148,1,interior
0.30268466058878724,0.44495793239341525,1,interior
0.6506069494210976,0.2749297415419124,1,interior
0.954618201338716,0.4805289125901034,1,interior
0.949169028287035,0.4849091671543981,1,interior
0.7413516791480729,0.3062153898503025,1,interior
0.7315076238759334,0.30527209308783293,1,interior
0.708591211575607,0.3058072330026849,1,interior
0.7130082217624132,0.31260390160206164,1,interior
0.7000962984181257,0.3060792132265334,1,interior
0.9186462130393909,0.3479225012250073,1,interior
0.9268857591057386,0.3527924054882402,1,interior
0.5376036457072081,0.32448253972550817,1,interior
0.9336525178433446,0.3444606194582704,1,interior
0.8034125480776396,0.38273996311684155,1,interior
0.4395682860471656,0.35163850197918545,1,interior
0.24928173243504423,0.42463872636703304,1,interior
0.26008027265623557,0.43448308628959786,1,interior
0.24303083242786386,0.43134495125178923,1,interior
0.496172553825865,0.3183972515133809,1,interior
0.9025300965978426,0.35807050459664297,1,interior
0.8976099117657664,0.3717925776184509,1,interior
0.8417033891513567,0.3558879490802423,1,interior
0.8349085584373769,0.34993418374854396,1,interior
0.8335102086723646,0.35978359852959146,1,interior
0.826882334115916,0.3657851141554118,1,interior
0.3459614327659294,0.40564357556810204,1,interior
0.6393275002759358,0.28472630573611946,1,interior
0.629286401235234,0.2896190341231956,1,interior
0.4642737625741406,0.3033827589534662,1,interior
0.47001810353398193,0.29608718573119874,1,interior
0.4792810049910795,0.2906006954445873,1,interior
0.8112901388893917,0.3452125395190573,1,interior
0.8194730777885708,0.34834504510365644,1,interior
0.8239272776597591,0.35622076006299797,1,interior
0.6508021755005896,0.2833167416927544,1,interior
0.6447824281033184,0.2686983455099339,1,interior
0.6474370590123248,0.2633298561395185,1,interior
0.6423759363481821,0.276201909532895,1,interior
0.6539286550505051,0.2677625748580664,1,interior
0.7472267504560846,0.3264336420880172,1,interior
0.7520779461862442,0.3059818234002356,1,interior
0.7568747957208579,0.31531611748653016,1,interior
0.7401328490473493,0.3220830086359726,1,interior
0.9693359381599453,0.4042382926880343,1,interior
0.25510400583955817,0.4050770383932687,1,interior
0.2569497563513675,0.41361768021607315,1,interior
0.26206411477466246,0.39692074538921024,1,interior
0.501398063262987,0.30940640574709943,1,interior
0.8180201773692991,0.36648677298082316,1,interior
0.8116758491196342,0.3756214517230449,1,interior
0.9422633497801162,0.3494769092422542,1,interior
0.9419769868280338,0.3408466923040025,1,interior
0.9252599193533154,0.34422897003431185,1,interior
0.8690037013859506,0.3544434129790188,1,interior
0.8544358265726114,0.3479108205823209,1,interior
0.862853276589495,0.3485315184049593,1,interior
0.5089121125974876,0.30413540742969725,1,interior
0.5034345140246028,0.2993521333595806,1,interior
0.46698527717691735,0.3115250616677285,1,interior
0.47300638377521054,0.3055515231183538,1,interior
0.6399662794106357,0.25996996869117683,1,interior
0.6359969959958055,0.2674584525674191,1,interior
0.49221799324318233,0.3427506785709921,1,interior
0.9376295616178806,0.38368276683491215,1,interior
0.9394108926450948,0.3749440971783187,1,interior
0.24067423214586678,0.4215869602800466,1,interior
0.25532678340315884,0.41992427838197377,1,interior
0.24819083654232624,0.414755481973088,1,interior
0.927516648273232,0.33711671704687857,1,interior
0.9342269030668734,0.33401684230655043,1,interior
0.44156273229135373,0.30494156913738746,1,interior
0.4316591220861806,0.2896008818534832,1,interior
0.4422166456913407,0.28898160792915745,1,interior
0.42886509828901276,0.2993312061230928,1,interior
0.44655963965678547,0.29853512102267804,1,interior
0.44934561197236195,0.3088367853260156,1,interior
0.4551712809977131,0.3012677042853977,1,interior
0.4491609612093351,0.2836405950130828,1,interior
0.4529150370233913,0.2916009510542521,1,interior
0.8069223916833677,0.39075401762266515,1,interior
0.34791724439590566,0.3580441362273653,1,interior
0.2529607761692459,0.3946433088394004,1,interior
0.2636748033976534,0.41085169756180323,1,interior
0.24481948170292195,0.4071922086558642,1,interior
0.24560533298464512,0.40004874204109164,1,interior
0.6851536095581635,0.27725111495318744,1,interior
0.6825189803879246,0.2695621410663143,1,interior
0.6746868380656214,0.2676216770056379,1,interior
0.5208342090113277,0.3099301177076279,1,interior
0.5245874187153716,0.31503897768173544,1,interior
0.5166568590784729,0.3051643951207778,1,interior
0.28717449967348596,0.3762770669807341,1,interior
0.29218203974977675,0.3707428460791517,1,interior
0.30018943083187843,0.3697468294408233,1,interior
0.28083912512991055,0.38167275264260336,1,interior
0.7776720120931238,0.34217263066494236,1,interior
0.6277279255870852,0.2999154127450194,1,interior
0.616987113309304,0.30062294429254094,1,interior
0.6202314154155428,0.2935406570349348,1,interior
0.8582353986397055,0.4459085459160699,1,interior
0.3090369107941359,0.36772585070359526,1,interior
0.2451036384940904,0.3919878585795359,1,interior
0.23827431585555492,0.39542832321446675,1,interior
0.2360496359554714,0.40292587580511396,1,interior
0.7680517715166472,0.39578453178129874,1,interior
0.3451219687640766,0.34999947020119837,1,interior
0.35116390577624906,0.34207825031577854,1,interior
0.35986300821551925,0.33645310799689643,1,interior
0.4542844204028503,0.31817149272624773,1,interior
0.32649293029131304,0.4332035365745357,1,interior
0.8032647723006253,0.39769403522864155,1,interior
0.9774128544342456,0.41695665743384047,1,interior
0.30259936220666805,0.3609430360865316,1,interior
0.2937281204253053,0.36392775365214103,1,interior
0.9352643596727771,0.323760070857135,1,interior
0.9415746737292624,0.33100278013300116,1,interior
0.9253670657588177,0.32766119809332717,1,interior
0.5926085005992526,0.3105712695424318,1,interior
0.6081858364213949,0.30105689003274044,1,interior
0.5940138341955783,0.30131413040709604,1,interior
0.6014117100668426,0.29495148930063136,1,interior
0.46097314881945434,0.29611322398526757,1,interior
0.45841891383147537,0.30976308546790493,1,interior
0.46275158122065424,0.2893415742385635,1,interior
0.7953312938140047,0.33471800347977326,1,interior
0.7851321481490413,0.33562864753473715,1,interior
0.8019005078654615,0.3420039730761691,1,interior
0.3971362367225874,0.32282152546759796,1,interior
0.9227052990427898,0.3820550422744465,1,interior
0.8863091433234557,0.34610690302684566,1,interior
0.8815150064159966,0.3396785340199685,1,interior
0.8708290422319568,0.34328649311007864,1,interior
0.91068091523584,0.3527262467162429,1,interior
0.9186612311560077,0.3372259869627175,1,interior
0.9109880477324839,0.34379858697748467,1,interior
0.7118613233460991,0.2975620385860542,1,interior
0.7200021913725503,0.30504325753983036,1,interior
0.23172084532724388,0.41808642912283206,1,interior
0.5929372957860134,0.29237332871829275,1,interior
0.5978843353795139,0.28510415428169295,1,interior
0.6056250847342497,0.28551319117817886,1,interior
0.7759456920017528,0.3324719658889291,1,interior
0.7691117072774852,0.33966585684257256,1,interior
0.5449880516568562,0.323301736211186,1,interior
0.5360162152807009,0.3065059460337944,1,interior
0.5266709833416454,0.3054539761618358,1,interior
0.5387518366514252,0.31625308157751786,1,interior
0.5314222124170598,0.31306822102166454,1,interior
0.529771976601327,0.3221144183652492,1,interior
0.42007808584588197,0.30052871665181724,1,interior
0.4088553101777784,0.31078742515626784,1,interior
0.4043230640729295,0.3048031999843236,1,interior
0.3404163334371367,0.35738416929433514,1,interior
0.33565178649437183,0.35009507444341853,1,interior
0.3255863245911273,0.3531667909034656,1,interior
0.49483165338748414,0.30386683391185526,1,interior
0.3580027386669371,0.39653502858793116,1,interior
0.4364771627704709,0.2813289494275338,1,interior
0.35355850429227004,0.3522731532413876,1,interior
0.6955437496082714,0.29194882785147425,1,interior
0.24936156387914243,0.3844438200564051,1,interior
0.23827624117049268,0.3869264823173695,1,interior
0.34082914683460735,0.34237678291598167,1,interior
0.38180848916886956,0.33369814738814835,1,interior
0.47657697429687346,0.28022783622126296,1,interior
0.4866894505976698,0.2826972554930053,1,interior
0.4887863659021438,0.29143868063500633,1,interior
0.4838268091630156,0.2982542655041787,1,interior
0.47120645858210386,0.28763012634791074,1,interior
0.946464246923946,0.3814348306500925,1,interior
0.9482486583488346,0.3714833267603284,1,interior
0.9402276370376631,0.36617432821793067,1,interior
0.6279701863908571,0.259426405580426,1,interior
0.6321182255843516,0.2549996278872989,1,interior
0.6509654987385213,0.2580349304228946,1,interior
0.6450419491488951,0.2510304257380504,1,interior
0.5875471635521119,0.2973837929565591,1,interior
0.5851990915597092,0.30560856030117595,1,interior
0.8767431744646274,0.369785803137557,1,interior
0.7573929147204828,0.32523802874763985,1,interior
0.7455159770669151,0.33514268329479435,1,interior
0.7530484968472079,0.3334270684544276,1,interior
0.7596640102164751,0.33171824068332734,1,interior
0.6623444094058396,0.2683356201579806,1,interior
0.6590950179641955,0.26199887996508286,1,interior
0.5334893080012827,0.29679973498123097,1,interior
0.5232208410451705,0.29650877036973644,1,interior
0.5130166504663192,0.29575586025612355,1,interior
0.7360094769622298,0.2963974417037006,1,interior
0.7453393479367241,0.29903513070365684,1,interior
0.760256195030414,0.3387763758033445,1,interior
0.7569242179619293,0.3454046771913266,1,interior
0.7403525359760597,0.34112273582362723,1,interior
0.7969034688451376,0.32561617452678177,1,interior
0.7898418332049474,0.3286635316365504,1,interior
0.8044076454111494,0.33084341057744954,1,interior
0.9444659690778354,0.3908150377516139,1,interior
0.9548570109151577,0.379075583436791,1,interior
0.9622457813100949,0.38499677094361,1,interior
0.9626009537165058,0.3760973880916163,1,interior
0.48544867067298025,0.27274164820515695,1,interior
0.46618645783475593,0.2815511729254549,1,interior
0.4770280291718585,0.2720276413793633,1,interior
0.4683509938976271,0.2728989742866211,1,interior
0.4963866479044614,0.28571129605731244,1,interior
0.5045738360144106,0.29026694280584747,1,interior
0.5117345528894359,0.2867412251456148,1,interior
0.31074309566506064,0.3588003261406122,1,interior
0.43049566375105536,0.36938129755958005,1,interior
0.8604763312429499,0.3397175455174876,1,interior
0.7642939338034196,0.3144525909218876,1,interior
0.7650488297364416,0.3209780617382572,1,interior
0.7516908397790643,0.3206385100952729,1,interior
0.7631865676803308,0.30788803234175877,1,interior
0.49505995256539553,0.2769376765278597,1,interior
0.49665007749726137,0.29478961581758417,1,interior
0.9263571737986034,0.31628295195207295,1,interior
0.9143414226909398,0.3270205912764682,1,interior
0.919774835756787,0.3195487347967548,1,interior
0.5905856684117373,0.2854068553759133,1,interior
0.6008340451184085,0.27531776394594054,1,interior
0.5923214906068716,0.27807202168056405,1,interior
0.6528313026129001,0.2486002483922282,1,interior
0.646902667377922,0.24067150083155447,1,interior
0.639019619128682,0.24430230113563703,1,interior
0.6326200928556022,0.2479314675464046,1,interior
0.6337728163886814,0.27511686289216963,1,interior
0.6308840930997617,0.28132651034929274,1,interior
0.8195041152666939,0.34078513736016935,1,interior
0.8269679396435707,0.3456194553599323,1,interior
0.8336041946024416,0.3409372199430686,1,interior
0.8109634419355665,0.38393119544614673,1,interior
0.6595040232050587,0.25484176837847894,1,interior
0.7827411065968167,0.3246877700520027,1,interior
0.8211635538017497,0.37339879158560313,1,interior
0.21145168818899698,0.4367613236514822,1,interior
0.21968381619851443,0.4497790409984784,1,interior
0.2165407936203983,0.43129397992739893,1,interior
0.8890043574270877,0.3315873143252092,1,interior
0.8751233001344014,0.3354394545642957,1,interior
0.8753593562479067,0.3268640852004501,1,interior
0.8814293047864832,0.3315470439464648,1,interior
0.3739990254906409,0.3411849485469256,1,interior
0.6198479811124363,0.28554160895497066,1,interior
0.8411132362433852,0.34126884061786905,1,interior
0.8367344153035124,0.33251191865971225,1,interior
0.8271029428270982,0.3355347980967209,1,interior
0.8458471754955649,0.3338867839068804,1,interior
0.9044494988745887,0.3283163378038507,1,interior
0.9086846215231352,0.3352591351688945,1,interior
0.9072114617312513,0.32091693687573153,1,interior
0.9126079338230844,0.31733266807178395,1,interior
0.37627369949084805,0.32560319712042785,1,interior
0.3782103680019474,0.3181126188305393,1,interior
0.36882152697792275,0.3260948999617656,1,interior
0.5809152794130205,0.29737476136884183,1,interior
0.6240341129916404,0.281848055759768,1,interior
0.6251125998259918,0.2749423344004159,1,interior
0.9468514399879954,0.3626587073709529,1,interior
0.7790881249638684,0.31702389194931363,1,interior
0.9305287303320746,0.3089933599148788,1,interior
0.9163968489986588,0.3101889582187689,1,interior
0.923021967122939,0.30602590046065625,1,interior
0.9343829496053239,0.31563313351486605,1,interior
0.9281472120125127,0.3020574174843918,1,interior
0.5143617881358837,0.3287751744361983,1,interior
0.7663856477356744,0.33021755161651084,1,interior
0.8111435165116038,0.33687236706788865,1,interior
0.9030408190481279,0.3492116456708549,1,interior
0.3453269561710874,0.33512069043438675,1,interior
0.33675158262415594,0.3338954243504092,1,interior
0.5567995324156918,0.31704429535320766,1,interior
0.5525560363015181,0.32270481466291157,1,interior
0.6276142372375489,0.37800105168019726,1,interior
0.22973723386980413,0.39340174386477383,1,interior
0.7674781548853816,0.29970886941508923,1,interior
0.7714373366219867,0.31399219323916144,1,interior
0.7590520799751923,0.3004721225947825,1,interior
0.20622993843616028,0.44231590101696555,1,interior
0.20312189509690237,0.43491537277716047,1,interior
0.6682225201621904,0.26088269930618785,1,interior
0.411808598529747,0.30247623861022593,1,interior
0.41367404833925864,0.2941893101651943,1,interior
0.4225371730827183,0.2921976133260436,1,interior
0.2180058949075939,0.42347271647584045,1,interior
0.2261235947669821,0.42258908433163994,1,interior
0.8300580037844811,0.32754569645694825,1,interior
0.8364036923580286,0.32197731561671955,1,interior
0.8429555023518907,0.3263774561199722,1,interior
0.20906313204659552,0.42726292532187243,1,interior
0.21185536138085484,0.41774968462390527,1,interior
0.9501473525430594,0.3471142968868506,1,interior
0.9502457108355804,0.3545801598197998,1,interior
0.9533745512802799,0.36328115920409165,1,interior
0.23837332675165301,0.4124056401688949,1,interior
0.22756275454945088,0.4016764771343107,1,interior
0.2292734070196527,0.40956798223769636,1,interior
0.6106509809835398,0.2941211862267669,1,interior
0.6126976909076114,0.2824337095329697,1,interior
0.4049188578036922,0.2967844060551867,1,interior
0.3974261931856314,0.30165272575524255,1,interior
0.6887169020685789,0.26474028595321064,1,interior
0.6920656771656845,0.2831830264620144,1,interior
0.6915249569970143,0.2732581577322455,1,interior
0.2842724570015697,0.3675288362658013,1,interior
0.7698515968914265,0.4148726711162662,1,interior
0.8997943074582792,0.3205188614970956,1,interior
0.8945197329815162,0.31391501222695445,1,interior
0.8965322839970943,0.32798518800192655,1,interior
0.904707310398567,0.3114688310872342,1,interior
0.3964881138832797,0.2916072274593873,1,interior
0.28657135575146764,0.3598277988608724,1,interior
0.2760074108971547,0.3614305732675597,1,interior
0.27999781159333387,0.37416823490308404,1,interior
0.2744537403960539,0.36942005286046503,1,interior
0.666365489767686,0.25177253780531944,1,interior
0.6739938307491257,0.2511733812011225,1,interior
0.6788530952043411,0.2597369883358662,1,interior
0.22146713927467118,0.41487949293904897,1,interior
0.8946797265336695,0.34586308695650897,1,interior
0.8680184690655904,0.3332233961521868,1,interior
0.7360452300146254,0.28574795961670324,1,interior
0.7267835506824695,0.29808994828720353,1,interior
0.7437413915682742,0.2905827265356869,1,interior
0.7499738143493393,0.2856304418323882,1,interior
0.7432294319575242,0.2810447795132987,1,interior
0.9680376823231591,0.39686147494129714,1,interior
0.9760836368077624,0.40832419285495386,1,interior
0.6913465727222702,0.25794703407192154,1,interior
0.699398723604454,0.26800060233231177,1,interior
0.6854289993181623,0.25655976947241993,1,interior
0.6961780405230062,0.2621433002724225,1,interior
0.2587545089016053,0.3877410093051335,1,interior
0.7528792120188806,0.2941782858222382,1,interior
0.9029463158624236,0.3416324843161462,1,interior
0.898222860111729,0.3358186119451984,1,interior
0.6381087277317236,0.2353803586193091,1,interior
0.6522395892813208,0.23222253259047207,1,interior
0.6445842503553737,0.23162969564752683,1,interior
0.6557088859253779,0.23985598318171064,1,interior
0.9163017658432153,0.2998231394013511,1,interior
0.9231528927909834,0.2968818506782334,1,interior
0.8121752127604838,0.444789104452669,1,interior
0.8099239376314025,0.4295998903789098,1,interior
0.9573711507915986,0.35585609148330816,1,interior
0.9597158053452424,0.34813610522452765,1,boundary
0.7024439954784469,0.28504378976108957,1,interior
0.6303964590825506,0.2406574631014451,1,interior
0.956842116830416,0.370757853783721,1,interior
0.19693786277941527,0.49693358972418994,1,interior
0.4522269909471443,0.27511487557696446,1,interior
0.7036215645834393,0.2592567773872708,1,interior
0.7103769738705151,0.2649047373687924,1,interior
0.6999695097717266,0.2771736926451883,1,interior
0.19941363482666744,0.42713615280358735,1,interior
0.20416801277883848,0.42055922675847784,1,interior
0.505165725037626,0.2801164848239626,1,interior
0.7574129514996137,0.283287544868032,1,interior
0.7504916699308021,0.2769615750568321,1,interior
0.7432912119848315,0.2712959435647509,1,interior
0.7362154724492854,0.27573409072632526,1,interior
0.32198031911203034,0.34348573284277384,1,interior
0.31622305228941955,0.35197911337644855,1,interior
0.33126162901271383,0.34326968475359565,1,interior
0.24171931192389298,0.3777855234517835,1,interior
0.22907367577311724,0.38371113754688885,1,interior
0.23491915850092038,0.3802123308698318,1,interior
0.3689669455787933,0.31936326072068305,1,interior
0.37441700959616897,0.31086883521367686,1,interior
0.38583205420048194,0.32239761281012475,1,interior
0.946858036908347,0.33575403249940255,1,interior
0.7196060679351951,0.2934571546647558,1,interior
0.7278683603339392,0.2892537483515743,1,interior
0.3055418619980423,0.3507114217408088,1,interior
0.45695146057138897,0.2831806345443775,1,interior
0.29582985838401277,0.3557606296141189,1,interior
0.6264269977933222,0.3207262642125291,1,interior
0.5351800709528849,0.28893851584202146,1,interior
0.543643445711057,0.3012797550262016,1,interior
0.5285207263105078,0.2868435946207982,1,interior
0.5422259877518794,0.2902020038460545,1,interior
0.6691419509316351,0.2438875542605904,1,interior
0.2503284981196295,0.3741666500915224,1,interior
0.2580578020176658,0.3786324565992722,1,interior
0.5840823438538782,0.2895618488707373,1,interior
0.5854966774645131,0.2812579505684154,1,interior
0.765679856112652,0.28455968566664164,1,interior
0.7641893691478789,0.2756067833425118,1,interior
0.7616347934780038,0.29235851249682127,1,interior
0.7577413785225132,0.27237877554730733,1,interior
0.31295693602894736,0.3425028863155612,1,interior
0.826853242609544,0.3199351237129931,1,interior
0.8221677474432133,0.32705719314433235,1,interior
0.5787935182519348,0.28179083693079987,1,interior
0.584365260205039,0.2731496604881398,1,interior
0.7704288532881699,0.3872489473039081,1,interior
0.19098094021204284,0.4442379219082216,1,interior
0.19746222052848658,0.4524096581515971,1,interior
0.19907569446181392,0.4433441639630458,1,interior
0.6477326612110507,0.22424302544069785,1,interior
0.6607530811856254,0.23223667019154912,1,interior
0.6664863595989411,0.22519255949050931,1,interior
0.5196120054875936,0.2878879624089326,1,interior
0.8503021061092952,0.3411962189682731,1,interior
0.8509409817129151,0.32657054480234854,1,interior
0.8540718680377601,0.3341790684933794,1,interior
0.4230528337208983,0.28352646631451567,1,interior
0.8603576894284707,0.3284561881405823,1,interior
0.8625866194150239,0.3195932992120482,1,interior
0.8518381077147412,0.311527913288148,1,interior
0.5435550692112873,0.3095306144245482,1,interior
0.6165510834419996,0.2764746649322122,1,interior
0.2514093299899322,0.3649689133995205,1,interior
0.24248402567511682,0.36861699510010587,1,interior
0.5514543082541663,0.30910894344907874,1,interior
0.5485453639093191,0.29561711001123425,1,interior
0.5551966388820203,0.29555490632675774,1,interior
0.5534063025847549,0.3026776473968639,1,interior
0.8292125111524443,0.3732234793711334,1,interior
0.6631876023518835,0.2393058490851751,1,interior
0.6693813943642742,0.23499265942335726,1,interior
0.6781897777343879,0.24100616279979037,1,interior
0.8137198842917132,0.3281724585409976,1,interior
0.8027563184843644,0.32168205112269355,1,interior
0.2659079112363821,0.38201108324586047,1,interior
0.6605285719419155,0.2168561762675846,1,interior
0.6677553964460277,0.21630616325369606,1,interior
0.6754758169119944,0.23066874061155151,1,interior
0.6567517466483153,0.22448066045268025,1,interior
0.3529504044941552,0.3318365543033474,1,interior
0.7967913367607797,0.31583815169972,1,interior
0.963827279081648,0.3695976484287951,1,interior
0.960502984937416,0.36352743155757095,1,interior
0.32762963374903825,0.3362731500577517,1,interior
0.34532546451361984,0.326026522170519,1,interior
0.3371349534699303,0.32519731337458513,1,interior
0.32895197077613975,0.3282561936394863,1,interior
0.44391771162263294,0.278781215463864,1,interior
0.4370138576304304,0.2671870202082713,1,interior
0.4320703351980841,0.27365751461144194,1,interior
0.6942574380455652,0.30108179390218803,1,interior
0.967532433984678,0.37863224552716285,1,interior
0.96827689599214,0.3902212884041911,1,interior
0.3991590352312601,0.31177800788537174,1,interior
0.22355558820518867,0.37859276012488036,1,interior
0.23203399821476592,0.3731130604916917,1,interior
0.8324877979888534,0.31458292660827497,1,interior
0.8459422538104369,0.3179265290397669,1,interior
0.8256770053284846,0.3105807855668303,1,interior
0.8396907094511672,0.313647197558747,1,interior
0.26703372931810515,0.3652159926290109,1,interior
0.27950561478187996,0.34677543866041743,1,interior
0.2736486626995627,0.3534335053459704,1,interior
0.28807654370263697,0.3518575280815706,1,interior
0.8901019167012272,0.3393794519271549,1,interior
0.8832769893688814,0.32368235164674736,1,interior
0.8173176498174063,0.31854267213658183,1,interior
0.5792512816103907,0.3100487883583232,1,interior
0.5677526323144686,0.30409886075185544,1,interior
0.702641188984071,0.29883735406332795,1,interior
0.5610717262264736,0.30932167116856124,1,interior
0.5751005444498644,0.2908056195855293,1,interior
0.5708321421388287,0.31126194950647684,1,interior
0.3899219257848698,0.2985204910315399,1,interior
0.3892525081826125,0.2835302592990482,1,interior
0.3998402297195241,0.282413720483154,1,interior
0.6519506235661998,0.21674557263502936,1,interior
0.6565172138668917,0.20935680072338347,1,interior
0.34088222269979135,0.3172873410356744,1,interior
0.35373119758019955,0.32353872939537687,1,interior
0.3313346797440584,0.3191849992694592,1,interior
0.4064288275778414,0.28872843364819073,1,interior
0.41537172327195315,0.28598713886674654,1,interior
0.5480515612772879,0.316137949730768,1,interior
0.23563719134225122,0.36312621177446275,1,interior
0.5755036551999436,0.3021012849353633,1,interior
0.4604949214956223,0.27645182504907784,1,interior
0.3834333644425682,0.31192952971737137,1,interior
0.6749511631576322,0.22039363703771636,1,interior
0.6647160800163243,0.20851405735319747,1,interior
0.6813090471463821,0.21298874155255076,1,interior
0.6730171920606033,0.21005395266691632,1,interior
0.691319203161263,0.25074380482082814,1,interior
0.6823824043643141,0.24949657927517363,1,interior
0.9700459601963874,0.48095213525376695,1,interior
0.6833365199367896,0.22053030065934479,1,interior
0.3806034647772526,0.2806541617000787,1,interior
0.3949303536297311,0.2743955311232115,1,interior
0.3865031267517471,0.2922584594959887,1,interior
0.38511291038168416,0.2747242959596769,1,interior
0.37887466776755035,0.2888347033625614,1,interior
0.35892912451763137,0.30893630116923215,1,interior
0.35056502946963836,0.3157509631106046,1,interior
0.361606597648064,0.3269091243493083,1,interior
0.8163224521486315,0.3086987431239642,1,interior
0.8070857829294075,0.313814180720096,1,interior
0.8549790823146359,0.36481672467226445,1,interior
0.7288071354720874,0.27993806827446105,1,interior
0.5520810736031418,0.28762747015436974,1,interior
0.6268794789408865,0.2675265821397776,1,interior
0.770765292239837,0.2784527279576343,1,interior
0.7739876645414578,0.2847590278773414,1,interior
0.8954544064871078,0.3056705586427691,1,interior
0.8855294659268704,0.3151915485024221,1,interior
0.3198367124595317,0.33351241960130934,1,interior
0.9024285830866762,0.30105068564153337,1,interior
0.7775022608716523,0.29948094857994906,1,interior
0.7703046369640543,0.29233838169795345,1,interior
0.7777276017620374,0.29145126135405286,1,interior
0.9497925255750002,0.3413276384310394,1,interior
0.8765433653158351,0.3163265998529477,1,interior
0.7194443766418372,0.28280294428656216,1,interior
0.7225028250283627,0.2748507966803405,1,interior
0.7119414302860289,0.2880595441725627,1,interior
0.7789918290812983,0.2771061753312772,1,interior
0.7821500319855329,0.2855163756300952,1,interior
0.5367328502658277,0.2816805472205877,1,interior
0.5454519357175287,0.2795110673557088,1,interior
0.7910710525880085,0.2867956969413886,1,interior
0.7853442828514807,0.29407705358148817,1,interior
0.7147190042386659,0.27358481429448706,1,interior
0.7094640342026713,0.27985146772826697,1,interior
0.3698236376520195,0.33302860787951766,1,interior
0.8232385792141907,0.3013150559515135,1,interior
0.8158308467908612,0.29915702679078465,1,interior
0.8081991189867055,0.30437525909515145,1,interior
0.5684147294316889,0.29618738779705883,1,interior
0.7065374437940991,0.27233629982187735,1,interior
0.6184936083476388,0.2616854082955084,1,interior
0.7904567193233258,0.32116921221285893,1,interior
0.7094710422113415,0.24657326904860236,1,interior
0.7117279940764885,0.2544055363126331,1,interior
0.7010889292740109,0.2495013241551108,1,interior
0.7181421725804225,0.26025389842846014,1,interior
0.8092972682355748,0.32259952869835024,1,interior
0.3337872080987757,0.30952225429710123,1,interior
0.34414472349334746,0.30890034148885553,1,interior
0.6378739005140047,0.22478871151960703,1,interior
0.6297230608454433,0.23033028936289726,1,interior
0.22062670665884046,0.40587831579224914,1,interior
0.7986102155848894,0.3061124823946698,1,interior
0.6218704264445332,0.225150688337921,1,interior
0.6281654567443155,0.22067025309564034,1,interior
0.6200216122408176,0.23241133988898435,1,interior
0.6254836130970292,0.23630024635737565,1,interior
0.7019352760627522,0.2399098236490478,1,interior
0.7126776504853268,0.2394694635700639,1,interior
0.7195671481145428,0.24597721402134617,1,interior
0.3680518283306391,0.30352741365738883,1,interior
0.3576042793419654,0.29947449513467844,1,interior
0.3802035302841339,0.3011185448720151,1,interior
0.9697286725991242,0.38380089797365285,1,interior
0.515435058243375,0.27929524806033174,1,interior
0.6091168621895319,0.26724661328522403,1,interior
0.5984821838469937,0.2656880680357402,1,interior
0.5927189038518109,0.2704673700469295,1,interior
0.6607958704549802,0.24645947153710013,1,interior
0.7724266896280206,0.27114859581595135,1,interior
0.39137117309711417,0.31523718366770526,1,interior
0.7863364450126268,0.27951347855304787,1,interior
0.7928299025428037,0.2768267944929856,1,interior
0.8006072112312749,0.29007384643871637,1,interior
0.7940579120437095,0.29668155559029197,1,interior
0.7877466439688751,0.30355292995547056,1,interior
0.8019304486655221,0.298773298693171,1,interior
0.8083573510545811,0.29524103470818797,1,interior
0.9714240845377207,0.41964843194421586,1,interior
0.2587458455824631,0.3698799035662947,1,interior
0.2548192553905962,0.35659942876793355,1,interior
0.2492231133122528,0.34924548247912696,1,interior
0.24486899740263732,0.3586220137093155,1,interior
0.2595382566068727,0.3623586611177577,1,interior
0.22619737798303544,0.3645384997301626,1,interior
0.22223468269859797,0.37136645704081284,1,interior
0.7359108742612079,0.26593954332708797,1,interior
0.743323366958038,0.2607192144164322,1,interior
0.7510193793147962,0.25994677494078866,1,interior
0.7875846330490225,0.2716769429859072,1,interior
0.7766108832991302,0.2630865644604809,1,interior
0.7072644495959114,0.231902195385408,1,interior
0.7222220753227706,0.23556405850978304,1,interior
0.5953664947076891,0.2585452020291307,1,interior
0.6083497439444234,0.27669077117492635,1,interior
0.5873015212570186,0.2626680088131612,1,interior
0.6028772935185102,0.2582317727086035,1,interior
0.7720329805743595,0.30603235411967283,1,interior
0.7796542410978309,0.30870669390382227,1,interior
0.7867800053003652,0.3142204708964059,1,interior
0.6428220079043546,0.21615867913842488,1,interior
0.2143858009781599,0.39322628588739017,1,interior
0.21324853620062065,0.4011941838887427,1,interior
0.21245608886590514,0.40936364644234446,1,interior
0.22107435488321023,0.39685132386819627,1,interior
0.26564958962990753,0.35645334699363324,1,interior
0.2593664738980371,0.3498207388218619,1,interior
0.35969204444854125,0.2893657815080658,1,interior
0.365022296290715,0.29530936750001524,1,interior
0.34794984789074485,0.30014509475030493,1,interior
0.35195436137763175,0.3067423779109337,1,interior
0.35132495532675295,0.2920235971910983,1,interior
0.9735395310788525,0.39539402226092885,1,interior
0.6258210019909061,0.24948542509074065,1,interior
0.6380510873218247,0.25214441172287666,1,interior
0.3901079995397292,0.30654839804934886,1,interior
0.20785936160298024,0.3957954920014777,1,interior
0.20394795010797226,0.412781045092461,1,interior
0.2039711683633903,0.40362975915556537,1,interior
0.5610317595479021,0.2841067907639104,1,interior
0.5607839437942319,0.29187534402220666,1,interior
0.1836470777648144,0.4515717106257984,1,interior
0.18457291422725408,0.446966509481894,1,interior
0.699084551947835,0.22994265386343585,1,interior
0.719607022696421,0.226121030938492,1,interior
0.7040360849980751,0.22265951794263752,1,interior
0.6934917340816392,0.23509110145987927,1,interior
0.7120980212821567,0.22409142484662561,1,interior
0.7149115412794644,0.23207024686839853,1,interior
0.6987102516413921,0.21334180278504197,1,interior
0.6964637398866,0.2217433718807756,1,interior
0.7085077644456175,0.21554132081920663,1,interior
0.8309087494929586,0.3024795296005445,1,interior
0.28408824916529185,0.3383214865861229,1,interior
0.2880963970039499,0.34497855849318954,1,interior
0.28090883866113814,0.35500025517556855,1,interior
0.7288737100594083,0.2703207120461497,1,interior
0.7203415812470498,0.26715479206415815,1,interior
0.7400997019065549,0.25039337594323197,1,interior
0.7484279829980739,0.2524650201482225,1,interior
0.7274438070335636,0.26049321014205706,1,interior
0.19490033377292026,0.4351486371834948,1,interior
0.1833678048133871,0.43861067851772745,1,interior
0.36600773236644496,0.31201187339712144,1,interior
0.35977384850932675,0.3177483827276559,1,interior
0.5230678167948029,0.27963553114323425,1,interior
0.5298406468651224,0.2759837577155058,1,interior
0.571491976628663,0.3192953288429366,1,interior
0.39498807660338087,0.26505544557365385,1,interior
0.40172973988398974,0.26820729963509854,1,interior
0.40518700230120247,0.27499159287502145,1,interior
0.6898928369522049,0.216859783201965,1,interior
0.7125278028991446,0.20794808257035177,1,interior
0.6893178386784798,0.20817549268630942,1,interior
0.6974532077325858,0.2024690328678793,1,interior
0.7046727424763384,0.20778360167289556,1,interior
0.5898472936752194,0.2543347176622578,1,interior
0.5821152735404223,0.252678462890574,1,interior
0.5772168589787339,0.25819399431398643,1,interior
0.4242350190964759,0.2747258064798674,1,interior
0.40870919957345125,0.28141584294554883,1,interior
0.41534294595390925,0.2764562972629278,1,interior
0.561211865556475,0.3002685700163001,1,interior
0.6846712851985499,0.23451937682336935,1,interior
0.6905430722492439,0.2428962099759284,1,interior
0.766260429352271,0.2658372075711084,1,interior
0.7502513141287742,0.2678021398494245,1,interior
0.7577287179863391,0.2634822801106542,1,interior
0.6189107030164089,0.25246950153415615,1,interior
0.618626044221667,0.2693219775374005,1,interior
0.6341255934862261,0.21482538737671697,1,interior
0.20920524893576684,0.3868233002175749,1,interior
0.22004514599498295,0.3870184009841197,1,interior
0.5701486118422876,0.2809668519223306,1,interior
0.8868856631961666,0.29947231306797,1,interior
0.8948100302330639,0.2981575775813491,1,interior
0.8997585314973261,0.2921710666248351,1,interior
0.8040305344847486,0.2814353460297941,1,interior
0.7995559537581901,0.2756865764267985,1,interior
0.797162978116911,0.2826797972361611,1,interior
0.7979258747763427,0.2673707112807411,1,interior
0.6898874495117481,0.22657210471754372,1,interior
0.6477381316513605,0.20904948504069484,1,interior
0.6529527149595806,0.20318454305892103,1,interior
0.6605464386458971,0.2012819430318804,1,interior
0.6938009899337154,0.19360681730517518,1,interior
0.7020793497464123,0.19371990794655305,1,interior
0.6874715711380754,0.1995340258222694,1,interior
0.2149406430564537,0.3770770821580117,1,interior
0.21583507403305274,0.36497603909877024,1,interior
0.604922357665275,0.2502184755075344,1,interior
0.5876962077084619,0.24681626331484888,1,interior
0.5969601721476201,0.24972889319550218,1,interior
0.7159110600017793,0.19987542872033548,1,interior
0.7072878112159602,0.20020604253246063,1,interior
0.8147941953626772,0.29114477039290276,1,interior
0.8090446110052413,0.28677218559196066,1,interior
0.32385377334632887,0.30617612068249206,1,interior
0.3344921374275898,0.29920217444099245,1,interior
0.32341856831628285,0.3145026588907938,1,interior
0.585369733910946,0.23942699483626856,1,interior
0.5782850682159565,0.24287230459789733,1,interior
0.5936537163988695,0.24049061742522979,1,interior
0.9089730088357566,0.2933677608427278,1,interior
0.9177149593178724,0.29042364365770296,1,interior
0.1763176920163019,0.4354274127149349,1,interior
0.18800257173708929,0.4347222960996975,1,interior
0.6117693320537542,0.246198302893742,1,interior
0.6109658192210012,0.2562867330781518,1,interior
0.603427786286174,0.24155931987228915,1,interior
0.18195952689605194,0.42823462940540064,1,interior
0.1907947642057317,0.4265478933409277,1,interior
0.7216161249770131,0.2536948256686359,1,interior
0.7300881886492852,0.24964303953552866,1,interior
0.811162074742416,0.2787184756915437,1,interior
0.8220900684051491,0.2911257305827427,1,interior
0.8227147465322466,0.2808303047974896,1,interior
0.6118006934893775,0.23641039938537903,1,interior
0.6978987698697277,0.1868364483039629,1,interior
0.7110855714020906,0.19145183613904374,1,interior
0.7044844720995713,0.18591791043282385,1,interior
0.9040981725190207,0.2846540451974762,1,interior
0.9127924043789476,0.2829793306829618,1,interior
0.19541185169083722,0.4099718530275595,1,interior
0.19630413538176553,0.4187192971266201,1,interior
0.6182979569286058,0.2176604286631172,1,interior
0.6248906937378337,0.2121929886934952,1,interior
0.6304137321007071,0.20686442347015516,1,interior
0.835598294445659,0.30707975993411707,1,interior
0.7637425418085984,0.2578573404775407,1,interior
0.7098673386698745,0.18148737874743817,1,interior
0.7097757034222671,0.17287527813744272,1,interior
0.6996346991310066,0.17807776259670977,1,interior
0.6163637227719758,0.2084918817902298,1,interior
0.6226776314402506,0.2037163561974129,1,interior
0.638574223306793,0.20614464363123858,1,interior
0.6202091580102066,0.2421347370167104,1,interior
0.7465028065769,0.24368993811959908,1,interior
0.7371860203833627,0.24095710964077197,1,interior
0.7453212583768946,0.23508626563551902,1,interior
0.6386309035818211,0.19642500964853526,1,interior
0.6460817691034081,0.2004873568728103,1,interior
0.8822953222571076,0.2900807712991782,1,interior
0.8731631560598913,0.30570783330561047,1,interior
0.8908103379014228,0.2910396559078148,1,interior
0.8776759393418069,0.29722531837718374,1,interior
0.7876888053398956,0.2626118608577432,1,interior
0.1954277656331657,0.40086643454265464,1,interior
0.20158714034715255,0.3939947117484621,1,interior
0.3686264812402302,0.28772571741425795,1,interior
0.3540351755914128,0.28315345068360503,1,interior
0.3628571896652624,0.2798189150152836,1,interior
0.7051402897075049,0.2920218481156286,1,interior
0.3108372187651254,0.33439101287798756,1,interior
0.30328847460387454,0.3395728538936677,1,interior
0.8450976777893766,0.30652510350176254,1,interior
0.8551285861934509,0.3196395696348076,1,interior
0.859644189720297,0.31160834361965306,1,interior
0.8549231663140314,0.3026695033503652,1,interior
0.68651619652581,0.1916156966637431,1,interior
0.6797250510697466,0.20395401256537896,1,interior
0.6786124420386812,0.19393278333509442,1,interior
0.41888176192876453,0.26803314920396953,1,interior
0.42800487951906824,0.26598008540525786,1,interior
0.4295094322639844,0.2809569192426656,1,interior
0.2661877227912554,0.37356583096822743,1,interior
0.29633092364042474,0.3472213974363352,1,interior
0.16762345609512477,0.41383728040112716,1,interior
0.568678055467755,0.24173874009794885,1,interior
0.5800498607029371,0.23301739525004916,1,interior
0.5883426779854039,0.23227441045801342,1,interior
0.572851257317581,0.2498037484221626,1,interior
0.5624086910170132,0.24808578805974507,1,interior
0.571097148431916,0.2630502775795367,1,interior
0.6701929497830476,0.19082983402542714,1,interior
0.6700286724313232,0.20005526209087016,1,interior
0.6748053384132238,0.1845481348512703,1,interior
0.6829269129567715,0.18482983268256034,1,interior
0.6934200202649329,0.17092639846235996,1,interior
0.7012555800019561,0.16777062657451033,1,interior
0.6914146753507824,0.18489786098926264,1,interior
0.2546437302616047,0.34355867481697216,1,interior
0.24787620418682632,0.33968428087231634,1,interior
0.2396963964674761,0.3447473666112136,1,interior
0.3403644666723697,0.3022792468910264,1,interior
0.4663530463829769,0.262354048797523,1,interior
0.4599003941271181,0.26930998028124614,1,interior
0.32968003001431945,0.3035792493620333,1,interior
0.5674608439002184,0.2883934941384806,1,interior
0.8301215525080067,0.29478249529900014,1,interior
0.7717730524108141,0.2565659827186075,1,interior
0.7806565538855156,0.26903646994201086,1,interior
0.7816372868954881,0.2547630143604814,1,interior
0.3128789821223874,0.31896284319505647,1,interior
0.2582604045674603,0.42686580701074334,1,interior
0.2719635630713909,0.4365898788057894,1,interior
0.8954019695622585,0.2838879358260311,1,interior
0.34174549064083276,0.2932174656823872,1,interior
0.20001999645256716,0.38532435294044237,1,interior
0.18609662940733904,0.390152651618372,1,interior
0.1914972968664802,0.38322257198424853,1,interior
0.1734324451189594,0.42775916922736856,1,interior
0.38001587211369076,0.26663419944965516,1,interior
0.3762590667534138,0.27344988945287796,1,interior
0.38639486702249287,0.26043775424254284,1,interior
0.3171296219283156,0.2988955569011636,1,interior
0.3260942698686033,0.2971740821487158,1,interior
0.3328511215223829,0.2905647488339063,1,interior
0.5780162001554473,0.266760944883544,1,interior
0.4807421808465904,0.26415858604063835,1,interior
0.4930770569808137,0.26905296865217054,1,interior
0.4886450527183302,0.2612719863585862,1,interior
0.47304885421937914,0.26598009250551413,1,interior
0.886900059557953,0.2823549100372012,1,interior
0.7204660336783282,0.1925370940572738,1,interior
0.7247289416699484,0.2006714159766455,1,interior
0.7168825729350633,0.1855878636384376,1,interior
0.8682101263385681,0.3134335865629863,1,interior
0.8392650266207625,0.29764231595935803,1,interior
0.7653848118508778,0.2489999344660969,1,interior
0.7760730559768763,0.24783287930395906,1,interior
0.7387751321434839,0.2331910612519449,1,interior
0.732315401092466,0.23197016996707495,1,interior
0.7283053728465877,0.24088161603632124,1,interior
0.16930450593555707,0.4213779198759037,1,interior
0.15970239028905547,0.4005548801067151,1,interior
0.2296281828277801,0.35727622460621883,1,interior
0.24271147805567095,0.35148193186653964,1,interior
0.37285739470713797,0.29542823041865335,1,interior
0.2660813003612386,0.33567704812028093,1,interior
0.2617678306566634,0.3423561320260939,1,interior
0.25687567011540113,0.335917418921115,1,interior
0.24052985553191558,0.3329096157664821,1,interior
0.5759382376733626,0.27446967571815745,1,interior
0.5686035297607961,0.2708684150513438,1,interior
0.3915778327815066,0.2517500878604041,1,interior
0.3758978054925369,0.25783094648937616,1,interior
0.3830940779943152,0.2532571351490328,1,interior
0.8455712936476699,0.2871676568924753,1,interior
0.836858391343746,0.289307387657218,1,interior
0.8477166393182944,0.29692253716784256,1,interior
0.3052019338611974,0.32780459043692717,1,interior
0.6127542267325286,0.22652658621514002,1,interior
0.6035868864797972,0.23117313313752308,1,interior
0.6035699358167083,0.22312085815216517,1,interior
0.7353832479188547,0.2571459487773934,1,interior
0.7017331031862118,0.15852613002451868,1,interior
0.6919955799987907,0.161987921877862,1,interior
0.7102913708895136,0.1639682023780544,1,interior
0.8958905852569966,0.26887223486706685,1,interior
0.9061797441570776,0.27632899254989896,1,interior
0.5024210402287815,0.2698309656267967,1,interior
0.2811454079896728,0.32983117804020984,1,interior
0.28965865135354757,0.3310961560430002,1,interior
0.2750567199305987,0.33778595192487204,1,interior
0.22151985943046912,0.35636746420618687,1,interior
0.6067041672035727,0.20623675921297865,1,interior
0.614121564852269,0.20067845170543963,1,interior
0.6062807100062235,0.19669618885515705,1,interior
0.6112982190073455,0.21269525218424387,1,interior
0.6210030712398175,0.1963194296195172,1,interior
0.5034567395911295,0.2603826067830343,1,interior
0.5112138166084044,0.27271494258370765,1,interior
0.4965925226542295,0.26305664882041546,1,interior
0.5113279431186676,0.26460836356248935,1,interior
0.6647990883191154,0.18315874377297153,1,interior
0.6539789912003278,0.1957442863622679,1,interior
0.7202145595645081,0.16918190020247664,1,interior
0.7180214213009027,0.17784944525060783,1,interior
0.5953973879218275,0.23244462752125356,1,interior
0.47450582855238393,0.2578195688838843,1,interior
0.8295872807829431,0.28613718314151143,1,interior
0.8297906903055274,0.2786020743413894,1,interior
0.37075222411312164,0.26580674066437376,1,interior
0.37242941466452056,0.2809007207721141,1,interior
0.3684054299534063,0.2736716026503173,1,interior
0.6102326202629053,0.2192240811135598,1,interior
0.158572332830077,0.3913752285871918,1,interior
0.16250389078271768,0.4075669990463913,1,interior
0.16610657588623523,0.3960244598132611,1,interior
0.15325278814923662,0.3957249717385318,1,interior
0.8252882624699296,0.27318318333757396,1,interior
0.8171418528041179,0.2712705276276353,1,interior
0.8370399433980892,0.28048525400573576,1,interior
0.4133930166528522,0.2614669875506402,1,interior
0.42117387738359163,0.2599034201743779,1,interior
0.4099444380735906,0.26817778882490517,1,interior
0.4518150552700229,0.26604300311773615,1,interior
0.4585104365959586,0.2621798991278722,1,interior
0.4603544047488332,0.2549693257722858,1,interior
0.6555749129823841,0.17713197935011454,1,interior
0.65534139169867,0.1869735633506965,1,interior
0.6624854191580183,0.1927894114908796,1,interior
0.6654777695492714,0.17367698056208503,1,interior
0.3077679285989236,0.29572144307936116,1,interior
0.3156109053879265,0.30927847606938724,1,interior
0.32307389566219846,0.2880255674520241,1,interior
0.3081915368306084,0.3041399165987822,1,interior
0.3143198633703406,0.2909613319321567,1,interior
0.23326513306080998,0.34022695113024704,1,interior
0.23360549294845168,0.32485504544798,1,interior
0.24033884687484433,0.32293066672234805,1,interior
0.2483785238045646,0.3244809346838548,1,interior
0.2301251804829282,0.3327454145925895,1,interior
0.604175073006924,0.21470481510996986,1,interior
0.5972094776807013,0.21812539338596118,1,interior
0.15169317038975275,0.3838231182745588,1,interior
0.7184090539833462,0.1597261521005295,1,interior
0.727424862812429,0.16351193048937793,1,interior
0.7263728213565305,0.17664750360489961,1,interior
0.7316302486900298,0.1716591077327043,1,interior
0.5649807150000399,0.2343348051532573,1,interior
0.650460772118472,0.16837985503357658,1,interior
0.6454024929754064,0.1754384118277212,1,interior
0.6592040690427569,0.16783154187443242,1,interior
0.6471953761884813,0.18328111776543698,1,interior
0.27175820548401125,0.32811576004053017,1,interior
0.2689598509129482,0.34621158125741036,1,interior
0.8908821990222052,0.27498000800025574,1,interior
0.8816436751057211,0.2729161357139898,1,interior
0.8794968540092443,0.281875990594531,1,interior
0.17840527289047506,0.44296612730429175,1,interior
0.3025643126977892,0.31844100440688594,1,interior
0.3077113007202511,0.31219904226520045,1,interior
0.3220470090052431,0.3232692117433614,1,interior
0.16822097083062001,0.3880253423679811,1,interior
0.17047294963405807,0.40357441293313506,1,interior
0.1789350345937589,0.40585785713469613,1,interior
0.17347185534299986,0.3951248870991462,1,interior
0.1806441147932721,0.3982863822240287,1,interior
0.7247980423825516,0.18441426237599567,1,interior
0.1493234140170064,0.3900016448452102,1,interior
0.14273942076618004,0.3834924520189425,1,interior
0.18732138804188084,0.40646902993556616,1,interior
0.17435652265648732,0.41142169568334264,1,interior
0.5547334490358065,0.27895148272574793,1,interior
0.5454461085917007,0.27006998924730163,1,interior
0.2960449670785485,0.32448328319108505,1,interior
0.29372345415046397,0.31535366441078255,1,interior
0.3003091864212535,0.3093402251911837,1,interior
0.6542991177537718,0.16044668041630866,1,interior
0.6721884817383165,0.1593316311982836,1,interior
0.674953095241034,0.16879864399391403,1,interior
0.6632894245419798,0.15953866755135368,1,interior
0.6590379578682632,0.153446591501665,1,interior
0.14541065493538488,0.37479671064350206,1,interior
0.1352083611390466,0.3762752733163094,1,interior
0.37799082635026704,0.24681773063950097,1,interior
0.36463205181125885,0.24894719963911607,1,interior
0.36418565126151653,0.2579074354332314,1,interior
0.37101342197289666,0.2516390097241955,1,interior
0.16500202517025128,0.3793171902966899,1,interior
0.17806010676791853,0.3888753203517023,1,interior
0.17403024774844497,0.38098996614251895,1,interior
0.7250237338999488,0.22004457143362913,1,interior
0.7411180363670535,0.21965747115189918,1,interior
0.4449117083807592,0.2699792681799236,1,interior
0.6718910029059438,0.1772747128035111,1,interior
0.25958227390931543,0.32621193374372615,1,interior
0.2669275958541649,0.32122215986764957,1,interior
0.2735760925931319,0.3200738039910448,1,interior
0.5209463466104954,0.2698471741045089,1,interior
0.5317245596850215,0.2670564854766916,1,interior
0.15995970896000336,0.3845927635796232,1,interior
0.5974816503426772,0.2105486325636187,1,interior
0.5986174082532371,0.20207437868934108,1,interior
0.6971915338304946,0.2554543051949941,1,interior
0.7288840091382509,0.19187071465168137,1,interior
0.5994497820170176,0.23663493906793082,1,interior
0.8432582455288502,0.27916485701746546,1,interior
0.681349892436938,0.2268446736665913,1,interior
0.2622076760802203,0.31545365217185073,1,interior
0.2534208605444499,0.31690158872876845,1,interior
0.6798374681550529,0.17676562549685024,1,interior
0.4531359868017231,0.24962431363617163,1,interior
0.4521221977345398,0.2578215637183091,1,interior
0.46061914063256415,0.24613808174984822,1,interior
0.46799279662212845,0.25204059441655297,1,interior
0.8449748557088843,0.34821212944396557,1,interior
0.18313218629693492,0.38174992205370833,1,interior
0.17891646230945915,0.3741513895188326,1,interior
0.17452628692995403,0.3675252752167988,1,interior
0.20558591838864182,0.37832198510170995,1,interior
0.19410221009813503,0.3917627579079821,1,interior
0.19465095878396205,0.3705915335258639,1,interior
0.18802938643067352,0.3741349399522548,1,interior
0.8333567513505765,0.27177849674866167,1,interior
0.3141227886890727,0.32709339804895404,1,interior
0.36174531340307753,0.26895475113845674,1,interior
0.44574090092584323,0.24480817065229377,1,interior
0.45887320942629994,0.237327483538575,1,interior
0.4527720760286453,0.24095965999776917,1,interior
0.445341498498111,0.25288338535617144,1,interior
0.2849028982984791,0.31235706453127976,1,interior
0.2922220734560776,0.306120974771725,1,interior
0.2875890171107238,0.3222034153014038,1,interior
0.8885295882096417,0.3080120469835512,1,interior
0.4454267459896298,0.23752766194698652,1,interior
0.43721993179264557,0.24013939008297955,1,interior
0.43906879647670943,0.24783532966257332,1,interior
0.8646161143195125,0.30444840718202987,1,interior
0.8546212967956156,0.292054996843879,1,interior
0.8613587466541057,0.2967050940650145,1,interior
0.8560465845750055,0.28291343219380255,1,interior
0.8498056048005029,0.27754538520206473,1,interior
0.8689196779150157,0.3232507949295329,1,interior
0.5182106168816665,0.25903367041929565,1,interior
0.5257250021359818,0.2615237611820723,1,interior
0.7347581854304375,0.1824120344220497,1,interior
0.8655449329121364,0.2796028922615715,1,interior
0.8065072585413654,0.2730653463865811,1,interior
0.6467533437851601,0.19176330539567413,1,interior
0.6140577817823875,0.19210355126546197,1,interior
0.5987464788425475,0.1924463496430529,1,interior
0.2776101639611113,0.3143519217016955,1,interior
0.6814616550708398,0.16075276111071388,1,interior
0.6773919964044147,0.15189898409587108,1,interior
0.6673976075467755,0.15043009227384266,1,interior
0.22571231247392723,0.32574685576150725,1,interior
0.22085257029758007,0.3312233731477185,1,interior
0.8693564288495793,0.2963409034553769,1,interior
0.4349480832653235,0.2610660060878102,1,interior
0.4230188843089529,0.25248582893121607,1,interior
0.8889885683572686,0.26418962073438995,1,interior
0.8912859444680561,0.32214868190066737,1,interior
0.6135334165876709,0.28879567793969246,1,interior
0.2439667658270893,0.31578982208097,1,interior
0.2504971838233593,0.3314709794321844,1,interior
0.5588466288526135,0.2708978967614668,1,interior
0.5627910958895882,0.2769821040617163,1,interior
0.3148246698411153,0.28387336421484677,1,interior
0.31923188214944065,0.2781218391738866,1,interior
0.33246572721749673,0.2822503331341267,1,interior
0.4901405014910854,0.2504907108240063,1,interior
0.8167010070320325,0.28294916111639573,1,interior
0.8214952715594536,0.26001412100631255,1,interior
0.8081276024007746,0.26661018734187375,1,interior
0.8140421720400728,0.2619119224669964,1,interior
0.16135871185378356,0.3713870787370857,1,interior
0.15572291316007283,0.3777309178625629,1,interior
0.16993156060446268,0.37299839826567766,1,interior
0.18149893620461416,0.41274016725769885,1,interior
0.5912361099369218,0.1984206634217127,1,interior
0.590765851475907,0.19111294287807634,1,interior
0.6069892724348762,0.1862914082655779,1,interior
0.5936364285509604,0.18545207522666526,1,interior
0.2997314906868842,0.2925794202892928,1,interior
0.2607743513956103,0.3018419074889114,1,interior
0.25789496634352066,0.30922754692280036,1,interior
0.2703156293781095,0.31342605608195034,1,interior
0.3249901390093835,0.2714466706259562,1,interior
0.31035539485323443,0.2769643021697626,1,interior
0.3316154576950317,0.2745640313284476,1,interior
0.31636030105447316,0.26946104742174987,1,interior
0.38816580669728473,0.26843081577607847,1,interior
0.16128194525987025,0.3558896935258762,1,interior
0.16674201908224964,0.36396281284347926,1,interior
0.15317841330580473,0.37093235892499365,1,interior
0.8188858942314138,0.3337063945788159,1,interior
0.6865967166294475,0.15306606428688116,1,interior
0.6831751498353106,0.14416856474578096,1,interior
0.24914579656417665,0.2994837411853847,1,interior
0.24818172226932492,0.3079795543947314,1,interior
0.2672791049567579,0.30580636754941254,1,interior
0.823977620136508,0.2510689681952903,1,interior
0.8309051123841075,0.2572159670486963,1,interior
0.8144779795524741,0.2529620160577805,1,interior
0.8728253902567167,0.28730280506650124,1,interior
0.6154605797648588,0.18443796220678757,1,interior
0.6234194108748013,0.18880890424921676,1,interior
0.6445480989313548,0.159828140837337,1,interior
0.6361566709184355,0.1648500963448876,1,interior
0.6425804482954004,0.16838201376701467,1,interior
0.9088194852867645,0.2691817959811454,1,interior
0.9031472061106476,0.26731918806402705,1,interior
0.29329735911602023,0.3391611686316794,1,interior
0.6121548293427821,0.17706522973376948,1,interior
0.6215524396328421,0.17850858517865786,1,interior
0.6297755530008124,0.1983778479840479,1,interior
0.7553548853318324,0.24656770829126742,1,interior
0.7699727935908364,0.23903237522861118,1,interior
0.7569341965688787,0.2545833212842877,1,interior
0.7615287336409932,0.2411149610772258,1,interior
0.2052262077913811,0.3616073879415881,1,interior
0.7793411425213919,0.2405196040888003,1,interior
0.761418962337411,0.23261930479301338,1,interior
0.7695078716928395,0.22756867765287833,1,interior
0.8420003864371909,0.2717882568251363,1,interior
0.5415426852098959,0.26316643620566554,1,interior
0.5524997457346205,0.2643822013681444,1,interior
0.18711745356941437,0.41765890032938774,1,interior
0.4573269112222718,0.2295205548673466,1,interior
0.4502358035781661,0.23147181351456406,1,interior
0.68486026750874,0.169117782270655,1,interior
0.43054229532026084,0.24789443943622208,1,interior
0.7357673674049958,0.1924254020797464,1,interior
0.7325779680523644,0.20051808576012106,1,interior
0.18864339160111068,0.3977732316658184,1,interior
0.28397974302993395,0.3023460680628591,1,interior
0.2919644459351022,0.2974568718423842,1,interior
0.533005992166301,0.25853770451087965,1,interior
0.16941629215739712,0.3557549150226245,1,interior
0.1759384145409708,0.3603077886235038,1,interior
0.6392064077328734,0.18054028655965446,1,interior
0.6036943706627954,0.177076713998061,1,interior
0.4714915854039285,0.2344832010396392,1,interior
0.47590405311868134,0.24839563165642076,1,interior
0.46813755550895664,0.2418626966522139,1,interior
0.4824970290081812,0.25447651592884685,1,interior
0.524808445147969,0.2523097961115999,1,interior
0.5328398050347938,0.2513952203552917,1,interior
0.17675203572752868,0.41945148782607156,1,interior
0.7252184644756599,0.15580385154945087,1,interior
0.7193229377368562,0.15006915463206308,1,interior
0.6947302020522967,0.15352178270798358,1,interior
0.7414164248982515,0.1895057494664763,1,interior
0.20927570476441643,0.3703911031788304,1,interior
0.47744006297352753,0.23948698388672096,1,interior
0.35579409715189503,0.275434975500978,1,interior
0.7874035397267773,0.24458021225884344,1,interior
0.23419283086420645,0.3149710499972337,1,interior
0.23889389773469774,0.307452274778566,1,interior
0.5840633692698562,0.1932983111734028,1,interior
0.5767982564246851,0.19630472995315007,1,interior
0.5831503788500934,0.20166253298513373,1,interior
0.5822945297372785,0.20936201891536985,1,interior
0.7103210721435045,0.147035036226036,1,interior
0.7012410688789047,0.14839037363459823,1,interior
0.7100872074867977,0.1547228263802659,1,interior
0.8845960882198469,0.2563494225991697,1,interior
0.8916176324970257,0.2522067013422936,1,interior
0.8788732609559943,0.26333075140639894,1,interior
0.8972026423566161,0.2601933687290921,1,interior
0.8060691325507582,0.2592758185810183,1,interior
0.44357923793443205,0.2612169376482349,1,interior
0.32457504211452287,0.26297949147212535,1,interior
0.32331395905811966,0.2557570663896621,1,interior
0.3059375020680696,0.26804775511621376,1,interior
0.31451286181515986,0.260545476865311,1,interior
0.3614050996083214,0.2414452119890326,1,interior
0.3699161459222989,0.2433299020636911,1,interior
0.35785708250730436,0.24893461970500072,1,interior
0.810989655864103,0.24482548670608756,1,interior
0.46984836997225404,0.2267608750150036,1,interior
0.47798953994008575,0.2306079396267886,1,interior
0.47636677011459766,0.22268402733004078,1,interior
0.15720180706385475,0.3639040591515883,1,interior
0.15708895663154113,0.3485197396215993,1,interior
0.15223024000924157,0.35705808628126984,1,interior
0.7964955704453968,0.24065799186538608,1,interior
0.7927970567770322,0.23439815003218725,1,interior
0.7970693551868027,0.248339774709221,1,interior
0.1443308437453549,0.34149836573019016,1,interior
0.16741373419182734,0.34752218791070283,1,interior
0.16127214091369638,0.33895971355940363,1,interior
0.14772100136590097,0.3500245859332099,1,interior
0.1526797410125394,0.342349147665641,1,interior
0.6277319657292628,0.17047108553367904,1,interior
0.6361812509090935,0.17361540649437898,1,interior
0.3046379486178341,0.25600776323459107,1,interior
0.31597321594341404,0.25009137525217484,1,interior
0.623277996723092,0.1602096840868879,1,interior
0.3567179770686229,0.2625325610287417,1,interior
0.35252247974211487,0.269095452789243,1,interior
0.5216783297142464,0.2413293910473966,1,interior
0.5160391100429014,0.24903871111385065,1,interior
0.7281314813662914,0.21103629019226428,1,interior
0.7373330324654822,0.2068137302845392,1,interior
0.40444657832156317,0.2597007130489719,1,interior
0.7436956774591997,0.21278190746029213,1,interior
0.7358718415472107,0.21447179123192295,1,interior
0.7847498304438573,0.23431708541177343,1,interior
0.7764171096265565,0.23333586475935472,1,interior
0.5031062530562627,0.2525478398223969,1,interior
0.5133601520108731,0.23952821112741277,1,interior
0.5069376327521017,0.24559068771391068,1,interior
0.3540601035424484,0.2555853690256699,1,interior
0.348696448808393,0.261882486681976,1,interior
0.34509194571484525,0.26890012599409535,1,interior
0.40654669026358475,0.24940008909455566,1,interior
0.3993860920093065,0.25324375448322706,1,interior
0.4143330890226521,0.2532668234823825,1,interior
0.5489165747490807,0.25664871981231335,1,interior
0.5584151974644883,0.2567472970455397,1,interior
0.5627779149149479,0.26364299406789377,1,interior
0.5512057364048429,0.2727315511215742,1,interior
0.27324915114252846,0.37773132452275854,1,interior
0.5102328999366549,0.25522986521890423,1,interior
0.34718820532910744,0.27697453945176514,1,interior
0.34458017520785006,0.2548448740163149,1,interior
0.3325818517629629,0.2662130895074805,1,interior
0.21186232006664943,0.32978201364450016,1,interior
0.21643469368006604,0.33860424912557235,1,interior
0.2180069868273172,0.32046327910901506,1,interior
0.22481142583681823,0.3400624510613361,1,interior
0.22917035728272334,0.3487101296219875,1,interior
0.2954448929671209,0.27128066236731263,1,interior
0.3014506882066515,0.2777270479273753,1,interior
0.29820831383832375,0.26369680410472374,1,interior
0.219639845334099,0.34766143521461673,1,interior
0.20792350168660165,0.33817181092792836,1,interior
0.212619633797062,0.3453790464124877,1,interior
0.5938074339746304,0.17725192820052751,1,interior
0.6082705286777725,0.16839514007179507,1,interior
0.5912109271677514,0.1671751576829286,1,interior
0.6002495419270611,0.1638787937547372,1,interior
0.5676674344496194,0.2560561923653371,1,interior
0.5854863522692677,0.18394401969774332,1,interior
0.5996962205239343,0.18359526306790439,1,interior
0.20629418555194548,0.346645164729699,1,interior
0.20032794776141238,0.3409997694234121,1,interior
0.2014290017031207,0.3299686361561233,1,interior
0.2765738484357465,0.30694750955883804,1,interior
0.2840873605405632,0.2938006685401789,1,interior
0.27490380758365035,0.29760290682716495,1,interior
0.5684615221073003,0.1934322596091854,1,interior
0.5768369890205741,0.18782898840703413,1,interior
0.5738845663231861,0.20407451937371382,1,interior
0.7201655758597708,0.20754400181011987,1,interior
0.7328644837874521,0.22188135709698095,1,interior
0.5837552943038729,0.22417191027893316,1,interior
0.5745855415293177,0.22494343297291333,1,interior
0.572544259924148,0.23413386947228929,1,interior
0.3503665169510362,0.24885569862171777,1,interior
0.35206772862155505,0.24073053015227955,1,interior
0.49610538610632865,0.25542355662297017,1,interior
0.46186047284911996,0.22390130606474604,1,interior
0.4529546584426453,0.2226021919604155,1,interior
0.4442871581846892,0.22297979754978656,1,interior
0.4408430611029437,0.23119606377683435,1,interior
0.2116435713744192,0.3543077954649288,1,interior
0.8809310715176396,0.30684345781674094,1,interior
0.6306119874805489,0.18150537404935302,1,interior
0.6299594838422062,0.16252459246696122,1,interior
0.34662318566218714,0.285696814571761,1,interior
0.2800751168347778,0.3214206974227534,1,interior
0.77345793094958,0.32339430488433735,1,interior
0.9046379672292033,0.25917591057360534,1,interior
0.2919083937271608,0.289277680279666,1,interior
0.46444603004963625,0.23252579558880324,1,interior
0.4854127582116596,0.2352179419524039,1,interior
0.48172270964372704,0.21963136351641682,1,interior
0.14854934392007615,0.36535459830756856,1,interior
0.7886663425017536,0.226289131416201,1,interior
0.33861199555401184,0.2737443846682916,1,interior
0.3261333287728531,0.2794549809223028,1,interior
0.33977124649622686,0.2836428280106266,1,interior
0.6513500944338345,0.15196155672945663,1,interior
0.6426861686967642,0.15045553137894271,1,interior
0.6182972878903189,0.16945800884998227,1,interior
0.6141866434067565,0.15341981563929782,1,interior
0.6338277961705192,0.15570901830384884,1,interior
0.6247079091898202,0.1511159429297911,1,interior
0.7452393105898218,0.20530677160434987,1,interior
0.3267627493399497,0.24828018580254083,1,interior
0.33408163149636605,0.2552525261595694,1,interior
0.19726667278757384,0.31856736032958216,1,interior
0.19195624387689017,0.32610711398002784,1,interior
0.19351582173928353,0.3354582249147408,1,interior
0.20709716911140116,0.3213098147427913,1,interior
0.27779007601121325,0.2880687396026021,1,interior
0.2854511648905601,0.2860695427825714,1,interior
0.20078514623976434,0.351537385164762,1,interior
0.6389594619495856,0.18763159786122433,1,interior
0.5665511084926481,0.22701216962850182,1,interior
0.8879415869375015,0.24154675879760812,1,interior
0.8971482289397493,0.24451706468993287,1,interior
0.8826563831297874,0.24761656684473773,1,interior
0.7421734221119644,0.17320141391291383,1,interior
0.3845016468140349,0.23840064824670143,1,interior
0.3759351567215019,0.2371769634648134,1,interior
0.6335121116524141,0.14526508392261064,1,interior
0.5771397713290113,0.21538916938989125,1,interior
0.5885998953293238,0.21610067099213737,1,interior
0.8704516497422811,0.27004085430014263,1,interior
0.8692532858614562,0.2595094547993955,1,interior
0.8768237865485254,0.2540559702302474,1,interior
0.7536406856289948,0.23779345001475047,1,interior
0.2978539180618475,0.3326464790858511,1,interior
0.7978878647324216,0.22628989193418533,1,interior
0.8020928973571948,0.23391963652120426,1,interior
0.8051534511707086,0.25091678862829586,1,interior
0.7265573322468983,0.22766121582030602,1,interior
0.7597593258467247,0.22325419807616345,1,interior
0.7519973818226422,0.22880773523528264,1,interior
0.13880637332484538,0.3511391434443513,1,interior
0.1389866305400634,0.3360761626051972,1,interior
0.152377300568283,0.33421942594072407,1,interior
0.13361049355163218,0.3430842926723532,1,interior
0.24231208501427356,0.2994186322319106,1,interior
0.448361641774894,0.2141962550484585,1,interior
0.45619752135452646,0.20995303033121032,1,interior
0.45872295834253257,0.21622662484249908,1,interior
0.6318994111190939,0.1907034356103106,1,interior
0.4661955567976456,0.2093474508425275,1,interior
0.6505219921433963,0.14255497164551323,1,interior
0.6418655591043859,0.14342865339444738,1,interior
0.8368591038240464,0.2637323482418919,1,interior
0.6920081782242183,0.1451178936790352,1,interior
0.7902219021246143,0.25368850492143674,1,interior
0.7975446373472871,0.2575478469269568,1,interior
0.38149530024512046,0.22946658357058491,1,interior
0.36715354363064945,0.23517864086499288,1,interior
0.7669278704134967,0.2174132477774542,1,interior
0.7748348598365661,0.22033336252763927,1,interior
0.23658525399254646,0.35397881421775335,1,interior
0.19690463551104154,0.3773235414845513,1,interior
0.7513543725880386,0.20966300401837343,1,interior
0.7501013208627519,0.21952949065534919,1,interior
0.6883572623212034,0.13597713601143183,1,interior
0.704440895757038,0.14128214267942962,1,interior
0.6974479306343147,0.13741823071563214,1,interior
0.17682872508471728,0.351844517880525,1,interior
0.17051901506586628,0.33930851307703785,1,interior
0.1772814041930524,0.34346992372640844,1,interior
0.5941022854845485,0.225198747806923,1,interior
0.7539809847489464,0.18463682787285607,1,interior
0.7449757271107053,0.1829627829716295,1,interior
0.7419891546998683,0.1982558183209028,1,interior
0.7520425503345854,0.1999103888397769,1,interior
0.8505709122091654,0.2703403062801983,1,interior
0.18228220292080488,0.36634258198639585,1,interior
0.18517046916542776,0.35746233747397316,1,interior
0.1367085328444785,0.369745438641042,1,interior
0.1286322000164227,0.36846540249200693,1,interior
0.5604338001618392,0.22211396029867428,1,interior
0.559754413391065,0.23904853743252027,1,interior
0.5577096111355806,0.2296063589168631,1,interior
0.7369555856538365,0.16452321175370438,1,interior
0.8270924064168401,0.26558675292397343,1,interior
0.4841140221093494,0.24471896120058642,1,interior
0.8700269346401202,0.25126415537282465,1,interior
0.8588586627096478,0.2565949263146988,1,interior
0.8632478140956309,0.2651292419463959,1,interior
0.18495029735641721,0.34817524942708616,1,interior
0.1854925393039586,0.3396493851390688,1,interior
0.18622447103521664,0.3319256854662137,1,interior
0.46688054979590626,0.19895740970118034,1,interior
0.47597655211203255,0.20532215190553985,1,interior
0.468269132100163,0.21810373785774476,1,interior
0.4771105545215938,0.21365480707838866,1,interior
0.4584603398699518,0.20333383789434248,1,interior
0.7623091568727585,0.1974215708346176,1,interior
0.7486485116553174,0.19158369489138236,1,interior
0.12423429077901973,0.3601924600068995,1,interior
0.13446147687366766,0.36089228332468043,1,interior
0.2653713034202429,0.2961934933632673,1,interior
0.2557174817192897,0.2946477429301428,1,interior
0.5670347412361613,0.21771081524322594,1,interior
0.2606794295036135,0.28773564200283147,1,interior
0.25201650842379597,0.28475141187743036,1,interior
0.24638290316775557,0.2916989005864907,1,interior
0.2271904453655152,0.31893073217909357,1,interior
0.32927701292729183,0.24054630012684544,1,interior
0.3359922026122626,0.2445498842688617,1,interior
0.32171540873210297,0.240749110048274,1,interior
0.19536075812628184,0.3584662156189798,1,interior
0.19198822407725227,0.35208731623327577,1,interior
0.3925219887051901,0.24271457713620212,1,interior
0.43223604990605224,0.23219512598764205,1,interior
0.5530544309650754,0.2434264416418598,1,interior
0.5514849847127138,0.23536335542161738,1,interior
0.5541197018510731,0.25060361900024686,1,interior
0.4579139340443281,0.1960339707774959,1,interior
0.4756461914359209,0.19925810822215434,1,interior
0.46680956990778955,0.19039518784472503,1,interior
0.1914464678349753,0.3085791833334781,1,interior
0.20436990972027638,0.3117253540190466,1,interior
0.18759852389772003,0.3174126531448612,1,interior
0.56923961029062,0.18398787087895535,1,interior
0.5630056428285076,0.20183980203298396,1,interior
0.5600850699184429,0.19376660079041996,1,interior
0.5604056723975929,0.18474243896136414,1,interior
0.5383103781371964,0.2726126847056783,1,interior
0.4980394819212958,0.24678215074803497,1,interior
0.17780549352700117,0.3337589041257022,1,interior
0.4388227410457392,0.2738997334450997,1,interior
0.1415360743829308,0.36619834536193285,1,interior
0.26962088597563694,0.28905617236244646,1,interior
0.7417873146424875,0.22667148134744797,1,interior
0.7327233028095795,0.1568539392813053,1,interior
0.27304165381664874,0.2806746414161689,1,interior
0.2817843087123881,0.2798669930913069,1,interior
0.4133120653500768,0.24443421521333236,1,interior
0.42107464270870515,0.24544236164845612,1,interior
0.5690434317296219,0.20960834838348705,1,interior
0.5462578927539973,0.24827541587320387,1,interior
0.5403623372212287,0.2542030937112613,1,interior
0.5761656969464676,0.1777381635160719,1,interior
0.4272675206587804,0.23943201810074563,1,interior
0.16811719407069547,0.3316619274496517,1,interior
0.17409974313852558,0.3251996542627978,1,interior
0.1931543518493922,0.3445482737316761,1,interior
0.826609580234901,0.24330313602702444,1,interior
0.8181094606641306,0.2438180113231085,1,interior
0.8346191024252414,0.2425166787268121,1,interior
0.4495823742893341,0.20518372286957778,1,interior
0.4412683976690733,0.20639037667128593,1,interior
0.4518809503804996,0.19844555163618002,1,interior
0.5845071027755442,0.1597448866044818,1,interior
0.595266074690625,0.15705493155008285,1,interior
0.9008986084072195,0.25230885295072997,1,interior
0.4919870816563632,0.24085192940799258,1,interior
0.7071683334565352,0.133105719886354,1,interior
0.6926810128357079,0.12754542429146157,1,interior
0.6998685372658194,0.1286365567066053,1,interior
0.343100646394972,0.23644498530882488,1,interior
0.3507838233234396,0.23192374744575125,1,interior
0.3485652229910363,0.21776747880197544,1,interior
0.3553016066550813,0.22394344439058564,1,interior
0.3454573609683204,0.2262788444908018,1,interior
0.684258209141224,0.12687223375785606,1,interior
0.6801466050228834,0.13555667330962992,1,interior
0.23547893982257206,0.29951741160990747,1,interior
0.23003276332720515,0.3052614849420366,1,interior
0.12229450776007189,0.3523045439704356,1,interior
0.1153260905374122,0.3555399418529522,1,interior
0.13010988569546858,0.35238689239238646,1,interior
0.580435666829049,0.1683802571324257,1,interior
0.5854174572922718,0.17512820687370492,1,interior
0.5486413193000655,0.22671707377746644,1,interior
0.5437771881500849,0.23222993850847531,1,interior
0.543490791055275,0.239695097971022,1,interior
0.19000529690150036,0.36499258187399336,1,interior
0.34235471970445125,0.2112266264166706,1,interior
0.3582049654571885,0.2132233419926329,1,interior
0.33854050593599305,0.21964254351673462,1,interior
0.1786206044605282,0.3174430602334689,1,interior
0.16561278106976265,0.32286103595407983,1,interior
0.18265334982123016,0.32512118963853387,1,interior
0.1712250361588944,0.3178133929981183,1,interior
0.21755329290675318,0.30978201703130853,1,interior
0.21148150408735397,0.3137414982686161,1,interior
0.34309536000621527,0.24644379831963237,1,interior
0.15789005935039382,0.3185287805041073,1,interior
0.15124057072632593,0.32413762067776447,1,interior
0.7460450374163236,0.1637124657522668,1,interior
0.7526229601715713,0.16993753526042407,1,interior
0.35842426430213664,0.23327790709768878,1,interior
0.3643526119436302,0.22723019634101718,1,interior
0.24270219484897093,0.28289486949668735,1,interior
0.23649177187928822,0.290649194247992,1,interior
0.4353526460352657,0.2239809461263403,1,interior
0.6744742975486536,0.14337251824079436,1,interior
0.6760358891635444,0.1277322247121268,1,interior
0.6675393117239697,0.13063203107222407,1,interior
0.8735642824535889,0.2777807376032067,1,interior
0.3350764216036578,0.23638493738966546,1,interior
0.5869807325491513,0.14986276684103278,1,interior
0.6036640902673339,0.15059830540336286,1,interior
0.5957828077619997,0.1484859957703829,1,interior
0.6060690751144794,0.15874711340776534,1,interior
0.7748179223789361,0.21276092450051223,1,interior
0.7828331130175666,0.20987153863826155,1,interior
0.7763181569060099,0.20456080654991027,1,interior
0.7838218443136273,0.21779858721447617,1,interior
0.8460882673858784,0.26378321096549606,1,interior
0.6587450887476844,0.14515479591526295,1,interior
0.6661682506302234,0.1402089230012208,1,interior
0.6144080824049217,0.16190646108490897,1,interior
0.28620700234896784,0.27258221257350035,1,interior
0.2915778655433673,0.28001270282217067,1,interior
0.2888481702596076,0.263670976653287,1,interior
0.6733377046700002,0.11540592316550409,1,interior
0.6795922730697169,0.11813186951636334,1,interior
0.6632900389438036,0.12395623554247363,1,interior
0.32765653711228854,0.2320724396915518,1,interior
0.31910635490379086,0.23182542090490713,1,interior
0.26549430713078587,0.2817042155988552,1,interior
0.9097277894074975,0.3034398098042825,1,interior
0.19124771002720245,0.29768467586560954,1,interior
0.18182865085128716,0.3097006520725773,1,interior
0.18461470307491812,0.30322503192285766,1,interior
0.20041077037104196,0.3019910558326007,1,interior
0.3066739272018996,0.28614874271572877,1,interior
0.5379894165071122,0.24624495116301834,1,interior
0.43866657338256054,0.21536251310734542,1,interior
0.7288471357523846,0.14876729780339373,1,interior
0.841437041779245,0.2555382618672772,1,interior
0.8332685444754931,0.2496141341916945,1,interior
0.6296873714842004,0.13557536502175302,1,interior
0.6241894310775713,0.1421709378706601,1,interior
0.6386947204573812,0.13576033060392714,1,interior
0.14499751616634823,0.33087412813899547,1,interior
0.12519779722582866,0.33650542975961967,1,interior
0.12793336684955695,0.32665965617894194,1,interior
0.21062772906031224,0.30399117592703606,1,interior
0.1850666332071501,0.29124597984738576,1,interior
0.19160949127743485,0.2878451181388875,1,interior
0.19871882820746642,0.2912200618926918,1,interior
0.18228206290324925,0.29695500632029886,1,interior
0.652451673368353,0.11838920648418298,1,interior
0.6592735813224554,0.11687426862357923,1,interior
0.6585960433646346,0.13438705884107274,1,interior
0.65545833806212,0.1253559173381882,1,interior
0.3681146006671899,0.21289018469306728,1,interior
0.37061989086229863,0.2212031191199678,1,interior
0.6488201488781201,0.13238576461690427,1,interior
0.645294651644005,0.13811040080044337,1,interior
0.6219124890646969,0.13452651648577957,1,interior
0.6414016109110443,0.1279612783269557,1,interior
0.6299553908848038,0.12133852642054462,1,interior
0.6243634108734079,0.12688866129094195,1,interior
0.7704168331799215,0.1996985754893449,1,interior
0.7696202934788783,0.1923125700474748,1,interior
0.7633977993355702,0.1863081091511744,1,interior
0.7582408982997395,0.2052426985005215,1,interior
0.7665611334852845,0.2073533115754706,1,interior
0.5287715625261332,0.2376323855121188,1,interior
0.5258204102514042,0.23185966475208455,1,interior
0.6728431891278236,0.13555674667455045,1,interior
0.6752138879762895,0.10879566824218069,1,interior
0.6668177755046939,0.10494634657662438,1,interior
0.22131040400381585,0.30036630730695474,1,interior
0.20773399546333376,0.29345980451283754,1,interior
0.21188423983040341,0.28421760694605597,1,interior
0.1901163775461223,0.28064920943098254,1,interior
0.1970719226623469,0.2799317497377115,1,interior
0.5704556983667175,0.1687968305630161,1,interior
0.5740011282853895,0.16085789776865797,1,interior
0.5064114228989293,0.23680778372252287,1,interior
0.4998300312627861,0.23839928027695903,1,interior
0.7167924708473431,0.13480500837660866,1,interior
0.7061289916586978,0.12501649341661472,1,interior
0.1833761496574975,0.2834553923434844,1,interior
0.17842593437772022,0.2767091413952806,1,interior
0.1871861308049665,0.2733304932802551,1,interior
0.4173669185364021,0.23641652998491017,1,interior
0.5799591528570014,0.14563301568306986,1,interior
0.5919734584480885,0.14230429323984858,1,interior
0.5776410029543375,0.15329356498720384,1,interior
0.5848041231740818,0.13864329667366157,1,interior
0.23989203274013673,0.2753529657356363,1,interior
0.22621347094594288,0.2897508731244017,1,interior
0.23185631604507553,0.2806478415539952,1,interior
0.12413930734897231,0.34465956316516455,1,interior
0.11889230259854267,0.330248893213366,1,interior
0.11529569831079597,0.3381355857704237,1,interior
0.21427686207898133,0.2971304356567612,1,interior
0.13702291556638452,0.3275427002757115,1,interior
0.12541034105492754,0.31698907114837327,1,interior
0.13401580381976635,0.31853340893883675,1,interior
0.14301498864848342,0.32062388287551397,1,interior
0.394941443417714,0.25875379565261664,1,interior
0.5995403895738505,0.17075307455752614,1,interior
0.8591436147303835,0.27328783532577045,1,interior
0.8506957143074528,0.2581561736061908,1,interior
0.8552895988750818,0.26471774065028186,1,interior
0.10448007637566052,0.3367883291859743,1,interior
0.10797482513677167,0.35095241814231787,1,interior
0.11591623021049592,0.34717521853786887,1,interior
0.10921601076248916,0.3299073285800442,1,interior
0.6588176141417609,0.09993258477231554,1,interior
0.6595052960772697,0.10820996723706654,1,interior
0.6705834005027632,0.09159442297113973,1,interior
0.6807962987821238,0.10201283604696391,1,interior
0.6658489684893061,0.09714684886380293,1,interior
0.7549681894609054,0.1619678585578603,1,interior
0.7491114661460041,0.1551597147964347,1,interior
0.6601895457771161,0.09002286998702007,1,interior
0.6733125756403049,0.09982368987633393,1,interior
0.6677080325217125,0.08322945884574591,1,interior
0.28106305759892736,0.2668420587167059,1,interior
0.2766680197351856,0.2730002745080424,1,interior
0.5617484226389629,0.2098608939354804,1,interior
0.5535316327451667,0.20607036819882377,1,interior
0.5526271532994022,0.19789337099282436,1,interior
0.09932942322025073,0.32883370726377104,1,interior
0.09494485266520554,0.33732750617047746,1,interior
0.10884928658359456,0.34326032309130217,1,interior
0.6887228740686725,0.17751196126696153,1,interior
0.6887801493414253,0.11808972721170459,1,interior
0.6987265327773947,0.11868367221954074,1,interior
0.5903952715207156,0.20673010757966648,1,interior
0.22455985506768653,0.3112869477451851,1,interior
0.6796885968707921,0.09411325302968739,1,interior
0.6922339557087503,0.10907151157620433,1,interior
0.42390005022175375,0.23183413391799462,1,interior
0.5432892264132667,0.20127907582314417,1,interior
0.5508497773907377,0.21357776937142098,1,interior
0.48735721531979,0.21636528670325358,1,interior
0.48567292174596816,0.20765458118803637,1,interior
0.09760017200034957,0.35026121818142675,1,interior
0.10100295070154729,0.34534928008260496,1,interior
0.6174833957702399,0.1463455954450455,1,interior
0.6093693285274931,0.14425579859028226,1,interior
0.6007051452986578,0.1404987010256114,1,interior
0.9123484618902287,0.27498723208014136,1,interior
0.8993780242625274,0.27647629871330165,1,interior
0.3371053908024631,0.22905837984798438,1,interior
0.5449366384511451,0.1905775239810108,1,interior
0.5372657672786234,0.19538852631744588,1,interior
0.5317178276975822,0.2029913881468392,1,interior
0.5380737990676187,0.20959930196747897,1,interior
0.22926247391519042,0.2964513821897095,1,interior
0.44422712403224396,0.1976633270439667,1,interior
0.7565715485219024,0.19220443510804908,1,interior
0.8742063700699806,0.24556275942744113,1,interior
0.45956950221693815,0.1904811198157228,1,interior
0.4536507916931281,0.18238985193033094,1,interior
0.536377909721725,0.186738219414788,1,interior
0.5431112659377815,0.17860409985701484,1,interior
0.5508221527155116,0.1833049328552765,1,interior
0.8416383074521816,0.2467303924183422,1,interior
0.27303415720207375,0.2645385256457078,1,interior
0.2668433775950598,0.27307009121265435,1,interior
0.8019378404141824,0.21733812333285576,1,interior
0.7930463786329376,0.21931014350175185,1,interior
0.4071262785209774,0.23882783576044497,1,interior
0.08769419955102627,0.32908874569814256,1,interior
0.09627453592008055,0.3207838827408333,1,interior
0.10635822143086078,0.32035705163996836,1,interior
0.14348931270440637,0.3584679761215992,1,interior
0.17489688155774602,0.28291864322541016,1,interior
0.17628076804583284,0.2910047383294015,1,interior
0.8074611343264602,0.22635105944653477,1,interior
0.8117607962717892,0.23567371112172641,1,interior
0.8041977569489768,0.24211744133765123,1,interior
0.5529754966250696,0.22112432693083825,1,interior
0.5397351722309119,0.22499835234526133,1,interior
0.5352713718380357,0.2323815853466394,1,interior
0.5443830911093482,0.21759211502937692,1,interior
0.8569426854555461,0.24574578205386635,1,interior
0.8501290431933718,0.25102729478370606,1,interior
0.5352242828839031,0.2398185485759427,1,interior
0.1394697344586113,0.3105777033501524,1,interior
0.13007367105631437,0.3094061312002056,1,interior
0.1209919680262942,0.32283011884494067,1,interior
0.752462157890216,0.14743716106913068,1,interior
0.7471936930841101,0.14042787062818599,1,interior
0.7437025509578362,0.14819848082478665,1,interior
0.4585774669997938,0.17421083489325256,1,interior
0.45006561839965514,0.19026802657694766,1,interior
0.4501519449189621,0.1737082887460478,1,interior
0.4666104066640928,0.1775033358790128,1,interior
0.44375081230830216,0.1808138822891872,1,interior
0.4350712162486716,0.19830321553659155,1,interior
0.4402702276768568,0.1893412189473538,1,interior
0.2332194312121587,0.26874324392688786,1,interior
0.22381788009920556,0.27456579977628964,1,interior
0.5361247721124658,0.2175275201019354,1,interior
0.5300275417927547,0.2231403963414767,1,interior
0.5292426549406185,0.21263066860962168,1,interior
0.29840468825457256,0.2850353055631818,1,interior
0.1807680317179473,0.2641244095303901,1,interior
0.1756018808624863,0.26979577603229415,1,interior
0.7057523217757016,0.11321374648065627,1,interior
0.7094170684717875,0.11853665641776799,1,interior
0.17321106674604259,0.3101343583397454,1,interior
0.1583801364493335,0.30874099792262794,1,interior
0.2944019336030778,0.25738365282098014,1,interior
0.11605564471092901,0.31679164527318376,1,interior
0.4959616246112898,0.2215659681600799,1,interior
0.43707475197804685,0.2545358079733748,1,interior
0.11389256216607979,0.32394646444181774,1,interior
0.758708904879089,0.21386329890407327,1,interior
0.16653378415031117,0.3042661867795264,1,interior
0.1651558977096501,0.3135196834940478,1,interior
0.17561987173346508,0.30134859030262195,1,interior
0.6844674923319441,0.10900316656792187,1,interior
0.666749922818603,0.11400612258015194,1,interior
0.6471181207955421,0.12309212601803414,1,interior
0.6384919654720257,0.11958267943246532,1,interior
0.09157757752062082,0.3464476402690401,1,interior
0.08657765885018578,0.3385099088192151,1,interior
0.7780643610288571,0.19522018957387363,1,interior
0.7856939758378317,0.20245046594999416,1,interior
0.7154105664369806,0.12581509063042215,1,interior
0.7503250068163302,0.17732921145674627,1,interior
0.8304064364931415,0.23665965437310532,1,interior
0.8407683474155199,0.23743609696326465,1,interior
0.8342209639970853,0.23056308610773865,1,interior
0.7179830015167568,0.2162163345134582,1,interior
0.710956298265039,0.13965470282025347,1,interior
0.1695558062280448,0.26125223793917923,1,interior
0.16570476400323758,0.2681801865801422,1,interior
0.1683784962327139,0.27666140844754317,1,interior
0.24946394092591534,0.2740500290886869,1,interior
0.25826345209740326,0.27809286368692265,1,interior
0.4935933309844999,0.23136023334150294,1,interior
0.5018843759878764,0.22954003450770935,1,interior
0.5025983751196366,0.21497988644491298,1,interior
0.49484146462064643,0.21149240333037264,1,interior
0.5208621118369574,0.20726324805671917,1,interior
0.5237482858302214,0.19920965652513958,1,interior
0.758771225667175,0.17710016292283823,1,interior
0.7631466712704494,0.16831861227869588,1,interior
0.10465459219720023,0.3559150971592267,1,interior
0.08216226682007861,0.3451490798775884,1,interior
0.0776551819728065,0.3360136613791039,1,interior
0.07657339289591818,0.32802320372526317,1,interior
0.3880396053012286,0.23008556777791825,1,interior
0.38592276770617057,0.24642066320258355,1,interior
0.3921170917933992,0.23529101903312827,1,interior
0.4945300335439393,0.20233905918695214,1,interior
0.48407638704761674,0.19758262850100644,1,interior
0.48588124816525774,0.22568606404560362,1,interior
0.07418706619296969,0.3420265208359856,1,interior
0.06825057519701529,0.33193049689705023,1,interior
0.1493860606729661,0.31291434536252993,1,interior
0.15917194789108113,0.2991644713164728,1,interior
0.15212699382432837,0.3038356755290571,1,interior
0.6710012559222819,0.12196344544401715,1,interior
0.12035198828004773,0.30958113518929226,1,interior
0.13439943029256085,0.3003585209392888,1,interior
0.12437646658603267,0.3021389123566474,1,interior
0.5724952259314755,0.14645267151654745,1,interior
0.5682517215925897,0.15233994036511342,1,interior
0.6501118837332359,0.10487116336552138,1,interior
0.8935763076692318,0.23553084315509326,1,interior
0.39894581252579314,0.23661156873721054,1,interior
0.40316712566923507,0.22918715551754507,1,interior
0.7921950604082786,0.2108339263678594,1,interior
0.7797856199409484,0.22635985927067628,1,interior
0.3376906113328112,0.2045450671460935,1,interior
0.34583939085916465,0.2019224301747773,1,interior
0.33343723618758375,0.21132542719470573,1,interior
0.7954938042378813,0.20075086602215658,1,interior
0.781555834439475,0.18749311244150285,1,interior
0.787658331154054,0.19394292202754673,1,interior
0.6156082255690807,0.13002306986328638,1,interior
0.6157195646910557,0.13867164296651996,1,interior
0.6173762551131424,0.1222610563291174,1,interior
0.33649164672380255,0.19602877497770135,1,interior
0.32969830231394726,0.20329643945490775,1,interior
0.5220655479500843,0.22521296311301206,1,interior
0.5215053870959688,0.21697468818669022,1,interior
0.5147631291808156,0.22302443805787378,1,interior
0.7924082451124004,0.3094994208077032,1,interior
0.3265285104067714,0.19479436093637703,1,interior
0.33175592125291614,0.1884606325709115,1,interior
0.3445460912501358,0.19306890195791496,1,interior
0.1675157414014392,0.29502397552985155,1,interior
0.7735468332302371,0.1850539322730997,1,interior
0.17012093208537563,0.2526411383387652,1,interior
0.15642397926927107,0.2623814429343265,1,interior
0.1613588323393689,0.2543623618678686,1,interior
0.16735664540622444,0.285995693203239,1,interior
0.158954853581176,0.2901371618247308,1,interior
0.15074574853342962,0.29527636717926303,1,interior
0.3564033415381204,0.20344650045085735,1,interior
0.3526901029922058,0.19514771872680817,1,interior
0.05941840742644476,0.33343560063315214,1,interior
0.06728183002167339,0.3383474307791364,1,interior
0.06011554158972305,0.3255710044128343,1,interior
0.19041722978337763,0.2648113447139591,1,interior
0.5535081732640054,0.19015502390325528,1,interior
0.051570395037935,0.320225745284657,1,interior
0.05768000818350126,0.3170457496025264,1,interior
0.051946682924068094,0.32779419017510775,1,interior
0.06861488592147742,0.32514122267944845,1,interior
0.7404967420699586,0.1358808411278532,1,interior
0.7552801631876993,0.13475576158653824,1,interior
0.7562748663197658,0.1411051065700687,1,interior
0.7361310627043688,0.1424580375530357,1,interior
0.7473645568269237,0.13202790425255231,1,interior
0.2413526411839273,0.2619502697178345,1,interior
0.22345367084212092,0.26701321303457726,1,interior
0.2273128483143103,0.26050457408484384,1,interior
0.23557597572853217,0.258219114143253,1,interior
0.1980772288777888,0.2697899626666555,1,interior
0.206598433653803,0.2753201270083467,1,interior
0.2041512985057612,0.28471122646161895,1,interior
0.15829031348644512,0.27267871936865384,1,interior
0.1460907692084608,0.2639702227093955,1,interior
0.15130142490407048,0.2534145500842602,1,interior
0.15038580208563646,0.2694239968349559,1,interior
0.565266143072771,0.14124837741319968,1,interior
0.5637031865559835,0.16026103581097548,1,interior
0.5602303971050105,0.15020393660446152,1,interior
0.5557448115673074,0.15641756104181284,1,interior
0.4795911479373865,0.18718448839457488,1,interior
0.4874724794490449,0.18891709932019013,1,interior
0.4745200199330723,0.19283396828997,1,interior
0.4949571082830991,0.19365778459788444,1,interior
0.14422034348412363,0.3025884172663876,1,interior
0.7364052985991887,0.15032742314336242,1,interior
0.7409545433718465,0.15655925598998136,1,interior
0.6460888079752178,0.1140661513388626,1,interior
0.39951841295744295,0.2454695952704199,1,interior
0.2174208582747791,0.29078956043073423,1,interior
0.5278511631432884,0.1856145050465947,1,interior
0.5153203866934447,0.1990375040015088,1,interior
0.5206454192896504,0.18429041468426643,1,interior
0.6013519305448772,0.1297878808120059,1,interior
0.6082048119106814,0.1344067829665,1,interior
0.5935829764376357,0.1341996184468297,1,interior
0.3310918209854116,0.22437839540316235,1,interior
0.6392664701253162,0.10903787310554043,1,interior
0.8257733828195697,0.23068640320815686,1,interior
0.1593936694629445,0.3286748293663253,1,interior
0.05215027952099973,0.3326470207975008,1,interior
0.517842476281521,0.23215289171782608,1,interior
0.5118453402246568,0.2135862267710221,1,interior
0.5102417092102695,0.23033506191556227,1,interior
0.757609251525693,0.15377260448418215,1,interior
0.7663557249173193,0.15323868970534793,1,interior
0.7617637512273623,0.14630019253350032,1,interior
0.35039129425934396,0.20958799844962533,1,interior
0.36288932187184963,0.21968342236337515,1,interior
0.36607081063979413,0.2047803116892135,1,interior
0.1402829111092825,0.25145866313689297,1,interior
0.14603552812157963,0.25822383467385024,1,interior
0.14789619605451065,0.2469172304611583,1,interior
0.15685603263860126,0.24586196530447252,1,interior
0.15112546626140466,0.24060511416753907,1,interior
0.21539537704676442,0.27726955585357815,1,interior
0.2071511287362883,0.2636873110918256,1,interior
0.8178875888628206,0.22679217741438865,1,interior
0.8211260485611622,0.23606630241169246,1,interior
0.3631219029600364,0.1955272020117708,1,interior
0.35651682898043213,0.18895144134622482,1,interior
0.5366346971118705,0.16867866752755317,1,interior
0.5543223345215953,0.17508203539204364,1,interior
0.5463741936366083,0.16834978163468506,1,interior
0.533168688995193,0.17787140966088502,1,interior
0.6199981386157287,0.10850806230624402,1,interior
0.6012894670749875,0.12013642449831413,1,interior
0.6234563191398445,0.11640415085600639,1,interior
0.6073996532348017,0.11311117525942323,1,interior
0.6091835712950815,0.1235852186448991,1,interior
0.15870917096833717,0.28105589670156533,1,interior
0.8226105024685814,0.2174394326298981,1,interior
0.816327042334574,0.2119894978845367,1,interior
0.19791554497526787,0.25912344323505065,1,interior
0.19176640926181862,0.2583428696371185,1,interior
0.5062501956752491,0.22193312814023644,1,interior
0.8619686988505366,0.23724935247027779,1,interior
0.8520449553223165,0.23526199353812674,1,interior
0.8656471837584342,0.24489730686686217,1,interior
0.8635576551602206,0.25213391127170187,1,interior
0.373445622124777,0.19655206281524043,1,interior
0.3765423132828232,0.20602451553302975,1,interior
0.3756884046433275,0.21481609178908276,1,interior
0.15782408830439712,0.23658834845347168,1,interior
0.1629589494237747,0.24012811986307064,1,interior
0.16607345327773343,0.23270483546418932,1,interior
0.16609570207679908,0.24654881433013195,1,interior
0.5712042627348749,0.1342442010338526,1,interior
0.5755070374862027,0.1391401922704747,1,interior
0.5566924591454894,0.1333974385703011,1,interior
0.5564501360998386,0.14242123430147374,1,interior
0.1266289758059681,0.29477989856378806,1,interior
0.11494080718868005,0.3027571058750766,1,interior
0.11899962207310326,0.2951090944100264,1,interior
0.13223447387584464,0.33423537724844,1,interior
0.13687578145092338,0.26136759000442833,1,interior
0.13116068366599876,0.25232319187133007,1,interior
0.13336417692508687,0.24386320326313063,1,boundary
0.1426432501769856,0.24591315499437888,1,interior
0.5349985495124558,0.1599623413355258,1,interior
0.5284866025951016,0.1618175704975757,1,interior
0.5275272360291559,0.17002128845716136,1,interior
0.541513843019589,0.16045272318889617,1,interior
0.529428079258782,0.24496181136724923,1,interior
0.15039078344911042,0.28630684594405614,1,interior
0.5934079476707578,0.11540468100572049,1,interior
0.852786691847541,0.22433175620795345,1,interior
0.8610125710155746,0.22930820183924047,1,interior
0.8437646586209085,0.22952203651415712,1,interior
0.4290408881887365,0.256901253995645,1,interior
0.5485883605620484,0.13932541648513175,1,interior
0.5505207878027404,0.14887057851953991,1,interior
0.61452960958858,0.11464353703227852,1,interior
0.37080141260412636,0.18839478907617724,1,interior
0.2506273705904905,0.260836205951891,1,interior
0.23559470629788473,0.24894221497051683,1,interior
0.36643593944820796,0.18036160543035726,1,interior
0.3482762255779049,0.1852622691021876,1,interior
0.35657606169452377,0.17989531046017132,1,interior
0.7170414990651658,0.14277770286718294,1,interior
0.8828811139342346,0.2318500906328153,1,interior
0.8886748277270029,0.22907131028143113,1,interior
0.8936451585746846,0.22577285508969602,1,interior
0.43397761486890535,0.18202032205059826,1,interior
0.43571157924597365,0.17394434951855567,1,interior
0.4426079409349198,0.17210859104541493,1,interior
0.5790233595958314,0.1297563112960929,1,interior
0.5245528852466185,0.17784129852315975,1,interior
0.5578371475388172,0.2147750515267751,1,interior
0.5302921235404116,0.1544951424386269,1,interior
0.5193254410614688,0.17121240385093547,1,interior
0.5226662772888787,0.15307790592569298,1,interior
0.175681786662614,0.2447570511561945,1,interior
0.16979123955266923,0.23950742484595575,1,interior
0.24333103828371902,0.2526804000976235,1,interior
0.2435255866117137,0.2683361290199745,1,interior
0.175595306343881,0.23465904102626886,1,interior
0.1661641772564265,0.22612605393563562,1,interior
0.17380752466563967,0.22694302792815346,1,interior
0.044187073023139595,0.3236122983121655,1,interior
0.21044786149713043,0.2537048342246602,1,interior
0.21743731834779853,0.260065251393364,1,interior
0.32357315077409216,0.21123541008937816,1,interior
0.329711968542666,0.21743717463716433,1,interior
0.3216989993368425,0.20201689557798108,1,interior
0.4082875233596265,0.22311400655626823,1,interior
0.40001522097069764,0.21924303242802448,1,interior
0.3954612550845165,0.22791144969594557,1,interior
0.11072012961560675,0.3107992859936048,1,interior
0.03716340846239476,0.3263952247229895,1,interior
0.767400794713026,0.17701955155962315,1,interior
0.8312446693306782,0.2182801873185854,1,interior
0.8226609527087663,0.20882654919769625,1,interior
0.5615961208784326,0.16893114402260623,1,interior
0.631818490820917,0.11427926193116685,1,interior
0.32304468071134124,0.22236324006198815,1,interior
0.4780534111088846,0.17330057445474706,1,interior
0.4708697687034637,0.18475513150021794,1,interior
0.48499648231857123,0.17964090790880174,1,interior
0.474881564639614,0.1785900693243233,1,interior
0.21643219127965185,0.25099477435383244,1,interior
0.20500833579199415,0.24715063948034405,1,interior
0.21109655894871437,0.243570455165271,1,interior
0.565219361064328,0.1764216978655813,1,interior
0.22331526580827424,0.2527762990375623,1,interior
0.5036052511428969,0.1879815560409534,1,interior
0.5046876718250662,0.19811748609870003,1,interior
0.4941639387195547,0.18430971141393693,1,interior
0.3887835309753701,0.22142476931275717,1,interior
0.3792970116908623,0.2217010039513296,1,interior
0.7251876430667163,0.14052951036699102,1,interior
0.1916341478697602,0.25157659831168905,1,interior
0.19799297775595237,0.24858165569772797,1,interior
0.5456605524667578,0.2089671957658202,1,interior
0.6534930374614436,0.1117999181145815,1,interior
0.20196429098819393,0.3706118795297422,1,interior
0.23024071536836824,0.25335799653706437,1,interior
0.2403967014293924,0.24392922346683382,1,interior
0.2468392515495166,0.2430356467202408,1,interior
0.8087844943586456,0.2104875838283601,1,interior
0.8006618456432741,0.20848055757789571,1,interior
0.46050168743945064,0.1675695816350283,1,interior
0.10174721496080774,0.31206542250556096,1,interior
0.4684824519710374,0.16974067653418126,1,interior
0.45392981195376897,0.16464558115932484,1,interior
0.4621876671920046,0.18316591245517025,1,interior
0.5548260501984712,0.16482912077670298,1,interior
0.6433786329213202,0.09034433604551811,1,interior
0.651567727079063,0.0943273835252688,1,interior
0.6431832013858735,0.09959072860288865,1,interior
0.47688638609066275,0.16655500454957237,1,interior
0.48598707027979166,0.16929604432934053,1,interior
0.2677938430131619,0.2580928819337155,1,interior
0.26471026023341343,0.2649961735699808,1,interior
0.2574944619321109,0.26834060368733076,1,interior
0.42985119177919145,0.21702638480561623,1,interior
0.7325088262986929,0.13398308664411535,1,interior
0.7242766133983363,0.13000088333464352,1,interior
0.2571941515769202,0.2509036449630846,1,interior
0.49397245774658377,0.17489074788272294,1,interior
0.49622127612058137,0.16557841420676553,1,interior
0.48171470121619603,0.16042608150264434,1,interior
0.48875906232969635,0.1610515561628254,1,interior
0.11513521878383984,0.28879519688526967,1,interior
0.11012391752307708,0.2956024657686676,1,interior
0.1319522693058266,0.2902246435082742,1,interior
0.5006374123945607,0.1796559141160743,1,interior
0.21653138032951705,0.2364622696922225,1,interior
0.2089514273181469,0.23474615853283382,1,interior
0.20128374933646512,0.23877438973760806,1,interior
0.43300414542400995,0.20829044678316677,1,interior
0.7323895691510818,0.1251635166223256,1,interior
0.8403425952833404,0.20885183745268357,1,interior
0.827651392338606,0.22446292271381948,1,interior
0.8389406331698511,0.2160709689477175,1,interior
0.8445910956822995,0.22176160180460225,1,interior
0.8307356933074149,0.21083132068600902,1,interior
0.703832198620849,0.1005797777209267,1,interior
0.6999880818186587,0.10857231562699975,1,interior
0.714290203505782,0.10993207314859757,1,interior
0.42055791876882986,0.19993710150859906,1,interior
0.41791475202966316,0.20799517664355172,1,interior
0.4266238252889531,0.19473327527991055,1,interior
0.42666829084304,0.20319819648380144,1,interior
0.4189768403945226,0.19262645604205472,1,interior
0.4131489138131858,0.1997576665366253,1,interior
0.40930542568398376,0.20647038310581994,1,interior
0.21366894084013696,0.22695543231909238,1,interior
0.2042092882390246,0.22792253424376294,1,interior
0.3930128308132919,0.21214150532002582,1,interior
0.3836881788169378,0.21323202067582117,1,interior
0.8366910916113407,0.22383436082622277,1,interior
0.4253339354700197,0.21083952331587658,1,interior
0.46247062764753233,0.16074451281299587,1,interior
0.45569711640779387,0.15347586546957817,1,interior
0.44809571461989933,0.1507448891332731,1,interior
0.4390617876578574,0.1642786002552316,1,interior
0.4470063634617268,0.1586581757922008,1,interior
0.21509586518075088,0.26956023941773893,1,interior
0.6672984531618169,0.166000850336338,1,interior
0.8700617656373352,0.2389189644187731,1,interior
0.04435270139577596,0.31461517465155087,1,interior
0.03654761464226716,0.3178986071878422,1,interior
0.02931209995464158,0.3212207698126589,1,interior
0.1775050302058937,0.25495250418810295,1,interior
0.3479876068324976,0.1762296409769609,1,interior
0.34035712469362006,0.17765396404070263,1,interior
0.3392727715847004,0.18639054033259658,1,interior
0.6890016747341378,0.09801198383374743,1,interior
0.696182695274733,0.10159821657556936,1,interior
0.6340649656022458,0.08685590927784277,1,interior
0.6353014003481946,0.10223555439021174,1,interior
0.6503958960749276,0.08244373275272729,1,interior
0.6350996000233357,0.09428827148354331,1,interior
0.6410911164571059,0.08264645368741244,1,interior
0.7744029573030307,0.16966479688028574,1,interior
0.7742937274355478,0.17719938856220163,1,interior
0.06450523028892383,0.31813755411130556,1,interior
0.06768888341029031,0.31184805443830027,1,interior
0.060278729937352574,0.30850586471199914,1,interior
0.05185158960784045,0.31100424771887414,1,interior
0.31339840817914993,0.2398070740887797,1,interior
0.31053491491653407,0.23102881312960466,1,interior
0.7743304320857234,0.15411937018227678,1,interior
0.7625474828719925,0.15999428723961956,1,interior
0.7717959867103981,0.14554254592252333,1,interior
0.5038480297718946,0.1713765107403963,1,interior
0.508139638391034,0.17967536357658664,1,interior
0.1829389261753482,0.22896076335164398,1,interior
0.17150969480876238,0.2192740788050708,1,interior
0.18043329725521948,0.220851253342893,1,interior
0.17793377871700883,0.21421929940565693,1,interior
0.3236283229993585,0.18555898383182892,1,interior
0.32615811543352574,0.17681348638598074,1,interior
0.6287296156943868,0.0984162033499689,1,interior
0.6284269646827766,0.10722674669543486,1,interior
0.5033279346152518,0.20718793618067907,1,interior
0.5113915038643395,0.20501339900714885,1,interior
0.8336214821571446,0.20440721922220587,1,interior
0.8256404112507292,0.20125496645629667,1,interior
0.8401820565805166,0.2005364915175272,1,interior
0.5945036749998713,0.10448657057124752,1,interior
0.5848027079485189,0.12048003334992084,1,interior
0.5866396265650925,0.11013650747860082,1,interior
0.6000893301547974,0.11149618303116426,1,interior
0.5870493754600907,0.12953946564722954,1,interior
0.14875680315035322,0.277078333619298,1,interior
0.14159125714752477,0.2701192384126712,1,interior
0.28573946584281273,0.25389651011065384,1,interior
0.28053768132009965,0.26006440489049626,1,interior
0.10658473175234078,0.2810137924487608,1,interior
0.12315679943267076,0.2861430954072772,1,interior
0.11539509064171724,0.2805623756514143,1,interior
0.10776977430172445,0.28783264651789037,1,interior
0.848451460395216,0.24286600482503323,1,interior
0.87139868629397,0.2317566320934383,1,interior
0.8685459001705464,0.22452558458397406,1,interior
0.8623289042931495,0.22045170546406015,1,interior
0.4169907894343324,0.22540242097493174,1,interior
0.410768911175034,0.23072229540173472,1,interior
0.6945644581698146,0.08804767228677442,1,interior
0.6859167967873162,0.0879676477160606,1,interior
0.6989831731871781,0.09379494048003749,1,interior
0.6242159924513875,0.09034086055434148,1,interior
0.7706348857151886,0.16142863134218857,1,interior
0.13244636254213762,0.2710136675590118,1,interior
0.12680562962329042,0.26401432916586604,1,interior
0.3091359731594782,0.1984173151323015,1,interior
0.30563527317179884,0.20476096383080405,1,interior
0.31543229266231704,0.21595546328704263,1,interior
0.3167283828482385,0.1944472097567698,1,interior
0.2248280501106296,0.23843799861180667,1,interior
0.22182173825172438,0.23081704679264683,1,interior
0.7614158473955871,0.12835841136593187,1,interior
0.7399321165162313,0.1283307730360805,1,interior
0.7475953187438176,0.1236573503728432,1,interior
0.8483898589377686,0.21424014231522,1,interior
0.8566412704808958,0.21597325700669337,1,interior
0.26601723168155084,0.2497993900668268,1,interior
0.25065803837556266,0.2502851870310122,1,interior
0.2544185906350475,0.24205323381391872,1,interior
0.2599050969175721,0.2584803915139395,1,interior
0.8193774801823647,0.19459713725841657,1,interior
0.8154896965492933,0.20331216368970578,1,interior
0.3032483469578021,0.2295353966002581,1,interior
0.30824855987969546,0.2466146633683096,1,interior
0.3037773906328453,0.23798529647001615,1,interior
0.3012431660644486,0.24669258904634178,1,interior
0.3751268362779855,0.1811048566979581,1,interior
0.3620126447675494,0.17265580263142208,1,interior
0.3721472973551987,0.17385460430601926,1,interior
0.8785563008763814,0.23877210399883161,1,interior
0.6035715915859767,0.1036177920625697,1,interior
0.3401222113780797,0.2631243439757906,1,interior
0.6265489194566928,0.08233871602249263,1,interior
0.6334603789197136,0.07804203572061279,1,interior
0.7835818647701404,0.16971076252176437,1,interior
0.7813682485528906,0.17822028284662017,1,interior
0.78089278573602,0.16079621126273994,1,interior
0.8021908410480844,0.1950891310138741,1,interior
0.7955754123861952,0.19089085813324277,1,interior
0.40312824693306304,0.19837791583774284,1,interior
0.41076971547391977,0.2155860774654564,1,interior
0.4022222026590649,0.20949439789568602,1,interior
0.5131567553680952,0.18594360233421248,1,interior
0.46529224173912453,0.15189870092162458,1,interior
0.45218860320123083,0.14261613939203957,1,interior
0.4612925000160284,0.14442462900608036,1,interior
0.7813850728387425,0.1420619380277919,1,interior
0.7812769211219693,0.15073818277768186,1,interior
0.7251349585937732,0.11992316967772891,1,interior
0.5744775056222472,0.1196294352758167,1,interior
0.5791897790750304,0.11292266247424984,1,interior
0.47181160680267514,0.15953169821326815,1,interior
0.3072091951502289,0.19040690756713008,1,interior
0.4206037668381238,0.2173224375799614,1,interior
0.4264706329854306,0.2247548766414197,1,interior
0.7887435494454843,0.1846558963170525,1,interior
0.8709089156959838,0.21665441302331626,1,interior
0.8767991430436961,0.22385215111903667,1,interior
0.22131850677376072,0.2828215820647774,1,interior
0.43961154916712303,0.15356935789739182,1,interior
0.43046160633475855,0.16788476156581425,1,interior
0.4330560516853447,0.15972740177185024,1,interior
0.4583945070987028,0.13639971819038071,1,interior
0.45137335810993345,0.13142380152225616,1,interior
0.4434183709437936,0.1373383129809982,1,interior
0.18685070472608326,0.21386197318358077,1,interior
0.18927393834097062,0.22275902199465503,1,interior
0.5372064080241014,0.15248450313568737,1,interior
0.08819842941825323,0.3189132499997511,1,interior
0.0874724233616046,0.31204366349845625,1,interior
0.09366532106616332,0.3120245658762205,1,interior
0.08138800761827802,0.3218718498284248,1,interior
0.3152962177107015,0.22437151254108514,1,interior
0.30693466869140806,0.21249709644888523,1,interior
0.3072865577058991,0.22167314767109847,1,interior
0.5204003340490923,0.19162384318350853,1,interior
0.18382471332798625,0.23794726543216493,1,interior
0.1931269369448592,0.23208929861974253,1,interior
0.812395853748436,0.2188476854622998,1,interior
0.29903691838659374,0.2240099758149841,1,interior
0.3589082803865642,0.1631402899294154,1,interior
0.35246890707171136,0.1699309730046096,1,interior
0.34231945821256243,0.16880194465874046,1,interior
0.6126793946273228,0.1044188696262219,1,interior
0.5295856324546282,0.19354976963697013,1,interior
0.5112917802828566,0.19262394433093238,1,interior
0.5223271378324225,0.14247183688660855,1,interior
0.514266381661577,0.147361124865344,1,interior
0.5140906525581425,0.15729480305845384,1,interior
0.5305937294261732,0.14680928130900936,1,interior
0.5209114728652244,0.16299740967342483,1,interior
0.38261258347612603,0.1970140156797967,1,interior
0.3869679799209695,0.20472175929031886,1,interior
0.4369472468267303,0.14439389520496532,1,interior
0.863474806686086,0.28862199646993875,1,interior
0.7079602112197735,0.0936764672327649,1,interior
0.7044538438564008,0.08543647833236812,1,interior
0.6215373298611023,0.10038327258584885,1,interior
0.08108377025772247,0.31280884526410285,1,interior
0.07802432912924975,0.30370541492827474,1,interior
0.08723645189908427,0.3052097125898355,1,interior
0.07352356731685179,0.3186730623096932,1,interior
0.3629887981141317,0.15603219669899498,1,interior
0.3544706333296683,0.15342183261757691,1,interior
0.36911862322607486,0.16033169623159302,1,interior
0.36793003332745516,0.16728132528900985,1,interior
0.3472358284507183,0.16093100063968066,1,interior
0.3958385640915371,0.2040493824323663,1,interior
0.2358682889086505,0.23011635751020307,1,interior
0.22006627533040415,0.2445507378057773,1,interior
0.6587524194461682,0.081087315214065,1,interior
0.5405122884747352,0.14403298311976553,1,interior
0.5439838041995236,0.15246702566556766,1,interior
0.5488559314515684,0.15870926427806528,1,interior
0.5937864510423375,0.1247971592147259,1,interior
0.41817447081544423,0.18438238190859893,1,interior
0.4324301665322504,0.18971720523628222,1,interior
0.12413965201809683,0.27528719495715825,1,interior
0.13035190493546583,0.28071970536278296,1,interior
0.1187379571949788,0.27111594888507795,1,interior
0.11018018801731011,0.2747670495510835,1,interior
0.676976450097667,0.08634093630344415,1,interior
0.5708464371954635,0.10901521631172988,1,interior
0.5789075041075304,0.10391386566208356,1,interior
0.5862985432626733,0.10153552382107334,1,interior
0.380726618758899,0.18703612885439072,1,interior
0.7072970236176418,0.10673459962883594,1,interior
0.31407478175673514,0.1848526899756999,1,interior
0.2999859212744601,0.1976426148042417,1,interior
0.31441099095237884,0.2057989987024129,1,interior
0.7137169138444645,0.08803073560007024,1,interior
0.7055299640022893,0.07495611221796614,1,interior
0.6962914494632516,0.07342834407845425,1,interior
0.711764719453309,0.08066330251837865,1,interior
0.8102451922217044,0.19497974484619007,1,interior
0.8132301920782198,0.18742093600502932,1,interior
0.8042771009949073,0.18676880437760932,1,interior
0.11867463291650539,0.26311838395152404,1,interior
0.6987549075059594,0.0805607054304022,1,interior
0.6909313439594132,0.08035567315069352,1,interior
0.6827778084357146,0.07999714878536307,1,interior
0.691878077662378,0.06605946669986318,1,interior
0.7176768539499682,0.11709800422787213,1,interior
0.7156996933382521,0.09556146400400871,1,interior
0.18395148670995573,0.2477840230851968,1,interior
0.1917674558872239,0.24216583806419378,1,interior
0.29859080676943145,0.21638816021164975,1,interior
0.29814936227862754,0.2080293730715416,1,interior
0.060110779296409254,0.2980005291331363,1,interior
0.06656993960773024,0.29465446772599446,1,interior
0.05257828338743795,0.3013262153900256,1,interior
0.06857151254907973,0.3029533339685541,1,interior
0.5315596890963464,0.1384777584308535,1,interior
0.5400910320710611,0.13362716745989733,1,interior
0.37070482417334594,0.15090455022756924,1,interior
0.36221215366429294,0.14962141956751276,1,interior
0.09964962393195868,0.28554939119779243,1,interior
0.10052112585500586,0.2948842852808261,1,interior
0.7214204434274005,0.10193556948533543,1,interior
0.7202457337189214,0.08251437260743592,1,interior
0.7277845859519513,0.08834170981062084,1,interior
0.7122353254542643,0.10146922846102165,1,interior
0.4707066701146987,0.14246121017879604,1,interior
0.47267967792947346,0.15070452876397447,1,interior
0.8643318104263357,0.21159846751651026,1,interior
0.8734969008060699,0.2074219071209786,1,interior
0.8787460992997106,0.2153610521483927,1,interior
0.764507036716241,0.13751868223482486,1,interior
0.42588264147217936,0.17693423404020628,1,interior
0.02963524816060778,0.32850923009604927,1,interior
0.18542069836864614,0.257138664632999,1,interior
0.7236231310292145,0.11027298074573895,1,interior
0.6135836899804258,0.08777109235676706,1,interior
0.6175296811659924,0.08013649313323616,1,interior
0.37768955525408454,0.16575603544382253,1,interior
0.26138046078555877,0.24279456369590538,1,interior
0.2593438439458103,0.23358638396154402,1,interior
0.24989306017714621,0.2340482843054177,1,interior
0.34641885856226035,0.15190824719265955,1,interior
0.7901547630346561,0.13805006202984785,1,interior
0.789204503676046,0.14700190223774864,1,interior
0.7834403524241659,0.13341267689950623,1,interior
0.7775740085765779,0.12969252569100995,1,interior
0.09667927494834642,0.30388360312542734,1,interior
0.8013153189720897,0.17743017750932802,1,interior
0.13663324746256728,0.28501586441645566,1,interior
0.29488930789054335,0.25038161482253546,1,interior
0.021534175107505223,0.3177248903056763,1,interior
0.021249235821576173,0.32466461786215245,1,interior
0.036895482872130604,0.3093886704715573,1,interior
0.027630397988952664,0.31207696526249784,1,interior
0.4794142413608966,0.14623975142811024,1,interior
0.4735777517603803,0.1305083815904542,1,interior
0.4780512959984812,0.13853737883147782,1,interior
0.46596317191928927,0.1362331675632215,1,interior
0.6073127831735724,0.0805532157613435,1,interior
0.6094439054953826,0.07266524562750756,1,interior
0.6251765796606132,0.07478623411668002,1,interior
0.6178155313920447,0.07126375251570279,1,interior
0.740312649855071,0.11990633343479788,1,interior
0.7337784111286842,0.11743534182983839,1,interior
0.1385042910646412,0.2773548330384356,1,interior
0.7675076859143404,0.12083910142014911,1,interior
0.7565151431916323,0.12042692692335213,1,interior
0.7537186971023686,0.12778058050010194,1,interior
0.5485113630885646,0.13157419612473698,1,interior
0.5669995566475338,0.12318597408356169,1,interior
0.5517925785167784,0.12442408381800603,1,interior
0.5596518701464146,0.12397178734597925,1,interior
0.0998533363266347,0.2766081551986385,1,interior
0.11338983272538664,0.26838328502061015,1,interior
0.4113807440747425,0.19180047425490787,1,interior
0.4113989834189969,0.18400094241619222,1,interior
0.4255980270214345,0.18609366839680863,1,interior
0.3731330097841665,0.2288085267444132,1,interior
0.2035804792477908,0.2547959761522356,1,interior
0.21774379069635375,0.21884468503014637,1,interior
0.2283489181434869,0.22585339051964062,1,interior
0.6160608409695965,0.0954057555204807,1,interior
0.42998580328255376,0.1438772619025144,1,interior
0.4302096997722972,0.15249797579131827,1,interior
0.8375834517304556,0.1933371940869391,1,interior
0.09084672450231328,0.29694253096488127,1,interior
0.10559490367851788,0.30327648907486704,1,interior
0.2949091415316162,0.2316837951723685,1,interior
0.2915629942597857,0.22188572678477056,1,interior
0.4941719597409195,0.15701252787004089,1,interior
0.5058562941429757,0.16223736894285537,1,interior
0.5006273970548827,0.15784512477056165,1,interior
0.8853303907866428,0.22146333280982325,1,interior
0.8916065342796461,0.21649365549963473,1,interior
0.5118542703132837,0.17316479972834964,1,interior
0.2882948095526988,0.212557421935158,1,interior
0.05332594061437182,0.2914556621664991,1,interior
0.06078021255689843,0.2877494080077397,1,interior
0.06916315828062214,0.2881311304880453,1,interior
0.38253672700846264,0.175136191034015,1,interior
0.623976265384087,0.06805527980353544,1,interior
0.6317937620993459,0.06890575811922121,1,interior
0.5363857993423968,0.12363090714806171,1,interior
0.5317187616637569,0.13055169358196322,1,interior
0.4045149221515321,0.18821461018904628,1,interior
0.7477896487301264,0.11483308771507987,1,interior
0.7395420170741493,0.10993957788010603,1,interior
0.7307754474152104,0.11191792154110211,1,interior
0.7345403394424599,0.09356445082480475,1,interior
0.7279588940005766,0.08026611356636151,1,interior
0.7342465587081445,0.08398702658189978,1,interior
0.7278362257099402,0.09650248376830299,1,interior
0.8210682181755942,0.18686813552752773,1,interior
0.8057219259643721,0.20223496753483106,1,interior
0.5164054209032092,0.17866325177489858,1,interior
0.017621031245770007,0.31090548833915777,1,interior
0.030079848503793936,0.30426777008312367,1,interior
0.021516463901643443,0.30261203153257105,1,interior
0.22813830941510718,0.2459314440576176,1,interior
0.23373008279167914,0.23942325912606055,1,interior
0.2751443700307667,0.2541202228263221,1,interior
0.27685803461845226,0.23848790967502578,1,interior
0.07505895739154943,0.2945250460008685,1,interior
0.7754547261153155,0.12345106637410186,1,interior
0.7621809755261671,0.1150232803933267,1,interior
0.7778908139670683,0.11580873875766111,1,interior
0.7696825250769032,0.11224608975321808,1,interior
0.7873785539404056,0.11549615811993741,1,interior
0.7840518444184844,0.10755214673318504,1,interior
0.7761039117805967,0.10626497796248606,1,interior
0.754883808136959,0.11127520723707729,1,interior
0.7848731304044183,0.12370759915224507,1,interior
0.7922300640323097,0.12872155409885302,1,interior
0.7742955392966494,0.13686905307197902,1,interior
0.6335652381949575,0.12807730475517112,1,interior
0.3923985562196633,0.1971835056426662,1,interior
0.7477708344803612,0.09277574251629285,1,interior
0.7317727804094997,0.10344426810058548,1,interior
0.7407329477564081,0.09908354969144312,1,interior
0.7409888339997894,0.08888987246075324,1,interior
0.7214264104497449,0.09217905557007096,1,interior
0.14327105745223326,0.28343480150493,1,interior
0.0447840102638609,0.30509868197797907,1,interior
0.42320280813766825,0.14039478422057713,1,interior
0.42516798097740716,0.16133502248036338,1,interior
0.42368468640155327,0.14823390924156896,1,interior
0.42062915155950414,0.15570229204491848,1,interior
0.31146234920978655,0.17660477043460748,1,interior
0.2987650339117098,0.18660888394104228,1,interior
0.3051155956963418,0.18091858293594773,1,interior
0.8560452802157656,0.20804022688391885,1,interior
0.21017920903476567,0.21699591715926175,1,interior
0.20289027373915364,0.21929122618571384,1,interior
0.6479109751656936,0.07264057678698438,1,interior
0.2948311055844158,0.24106721630908037,1,interior
0.39146554918707127,0.172577728578235,1,interior
0.39087146880019413,0.18136881917755307,1,interior
0.7725620353994337,0.09766766708986586,1,interior
0.7810119101976482,0.09846566398523297,1,interior
0.6048954945360293,0.08802273308688768,1,interior
0.6079574783025624,0.09561038025162714,1,interior
0.36293491436218234,0.18681222061494923,1,interior
0.18072002673241494,0.20805936149140225,1,interior
0.8006934656879702,0.12589208830468074,1,interior
0.7994468322274256,0.13521983966198545,1,interior
0.7964197280754961,0.11840100377060961,1,interior
0.4982999286533191,0.15006313774977295,1,interior
0.506855470135705,0.15286146626444677,1,interior
0.33555463184586154,0.16119206064938862,1,interior
0.7912623777351965,0.17542299758569385,1,interior
0.8926085422953997,0.2072675216224302,1,interior
0.8920621705430476,0.19693298426575834,1,interior
0.8951377530535922,0.19039324271487199,1,interior
0.5983183491776044,0.09389087228772029,1,interior
0.5903871193483317,0.09564195181282757,1,interior
0.4224481794883156,0.16945339033812354,1,interior
0.3885822194830872,0.16441164492780133,1,interior
0.38358442348175686,0.1582080615390553,1,interior
0.3765216993023127,0.15674524289091812,1,interior
0.8098330628118603,0.1788609868891251,1,interior
0.8070336812593606,0.16980777402119804,1,interior
0.7981693125640736,0.16982668934552667,1,interior
0.38171691185016826,0.14932176680883424,1,interior
0.3745532224368424,0.1427592270974025,1,interior
0.03723369891884051,0.30045149904582386,1,interior
0.7150456950679224,0.07387308205853105,1,interior
0.7044249796257925,0.059215956977188226,1,interior
0.7096027744369285,0.06651647511319374,1,interior
0.7007035802294593,0.06631301860717433,1,interior
0.564796173886564,0.11611668998491259,1,interior
0.5646028797884143,0.1309572186976302,1,interior
0.2419722375626783,0.23538397763068986,1,interior
0.2727233663552792,0.23200659746114316,1,interior
0.26644993592662497,0.22978533151837643,1,interior
0.39804829295037697,0.15846099037581254,1,interior
0.3907368964947702,0.15397989224150274,1,interior
0.25440507198254336,0.30304109058438733,1,interior
0.4879590590231483,0.15125643948837855,1,interior
0.6703906415829352,0.07431461351418421,1,interior
0.6751009533854752,0.07961635479593289,1,interior
0.14159131761833502,0.29230047009383214,1,interior
0.3964959048263926,0.18990056482177806,1,interior
0.40004957200832847,0.17391387578106499,1,interior
0.3883469425180019,0.19014885589169117,1,interior
0.28523118669331265,0.1976303956282679,1,interior
0.2771560543749828,0.2137409301988369,1,interior
0.280060617911423,0.20479548100703202,1,interior
0.290810017806091,0.2028827795076593,1,interior
0.6632960164028339,0.07571792916966627,1,interior
0.012312292108321772,0.31912578863688273,1,interior
0.24418073761566902,0.2243842531283794,1,interior
0.23477180602071326,0.22249292213577593,1,interior
0.38384250340837206,0.14001005641132938,1,interior
0.39090400743201914,0.14468219152024084,1,interior
0.20331307351885028,0.2103881491132387,1,interior
0.1971306453942785,0.22436738892823854,1,interior
0.19507431665684058,0.20785342687105302,1,interior
0.4158263327396066,0.17581391604608076,1,interior
0.29222960452731667,0.19293818587718378,1,interior
0.028741343330428437,0.2958076717294863,1,interior
0.27793070947651816,0.18749646520298457,1,interior
0.27217753217066953,0.1991634311811295,1,interior
0.21834585737839676,0.21121038370304135,1,interior
0.46199084480419117,0.12777692293564832,1,interior
0.4466165937419427,0.12410665184692964,1,interior
0.45407960721351787,0.1215604553913357,1,interior
0.5051973797492482,0.14331612181755618,1,interior
0.3325834629689966,0.17084479339920605,1,interior
0.3140646170231624,0.1683274853472541,1,interior
0.33240629667940524,0.1804549167678178,1,interior
0.327625814251168,0.16357063033079905,1,interior
0.8245652194382943,0.1797869205517106,1,interior
0.8171300412768989,0.18054322425173394,1,interior
0.8288796856867883,0.1898900910203846,1,interior
0.4328346046724789,0.13527766702323915,1,interior
0.4441450947453637,0.14538733723670072,1,interior
0.8002771780748261,0.1091708161670761,1,interior
0.792766735813118,0.10869261549631919,1,interior
0.8083966260468689,0.12019138122559285,1,interior
0.47907222044309705,0.1539697586770895,1,interior
0.3490368845903823,0.14394783062930158,1,interior
0.35712753527391955,0.14491747047949702,1,interior
0.36533235509191503,0.142905792369766,1,interior
0.4863633644129887,0.14114359784993524,1,interior
0.6825955828029531,0.06585845096201508,1,interior
0.6853431939960704,0.05218873847043021,1,interior
0.27965476483405505,0.22997480961091207,1,interior
0.28594673726122005,0.23729074207884793,1,interior
0.7337230418299158,0.07328049447902954,1,interior
0.7235774205610417,0.07354581359358099,1,interior
0.24471624602655875,0.21226416847026278,1,interior
0.2530750997064765,0.21846359558000986,1,interior
0.8882685556276488,0.18790094030574492,1,interior
0.886462871543326,0.20173771657578538,1,interior
0.04477574353689454,0.29495975714533634,1,interior
0.7990465138243733,0.10140633864905896,1,interior
0.7898181048877017,0.10008682445057444,1,interior
0.8324399092164911,0.19762276078919672,1,interior
0.26210718252076687,0.22286159723324897,1,interior
0.253660457503586,0.22667867387534052,1,interior
0.7680434283392619,0.09075134221540244,1,interior
0.777383282788994,0.08894256462580254,1,interior
0.763097515320812,0.09861259749377703,1,interior
0.7623960708666374,0.10758247807587888,1,interior
0.7263987694971603,0.06535698211253804,1,interior
0.7413775208229426,0.06575432087324472,1,interior
0.7436497454013375,0.07406615573754549,1,interior
0.7338524766803876,0.06389140923128647,1,interior
0.3187435272086484,0.1772404406723067,1,interior
0.39931612445974374,0.18228444980582661,1,interior
0.40900164680212614,0.1714344691920761,1,interior
0.23982327501750336,0.20253603961148234,1,interior
0.253675220848442,0.2103659385452225,1,interior
0.2494904244502624,0.20312809363746478,1,interior
0.2374337655351868,0.216721287827144,1,interior
0.2345010885759029,0.20956972266721627,1,interior
0.8717540832507792,0.19683367363810783,1,interior
0.8642397012746857,0.20321976261807348,1,interior
0.8820636649270355,0.19325877712757192,1,interior
0.8083459776333092,0.10460871755410661,1,interior
0.011769669455639703,0.30351978531785406,1,interior
0.020143274057509895,0.29191889085463557,1,interior
0.2961580646113971,0.17547768312145112,1,interior
0.3049002170976015,0.17113773742827476,1,interior
0.40635324280064333,0.15313406919946213,1,interior
0.40578668739785373,0.1638818316020611,1,interior
0.39892332912209766,0.14911021474607491,1,interior
0.39714149133272886,0.1665292167074688,1,interior
0.34835120032791034,0.13515182557925703,1,interior
0.3391265518651825,0.14707793249119572,1,interior
0.35787836026391123,0.13691260781260445,1,interior
0.7976125974274365,0.15149146431980387,1,interior
0.7900450045113362,0.1561909034819096,1,interior
0.280636532347022,0.24611247973948489,1,interior
0.27283954215013273,0.24572809024333706,1,interior
0.26868425409055585,0.21590999165037655,1,interior
0.2690284103630416,0.20676725558682268,1,interior
0.272806978074785,0.22324292264448306,1,interior
0.28242968738945834,0.22110951032063372,1,interior
0.287036071793706,0.22842679864931298,1,interior
0.12462085172651553,0.24964300138945134,1,interior
0.8927064037692976,0.17265170682016925,1,interior
0.7907442262759647,0.1651452937644311,1,interior
0.5977282411226797,0.08327231501688892,1,interior
0.4952748787776582,0.1420811801410538,1,interior
0.5018186991410601,0.13365679877127865,1,interior
0.5132280526596931,0.1366001554228611,1,interior
0.5711346493291111,0.09759886451543051,1,interior
0.5812097456629862,0.09361684109777747,1,interior
0.0829188383914081,0.2977304311456191,1,interior
0.07389089074289466,0.31000775897083827,1,interior
0.1878436476292662,0.19957371637783716,1,interior
0.5805034981692567,0.08298309372440847,1,interior
0.414977942371023,0.1374061362824354,1,interior
0.42320766029827545,0.1318549520071097,1,interior
0.41520875816639297,0.14766495399545376,1,interior
0.3769188771030808,0.13525873125525578,1,interior
0.22722046529243067,0.21686283275431809,1,interior
0.8479404774469574,0.20435378983597796,1,interior
0.8552883911734671,0.19954896586687085,1,interior
0.0841476836643963,0.28960937540443626,1,interior
0.12322763390775648,0.25628917034307924,1,interior
0.5704341905440217,0.07837100423695509,1,interior
0.5736015838133091,0.08813236220163985,1,interior
0.5888165698806566,0.07741846819892387,1,interior
0.5794142322934747,0.07392266234872581,1,interior
0.5895152401689194,0.08725016533155096,1,interior
0.40665654786156685,0.14241508505495606,1,interior
0.41275036364478995,0.15725412791306087,1,interior
0.6498420879923328,0.06518815965143676,1,interior
0.6410558303678738,0.07522112282245935,1,interior
0.6559482103741264,0.0719302891285389,1,interior
0.8031354171064581,0.14454757393174264,1,interior
0.796055192449091,0.14319763057529447,1,interior
0.8005552070546097,0.16110554104417746,1,interior
0.8067496299362394,0.1532316502132201,1,interior
0.8392551478982795,0.18706967252048354,1,interior
0.22617190860233408,0.20852996350697844,1,interior
0.49144260730273864,0.13338987322523727,1,interior
0.5600089378564491,0.10809289163531285,1,interior
0.5509654742407047,0.11049134506762774,1,interior
0.19564275641335815,0.21625206571227482,1,interior
0.8841244942304424,0.2103244622132833,1,interior
0.7960671022136863,0.09321283984360207,1,interior
0.7867046765580996,0.09119264175636149,1,interior
0.4609124550369034,0.11709677693472824,1,interior
0.4684636086627686,0.12140875719538691,1,interior
0.23430910346140257,0.19422430831512474,1,interior
0.23002530029891177,0.2012549702911991,1,interior
0.2448700619939546,0.19413097666946202,1,interior
0.8418333322379347,0.17956048272940572,1,interior
0.8328210806593427,0.1801784286651821,1,interior
0.8485277902182154,0.18569338358094764,1,interior
0.4598242905877698,0.10843114161784854,1,interior
0.4467190015549969,0.11678429789165493,1,interior
0.45197620769742564,0.11148965366973959,1,interior
0.4828407845585607,0.13326759902078714,1,interior
0.4846783054304655,0.12589498286997755,1,interior
0.8946285434062489,0.1840408963840905,1,interior
0.5232753371262433,0.13334852396181143,1,interior
0.5170756590879125,0.12665265724697697,1,interior
0.5093298136774862,0.1281936839929642,1,interior
0.7395052356868157,0.05700605615825468,1,interior
0.3548087071417626,0.1291523792112184,1,interior
0.3395594955651031,0.14034653372548725,1,interior
0.3477043330521026,0.1264021384806394,1,interior
0.3389102259535789,0.12275143934938948,1,interior
0.21660096302023998,0.19647075781424123,1,interior
0.22446518286249847,0.19256212664247516,1,interior
0.2211970712962564,0.2022177582617286,1,interior
0.09302267998823811,0.2900588743708356,1,interior
0.1876130953417838,0.20554659955154153,1,interior
0.8127308166177222,0.1615482511659694,1,interior
0.8171153138482798,0.1720011779034258,1,interior
0.3629981041804708,0.12863777514680894,1,interior
0.34016098784735427,0.15519018098681342,1,interior
0.8936277938845653,0.16582002741925245,1,interior
0.8854023147951434,0.1738667533047511,1,interior
0.6756559322260871,0.04661204868976675,1,interior
0.684296788069449,0.04343807317184378,1,interior
0.6772593171726417,0.05763902415726822,1,interior
0.6949517139977421,0.05758815620878509,1,interior
0.6931153293696237,0.04811681549496532,1,interior
0.850314542654031,0.17735055729873483,1,interior
0.8359940164804099,0.17209749611301273,1,interior
0.8440959614122798,0.17271169755858948,1,interior
0.8466054570121552,0.19444303635856455,1,interior
0.03233901063434904,0.28757609504315074,1,interior
0.011029879492115677,0.28693890770500435,1,interior
0.015023416309587206,0.2973121969641605,1,interior
0.47631226105258323,0.11999200875513018,1,interior
0.5994430019601189,0.07467707639507935,1,interior
0.819044420527809,0.11701378545702257,1,interior
0.8125445520737926,0.11219431036282088,1,interior
0.8161548469747336,0.12619430356237785,1,interior
0.8076687740790743,0.12966504426113776,1,interior
0.2907212583750941,0.1829863221265552,1,interior
0.8157934544949409,0.15182595962323256,1,interior
0.8111788749761351,0.14461576541468993,1,interior
0.33269544041254223,0.1363399727156292,1,interior
0.33364704207694157,0.11391057043031129,1,interior
0.34181101500865246,0.11532737696060465,1,interior
0.3472085349306779,0.11969235053760707,1,interior
0.3289652526647819,0.12280616520886893,1,interior
0.7561059972329983,0.10341053592478004,1,interior
0.1930803032863886,0.19992577088738908,1,interior
0.20168090373140832,0.200262523716577,1,interior
0.667808508234507,0.05458621482648097,1,interior
0.6660517789081726,0.048161093749658546,1,interior
0.5376245674663445,0.11533836934042023,1,interior
0.5453861453081073,0.1174605638841221,1,interior
0.5262657121211974,0.12482491032036787,1,interior
0.21549907704195206,0.18860198097601466,1,interior
0.20896491345709156,0.19497432229773412,1,interior
0.2114338592080081,0.2047821517999607,1,interior
0.6411150277680474,0.0678118378577819,1,interior
0.28819479239053847,0.24567252145414278,1,interior
0.05177080177680392,0.28135648990768125,1,interior
0.04710255521345309,0.2869732817968369,1,interior
0.7481095619460778,0.10400268335907234,1,interior
0.36542268740523376,0.12258433418535648,1,interior
0.3560119479314504,0.1204924803593054,1,interior
0.34045932268403284,0.1317675828686654,1,interior
0.3247126647399029,0.13179519968383827,1,interior
0.32763084829927686,0.14403635919302793,1,interior
0.26431729786148755,0.19729183371264933,1,interior
0.2706125161551876,0.19001220568402344,1,interior
0.3331440922808728,0.129013043254153,1,interior
0.8219779921076468,0.16463449725233986,1,interior
0.7398366459313301,0.08023930921627995,1,interior
0.7469781580652998,0.08281837581003305,1,interior
0.392555210123627,0.13470282095168457,1,interior
0.5330181404119531,0.10945242960970643,1,interior
0.5251074360076452,0.11212728955197675,1,interior
0.5439583945512838,0.12575992939227362,1,interior
0.373955444087032,0.12698795671212254,1,interior
0.3793695016632462,0.11836851629176913,1,interior
0.36698515979014323,0.11005588992280245,1,interior
0.36833094848242603,0.13533962597096363,1,interior
0.8557871019135872,0.19103534748088435,1,interior
0.7298096594627994,0.05678721808945453,1,interior
0.7499503789822342,0.05961760344183126,1,interior
0.7347126564833019,0.04913558851233865,1,interior
0.5125463132462669,0.1661031431501573,1,interior
0.007986096641147647,0.29526810909587203,1,interior
0.004985398010359546,0.29944236808563424,1,interior
0.009646000014321686,0.3115065984293627,1,interior
0.7546956923618808,0.08516129743865734,1,interior
0.7542291649857312,0.09569243708430088,1,interior
0.880478560165718,0.18126544670286743,1,interior
0.7962918885573587,0.18295398733188883,1,interior
0.3886510971581926,0.11745547267585017,1,interior
0.3757251294232901,0.11062223542965766,1,interior
0.39142137060211324,0.12533541196937226,1,interior
0.5031617903056435,0.12421601831336884,1,interior
0.5203001992279689,0.11824250941296201,1,interior
0.5105096926817215,0.11846876191778795,1,interior
0.4693690681395624,0.11054467598611958,1,interior
0.8901036342515485,0.17957451063042587,1,interior
0.406783210448268,0.17933315517521062,1,interior
0.6647615947083833,0.06813434289737316,1,interior
0.6787567499329796,0.07299042388918738,1,interior
0.8746010010630991,0.18871657330966543,1,interior
0.879347204924982,0.20183940486531293,1,interior
0.7131440459620788,0.058499507456560323,1,interior
0.721159198333818,0.057232728200397286,1,interior
0.6684575081204045,0.06117395358337778,1,interior
0.659227666355,0.061536000121966014,1,interior
0.6584065742605605,0.05346021585569004,1,interior
0.32403528586770936,0.1167239816755485,1,interior
0.3189052894070438,0.12264708339828408,1,interior
0.701123009099204,0.05124879656258854,1,interior
0.5516838697217054,0.10318903597494827,1,interior
0.5657350636764186,0.10301272168282817,1,interior
0.2592329232293426,0.20414494833577826,1,interior
0.012849383078998149,0.29071291400616794,1,interior
0.8230572348953804,0.15688671836193022,1,interior
0.8314680808840426,0.16242450256417934,1,interior
0.8273085798423585,0.17163212046035456,1,interior
0.495227290606212,0.12572206377097592,1,interior
0.29998700692367947,0.3008128419824245,1,interior
0.8070222995551702,0.1377957402898209,1,interior
0.08314572707839697,0.28125658033472656,1,interior
0.09131987224222833,0.28278342479692803,1,interior
0.07593360649795475,0.284670890790056,1,interior
0.5423303863941931,0.10750953947405553,1,interior
0.5554299752486559,0.11658683796875237,1,interior
0.5336338200025014,0.0999386047119154,1,interior
0.522211372093896,0.0993629978972836,1,interior
0.5170773315986193,0.1091502262935791,1,interior
0.04590528934275815,0.2737950778011597,1,boundary
0.05446422745641157,0.2751485634101061,1,interior
0.061518711691445516,0.2741440661435292,1,interior
0.5917486360595984,0.07173355864732742,1,interior
0.8253431554971572,0.12403535906206803,1,interior
0.8294775302182151,0.11334240986375724,1,interior
0.8189385400911515,0.10733217686486674,1,interior
0.8257102315309158,0.10584800763943983,1,interior
0.805138363627863,0.1131562058298404,1,interior
0.8237631532774337,0.14897219703604883,1,interior
0.29769304826260495,0.1643160417079508,1,interior
0.28467492631474683,0.17463261166421198,1,interior
0.29001274941047595,0.168237253035599,1,interior
0.5718241498964494,0.12740323334031936,1,interior
0.08885827873742334,0.27549321444742997,1,interior
0.004852179331295292,0.3064929126432128,1,interior
0.7250642547916227,0.04908489242081868,1,interior
0.0678212573261953,0.2802625031579637,1,interior
0.33313098976554095,0.15211861562812343,1,interior
0.3493600820224844,0.11293602791494145,1,interior
0.6855430344159611,0.036141316284291534,1,interior
0.5067254197371639,0.1093695152876115,1,interior
0.5115262905147456,0.10180118913498919,1,interior
0.8867137501390195,0.16638948920648194,1,interior
0.8788479079584154,0.1699573143082568,1,interior
0.5008512975249066,0.10069167100538491,1,interior
0.4995930166341929,0.11661502310284923,1,interior
0.8274856096835084,0.14158131595770965,1,interior
0.8323685319021631,0.1509543917772765,1,interior
0.835878219525482,0.14095838271986064,1,interior
0.1977749614633501,0.36477487226910776,1,interior
0.3419807516210986,0.1081829752277275,1,interior
0.35549856376549704,0.10294895517945347,1,interior
0.35729892131950464,0.11029154117122812,1,interior
0.7688212641749952,0.1044346741149256,1,interior
0.25499297081910965,0.19559690595243276,1,interior
0.2612992900407627,0.2131399829291952,1,interior
0.36314489145844925,0.10386843998603075,1,interior
0.8802110689172399,0.16056580276812796,1,interior
0.8826339203138901,0.1515042348164227,1,interior
0.65096629123171,0.05827582567594231,1,interior
0.784485562954364,0.08200217961001206,1,interior
0.7708828183281511,0.08349709062206243,1,interior
0.7765815136975767,0.07890346119437061,1,interior
0.8141434833065081,0.13555133723850787,1,interior
0.040185670101467695,0.2870895057994849,1,interior
0.23816517346758834,0.187901575709958,1,interior
0.25219415595259914,0.1865826330068001,1,interior
0.19479330117882213,0.19342041603607796,1,interior
0.8910564556138807,0.15139009482082127,1,interior
0.07756726816490625,0.275109443888298,1,interior
0.8652761527462481,0.1881838003869892,1,interior
0.8646335919663887,0.17900314858573296,1,interior
0.04371597611391272,0.2806347163379369,1,interior
0.5653889979392451,0.08913055279037614,1,interior
0.5615407198589653,0.07482009788634096,1,interior
0.5617985060628445,0.0827536918600977,1,interior
0.3719211055328827,0.1030167613728664,1,interior
0.673758084823958,0.06653997542935054,1,interior
0.26119286970799754,0.1887218673756077,1,interior
0.23049958216584274,0.18507047854189637,1,interior
0.5601433661432671,0.0976707373457303,1,interior
0.5551983196966847,0.08892193103478097,1,interior
0.44054949706291063,0.1288911029036303,1,interior
0.43903270192349736,0.11956018445637723,1,interior
0.692677965214865,0.04002208081959375,1,interior
0.201131298388336,0.19103932743020094,1,interior
0.846595811265351,0.16144976866447264,1,interior
0.8409367332228882,0.16578414334174865,1,interior
0.2381789304297035,0.17911043283190642,1,interior
0.22880491124577168,0.1750557646376562,1,interior
0.2219450561747346,0.1825489342744184,1,interior
0.8396627593608715,0.15681146013644884,1,interior
0.0686991200392129,0.2726540484469302,1,interior
0.4305173762640106,0.12426466227590385,1,interior
0.4320167019053398,0.11330415381576182,1,interior
0.4408994883957037,0.11003387024049485,1,interior
0.49286762972834575,0.10356184685337941,1,interior
0.49025248385170705,0.09594815232947014,1,interior
0.49815312474490564,0.09287316979433789,1,interior
0.498302306586515,0.1085950906990483,1,interior
0.5067123933854506,0.09402088386027334,1,interior
0.4901099029971017,0.11157351666100261,1,interior
0.26779283998233655,0.2389677545575721,1,interior
0.38419330857164447,0.11130646825997459,1,interior
0.37979245536264733,0.10404114480163563,1,interior
0.5433594459965728,0.09849192648719075,1,interior
0.5376433072374711,0.08964810083805771,1,interior
0.526179015171277,0.10543502790114276,1,interior
0.3981788833481349,0.1411659100187105,1,interior
0.4073932052685621,0.13203874905251523,1,interior
0.4011324284405676,0.1350253284962212,1,interior
0.2588223848296485,0.18020867600657273,1,interior
0.2671135639688433,0.17518909619293863,1,interior
0.25887063808738997,0.17278613163280993,1,interior
0.7455832548978671,0.04881122834265703,1,interior
0.7387623066304402,0.04208464725105199,1,interior
0.30678537293939945,0.16177593174073188,1,interior
0.28303342252489844,0.18224463350776604,1,interior
0.7925999118250094,0.08435579825759464,1,interior
0.8145798016047945,0.09863785883615248,1,interior
0.31764246002268487,0.13739718704117235,1,interior
0.3194456917893142,0.1524759867641793,1,interior
0.3839442880067074,0.13128276802560407,1,interior
0.39938751915365583,0.12719370522939755,1,interior
0.38328516256957357,0.12424842032274112,1,interior
0.7554835103311566,0.04303994281015124,1,interior
0.753863037277202,0.051365291954220224,1,interior
0.7466466128377619,0.03822854194930044,1,interior
0.7200098803148053,0.04218455692462638,1,interior
0.7206834497200503,0.03453104540940397,1,interior
0.31717067473055716,0.1453580726863713,1,interior
0.31017151296115847,0.15181583108184554,1,interior
0.3268551422376836,0.15529358938785878,1,interior
0.31375066203512253,0.15917133656089924,1,interior
0.2070414024085769,0.18709940482268653,1,interior
0.025749050198905294,0.28866659768545266,1,interior
0.03669510892043064,0.29299260365074414,1,interior
0.41439223259251906,0.1281208602790002,1,interior
0.3490759406170653,0.10554063022687266,1,interior
0.6356511608943737,0.06348410699597348,1,interior
0.7607788203499284,0.037403647685305026,1,interior
0.7551156527726841,0.03230192441423079,1,interior
0.7583711025269169,0.05655111931754211,1,interior
0.30965557347280587,0.14199384507027338,1,interior
0.3085560482804257,0.13341601977253092,1,interior
0.3157426177328202,0.12926749438524787,1,interior
0.059414580699841256,0.2803075611209542,1,interior
0.8221263382799379,0.13357410797825398,1,interior
0.8341525743655464,0.12389746954681742,1,interior
0.8395332397575088,0.11696341826847763,1,interior
0.8400998346018598,0.10687820589949663,1,interior
0.8314665943701659,0.10231118552848677,1,interior
0.48422677210031057,0.1177302338740546,1,interior
0.45408253687460426,0.10138043509908472,1,interior
0.6866095652150841,0.0597246386293044,1,interior
0.2127397795032089,0.1807429799150674,1,interior
0.44709648457753337,0.10480362154945944,1,interior
0.4406144899546064,0.10189983552138653,1,interior
0.838219813537434,0.09737446289487528,1,interior
0.8477271322858689,0.09969867973529269,1,interior
0.8511768503548379,0.1082527357223461,1,interior
0.4849513888634565,0.10387461166217564,1,interior
0.2887294985857855,0.16014692249796983,1,interior
0.2818977341177183,0.16507609172356544,1,interior
0.2748944769786156,0.17046285553122,1,interior
0.2188419853379843,0.1747622358397584,1,interior
0.37108646116990956,0.11763597906798168,1,interior
0.5515842233983606,0.09611446019524691,1,interior
0.8065519015006727,0.0944528322253381,1,interior
0.8012716481658536,0.08636244539400224,1,interior
0.44657869720287635,0.16640860987474845,1,interior
0.23826701291277014,0.16933066582131093,1,interior
0.22958664314855823,0.16553390538197557,1,interior
0.38287331451758966,0.09979822909503706,1,interior
0.24891300694968144,0.17594388815186923,1,interior
0.25485840931533077,0.16663903776754954,1,interior
0.26698519854120173,0.18279198611866243,1,interior
0.47993951562488046,0.11152562627949897,1,interior
0.2848967577158464,0.18971998880262245,1,interior
0.8537612172770844,0.09287362178880491,1,interior
0.8595462700500216,0.10756827192792213,1,interior
0.8572908353404834,0.10019186831413125,1,interior
0.8458035627159398,0.09107583988753643,1,interior
0.8048871239076408,0.07837258787062266,1,interior
0.7903217149284559,0.07396196197905426,1,interior
0.854401622740212,0.0843958514876701,1,interior
0.8430255627926001,0.08390763521933305,1,interior
0.3931764717730721,0.10879987114641661,1,interior
0.48016619958438916,0.09666101485674572,1,interior
0.4832980436688019,0.08889608353647714,1,interior
0.4918543169788032,0.08687469499841924,1,interior
0.7592291820472671,0.06253018733690745,1,interior
0.5296492098817164,0.1176500766756538,1,interior
0.7993878383058506,0.0689986333206738,1,interior
0.8144750152411608,0.07836606334151783,1,interior
0.8171489590820669,0.08960099799305367,1,interior
0.708468269423082,0.05298721418724763,1,interior
0.8486697393543287,0.11772796133090298,1,interior
0.8579816070204941,0.11670202345915218,1,interior
0.40656384079926616,0.12262239159227628,1,interior
0.3982911511337421,0.11717135348392752,1,interior
0.8190432309875914,0.14265761536662488,1,interior
0.4712004451752436,0.09924448922816302,1,interior
0.4766521505893763,0.1044904467838124,1,interior
0.47435200491368185,0.08988370909646921,1,interior
0.8437136583968687,0.14725690526690652,1,interior
0.3118197880595982,0.11870221258590948,1,interior
0.3082420127176036,0.12446916919491104,1,interior
0.42124611366169634,0.12406707433395711,1,interior
0.414477616124246,0.11911644339342102,1,interior
0.745865013006299,0.02881787612929142,1,interior
0.7520459723628214,0.02376946267829232,1,interior
0.7600741614115507,0.023433017649959947,1,interior
0.7662078593573615,0.03174936694053867,1,interior
0.2447329727138629,0.18476841618662548,1,interior
0.5296226528406928,0.08197252383093367,1,interior
0.5462364985705653,0.08375673764417967,1,interior
0.5282394381468949,0.09102101118764282,1,interior
0.5464042009060247,0.09117259215735984,1,interior
0.8649299256724395,0.11168373932049232,1,interior
0.8672181587596202,0.10214939351742901,1,interior
0.8711508277769513,0.11095034581414012,1,interior
0.49120193552596697,0.11957588287106372,1,interior
0.4021397740223833,0.10727322898656837,1,interior
0.3897473088823814,0.10021971769479755,1,interior
0.39764034979946034,0.10060316288724329,1,interior
0.7750911632169023,0.06984424784200173,1,interior
0.7834035067185104,0.0658132225832057,1,interior
0.03681475798294391,0.2828414550055464,1,interior
0.30178783036610823,0.15521495000054844,1,interior
0.45799960954619723,0.0928006473368079,1,interior
0.4511221098054857,0.09357854106056543,1,interior
0.446365040980749,0.0971914434661509,1,interior
0.2751839465160398,0.1800214797023572,1,interior
0.2740253824129329,0.16073012885560856,1,interior
0.2654417081060173,0.1660577974202293,1,interior
0.23481650083614447,0.15811727937685444,1,interior
0.24698189123621783,0.16669151759478118,1,interior
0.2418682596460049,0.16102048314745748,1,interior
0.7562731566971558,0.0681890068721689,1,interior
0.7659766239149035,0.05840927512743618,1,interior
0.7600446408516471,0.07583116066353485,1,interior
0.7685067635765562,0.07593779717008274,1,interior
0.3630061725688588,0.1159661193962104,1,interior
0.7603042597971519,0.09080992293585151,1,interior
0.8450667079854316,0.11204552029383803,1,interior
0.8524609155707799,0.12400498791846419,1,interior
0.8438900617472525,0.12638620118503283,1,interior
0.4387943307837526,0.09503300578398084,1,interior
0.7660479491796307,0.06739547667344738,1,interior
0.7487865330965403,0.06816710858540806,1,interior
0.752004785655016,0.07585693472788298,1,interior
0.278192124172027,0.19522275328233277,1,interior
0.8302225767259291,0.1326836066516546,1,interior
0.8442389218525035,0.1369488443960464,1,interior
0.8518714596059556,0.13194815982952146,1,interior
0.3203726344077867,0.16144256213985983,1,interior
0.25540408245843843,0.15488579043768502,1,interior
0.777905953350859,0.05249779403929018,1,interior
0.7859911331899525,0.05585066415572958,1,interior
0.7751520747244001,0.06048785886790114,1,interior
0.774325584973257,0.04552418778328077,1,interior
0.7891194338227272,0.046546794993644405,1,interior
0.7701791555707341,0.051713889477636936,1,interior
0.4323591744813423,0.10298055739191302,1,interior
0.42876071567058877,0.09640891206489101,1,interior
0.7371225936733324,0.03336829862045339,1,interior
0.7278943725666236,0.03173273431246193,1,interior
0.8899645493292577,0.158737407310728,1,interior
0.8813914304012183,0.14307112314304835,1,interior
0.8730155967073165,0.15466830253655078,1,interior
0.8889422884972676,0.14455450611677698,1,interior
0.7311222123096486,0.025483682656462905,1,interior
0.7207757722553113,0.024145990061174825,1,interior
0.7293127679761148,0.04045873268419287,1,interior
0.24938725970892284,0.15724310788915416,1,interior
0.5547102210739475,0.08068145421986163,1,interior
0.5547744931304195,0.0740589697029433,1,interior
0.5435712876493207,0.07662643784948693,1,interior
0.8520308759048887,0.14116634140386858,1,interior
0.823693131850365,0.08197965730722077,1,interior
0.8226886267338124,0.09842822368890945,1,interior
0.8284017750663913,0.09195476908964277,1,interior
0.8715519531354499,0.18220723109339354,1,interior
0.46310070494888006,0.10092051577579943,1,interior
0.46606306832594124,0.092236259527664,1,interior
0.7633593611889232,0.08333973485839923,1,interior
0.423361081063861,0.11661434403378933,1,interior
0.739094831523006,0.024903945921063486,1,interior
0.7275435376683663,0.01896200283789211,1,interior
0.7139826853423014,0.01571937282016019,1,interior
0.7140847008042812,0.029692861323232133,1,interior
0.7181894043654732,0.06582616062856672,1,interior
0.8599832378929261,0.14328729809136814,1,interior
0.8600651150452547,0.12637734525964583,1,interior
0.8674997056543611,0.13104586355634118,1,interior
0.7752429757700426,0.028087349978679357,1,interior
0.7666095244298824,0.04232733344678528,1,interior
0.7683729941371901,0.02220755256857437,1,interior
0.5378315629714036,0.07974688515440562,1,interior
0.5212693874045826,0.07507473161211753,1,boundary
0.5324882588026225,0.07721126057055315,1,interior
0.5217019345386236,0.08268397527895517,1,interior
0.7356172507760969,0.018094892180747394,1,interior
0.7450703936760509,0.018596276099964486,1,interior
0.8376712330640415,0.13224995664102562,1,interior
0.8686156879639354,0.12023218539150483,1,interior
0.7061764102161159,0.029746007262342344,1,interior
0.7107184825783394,0.038533889864403884,1,interior
0.5493287284716564,0.07614319029237462,1,interior
0.7397126744953891,0.010621001969067425,1,interior
0.730372910069573,0.011994188834241087,1,interior
0.8855007003730222,0.13717980260029883,1,interior
0.876031259871721,0.13627266845336392,1,interior
0.874089661232883,0.1280066346285847,1,interior
0.3044409831847829,0.11733800029025687,1,interior
0.2922098774991137,0.11469016869154902,1,interior
0.2979485849915428,0.12125379516631297,1,interior
0.4076398520479892,0.11349824342574154,1,interior
0.7362891502271409,0.005281547412400254,1,boundary
0.7486515232283315,0.010070760390154575,1,interior
0.7825407118904841,0.03172735523235955,1,interior
0.7761352598646457,0.037550490522582455,1,interior
0.7835461628842917,0.02405837210451836,1,interior
0.7767207611299289,0.01970299542152727,1,interior
0.4159840186909096,0.16505755601536293,1,interior
0.222450244802231,0.16824964199958212,1,interior
0.8552720645573517,0.1501368705808846,1,interior
0.8597018362866272,0.13544944365972797,1,interior
0.860218824909991,0.1653825756876401,1,interior
0.8577760282617765,0.17390264875220274,1,interior
0.794373358011031,0.050896729403302865,1,interior
0.7910951718515058,0.06455063499477212,1,interior
0.2530146452637877,0.1486712772496237,1,interior
0.26719268213103203,0.1560875249019351,1,interior
0.25930449682398754,0.14318250854124084,1,interior
0.8073720046172334,0.06507309394467298,1,interior
0.8033073875532718,0.05988184274052223,1,interior
0.797656569448867,0.0783769500796321,1,interior
0.7960756031158868,0.058600523467419306,1,interior
0.8078505492140444,0.07220379063443719,1,interior
0.822116983921699,0.07205397198154172,1,interior
0.809349439576781,0.08569765308167701,1,interior
0.42080244192028715,0.0962954366471919,1,interior
0.2215183202618225,0.22372472695316964,1,interior
0.2651737693168557,0.13713074134038014,1,interior
0.24553758816940682,0.14551007113950334,1,interior
0.2671443131376469,0.1462742275671108,1,interior
0.2578850657448009,0.13488695296718112,1,interior
0.2512741521570058,0.1401819964475801,1,interior
0.2405552589574876,0.15278994010574523,1,interior
0.4060988097562635,0.09872357106099824,1,interior
0.6425781444017541,0.061055721221396145,1,interior
0.41430762892882506,0.09806273606652381,1,interior
0.42121346590800984,0.10275694710796235,1,interior
0.8723581032180544,0.17436362763036758,1,interior
0.7823286973940341,0.07379523307973974,1,interior
0.7621454625209978,0.05009054213612129,1,interior
0.5019405633036801,0.08642150771479254,1,interior
0.26341982894961874,0.12837421716324796,1,interior
0.2734530180987567,0.13933387712893583,1,interior
0.7003585673495816,0.035467028399920004,1,interior
0.3228705613863659,0.1697380292147133,1,interior
0.7712278570006385,0.014971205348735875,1,interior
0.7837920147227229,0.016964931399210584,1,interior
0.7695829704345476,0.12958941934569482,1,interior
0.5078960794649411,0.08235272207932573,1,interior
0.28131133598264263,0.15533928596415222,1,interior
0.6874436646459218,0.07292781708030567,1,interior
0.41114912664825726,0.10510044904612752,1,interior
0.303774100011039,0.14717830098988022,1,interior
0.300776635494551,0.13960657095635245,1,interior
0.22862068370924896,0.15881212603631661,1,interior
0.8213607900743197,0.06256399343479589,1,interior
0.812529929636045,0.057227009529086055,1,interior
0.5148044851687852,0.0814800793141834,1,interior
0.28847406853760243,0.12167225230738277,1,interior
0.29211367349328304,0.12880800851734506,1,interior
0.8772666086339607,0.12195518849842954,1,interior
0.877940504774927,0.11421168067836354,1,interior
0.23889504758801242,0.14606705567483175,1,interior
0.8620336173059933,0.09238090627613409,1,interior
0.8709233780105503,0.09255913571397521,1,interior
0.8755638823511335,0.09959645201587333,1,interior
0.5205892815022063,0.09080824772653354,1,interior
0.5149163987358168,0.09510465043468237,1,interior
0.8825253163152521,0.12868335521882382,1,interior
0.8675446129313243,0.14000462475730616,1,interior
0.8657115516351093,0.14878581144850847,1,interior
0.850747435774945,0.16817211569316415,1,interior
0.8705326014669195,0.16428817273050605,1,interior
0.8543915989101646,0.15946842212422283,1,interior
0.8633383780364977,0.1569760498526568,1,interior
0.8652194924551025,0.17112773283539826,1,interior
0.7873103844575026,0.038139425906497416,1,interior
0.7968358055283155,0.04201935905564614,1,interior
0.8027574553916075,0.05103656273349038,1,interior
0.8046826906034005,0.041869573222624676,1,interior
0.70090500478074,0.04279241536401094,1,interior
0.7154418379211916,0.049003505668489634,1,interior
0.8892955977213688,0.13245577671370423,1,interior
0.8838314248574286,0.11947310471137229,1,interior
0.7075822330865853,0.04618218127988129,1,interior
0.8479075679672347,0.15443151378979483,1,interior
0.5127035692662424,0.08781166663416803,1,interior
0.721872640364241,0.01455301043988244,1,interior
0.3006550887748458,0.1299720649655868,1,interior
0.29660765663640154,0.14834173873165804,1,interior
0.29147136870095647,0.14292883225834238,1,interior
0.791611130231812,0.019772457990994443,1,interior
0.7981298661068603,0.02586485981939894,1,interior
0.7899915555547851,0.02864844651359384,1,interior
0.4252295311249695,0.10854116657867488,1,interior
0.7543544600267387,0.01606854058784395,1,interior
0.7631400648478271,0.014070044163990792,1,interior
0.22904900836945186,0.23294070741735512,1,interior
0.8305586798485551,0.07470615200289148,1,interior
0.8371522835142479,0.08992553464919177,1,interior
0.7819935466460933,0.04576063972467387,1,interior
0.6922962703672563,0.0325590986578491,1,interior
0.281998148918015,0.14483032467775528,1,interior
0.28856189336648386,0.15116674577087816,1,interior
0.19795293827696858,0.31030964857357757,1,interior
0.8812888764811685,0.1082110334437851,1,interior
0.8571466079343967,0.18276378337878832,1,interior
0.29460217360365115,0.1560762354636681,1,interior
0.2590190348142416,0.1598764135624585,1,interior
0.2743720714815485,0.15030956266264223,1,interior
0.2608308652450377,0.15151726165751866,1,interior
0.8144392381414814,0.06786847961359281,1,interior
0.8298535735530203,0.06585414503383391,1,interior
0.8233412460515169,0.05409594216714847,1,interior
0.8293706444777097,0.05836139761138363,1,interior
0.818051850313695,0.04978014344302748,1,interior
0.7562393138421973,0.0082919258311039,1,interior
0.7630737458551088,0.005841128470694834,1,interior
0.7705150299135864,0.008377290987875922,1,interior
0.8330037362806988,0.0832855966242669,1,interior
0.7053531766907175,0.014170752526244898,1,boundary
0.2946059441053228,0.13563406703570663,1,interior
0.8108210083944697,0.04694681492028302,1,interior
0.27577923615896444,0.12879704009552564,1,interior
0.28547625552736816,0.11445392006642972,1,interior
0.2790968910169789,0.1200215857647491,1,interior
0.7956347014094168,0.01380265873287108,1,interior
0.8007342579841447,0.018576602409903446,1,interior
0.7875523313531906,0.011654319030482394,1,interior
0.795249531804392,0.033732194115512495,1,interior
0.8650158092692933,0.08455664431844279,1,interior
0.6979109473063579,0.02821448599232358,1,interior
0.8066915613761699,0.02344199712615666,1,interior
0.8104596633644976,0.029186666571821257,1,interior
0.8032484124158851,0.033124163398671025,1,interior
0.811852951316192,0.037366818979587525,1,interior
0.8167248076711721,0.030803686211131595,1,interior
0.2687502600352133,0.12041727875471718,1,interior
0.283816227732136,0.1285944689027069,1,interior
0.27999823651452393,0.1359822627355401,1,interior
0.8391155524566364,0.07664171175438618,1,interior
0.8445787634838664,0.07108089340807722,1,interior
0.2507799489093318,0.13303863913394295,1,interior
0.8744313857384883,0.14581622314128284,1,interior
0.837812021245869,0.06805650448971061,1,interior
0.272265073423619,0.11300485122229302,1,interior
0.8609115834579664,0.07870203089146957,1,interior
0.8517224433956155,0.06981283012471531,1,interior
0.8482419499527035,0.07747085107525671,1,interior
0.7785836598413394,0.011185523053567917,1,interior
0.41666579413577076,0.11070027196267518,1,interior
0.2604730882019198,0.12141887356820875,1,interior
0.28711259714659204,0.13643500932794742,1,interior
0.8760051489871525,0.10590482248086547,1,interior
0.7100188166287683,0.021688004125335274,1,interior
0.2698337661161557,0.13049597547830552,1,interior
0.3867275260116441,0.10516771470571587,1,interior
0.8626923684651929,0.19566477949919286,1,interior
0.25609816555621134,0.12757412346234082,1,interior
0.8184296351441421,0.04285806446515248,1,interior
0.8205792064436452,0.036257424908691896,1,interior
0.8254182725537506,0.04008384919825731,1,interior
0.8268668446729929,0.04596115155863267,1,interior
0.8380377093805871,0.044949184062830605,1,boundary
0.8384786921554628,0.05894560004862492,1,interior
0.27929078672808744,0.11122997700086155,1,interior
0.8339894377575389,0.050763964070883634,1,interior
0.702589549306031,0.022901927524054257,1,interior
0.8560567253999621,0.07507197232582526,1,interior
0.846396154778401,0.06358412818992495,1,interior
0.2841100048573664,0.10933846681145618,1,interior
