x,y,region,boundary_flag
0.0246499751885899,0.3122048657044963,1.0,1.0
0.0306076755162635,0.3062471653768228,1.0,1.0
0.0376485940853322,0.2997478559284517,1.0,1.0
0.0436062944130057,0.2932485464800806,1.0,1.0
0.0490223856199815,0.2851244096696168,1.0,1.0
0.0560633041890503,0.2802499275833384,1.0,1.0
0.0647290501202118,0.27537544549706,1.0,1.0
0.0706867504478853,0.2667096995658986,1.0,1.0
0.0718628379877553,0.2638206996805726,1.0,1.0
0.0753933270708211,0.2613600557741934,1.0,1.0
0.077319048388857,0.2585784583148082,1.0,1.0
0.080742552138027,0.2529082788783692,1.0,1.0
0.0837381186327495,0.2490568362422975,1.0,1.0
0.0854498709154481,0.2452053936062257,1.0,1.0
0.0878035303041586,0.2426377651821779,1.0,1.0
0.0880174993394959,0.2388933070637748,1.0,1.0
0.0916549729402304,0.2375025083340821,1.0,1.0
0.0962553071999828,0.2355767870160463,1.0,1.0
0.1008556414597352,0.2351488489453717,1.0,1.0
0.1063118518608368,0.2362186941220582,1.0,1.0
0.1080236041435354,0.2326882050389924,1.0,1.0
0.1109121861205892,0.2294786695089326,1.0,1.0
0.1139077526153117,0.2320462979329805,1.0,1.0
0.1166893500746969,0.2346139263570283,1.0,1.0
0.1158334739333476,0.240391090311136,1.0,1.0
0.1152985513450043,0.2468101613712556,1.0,1.0
0.1178661797690522,0.2518384337016827,1.0,1.0
0.1189360249457388,0.256759721514441,1.0,1.0
0.1191499939810761,0.2623229164332114,1.0,1.0
0.1226804830641419,0.2649975293749279,1.0,1.0
0.1215036533697866,0.2709886623643728,1.0,1.0
0.1250341424528524,0.2764448727654745,1.0,1.0
0.1246062043821778,0.2808312379898896,1.0,1.0
0.114442675203655,0.2773007489068238,1.0,1.0
0.1126239384032878,0.2798683773308716,1.0,1.0
0.1175452262160462,0.2815801296135702,1.0,1.0
0.1235363592054911,0.2842547425552867,1.0,1.0
0.1236433437231598,0.2877852316383525,1.0,1.0
0.1259970031118703,0.2898179374740571,1.0,1.0
0.1280297089475749,0.291101751686081,1.0,1.0
0.1286716160535868,0.2927065194511109,1.0,1.0
0.1280297089475749,0.2957020859458333,1.0,1.0
0.1272808173238943,0.2974138382285319,1.0,1.0
0.1290995541242615,0.2991255905112305,1.0,1.0
0.131453213512972,0.3004094047232544,1.0,1.0
0.1323090896543213,0.3012652808646037,1.0,1.0
0.13241607417199,0.3038329092886516,1.0,1.0
0.131774167065978,0.3066145067480367,1.0,1.0
0.1332719503133392,0.3102519803487712,1.0,1.0
0.1344487800076945,0.3129265932904876,1.0,1.0
0.1356256097020498,0.3162431133382161,1.0,1.0
0.1393700678204529,0.3199875714566192,1.0,1.0
0.1387281607144409,0.3160291443028789,1.0,1.0
0.1379792690907603,0.3130335778081562,1.0,1.0
0.1372303774670797,0.3113218255254578,1.0,1.0
0.1384072071614349,0.3098240422780965,1.0,1.0
0.1393700678204529,0.3076843519247234,1.0,1.0
0.1396910213734589,0.3054376770536814,1.0,1.0
0.1392630833027842,0.3027630641119649,1.0,1.0
0.1390491142674469,0.3004094047232544,1.0,1.0
0.1393700678204529,0.2971998691931946,1.0,1.0
0.1390491142674469,0.2948462098044841,1.0,1.0
0.1376583155377543,0.2922785813804363,1.0,1.0
0.1358395787373871,0.291422705239087,1.0,1.0
0.1327370277249959,0.2887480922973705,1.0,1.0
0.1350906871137065,0.2881061851913584,1.0,1.0
0.1373373619847483,0.2882131697090271,1.0,1.0
0.136802439396405,0.2870363400146719,1.0,1.0
0.1342348109723572,0.2867153864616659,1.0,1.0
0.1323090896543213,0.2865014174263285,1.0,1.0
0.1308113064069601,0.2866084019439973,1.0,1.0
0.1304903528539541,0.285110618696636,1.0,1.0
0.1299554302656108,0.2832918818962688,1.0,1.0
0.1299554302656108,0.2816871141312388,1.0,1.0
0.1299554302656108,0.2795474237778657,1.0,1.0
0.1300624147832794,0.2771937643891551,1.0,1.0
0.1299554302656108,0.274733120482776,1.0,1.0
0.1290995541242615,0.2721654920587281,1.0,1.0
0.1265319257002136,0.2708816778467042,1.0,1.0
0.1252481114881897,0.2691699255640056,1.0,1.0
0.1256760495588643,0.2666022971399577,1.0,1.0
0.1251411269705211,0.2641416532335786,1.0,1.0
0.1234293746878225,0.2614670402918621,1.0,1.0
0.1222525449934672,0.2597552880091635,1.0,1.0
0.1208617462637746,0.258043535726465,1.0,1.0
0.1200058701224253,0.2562247989260977,1.0,1.0
0.1209687307814432,0.2547270156787365,1.0,1.0
0.1211826998167806,0.2522663717723573,1.0,1.0
0.1202198391577627,0.2491638207599662,1.0,1.0
0.1181871333220581,0.2467031768535869,1.0,1.0
0.1179731642867208,0.2439215793942018,1.0,1.0
0.1179731642867208,0.2411399819348166,1.0,1.0
0.1179731642867208,0.2386793380284374,1.0,1.0
0.1179731642867208,0.2356837715337149,1.0,1.0
0.1166893500746969,0.2327951895566611,1.0,1.0
0.1156195048980103,0.2307624837209566,1.0,1.0
0.113479814544637,0.2279808862615714,1.0,1.0
0.1124099693679505,0.2259481804258669,1.0,1.0
0.1123029848502818,0.2232735674841503,1.0,1.0
0.1120890158149445,0.2199570474364219,1.0,1.0
0.1123029848502818,0.2178173570830487,1.0,1.0
0.115405535862673,0.2163195738356874,1.0,1.0
0.1180801488043895,0.2148217905883261,1.0,1.0
0.120754761746106,0.2138589299293082,1.0,1.0
0.1239642972761658,0.2122541621642783,1.0,1.0
0.1263179566648763,0.2107563789169171,1.0,1.0
0.1292065386419301,0.2099005027755678,1.0,1.0
0.1328440122426646,0.2084027195282065,1.0,1.0
0.1333789348310079,0.2058350911041587,1.0,1.0
0.1350906871137065,0.2021976175034243,1.0,1.0
0.1373373619847483,0.2003788807030571,1.0,1.0
0.1396910213734589,0.1988810974556958,1.0,1.0
0.1417237272091634,0.1971693451729972,1.0,1.0
0.1449332627392232,0.1954575928902987,1.0,1.0
0.1480358137516143,0.1942807631959434,1.0,1.0
0.1506676335392451,0.1951366393372927,1.0,1.0
0.1547330452106542,0.1960994999963106,1.0,1.0
0.1582635342937199,0.1962064845139793,1.0,1.0
0.162007992412123,0.194708701266618,1.0,1.0
0.1658594350481947,0.1927829799485821,1.0,1.0
0.1685340479899113,0.1917131347718956,1.0,1.0
0.1721715215906458,0.1895734444185223,1.0,1.0
0.1754880416383742,0.1887175682771731,1.0,1.0
0.1794464687921147,0.1876477231004865,1.0,1.0
0.1844747411225416,0.1868988314768059,1.0,1.0
0.1896099979706374,0.1860429553354566,1.0,1.0
0.1933544560890405,0.1855080327471133,1.0,1.0
0.1977408213134556,0.1851870791941073,1.0,1.0
0.2027690936438826,0.1850800946764386,1.0,1.0
0.208011335009647,0.184652156605764,1.0,1.0
0.2125046847517307,0.1855080327471133,1.0,1.0
0.2171692071101576,0.1867918469591372,1.0,1.0
0.221448587816904,0.1874337540651491,1.0,1.0
0.2260489220766564,0.1871128005121432,1.0,1.0
0.2323610086191073,0.1866848624414685,1.0,1.0
0.2372822964318657,0.1871128005121432,1.0,1.0
0.2431664449036421,0.1874337540651491,1.0,1.0
0.2485156707870751,0.1886105837595044,1.0,1.0
0.2526880669761528,0.1882896302064985,1.0,1.0
0.2563897417351953,0.189038521830179,1.0,1.0
0.2609900759949476,0.189680428936191,1.0,1.0
0.2658043792900373,0.1895734444185223,1.0,1.0
0.2696558219261091,0.1882896302064985,1.0,1.0
0.2736142490798496,0.1879686766534924,1.0,1.0
0.2776796607512586,0.1865778779237999,1.0,1.0
0.2802472891753065,0.1852940637117759,1.0,1.0
0.283563809223035,0.1835823114290774,1.0,1.0
0.2870942983061008,0.1818705591463788,1.0,1.0
0.2903038338361606,0.1801588068636802,1.0,1.0
0.2924435241895338,0.1788749926516563,1.0,1.0
0.2955460752019249,0.1771632403689578,1.0,1.0
0.2988625952496534,0.1752375190509219,1.0,1.0
0.3029280069210625,0.173953704838898,1.0,1.0
0.3067794495571342,0.1724559215915367,1.0,1.0
0.310630892193206,0.1709581383441755,1.0,1.0
0.3146963038646151,0.1698882931674888,1.0,1.0
0.3186975274373497,0.1672136802257723,1.0,1.0
0.3215861094144036,0.1645390672840558,1.0,1.0
0.325544536568144,0.1626133459660199,1.0,1.0
0.3276842269215171,0.1606876246479841,1.0,1.0
0.3335683753932935,0.1609015936833214,1.0,1.0
0.3378477561000398,0.1607946091656527,1.0,1.0
0.3434109510188102,0.1601527020596408,1.0,1.0
0.3489741459375806,0.1600457175419721,1.0,1.0
0.3527186040559836,0.1620784233776767,1.0,1.0
0.3543233718210136,0.1637901756603752,1.0,1.0
0.3563560776567182,0.1600457175419721,1.0,1.0
0.3599935512574526,0.1607946091656527,1.0,1.0
0.3625611796815004,0.1612225472363274,1.0,1.0
0.3655567461762229,0.1601527020596408,1.0,1.0
0.3686592971886139,0.1580130117062676,1.0,1.0
0.3720828017540112,0.155980305870563,1.0,1.0
0.3766831360137636,0.155659352317557,1.0,1.0
0.3798926715438234,0.156301259423569,1.0,1.0
0.3827812535208772,0.1581199962239363,1.0,1.0
0.3857768200155997,0.1597247639889661,1.0,1.0
0.3874885722982982,0.1609015936833214,1.0,1.0
0.390826484025707,0.1609015936833214,1.0,1.0
0.3945709421441102,0.1604736556126467,1.0,1.0
0.3976734931565013,0.1587619033299482,1.0,1.0
0.4013109667572357,0.1573711046002556,1.0,1.0
0.4058043164993195,0.1554453832822197,1.0,1.0
0.407516068782018,0.1546964916585391,1.0,1.0
0.4105116352767405,0.1583339652592736,1.0,1.0
0.4077300378173554,0.1664647886020918,1.0,1.0
0.4132932327361257,0.1681765408847903,1.0,1.0
0.4006690596512238,0.1724559215915367,1.0,1.0
0.4093348055823853,0.1745956119449099,1.0,1.0
0.4110465578650839,0.172348937073868,1.0,1.0
0.4147910159834869,0.1744886274272412,1.0,1.0
0.4170376908545288,0.1743816429095726,1.0,1.0
0.4181075360312154,0.1718140144855248,1.0,1.0
0.4205681799375946,0.172027983520862,1.0,1.0
0.4246335916090037,0.1732048132152173,1.0,1.0
0.4268802664800455,0.1744886274272412,1.0,1.0
0.4281640806920695,0.1722419525561994,1.0,1.0
0.4303037710454427,0.1710651228618441,1.0,1.0
0.4324434613988159,0.1693533705791456,1.0,1.0
0.4336202910931712,0.1688184479908022,1.0,1.0
0.4356316052491954,0.1695673396144829,1.0,1.0
0.4402319395089478,0.1706371847911695,1.0,1.0
0.4451532273217061,0.1714930609325188,1.0,1.0
0.4486837164047719,0.171707029967856,1.0,1.0
0.4521072209701691,0.1697813086498202,1.0,1.0
0.4555307255355662,0.1681765408847903,1.0,1.0
0.4595961372069753,0.1683905099201276,1.0,1.0
0.4613078894896739,0.1689254325084709,1.0,1.0
0.462805672737035,0.1668927266727663,1.0,1.0
0.4653733011610829,0.1647530363193931,1.0,1.0
0.4689037902441487,0.1644320827663872,1.0,1.0
0.4731831709508951,0.1637901756603752,1.0,1.0
0.4783184277989908,0.1626133459660199,1.0,1.0
0.4789603349050028,0.1605806401303154,1.0,1.0
0.4811856180963643,0.1600457175419721,1.0,1.0
0.4846091226617615,0.1586549188122795,1.0,1.0
0.4883535807801645,0.1581199962239363,1.0,1.0
0.491991054380899,0.1567291974942437,1.0,1.0
0.4952005899109588,0.1558733213528944,1.0,1.0
0.4981961564056813,0.1540545845525271,1.0,1.0
0.5009777538650665,0.1534126774465152,1.0,1.0
0.5035453822891143,0.1536266464818525,1.0,1.0
0.5057920571601562,0.1522358477521599,1.0,1.0
0.5078247629958608,0.150952033540136,1.0,1.0
0.5109273140082519,0.1510590180578047,1.0,1.0
0.5138158959853057,0.150952033540136,1.0,1.0
0.5157416173033416,0.1510590180578047,1.0,1.0
0.5172394005507028,0.1537336309995211,1.0,1.0
0.5206629051161,0.155980305870563,1.0,1.0
0.5240864096814971,0.1584409497769422,1.0,1.0
0.5287937023396512,0.1585479342946109,1.0,1.0
0.5332870520817349,0.1586549188122795,1.0,1.0
0.5377804018238186,0.1599387330243035,1.0,1.0
0.5414178754245531,0.1609015936833214,1.0,1.0
0.5458042406489682,0.162292392413014,1.0,1.0
0.5492277452143652,0.162292392413014,1.0,1.0
0.553721094956449,0.1610085782009901,1.0,1.0
0.5594982589105566,0.1596177794712975,1.0,1.0
0.5652754228646643,0.1583339652592736,1.0,1.0
0.5703036951950914,0.1572641200825869,1.0,1.0
0.5745830759018378,0.156301259423569,1.0,1.0
0.5800392863029394,0.1545895071408705,1.0,1.0
0.5839977134566798,0.1537336309995211,1.0,1.0
0.5876351870574142,0.1517009251638166,1.0,1.0
0.5902028154814621,0.150952033540136,1.0,1.0
0.5949101342588833,0.1513799716108106,1.0,1.0
0.5976917317182683,0.1513799716108106,1.0,1.0
0.5992323505635242,0.1497752038457807,1.0,1.0
0.6005161647755481,0.1483844051160881,1.0,1.0
0.6024418860935841,0.1463516992803836,1.0,1.0
0.6060793596943185,0.1473145599394015,1.0,1.0
0.6111076320247455,0.1468866218687269,1.0,1.0
0.615066059178486,0.1461377302450463,1.0,1.0
0.6203083005442503,0.144960900550691,1.0,1.0
0.6245876812509968,0.1445329624800164,1.0,1.0
0.6274762632280505,0.1478494825277449,1.0,1.0
0.6294019845460865,0.1500961573987867,1.0,1.0
0.6333604116998269,0.1511660025754733,1.0,1.0
0.6365699472298867,0.1521288632344913,1.0,1.0
0.6395655137246092,0.1511660025754733,1.0,1.0
0.642133142148657,0.1508450490224673,1.0,1.0
0.6459845847847289,0.151593940646148,1.0,1.0
0.6490871357971201,0.1527707703405032,1.0,1.0
0.6522966713271797,0.1539476000348585,1.0,1.0
0.6548642997512276,0.1546964916585391,1.0,1.0
0.6565760520339262,0.1574780891179243,1.0,1.0
0.658180819798956,0.1597247639889661,1.0,1.0
0.660427494669998,0.1604736556126467,1.0,1.0
0.6655627515180936,0.1586549188122795,1.0,1.0
0.6697351477071714,0.1576920581532616,1.0,1.0
0.672602311885278,0.1583339652592736,1.0,1.0
0.6743140641679765,0.1596177794712975,1.0,1.0
0.6769886771096929,0.1590828568829542,1.0,1.0
0.6790213829453976,0.1581199962239363,1.0,1.0
0.683942670758156,0.1603666710949781,1.0,1.0
0.689291896641589,0.1617574698246707,1.0,1.0
0.6950690605956965,0.1600457175419721,1.0,1.0
0.6998833638907862,0.1617574698246707,1.0,1.0
0.7042697291152014,0.1643250982487185,1.0,1.0
0.7081211717512731,0.167641618296447,1.0,1.0
0.7122935679403509,0.1701022622028261,1.0,1.0
0.7174288247884466,0.1724559215915367,1.0,1.0
0.7221147257669202,0.173311797732886,1.0,1.0
0.7277849052033593,0.1744886274272412,1.0,1.0
0.7332411156044609,0.1747025964625786,1.0,1.0
0.7389112950408999,0.173311797732886,1.0,1.0
0.743297660265315,0.173311797732886,1.0,1.0
0.7457583041716942,0.1744886274272412,1.0,1.0
0.7508935610197899,0.1745956119449099,1.0,1.0
0.7567777094915661,0.1748095809802472,1.0,1.0
0.7625548734456739,0.1754514880862592,1.0,1.0
0.7658713934934023,0.1767353022982831,1.0,1.0
0.7702577587178174,0.1782330855456443,1.0,1.0
0.7748580929775697,0.1797308687930056,1.0,1.0
0.7777466749546236,0.1810146830050295,1.0,1.0
0.780100334343334,0.1839032649820834,1.0,1.0
0.7827749472850506,0.1833683423937401,1.0,1.0
0.7868403589564598,0.1834753269114087,1.0,1.0
0.7878032196154776,0.1854010482294446,1.0,1.0
0.7904778325571942,0.1885035992418358,1.0,1.0
0.7941153061579286,0.1895734444185223,1.0,1.0
0.7975388107233258,0.190001382489197,1.0,1.0
0.7995073676392562,0.1888245527948417,1.0,1.0
0.8010051508866175,0.1870058159944745,1.0,1.0
0.8048565935226893,0.1887175682771731,1.0,1.0
0.8078521600174118,0.1908572586305463,1.0,1.0
0.8097778813354477,0.1918201192895642,1.0,1.0
0.8132013859008449,0.1911782121835522,1.0,1.0
0.8142070299192233,0.1937458406076001,1.0,1.0
0.8160257667195906,0.1971693451729972,1.0,1.0
0.817844503519958,0.1979182367966779,1.0,1.0
0.8220168997090356,0.1964204535493166,1.0,1.0
0.8262962804157821,0.1965274380669853,1.0,1.0
0.8291848623928358,0.1971693451729972,1.0,1.0
0.8322874134052269,0.1970623606553286,1.0,1.0
0.8339991656879255,0.19535060837263,1.0,1.0
0.8356039334529555,0.1939598096429374,1.0,1.0
0.8377436238063286,0.1921410728425702,1.0,1.0
0.8402042677127078,0.1912851967012209,1.0,1.0
0.842343958066081,0.1935318715722628,1.0,1.0
0.8442696793841169,0.1964204535493166,1.0,1.0
0.8452325400431349,0.1978112522790092,1.0,1.0
0.8491481838375146,0.1985601439026898,1.0,1.0
0.8532135955089237,0.1987741129380272,1.0,1.0
0.8581348833216821,0.1992020510087018,1.0,1.0
0.8602745736750553,0.1994160200440391,1.0,1.0
0.8634626914061678,0.2017696794327496,1.0,1.0
0.8684909637365948,0.2047652459274721,1.0,1.0
0.8727703444433412,0.2079747814575319,1.0,1.0
0.8774776632207623,0.2109703479522544,1.0,1.0
0.8804732297154847,0.2127890847526216,1.0,1.0
0.8837897497632132,0.2155706822120068,1.0,1.0
0.8847526104222312,0.2178173570830487,1.0,1.0
0.8911716814823508,0.218031326118386,1.0,1.0
0.8969488454364585,0.2208129235777712,1.0,1.0
0.8972697989894644,0.2244503971785056,1.0,1.0
0.8979117060954764,0.2278739017439027,1.0,1.0
0.900971473748507,0.228408824332246,1.0,1.0
0.9033251331372174,0.2286227933675834,1.0,1.0
0.90311116410188,0.2345069418393597,1.0,1.0
0.9064276841496084,0.2348278953923656,1.0,1.0
0.911028018409361,0.2353628179807089,1.0,1.0
0.9135956468334088,0.240712043864142,1.0,1.0
0.9202286869288656,0.2422098271115032,1.0,1.0
0.924829021188618,0.2388933070637748,1.0,1.0
0.928038556718678,0.2367536167104015,1.0,1.0
0.9312480922487376,0.2338650347333477,1.0,1.0
0.9344362099798502,0.2352558334630403,1.0,1.0
0.9368968538862292,0.2373955238164135,1.0,1.0
0.9412832191106444,0.2380374309224255,1.0,1.0
0.9456695843350597,0.2365396476750642,1.0,1.0
0.948986104382788,0.2362186941220582,1.0,1.0
0.9530515160541972,0.2367536167104015,1.0,1.0
0.9567959741726002,0.2363256786397269,1.0,1.0
0.9607544013263408,0.2366466321927328,1.0,1.0
0.9640709213740692,0.2370745702634075,1.0,1.0
0.9676014104571348,0.2357907560513836,1.0,1.0
0.9701690388811828,0.2351488489453717,1.0,1.0
0.9720947601992188,0.2314043908269685,1.0,1.0
0.9751973112116096,0.233758050215679,1.0,1.0
0.9778719241533262,0.2341859882863537,1.0,1.0
0.980439552577374,0.2338650347333477,1.0,1.0
0.9838630571427712,0.2354698024983776,1.0,1.0
0.9888485983523716,0.233758050215679,1.0,1.0
0.9925930564707748,0.2327951895566611,1.0,1.0
0.9927000409884432,0.2277669172262341,1.0,1.0
0.9945187777888106,0.2231665829664816,1.0,1.0
0.9903463815997328,0.2245573816961742,1.0,1.0
0.9882066912463596,0.2215618152014518,1.0,1.0
0.9866019234813298,0.218031326118386,1.0,1.0
0.9883136757640284,0.2122541621642783,1.0,1.0
0.9856390628223118,0.2094725647048932,1.0,1.0
0.9878857376933536,0.206370013692502,1.0,1.0
0.9851041402339684,0.2046582614098035,1.0,1.0
0.9855320783046432,0.2021976175034243,1.0,1.0
0.9869228770343358,0.1992020510087018,1.0,1.0
0.9818946047039088,0.2005928497383943,1.0,1.0
0.9778291930324996,0.1918201192895642,1.0,1.0
0.973335843290416,0.1925690109132448,1.0,1.0
0.9691634471013382,0.1925690109132448,1.0,1.0
0.9664888341596216,0.190322336042203,1.0,1.0
0.9634932676648992,0.190001382489197,1.0,1.0
0.9604977011701769,0.190001382489197,1.0,1.0
0.9571811811224482,0.1901083670068657,1.0,1.0
0.9527948158980332,0.1901083670068657,1.0,1.0
0.9529018004157016,0.1876477231004865,1.0,1.0
0.9526878313803644,0.1842242185350894,1.0,1.0
0.9481944816382808,0.184331203052758,1.0,1.0
0.9448779615905524,0.1826194507700594,1.0,1.0
0.9429522402725165,0.1804797604166862,1.0,1.0
0.9454128841788956,0.179302930722331,1.0,1.0
0.9455198686965642,0.1769492713336204,1.0,1.0
0.9454128841788956,0.1741676738742353,1.0,1.0
0.9425243022018418,0.1758794261569338,1.0,1.0
0.9400636582954623,0.1767353022982831,1.0,1.0
0.9374960298714148,0.1767353022982831,1.0,1.0
0.9343934788590236,0.1748095809802472,1.0,1.0
0.9320398194703132,0.173632751285892,1.0,1.0
0.928937268457922,0.1722419525561994,1.0,1.0
0.9267975781045488,0.1697813086498202,1.0,1.0
0.9245509032335067,0.168283525402459,1.0,1.0
0.921020414150441,0.1681765408847903,1.0,1.0
0.9183885323295512,0.1677486028141157,1.0,1.0
0.9145370896934796,0.167320664743441,1.0,1.0
0.9137881980697988,0.1645390672840558,1.0,1.0
0.9122904148224374,0.1609015936833214,1.0,1.0
0.9092948483277152,0.1575850736355929,1.0,1.0
0.905871343762318,0.1561942749059004,1.0,1.0
0.9015919630555717,0.1557663368352257,1.0,1.0
0.8978475049371685,0.1564082439412377,1.0,1.0
0.893568124230422,0.1564082439412377,1.0,1.0
0.8913214493593802,0.1536266464818525,1.0,1.0
0.8908935112887055,0.1502031419164554,1.0,1.0
0.8899306506296876,0.1482774205984195,1.0,1.0
0.8867211150996277,0.1481704360807508,1.0,1.0
0.8850093628169292,0.1459237612097089,1.0,1.0
0.8830836414988933,0.1435701018209984,1.0,1.0
0.8809439511455202,0.1400396127379327,1.0,1.0
0.8786972762744782,0.1372580152785475,1.0,1.0
0.8749528181560751,0.1377929378668908,1.0,1.0
0.8717432826260153,0.1380069069022281,1.0,1.0
0.8690686696842987,0.1387557985259087,1.0,1.0
0.8660731031895762,0.1369370617255415,1.0,1.0
0.8644683354245465,0.134262448783825,1.0,1.0
0.8627565831418479,0.1306249751830905,1.0,1.0
0.860509908270806,0.128913222900392,1.0,1.0
0.8561235430463908,0.12827131579438,1.0,1.0
0.8533419455870057,0.1296621145240726,1.0,1.0
0.8507957349619052,0.12827131579438,1.0,1.0
0.8482281065378574,0.1270944861000247,1.0,1.0
0.8469442923258335,0.1233500279816216,1.0,1.0
0.8430928496897617,0.1221731982872664,1.0,1.0
0.8384925154300092,0.1221731982872664,1.0,1.0
0.8361388560412987,0.1214243066635858,1.0,1.0
0.8342131347232629,0.1185357246865319,1.0,1.0
0.8321804288875583,0.1161820652978214,1.0,1.0
0.8293988314281733,0.1150052356034661,1.0,1.0
0.8258683423451073,0.1134004678384362,1.0,1.0
0.8230867448857222,0.1116887155557376,1.0,1.0
0.820626100979343,0.111260777485063,1.0,1.0
0.8147419525075668,0.1124376071794183,1.0,1.0
0.8099276492124771,0.1131864988030989,1.0,1.0
0.8058622375410679,0.1129725297677616,1.0,1.0
0.802973655564014,0.111260777485063,1.0,1.0
0.7999780890692917,0.1090141026140212,1.0,1.0
0.7973034761275751,0.1064464741899733,1.0,1.0
0.7936660025268406,0.1044137683542687,1.0,1.0
0.7904564669967808,0.1018461399302209,1.0,1.0
0.7869259779137151,0.0992785115061731,1.0,1.0
0.7838234269013239,0.0964969140467879,1.0,1.0
0.7792230926415715,0.0937153165874028,1.0,1.0
0.774943711934825,0.0931803939990594,1.0,1.0
0.7726970370637832,0.0921105488223728,1.0,1.0
0.7698084550867293,0.089542920398325,1.0,1.0
0.7678827337686935,0.0859054467975905,1.0,1.0
0.7668128885920069,0.0821609886791874,1.0,1.0
0.7629614459559351,0.0819470196438501,1.0,1.0
0.7578261891078394,0.0816260660908441,1.0,1.0
0.7561144368251409,0.0779885924901097,1.0,1.0
0.7544026845424423,0.0749930259953872,1.0,1.0
0.7522629941890692,0.0710345988416468,1.0,1.0
0.7505512419063706,0.0683599858999303,1.0,1.0
0.7484115515529974,0.0655783884405451,1.0,1.0
0.7460578921642869,0.0640806051931838,1.0,1.0
0.7454159850582749,0.06119202321613,1.0,1.0
0.7447740779522629,0.0580894722037389,1.0,1.0
0.7420352638522384,0.056484704438709,1.0,1.0
0.73711397603948,0.0550939057090164,1.0,1.0
0.731443796603041,0.0541310450499984,1.0,1.0
0.7238478958485662,0.0525262772849686,1.0,1.0
0.7186056544828018,0.0516704011436192,1.0,1.0
0.709725939516303,0.0517773856612879,1.0,1.0
0.7025579768325028,0.0514564321082819,1.0,1.0
0.6960319212547145,0.0518843701789566,1.0,1.0
0.6903617418182755,0.0519913546966252,1.0,1.0
0.6850125159348425,0.0522053237319625,1.0,1.0
0.6818029804047826,0.0507075404846013,1.0,1.0
0.6781655068040482,0.0492097572372401,1.0,1.0
0.674100095132639,0.0476049894722101,1.0,1.0
0.670355637014236,0.0482468965782221,1.0,1.0
0.6667181634135015,0.0487818191665654,1.0,1.0
0.6664399932198563,0.0458932371895116,1.0,1.0
0.6660120551491816,0.0425767171417831,1.0,1.0
0.6632304576897965,0.0402230577530726,1.0,1.0
0.6592720305360561,0.038511305470374,1.0,1.0
0.6547786807939723,0.0380833673996994,1.0,1.0
0.6522110523699244,0.0373344757760188,1.0,1.0
0.6519970833345871,0.0329481105516037,1.0,1.0
0.6475037335925033,0.032841126033935,1.0,1.0
0.6441872135447748,0.0325201724809291,1.0,1.0
0.641619585120727,0.0317712808572485,1.0,1.0
0.6380890960376613,0.0367995531876755,1.0,1.0
0.6355214676136134,0.0419348100357712,1.0,1.0
0.6319909785305476,0.0483538810958908,1.0,1.0
0.6352005140606074,0.0492097572372401,1.0,1.0
0.6400148173556972,0.0485678501312281,1.0,1.0
0.6433313374034256,0.0479259430252161,1.0,1.0
0.6455780122744674,0.0496376953079147,1.0,1.0
0.6475037335925033,0.0508145250022699,1.0,1.0
0.6500713620165512,0.0522053237319625,1.0,1.0
0.6541367736879603,0.0509215095199386,1.0,1.0
0.6542437582056291,0.0556288282973597,1.0,1.0
0.6537088356172857,0.0595872554511001,1.0,1.0
0.6582021853593695,0.0610850386984613,1.0,1.0
0.6633374422074652,0.0626898064634912,1.0,1.0
0.666161823026211,0.0653644194052078,1.0,1.0
0.6688364359679274,0.0676110942762496,1.0,1.0
0.6700132656622827,0.0688949084882736,1.0,1.0
0.6657338849555362,0.0727463511243453,1.0,1.0
0.661133550695784,0.0772397008664291,1.0,1.0
0.6563192474006943,0.0783095460431157,1.0,1.0
0.6523608202469537,0.078523515078453,1.0,1.0
0.6473325479165267,0.0795933602551396,1.0,1.0
0.6415553839624191,0.0808771744671635,1.0,1.0
0.6374899722910099,0.0808771744671635,1.0,1.0
0.6296373191418372,0.0790584376667963,1.0,1.0
0.6194737899633144,0.0765977937604171,1.0,1.0
0.6113429666204963,0.0745650879247126,1.0,1.0
0.6050308800780453,0.0736022272656946,1.0,1.0
0.5969000567352271,0.072853335642014,1.0,1.0
0.5893041559807521,0.072532382089008,1.0,1.0
0.5837409610619818,0.0713555523946527,1.0,1.0
0.5891971714630835,0.0690018930059422,1.0,1.0
0.5940114747581733,0.0672901407232437,1.0,1.0
0.5976489483589077,0.0658993419935511,1.0,1.0
0.6013934064773109,0.0647225122991958,1.0,1.0
0.6043889729720332,0.0623688529104853,1.0,1.0
0.6055658026663886,0.0603361470747807,1.0,1.0
0.6089893072317857,0.0590523328627568,1.0,1.0
0.6126267808325201,0.0569126425093836,1.0,1.0
0.6146594866682246,0.0560567663680343,1.0,1.0
0.620222681586995,0.0530611998733118,1.0,1.0
0.619259820927977,0.0467491133308609,1.0,1.0
0.6171201305746039,0.0413998874474279,1.0,1.0
0.61583631636258,0.0374414602936874,1.0,1.0
0.6136966260092067,0.034124940245959,1.0,1.0
0.6107010595144843,0.0310223892335678,1.0,1.0
0.6084543846434424,0.0286687298448573,1.0,1.0
0.6052448491133826,0.0256731633501348,1.0,1.0
0.6000026077476183,0.022142674267069,1.0,1.0
0.5947603663818539,0.0198959993960271,1.0,1.0
0.5876993882157223,0.0200029839136958,1.0,1.0
0.581173332637934,0.0215007671610571,1.0,1.0
0.575182199648489,0.0241753801027736,1.0,1.0
0.570153927318062,0.0262080859384781,1.0,1.0
0.5663024846819902,0.0274919001505021,1.0,1.0
0.564483747881623,0.0286687298448573,1.0,1.0
0.5653396240229723,0.0364785996346695,1.0,1.0
0.5605039551674692,0.0408649648590846,1.0,1.0
0.5559036209077168,0.0415068719650965,1.0,1.0
0.5500194724359406,0.0427906861771204,1.0,1.0
0.543600401375821,0.0440745003891444,1.0,1.0
0.5388930825983999,0.044823392012825,1.0,1.0
0.5357905315860088,0.0453583146011683,1.0,1.0
0.5311901973262564,0.0432186242477951,1.0,1.0
0.52639725959158,0.0446094229774877,1.0,1.0
0.5205131111198037,0.0465351442955235,1.0,1.0
0.5161267458953885,0.0479259430252161,1.0,1.0
0.5119543497063108,0.0492097572372401,1.0,1.0
0.5083168761055764,0.0461072062248489,1.0,1.0
0.5064981393052091,0.0427906861771204,1.0,1.0
0.5058562321991972,0.0386182899880427,1.0,1.0
0.5015768514924508,0.0373344757760188,1.0,1.0
0.4960136565736803,0.0364785996346695,1.0,1.0
0.4918412603846026,0.0363716151170009,1.0,1.0
0.487026957089513,0.038511305470374,1.0,1.0
0.4825978085057373,0.0376554293290248,1.0,1.0
0.4782114432813221,0.0365855841523381,1.0,1.0
0.4742530161275817,0.0384043209527054,1.0,1.0
0.4705085580091786,0.0399021042000666,1.0,1.0
0.4664431463377695,0.0410789338944219,1.0,1.0
0.4617358275603485,0.0423627481064458,1.0,1.0
0.4573494623359334,0.044502438459819,1.0,1.0
0.4518932519348317,0.0446094229774877,1.0,1.0
0.4439763976273509,0.0434325932831324,1.0,1.0
0.4392690788499298,0.0451443455658309,1.0,1.0
0.4347757291078461,0.0464281597778549,1.0,1.0
0.4312452400247803,0.0476049894722101,1.0,1.0
0.4262169676943533,0.0493167417549088,1.0,1.0
0.4230074321642935,0.050493571449264,1.0,1.0
0.4195839275988963,0.0522053237319625,1.0,1.0
0.4164813765865052,0.0550939057090164,1.0,1.0
0.4157324849628246,0.0584104257567449,1.0,1.0
0.4135927946094513,0.0622618683928166,1.0,1.0
0.4118810423267528,0.0625828219458226,1.0,1.0
0.4098483364910482,0.0664342645818944,1.0,1.0
0.4082435687260184,0.0696438001119542,1.0,1.0
0.4038572035016032,0.0715695214299901,1.0,1.0
0.3956193956411164,0.0756349331013992,1.0,1.0
0.3894998864543225,0.0777746234547724,1.0,1.0
0.3840436760532208,0.0783095460431157,1.0,1.0
0.3793363572757998,0.0779885924901097,1.0,1.0
0.3747360230160473,0.0798073292904769,1.0,1.0
0.3700287042386263,0.08355178740888,1.0,1.0
0.3657493235318799,0.0867613229389398,1.0,1.0
0.3617908963781394,0.0894359358806563,1.0,1.0
0.3563346859770378,0.0928594404460534,1.0,1.0
0.3440314664451419,0.0964969140467879,1.0,1.0
0.3368635037613416,0.0986366044001611,1.0,1.0
0.3269139436181562,0.1013112173418776,1.0,1.0
0.3203878880403679,0.0985296198824925,1.0,1.0
0.3143967550509229,0.0959619914584446,1.0,1.0
0.3092614982028273,0.0954270688701013,1.0,1.0
0.3039122723193943,0.094571192728752,1.0,1.0
0.2988839999889672,0.0962829450114506,1.0,1.0
0.2992049535419732,0.1010972483065403,1.0,1.0
0.3000608296833225,0.106232505154636,1.0,1.0
0.3004887677539971,0.1104049013437137,1.0,1.0
0.2994189225773105,0.1146842820504602,1.0,1.0
0.2957814489765761,0.1180008020981886,1.0,1.0
0.2898973005047998,0.1185357246865319,1.0,1.0
0.2889344398457818,0.1228151053932783,1.0,1.0
0.2866877649747399,0.1213173221459171,1.0,1.0
0.2840131520330234,0.1196055698632185,1.0,1.0
0.2835852139623488,0.1223871673226037,1.0,1.0
0.2897903159871311,0.1249547957466516,1.0,1.0
0.2895763469517938,0.129234176453398,1.0,1.0
0.2856179197980533,0.1275224241706994,1.0,1.0
0.2803542736929751,0.1314808513244398,1.0,1.0
0.2780006143042646,0.1352253094428429,1.0,1.0
0.2770377536452467,0.1373649997962161,1.0,1.0
0.2663393018783807,0.1353322939605116,1.0,1.0
0.2675161315727359,0.1382208759375654,1.0,1.0
0.2614180140656223,0.1368300772078728,1.0,1.0
0.2605621379242731,0.1391837365965834,1.0,1.0
0.2470820886980218,0.1297690990417412,1.0,1.0
0.2536081442758101,0.1215312911812544,1.0,1.0
0.2457982744859979,0.123563997016959,1.0,1.0
0.2399141260142216,0.1214243066635858,1.0,1.0
0.2333880704364333,0.1214243066635858,1.0,1.0
0.2345649001307886,0.1259176564056695,1.0,1.0
0.2268192184396509,0.1205684305222365,1.0,1.0
0.219544271238182,0.1198195388985559,1.0,1.0
0.2128042466250563,0.1184287401688633,1.0,1.0
0.2115204324130324,0.1150052356034661,1.0,1.0
0.2098086801303339,0.1109398239320571,1.0,1.0
0.2063851755649367,0.1099769632730391,1.0,1.0
0.1991958081418227,0.1126515762147556,1.0,1.0
0.1954513500234196,0.1131864988030989,1.0,1.0
0.1886043408926252,0.1116887155557376,1.0,1.0
0.1829341614561863,0.112544591697087,1.0,1.0
0.1773709665374159,0.1130795142854303,1.0,1.0
0.1718077716186456,0.1128655452500929,1.0,1.0
0.1662445766998752,0.1116887155557376,1.0,1.0
0.1620721805107976,0.1110468084497257,1.0,1.0
0.1551181868623346,0.1183217556511946,1.0,1.0
0.1507318216379196,0.1198195388985559,1.0,1.0
0.146045904334904,0.121959229251929,1.0,1.0
0.1428363688048442,0.1268805170646874,1.0,1.0
0.1379150809920858,0.1288062383827233,1.0,1.0
0.1312820408966289,0.1343694333014937,1.0,1.0
0.1255048769425212,0.13864881400824,1.0,1.0
0.1204766046120942,0.1415373959852939,1.0,1.0
0.1140575335519746,0.1437840708563357,1.0,1.0
0.1105270444689088,0.1464586837980523,1.0,1.0
0.1054987721384817,0.1502031419164554,1.0,1.0
0.1022892366084219,0.1531987084111779,1.0,1.0
0.0982238249370128,0.156622212976575,1.0,1.0
0.0924466609829052,0.1638971601780439,1.0,1.0
0.0878463267231528,0.1681765408847903,1.0,1.0
0.0835669460164064,0.1716000454501874,1.0,1.0
0.0801434414510093,0.1744886274272412,1.0,1.0
0.0760352349930602,0.1774841939219637,1.0,1.0
0.0702580710389525,0.1814426210757042,1.0,1.0
0.0630901083551523,0.1829404043230654,1.0,1.0
0.0589177121660745,0.1883966147241671,1.0,1.0
0.0495886592869498,0.1901083670068657,1.0,1.0
0.0433835572621675,0.2071189053161826,1.0,1.0
0.0330060590483075,0.2152497286590008,1.0,1.0
0.0326851054953015,0.2255202423551922,1.0,1.0
0.0274428641295371,0.2305485146856193,1.0,1.0
0.0239123750464714,0.2399631522404613,1.0,1.0
0.0232704679404594,0.2436006258411958,1.0,1.0
0.0235914214934654,0.2501266814189841,1.0,1.0
0.0225215763167788,0.2552619382670797,1.0,1.0
0.0197399788573936,0.2578295666911276,1.0,1.0
0.0209168085517489,0.2644626067865845,1.0,1.0
0.0178142575393577,0.2695978636346803,1.0,1.0
0.0187771181983757,0.2746261359651073,1.0,1.0
0.0196329943397249,0.278798532154185,1.0,1.0
0.0190980717513815,0.2827569593079255,1.0,1.0
0.0168513968803398,0.290138891027063,1.0,1.0
0.0157815517036532,0.295488116910496,1.0,1.0
0.0157815517036532,0.302121157005953,1.0,1.0
0.0162094897743278,0.3070424448187113,1.0,1.0
0.0187771181983757,0.312498655219813,1.0,1.0
0.0228425298697848,0.3139964384671743,1.0,1.0
0.4116981552191561,0.1535547662590439,1.0,2.0
0.413623876537192,0.1581283543893791,1.0,2.0
0.4157903130199823,0.160535506036924,1.0,2.0
0.4203639011503176,0.1607762212016785,1.0,2.0
0.4234931982921259,0.1624612273549598,1.0,2.0
0.4259003499396708,0.1634240880139778,1.0,2.0
0.4295110774109881,0.1622205121902054,1.0,2.0
0.4319182290585329,0.159572645377906,1.0,2.0
0.4352882413650957,0.1554804875770798,1.0,2.0
0.438417538506904,0.1542769117533073,1.0,2.0
0.4413061204839578,0.1537954814237983,1.0,2.0
0.4432318418019936,0.1549990572475708,1.0,2.0
0.446842569273311,0.1494626084582176,1.0,2.0
0.4497311512503648,0.1489811781287086,1.0,2.0
0.4540640242159455,0.1465740264811638,1.0,2.0
0.4586376123462808,0.1444075899983734,1.0,2.0
0.4634519156413705,0.1412782928565651,1.0,2.0
0.4687476492659692,0.1383897108795113,1.0,2.0
0.4745248132200768,0.1367047047262299,1.0,2.0
0.4795798316799211,0.1340568379139305,1.0,2.0
0.4863198562930466,0.1318904014311402,1.0,2.0
0.4925784505766633,0.1292425346188408,1.0,2.0
0.4988370448602799,0.1280389587950684,1.0,2.0
0.5041327784848786,0.1270760981360505,1.0,2.0
0.5108728030980042,0.126835382971296,1.0,2.0
0.5171313973816208,0.1280389587950684,1.0,2.0
0.5245935674890099,0.1249096616532601,1.0,2.0
0.5192978338644112,0.1215396493466973,1.0,2.0
0.5111135182627586,0.1203360735229249,1.0,2.0
0.5065399301324234,0.1162439157220986,1.0,2.0
0.5017256268373337,0.1131146185802903,1.0,2.0
0.4947448870594536,0.1104667517679909,1.0,2.0
0.4896898685996094,0.1147996247335717,1.0,2.0
0.4824684136569748,0.118410352204889,1.0,2.0
0.4766912497028672,0.1191324976991525,1.0,2.0
0.4680255037717057,0.1210582190171883,1.0,2.0
0.4562304606987359,0.1210582190171883,1.0,2.0
0.4506940119093828,0.1234653706647332,1.0,2.0
0.4453982782847841,0.126835382971296,1.0,2.0
0.4401025446601854,0.1338161227491761,1.0,2.0
0.4355289565298502,0.1383897108795113,1.0,2.0
0.4302332229052515,0.142722583845092,1.0,2.0
0.4254189196101618,0.1465740264811638,1.0,2.0
0.42156747697409,0.1492218932934632,1.0,2.0
0.4150681675257189,0.1518697601057625,1.0,2.0
0.0246499751885899,0.3122048657044963,1.0,0.0
0.0306076755162635,0.3062471653768228,1.0,0.0
0.0376485940853322,0.2997478559284517,1.0,0.0
0.0436062944130057,0.2932485464800806,1.0,0.0
0.0490223856199815,0.2851244096696168,1.0,0.0
0.0560633041890503,0.2802499275833384,1.0,0.0
0.0647290501202118,0.27537544549706,1.0,0.0
0.0706867504478853,0.2667096995658986,1.0,0.0
0.0718628379877553,0.2638206996805726,1.0,0.0
0.0753933270708211,0.2613600557741934,1.0,0.0
0.077319048388857,0.2585784583148082,1.0,0.0
0.080742552138027,0.2529082788783692,1.0,0.0
0.0837381186327495,0.2490568362422975,1.0,0.0
0.0854498709154481,0.2452053936062257,1.0,0.0
0.0878035303041586,0.2426377651821779,1.0,0.0
0.0880174993394959,0.2388933070637748,1.0,0.0
0.0916549729402304,0.2375025083340821,1.0,0.0
0.0962553071999828,0.2355767870160463,1.0,0.0
0.1008556414597352,0.2351488489453717,1.0,0.0
0.1063118518608368,0.2362186941220582,1.0,0.0
0.1080236041435354,0.2326882050389924,1.0,0.0
0.1109121861205892,0.2294786695089326,1.0,0.0
0.1139077526153117,0.2320462979329805,1.0,0.0
0.1166893500746969,0.2346139263570283,1.0,0.0
0.1158334739333476,0.240391090311136,1.0,0.0
0.1152985513450043,0.2468101613712556,1.0,0.0
0.1178661797690522,0.2518384337016827,1.0,0.0
0.1189360249457388,0.256759721514441,1.0,0.0
0.1191499939810761,0.2623229164332114,1.0,0.0
0.1226804830641419,0.2649975293749279,1.0,0.0
0.1215036533697866,0.2709886623643728,1.0,0.0
0.1250341424528524,0.2764448727654745,1.0,0.0
0.1246062043821778,0.2808312379898896,1.0,0.0
0.114442675203655,0.2773007489068238,1.0,0.0
0.1126239384032878,0.2798683773308716,1.0,0.0
0.1175452262160462,0.2815801296135702,1.0,0.0
0.1235363592054911,0.2842547425552867,1.0,0.0
0.1236433437231598,0.2877852316383525,1.0,0.0
0.1259970031118703,0.2898179374740571,1.0,0.0
0.1280297089475749,0.291101751686081,1.0,0.0
0.1286716160535868,0.2927065194511109,1.0,0.0
0.1280297089475749,0.2957020859458333,1.0,0.0
0.1272808173238943,0.2974138382285319,1.0,0.0
0.1290995541242615,0.2991255905112305,1.0,0.0
0.131453213512972,0.3004094047232544,1.0,0.0
0.1323090896543213,0.3012652808646037,1.0,0.0
0.13241607417199,0.3038329092886516,1.0,0.0
0.131774167065978,0.3066145067480367,1.0,0.0
0.1332719503133392,0.3102519803487712,1.0,0.0
0.1344487800076945,0.3129265932904876,1.0,0.0
0.1356256097020498,0.3162431133382161,1.0,0.0
0.1393700678204529,0.3199875714566192,1.0,0.0
0.1387281607144409,0.3160291443028789,1.0,0.0
0.1379792690907603,0.3130335778081562,1.0,0.0
0.1372303774670797,0.3113218255254578,1.0,0.0
0.1384072071614349,0.3098240422780965,1.0,0.0
0.1393700678204529,0.3076843519247234,1.0,0.0
0.1396910213734589,0.3054376770536814,1.0,0.0
0.1392630833027842,0.3027630641119649,1.0,0.0
0.1390491142674469,0.3004094047232544,1.0,0.0
0.1393700678204529,0.2971998691931946,1.0,0.0
0.1390491142674469,0.2948462098044841,1.0,0.0
0.1376583155377543,0.2922785813804363,1.0,0.0
0.1358395787373871,0.291422705239087,1.0,0.0
0.1327370277249959,0.2887480922973705,1.0,0.0
0.1350906871137065,0.2881061851913584,1.0,0.0
0.1373373619847483,0.2882131697090271,1.0,0.0
0.136802439396405,0.2870363400146719,1.0,0.0
0.1342348109723572,0.2867153864616659,1.0,0.0
0.1323090896543213,0.2865014174263285,1.0,0.0
0.1308113064069601,0.2866084019439973,1.0,0.0
0.1304903528539541,0.285110618696636,1.0,0.0
0.1299554302656108,0.2832918818962688,1.0,0.0
0.1299554302656108,0.2816871141312388,1.0,0.0
0.1299554302656108,0.2795474237778657,1.0,0.0
0.1300624147832794,0.2771937643891551,1.0,0.0
0.1299554302656108,0.274733120482776,1.0,0.0
0.1290995541242615,0.2721654920587281,1.0,0.0
0.1265319257002136,0.2708816778467042,1.0,0.0
0.1252481114881897,0.2691699255640056,1.0,0.0
0.1256760495588643,0.2666022971399577,1.0,0.0
0.1251411269705211,0.2641416532335786,1.0,0.0
0.1234293746878225,0.2614670402918621,1.0,0.0
0.1222525449934672,0.2597552880091635,1.0,0.0
0.1208617462637746,0.258043535726465,1.0,0.0
0.1200058701224253,0.2562247989260977,1.0,0.0
0.1209687307814432,0.2547270156787365,1.0,0.0
0.1211826998167806,0.2522663717723573,1.0,0.0
0.1202198391577627,0.2491638207599662,1.0,0.0
0.1181871333220581,0.2467031768535869,1.0,0.0
0.1179731642867208,0.2439215793942018,1.0,0.0
0.1179731642867208,0.2411399819348166,1.0,0.0
0.1179731642867208,0.2386793380284374,1.0,0.0
0.1179731642867208,0.2356837715337149,1.0,0.0
0.1166893500746969,0.2327951895566611,1.0,0.0
0.1156195048980103,0.2307624837209566,1.0,0.0
0.113479814544637,0.2279808862615714,1.0,0.0
0.1124099693679505,0.2259481804258669,1.0,0.0
0.1123029848502818,0.2232735674841503,1.0,0.0
0.1120890158149445,0.2199570474364219,1.0,0.0
0.1123029848502818,0.2178173570830487,1.0,0.0
0.115405535862673,0.2163195738356874,1.0,0.0
0.1180801488043895,0.2148217905883261,1.0,0.0
0.120754761746106,0.2138589299293082,1.0,0.0
0.1239642972761658,0.2122541621642783,1.0,0.0
0.1263179566648763,0.2107563789169171,1.0,0.0
0.1292065386419301,0.2099005027755678,1.0,0.0
0.1328440122426646,0.2084027195282065,1.0,0.0
0.1333789348310079,0.2058350911041587,1.0,0.0
0.1350906871137065,0.2021976175034243,1.0,0.0
0.1373373619847483,0.2003788807030571,1.0,0.0
0.1396910213734589,0.1988810974556958,1.0,0.0
0.1417237272091634,0.1971693451729972,1.0,0.0
0.1449332627392232,0.1954575928902987,1.0,0.0
0.1480358137516143,0.1942807631959434,1.0,0.0
0.1506676335392451,0.1951366393372927,1.0,0.0
0.1547330452106542,0.1960994999963106,1.0,0.0
0.1582635342937199,0.1962064845139793,1.0,0.0
0.162007992412123,0.194708701266618,1.0,0.0
0.1658594350481947,0.1927829799485821,1.0,0.0
0.1685340479899113,0.1917131347718956,1.0,0.0
0.1721715215906458,0.1895734444185223,1.0,0.0
0.1754880416383742,0.1887175682771731,1.0,0.0
0.1794464687921147,0.1876477231004865,1.0,0.0
0.1844747411225416,0.1868988314768059,1.0,0.0
0.1896099979706374,0.1860429553354566,1.0,0.0
0.1933544560890405,0.1855080327471133,1.0,0.0
0.1977408213134556,0.1851870791941073,1.0,0.0
0.2027690936438826,0.1850800946764386,1.0,0.0
0.208011335009647,0.184652156605764,1.0,0.0
0.2125046847517307,0.1855080327471133,1.0,0.0
0.2171692071101576,0.1867918469591372,1.0,0.0
0.221448587816904,0.1874337540651491,1.0,0.0
0.2260489220766564,0.1871128005121432,1.0,0.0
0.2323610086191073,0.1866848624414685,1.0,0.0
0.2372822964318657,0.1871128005121432,1.0,0.0
0.2431664449036421,0.1874337540651491,1.0,0.0
0.2485156707870751,0.1886105837595044,1.0,0.0
0.2526880669761528,0.1882896302064985,1.0,0.0
0.2563897417351953,0.189038521830179,1.0,0.0
0.2609900759949476,0.189680428936191,1.0,0.0
0.2658043792900373,0.1895734444185223,1.0,0.0
0.2696558219261091,0.1882896302064985,1.0,0.0
0.2736142490798496,0.1879686766534924,1.0,0.0
0.2776796607512586,0.1865778779237999,1.0,0.0
0.2802472891753065,0.1852940637117759,1.0,0.0
0.283563809223035,0.1835823114290774,1.0,0.0
0.2870942983061008,0.1818705591463788,1.0,0.0
0.2903038338361606,0.1801588068636802,1.0,0.0
0.2924435241895338,0.1788749926516563,1.0,0.0
0.2955460752019249,0.1771632403689578,1.0,0.0
0.2988625952496534,0.1752375190509219,1.0,0.0
0.3029280069210625,0.173953704838898,1.0,0.0
0.3067794495571342,0.1724559215915367,1.0,0.0
0.310630892193206,0.1709581383441755,1.0,0.0
0.3146963038646151,0.1698882931674888,1.0,0.0
0.3186975274373497,0.1672136802257723,1.0,0.0
0.3215861094144036,0.1645390672840558,1.0,0.0
0.325544536568144,0.1626133459660199,1.0,0.0
0.3276842269215171,0.1606876246479841,1.0,0.0
0.3335683753932935,0.1609015936833214,1.0,0.0
0.3378477561000398,0.1607946091656527,1.0,0.0
0.3434109510188102,0.1601527020596408,1.0,0.0
0.3489741459375806,0.1600457175419721,1.0,0.0
0.3527186040559836,0.1620784233776767,1.0,0.0
0.3543233718210136,0.1637901756603752,1.0,0.0
0.3563560776567182,0.1600457175419721,1.0,0.0
0.3599935512574526,0.1607946091656527,1.0,0.0
0.3625611796815004,0.1612225472363274,1.0,0.0
0.3655567461762229,0.1601527020596408,1.0,0.0
0.3686592971886139,0.1580130117062676,1.0,0.0
0.3720828017540112,0.155980305870563,1.0,0.0
0.3766831360137636,0.155659352317557,1.0,0.0
0.3798926715438234,0.156301259423569,1.0,0.0
0.3827812535208772,0.1581199962239363,1.0,0.0
0.3857768200155997,0.1597247639889661,1.0,0.0
0.3874885722982982,0.1609015936833214,1.0,0.0
0.390826484025707,0.1609015936833214,1.0,0.0
0.3945709421441102,0.1604736556126467,1.0,0.0
0.3976734931565013,0.1587619033299482,1.0,0.0
0.4013109667572357,0.1573711046002556,1.0,0.0
0.4058043164993195,0.1554453832822197,1.0,0.0
0.407516068782018,0.1546964916585391,1.0,0.0
0.4105116352767405,0.1583339652592736,1.0,0.0
0.4077300378173554,0.1664647886020918,1.0,0.0
0.4132932327361257,0.1681765408847903,1.0,0.0
0.4006690596512238,0.1724559215915367,1.0,0.0
0.4093348055823853,0.1745956119449099,1.0,0.0
0.4110465578650839,0.172348937073868,1.0,0.0
0.4147910159834869,0.1744886274272412,1.0,0.0
0.4170376908545288,0.1743816429095726,1.0,0.0
0.4181075360312154,0.1718140144855248,1.0,0.0
0.4205681799375946,0.172027983520862,1.0,0.0
0.4246335916090037,0.1732048132152173,1.0,0.0
0.4268802664800455,0.1744886274272412,1.0,0.0
0.4281640806920695,0.1722419525561994,1.0,0.0
0.4303037710454427,0.1710651228618441,1.0,0.0
0.4324434613988159,0.1693533705791456,1.0,0.0
0.4336202910931712,0.1688184479908022,1.0,0.0
0.4356316052491954,0.1695673396144829,1.0,0.0
0.4402319395089478,0.1706371847911695,1.0,0.0
0.4451532273217061,0.1714930609325188,1.0,0.0
0.4486837164047719,0.171707029967856,1.0,0.0
0.4521072209701691,0.1697813086498202,1.0,0.0
0.4555307255355662,0.1681765408847903,1.0,0.0
0.4595961372069753,0.1683905099201276,1.0,0.0
0.4613078894896739,0.1689254325084709,1.0,0.0
0.462805672737035,0.1668927266727663,1.0,0.0
0.4653733011610829,0.1647530363193931,1.0,0.0
0.4689037902441487,0.1644320827663872,1.0,0.0
0.4731831709508951,0.1637901756603752,1.0,0.0
0.4783184277989908,0.1626133459660199,1.0,0.0
0.4789603349050028,0.1605806401303154,1.0,0.0
0.4811856180963643,0.1600457175419721,1.0,0.0
0.4846091226617615,0.1586549188122795,1.0,0.0
0.4883535807801645,0.1581199962239363,1.0,0.0
0.491991054380899,0.1567291974942437,1.0,0.0
0.4952005899109588,0.1558733213528944,1.0,0.0
0.4981961564056813,0.1540545845525271,1.0,0.0
0.5009777538650665,0.1534126774465152,1.0,0.0
0.5035453822891143,0.1536266464818525,1.0,0.0
0.5057920571601562,0.1522358477521599,1.0,0.0
0.5078247629958608,0.150952033540136,1.0,0.0
0.5109273140082519,0.1510590180578047,1.0,0.0
0.5138158959853057,0.150952033540136,1.0,0.0
0.5157416173033416,0.1510590180578047,1.0,0.0
0.5172394005507028,0.1537336309995211,1.0,0.0
0.5206629051161,0.155980305870563,1.0,0.0
0.5240864096814971,0.1584409497769422,1.0,0.0
0.5287937023396512,0.1585479342946109,1.0,0.0
0.5332870520817349,0.1586549188122795,1.0,0.0
0.5377804018238186,0.1599387330243035,1.0,0.0
0.5414178754245531,0.1609015936833214,1.0,0.0
0.5458042406489682,0.162292392413014,1.0,0.0
0.5492277452143652,0.162292392413014,1.0,0.0
0.553721094956449,0.1610085782009901,1.0,0.0
0.5594982589105566,0.1596177794712975,1.0,0.0
0.5652754228646643,0.1583339652592736,1.0,0.0
0.5703036951950914,0.1572641200825869,1.0,0.0
0.5745830759018378,0.156301259423569,1.0,0.0
0.5800392863029394,0.1545895071408705,1.0,0.0
0.5839977134566798,0.1537336309995211,1.0,0.0
0.5876351870574142,0.1517009251638166,1.0,0.0
0.5902028154814621,0.150952033540136,1.0,0.0
0.5949101342588833,0.1513799716108106,1.0,0.0
0.5976917317182683,0.1513799716108106,1.0,0.0
0.5992323505635242,0.1497752038457807,1.0,0.0
0.6005161647755481,0.1483844051160881,1.0,0.0
0.6024418860935841,0.1463516992803836,1.0,0.0
0.6060793596943185,0.1473145599394015,1.0,0.0
0.6111076320247455,0.1468866218687269,1.0,0.0
0.615066059178486,0.1461377302450463,1.0,0.0
0.6203083005442503,0.144960900550691,1.0,0.0
0.6245876812509968,0.1445329624800164,1.0,0.0
0.6274762632280505,0.1478494825277449,1.0,0.0
0.6294019845460865,0.1500961573987867,1.0,0.0
0.6333604116998269,0.1511660025754733,1.0,0.0
0.6365699472298867,0.1521288632344913,1.0,0.0
0.6395655137246092,0.1511660025754733,1.0,0.0
0.642133142148657,0.1508450490224673,1.0,0.0
0.6459845847847289,0.151593940646148,1.0,0.0
0.6490871357971201,0.1527707703405032,1.0,0.0
0.6522966713271797,0.1539476000348585,1.0,0.0
0.6548642997512276,0.1546964916585391,1.0,0.0
0.6565760520339262,0.1574780891179243,1.0,0.0
0.658180819798956,0.1597247639889661,1.0,0.0
0.660427494669998,0.1604736556126467,1.0,0.0
0.6655627515180936,0.1586549188122795,1.0,0.0
0.6697351477071714,0.1576920581532616,1.0,0.0
0.672602311885278,0.1583339652592736,1.0,0.0
0.6743140641679765,0.1596177794712975,1.0,0.0
0.6769886771096929,0.1590828568829542,1.0,0.0
0.6790213829453976,0.1581199962239363,1.0,0.0
0.683942670758156,0.1603666710949781,1.0,0.0
0.689291896641589,0.1617574698246707,1.0,0.0
0.6950690605956965,0.1600457175419721,1.0,0.0
0.6998833638907862,0.1617574698246707,1.0,0.0
0.7042697291152014,0.1643250982487185,1.0,0.0
0.7081211717512731,0.167641618296447,1.0,0.0
0.7122935679403509,0.1701022622028261,1.0,0.0
0.7174288247884466,0.1724559215915367,1.0,0.0
0.7221147257669202,0.173311797732886,1.0,0.0
0.7277849052033593,0.1744886274272412,1.0,0.0
0.7332411156044609,0.1747025964625786,1.0,0.0
0.7389112950408999,0.173311797732886,1.0,0.0
0.743297660265315,0.173311797732886,1.0,0.0
0.7457583041716942,0.1744886274272412,1.0,0.0
0.7508935610197899,0.1745956119449099,1.0,0.0
0.7567777094915661,0.1748095809802472,1.0,0.0
0.7625548734456739,0.1754514880862592,1.0,0.0
0.7658713934934023,0.1767353022982831,1.0,0.0
0.7702577587178174,0.1782330855456443,1.0,0.0
0.7748580929775697,0.1797308687930056,1.0,0.0
0.7777466749546236,0.1810146830050295,1.0,0.0
0.780100334343334,0.1839032649820834,1.0,0.0
0.7827749472850506,0.1833683423937401,1.0,0.0
0.7868403589564598,0.1834753269114087,1.0,0.0
0.7878032196154776,0.1854010482294446,1.0,0.0
0.7904778325571942,0.1885035992418358,1.0,0.0
0.7941153061579286,0.1895734444185223,1.0,0.0
0.7975388107233258,0.190001382489197,1.0,0.0
0.7995073676392562,0.1888245527948417,1.0,0.0
0.8010051508866175,0.1870058159944745,1.0,0.0
0.8048565935226893,0.1887175682771731,1.0,0.0
0.8078521600174118,0.1908572586305463,1.0,0.0
0.8097778813354477,0.1918201192895642,1.0,0.0
0.8132013859008449,0.1911782121835522,1.0,0.0
0.8142070299192233,0.1937458406076001,1.0,0.0
0.8160257667195906,0.1971693451729972,1.0,0.0
0.817844503519958,0.1979182367966779,1.0,0.0
0.8220168997090356,0.1964204535493166,1.0,0.0
0.8262962804157821,0.1965274380669853,1.0,0.0
0.8291848623928358,0.1971693451729972,1.0,0.0
0.8322874134052269,0.1970623606553286,1.0,0.0
0.8339991656879255,0.19535060837263,1.0,0.0
0.8356039334529555,0.1939598096429374,1.0,0.0
0.8377436238063286,0.1921410728425702,1.0,0.0
0.8402042677127078,0.1912851967012209,1.0,0.0
0.842343958066081,0.1935318715722628,1.0,0.0
0.8442696793841169,0.1964204535493166,1.0,0.0
0.8452325400431349,0.1978112522790092,1.0,0.0
0.8491481838375146,0.1985601439026898,1.0,0.0
0.8532135955089237,0.1987741129380272,1.0,0.0
0.8581348833216821,0.1992020510087018,1.0,0.0
0.8602745736750553,0.1994160200440391,1.0,0.0
0.8634626914061678,0.2017696794327496,1.0,0.0
0.8684909637365948,0.2047652459274721,1.0,0.0
0.8727703444433412,0.2079747814575319,1.0,0.0
0.8774776632207623,0.2109703479522544,1.0,0.0
0.8804732297154847,0.2127890847526216,1.0,0.0
0.8837897497632132,0.2155706822120068,1.0,0.0
0.8847526104222312,0.2178173570830487,1.0,0.0
0.8911716814823508,0.218031326118386,1.0,0.0
0.8969488454364585,0.2208129235777712,1.0,0.0
0.8972697989894644,0.2244503971785056,1.0,0.0
0.8979117060954764,0.2278739017439027,1.0,0.0
0.900971473748507,0.228408824332246,1.0,0.0
0.9033251331372174,0.2286227933675834,1.0,0.0
0.90311116410188,0.2345069418393597,1.0,0.0
0.9064276841496084,0.2348278953923656,1.0,0.0
0.911028018409361,0.2353628179807089,1.0,0.0
0.9135956468334088,0.240712043864142,1.0,0.0
0.9202286869288656,0.2422098271115032,1.0,0.0
0.924829021188618,0.2388933070637748,1.0,0.0
0.928038556718678,0.2367536167104015,1.0,0.0
0.9312480922487376,0.2338650347333477,1.0,0.0
0.9344362099798502,0.2352558334630403,1.0,0.0
0.9368968538862292,0.2373955238164135,1.0,0.0
0.9412832191106444,0.2380374309224255,1.0,0.0
0.9456695843350597,0.2365396476750642,1.0,0.0
0.948986104382788,0.2362186941220582,1.0,0.0
0.9530515160541972,0.2367536167104015,1.0,0.0
0.9567959741726002,0.2363256786397269,1.0,0.0
0.9607544013263408,0.2366466321927328,1.0,0.0
0.9640709213740692,0.2370745702634075,1.0,0.0
0.9676014104571348,0.2357907560513836,1.0,0.0
0.9701690388811828,0.2351488489453717,1.0,0.0
0.9720947601992188,0.2314043908269685,1.0,0.0
0.9751973112116096,0.233758050215679,1.0,0.0
0.9778719241533262,0.2341859882863537,1.0,0.0
0.980439552577374,0.2338650347333477,1.0,0.0
0.9838630571427712,0.2354698024983776,1.0,0.0
0.9888485983523716,0.233758050215679,1.0,0.0
0.9925930564707748,0.2327951895566611,1.0,0.0
0.9927000409884432,0.2277669172262341,1.0,0.0
0.9945187777888106,0.2231665829664816,1.0,0.0
0.9903463815997328,0.2245573816961742,1.0,0.0
0.9882066912463596,0.2215618152014518,1.0,0.0
0.9866019234813298,0.218031326118386,1.0,0.0
0.9883136757640284,0.2122541621642783,1.0,0.0
0.9856390628223118,0.2094725647048932,1.0,0.0
0.9878857376933536,0.206370013692502,1.0,0.0
0.9851041402339684,0.2046582614098035,1.0,0.0
0.9855320783046432,0.2021976175034243,1.0,0.0
0.9869228770343358,0.1992020510087018,1.0,0.0
0.9818946047039088,0.2005928497383943,1.0,0.0
0.9778291930324996,0.1918201192895642,1.0,0.0
0.973335843290416,0.1925690109132448,1.0,0.0
0.9691634471013382,0.1925690109132448,1.0,0.0
0.9664888341596216,0.190322336042203,1.0,0.0
0.9634932676648992,0.190001382489197,1.0,0.0
0.9604977011701769,0.190001382489197,1.0,0.0
0.9571811811224482,0.1901083670068657,1.0,0.0
0.9527948158980332,0.1901083670068657,1.0,0.0
0.9529018004157016,0.1876477231004865,1.0,0.0
0.9526878313803644,0.1842242185350894,1.0,0.0
0.9481944816382808,0.184331203052758,1.0,0.0
0.9448779615905524,0.1826194507700594,1.0,0.0
0.9429522402725165,0.1804797604166862,1.0,0.0
0.9454128841788956,0.179302930722331,1.0,0.0
0.9455198686965642,0.1769492713336204,1.0,0.0
0.9454128841788956,0.1741676738742353,1.0,0.0
0.9425243022018418,0.1758794261569338,1.0,0.0
0.9400636582954623,0.1767353022982831,1.0,0.0
0.9374960298714148,0.1767353022982831,1.0,0.0
0.9343934788590236,0.1748095809802472,1.0,0.0
0.9320398194703132,0.173632751285892,1.0,0.0
0.928937268457922,0.1722419525561994,1.0,0.0
0.9267975781045488,0.1697813086498202,1.0,0.0
0.9245509032335067,0.168283525402459,1.0,0.0
0.921020414150441,0.1681765408847903,1.0,0.0
0.9183885323295512,0.1677486028141157,1.0,0.0
0.9145370896934796,0.167320664743441,1.0,0.0
0.9137881980697988,0.1645390672840558,1.0,0.0
0.9122904148224374,0.1609015936833214,1.0,0.0
0.9092948483277152,0.1575850736355929,1.0,0.0
0.905871343762318,0.1561942749059004,1.0,0.0
0.9015919630555717,0.1557663368352257,1.0,0.0
0.8978475049371685,0.1564082439412377,1.0,0.0
0.893568124230422,0.1564082439412377,1.0,0.0
0.8913214493593802,0.1536266464818525,1.0,0.0
0.8908935112887055,0.1502031419164554,1.0,0.0
0.8899306506296876,0.1482774205984195,1.0,0.0
0.8867211150996277,0.1481704360807508,1.0,0.0
0.8850093628169292,0.1459237612097089,1.0,0.0
0.8830836414988933,0.1435701018209984,1.0,0.0
0.8809439511455202,0.1400396127379327,1.0,0.0
0.8786972762744782,0.1372580152785475,1.0,0.0
0.8749528181560751,0.1377929378668908,1.0,0.0
0.8717432826260153,0.1380069069022281,1.0,0.0
0.8690686696842987,0.1387557985259087,1.0,0.0
0.8660731031895762,0.1369370617255415,1.0,0.0
0.8644683354245465,0.134262448783825,1.0,0.0
0.8627565831418479,0.1306249751830905,1.0,0.0
0.860509908270806,0.128913222900392,1.0,0.0
0.8561235430463908,0.12827131579438,1.0,0.0
0.8533419455870057,0.1296621145240726,1.0,0.0
0.8507957349619052,0.12827131579438,1.0,0.0
0.8482281065378574,0.1270944861000247,1.0,0.0
0.8469442923258335,0.1233500279816216,1.0,0.0
0.8430928496897617,0.1221731982872664,1.0,0.0
0.8384925154300092,0.1221731982872664,1.0,0.0
0.8361388560412987,0.1214243066635858,1.0,0.0
0.8342131347232629,0.1185357246865319,1.0,0.0
0.8321804288875583,0.1161820652978214,1.0,0.0
0.8293988314281733,0.1150052356034661,1.0,0.0
0.8258683423451073,0.1134004678384362,1.0,0.0
0.8230867448857222,0.1116887155557376,1.0,0.0
0.820626100979343,0.111260777485063,1.0,0.0
0.8147419525075668,0.1124376071794183,1.0,0.0
0.8099276492124771,0.1131864988030989,1.0,0.0
0.8058622375410679,0.1129725297677616,1.0,0.0
0.802973655564014,0.111260777485063,1.0,0.0
0.7999780890692917,0.1090141026140212,1.0,0.0
0.7973034761275751,0.1064464741899733,1.0,0.0
0.7936660025268406,0.1044137683542687,1.0,0.0
0.7904564669967808,0.1018461399302209,1.0,0.0
0.7869259779137151,0.0992785115061731,1.0,0.0
0.7838234269013239,0.0964969140467879,1.0,0.0
0.7792230926415715,0.0937153165874028,1.0,0.0
0.774943711934825,0.0931803939990594,1.0,0.0
0.7726970370637832,0.0921105488223728,1.0,0.0
0.7698084550867293,0.089542920398325,1.0,0.0
0.7678827337686935,0.0859054467975905,1.0,0.0
0.7668128885920069,0.0821609886791874,1.0,0.0
0.7629614459559351,0.0819470196438501,1.0,0.0
0.7578261891078394,0.0816260660908441,1.0,0.0
0.7561144368251409,0.0779885924901097,1.0,0.0
0.7544026845424423,0.0749930259953872,1.0,0.0
0.7522629941890692,0.0710345988416468,1.0,0.0
0.7505512419063706,0.0683599858999303,1.0,0.0
0.7484115515529974,0.0655783884405451,1.0,0.0
0.7460578921642869,0.0640806051931838,1.0,0.0
0.7454159850582749,0.06119202321613,1.0,0.0
0.7447740779522629,0.0580894722037389,1.0,0.0
0.7420352638522384,0.056484704438709,1.0,0.0
0.73711397603948,0.0550939057090164,1.0,0.0
0.731443796603041,0.0541310450499984,1.0,0.0
0.7238478958485662,0.0525262772849686,1.0,0.0
0.7186056544828018,0.0516704011436192,1.0,0.0
0.709725939516303,0.0517773856612879,1.0,0.0
0.7025579768325028,0.0514564321082819,1.0,0.0
0.6960319212547145,0.0518843701789566,1.0,0.0
0.6903617418182755,0.0519913546966252,1.0,0.0
0.6850125159348425,0.0522053237319625,1.0,0.0
0.6818029804047826,0.0507075404846013,1.0,0.0
0.6781655068040482,0.0492097572372401,1.0,0.0
0.674100095132639,0.0476049894722101,1.0,0.0
0.670355637014236,0.0482468965782221,1.0,0.0
0.6667181634135015,0.0487818191665654,1.0,0.0
0.6664399932198563,0.0458932371895116,1.0,0.0
0.6660120551491816,0.0425767171417831,1.0,0.0
0.6632304576897965,0.0402230577530726,1.0,0.0
0.6592720305360561,0.038511305470374,1.0,0.0
0.6547786807939723,0.0380833673996994,1.0,0.0
0.6522110523699244,0.0373344757760188,1.0,0.0
0.6519970833345871,0.0329481105516037,1.0,0.0
0.6475037335925033,0.032841126033935,1.0,0.0
0.6441872135447748,0.0325201724809291,1.0,0.0
0.641619585120727,0.0317712808572485,1.0,0.0
0.6380890960376613,0.0367995531876755,1.0,0.0
0.6355214676136134,0.0419348100357712,1.0,0.0
0.6319909785305476,0.0483538810958908,1.0,0.0
0.6352005140606074,0.0492097572372401,1.0,0.0
0.6400148173556972,0.0485678501312281,1.0,0.0
0.6433313374034256,0.0479259430252161,1.0,0.0
0.6455780122744674,0.0496376953079147,1.0,0.0
0.6475037335925033,0.0508145250022699,1.0,0.0
0.6500713620165512,0.0522053237319625,1.0,0.0
0.6541367736879603,0.0509215095199386,1.0,0.0
0.6542437582056291,0.0556288282973597,1.0,0.0
0.6537088356172857,0.0595872554511001,1.0,0.0
0.6582021853593695,0.0610850386984613,1.0,0.0
0.6633374422074652,0.0626898064634912,1.0,0.0
0.666161823026211,0.0653644194052078,1.0,0.0
0.6688364359679274,0.0676110942762496,1.0,0.0
0.6700132656622827,0.0688949084882736,1.0,0.0
0.6657338849555362,0.0727463511243453,1.0,0.0
0.661133550695784,0.0772397008664291,1.0,0.0
0.6563192474006943,0.0783095460431157,1.0,0.0
0.6523608202469537,0.078523515078453,1.0,0.0
0.6473325479165267,0.0795933602551396,1.0,0.0
0.6415553839624191,0.0808771744671635,1.0,0.0
0.6374899722910099,0.0808771744671635,1.0,0.0
0.6296373191418372,0.0790584376667963,1.0,0.0
0.6194737899633144,0.0765977937604171,1.0,0.0
0.6113429666204963,0.0745650879247126,1.0,0.0
0.6050308800780453,0.0736022272656946,1.0,0.0
0.5969000567352271,0.072853335642014,1.0,0.0
0.5893041559807521,0.072532382089008,1.0,0.0
0.5837409610619818,0.0713555523946527,1.0,0.0
0.5891971714630835,0.0690018930059422,1.0,0.0
0.5940114747581733,0.0672901407232437,1.0,0.0
0.5976489483589077,0.0658993419935511,1.0,0.0
0.6013934064773109,0.0647225122991958,1.0,0.0
0.6043889729720332,0.0623688529104853,1.0,0.0
0.6055658026663886,0.0603361470747807,1.0,0.0
0.6089893072317857,0.0590523328627568,1.0,0.0
0.6126267808325201,0.0569126425093836,1.0,0.0
0.6146594866682246,0.0560567663680343,1.0,0.0
0.620222681586995,0.0530611998733118,1.0,0.0
0.619259820927977,0.0467491133308609,1.0,0.0
0.6171201305746039,0.0413998874474279,1.0,0.0
0.61583631636258,0.0374414602936874,1.0,0.0
0.6136966260092067,0.034124940245959,1.0,0.0
0.6107010595144843,0.0310223892335678,1.0,0.0
0.6084543846434424,0.0286687298448573,1.0,0.0
0.6052448491133826,0.0256731633501348,1.0,0.0
0.6000026077476183,0.022142674267069,1.0,0.0
0.5947603663818539,0.0198959993960271,1.0,0.0
0.5876993882157223,0.0200029839136958,1.0,0.0
0.581173332637934,0.0215007671610571,1.0,0.0
0.575182199648489,0.0241753801027736,1.0,0.0
0.570153927318062,0.0262080859384781,1.0,0.0
0.5663024846819902,0.0274919001505021,1.0,0.0
0.564483747881623,0.0286687298448573,1.0,0.0
0.5653396240229723,0.0364785996346695,1.0,0.0
0.5605039551674692,0.0408649648590846,1.0,0.0
0.5559036209077168,0.0415068719650965,1.0,0.0
0.5500194724359406,0.0427906861771204,1.0,0.0
0.543600401375821,0.0440745003891444,1.0,0.0
0.5388930825983999,0.044823392012825,1.0,0.0
0.5357905315860088,0.0453583146011683,1.0,0.0
0.5311901973262564,0.0432186242477951,1.0,0.0
0.52639725959158,0.0446094229774877,1.0,0.0
0.5205131111198037,0.0465351442955235,1.0,0.0
0.5161267458953885,0.0479259430252161,1.0,0.0
0.5119543497063108,0.0492097572372401,1.0,0.0
0.5083168761055764,0.0461072062248489,1.0,0.0
0.5064981393052091,0.0427906861771204,1.0,0.0
0.5058562321991972,0.0386182899880427,1.0,0.0
0.5015768514924508,0.0373344757760188,1.0,0.0
0.4960136565736803,0.0364785996346695,1.0,0.0
0.4918412603846026,0.0363716151170009,1.0,0.0
0.487026957089513,0.038511305470374,1.0,0.0
0.4825978085057373,0.0376554293290248,1.0,0.0
0.4782114432813221,0.0365855841523381,1.0,0.0
0.4742530161275817,0.0384043209527054,1.0,0.0
0.4705085580091786,0.0399021042000666,1.0,0.0
0.4664431463377695,0.0410789338944219,1.0,0.0
0.4617358275603485,0.0423627481064458,1.0,0.0
0.4573494623359334,0.044502438459819,1.0,0.0
0.4518932519348317,0.0446094229774877,1.0,0.0
0.4439763976273509,0.0434325932831324,1.0,0.0
0.4392690788499298,0.0451443455658309,1.0,0.0
0.4347757291078461,0.0464281597778549,1.0,0.0
0.4312452400247803,0.0476049894722101,1.0,0.0
0.4262169676943533,0.0493167417549088,1.0,0.0
0.4230074321642935,0.050493571449264,1.0,0.0
0.4195839275988963,0.0522053237319625,1.0,0.0
0.4164813765865052,0.0550939057090164,1.0,0.0
0.4157324849628246,0.0584104257567449,1.0,0.0
0.4135927946094513,0.0622618683928166,1.0,0.0
0.4118810423267528,0.0625828219458226,1.0,0.0
0.4098483364910482,0.0664342645818944,1.0,0.0
0.4082435687260184,0.0696438001119542,1.0,0.0
0.4038572035016032,0.0715695214299901,1.0,0.0
0.3956193956411164,0.0756349331013992,1.0,0.0
0.3894998864543225,0.0777746234547724,1.0,0.0
0.3840436760532208,0.0783095460431157,1.0,0.0
0.3793363572757998,0.0779885924901097,1.0,0.0
0.3747360230160473,0.0798073292904769,1.0,0.0
0.3700287042386263,0.08355178740888,1.0,0.0
0.3657493235318799,0.0867613229389398,1.0,0.0
0.3617908963781394,0.0894359358806563,1.0,0.0
0.3563346859770378,0.0928594404460534,1.0,0.0
0.3440314664451419,0.0964969140467879,1.0,0.0
0.3368635037613416,0.0986366044001611,1.0,0.0
0.3269139436181562,0.1013112173418776,1.0,0.0
0.3203878880403679,0.0985296198824925,1.0,0.0
0.3143967550509229,0.0959619914584446,1.0,0.0
0.3092614982028273,0.0954270688701013,1.0,0.0
0.3039122723193943,0.094571192728752,1.0,0.0
0.2988839999889672,0.0962829450114506,1.0,0.0
0.2992049535419732,0.1010972483065403,1.0,0.0
0.3000608296833225,0.106232505154636,1.0,0.0
0.3004887677539971,0.1104049013437137,1.0,0.0
0.2994189225773105,0.1146842820504602,1.0,0.0
0.2957814489765761,0.1180008020981886,1.0,0.0
0.2898973005047998,0.1185357246865319,1.0,0.0
0.2889344398457818,0.1228151053932783,1.0,0.0
0.2866877649747399,0.1213173221459171,1.0,0.0
0.2840131520330234,0.1196055698632185,1.0,0.0
0.2835852139623488,0.1223871673226037,1.0,0.0
0.2897903159871311,0.1249547957466516,1.0,0.0
0.2895763469517938,0.129234176453398,1.0,0.0
0.2856179197980533,0.1275224241706994,1.0,0.0
0.2803542736929751,0.1314808513244398,1.0,0.0
0.2780006143042646,0.1352253094428429,1.0,0.0
0.2770377536452467,0.1373649997962161,1.0,0.0
0.2663393018783807,0.1353322939605116,1.0,0.0
0.2675161315727359,0.1382208759375654,1.0,0.0
0.2614180140656223,0.1368300772078728,1.0,0.0
0.2605621379242731,0.1391837365965834,1.0,0.0
0.2470820886980218,0.1297690990417412,1.0,0.0
0.2536081442758101,0.1215312911812544,1.0,0.0
0.2457982744859979,0.123563997016959,1.0,0.0
0.2399141260142216,0.1214243066635858,1.0,0.0
0.2333880704364333,0.1214243066635858,1.0,0.0
0.2345649001307886,0.1259176564056695,1.0,0.0
0.2268192184396509,0.1205684305222365,1.0,0.0
0.219544271238182,0.1198195388985559,1.0,0.0
0.2128042466250563,0.1184287401688633,1.0,0.0
0.2115204324130324,0.1150052356034661,1.0,0.0
0.2098086801303339,0.1109398239320571,1.0,0.0
0.2063851755649367,0.1099769632730391,1.0,0.0
0.1991958081418227,0.1126515762147556,1.0,0.0
0.1954513500234196,0.1131864988030989,1.0,0.0
0.1886043408926252,0.1116887155557376,1.0,0.0
0.1829341614561863,0.112544591697087,1.0,0.0
0.1773709665374159,0.1130795142854303,1.0,0.0
0.1718077716186456,0.1128655452500929,1.0,0.0
0.1662445766998752,0.1116887155557376,1.0,0.0
0.1620721805107976,0.1110468084497257,1.0,0.0
0.1551181868623346,0.1183217556511946,1.0,0.0
0.1507318216379196,0.1198195388985559,1.0,0.0
0.146045904334904,0.121959229251929,1.0,0.0
0.1428363688048442,0.1268805170646874,1.0,0.0
0.1379150809920858,0.1288062383827233,1.0,0.0
0.1312820408966289,0.1343694333014937,1.0,0.0
0.1255048769425212,0.13864881400824,1.0,0.0
0.1204766046120942,0.1415373959852939,1.0,0.0
0.1140575335519746,0.1437840708563357,1.0,0.0
0.1105270444689088,0.1464586837980523,1.0,0.0
0.1054987721384817,0.1502031419164554,1.0,0.0
0.1022892366084219,0.1531987084111779,1.0,0.0
0.0982238249370128,0.156622212976575,1.0,0.0
0.0924466609829052,0.1638971601780439,1.0,0.0
0.0878463267231528,0.1681765408847903,1.0,0.0
0.0835669460164064,0.1716000454501874,1.0,0.0
0.0801434414510093,0.1744886274272412,1.0,0.0
0.0760352349930602,0.1774841939219637,1.0,0.0
0.0702580710389525,0.1814426210757042,1.0,0.0
0.0630901083551523,0.1829404043230654,1.0,0.0
0.0589177121660745,0.1883966147241671,1.0,0.0
0.0495886592869498,0.1901083670068657,1.0,0.0
0.0433835572621675,0.2071189053161826,1.0,0.0
0.0330060590483075,0.2152497286590008,1.0,0.0
0.0326851054953015,0.2255202423551922,1.0,0.0
0.0274428641295371,0.2305485146856193,1.0,0.0
0.0239123750464714,0.2399631522404613,1.0,0.0
0.0232704679404594,0.2436006258411958,1.0,0.0
0.0235914214934654,0.2501266814189841,1.0,0.0
0.0225215763167788,0.2552619382670797,1.0,0.0
0.0197399788573936,0.2578295666911276,1.0,0.0
0.0209168085517489,0.2644626067865845,1.0,0.0
0.0178142575393577,0.2695978636346803,1.0,0.0
0.0187771181983757,0.2746261359651073,1.0,0.0
0.0196329943397249,0.278798532154185,1.0,0.0
0.0190980717513815,0.2827569593079255,1.0,0.0
0.0168513968803398,0.290138891027063,1.0,0.0
0.0157815517036532,0.295488116910496,1.0,0.0
0.0157815517036532,0.302121157005953,1.0,0.0
0.0162094897743278,0.3070424448187113,1.0,0.0
0.0187771181983757,0.312498655219813,1.0,0.0
0.0228425298697848,0.3139964384671743,1.0,0.0
0.4116981552191561,0.1535547662590439,1.0,0.0
0.413623876537192,0.1581283543893791,1.0,0.0
0.4157903130199823,0.160535506036924,1.0,0.0
0.4203639011503176,0.1607762212016785,1.0,0.0
0.4234931982921259,0.1624612273549598,1.0,0.0
0.4259003499396708,0.1634240880139778,1.0,0.0
0.4295110774109881,0.1622205121902054,1.0,0.0
0.4319182290585329,0.159572645377906,1.0,0.0
0.4352882413650957,0.1554804875770798,1.0,0.0
0.438417538506904,0.1542769117533073,1.0,0.0
0.4413061204839578,0.1537954814237983,1.0,0.0
0.4432318418019936,0.1549990572475708,1.0,0.0
0.446842569273311,0.1494626084582176,1.0,0.0
0.4497311512503648,0.1489811781287086,1.0,0.0
0.4540640242159455,0.1465740264811638,1.0,0.0
0.4586376123462808,0.1444075899983734,1.0,0.0
0.4634519156413705,0.1412782928565651,1.0,0.0
0.4687476492659692,0.1383897108795113,1.0,0.0
0.4745248132200768,0.1367047047262299,1.0,0.0
0.4795798316799211,0.1340568379139305,1.0,0.0
0.4863198562930466,0.1318904014311402,1.0,0.0
0.4925784505766633,0.1292425346188408,1.0,0.0
0.4988370448602799,0.1280389587950684,1.0,0.0
0.5041327784848786,0.1270760981360505,1.0,0.0
0.5108728030980042,0.126835382971296,1.0,0.0
0.5171313973816208,0.1280389587950684,1.0,0.0
0.5245935674890099,0.1249096616532601,1.0,0.0
0.5192978338644112,0.1215396493466973,1.0,0.0
0.5111135182627586,0.1203360735229249,1.0,0.0
0.5065399301324234,0.1162439157220986,1.0,0.0
0.5017256268373337,0.1131146185802903,1.0,0.0
0.4947448870594536,0.1104667517679909,1.0,0.0
0.4896898685996094,0.1147996247335717,1.0,0.0
0.4824684136569748,0.118410352204889,1.0,0.0
0.4766912497028672,0.1191324976991525,1.0,0.0
0.4680255037717057,0.1210582190171883,1.0,0.0
0.4562304606987359,0.1210582190171883,1.0,0.0
0.4506940119093828,0.1234653706647332,1.0,0.0
0.4453982782847841,0.126835382971296,1.0,0.0
0.4401025446601854,0.1338161227491761,1.0,0.0
0.4355289565298502,0.1383897108795113,1.0,0.0
0.4302332229052515,0.142722583845092,1.0,0.0
0.4254189196101618,0.1465740264811638,1.0,0.0
0.42156747697409,0.1492218932934632,1.0,0.0
0.4150681675257189,0.1518697601057625,1.0,0.0
0.5782637391164607,0.022799692840286257,1.0,0.0
0.585137347057605,0.022906386565569585,1.0,0.0
0.5907658151998404,0.02276607347620952,1.0,0.0
0.5956834128971464,0.023959651145570467,1.0,0.0
0.5735433990861142,0.028530685312634044,1.0,0.0
0.5781010118532711,0.027987767056624757,1.0,0.0
0.5822060315272678,0.026740914930365237,1.0,0.0
0.5872160038998614,0.02685182705009714,1.0,0.0
0.5917593156481202,0.02729929752886228,1.0,0.0
0.5963692205945231,0.028051178694107164,1.0,0.0
0.6006333590954935,0.02635245731670456,1.0,0.0
0.5649235431067563,0.03268186127419803,1.0,0.0
0.5697789067484119,0.03143956765116165,1.0,0.0
0.5750729570023229,0.03238350424124506,1.0,0.0
0.5799757848986614,0.03188861455690237,1.0,0.0
0.5844709824442067,0.03112687020863817,1.0,0.0
0.5891335176966835,0.03144235815028783,1.0,0.0
0.5938340601174906,0.0318492963929817,1.0,0.0
0.5989746544359862,0.03140177761166528,1.0,0.0
0.6034634024657628,0.030078860332976368,1.0,0.0
0.569231526094854,0.03583728201109271,1.0,0.0
0.5730627670919773,0.036259043307572084,1.0,0.0
0.5777370964638765,0.036395376664870034,1.0,0.0
0.5823522334151052,0.035959341011812036,1.0,0.0
0.5868349440884171,0.03567581680055218,1.0,0.0
0.5915700962877337,0.035894142172167846,1.0,0.0
0.5965828185020116,0.0356566595348927,1.0,0.0
0.601515435314495,0.03496463249837426,1.0,0.0
0.6061146570615903,0.03339859838633737,1.0,0.0
0.6091891970057832,0.036135975988823385,1.0,0.0
0.6396216607817407,0.034616809461259467,1.0,0.0
0.6479901637411666,0.03660647133696322,1.0,0.0
0.4757761949436391,0.04187847128365715,1.0,0.0
0.4801157998110081,0.04157646078535552,1.0,0.0
0.4847782635260765,0.0423874132610678,1.0,0.0
0.4898824937188529,0.04164664663474071,1.0,0.0
0.4940419883982227,0.04124039658112607,1.0,0.0
0.4981151174821836,0.040544559043414356,1.0,0.0
0.5019582619422527,0.04218903306888722,1.0,0.0
0.5650111982699483,0.040773473236174446,1.0,0.0
0.5697341915891044,0.04047549666200574,1.0,0.0
0.5746966986666172,0.04059214200367591,1.0,0.0
0.5796545465101574,0.040493687056985875,1.0,0.0
0.5844606334599244,0.0402166926368115,1.0,0.0
0.5892332634063766,0.04002924565894853,1.0,0.0
0.5942856106842759,0.03984367293606109,1.0,0.0
0.599399830240338,0.0394216006855324,1.0,0.0
0.6043583094943752,0.03829990816953782,1.0,0.0
0.6075212714118738,0.04102831064228976,1.0,0.0
0.6120728350978069,0.03932543935068684,1.0,0.0
0.6400042824838038,0.04003611596827276,1.0,0.0
0.6435116189457929,0.03691875046471921,1.0,0.0
0.6498028150054236,0.04094906563516478,1.0,0.0
0.6554400617751406,0.041682414690093386,1.0,0.0
0.661297981844966,0.03938739252287561,1.0,0.0
0.46327414104447817,0.045809355942235924,1.0,0.0
0.46808515632171127,0.04514354401603566,1.0,0.0
0.47256667595371654,0.044997353587041065,1.0,0.0
0.4776920550865887,0.04607649959706838,1.0,0.0
0.482487129422299,0.04623775535084496,1.0,0.0
0.48773052051699056,0.04608315267796238,1.0,0.0
0.49271957544845274,0.04586528207014415,1.0,0.0
0.497685041358796,0.04541960221579072,1.0,0.0
0.5028519001936274,0.046361653371454946,1.0,0.0
0.5468734552399444,0.0434198896163197,1.0,0.0
0.5533713163571143,0.04530386170944771,1.0,0.0
0.5581984937412569,0.045524241139716315,1.0,0.0
0.5627641379559797,0.0452490020805923,1.0,0.0
0.5674725588623595,0.04499049075448425,1.0,0.0
0.5722003130249803,0.04481450703188923,1.0,0.0
0.5770766892112166,0.04476894175577505,1.0,0.0
0.5819765352715641,0.04457942235204698,1.0,0.0
0.586904787091885,0.044368492086655116,1.0,0.0
0.5918812413192662,0.04399464713529873,1.0,0.0
0.5970741071794652,0.043617987833674404,1.0,0.0
0.6023549307519834,0.04299503172151084,1.0,0.0
0.6070886037708301,0.0451866695002586,1.0,0.0
0.6121213814177351,0.04340701075539241,1.0,0.0
0.6383465853827804,0.04472795475797685,1.0,0.0
0.6426198914018072,0.043233144834964564,1.0,0.0
0.6455054584207338,0.04060190695378776,1.0,0.0
0.6522545270976814,0.04368474239696368,1.0,0.0
0.6588362390096284,0.043672789322708586,1.0,0.0
0.6621289731732408,0.04548049307263198,1.0,0.0
0.4288419324553387,0.04842313672989242,1.0,0.0
0.43878730835012614,0.04949541584041423,1.0,0.0
0.44405020876467316,0.04821496625595933,1.0,0.0
0.44779355521362385,0.044000008600010826,1.0,0.0
0.44930245370503596,0.04870670469230558,1.0,0.0
0.45465931412374083,0.04864204143157173,1.0,0.0
0.4598253678709387,0.04888801673959499,1.0,0.0
0.46527789404636083,0.04965659305157178,1.0,0.0
0.4701725566642853,0.04954759624566581,1.0,0.0
0.47493153052032294,0.04973940517225394,1.0,0.0
0.4800441724022575,0.05034715173404125,1.0,0.0
0.48515908174433325,0.05024079882318423,1.0,0.0
0.4902226752598437,0.050175780421560935,1.0,0.0
0.49522083196504874,0.049922232060911335,1.0,0.0
0.5000260948682967,0.04995410546446604,1.0,0.0
0.5053275897581588,0.05001994225602741,1.0,0.0
0.5102055264852867,0.047718113901660725,1.0,0.0
0.5205706763628027,0.05055596614366951,1.0,0.0
0.5252485474524646,0.04890256161436806,1.0,0.0
0.5304672264378341,0.048127076868376015,1.0,0.0
0.5353014079584456,0.04939193976977111,1.0,0.0
0.5404022537388972,0.0488757744755995,1.0,0.0
0.5451282117351397,0.048592046334150096,1.0,0.0
0.5497441790529751,0.04829152040981658,1.0,0.0
0.5549582547147981,0.0494831380150232,1.0,0.0
0.5600138272292859,0.04968684295838146,1.0,0.0
0.5648863041023248,0.049452698268549124,1.0,0.0
0.5697071879640351,0.04923594134507615,1.0,0.0
0.5745466981916002,0.049088754581307015,1.0,0.0
0.5794127351470614,0.048930603087270624,1.0,0.0
0.584292806191751,0.04861979711733835,1.0,0.0
0.5893097603810009,0.04839406275233143,1.0,0.0
0.5941675433933069,0.047901545583352315,1.0,0.0
0.5990611051988716,0.0475217925460076,1.0,0.0
0.6034122804962518,0.04748398053509793,1.0,0.0
0.6103659976213195,0.047898322287639045,1.0,0.0
0.6150555167978321,0.04657870534281891,1.0,0.0
0.6338222905888655,0.04502422280804005,1.0,0.0
0.6417928054783886,0.04822372339780395,1.0,0.0
0.6471978347246392,0.04503119071268102,1.0,0.0
0.6507809493934712,0.04745326258526161,1.0,0.0
0.6555424052596158,0.04684963145572648,1.0,0.0
0.659089410806116,0.04882564952173708,1.0,0.0
0.6631392449295739,0.05037480480676341,1.0,0.0
0.6722482510535484,0.04792244845719709,1.0,0.0
0.4243789768475132,0.05450185302036821,1.0,0.0
0.4291095674873373,0.05339232888915851,1.0,0.0
0.433714569483287,0.0519892334297668,1.0,0.0
0.4379857258046691,0.053723247881375405,1.0,0.0
0.4426952279841711,0.05287441556916869,1.0,0.0
0.44732994479964044,0.052756599020648824,1.0,0.0
0.4523664109642728,0.052851459917437484,1.0,0.0
0.4573710308932942,0.05302443052963244,1.0,0.0
0.4623832698679743,0.05334328528643725,1.0,0.0
0.46757021600238036,0.05383831206829237,1.0,0.0
0.4725174950649838,0.053987439663569226,1.0,0.0
0.47745168916896885,0.05420921016695081,1.0,0.0
0.4826239202150194,0.0544129225438161,1.0,0.0
0.48769819848575735,0.05437880225654746,1.0,0.0
0.4927661361835619,0.05426871526482849,1.0,0.0
0.49774981966494103,0.05420395420424776,1.0,0.0
0.5028556658835419,0.05397617292744229,1.0,0.0
0.508239978188974,0.053250010474060576,1.0,0.0
0.5130001928252759,0.05348274946688951,1.0,0.0
0.5174266789589869,0.05324481081879583,1.0,0.0
0.5231338075158164,0.05377604156142276,1.0,0.0
0.5279141608171748,0.052840432719757906,1.0,0.0
0.5325556814637472,0.05305165278049651,1.0,0.0
0.5377556380630498,0.05330066213035538,1.0,0.0
0.5426390674204163,0.05313422939153408,1.0,0.0
0.5474399084480482,0.052938720169681236,1.0,0.0
0.5521116198942171,0.05308340197893926,1.0,0.0
0.5572124363704141,0.053693420662122085,1.0,0.0
0.5622668116426613,0.053791532353893994,1.0,0.0
0.5671764819683389,0.05363662651446904,1.0,0.0
0.5720380431920958,0.05342962684501555,1.0,0.0
0.5769476737803731,0.05331666753543515,1.0,0.0
0.5817950516868211,0.05305138339290972,1.0,0.0
0.586657447124715,0.052554232000976704,1.0,0.0
0.5917910322855828,0.05244960517216249,1.0,0.0
0.5966154317813891,0.051826955069209216,1.0,0.0
0.6016691386692452,0.051863775117311904,1.0,0.0
0.6065789116237008,0.0507315872121241,1.0,0.0
0.6122492120409777,0.05152443675197668,1.0,0.0
0.6166540147562942,0.051198825759847535,1.0,0.0
0.6584796973393383,0.05279204778674307,1.0,0.0
0.6670942980336438,0.053890667648873875,1.0,0.0
0.671034097814493,0.05307805557295172,1.0,0.0
0.6751458698793025,0.052477017999598786,1.0,0.0
0.6793702953085461,0.05435433119536076,1.0,0.0
0.6830597028492331,0.056584677995877394,1.0,0.0
0.6877385400289209,0.052096282768199366,1.0,0.0
0.6932024675696254,0.051937756097543156,1.0,0.0
0.6992974223096307,0.051670238962240746,1.0,0.0
0.7034963864947879,0.05606366707663014,1.0,0.0
0.7061991016743308,0.051619467548960775,1.0,0.0
0.7141512388967047,0.05172406880128304,1.0,0.0
0.7207378332480043,0.05646331051944414,1.0,0.0
0.42091082489638326,0.057564506428639445,1.0,0.0
0.426402932192221,0.05811133392299322,1.0,0.0
0.4312306342797892,0.057224412155471666,1.0,0.0
0.4355838334321102,0.05734365758470359,1.0,0.0
0.4407016744001366,0.05758747389955441,1.0,0.0
0.4454152244561113,0.05727556682586246,1.0,0.0
0.45020119551596194,0.05715879020684934,1.0,0.0
0.455086083647243,0.05728239677488693,1.0,0.0
0.4599991653740183,0.057502386370275195,1.0,0.0
0.46496044200853975,0.05779766846686491,1.0,0.0
0.4700190137711631,0.05816138668571044,1.0,0.0
0.47501563672868274,0.05835327342090187,1.0,0.0
0.4800556544434638,0.05846172315048911,1.0,0.0
0.48516147664870163,0.05856251260521482,1.0,0.0
0.4902360930081798,0.05851047445222499,1.0,0.0
0.4952830996664957,0.058443607736218206,1.0,0.0
0.5003740614475591,0.05824289067562468,1.0,0.0
0.5054967738587491,0.05778331873079261,1.0,0.0
0.5103363412601113,0.057747312216176,1.0,0.0
0.5152760707919071,0.05781399148664866,1.0,0.0
0.520164332542252,0.057493426247126944,1.0,0.0
0.5253985059034857,0.05762577458882943,1.0,0.0
0.5301389614787223,0.05739157886231941,1.0,0.0
0.5350456299709361,0.05739208873202511,1.0,0.0
0.5400529487155254,0.0575200395920994,1.0,0.0
0.5449458898220302,0.05742110872676122,1.0,0.0
0.5497395407582647,0.05744530997465837,1.0,0.0
0.5545610791017678,0.057611221348816265,1.0,0.0
0.5596031102108778,0.0579048487676621,1.0,0.0
0.564612335110859,0.05794538858380748,1.0,0.0
0.5695379722955808,0.057818829133002334,1.0,0.0
0.5744130616712041,0.05757637164947224,1.0,0.0
0.5794061447452095,0.057532834224615234,1.0,0.0
0.5841895272533146,0.05712349755789754,1.0,0.0
0.5889432524649512,0.05638613040739462,1.0,0.0
0.5943674082955039,0.05651192606687699,1.0,0.0
0.5989842710554082,0.055726483068624,1.0,0.0
0.604250030446249,0.05577372198979594,1.0,0.0
0.608626146816458,0.05442563201736176,1.0,0.0
0.658320158630289,0.0569090574380473,1.0,0.0
0.6629474215322081,0.05470251065509594,1.0,0.0
0.6666750945496196,0.058910936146220526,1.0,0.0
0.670870111433173,0.057703505105975016,1.0,0.0
0.6752257277866927,0.05682096432986573,1.0,0.0
0.6793548036711792,0.05925782529449874,1.0,0.0
0.6869847248232757,0.05731849306869626,1.0,0.0
0.6911200414194238,0.056905935852798864,1.0,0.0
0.6954209562655798,0.056864721146220924,1.0,0.0
0.6995888870624634,0.056466753055501945,1.0,0.0
0.7074802580653391,0.05663499477593686,1.0,0.0
0.7117659971880014,0.05639487118649299,1.0,0.0
0.716234951661415,0.056350009177167294,1.0,0.0
0.7252027679940236,0.05757430895110108,1.0,0.0
0.7276822055523018,0.05333634271533522,1.0,0.0
0.7296994136101929,0.05839382007860887,1.0,0.0
0.7344021006133389,0.05860788075172085,1.0,0.0
0.739377788887599,0.059731699513092186,1.0,0.0
0.41862057532041347,0.062145584425259734,1.0,0.0
0.42346665080741464,0.06186904674022008,1.0,0.0
0.42865967624127327,0.06196230732481121,1.0,0.0
0.43336844631020366,0.0618014388251637,1.0,0.0
0.4381928295531347,0.06172006632096392,1.0,0.0
0.4431672560152633,0.061799941700853525,1.0,0.0
0.4479985280029139,0.06162561789577242,1.0,0.0
0.45282216368390854,0.06161307293799841,1.0,0.0
0.4576882964854504,0.06175913677456786,1.0,0.0
0.46258915769595677,0.06197667316692614,1.0,0.0
0.4675356951199139,0.06223522092062875,1.0,0.0
0.4725534180789684,0.06249803914870231,1.0,0.0
0.4775816675368755,0.06262793301235549,1.0,0.0
0.48262189333253436,0.06269876652084899,1.0,0.0
0.4876968193346851,0.06272595488898251,1.0,0.0
0.49275237564643853,0.06267493793344918,1.0,0.0
0.49782477155870575,0.06252962954499544,1.0,0.0
0.502887290903843,0.062250676661590634,1.0,0.0
0.5077966373897357,0.062118089910949616,1.0,0.0
0.5127316130990058,0.062069103639349796,1.0,0.0
0.5177439135903819,0.061963277987186635,1.0,0.0
0.5226632341519817,0.06177324821748363,1.0,0.0
0.5276659764361519,0.061866473652353156,1.0,0.0
0.5325490979590731,0.06172924877030061,1.0,0.0
0.5374604643807476,0.06174040476117388,1.0,0.0
0.5424161303765079,0.061790898229485816,1.0,0.0
0.5472902176863764,0.06180243665085677,1.0,0.0
0.55214665049931,0.06187651996541881,1.0,0.0
0.5570458682767219,0.061991250355405286,1.0,0.0
0.5620438741561953,0.06213103579265931,1.0,0.0
0.5670240128296591,0.062123838232567,1.0,0.0
0.5719543104567109,0.06200087144487945,1.0,0.0
0.5768108946529158,0.06164965781903456,1.0,0.0
0.581956691928034,0.0617810320742762,1.0,0.0
0.5865241335127427,0.06119917570329599,1.0,0.0
0.5912448417557937,0.05983959958386205,1.0,0.0
0.5968849679494821,0.06083633780386413,1.0,0.0
0.6007123650574078,0.059504291437408534,1.0,0.0
0.6623643966108841,0.05875151652506266,1.0,0.0
0.6697735644796324,0.06250482200529887,1.0,0.0
0.6745275628335488,0.0612354665666038,1.0,0.0
0.6787986870012717,0.06343114710559143,1.0,0.0
0.6838202199852758,0.06169945137179108,1.0,0.0
0.6888202186344065,0.06164798843678843,1.0,0.0
0.6936368742503977,0.0613881064399192,1.0,0.0
0.6985626557397661,0.06111245098223536,1.0,0.0
0.703495764542094,0.060696280559064404,1.0,0.0
0.7085230015988974,0.060991295183094436,1.0,0.0
0.7133246714311289,0.06090860162054955,1.0,0.0
0.7180151376467532,0.06098392777409612,1.0,0.0
0.722519542265271,0.06153221661903981,1.0,0.0
0.7271379456243208,0.06240465534766523,1.0,0.0
0.7318846919842422,0.0628667114011871,1.0,0.0
0.73644916473716,0.06334383777899427,1.0,0.0
0.7412575979798504,0.06386885837188397,1.0,0.0
0.4156734883271302,0.06641351229243204,1.0,0.0
0.42085807081426974,0.06624447652445954,1.0,0.0
0.42587521698762926,0.0660885402987208,1.0,0.0
0.4308924540926295,0.0662146699087133,1.0,0.0
0.4358015163810828,0.0660983970134692,1.0,0.0
0.44070150667835367,0.06605276232803231,1.0,0.0
0.4456520144886134,0.06606065019652316,1.0,0.0
0.45051666796292944,0.06600743939977267,1.0,0.0
0.4553709975140069,0.0660668504427856,1.0,0.0
0.46025021435975993,0.0662242485690532,1.0,0.0
0.4651595949490508,0.0664262593365438,1.0,0.0
0.47011122791128995,0.06663446558392754,1.0,0.0
0.47511780752658067,0.0668051645639729,1.0,0.0
0.4801354714741429,0.06689447497678816,1.0,0.0
0.4851664361377829,0.06692414690735907,1.0,0.0
0.49021339111657125,0.06691062566008922,1.0,0.0
0.49526464507760487,0.06681105333088522,1.0,0.0
0.5003036996063317,0.06663309014673638,1.0,0.0
0.5052648987797072,0.06649666238867755,1.0,0.0
0.5102149812850115,0.0663909971898732,1.0,0.0
0.5151954372421171,0.06628398987471343,1.0,0.0
0.5201705919192208,0.06618120040543915,1.0,0.0
0.5250872273987652,0.06610496555508591,1.0,0.0
0.5300639465748777,0.06611448982989436,1.0,0.0
0.5349734849942911,0.06605747062338871,1.0,0.0
0.5398944151215805,0.06606772154715149,1.0,0.0
0.5448185710673377,0.06612133967916445,1.0,0.0
0.5497155517078711,0.06616859993204005,1.0,0.0
0.5546185731185552,0.06623545174986364,1.0,0.0
0.5595489704076684,0.06630583978005185,1.0,0.0
0.5645237421822399,0.06635903774534653,1.0,0.0
0.5694880352390151,0.06631217473540993,1.0,0.0
0.574431802362988,0.06618015096948503,1.0,0.0
0.5792421165689857,0.06555079137551043,1.0,0.0
0.5845369997910871,0.06627315153104954,1.0,0.0
0.5891637426527588,0.06475467485439239,1.0,0.0
0.593390398955421,0.06313678885228982,1.0,0.0
0.6736595306170889,0.06555742465999956,1.0,0.0
0.6774060120922079,0.06766773525395496,1.0,0.0
0.6821540988147724,0.06659024356090852,1.0,0.0
0.6866569140425672,0.06600015804601922,1.0,0.0
0.6914633226702966,0.06586906077993677,1.0,0.0
0.696288452579839,0.06558284991628795,1.0,0.0
0.7011419714439042,0.06528675823338528,1.0,0.0
0.7058940555363121,0.0652046043987355,1.0,0.0
0.7107613865483839,0.06536842177607284,1.0,0.0
0.715501565304985,0.06544285406440256,1.0,0.0
0.7201308126146811,0.06579809639292637,1.0,0.0
0.7247533311838382,0.06640905078905131,1.0,0.0
0.7295355188256063,0.06698128820064363,1.0,0.0
0.7342962709049448,0.06748346740556228,1.0,0.0
0.7390880774032956,0.06785675750409843,1.0,0.0
0.7439987689555413,0.06822759223339823,1.0,0.0
0.4132764483651697,0.07022915034973573,1.0,0.0
0.418390310343129,0.07043316144016562,1.0,0.0
0.4233997148410682,0.0703961487812275,1.0,0.0
0.4283377965165528,0.07039243888197502,1.0,0.0
0.43333453183676934,0.07043228640555256,1.0,0.0
0.4382700421119005,0.07038071416346812,1.0,0.0
0.4431988615930048,0.0703572224698433,1.0,0.0
0.4481305581135382,0.07037686210539665,1.0,0.0
0.4530172282329147,0.07040392415976814,1.0,0.0
0.4578984374973375,0.07050639131637026,1.0,0.0
0.46279636489073483,0.07066639967642298,1.0,0.0
0.4677198220875568,0.07084204929857914,1.0,0.0
0.47267729491696653,0.07099556630595279,1.0,0.0
0.47766697891137494,0.07110834523852955,1.0,0.0
0.4826704965907729,0.0711562211647263,1.0,0.0
0.4876854651840927,0.07115121283723626,1.0,0.0
0.4927152758988758,0.07109051281619948,1.0,0.0
0.497738459663543,0.07096888829600059,1.0,0.0
0.5027246244855456,0.0708480334388973,1.0,0.0
0.5076965702890119,0.07073180476775676,1.0,0.0
0.5126720431958314,0.0706161645571102,1.0,0.0
0.5176451538621395,0.07051696139801399,1.0,0.0
0.5226009585085329,0.0704511540277253,1.0,0.0
0.5275430750116566,0.07039776662001652,1.0,0.0
0.5324999917374523,0.07039379235641409,1.0,0.0
0.5374262112907254,0.07037394356509695,1.0,0.0
0.5423503003482127,0.07040024139335918,1.0,0.0
0.5472775794500507,0.07045283853558729,1.0,0.0
0.55219848842638,0.07050261424416286,1.0,0.0
0.5571227830393872,0.07055413399106573,1.0,0.0
0.5620496096642699,0.0705952212411152,1.0,0.0
0.5669617158220005,0.07061135482764476,1.0,0.0
0.571788562981805,0.07056630258613117,1.0,0.0
0.5764315598048685,0.07050875540769738,1.0,0.0
0.5804203122796137,0.06943266852082186,1.0,0.0
0.6740880250154574,0.07090977025271772,1.0,0.0
0.6794758761370903,0.07129837773875466,1.0,0.0
0.6842759846460043,0.07071688478722453,1.0,0.0
0.6890305441085383,0.07029801435844302,1.0,0.0
0.6938942389501314,0.07008405133068278,1.0,0.0
0.698726902985793,0.06982413461660056,1.0,0.0
0.7035027038902668,0.06969319916975165,1.0,0.0
0.7082633174718787,0.06969892784425366,1.0,0.0
0.7130527288681882,0.0698567039021596,1.0,0.0
0.717759078917146,0.07010809365701774,1.0,0.0
0.7224452158749234,0.07055721503789109,1.0,0.0
0.7272059582589699,0.07104838126321139,1.0,0.0
0.7320289386953878,0.07154097713311032,1.0,0.0
0.7369148757487898,0.07192270920440645,1.0,0.0
0.741867346145037,0.07216774359365029,1.0,0.0
0.7470749307140564,0.07170137890865406,1.0,0.0
0.3998143117957008,0.07356471473939652,1.0,0.0
0.4064494026385658,0.07463637378030681,1.0,0.0
0.41094233250958323,0.07425101588638892,1.0,0.0
0.41586644760620994,0.07453352177348888,1.0,0.0
0.4208692208417089,0.07464123774029505,1.0,0.0
0.4258342913758517,0.07465931039569637,1.0,0.0
0.4307972919543534,0.07466035326385431,1.0,0.0
0.4357793097735258,0.07467905840458691,1.0,0.0
0.4407330727924435,0.07466156841250861,1.0,0.0
0.4456744519109195,0.0746717154326719,1.0,0.0
0.4506071493991149,0.07472294164663439,1.0,0.0
0.4555150359319475,0.07480204004836848,1.0,0.0
0.4604192345973013,0.07492947156207826,1.0,0.0
0.4653343663781425,0.07508401598453998,1.0,0.0
0.4702667864482842,0.07522969126062432,1.0,0.0
0.47521885843396144,0.07534140993656169,1.0,0.0
0.4801937324882949,0.07540791193111818,1.0,0.0
0.4851818766973834,0.0754174940413857,1.0,0.0
0.49018352800408577,0.07537359175983432,1.0,0.0
0.4951913105925398,0.07528524888110068,1.0,0.0
0.5001852320961774,0.07517898312569951,1.0,0.0
0.505171520219439,0.07506544567921183,1.0,0.0
0.5101556393907939,0.07494936520056054,1.0,0.0
0.515135492498517,0.07484461379394572,1.0,0.0
0.520103500257851,0.07477102936148056,1.0,0.0
0.5250652436643225,0.07471783380805794,1.0,0.0
0.5300169767517782,0.07468469507614929,1.0,0.0
0.5349701982766897,0.07468291739910309,1.0,0.0
0.5399073932645374,0.07468816781996522,1.0,0.0
0.5448464426078183,0.07472021197543881,1.0,0.0
0.5497929960254461,0.07476520641051955,1.0,0.0
0.5547444093141679,0.07480678232371424,1.0,0.0
0.5597053707756885,0.07484319665810525,1.0,0.0
0.5646782463630609,0.07486695749078316,1.0,0.0
0.569666556596142,0.07486852205624558,1.0,0.0
0.57467212786241,0.07483798842293911,1.0,0.0
0.5797759549595779,0.07457362538086014,1.0,0.0
0.5851121909571849,0.07532793512165366,1.0,0.0
0.5900563582216634,0.07703745010239356,1.0,0.0
0.5931561200264641,0.07269514113319303,1.0,0.0
0.6009812044969711,0.07322923083059568,1.0,0.0
0.6081363593093609,0.0740759444365733,1.0,0.0
0.6659329391739247,0.07653954346282249,1.0,0.0
0.6707336321366623,0.0744001856128479,1.0,0.0
0.6762090089030972,0.07494991414238919,1.0,0.0
0.6815648423822849,0.07517771959999031,1.0,0.0
0.6865388896034068,0.07482555479230764,1.0,0.0
0.6914113468224257,0.07452109233563813,1.0,0.0
0.6962816601550111,0.07432162917883543,1.0,0.0
0.701090444987513,0.07417393573987491,1.0,0.0
0.7058693044431592,0.07413128556690951,1.0,0.0
0.7106337557722712,0.07420729394611533,1.0,0.0
0.7153919452437061,0.0744289495838977,1.0,0.0
0.7201272897747846,0.0747642187807072,1.0,0.0
0.7249021435999359,0.07517259976637704,1.0,0.0
0.7297325257552679,0.07559624636073592,1.0,0.0
0.7346459492330656,0.07595997881737053,1.0,0.0
0.7396474005415816,0.07618946147244633,1.0,0.0
0.744799275946757,0.07600897330202455,1.0,0.0
0.7498159464713537,0.07577638789034064,1.0,0.0
0.38251746530567576,0.08291916118588966,1.0,0.0
0.38764113400647293,0.08123489004927976,1.0,0.0
0.39338603964657876,0.07966183142073871,1.0,0.0
0.39861347538089287,0.07887340030165214,1.0,0.0
0.4031311711886013,0.07786437366420271,1.0,0.0
0.40835925574101095,0.0787719993343701,1.0,0.0
0.41325614928293275,0.07868230697658937,1.0,0.0
0.41826046469333883,0.07881972566687788,1.0,0.0
0.4232669951654013,0.078893760169012,1.0,0.0
0.4282559402889784,0.07891242330480726,1.0,0.0
0.43323672569443133,0.07892071631528279,1.0,0.0
0.43822082506030524,0.0789372703364148,1.0,0.0
0.4431871881557749,0.078950806777131,1.0,0.0
0.448142267518323,0.07899566868759236,1.0,0.0
0.45308754145424873,0.07908138560545776,1.0,0.0
0.45801541442058524,0.0791963934709622,1.0,0.0
0.462937396594324,0.07933817968529612,1.0,0.0
0.46786264532178123,0.07948482660844751,1.0,0.0
0.4727928362265256,0.0796062201429153,1.0,0.0
0.4777336689677723,0.07967885668906106,1.0,0.0
0.48269572294081503,0.07970434593979757,1.0,0.0
0.4876724003428178,0.0796734748702313,1.0,0.0
0.49266150899207173,0.0795988173204268,1.0,0.0
0.4976531021265927,0.07950153521286638,1.0,0.0
0.502645684203949,0.07939055095460887,1.0,0.0
0.5076394243180086,0.07927448311657215,1.0,0.0
0.5126334961061474,0.07916381174718035,1.0,0.0
0.517613223411932,0.07908398159945261,1.0,0.0
0.5225868128056134,0.07902389750056352,1.0,0.0
0.5275539743841612,0.07898526376576397,1.0,0.0
0.5325116063904433,0.07896933847349698,1.0,0.0
0.5374670327904782,0.0789753997408529,1.0,0.0
0.5424187957898743,0.07899005368353026,1.0,0.0
0.5473771246157887,0.0790184349672721,1.0,0.0
0.552345756996069,0.07905115432569171,1.0,0.0
0.5573223946168888,0.07907917486662681,1.0,0.0
0.5623063744364991,0.07909858140443855,1.0,0.0
0.5672942679398972,0.07910184850158675,1.0,0.0
0.5722771891706404,0.07908107781619964,1.0,0.0
0.5772472076941905,0.07894671073115467,1.0,0.0
0.5820090318143082,0.07901294867233206,1.0,0.0
0.5867398233674919,0.07973127901667922,1.0,0.0
0.5941871917285841,0.07773612101448271,1.0,0.0
0.5986234595672519,0.07775174436408878,1.0,0.0
0.6032271977522521,0.07807869369921767,1.0,0.0
0.607821784324811,0.07867278701511947,1.0,0.0
0.6126077760430009,0.0790192707070742,1.0,0.0
0.6156737784758994,0.07564779088856338,1.0,0.0
0.6245101488040784,0.07781712274291785,1.0,0.0
0.6543045978976454,0.07841844601625346,1.0,0.0
0.6592729367672597,0.08188318772667026,1.0,0.0
0.6642569085199694,0.08073386148743754,1.0,0.0
0.6693020753565357,0.07946016664870982,1.0,0.0
0.6738184173330038,0.07884219531753046,1.0,0.0
0.6788767879896529,0.07910267000428477,1.0,0.0
0.6840075181192105,0.0791844317487315,1.0,0.0
0.6889538285832525,0.07896653981223281,1.0,0.0
0.6938261930337656,0.07875684005646627,1.0,0.0
0.6986684921312944,0.07862771771264387,1.0,0.0
0.7034733648952041,0.07856177492742908,1.0,0.0
0.708256371188513,0.07859256242713362,1.0,0.0
0.7130253987308179,0.07873998168719212,1.0,0.0
0.7177961917357767,0.0790069914936679,1.0,0.0
0.722586901960104,0.07933811033895799,1.0,0.0
0.72742139703567,0.07969744505408151,1.0,0.0
0.7323223558922943,0.08001963576542,1.0,0.0
0.7373038573412715,0.08024149905392423,1.0,0.0
0.7423806064719155,0.08022282025877656,1.0,0.0
0.7473912289280492,0.08013388268611964,1.0,0.0
0.7522821524647679,0.08025778135489893,1.0,0.0
0.3743209536714069,0.08454617118170656,1.0,0.0
0.37844908281286954,0.08273589855102512,1.0,0.0
0.3865642035879434,0.08522147102691083,1.0,0.0
0.3914688821401905,0.08401130529564088,1.0,0.0
0.3963516856409564,0.0834091615706842,1.0,0.0
0.40116450206242077,0.08286693049729489,1.0,0.0
0.4057288188403436,0.0826058853835709,1.0,0.0
0.41077476452235123,0.08299950778541128,1.0,0.0
0.41570820683395293,0.0830098507044029,1.0,0.0
0.42069457464748455,0.08309357416999849,1.0,0.0
0.425693067545518,0.08314232422370953,1.0,0.0
0.4306853279755757,0.08316308365583056,1.0,0.0
0.4356729614348091,0.08317821250877322,1.0,0.0
0.4406601814470962,0.0832043554533889,1.0,0.0
0.4456387340799157,0.08324604477641968,1.0,0.0
0.4506106351499946,0.0833237479490647,1.0,0.0
0.4555744657278004,0.0834442546548621,1.0,0.0
0.4605192566891265,0.08358779161454624,1.0,0.0
0.46545096220826887,0.083740532587396,1.0,0.0
0.47037591663785033,0.08388337938228682,1.0,0.0
0.4752952865138515,0.0839806638572963,1.0,0.0
0.4802203221489525,0.08400881606038849,1.0,0.0
0.4851766977700375,0.08399213505163616,1.0,0.0
0.4901475285236204,0.0839225894075281,1.0,0.0
0.49513086082455715,0.08382629435322823,1.0,0.0
0.5001233127553322,0.08371319877061406,1.0,0.0
0.5051236882712974,0.08359272239329939,1.0,0.0
0.5101364751912993,0.08347009890611926,1.0,0.0
0.5151280016985794,0.08338965305516963,1.0,0.0
0.5201134023864927,0.08332246958140889,1.0,0.0
0.5250937979961208,0.08327574523254161,1.0,0.0
0.5300620759811394,0.08325637110327258,1.0,0.0
0.5350235672123812,0.08325286810446099,1.0,0.0
0.5399879935477495,0.08326006863496391,1.0,0.0
0.5449573902196054,0.08327296566006781,1.0,0.0
0.5499387260763602,0.08329055513938499,1.0,0.0
0.554932637167542,0.08330905644012769,1.0,0.0
0.5599374957827435,0.08332224946409997,1.0,0.0
0.5649533293779702,0.08332487897403638,1.0,0.0
0.5699807380940347,0.08331001122932538,1.0,0.0
0.5750267075501,0.08324278194215597,1.0,0.0
0.5800361343477797,0.08325850884217625,1.0,0.0
0.5850950819999937,0.0834369138984146,1.0,0.0
0.5907525946925118,0.08222368985678839,1.0,0.0
0.595743434642111,0.08223152081206575,1.0,0.0
0.6006549912056581,0.08233947391775877,1.0,0.0
0.6055977006724208,0.08268908588257058,1.0,0.0
0.6108119007105892,0.08282133898278982,1.0,0.0
0.6164346414493495,0.08127429609873053,1.0,0.0
0.6213325744186502,0.08149150972229605,1.0,0.0
0.6265026795206187,0.082343420369488,1.0,0.0
0.6322252606568523,0.08239073979778322,1.0,0.0
0.6361804128940592,0.08482690070437583,1.0,0.0
0.6409116786599823,0.08512692988632255,1.0,0.0
0.6456393623588439,0.08386683348388672,1.0,0.0
0.6506122118988745,0.08326001850916084,1.0,0.0
0.6551953152981573,0.08357507980671293,1.0,0.0
0.6622616824747801,0.08494374168589992,1.0,0.0
0.6671942064867259,0.08414543029034645,1.0,0.0
0.6718565653148326,0.08358327164474115,1.0,0.0
0.6765110974262294,0.08325867412253331,1.0,0.0
0.6814520241595192,0.08332530683899499,1.0,0.0
0.6864526449282862,0.08331850487551881,1.0,0.0
0.6913672436283672,0.08317117065008237,1.0,0.0
0.6962294163114648,0.08304086458722716,1.0,0.0
0.7010644893671119,0.08297419896618304,1.0,0.0
0.7058731464057899,0.08297651985236199,1.0,0.0
0.7106654402474959,0.08307238827735174,1.0,0.0
0.7154543293501751,0.08326796829406043,1.0,0.0
0.7202613217362667,0.08353831800836502,1.0,0.0
0.7250994341985202,0.08383995509903085,1.0,0.0
0.7299867559088072,0.08412566961669812,1.0,0.0
0.7349303104278427,0.0843420195112331,1.0,0.0
0.7399246031017366,0.08441759200702614,1.0,0.0
0.7448668739150188,0.08443189698511987,1.0,0.0
0.7496939386709475,0.08451392644336812,1.0,0.0
0.7544511929611332,0.08476746184844032,1.0,0.0
0.759574500095148,0.08552180069563001,1.0,0.0
0.7641694556279717,0.08701431489161103,1.0,0.0
0.37012580987243837,0.08808060306512464,1.0,0.0
0.37466662006985246,0.08879622180119028,1.0,0.0
0.37907551456655336,0.08745838116604472,1.0,0.0
0.3835531224914628,0.08819701349002777,1.0,0.0
0.38908022541290355,0.08861740063876862,1.0,0.0
0.3939263519910988,0.08798650331982891,1.0,0.0
0.3987426542980645,0.08751842486343672,1.0,0.0
0.4034877560000839,0.0872283737763097,1.0,0.0
0.4082329493734198,0.08711520078365888,1.0,0.0
0.4132007137211969,0.08728764874485175,1.0,0.0
0.4181455313047134,0.08731338134479466,1.0,0.0
0.42312442135220635,0.08736004434388364,1.0,0.0
0.4281175601683314,0.08739287049853109,1.0,0.0
0.43311128031423146,0.08741499400479713,1.0,0.0
0.438102392657704,0.08743715137011449,1.0,0.0
0.4430955691060407,0.0874757197085268,1.0,0.0
0.4480889293395574,0.08754228400831969,1.0,0.0
0.4530815764615726,0.08765120721594495,1.0,0.0
0.4580684184374301,0.0878109019587295,1.0,0.0
0.46302456404268694,0.08798359061538845,1.0,0.0
0.4679543016227968,0.0881496858493532,1.0,0.0
0.4728710052595772,0.08829034214128237,1.0,0.0
0.4777715165347417,0.08835736743996501,1.0,0.0
0.4826798990597358,0.08832113905640786,1.0,0.0
0.48764683628706235,0.08826356775678047,1.0,0.0
0.4926178929082847,0.08816115878254924,1.0,0.0
0.4976066822049154,0.08804163881250754,1.0,0.0
0.5026084948038934,0.08791036005216336,1.0,0.0
0.5076479410824399,0.08776027446527776,1.0,0.0
0.5126475100828333,0.08768734465110793,1.0,0.0
0.5176443117318131,0.08761379023149006,1.0,0.0
0.5226397183689666,0.0875568751347396,1.0,0.0
0.527615464142274,0.0875373835489085,1.0,0.0
0.5325813644208879,0.08753146011174893,1.0,0.0
0.5375505016937145,0.08752785048334578,1.0,0.0
0.5425280201700875,0.08752939145630827,1.0,0.0
0.5475193916995678,0.08753040113918018,1.0,0.0
0.5525248335944345,0.08753456366569896,1.0,0.0
0.5575431713995925,0.08753825861384384,1.0,0.0
0.562573259469522,0.08753512107303654,1.0,0.0
0.5676157134252169,0.08751804833279847,1.0,0.0
0.5726739076061607,0.0874695013883385,1.0,0.0
0.5777279702932594,0.08743999042115586,1.0,0.0
0.5828349037035129,0.08741721808545261,1.0,0.0
0.5882072700921223,0.0867613049914953,1.0,0.0
0.5931613010389758,0.08655486613182008,1.0,0.0
0.5981471719677779,0.08660233993448717,1.0,0.0
0.6031515737838051,0.08674104480120921,1.0,0.0
0.6083502178063374,0.0867471801651809,1.0,0.0
0.6137917892739384,0.0860469852188145,1.0,0.0
0.6186211102578197,0.08582775922151935,1.0,0.0
0.6235274709542834,0.0861341181538102,1.0,0.0
0.6287106973296539,0.08642885133028734,1.0,0.0
0.6331401339726197,0.08776128736738728,1.0,0.0
0.638393142800695,0.08894107062465603,1.0,0.0
0.6437416857055243,0.08854961517526784,1.0,0.0
0.6485878380744343,0.0877949445271427,1.0,0.0
0.6534263114665685,0.08777068701908027,1.0,0.0
0.6585452072211473,0.0874700071984079,1.0,0.0
0.6642258153343601,0.08848877260889737,1.0,0.0
0.6692656250350444,0.08815547336339737,1.0,0.0
0.6741255970366177,0.08779101853709094,1.0,0.0
0.678963277260946,0.08757737092987225,1.0,0.0
0.683909061775012,0.08755890275129882,1.0,0.0
0.6888679533895724,0.08751826006596518,1.0,0.0
0.6937713490791055,0.08742476410573315,1.0,0.0
0.6986350256332261,0.0873568853349023,1.0,0.0
0.703473694606245,0.08734735656888776,1.0,0.0
0.708292701846002,0.08740816424875122,1.0,0.0
0.7131042953873288,0.08755045438350957,1.0,0.0
0.7179253926488989,0.08776232970023733,1.0,0.0
0.7227719675595893,0.08801514591087276,1.0,0.0
0.7276557405767461,0.08826701245433152,1.0,0.0
0.7325818644630786,0.08847824780467697,1.0,0.0
0.737539843421234,0.08860825887662589,1.0,0.0
0.7424666773934709,0.08869831477583945,1.0,0.0
0.7473042935072151,0.08881770712624994,1.0,0.0
0.7520224837445916,0.08902189115137844,1.0,0.0
0.7566095290240591,0.08930775195389988,1.0,0.0
0.7610185637188905,0.09001176237307491,1.0,0.0
0.359205814549153,0.0910579480086478,1.0,0.0
0.36641512386872654,0.09149932676681526,1.0,0.0
0.37137127477903975,0.09253192548627862,1.0,0.0
0.3765490514615841,0.0925339085459918,1.0,0.0
0.38109265352427035,0.09224284050096733,1.0,0.0
0.38609996809017666,0.09234650846675443,1.0,0.0
0.3912970982716986,0.09250207778426472,1.0,0.0
0.3961888436536997,0.09207994639584803,1.0,0.0
0.40101390112014945,0.09176641270343985,1.0,0.0
0.40582643391610834,0.09157580278253244,1.0,0.0
0.4106652635684161,0.09151120868801643,1.0,0.0
0.4156131007961037,0.09158197233256257,1.0,0.0
0.42056625331741593,0.09159853146541933,1.0,0.0
0.42554163177423415,0.09161985320200641,1.0,0.0
0.4305340848015865,0.09164328475823923,1.0,0.0
0.43552999281537463,0.09166889713245563,1.0,0.0
0.44052342328554744,0.09169630535458732,1.0,0.0
0.44552471040587166,0.09174561710775868,1.0,0.0
0.4505360019928289,0.09183403571959073,1.0,0.0
0.45555364599954656,0.09197436912437587,1.0,0.0
0.46056971556693443,0.09218773018312956,1.0,0.0
0.46552593384411656,0.09239932754243635,1.0,0.0
0.47044202326788054,0.09257522556746438,1.0,0.0
0.4753437474022872,0.092715027186284,1.0,0.0
0.48022269823551383,0.09272943738954992,1.0,0.0
0.48512009149985164,0.09259050376806605,1.0,0.0
0.49011948004010425,0.0925174507889816,1.0,0.0
0.49509364110557164,0.09238084606810855,1.0,0.0
0.5000923019273684,0.09223888349941682,1.0,0.0
0.5051768582716647,0.09202716662201006,1.0,0.0
0.5101741952985307,0.09198025263483638,1.0,0.0
0.5151794648021351,0.09189864897124346,1.0,0.0
0.5201950777426957,0.0918254698796025,1.0,0.0
0.5251752954811186,0.09181318138664815,1.0,0.0
0.5301386375900031,0.09181132497692242,1.0,0.0
0.5351083682497858,0.09179973869867218,1.0,0.0
0.5400873621273071,0.09178912773498382,1.0,0.0
0.5450867131137145,0.09177272157380666,1.0,0.0
0.5501018435813114,0.09176038961940598,1.0,0.0
0.5551299905015448,0.09175179874228821,1.0,0.0
0.5601694177018202,0.09174154546512597,1.0,0.0
0.5652198035348833,0.09172166052741844,1.0,0.0
0.5702829659750609,0.09168044858119846,1.0,0.0
0.5753528690450711,0.09163218887208124,1.0,0.0
0.5804594342280207,0.0915486924866599,1.0,0.0
0.5856762790941337,0.09117276241261318,1.0,0.0
0.590685569093004,0.09096749328185515,1.0,0.0
0.5956561656271878,0.09087415492156256,1.0,0.0
0.6006775135370025,0.09090836508766498,1.0,0.0
0.6058042276574008,0.0908555695733474,1.0,0.0
0.6110409775779346,0.09051061062000776,1.0,0.0
0.615992880871589,0.0903549052256192,1.0,0.0
0.620847914594741,0.09037229875216617,1.0,0.0
0.6257813082303993,0.09057986421390372,1.0,0.0
0.630484224246394,0.09144991986949196,1.0,0.0
0.6355164012984462,0.09220380700501415,1.0,0.0
0.6410318899141663,0.09254915597552282,1.0,0.0
0.646243601934017,0.0923431146834439,1.0,0.0
0.6511388962418286,0.09204310806625668,1.0,0.0
0.6561700471666426,0.09181180429845377,1.0,0.0
0.6611265862134127,0.09183973780922249,1.0,0.0
0.6664938697978982,0.09235717297458007,1.0,0.0
0.6715647280301589,0.09219728588533554,1.0,0.0
0.6764992152393228,0.0919730760517316,1.0,0.0
0.6814063496241477,0.09183372172034819,1.0,0.0
0.6863507534223563,0.0917944242891629,1.0,0.0
0.6912883926235918,0.09175716310057781,1.0,0.0
0.6961871867435708,0.09171021863781645,1.0,0.0
0.701054806804165,0.09169598454256812,1.0,0.0
0.7059016959890916,0.09173707668941046,1.0,0.0
0.710737144707125,0.09184147071720233,1.0,0.0
0.7155756778378521,0.09200628802626701,1.0,0.0
0.7204322744648799,0.09221308916777242,1.0,0.0
0.7253199951415191,0.09243183878394673,1.0,0.0
0.7302449286606258,0.092629797076301,1.0,0.0
0.7352037547392108,0.09278126089074866,1.0,0.0
0.7401686095202026,0.09290588608097106,1.0,0.0
0.7451190872545272,0.09304535458135205,1.0,0.0
0.750059511663158,0.09323636510009221,1.0,0.0
0.7550226443096484,0.09347606856035344,1.0,0.0
0.7600222531798216,0.09386572953676683,1.0,0.0
0.7652105495029878,0.09199534015543355,1.0,0.0
0.7687340636373436,0.09458676628785775,1.0,0.0
0.30182285798093067,0.09528248271631409,1.0,0.0
0.3075359476178759,0.09911015901429589,1.0,0.0
0.3117984928614153,0.09569133914703755,1.0,0.0
0.3481712554430527,0.09527297643001423,1.0,0.0
0.35231964074783106,0.09404649729642758,1.0,0.0
0.35911503084117596,0.09616312843120009,1.0,0.0
0.3632740440565092,0.0948884436477675,1.0,0.0
0.3682447051950737,0.09607453338128623,1.0,0.0
0.3734844179012616,0.09656610216585974,1.0,0.0
0.37851928741418517,0.09672234455458391,1.0,0.0
0.3834177386310689,0.09651575426044831,1.0,0.0
0.3884326583863821,0.09653085240803468,1.0,0.0
0.3935232284437795,0.09652460831452694,1.0,0.0
0.3984374831079562,0.09624546302627426,1.0,0.0
0.40330775783207756,0.09602386828274827,1.0,0.0
0.40817469574414433,0.09589191751949516,1.0,0.0
0.413066267381993,0.09584423041005573,1.0,0.0
0.418014142497138,0.09586635985811952,1.0,0.0
0.4229726050840796,0.0958710852582921,1.0,0.0
0.4279450555983134,0.09587174165657476,1.0,0.0
0.4329411158309465,0.09589215053928803,1.0,0.0
0.4379407465083803,0.09592495842645272,1.0,0.0
0.44293348596887183,0.09595296379727697,1.0,0.0
0.4479430418411618,0.09600833762987446,1.0,0.0
0.4529747880479683,0.09611610128042995,1.0,0.0
0.45802275534649445,0.09628875451390069,1.0,0.0
0.4630748659333808,0.09659492246750265,1.0,0.0
0.4680204216629272,0.0968494347732842,1.0,0.0
0.4729000031164776,0.0970277651235842,1.0,0.0
0.4777970901179637,0.09715326108395744,1.0,0.0
0.4826701592703294,0.09706881532463561,1.0,0.0
0.48753690705168323,0.09679660563789717,1.0,0.0
0.49260752345484327,0.09675945391955054,1.0,0.0
0.4975595637863883,0.09658677859794446,1.0,0.0
0.5027464974443783,0.09625311717687149,1.0,0.0
0.507712331146311,0.09627777433316259,1.0,0.0
0.5127186064313236,0.09618171656150483,1.0,0.0
0.517766502873803,0.09607416427458963,1.0,0.0
0.5227474093404377,0.09608295403667938,1.0,0.0
0.5276976212070041,0.09609710786021547,1.0,0.0
0.5326611813243232,0.09607850169340827,1.0,0.0
0.5376346119726036,0.09605812554671708,1.0,0.0
0.5426395552207172,0.09601895774874271,1.0,0.0
0.5476641703249275,0.0959877293333727,1.0,0.0
0.5527012870269872,0.0959653064891229,1.0,0.0
0.5577474453534687,0.09594703373064147,1.0,0.0
0.5628016482565956,0.09592469740981596,1.0,0.0
0.5678647834022436,0.09588772950333609,1.0,0.0
0.5729356677573488,0.09583561233122673,1.0,0.0
0.5780282187764579,0.0957448985779403,1.0,0.0
0.5831631488657646,0.09551214649608643,1.0,0.0
0.5881959737412779,0.09533825726334684,1.0,0.0
0.5931899384529558,0.09521296440219246,1.0,0.0
0.5981885961798183,0.09514764113838262,1.0,0.0
0.6032553394885578,0.09507543871253321,1.0,0.0
0.6083664030879311,0.09487965751270104,1.0,0.0
0.6133505654140914,0.09477285759051922,1.0,0.0
0.6182620496976287,0.09475466017408463,1.0,0.0
0.623144702728698,0.09485343124496624,1.0,0.0
0.6279456225465282,0.0953692901747315,1.0,0.0
0.6329395908899383,0.09593849915353128,1.0,0.0
0.6381917439958332,0.09621951575584974,1.0,0.0
0.6435217774824277,0.09642590352191045,1.0,0.0
0.6486632553171469,0.09636730024749844,1.0,0.0
0.653688646075824,0.09612639069523389,1.0,0.0
0.6586647546853625,0.09606769163337722,1.0,0.0
0.6636660566502838,0.09612633113519538,1.0,0.0
0.6688766700895346,0.09637141415083468,1.0,0.0
0.6739378993023792,0.09629171444225378,1.0,0.0
0.6789069613639285,0.09615869776452966,1.0,0.0
0.6838475185946892,0.09607121821049627,1.0,0.0
0.6887917235135599,0.09604050567935095,1.0,0.0
0.693719971929973,0.09602397176138376,1.0,0.0
0.6986179174006548,0.09601971542556337,1.0,0.0
0.703491250274379,0.09605150821631936,1.0,0.0
0.7083500570133995,0.09613217095947096,1.0,0.0
0.7132061679297459,0.0962617097810562,1.0,0.0
0.7180731979832163,0.09642984226565067,1.0,0.0
0.722963461936519,0.09661567029826493,1.0,0.0
0.7278844614753771,0.09679455542258396,1.0,0.0
0.7328356679946517,0.09694637377176231,1.0,0.0
0.7378036616043393,0.09707738507529964,1.0,0.0
0.7427789093762891,0.09720884279262741,1.0,0.0
0.7477696562309819,0.09735990869000724,1.0,0.0
0.7528123854939963,0.09752362366257643,1.0,0.0
0.75797653442603,0.09767269628535033,1.0,0.0
0.763549879991828,0.09696768975128968,1.0,0.0
0.7681593198028477,0.0985630236039924,1.0,0.0
0.7731262897818139,0.09758200175075091,1.0,0.0
0.778281323021149,0.09765313637534576,1.0,0.0
0.29906765622437004,0.09903778854249311,1.0,0.0
0.30398909367997373,0.0999549103882858,1.0,0.0
0.3116769588817743,0.10066542634497629,1.0,0.0
0.31624520657432426,0.10057191274446643,1.0,0.0
0.3205886804302055,0.10349462360479515,1.0,0.0
0.32373439832471856,0.09995600131516652,1.0,0.0
0.3318364185706638,0.09998797138690245,1.0,0.0
0.3410113279304134,0.09932529137575372,1.0,0.0
0.3462591230004924,0.100259191514265,1.0,0.0
0.35087657731361793,0.09925282237035576,1.0,0.0
0.35539665754062527,0.09864034331216033,1.0,0.0
0.360758105863598,0.09994452975046957,1.0,0.0
0.36540160965567803,0.09977075287872128,1.0,0.0
0.3705002156034368,0.10038214610746041,1.0,0.0
0.3756354953886453,0.10076176912858878,1.0,0.0
0.38073267743667544,0.10083295664139788,1.0,0.0
0.3857156829859089,0.10072719540397625,1.0,0.0
0.3907407254143559,0.10069329157888629,1.0,0.0
0.39577746714860473,0.10063039832565528,1.0,0.0
0.4007169926067838,0.10043492638496773,1.0,0.0
0.4056247225391121,0.10027675039654514,1.0,0.0
0.4105311948763,0.10018098440855731,1.0,0.0
0.4154544724804303,0.10014086499537117,1.0,0.0
0.4204068251275458,0.10014036831619286,1.0,0.0
0.42536744114928154,0.10013582228530225,1.0,0.0
0.4303336053686104,0.10011322155594433,1.0,0.0
0.435339370289512,0.1001385471938303,1.0,0.0
0.4403442612330393,0.10018567426687792,1.0,0.0
0.4453275782977772,0.10020466748561381,1.0,0.0
0.4503423080706216,0.10025862643165491,1.0,0.0
0.45539828221886514,0.1003814498952884,1.0,0.0
0.46046571015989113,0.1005984699188975,1.0,0.0
0.46559434267253835,0.10104875073566544,1.0,0.0
0.47048632542030416,0.10137261512838358,1.0,0.0
0.47530994467602194,0.10148632974368904,1.0,0.0
0.48029241823722946,0.10155480315912549,1.0,0.0
0.48511917000662463,0.1013954635158283,1.0,0.0
0.4898979528215604,0.10089831772451943,1.0,0.0
0.49506807036044387,0.10105301209698567,1.0,0.0
0.5003779915146076,0.10035752915945689,1.0,0.0
0.5052753667461845,0.10060950408286927,1.0,0.0
0.5102564668813366,0.10047486255573346,1.0,0.0
0.515365415655129,0.1002876663212094,1.0,0.0
0.5203418324149698,0.10034328038491805,1.0,0.0
0.5252614380066287,0.1003962096195593,1.0,0.0
0.5302105838172958,0.10036950894717009,1.0,0.0
0.535165706274048,0.10034368855362312,1.0,0.0
0.540175878506843,0.100271797500881,1.0,0.0
0.5452116324114118,0.10021624315104916,1.0,0.0
0.5502592433858906,0.10017853065084564,1.0,0.0
0.5553119789762826,0.10015233973866021,1.0,0.0
0.5603680614584058,0.10012851854382597,1.0,0.0
0.5654282859582586,0.10009609738952292,1.0,0.0
0.5704933114180987,0.1000481819065011,1.0,0.0
0.5755695862844424,0.0999682677302087,1.0,0.0
0.5806602066354075,0.0998143312591729,1.0,0.0
0.5856983072049867,0.09967413640337268,1.0,0.0
0.5907057307149505,0.09955150940334873,1.0,0.0
0.5957032015208985,0.09945370725294735,1.0,0.0
0.6007220141844297,0.09935502444440653,1.0,0.0
0.6057637479513275,0.09922349411131832,1.0,0.0
0.6107477893620863,0.0991381736338019,1.0,0.0
0.6156891703948206,0.09911331523811,1.0,0.0
0.6205990373080458,0.09917221459085132,1.0,0.0
0.6254607470936716,0.0994593992461588,1.0,0.0
0.6304272233641988,0.09984789830158561,1.0,0.0
0.6355692528967173,0.10011610018906625,1.0,0.0
0.6407708228702108,0.10030036879427606,1.0,0.0
0.6459929898178416,0.1004480461957589,1.0,0.0
0.6511315420901196,0.10039818517199299,1.0,0.0
0.6561488027216902,0.10030994596292477,1.0,0.0
0.6611522679074895,0.10030305786925155,1.0,0.0
0.6661834463684295,0.10034881150647464,1.0,0.0
0.6713080557790475,0.10046602290033983,1.0,0.0
0.6763547699417392,0.10042694758253859,1.0,0.0
0.6813400082372825,0.10035398722839396,1.0,0.0
0.686296588417764,0.1003085674669812,1.0,0.0
0.6912408942741544,0.10030046784996063,1.0,0.0
0.6961648627660619,0.10031295934756836,1.0,0.0
0.7010638091018888,0.10034743532345881,1.0,0.0
0.7059444445069532,0.10041577089859653,1.0,0.0
0.7108177282295999,0.10052184642763903,1.0,0.0
0.7156955829653593,0.10066011807193301,1.0,0.0
0.7205893355398144,0.10081727503321151,1.0,0.0
0.7255066046792098,0.1009755250173907,1.0,0.0
0.7304489444084209,0.10111931132403382,1.0,0.0
0.7354095427186471,0.1012473145566413,1.0,0.0
0.7403825846799055,0.10136841839743102,1.0,0.0
0.7453718512845143,0.10149010947396638,1.0,0.0
0.750396579499505,0.10160198967854742,1.0,0.0
0.7554905855100436,0.10166119143865127,1.0,0.0
0.7607290960039997,0.10135336883031348,1.0,0.0
0.7654450133043474,0.10191190378281502,1.0,0.0
0.7709178350948632,0.10207458990472394,1.0,0.0
0.7758960665136501,0.10169017905483327,1.0,0.0
0.7811761560322349,0.1011429530864261,1.0,0.0
0.7852454358695147,0.10287958719526404,1.0,0.0
0.30361938920156517,0.10424497014694233,1.0,0.0
0.30802252638117433,0.1042882626709127,1.0,0.0
0.3128159104811851,0.10499903099056603,1.0,0.0
0.31713449201017146,0.10552331562786638,1.0,0.0
0.32445267613267925,0.10541481515179364,1.0,0.0
0.32950238550981653,0.10487312714517463,1.0,0.0
0.3341749145333279,0.10380599183858853,1.0,0.0
0.3385968935391444,0.10366933498373115,1.0,0.0
0.3433370597668192,0.10396537343693747,1.0,0.0
0.3484925094083733,0.10414625601751488,1.0,0.0
0.353185035985111,0.10354765399382349,1.0,0.0
0.3577883832287087,0.10353356889741833,1.0,0.0
0.3628692923599821,0.10422398726933385,1.0,0.0
0.36773428316315354,0.10431377710572753,1.0,0.0
0.37279437670941,0.10470108407289222,1.0,0.0
0.3779182035386683,0.10492425298184568,1.0,0.0
0.38300178073493846,0.10497234545680958,1.0,0.0
0.3880225185882452,0.10490734661208787,1.0,0.0
0.3930487270773279,0.10485629474646575,1.0,0.0
0.39806570934797575,0.10477658656066202,1.0,0.0
0.4030253778243109,0.10463626958906952,1.0,0.0
0.40796174439983485,0.10452205987821786,1.0,0.0
0.4128955966297875,0.10445102980909865,1.0,0.0
0.4178378968352428,0.10441729365905947,1.0,0.0
0.42279382269622395,0.10440777652252596,1.0,0.0
0.4277529034829712,0.10439813024854375,1.0,0.0
0.4327039503268202,0.10433781273407076,1.0,0.0
0.4377316591531375,0.1043825620555725,1.0,0.0
0.44274356529003045,0.10445956833917291,1.0,0.0
0.44769653803183995,0.10444986567541206,1.0,0.0
0.4527182670993695,0.10448470519618154,1.0,0.0
0.4577626998901406,0.10465629722521949,1.0,0.0
0.46287528621862556,0.10484927235998896,1.0,0.0
0.46810414823905305,0.10563578567050907,1.0,0.0
0.4728787770526055,0.10599021160967483,1.0,0.0
0.47774712453306917,0.10577634329023149,1.0,0.0
0.4827914462848904,0.10603741584871637,1.0,0.0
0.4872686747245146,0.10582909503213127,1.0,0.0
0.4915278073394972,0.10496127243718434,1.0,0.0
0.4987168415033602,0.10441083868412064,1.0,0.0
0.5030360220413046,0.10503633299967567,1.0,0.0
0.5078672720903656,0.10485450616825859,1.0,0.0
0.5130231898751579,0.10443656709661275,1.0,0.0
0.5179805719613715,0.10458710858835221,1.0,0.0
0.5228348799136839,0.10472138700231401,1.0,0.0
0.5277608757531206,0.10467947027595546,1.0,0.0
0.5326730268960749,0.1046604996074707,1.0,0.0
0.5376904709346212,0.10453342896672262,1.0,0.0
0.542742803473701,0.10444434354307384,1.0,0.0
0.5478052087288375,0.10438880091861039,1.0,0.0
0.5528668439563166,0.10435588076585887,1.0,0.0
0.5579246522735292,0.10433266675473724,1.0,0.0
0.5629804313093529,0.10430660936364959,1.0,0.0
0.5680364730464399,0.1042676528042561,1.0,0.0
0.573096701313002,0.10420325507886981,1.0,0.0
0.5781606863616789,0.10409642495293932,1.0,0.0
0.5831966687071913,0.10398634994042782,1.0,0.0
0.5882098644132413,0.10387886582384397,1.0,0.0
0.5932087601354099,0.10377846801188624,1.0,0.0
0.5982076462854984,0.10367581954349941,1.0,0.0
0.6032088514128842,0.1035633229768108,1.0,0.0
0.6081852721933513,0.10348492197686801,1.0,0.0
0.613138607359071,0.10345060348354286,1.0,0.0
0.6180732342125269,0.10348042820536191,1.0,0.0
0.6229856172481556,0.1036431658999123,1.0,0.0
0.6279501339444259,0.1038907119810859,1.0,0.0
0.6330243900714501,0.10410647167692057,1.0,0.0
0.6381620595415683,0.10428071557750908,1.0,0.0
0.6433223222745508,0.10442154658133046,1.0,0.0
0.6484922257885698,0.10451214925488946,1.0,0.0
0.6535857944998059,0.10452176982460992,1.0,0.0
0.6586171750361971,0.10450112357291322,1.0,0.0
0.6636434805850768,0.10451067961638708,1.0,0.0
0.6686860671205037,0.10454446671004561,1.0,0.0
0.673766839893529,0.10460454942618445,1.0,0.0
0.6788029050569463,0.1045912135326964,1.0,0.0
0.6837948166740176,0.10456268705322741,1.0,0.0
0.6887581525584408,0.10455515609050489,1.0,0.0
0.6937013036210522,0.1045766409530271,1.0,0.0
0.6986224585098164,0.10462074627544211,1.0,0.0
0.7035233034152562,0.10468768226635503,1.0,0.0
0.7084126178211525,0.10478080360555019,1.0,0.0
0.7133014604404236,0.10489838082729218,1.0,0.0
0.7182001076628506,0.10503258436864386,1.0,0.0
0.7231159636940618,0.10517171771263092,1.0,0.0
0.7280517668153992,0.10530419088031219,1.0,0.0
0.7330047211559106,0.10542571467186727,1.0,0.0
0.7379715048382282,0.10553818189751009,1.0,0.0
0.7429540374892797,0.10564297666827793,1.0,0.0
0.7479625142493667,0.10573087881524455,1.0,0.0
0.7530122732309394,0.10577273160743472,1.0,0.0
0.7581169718340484,0.10565441790924707,1.0,0.0
0.7630052700378256,0.10590918543810937,1.0,0.0
0.7681402253840958,0.10593784006726513,1.0,0.0
0.7733492383312088,0.10601890155353774,1.0,0.0
0.7783814943728341,0.10561376566685263,1.0,0.0
0.7829648735308066,0.10632216717592605,1.0,0.0
0.7884715678890053,0.10604926977303929,1.0,0.0
0.3052417171163878,0.10885780955580338,1.0,0.0
0.3102568273844797,0.1089786312728265,1.0,0.0
0.3153914700310551,0.10954491570378462,1.0,0.0
0.32081777837544584,0.10890297562672648,1.0,0.0
0.32628178018322423,0.10924316266387518,1.0,0.0
0.33134122975581093,0.10879267054047696,1.0,0.0
0.33601019826907164,0.10832302318537981,1.0,0.0
0.3407586851673697,0.10826747514339082,1.0,0.0
0.3456729606686681,0.10831198070108085,1.0,0.0
0.35066065482933506,0.10829500688979003,1.0,0.0
0.35538672352561884,0.10808024154535041,1.0,0.0
0.3601444709557964,0.10819986469143653,1.0,0.0
0.36514341267844236,0.10858400914671842,1.0,0.0
0.3700853279291422,0.10873667962897317,1.0,0.0
0.37514461414053957,0.1089656511548249,1.0,0.0
0.38023767598449654,0.10910165715113099,1.0,0.0
0.3853095265152188,0.1091265289044141,1.0,0.0
0.3903444874521729,0.1090789051416082,1.0,0.0
0.3953720148730106,0.10902262978751263,1.0,0.0
0.4003832421767263,0.10894493475553418,1.0,0.0
0.4053590970762313,0.10884353405856444,1.0,0.0
0.4103159246889852,0.10876152708889993,1.0,0.0
0.41526752039702364,0.10871023099943215,1.0,0.0
0.4202206285944115,0.10868392136920062,1.0,0.0
0.4251776604984381,0.10867368447510456,1.0,0.0
0.4301314193703406,0.10866558184692256,1.0,0.0
0.435047923135458,0.10852964202735808,1.0,0.0
0.44012515954337816,0.1086261951815764,1.0,0.0
0.4451464244686384,0.10876846088799297,1.0,0.0
0.45004921786934204,0.10866533954199165,1.0,0.0
0.45498805263308034,0.10875333135859207,1.0,0.0
0.46008895143079215,0.10886943003574598,1.0,0.0
0.4651369529638083,0.10904612375126352,1.0,0.0
0.470525219496798,0.11047954500017272,1.0,0.0
0.4755383535063922,0.11032873149038434,1.0,0.0
0.4803779601150443,0.10992634332515507,1.0,0.0
0.4858833205552553,0.11066601097952197,1.0,0.0
0.49048772248219136,0.10991482081808006,1.0,0.0
0.4951603825205694,0.10641917248310523,1.0,0.0
0.49962795884553307,0.10927868474257857,1.0,0.0
0.5050150562291138,0.109184912456348,1.0,0.0
0.5107093280098409,0.10850821310706243,1.0,0.0
0.5156177631291092,0.10877096325398013,1.0,0.0
0.5203915971648279,0.10908708220655068,1.0,0.0
0.5253115261828725,0.10900906343733364,1.0,0.0
0.5301365741177271,0.10903638843841175,1.0,0.0
0.5351736098610058,0.10880571588994396,1.0,0.0
0.5402542166431126,0.10866755880073777,1.0,0.0
0.5453394846461703,0.10859078441369707,1.0,0.0
0.5504149680179633,0.10855307711200125,1.0,0.0
0.5554766552242659,0.10853500463034203,1.0,0.0
0.5605271946620684,0.10851868147239457,1.0,0.0
0.5655722805153326,0.10849221050125897,1.0,0.0
0.5706165659806387,0.10844476410164088,1.0,0.0
0.5756605476709629,0.10836791287966827,1.0,0.0
0.5806908306715898,0.10828191720018877,1.0,0.0
0.5857065038514796,0.10819277649235225,1.0,0.0
0.5907084217174322,0.10810294516579988,1.0,0.0
0.5957011171757395,0.10800888375494484,1.0,0.0
0.6006852178654195,0.10790905576831752,1.0,0.0
0.6056527674523747,0.10782765302947138,1.0,0.0
0.6106094777548755,0.10778022612915499,1.0,0.0
0.6155590889829036,0.10778106655401548,1.0,0.0
0.6205042390398173,0.10786573965147972,1.0,0.0
0.625481974341367,0.10801667794030488,1.0,0.0
0.6305262289428601,0.10817260550086485,1.0,0.0
0.6356219005047942,0.10831707791397227,1.0,0.0
0.6407440162521791,0.10844960476851188,1.0,0.0
0.6458730132271338,0.1085589712612358,1.0,0.0
0.6509856943090301,0.10864667974506523,1.0,0.0
0.6560571085908878,0.10868136942099721,1.0,0.0
0.6610990109779489,0.10868747237842012,1.0,0.0
0.6661391484734734,0.10870228894539641,1.0,0.0
0.6711873242251621,0.10872921570519156,1.0,0.0
0.6762475988475927,0.10876793240243071,1.0,0.0
0.6812762744243586,0.10877816763940133,1.0,0.0
0.6862691929179757,0.10878765750985404,1.0,0.0
0.6912327217352758,0.10881709959851457,1.0,0.0
0.6961719810148723,0.10887091434080687,1.0,0.0
0.7010900183543276,0.10894426768524937,1.0,0.0
0.7059936131944315,0.10903420527864967,1.0,0.0
0.7108928244749724,0.10913964633253541,1.0,0.0
0.715797320148639,0.10925707924587715,1.0,0.0
0.7207139838960092,0.10937997621871745,1.0,0.0
0.7256459956543911,0.10950067526457576,1.0,0.0
0.7305926300254196,0.10961440041950463,1.0,0.0
0.735552079111096,0.10971967433292484,1.0,0.0
0.7405252904624557,0.10981450632076929,1.0,0.0
0.7455174789036193,0.10989138692000248,1.0,0.0
0.7505349893770951,0.10993327621494367,1.0,0.0
0.755575930304722,0.10990071884042579,1.0,0.0
0.7605267168314421,0.11002266161984971,1.0,0.0
0.7655840819427018,0.11005566145624646,1.0,0.0
0.7706555559578573,0.11007119911685027,1.0,0.0
0.7757650065717073,0.11002654667727736,1.0,0.0
0.780592116073282,0.11025248203581899,1.0,0.0
0.785811769571675,0.11007905023292547,1.0,0.0
0.7910232313119585,0.10947271319927118,1.0,0.0
0.7952038182901087,0.11027404032529937,1.0,0.0
0.1585951885199785,0.11468427699396717,1.0,0.0
0.16315968752713542,0.11568464322649208,1.0,0.0
0.1680504259327315,0.11580054511002685,1.0,0.0
0.17462808860816242,0.11297401898045897,1.0,0.0
0.18096008467785357,0.11662755413105264,1.0,0.0
0.18624585422360473,0.11546931845024311,1.0,0.0
0.19145594343646455,0.11446684499067418,1.0,0.0
0.20230228828438243,0.11588300055162827,1.0,0.0
0.2029416479484713,0.1112580361388584,1.0,0.0
0.2066761366132136,0.11499316294563684,1.0,0.0
0.3039323741645344,0.11381040373127081,1.0,0.0
0.3083244322556766,0.11329688553966671,1.0,0.0
0.31309882088424845,0.11346143702329027,1.0,0.0
0.3183131569138184,0.1132771555365643,1.0,0.0
0.323313944921384,0.11314646602720128,1.0,0.0
0.32849191531261945,0.1132353736673942,1.0,0.0
0.3334151738306608,0.1129976766509049,1.0,0.0
0.3382043747125598,0.1127432697738323,1.0,0.0
0.34305451392206915,0.11266885332457219,1.0,0.0
0.347957699712798,0.1126477614022881,1.0,0.0
0.3528500330739436,0.11263376799743458,1.0,0.0
0.35764712560089257,0.11258904861284966,1.0,0.0
0.3624963696291062,0.11271365983439055,1.0,0.0
0.36747189228703125,0.11294686073835555,1.0,0.0
0.37245773164393253,0.1130716654800342,1.0,0.0
0.377508908943328,0.11320883465651335,1.0,0.0
0.3825825745562506,0.11328469361129413,1.0,0.0
0.38764510907070204,0.11328985151935216,1.0,0.0
0.39268608062640914,0.11324846442779359,1.0,0.0
0.3977148511460812,0.11319404668584766,1.0,0.0
0.4027260568550018,0.11312569536579432,1.0,0.0
0.40771463694717724,0.11305512004771096,1.0,0.0
0.41268440380508625,0.11299910125514412,1.0,0.0
0.41764699610742617,0.11296508663310045,1.0,0.0
0.4226056706077663,0.11294779111745769,1.0,0.0
0.4275618624468187,0.11294359943137267,1.0,0.0
0.4325076091102711,0.11295135962559616,1.0,0.0
0.4373448961279118,0.11265205115277663,1.0,0.0
0.4425261919813862,0.11287868356915379,1.0,0.0
0.4476447432122769,0.11309564446335908,1.0,0.0
0.4521910817293275,0.11301766123627416,1.0,0.0
0.45721087018931766,0.11289173526753411,1.0,0.0
0.46207003488391807,0.11324936594699408,1.0,0.0
0.4667454219896537,0.11308755820830034,1.0,0.0
0.4696199989914692,0.11620322627511628,1.0,0.0
0.4736998847087235,0.11477299250395076,1.0,0.0
0.4827840043931229,0.11366545390790164,1.0,0.0
0.48632591216774645,0.11648160294950315,1.0,0.0
0.5040648459002888,0.11463511097121108,1.0,0.0
0.5085531108899973,0.11199617235349675,1.0,0.0
0.5135849727665457,0.11300950311869136,1.0,0.0
0.517918158181197,0.11349042313848288,1.0,0.0
0.5229104095893435,0.1133366435072829,1.0,0.0
0.5275292884721565,0.11352855772061722,1.0,0.0
0.5326171057805181,0.11308563118646203,1.0,0.0
0.5377457960665302,0.11287809104686897,1.0,0.0
0.5428630709443447,0.11277631062659432,1.0,0.0
0.5479584909477315,0.11273642670120367,1.0,0.0
0.5530281052380752,0.11272978984839131,1.0,0.0
0.5580750399471667,0.1127309383335419,1.0,0.0
0.5631067227188837,0.11272105569245774,1.0,0.0
0.5681334441258042,0.11269149998599358,1.0,0.0
0.5731588976538059,0.11263695079571004,1.0,0.0
0.5781786667898604,0.11256713932189365,1.0,0.0
0.5831941677867486,0.11249269408956512,1.0,0.0
0.5882018064975373,0.11241728252877782,1.0,0.0
0.5931979718902555,0.11233820440982335,1.0,0.0
0.598179590210068,0.11225422761992118,1.0,0.0
0.6031432560010024,0.1121742823582838,1.0,0.0
0.6080977444892598,0.11211197450482567,1.0,0.0
0.6130537418019413,0.1120836050434346,1.0,0.0
0.6180179187255049,0.11211020645259968,1.0,0.0
0.6230106247760789,0.11218854498810545,1.0,0.0
0.628049552541807,0.1122893187848242,1.0,0.0
0.6331271199517579,0.11239785179136702,1.0,0.0
0.6382251312618958,0.11251282095870163,1.0,0.0
0.643323889483019,0.11262966058669344,1.0,0.0
0.6484092878551546,0.11273802633991638,1.0,0.0
0.6534831508353007,0.11281885664314174,1.0,0.0
0.6585432112860287,0.11285427740455801,1.0,0.0
0.6635935612910216,0.1128671219683011,1.0,0.0
0.6686447988426927,0.11288308741542835,1.0,0.0
0.6736990128023682,0.11290897372739529,1.0,0.0
0.6787491802959996,0.1129492188072022,1.0,0.0
0.6837714309838517,0.11298593827751247,1.0,0.0
0.6887598691804794,0.11303299996136118,1.0,0.0
0.6937169749810796,0.11309973548348995,1.0,0.0
0.6986487646306907,0.11318419343303848,1.0,0.0
0.7035637048964818,0.11327897412136573,1.0,0.0
0.7084717696278905,0.1133801990899174,1.0,0.0
0.7133822912449936,0.11348673141660662,1.0,0.0
0.7183015524005615,0.11359678904897313,1.0,0.0
0.7232324534364253,0.11370668140909027,1.0,0.0
0.728175015605161,0.11381270726199014,1.0,0.0
0.7331279559119529,0.11391226550320169,1.0,0.0
0.7380918017057605,0.11400150645159617,1.0,0.0
0.74306929810086,0.11407398406762755,1.0,0.0
0.748062990219028,0.11411974057951617,1.0,0.0
0.7530686721486475,0.11412599222117017,1.0,0.0
0.7580384181323013,0.11419203689502255,1.0,0.0
0.7630552578961127,0.11421970322027405,1.0,0.0
0.7680864919277958,0.1142340957290229,1.0,0.0
0.7731272685030584,0.11421965570400529,1.0,0.0
0.7781091289638621,0.11436321666227404,1.0,0.0
0.7832263506960747,0.1142449681018911,1.0,0.0
0.7883456134370418,0.11398431158949178,1.0,0.0
0.7931172666160498,0.11433812499813167,1.0,0.0
0.798307142987673,0.114137725068672,1.0,0.0
0.8025463142552571,0.11622409220028082,1.0,0.0
0.807602035402622,0.11728344064558263,1.0,0.0
0.8127223859465555,0.11677033054285,1.0,0.0
0.8176819809519353,0.11559441087343927,1.0,0.0
0.8220079044119492,0.11638167167647316,1.0,0.0
0.15941560331686835,0.1194330088875554,1.0,0.0
0.16408885170967488,0.11986678368583803,1.0,0.0
0.1685505253792575,0.12008530296235177,1.0,0.0
0.17271476529226285,0.11808097795853441,1.0,0.0
0.17706592682977446,0.11817529094597397,1.0,0.0
0.1841610228682765,0.11953250214312347,1.0,0.0
0.18912754611734456,0.11900404776685815,1.0,0.0
0.19385103379463736,0.11842438447339113,1.0,0.0
0.19827477933363089,0.1180186663562506,1.0,0.0
0.20347219246921233,0.11964653708574907,1.0,0.0
0.20812109057149158,0.11916908923148119,1.0,0.0
0.30108212934789824,0.11855264463622431,1.0,0.0
0.30591140619493584,0.11804054280703545,1.0,0.0
0.31069241522649066,0.11774468008139122,1.0,0.0
0.3157023737092003,0.11757126469917019,1.0,0.0
0.3207004124693446,0.11749593123463857,1.0,0.0
0.3256739961045403,0.11740978678552258,1.0,0.0
0.33069693212001355,0.1174232512040708,1.0,0.0
0.3356101801188347,0.11726662202141225,1.0,0.0
0.3404626240928294,0.11710524167241794,1.0,0.0
0.34533498176328836,0.11703812796937983,1.0,0.0
0.3502187143455391,0.11702052946791133,1.0,0.0
0.3550960639270862,0.11702391544080348,1.0,0.0
0.35995006287950143,0.1170397852759275,1.0,0.0
0.36485140543405564,0.1171381535518167,1.0,0.0
0.36983228577795607,0.11727459156372398,1.0,0.0
0.37483855579265485,0.11735858885773098,1.0,0.0
0.37988631644194226,0.11743455375666462,1.0,0.0
0.38494813015048435,0.1174684579633834,1.0,0.0
0.3900046154402527,0.11745696812779112,1.0,0.0
0.3950484636421086,0.11741914090467433,1.0,0.0
0.4000782537134898,0.11737094580537166,1.0,0.0
0.4050900588146671,0.11731429181656516,1.0,0.0
0.41008795449123897,0.11727304433758215,1.0,0.0
0.4150652917543837,0.11723779925222406,1.0,0.0
0.4200354536137814,0.11721994136993893,1.0,0.0
0.42499811405745813,0.11721281135164256,1.0,0.0
0.4299567887563234,0.11722158499665952,1.0,0.0
0.4349019613707394,0.11727782002135581,1.0,0.0
0.439557674521081,0.11662320080814313,1.0,0.0
0.4452395514384812,0.11690988287800466,1.0,0.0
0.450010603858823,0.11799473212231451,1.0,0.0
0.4544897722395567,0.11691520474727403,1.0,0.0
0.4594498518021136,0.11726136429132852,1.0,0.0
0.46195034742445024,0.1210582190171883,1.0,0.0
0.46471996278764843,0.117523647749723,1.0,0.0
0.4724777860002184,0.12006882296640775,1.0,0.0
0.4784269308725933,0.11478128359215965,1.0,0.0
0.5109780451143108,0.11626321162446582,1.0,0.0
0.5155047976066345,0.11838998840402225,1.0,0.0
0.5203388594245146,0.11738013088144468,1.0,0.0
0.5247108029124185,0.1182244157801254,1.0,0.0
0.5300031649579029,0.11734378583083728,1.0,0.0
0.5352216598505086,0.1170595224475783,1.0,0.0
0.5403807589374308,0.11693720352804494,1.0,0.0
0.5454986134800197,0.11689704443874459,1.0,0.0
0.5505802596818444,0.11690806133993731,1.0,0.0
0.555627913069328,0.11693646856399034,1.0,0.0
0.5606478403573484,0.11695500678923984,1.0,0.0
0.5656517860464048,0.1169452216871518,1.0,0.0
0.5706555207407826,0.11690891212112604,1.0,0.0
0.5756604670796007,0.11685240369397486,1.0,0.0
0.5806683177934475,0.1167823096079083,1.0,0.0
0.5856820625555659,0.11671514269628656,1.0,0.0
0.5906912154500681,0.11665206298747688,1.0,0.0
0.5956833586069006,0.11658801223562669,1.0,0.0
0.6006527497661738,0.11652229454740752,1.0,0.0
0.6056035745698445,0.11645424202265113,1.0,0.0
0.6105559499571938,0.11639734766454979,1.0,0.0
0.6155275607623053,0.11637384291355801,1.0,0.0
0.620532593347092,0.11638935869852102,1.0,0.0
0.6255788722599985,0.11643579166797384,1.0,0.0
0.6306588268448552,0.11650541682429782,1.0,0.0
0.6357522257843641,0.11659926935222012,1.0,0.0
0.6408319700200786,0.11672030470283401,1.0,0.0
0.6458878884598046,0.11684725100794052,1.0,0.0
0.6509317773396863,0.11694844724913844,1.0,0.0
0.6559843156609253,0.11700376725169843,1.0,0.0
0.6610430405092105,0.11702610287831926,1.0,0.0
0.6661044037041621,0.11703677697662433,1.0,0.0
0.6711695636081303,0.11705312090745819,1.0,0.0
0.6762277468144554,0.1170908111941673,1.0,0.0
0.6812713542253239,0.11714771159068542,1.0,0.0
0.6862841550756786,0.11721781559255828,1.0,0.0
0.6912602450433453,0.11730534387427193,1.0,0.0
0.6962037094137363,0.11740745308906698,1.0,0.0
0.7011262167195996,0.11751389559687543,1.0,0.0
0.706040333431191,0.1176177750853681,1.0,0.0
0.7109561233805666,0.11771857114430304,1.0,0.0
0.7158791770737821,0.11781889231104271,1.0,0.0
0.7208114730479159,0.11791940206035566,1.0,0.0
0.7257527362076037,0.11801845489356788,1.0,0.0
0.7307011081957998,0.11811394340213074,1.0,0.0
0.7356569013728773,0.11820071207217879,1.0,0.0
0.7406219235686886,0.11827257256559288,1.0,0.0
0.7455975218599606,0.11832291222248284,1.0,0.0
0.7505803579941595,0.11834789066833949,1.0,0.0
0.7555498746315349,0.11839120104826828,1.0,0.0
0.7605408183600628,0.11841442977993755,1.0,0.0
0.7655412402970675,0.11842672542552916,1.0,0.0
0.7705466682639467,0.11842736080769395,1.0,0.0
0.7755278813590226,0.11848900663296962,1.0,0.0
0.7805827774642567,0.11845603675255247,1.0,0.0
0.7855950408404165,0.11833620855854914,1.0,0.0
0.7904246303861103,0.11847973104572734,1.0,0.0
0.7953718469102014,0.11849232231698559,1.0,0.0
0.7997843136551619,0.11946486999429627,1.0,0.0
0.804803443739048,0.1205619058716892,1.0,0.0
0.810262020123978,0.1208189810627231,1.0,0.0
0.8154205438803944,0.12023653436366033,1.0,0.0
0.8200925650850192,0.12019067355082962,1.0,0.0
0.825407287108513,0.11892579497807017,1.0,0.0
0.8294916339282551,0.12014316595750048,1.0,0.0
0.15060389129061127,0.12396636076884784,1.0,0.0
0.15553102360425916,0.12304946610021793,1.0,0.0
0.16075393846541997,0.12373815157229028,1.0,0.0
0.16587848891685503,0.12413051962226632,1.0,0.0
0.17113593553533604,0.12341364079295526,1.0,0.0
0.17564814094979422,0.12263299132207532,1.0,0.0
0.18055905410945677,0.12225781904684091,1.0,0.0
0.18611534674177344,0.1232614086691679,1.0,0.0
0.19116832895030741,0.12303081429456729,1.0,0.0
0.1959549256959057,0.12272951097406293,1.0,0.0
0.20055942376863115,0.12287801739330331,1.0,0.0
0.20583370502302398,0.1235384603393289,1.0,0.0
0.21080766572331175,0.12299929689039184,1.0,0.0
0.21562591989062124,0.1217546378808052,1.0,0.0
0.22310553748489384,0.1201861398357174,1.0,0.0
0.22935231370697529,0.12231780511694477,1.0,0.0
0.2367396828472568,0.1214243066635858,1.0,0.0
0.24281270216431322,0.1224783343545282,1.0,0.0
0.24998907211969867,0.1224732414684615,1.0,0.0
0.2853676879511783,0.12312474276625729,1.0,0.0
0.2937107793811262,0.12176211224995659,1.0,0.0
0.298298075193519,0.12247802926762101,1.0,0.0
0.30334579163625747,0.12255832889759542,1.0,0.0
0.3082270294805509,0.12222994976164854,1.0,0.0
0.31313265586305805,0.12194899787590238,1.0,0.0
0.3180732327851538,0.12182864281515746,1.0,0.0
0.32303083598944315,0.12175856086183615,1.0,0.0
0.3279760127935383,0.12170373557384578,1.0,0.0
0.33294185529412307,0.12167319650130144,1.0,0.0
0.337852780775497,0.1215617512886309,1.0,0.0
0.3427290320145545,0.12145688784551426,1.0,0.0
0.3476081209171861,0.12140991545453034,1.0,0.0
0.35249489376501686,0.12140046210374937,1.0,0.0
0.3573853897169211,0.12141141031374697,1.0,0.0
0.36228141733297303,0.12143797426673728,1.0,0.0
0.3672186230025017,0.12149648495902796,1.0,0.0
0.37221083090563545,0.12156764325608935,1.0,0.0
0.37723130170715585,0.1216111226892373,1.0,0.0
0.382279171697566,0.12164609336591643,1.0,0.0
0.38733388056745394,0.12164951358282572,1.0,0.0
0.39238589740268914,0.12162503097258366,1.0,0.0
0.39743194245799707,0.12159263540578755,1.0,0.0
0.4024608466408051,0.12155493373014585,1.0,0.0
0.407467707788545,0.12151059106358728,1.0,0.0
0.4124765119847261,0.12149850294018677,1.0,0.0
0.41745816021950766,0.12147846438986422,1.0,0.0
0.4224383180921942,0.12147506545314392,1.0,0.0
0.42741669039389224,0.1214726528931117,1.0,0.0
0.43241926787185836,0.12148959145915214,1.0,0.0
0.43748781235668516,0.12162614442373183,1.0,0.0
0.4420715622947589,0.11980073999487861,1.0,0.0
0.44673512822049366,0.12180386674219898,1.0,0.0
0.45341010895855116,0.12228445890422517,1.0,0.0
0.5219490261386096,0.12322677170300536,1.0,0.0
0.5275543462285089,0.12149904684130818,1.0,0.0
0.5327749028548061,0.12120491848957232,1.0,0.0
0.5379289254811708,0.12107376941228644,1.0,0.0
0.5430490121045051,0.12103521964566262,1.0,0.0
0.5481330473307103,0.12106153768667673,1.0,0.0
0.5531847327711586,0.1211236641141866,1.0,0.0
0.5581994019207156,0.12118472460303743,1.0,0.0
0.5631828986446354,0.12121315975550759,1.0,0.0
0.5681526388988803,0.12119143352265213,1.0,0.0
0.5731343673472765,0.12114373951218504,1.0,0.0
0.5781299082894757,0.12107687023958418,1.0,0.0
0.5831388957604898,0.12099840550448869,1.0,0.0
0.5881658276873372,0.12093891337522854,1.0,0.0
0.5931849359825663,0.12089657060036013,1.0,0.0
0.5981751094088751,0.12085615119876719,1.0,0.0
0.6031324675354011,0.1208081146279223,1.0,0.0
0.6080723698462673,0.12073561496482002,1.0,0.0
0.6130343346994211,0.12066222095388579,1.0,0.0
0.6180452030080047,0.12061442391133605,1.0,0.0
0.6231042369244643,0.1206008096250462,1.0,0.0
0.6282021628271102,0.12062288792912255,1.0,0.0
0.6333131691181887,0.12069001537722333,1.0,0.0
0.6383912373895545,0.12081918270537215,1.0,0.0
0.6434215037638716,0.1209760644079054,1.0,0.0
0.6484237848707547,0.12110465942873645,1.0,0.0
0.6534447938761636,0.12116312132657645,1.0,0.0
0.658492398590853,0.12118120155906931,1.0,0.0
0.6635605443301552,0.12118521955505421,1.0,0.0
0.6686428910093873,0.12118844678327632,1.0,0.0
0.6737172316677588,0.12122105437025223,1.0,0.0
0.6787775750313583,0.12128074771166768,1.0,0.0
0.6838114998150879,0.12136960989680602,1.0,0.0
0.688805617121753,0.12148341963431902,1.0,0.0
0.6937586422570622,0.12161260267592042,1.0,0.0
0.6986845065979314,0.12173910241998423,1.0,0.0
0.7036004624076707,0.12185199489186835,1.0,0.0
0.7085195665410956,0.12195105730675485,1.0,0.0
0.7134469460064677,0.12204376671560271,1.0,0.0
0.7183829418887795,0.12213588498121405,1.0,0.0
0.7233261831768635,0.1222285566684769,1.0,0.0
0.7282726954673404,0.12232179606928194,1.0,0.0
0.7332225059836996,0.12240881644909885,1.0,0.0
0.7381774613776086,0.12248277215954632,1.0,0.0
0.7431392292260239,0.12253807271510873,1.0,0.0
0.7481058564223,0.12257368926300048,1.0,0.0
0.7530684153429229,0.12260913673131606,1.0,0.0
0.758041229625329,0.12263040695619964,1.0,0.0
0.7630197016041481,0.12264195021031976,1.0,0.0
0.7680003131759612,0.12264690053367397,1.0,0.0
0.7729709334567767,0.12267655109589913,1.0,0.0
0.7779677964668854,0.12266670986740337,1.0,0.0
0.7829432253361934,0.12263705796998896,1.0,0.0
0.7878153240055124,0.12271802585992768,1.0,0.0
0.7926973636861158,0.12279395885863735,1.0,0.0
0.7973534477147112,0.12337789151707698,1.0,0.0
0.8021994758532938,0.12403756248095595,1.0,0.0
0.8074843179417597,0.12441546881219513,1.0,0.0
0.8128217520606611,0.12445670559881437,1.0,0.0
0.817778131628105,0.12437456349370217,1.0,0.0
0.8228338022854679,0.12361705680759602,1.0,0.0
0.8272498060335063,0.12395505585417022,1.0,0.0
0.8322539777057866,0.12365972027265373,1.0,0.0
0.14447949952174846,0.12436104996543416,1.0,0.0
0.14813022623743766,0.12758077641712254,1.0,0.0
0.15338521016495227,0.12763825752301786,1.0,0.0
0.15816079218960719,0.12752966042437727,1.0,0.0
0.16326917323959697,0.12792779374118166,1.0,0.0
0.16858306974807738,0.12774987072492042,1.0,0.0
0.1735864665304047,0.12738712618319045,1.0,0.0
0.17838377313696074,0.12679910280208623,1.0,0.0
0.183203810068156,0.126780414342332,1.0,0.0
0.188470301286762,0.12724521196295122,1.0,0.0
0.19349546086608677,0.1271741328353953,1.0,0.0
0.19835122764413576,0.12716909512134666,1.0,0.0
0.20327970871839748,0.12722318432415244,1.0,0.0
0.2086252248874916,0.12726775478879732,1.0,0.0
0.21382010437486038,0.12649835333431864,1.0,0.0
0.2187402972950057,0.12528854464962708,1.0,0.0
0.22333352607706042,0.12499583801458887,1.0,0.0
0.22753383503713176,0.126326237236912,1.0,0.0
0.23209566519415714,0.12421238423441325,1.0,0.0
0.23907696490980584,0.12628794460666184,1.0,0.0
0.24366528892857336,0.12763400080313805,1.0,0.0
0.24976317734545156,0.12638477402777254,1.0,0.0
0.2948627489426715,0.12641495521562177,1.0,0.0
0.3002387935037031,0.12660146783202006,1.0,0.0
0.30545956430087184,0.12660746609008458,1.0,0.0
0.31048214165338084,0.1263749301818135,1.0,0.0
0.3154316783764179,0.12619465765491808,1.0,0.0
0.32037913364417925,0.12610255241563778,1.0,0.0
0.3253230192145203,0.12604960705536256,1.0,0.0
0.33026006186818535,0.12600334635679153,1.0,0.0
0.33519877465974285,0.125955919591431,1.0,0.0
0.3401095087195025,0.12587740947620188,1.0,0.0
0.3449993869475721,0.12581057860042708,1.0,0.0
0.3498906524005265,0.1257761594611796,1.0,0.0
0.3547940949947267,0.12576944727745626,1.0,0.0
0.359707576037479,0.12577617825678233,1.0,0.0
0.364637783370004,0.12578822260371525,1.0,0.0
0.36960034541060527,0.1258047519446557,1.0,0.0
0.37460884795382976,0.12582623196596063,1.0,0.0
0.3796407258915097,0.12583747083771207,1.0,0.0
0.3846920778213077,0.1258459678095156,1.0,0.0
0.38974019955581424,0.12582725266639744,1.0,0.0
0.394787646683361,0.1257921872381752,1.0,0.0
0.39983525990856894,0.12577252615635245,1.0,0.0
0.40485222933343823,0.12575534018716378,1.0,0.0
0.4098483311092616,0.1257089513119062,1.0,0.0
0.41487217078108174,0.12573562453827128,1.0,0.0
0.4198418099601454,0.12572475922468315,1.0,0.0
0.42481273509799494,0.12573606970441661,1.0,0.0
0.4297680195745456,0.12572677722451697,1.0,0.0
0.43476690269695395,0.12571692261487308,1.0,0.0
0.43956262663494455,0.12659501796206588,1.0,0.0
0.4423001737161609,0.12382039640221441,1.0,0.0
0.5234737855534807,0.13008080172962816,1.0,0.0
0.5301586116234706,0.12525045298408705,1.0,0.0
0.5354172679192127,0.1251748958303375,1.0,0.0
0.5405749327439183,0.1251477402705787,1.0,0.0
0.5456708911049093,0.12519264999553306,1.0,0.0
0.5507265333422214,0.12527820302075318,1.0,0.0
0.5557509995328856,0.12539053982923343,1.0,0.0
0.56072931404358,0.12548073887196626,1.0,0.0
0.5656694753964093,0.1255061910985185,1.0,0.0
0.5705994258062198,0.12545311734169376,1.0,0.0
0.5755722416017034,0.1253799907309957,1.0,0.0
0.5805764407278723,0.12529326307862354,1.0,0.0
0.5856027145529854,0.1251985833127838,1.0,0.0
0.59065873524412,0.1251587594341963,1.0,0.0
0.5956972803405179,0.12515341181733067,1.0,0.0
0.6006806179031126,0.1251487346103854,1.0,0.0
0.605621108423712,0.12510803480855673,1.0,0.0
0.6105521277835417,0.12499749339111264,1.0,0.0
0.6155466769707394,0.12486927226188743,1.0,0.0
0.6206177587611229,0.12478223022185096,1.0,0.0
0.6257445072446652,0.12473916568004267,1.0,0.0
0.6308957205015432,0.12476277593174538,1.0,0.0
0.6359947124221977,0.12490359953350492,1.0,0.0
0.6410112718699684,0.1251120105591548,1.0,0.0
0.6459644417923798,0.12529735434314812,1.0,0.0
0.6509401930869556,0.1253603622245457,1.0,0.0
0.6559569744427581,0.12535805212673978,1.0,0.0
0.6610140103237212,0.12533508631569204,1.0,0.0
0.6661148655163398,0.12531126370775153,1.0,0.0
0.6712094685448137,0.12533577101216378,1.0,0.0
0.6762919190870917,0.12539169526992994,1.0,0.0
0.681348265812905,0.1254903014561981,1.0,0.0
0.686359536175324,0.12563100027107071,1.0,0.0
0.6913186615898479,0.12579720083633394,1.0,0.0
0.6962420838348128,0.1259549611087192,1.0,0.0
0.701153774690998,0.12608440132409202,1.0,0.0
0.7060728106853457,0.1261845306455873,1.0,0.0
0.7110043465601685,0.12627005280505052,1.0,0.0
0.7159461490701426,0.126353518615763,1.0,0.0
0.7208953461370917,0.12643930091962002,1.0,0.0
0.725843365814901,0.12653214268461055,1.0,0.0
0.7307897528042384,0.12662238538794793,1.0,0.0
0.735736883118501,0.1267011054408106,1.0,0.0
0.740688045752197,0.1267620335336953,1.0,0.0
0.7456426253730124,0.12680530640199963,1.0,0.0
0.750597000009158,0.12683979349173574,1.0,0.0
0.7555568712045273,0.126861248792625,1.0,0.0
0.7605200791302275,0.12687308236752415,1.0,0.0
0.7654839938152513,0.12687937418000494,1.0,0.0
0.770442822099551,0.12689523440580838,1.0,0.0
0.7754096415645817,0.1268968159293281,1.0,0.0
0.7803608254555265,0.12689805991292796,1.0,0.0
0.7852614796878317,0.12696498167275005,1.0,0.0
0.7901448867409536,0.1270578349112487,1.0,0.0
0.7949243208433016,0.12742037498622552,1.0,0.0
0.7997989341341722,0.12788581119551024,1.0,0.0
0.8048918474078587,0.12815224047973253,1.0,0.0
0.810124358015811,0.1283104972939254,1.0,0.0
0.8152969360795824,0.1284373113293471,1.0,0.0
0.8204487462978416,0.12807581656109165,1.0,0.0
0.8252542916950218,0.12809960412925933,1.0,0.0
0.8303084497144014,0.12781784990861716,1.0,0.0
0.8354697202109661,0.12690174069858962,1.0,0.0
0.8400644445574721,0.12666759163896518,1.0,0.0
0.844127436011828,0.12758426681480373,1.0,0.0
0.1347219952487858,0.13148431029645885,1.0,0.0
0.14107127890091245,0.13157429799112327,1.0,0.0
0.14569656898342642,0.1314044443469139,1.0,0.0
0.1507740995943228,0.13168676075982938,1.0,0.0
0.15580675401647037,0.1318429156955197,1.0,0.0
0.16075021077966659,0.13184506529626594,1.0,0.0
0.16594204220287626,0.13183691788082713,1.0,0.0
0.17106451521899574,0.1317243976671912,1.0,0.0
0.17606814924906963,0.13140205038605846,1.0,0.0
0.18090160735606936,0.1311433243453897,1.0,0.0
0.18581012679386844,0.13115224844883105,1.0,0.0
0.19093253498323015,0.13137326529998677,1.0,0.0
0.19595166265827288,0.13140815919395263,1.0,0.0
0.20096814768362725,0.13138324010998514,1.0,0.0
0.20608498604784217,0.1312239302827834,1.0,0.0
0.21137582894371715,0.13092555184482557,1.0,0.0
0.2164269657075608,0.13023311412504682,1.0,0.0
0.22112711687889358,0.12972683132052742,1.0,0.0
0.22571983040431048,0.13019170911050995,1.0,0.0
0.2309726324574688,0.12973762398064753,1.0,0.0
0.23585586230170275,0.13043026417038164,1.0,0.0
0.2406358201636042,0.13081580600148263,1.0,0.0
0.24788561264091089,0.13460150493723355,1.0,0.0
0.282932228021094,0.12954214871985484,1.0,0.0
0.28651832298811586,0.13270980805780938,1.0,0.0
0.29356673626731977,0.13079040585851243,1.0,0.0
0.29801918422249646,0.13073590156186693,1.0,0.0
0.3028943736847381,0.1307768576881728,1.0,0.0
0.30787057581806,0.1307274744172007,1.0,0.0
0.312809172533582,0.1305742352064573,1.0,0.0
0.31773881706149626,0.13045655764417172,1.0,0.0
0.3226725116595057,0.1303931077303009,1.0,0.0
0.32760574944147824,0.13035254546090866,1.0,0.0
0.3325333676630262,0.13031127444404847,1.0,0.0
0.33745658270919243,0.13025819699438157,1.0,0.0
0.3423737797045024,0.1302054254277864,1.0,0.0
0.347279626151088,0.13016037208429573,1.0,0.0
0.3521894886786485,0.13012632810058086,1.0,0.0
0.3571189695356872,0.13011685955300348,1.0,0.0
0.3620609656288879,0.13010872641729135,1.0,0.0
0.3670196487606585,0.13009739750424024,1.0,0.0
0.37200480609145,0.13006647539615893,1.0,0.0
0.3770295870733633,0.13005555300723362,1.0,0.0
0.38207312520059467,0.1300412694018057,1.0,0.0
0.38713008867886267,0.13003943443610144,1.0,0.0
0.3921691130555834,0.13000172867155216,1.0,0.0
0.3972084432314176,0.12995843239813198,1.0,0.0
0.40224340167819056,0.12997852197767248,1.0,0.0
0.4072479212093972,0.12997109648229657,1.0,0.0
0.412224185274694,0.12989915914984346,1.0,0.0
0.4172790613253931,0.12999827383124923,1.0,0.0
0.4222158911570861,0.12998501190481102,1.0,0.0
0.4271870705579723,0.13001097774930698,1.0,0.0
0.4322344484101743,0.1299027455014656,1.0,0.0
0.43717779384449007,0.13019557458712153,1.0,0.0
0.4427385221682032,0.1303414251249708,1.0,0.0
0.4896535967013602,0.13047997279685364,1.0,0.0
0.4967204960082393,0.13102898917763664,1.0,0.0
0.5023871679617729,0.13097946234003402,1.0,0.0
0.5077388597157737,0.12991814909621816,1.0,0.0
0.5133000907497941,0.13034135948362202,1.0,0.0
0.5188399023318347,0.13154196076485578,1.0,0.0
0.520843108649193,0.12648243471511877,1.0,0.0
0.5279230263563427,0.12912260018831873,1.0,0.0
0.5330466196841189,0.12923608773890408,1.0,0.0
0.5381494369991446,0.1292373132876063,1.0,0.0
0.5432171292046042,0.12930457041846316,1.0,0.0
0.5482587969928042,0.12941324429018444,1.0,0.0
0.5532772140893897,0.12954686528849785,1.0,0.0
0.5582767816053293,0.12971341645089832,1.0,0.0
0.5632140787933656,0.12982918391192494,1.0,0.0
0.5680943948115893,0.1298343206396177,1.0,0.0
0.5729834055862487,0.12970564468338736,1.0,0.0
0.577978848509001,0.12959185781180252,1.0,0.0
0.5830200214168463,0.1294809926896947,1.0,0.0
0.5880722984246411,0.12937025563601592,1.0,0.0
0.5931777442914705,0.12937127872521073,1.0,0.0
0.5982326580147426,0.1294418259939624,1.0,0.0
0.6031984088182845,0.12947403483526312,1.0,0.0
0.6081192975409798,0.12940939294274378,1.0,0.0
0.6130594479770621,0.12919251695760897,1.0,0.0
0.6181106930295902,0.1289854802727636,1.0,0.0
0.6232759737590263,0.12885088588032745,1.0,0.0
0.6284892313933315,0.12879846846555512,1.0,0.0
0.6336302139864328,0.12894314311788657,1.0,0.0
0.6386544465144307,0.12922551453280687,1.0,0.0
0.6435542760026105,0.12952203440439208,1.0,0.0
0.6484803037434342,0.1296114142011834,1.0,0.0
0.6534511922755742,0.1295834260820892,1.0,0.0
0.6584770021329013,0.1295163411088733,1.0,0.0
0.6635855589952795,0.12942459050029095,1.0,0.0
0.6686988556567821,0.12943233436429108,1.0,0.0
0.6738100668497097,0.12947875857483734,1.0,0.0
0.6788945672699024,0.12957753217917461,1.0,0.0
0.6839287463550213,0.12974481509748864,1.0,0.0
0.688890972164999,0.1299584578450321,1.0,0.0
0.6938040101289614,0.1301624020876647,1.0,0.0
0.6987016035476291,0.1303186518833522,1.0,0.0
0.7036150142682496,0.1304215983089763,1.0,0.0
0.7085499183587356,0.13049789610158805,1.0,0.0
0.713499535356688,0.13057050435870718,1.0,0.0
0.7184599003359771,0.13064646535534727,1.0,0.0
0.7234134404896169,0.13074056637925383,1.0,0.0
0.7283592869026884,0.1308375062884812,1.0,0.0
0.7333006356276687,0.1309246338073049,1.0,0.0
0.7382435465200942,0.1309923854059424,1.0,0.0
0.7431887580969204,0.13104252352779272,1.0,0.0
0.7481357843082492,0.13107916789540083,1.0,0.0
0.7530869448890269,0.13110226271489778,1.0,0.0
0.7580403563031999,0.13111514952649933,1.0,0.0
0.7629938609320409,0.13112201935870357,1.0,0.0
0.7679442411200804,0.13113158881621356,1.0,0.0
0.7728957841240514,0.13113685002049336,1.0,0.0
0.7778368855490452,0.13114855520870453,1.0,0.0
0.7827505218303424,0.1312020145264697,1.0,0.0
0.7876483681929125,0.13129340765841108,1.0,0.0
0.792496738552709,0.13153081423472637,1.0,0.0
0.7973964061193968,0.13184937626140852,1.0,0.0
0.8024349547731136,0.1320766648775001,1.0,0.0
0.8075565608989698,0.1322025628461209,1.0,0.0
0.8127135597616538,0.1323313699960676,1.0,0.0
0.8179268847195227,0.13225536376031527,1.0,0.0
0.8229436220464456,0.13223013648746695,1.0,0.0
0.8280457085238703,0.13198785094562535,1.0,0.0
0.8331834202611332,0.13145283408245273,1.0,0.0
0.838038090443093,0.1312109492399,1.0,0.0
0.8427362986595271,0.131675297434902,1.0,0.0
0.8476751207841597,0.1320831639311937,1.0,0.0
0.8526530329551124,0.13356417520408895,1.0,0.0
0.857843365557687,0.13293065419823466,1.0,0.0
0.13435334081049347,0.13679107259529405,1.0,0.0
0.13837022217095116,0.13527476720649592,1.0,0.0
0.14336246426413735,0.13583475988207944,1.0,0.0
0.14823516678539322,0.13575660988052335,1.0,0.0
0.15325549572963929,0.1359338922204899,1.0,0.0
0.15830980669503178,0.1360245068706493,1.0,0.0
0.16337233531256687,0.1359376710421296,1.0,0.0
0.16847066445886832,0.13589796975830434,1.0,0.0
0.1735434274010354,0.13575869496156812,1.0,0.0
0.17850782807462218,0.1355717520636514,1.0,0.0
0.18341676044809851,0.13543561425834005,1.0,0.0
0.1883807137145552,0.13544038933755573,1.0,0.0
0.1934535220535227,0.13555675607131878,1.0,0.0
0.1985321107745476,0.13554808160955908,1.0,0.0
0.20364686490163217,0.13541243707964712,1.0,0.0
0.2087881837188268,0.13514302534308337,1.0,0.0
0.21390343216956076,0.13481853522499027,1.0,0.0
0.2187789482189819,0.1344454994188083,1.0,0.0
0.22349802568445898,0.13442631046653325,1.0,0.0
0.22849891255278623,0.13423732874316294,1.0,0.0
0.23327977863037253,0.13444112417870627,1.0,0.0
0.2382705471068456,0.1348425815795487,1.0,0.0
0.2435057182672396,0.13409120475263203,1.0,0.0
0.2517627339235091,0.13303812110398633,1.0,0.0
0.2558589196021427,0.13589894919700024,1.0,0.0
0.2828931564424564,0.1352549289262805,1.0,0.0
0.2870250000350331,0.13766920284380144,1.0,0.0
0.29069924621234905,0.13456487802221742,1.0,0.0
0.295338250813199,0.13529449696684928,1.0,0.0
0.30016117994949937,0.1350649618487099,1.0,0.0
0.30511187362321807,0.1350140337737561,1.0,0.0
0.3100841924980165,0.13492172493546883,1.0,0.0
0.31504343068395724,0.13480599093675055,1.0,0.0
0.31999539770053753,0.13473277038367798,1.0,0.0
0.3249373639165814,0.13469373869432882,1.0,0.0
0.329869482784515,0.1346656816018754,1.0,0.0
0.3347915092715052,0.13462821025693092,1.0,0.0
0.3397080188454412,0.1345664590237398,1.0,0.0
0.3446459113788783,0.13453431920380957,1.0,0.0
0.3495758313689444,0.1344967025672118,1.0,0.0
0.35450810255714355,0.13445068277085367,1.0,0.0
0.3594768259920903,0.13443329976996943,1.0,0.0
0.3644480674638348,0.13440821111208087,1.0,0.0
0.369441848657484,0.13436239044011916,1.0,0.0
0.3744338730428492,0.13429140998105654,1.0,0.0
0.37947984007188323,0.1342566588681549,1.0,0.0
0.38453324084212226,0.13422711469313264,1.0,0.0
0.3896043693884589,0.13423110333587823,1.0,0.0
0.3946256379002019,0.1341754056998759,1.0,0.0
0.39961214117056215,0.13415543403552868,1.0,0.0
0.4046565456077151,0.13420163507235974,1.0,0.0
0.4096474911551046,0.13420521576608194,1.0,0.0
0.41457415000816894,0.13406436969953675,1.0,0.0
0.41968842317241856,0.1343199487053981,1.0,0.0
0.42454614076120406,0.1342526090889962,1.0,0.0
0.42980405710741676,0.1340622760238605,1.0,0.0
0.43484149584118115,0.13417778633784966,1.0,0.0
0.4798976758944601,0.1377812231497194,1.0,0.0
0.48431957324169533,0.1352290161165954,1.0,0.0
0.4898572828066481,0.13504104499610547,1.0,0.0
0.4944441017821756,0.1344143721377251,1.0,0.0
0.49989091656721674,0.13449456471752239,1.0,0.0
0.5054254693535446,0.13416761464541277,1.0,0.0
0.5104520511937224,0.13395416036401098,1.0,0.0
0.515637335812122,0.13438704380248825,1.0,0.0
0.5213247462189645,0.13473703209571006,1.0,0.0
0.5261033098720933,0.13391389829778522,1.0,0.0
0.5307933665557886,0.13335838922100754,1.0,0.0
0.5357857400182612,0.1333623310929938,1.0,0.0
0.5407686672070124,0.1334231434546865,1.0,0.0
0.5457711736678449,0.13353872377659431,1.0,0.0
0.5507727431690688,0.1336904952263613,1.0,0.0
0.5557653490530075,0.13385907259141064,1.0,0.0
0.5607630493980827,0.13409543478227384,1.0,0.0
0.5656367824961138,0.1342510645897638,1.0,0.0
0.570437194529806,0.13418000655277612,1.0,0.0
0.5753039798918335,0.13389406518920946,1.0,0.0
0.5803889230927625,0.133742897033026,1.0,0.0
0.5854844046945387,0.13363715704293405,1.0,0.0
0.5905619137825727,0.13349537050893304,1.0,0.0
0.5957118813572706,0.13360516566452707,1.0,0.0
0.6007837630985909,0.1337858460682858,1.0,0.0
0.60572304348413,0.13383033416081305,1.0,0.0
0.6106647016413028,0.13365282020793184,1.0,0.0
0.6156192088451158,0.13327627745661283,1.0,0.0
0.6207792345350637,0.13295204151360787,1.0,0.0
0.6260899213871104,0.1327827128982044,1.0,0.0
0.6312853709912396,0.13291529413576378,1.0,0.0
0.636336890428977,0.1332692676324185,1.0,0.0
0.6411768680368074,0.13375676658353125,1.0,0.0
0.6460660991921535,0.1339118180333743,1.0,0.0
0.6509933671218777,0.1338801697302197,1.0,0.0
0.6559628556166193,0.13376044179573357,1.0,0.0
0.6610784750674863,0.133557233045474,1.0,0.0
0.6661794109003257,0.13351570113899305,1.0,0.0
0.6713226754047444,0.13353500141668198,1.0,0.0
0.6764493833616839,0.13362898720813415,1.0,0.0
0.6815123584237506,0.13381201748296878,1.0,0.0
0.6864839194787654,0.13409071197772976,1.0,0.0
0.6913778766790535,0.1343617750540945,1.0,0.0
0.6962462462375861,0.13456220032057079,1.0,0.0
0.7011438886566137,0.13466823125830182,1.0,0.0
0.7060804768930956,0.1347291332594362,1.0,0.0
0.7110400613164951,0.13478614563544095,1.0,0.0
0.7160195448859185,0.13484515625611393,1.0,0.0
0.720983269202041,0.134941964772266,1.0,0.0
0.725931481537984,0.13504966273233288,1.0,0.0
0.7308685623699828,0.13515022406436902,1.0,0.0
0.7358054279114711,0.13522728230669806,1.0,0.0
0.7407425806072745,0.13528479526226075,1.0,0.0
0.7456831503015519,0.13532474295533609,1.0,0.0
0.7506289856054259,0.1353495966547194,1.0,0.0
0.7555776385016479,0.1353640645594232,1.0,0.0
0.760526115624344,0.13537155725035144,1.0,0.0
0.765472226955568,0.13537795150401286,1.0,0.0
0.7704174111698565,0.13538288754346148,1.0,0.0
0.7753560884346362,0.13539503068631842,1.0,0.0
0.7802793097524564,0.1354360529048341,1.0,0.0
0.7851885950563535,0.1355140777470372,1.0,0.0
0.7900752712533109,0.13567732832281937,1.0,0.0
0.7949945856340223,0.1358934138457687,1.0,0.0
0.8000035130198316,0.13606933988695702,1.0,0.0
0.805082001184179,0.13618458378512668,1.0,0.0
0.8101924379132381,0.13626996702084657,1.0,0.0
0.8153606259581105,0.13627108083967165,1.0,0.0
0.8204743176139798,0.13629241856109853,1.0,0.0
0.8256039158265885,0.13613589463487627,1.0,0.0
0.8307037778602566,0.13581530641124395,1.0,0.0
0.8356145889431716,0.13562012605062804,1.0,0.0
0.8403817283919403,0.13577641077567448,1.0,0.0
0.845250950640819,0.13609440711194135,1.0,0.0
0.8500426770004875,0.13678835744387052,1.0,0.0
0.8555243941604375,0.13707254870329222,1.0,0.0
0.8606073543912804,0.13663061598390408,1.0,0.0
0.1254474835342643,0.14232843372368015,1.0,0.0
0.13031675541445673,0.1397037102031033,1.0,0.0
0.13586772413206827,0.14042669427530832,1.0,0.0
0.1406177419853101,0.13981324016700397,1.0,0.0
0.14571555337880493,0.14003099226359042,1.0,0.0
0.1507066551401733,0.14003789620608875,1.0,0.0
0.15576529140737924,0.14012765761313134,1.0,0.0
0.16085353542577296,0.14012749810283498,1.0,0.0
0.16590839037920344,0.1400631085917212,1.0,0.0
0.17097277709840708,0.13999167600424084,1.0,0.0
0.17599734192848712,0.13988841288537507,1.0,0.0
0.18097267919128443,0.1397652115961888,1.0,0.0
0.18593396314351385,0.1396802587388198,1.0,0.0
0.19093884903585512,0.1396728833778661,1.0,0.0
0.19602598135056334,0.1396908208607157,1.0,0.0
0.20114200626912368,0.1396024887254388,1.0,0.0
0.20625927693867566,0.13941605700893972,1.0,0.0
0.21132917362024484,0.13918102595316523,1.0,0.0
0.21631327822613583,0.13897435479752554,1.0,0.0
0.22116785846540293,0.138851226203029,1.0,0.0
0.22607422153672477,0.13868816807331857,1.0,0.0
0.2309165258433783,0.1387543715970242,1.0,0.0
0.23583329965939806,0.13889527866784235,1.0,0.0
0.24101701387777782,0.13867787511089424,1.0,0.0
0.24587619713695724,0.13880494897298157,1.0,0.0
0.25109752181904343,0.13842320568853453,1.0,0.0
0.2558258923814858,0.140067660789529,1.0,0.0
0.26397049898698494,0.14247434687166244,1.0,0.0
0.2649465991038144,0.1376348422165833,1.0,0.0
0.2717575770610713,0.1363617662452228,1.0,0.0
0.27296865396223996,0.14020489712202572,1.0,0.0
0.281779093738372,0.13941230167464974,1.0,0.0
0.2865864908839175,0.14176021320950025,1.0,0.0
0.2918671309663389,0.13930423946004397,1.0,0.0
0.29719688202208916,0.13938487147303008,1.0,0.0
0.3022688013935536,0.13928121574749297,1.0,0.0
0.3072948847875813,0.13922268064442309,1.0,0.0
0.31228151147110195,0.13911849403744103,1.0,0.0
0.3172687152203208,0.13904133722114131,1.0,0.0
0.3222445333555957,0.1390161904281173,1.0,0.0
0.3271910061431253,0.13900479052525574,1.0,0.0
0.3321187699271589,0.13899002815352127,1.0,0.0
0.3370337907455302,0.1389517824651329,1.0,0.0
0.34194884551627397,0.13886111422722125,1.0,0.0
0.34693645423476116,0.13884963458977329,1.0,0.0
0.35189350427512617,0.13881529781217286,1.0,0.0
0.35685591835010105,0.1387304820234293,1.0,0.0
0.3618737688413241,0.1387207032067621,1.0,0.0
0.3668997040997263,0.13865305345642684,1.0,0.0
0.37190649722490865,0.13861070300203976,1.0,0.0
0.3768906762063759,0.1384729353936568,1.0,0.0
0.38196228802624504,0.1384368325318281,1.0,0.0
0.3870363218148599,0.13838571843770525,1.0,0.0
0.39214766127589895,0.13842680505252236,1.0,0.0
0.3970384193077867,0.13843386753823114,1.0,0.0
0.40199126558408066,0.1383311532837902,1.0,0.0
0.40708510284800675,0.13844337545670105,1.0,0.0
0.4120284136845252,0.138491189610307,1.0,0.0
0.4167910556551864,0.1381887503550005,1.0,0.0
0.42190463438403053,0.13882747406120685,1.0,0.0
0.42699445784758255,0.1380694640497348,1.0,0.0
0.43155137144328676,0.13858706683056035,1.0,0.0
0.4663065544847612,0.13972121712380653,1.0,0.0
0.47251341434533095,0.1399645666782423,1.0,0.0
0.4773351018396929,0.14055465628672867,1.0,0.0
0.48383843619927996,0.13987182105775256,1.0,0.0
0.4881114731764617,0.13893240104024607,1.0,0.0
0.4930502494738103,0.1387366512946762,1.0,0.0
0.49800859144404414,0.13838143136798578,1.0,0.0
0.5030762185967056,0.13815782157232676,1.0,0.0
0.5081146704590485,0.13809084123209064,1.0,0.0
0.5131475850396896,0.13810207325619317,1.0,0.0
0.5183384369427794,0.1381997085325254,1.0,0.0
0.5236135231991881,0.138417929544597,1.0,0.0
0.5285535563574587,0.1378726880470321,1.0,0.0
0.5334405643873982,0.1375418125540287,1.0,0.0
0.5383346388021508,0.1376128028693277,1.0,0.0
0.5432388181205184,0.13767577756203905,1.0,0.0
0.5482097861082177,0.13782141046494734,1.0,0.0
0.5531958752425007,0.13800529828262637,1.0,0.0
0.5581972128938272,0.13818257400179246,1.0,0.0
0.5631954418421112,0.13858571417259227,1.0,0.0
0.5679656215733248,0.1387616504170227,1.0,0.0
0.5726960102617333,0.13846757948569557,1.0,0.0
0.5776060449172773,0.137920553904558,1.0,0.0
0.5828407652641914,0.1378354441286975,1.0,0.0
0.5880124448592274,0.1377597796790557,1.0,0.0
0.5930136950112972,0.13761575875076906,1.0,0.0
0.5982206163557994,0.13787985578227369,1.0,0.0
0.6033278822460562,0.1382097370519741,1.0,0.0
0.6083314930211825,0.13811188288333193,1.0,0.0
0.6133191223712445,0.1378051178523509,1.0,0.0
0.6183230273050156,0.13713853528063097,1.0,0.0
0.6236719477702524,0.1366718414596327,1.0,0.0
0.628953716765597,0.1368098033451461,1.0,0.0
0.6340517170736343,0.1372066241378991,1.0,0.0
0.6387709255708723,0.1379629767326966,1.0,0.0
0.6436661080069883,0.13822469565601916,1.0,0.0
0.6485936996217465,0.13823720055665167,1.0,0.0
0.6534983284962773,0.138112986035129,1.0,0.0
0.6586287619436408,0.13771694812158233,1.0,0.0
0.6636867082941578,0.13764594427591156,1.0,0.0
0.6688132295813779,0.13755989495639276,1.0,0.0
0.6739963788631244,0.13762494583016824,1.0,0.0
0.6791154261792969,0.1378294335021573,1.0,0.0
0.6840920037414544,0.1381686504583555,1.0,0.0
0.688975820273731,0.13854923513072936,1.0,0.0
0.6937916720264934,0.13882592313026143,1.0,0.0
0.6986570407884715,0.13893766447936715,1.0,0.0
0.7035903491794125,0.1389683193007543,1.0,0.0
0.7085614845373797,0.13900092304312348,1.0,0.0
0.7135742950300672,0.13902837688135772,1.0,0.0
0.7185541929962882,0.13913062790796335,1.0,0.0
0.7235070593223091,0.13925395474040106,1.0,0.0
0.7284396736760663,0.13937474986467108,1.0,0.0
0.7333728487466589,0.13946386449772538,1.0,0.0
0.7383032709613672,0.1395322654168623,1.0,0.0
0.743236839491411,0.13957589806897225,1.0,0.0
0.7481791958033308,0.1396008385636229,1.0,0.0
0.7531272787111486,0.13961567195447686,1.0,0.0
0.7580764840647269,0.13962446013745133,1.0,0.0
0.7630228020132842,0.13962959813097175,1.0,0.0
0.7679675490828718,0.139632353291141,1.0,0.0
0.7729092084602834,0.13963994704924876,1.0,0.0
0.7778424991404222,0.13966833715110433,1.0,0.0
0.7827610757463452,0.13973223927053072,1.0,0.0
0.7876660706946961,0.13984801334926414,1.0,0.0
0.7925966592269555,0.13999236513111057,1.0,0.0
0.7975903012716442,0.14011694607875744,1.0,0.0
0.8026395766307066,0.14020825797578934,1.0,0.0
0.8077253970674845,0.14027284822268576,1.0,0.0
0.8128476538089295,0.140283929111264,1.0,0.0
0.8179634313001035,0.1403048150861112,1.0,0.0
0.8231018320919782,0.14023604247117535,1.0,0.0
0.8282020974977605,0.14006049682783375,1.0,0.0
0.8331786582509472,0.1399316566721134,1.0,0.0
0.8380487249696382,0.13997786946722052,1.0,0.0
0.8429269862475333,0.1401671061447677,1.0,0.0
0.8478036075301866,0.1406167826706207,1.0,0.0
0.852948108936578,0.1407654158763683,1.0,0.0
0.8582291679871372,0.1408856722251074,1.0,0.0
0.8632209170740317,0.14086326478631278,1.0,0.0
0.8676878639884129,0.14247810156769897,1.0,0.0
0.8727603688621208,0.1426483527215866,1.0,0.0
0.8773754391935302,0.14245981405220481,1.0,0.0
0.11806007714836765,0.14507881598869568,1.0,0.0
0.12306643061175916,0.14579130938502294,1.0,0.0
0.12866999204424434,0.14478901569848357,1.0,0.0
0.13320203770582031,0.14413317906035986,1.0,0.0
0.1383633446712594,0.14437536960280037,1.0,0.0
0.14321181622801635,0.14413739737249578,1.0,0.0
0.14823370895836085,0.1442369589413504,1.0,0.0
0.15324733967926732,0.14425128502760617,1.0,0.0
0.15831124275140293,0.14427361165866703,1.0,0.0
0.16337527598915025,0.14425892342232324,1.0,0.0
0.168419012501206,0.1441995687911361,1.0,0.0
0.1734506364869045,0.1441345353706164,1.0,0.0
0.17846097558441093,0.14404833333679076,1.0,0.0
0.18345279185748983,0.14395410132562977,1.0,0.0
0.18845262666179582,0.14388348295827152,1.0,0.0
0.19349749059968344,0.1438381196868072,1.0,0.0
0.19859806338063316,0.14377954402877527,1.0,0.0
0.20370534749814576,0.14365705063769232,1.0,0.0
0.20877779631489513,0.143499259440374,1.0,0.0
0.21378616531029568,0.14335031011918475,1.0,0.0
0.21872748371937883,0.1432568076965264,1.0,0.0
0.2236406203527208,0.1431357873225696,1.0,0.0
0.22849515962178776,0.14311999151032934,1.0,0.0
0.2333794048213577,0.14316809919268997,1.0,0.0
0.23836499153628987,0.14305845665358835,1.0,0.0
0.24326146039003127,0.14309276385473058,1.0,0.0
0.24826012691499486,0.1429163653883318,1.0,0.0
0.25297426619122365,0.1433758178201474,1.0,0.0
0.25850316057313083,0.14379271048400755,1.0,0.0
0.2625646067782194,0.14648197471134722,1.0,0.0
0.2687303260547996,0.14299871248908896,1.0,0.0
0.2735054461967185,0.14430835026613054,1.0,0.0
0.27794419039002816,0.1426234062266686,1.0,0.0
0.2827229157846446,0.14388068392816297,1.0,0.0
0.2901168938323853,0.1438269348830418,1.0,0.0
0.2947316917525656,0.14349327418671498,1.0,0.0
0.29966657433811816,0.14356766767262052,1.0,0.0
0.304599929049198,0.14350598111275228,1.0,0.0
0.3095570799633377,0.14344839786501207,1.0,0.0
0.31449946574796206,0.1433177394742096,1.0,0.0
0.319501730808474,0.14328244478491126,1.0,0.0
0.3244945342109845,0.1433180554204982,1.0,0.0
0.3294317145705905,0.14333466667882555,1.0,0.0
0.3343443520143696,0.14332987916076795,1.0,0.0
0.33925243240634984,0.1432740141250035,1.0,0.0
0.34418422144683025,0.14310031971171056,1.0,0.0
0.34925429930285246,0.14315533207781375,1.0,0.0
0.3542552599527447,0.14309757403208792,1.0,0.0
0.3592200037541803,0.14296443057076272,1.0,0.0
0.36437915853800834,0.14292334092192158,1.0,0.0
0.36940879010388195,0.14289712979478322,1.0,0.0
0.37443090907079973,0.14284556978451665,1.0,0.0
0.37935664516116385,0.14261120844141692,1.0,0.0
0.38450800628226944,0.14257198794414833,1.0,0.0
0.38965804591693326,0.14246800441054636,1.0,0.0
0.3946327850137551,0.1428530668366032,1.0,0.0
0.39940666243700856,0.14267440813711524,1.0,0.0
0.4043415801828089,0.1424326375846722,1.0,0.0
0.4094921607607898,0.14277806894948342,1.0,0.0
0.4140747729806898,0.14302141696329235,1.0,0.0
0.4181736135813725,0.14231179422321732,1.0,0.0
0.42564667744493156,0.14212176814153607,1.0,0.0
0.46102544657477185,0.14285549774985418,1.0,0.0
0.46655533669223026,0.14438289915332855,1.0,0.0
0.4706519542940065,0.1434745346126122,1.0,0.0
0.475558176903768,0.14401215543063323,1.0,0.0
0.48102820724350376,0.14312494773689005,1.0,0.0
0.4865184843603762,0.14369191793660496,1.0,0.0
0.49095267948330634,0.14294036622258513,1.0,0.0
0.49591819750185145,0.14234397153305428,1.0,0.0
0.5012360853987139,0.14243492600853855,1.0,0.0
0.5059283211069171,0.14228798651817193,1.0,0.0
0.51084276577589,0.14205491568483128,1.0,0.0
0.5158625347396142,0.14218099399592504,1.0,0.0
0.520756970119308,0.1423093785209317,1.0,0.0
0.5259887628532959,0.14216081897438423,1.0,0.0
0.5310961205356667,0.14181016835139032,1.0,0.0
0.5359294272722124,0.1418659651536725,1.0,0.0
0.5407159096865689,0.14193976090787155,1.0,0.0
0.5455421856804678,0.1419515991026265,1.0,0.0
0.5505218692443463,0.14212318142061403,1.0,0.0
0.5555684033051675,0.14230056549136777,1.0,0.0
0.5605247407611107,0.14255293980927425,1.0,0.0
0.5655212240323431,0.1432676251960651,1.0,0.0
0.5702116795648133,0.14327230748970848,1.0,0.0
0.5749884146358685,0.14252465004235718,1.0,0.0
0.5799167556046083,0.1417611657394657,1.0,0.0
0.5854245407367054,0.14183966113676064,1.0,0.0
0.5905157156386673,0.14203184631098414,1.0,0.0
0.5952875120356866,0.14171137825596689,1.0,0.0
0.600575203492425,0.14221412230176053,1.0,0.0
0.6060358150597814,0.14251556892664347,1.0,0.0
0.6111125466123483,0.14229256410832125,1.0,0.0
0.6163048463434897,0.14168926955190336,1.0,0.0
0.6213724624289497,0.1405990904718772,1.0,0.0
0.6265710045509604,0.14056156524126492,1.0,0.0
0.6318324600659441,0.14099195944993143,1.0,0.0
0.6362645601217605,0.14217485779132596,1.0,0.0
0.6411492539862944,0.14246082596312537,1.0,0.0
0.6462199750034353,0.14257328814024822,1.0,0.0
0.6510925871343788,0.142586137690585,1.0,0.0
0.6563321310829232,0.1419120646741737,1.0,0.0
0.6612617793416745,0.14185492554246468,1.0,0.0
0.6663489710857845,0.14165769750842733,1.0,0.0
0.6715008789234221,0.14155064854287153,1.0,0.0
0.6767075093239001,0.1417486028061056,1.0,0.0
0.6817287238764189,0.14219976988891103,1.0,0.0
0.686581649375068,0.14267437131331887,1.0,0.0
0.6913507913444501,0.14312626740445777,1.0,0.0
0.6961513000512505,0.14325125856256937,1.0,0.0
0.701075022290552,0.143228494161559,1.0,0.0
0.7060519555886217,0.14321840409558478,1.0,0.0
0.711123855500793,0.14318311739503473,1.0,0.0
0.7161291423363617,0.14329864866015812,1.0,0.0
0.7210891375377882,0.14344577510698908,1.0,0.0
0.7260123255281075,0.14359661384887115,1.0,0.0
0.730943808937502,0.14369828618523905,1.0,0.0
0.7358690134141511,0.14378277021873798,1.0,0.0
0.740796162362385,0.1438349538906742,1.0,0.0
0.7457337341099454,0.14385629912140238,1.0,0.0
0.7506832024234961,0.14386735327711014,1.0,0.0
0.7556381716506025,0.14387541686007507,1.0,0.0
0.7605912127097972,0.14388246383336004,1.0,0.0
0.7655405098837471,0.14388334367408068,1.0,0.0
0.7704898226240842,0.14388329710396022,1.0,0.0
0.7754374334596934,0.14389739827215153,1.0,0.0
0.7803646532838996,0.14395174040666014,1.0,0.0
0.7852754507379159,0.1440406569667767,1.0,0.0
0.7902085735542463,0.14413326198011325,1.0,0.0
0.795192869042952,0.144208784663934,1.0,0.0
0.800221211989759,0.1442701097730637,1.0,0.0
0.8052860770888477,0.1443121717083127,1.0,0.0
0.8103816295433394,0.14432373866305342,1.0,0.0
0.8154790164479122,0.14433375730533424,1.0,0.0
0.8205934300809212,0.14430127729458056,1.0,0.0
0.8256927211010309,0.14421879525055212,1.0,0.0
0.8307165784001546,0.1441485790533844,1.0,0.0
0.835663224237749,0.14416420521168652,1.0,0.0
0.8405840375191472,0.14427976906422021,1.0,0.0
0.8454922834267898,0.14455993472549866,1.0,0.0
0.850537144193196,0.1447347920117121,1.0,0.0
0.8555892916392858,0.1448482549075147,1.0,0.0
0.8605710858435262,0.14506992729539375,1.0,0.0
0.86512068133361,0.1459022255937592,1.0,0.0
0.8701916452491917,0.14653056999754338,1.0,0.0
0.8750987302124273,0.14676226814452079,1.0,0.0
0.8797846074224346,0.14658351336029546,1.0,0.0
0.10992984841466263,0.15127296034068288,1.0,0.0
0.11500258582971098,0.1488930525927228,1.0,0.0
0.12031549432548982,0.14929697973371153,1.0,0.0
0.1259378111553078,0.1490287627265946,1.0,0.0
0.13097846537265487,0.14881620396630996,1.0,0.0
0.13578387973712575,0.14845195541903036,1.0,0.0
0.14081533540482255,0.14851797792115132,1.0,0.0
0.14573908856081091,0.14840662782823164,1.0,0.0
0.15075107055419232,0.1484361406833672,1.0,0.0
0.15578030619367186,0.1484281529727935,1.0,0.0
0.16083315234840592,0.14843077117829578,1.0,0.0
0.16588090052997573,0.14840960134607145,1.0,0.0
0.17090772962337838,0.1483616118722435,1.0,0.0
0.17592279055221724,0.14829827448567506,1.0,0.0
0.18092890003552384,0.14821606332299608,1.0,0.0
0.1859367819797653,0.14812607125360533,1.0,0.0
0.1909677875023051,0.1480412291482266,1.0,0.0
0.19603689818181125,0.1479592541221681,1.0,0.0
0.2011322495322167,0.1478692319560202,1.0,0.0
0.20621217322991237,0.1477632545833736,1.0,0.0
0.21124843579917654,0.14766406631219126,1.0,0.0
0.2162293408365552,0.1475962956663046,1.0,0.0
0.22117176719029724,0.14753589714220894,1.0,0.0
0.22605057764028313,0.14751591329248914,1.0,0.0
0.23090946562533765,0.14752780802843238,1.0,0.0
0.23579520773188592,0.1474783190809213,1.0,0.0
0.2406325769496653,0.14746317339680173,1.0,0.0
0.24549154453218267,0.1473830961807111,1.0,0.0
0.2501884090607,0.1475579096493796,1.0,0.0
0.2549821811366101,0.14762591646527187,1.0,0.0
0.2592049285637574,0.14876509415150518,1.0,0.0
0.2665747597913812,0.14742917614585424,1.0,0.0
0.2710870181140016,0.14790066777025632,1.0,0.0
0.27638935133122455,0.14769937928387233,1.0,0.0
0.28096059065161544,0.14756250246275854,1.0,0.0
0.2864076772973329,0.14723271184949072,1.0,0.0
0.2917310453642965,0.14790655750169743,1.0,0.0
0.2967544903471524,0.14775581825244974,1.0,0.0
0.3018142310827684,0.14780741144571902,1.0,0.0
0.30678692889331133,0.14775072125474642,1.0,0.0
0.3117520377594352,0.14769482171993237,1.0,0.0
0.3166661506058903,0.147499951185265,1.0,0.0
0.32171617125343666,0.14752910526123514,1.0,0.0
0.3267340877170552,0.14765614182990525,1.0,0.0
0.33163262321637305,0.14769870245573288,1.0,0.0
0.33652131330439206,0.14768142730734543,1.0,0.0
0.34147226881031967,0.14754858855245664,1.0,0.0
0.34638924211573463,0.1472606602910615,1.0,0.0
0.35166199369293816,0.14742019023777506,1.0,0.0
0.3566315460091767,0.14739877129832887,1.0,0.0
0.3617171344524778,0.14697711775127756,1.0,0.0
0.3669567375878328,0.1471730084620223,1.0,0.0
0.37200690058564595,0.14711205290988036,1.0,0.0
0.3770009518623826,0.14713180445790075,1.0,0.0
0.3818449691764761,0.14660653252426753,1.0,0.0
0.38729690104286446,0.1465231689617333,1.0,0.0
0.39208607749790253,0.14689790760448285,1.0,0.0
0.39721935590161644,0.1473235433362562,1.0,0.0
0.4018654240329376,0.1467830609464268,1.0,0.0
0.4068632302806568,0.14638072856242673,1.0,0.0
0.41233053319923696,0.1473716645446301,1.0,0.0
0.4172070854836829,0.14745966848367353,1.0,0.0
0.4214583575838501,0.1443115194053475,1.0,0.0
0.45533426451522097,0.15006560983665873,1.0,0.0
0.4593622775870196,0.14825003740542275,1.0,0.0
0.4636557522733149,0.14717024797400524,1.0,0.0
0.468935908148028,0.14789915193114922,1.0,0.0
0.47360075406397595,0.14760360284465018,1.0,0.0
0.4787729990321938,0.1470724785170672,1.0,0.0
0.48364660683221783,0.1467699365783884,1.0,0.0
0.4891713092068805,0.1477893381621785,1.0,0.0
0.4936588202848339,0.14662688101455623,1.0,0.0
0.49858160896244125,0.1457886800995543,1.0,0.0
0.5042431387647969,0.1468338420137725,1.0,0.0
0.5087987826385462,0.14630424164190536,1.0,0.0
0.5133861877958404,0.14615711731365483,1.0,0.0
0.5181343169443742,0.14659939566453534,1.0,0.0
0.5232259537454271,0.14612229292620393,1.0,0.0
0.5285664087607321,0.14581955802749058,1.0,0.0
0.5334629761448274,0.14609349959619844,1.0,0.0
0.5382214215653041,0.14631009024601144,1.0,0.0
0.5428621411942058,0.1463205325852913,1.0,0.0
0.5476304676922807,0.14618373545593694,1.0,0.0
0.5528232718486511,0.1463148450567094,1.0,0.0
0.5577969213150369,0.14671615665570048,1.0,0.0
0.5625241094393233,0.1470089958870497,1.0,0.0
0.567786791364338,0.14808121644066527,1.0,0.0
0.5727371185729614,0.14740428002142905,1.0,0.0
0.5774250373468585,0.14642579924630736,1.0,0.0
0.5823516020585553,0.1452514652388867,1.0,0.0
0.5878838996717253,0.14609112557492837,1.0,0.0
0.5925765866517364,0.14667857845771345,1.0,0.0
0.596727852273465,0.14566232436344845,1.0,0.0
0.6297382155035636,0.14439809714064103,1.0,0.0
0.6336680440919789,0.14649738318552077,1.0,0.0
0.6384062846928337,0.14669493580172321,1.0,0.0
0.6436714463466929,0.1466404309303168,1.0,0.0
0.6486579780789823,0.14711114458532892,1.0,0.0
0.6543133181908359,0.1459834539579814,1.0,0.0
0.6590644328053555,0.14627269059026587,1.0,0.0
0.6639696369897745,0.14583602716341254,1.0,0.0
0.6690992652852825,0.14559568552526858,1.0,0.0
0.6742208200654706,0.14553195137367855,1.0,0.0
0.6793199528084362,0.1460816820289234,1.0,0.0
0.684240028385825,0.14677279921687003,1.0,0.0
0.6888558697314742,0.14737837733895975,1.0,0.0
0.6936496518207992,0.14766329851318385,1.0,0.0
0.6985314616719764,0.14752656019077376,1.0,0.0
0.7035013857016086,0.14745909059779927,1.0,0.0
0.7086677934888584,0.14728582795380663,1.0,0.0
0.7137095687516275,0.14743136123449943,1.0,0.0
0.7186845572824834,0.147617611024977,1.0,0.0
0.7235867648667197,0.14781990065850278,1.0,0.0
0.7285156601807053,0.14792740654414904,1.0,0.0
0.7334353298532325,0.148032471395536,1.0,0.0
0.738357703482802,0.14809974733407696,1.0,0.0
0.7432935780345301,0.1481220082754123,1.0,0.0
0.7482400566333781,0.14812056680927052,1.0,0.0
0.7532023751474048,0.14812094515217925,1.0,0.0
0.7581675231751749,0.148128510360404,1.0,0.0
0.7631303785693794,0.1481334010824978,1.0,0.0
0.7680927767184197,0.14812435490600662,1.0,0.0
0.773063524050441,0.14811805085060198,1.0,0.0
0.7780016384545847,0.1481706633014933,1.0,0.0
0.7829081784920578,0.148254408234278,1.0,0.0
0.7878363522137168,0.1483109974357145,1.0,0.0
0.7928145455154492,0.14833867811190407,1.0,0.0
0.7978250242198714,0.14836799337718706,1.0,0.0
0.8028709765316479,0.1483832044150393,1.0,0.0
0.8079469833430712,0.14838379303861965,1.0,0.0
0.8130275868116715,0.14838875735470933,1.0,0.0
0.8181152280896782,0.14837108360956344,1.0,0.0
0.8231992820946781,0.14832846185998314,1.0,0.0
0.8282493290760726,0.1482959270648099,1.0,0.0
0.8332504612260498,0.14830980674752534,1.0,0.0
0.838220334888317,0.14838946095504618,1.0,0.0
0.8431682747154722,0.14857742645503239,1.0,0.0
0.8481696919380041,0.14874715116123083,1.0,0.0
0.8531734398966959,0.1489111740703232,1.0,0.0
0.8581130073658759,0.14914171189397962,1.0,0.0
0.8628874647580334,0.14977051747858205,1.0,0.0
0.8678215223863848,0.15024917172567936,1.0,0.0
0.8728742312828146,0.15069686427180723,1.0,0.0
0.8778695374355029,0.15082636309996064,1.0,0.0
0.8826884460885984,0.15046992804455805,1.0,0.0
0.10390721411463351,0.15168859607204707,1.0,0.0
0.10718556504219973,0.15554525546823447,1.0,0.0
0.1138551260101626,0.15323318318933227,1.0,0.0
0.11838975079751009,0.1531942477727435,1.0,0.0
0.12343195454607103,0.153067181818808,1.0,0.0
0.12847018691889991,0.15308079089876966,1.0,0.0
0.13343758683808013,0.15291891956923584,1.0,0.0
0.13830874168532112,0.152715850884702,1.0,0.0
0.14328962001708054,0.15270467486694203,1.0,0.0
0.14824723463274364,0.15263173106303926,1.0,0.0
0.1532583415864833,0.15261749125954327,1.0,0.0
0.15828878477866778,0.15259887747671272,1.0,0.0
0.1633374372518419,0.1525981945252083,1.0,0.0
0.1683718672876465,0.15258247745690914,1.0,0.0
0.17338526091869794,0.152540014202658,1.0,0.0
0.17838764148019803,0.15247159417897618,1.0,0.0
0.18339200405921552,0.15237906288965378,1.0,0.0
0.1884130818221907,0.15227343356596637,1.0,0.0
0.19346456270412665,0.15216644792117764,1.0,0.0
0.19854457878681325,0.15206832661966324,1.0,0.0
0.2036306111258311,0.15198561563371624,1.0,0.0
0.2086921268727351,0.15192050031409957,1.0,0.0
0.2137091490353671,0.15188608514419932,1.0,0.0
0.21867908756171667,0.1518722456873515,1.0,0.0
0.22359081130922415,0.15188976937266874,1.0,0.0
0.22845695172035357,0.1519186835281617,1.0,0.0
0.23330745081612259,0.15191121698932494,1.0,0.0
0.2381342576516053,0.1518919572139251,1.0,0.0
0.24297938570608202,0.15183060597282252,1.0,0.0
0.2478074570490051,0.1518832594394059,1.0,0.0
0.2527425989994489,0.15193535782220288,1.0,0.0
0.257631558656105,0.15249842874851444,1.0,0.0
0.2631884349503949,0.15163645626954964,1.0,0.0
0.26830294534636656,0.15192724073061958,1.0,0.0
0.2735885594595176,0.1518373566060617,1.0,0.0
0.2787085417877392,0.15193752210284767,1.0,0.0
0.283792132905199,0.1515088131455854,1.0,0.0
0.28879350037406754,0.15168121501162116,1.0,0.0
0.2939796986824084,0.15201148651488974,1.0,0.0
0.2989967972097088,0.15195620267739757,1.0,0.0
0.3040654530259444,0.15206414077428662,1.0,0.0
0.3089999089461634,0.15200203574146567,1.0,0.0
0.3139478308431316,0.15196490260052375,1.0,0.0
0.318781551409974,0.151630114286735,1.0,0.0
0.32391843454668673,0.15178519690306277,1.0,0.0
0.32893676612478623,0.1520846070290539,1.0,0.0
0.33373454735058866,0.15210387372164752,1.0,0.0
0.3387259074630205,0.151936678061421,1.0,0.0
0.3436715220201647,0.15182943829584297,1.0,0.0
0.34863317722185255,0.15115988798998728,1.0,0.0
0.3540431927249762,0.1518307160645405,1.0,0.0
0.35931520724422317,0.15137235470309748,1.0,0.0
0.364160083012602,0.15101226419938402,1.0,0.0
0.36970126735676245,0.15137936651668263,1.0,0.0
0.37463957322646146,0.15140697098634537,1.0,0.0
0.3798131931569341,0.15133322026430832,1.0,0.0
0.38470711760149595,0.15001424865959984,1.0,0.0
0.38952354977411424,0.1512884916482591,1.0,0.0
0.39441565332819517,0.1510242660111318,1.0,0.0
0.4000868203291319,0.1517767147442638,1.0,0.0
0.40426054112637,0.15072097181905822,1.0,0.0
0.4090326905208547,0.1501335300655583,1.0,0.0
0.4449764923484374,0.15232392640969045,1.0,0.0
0.4526020929161401,0.15255225264653713,1.0,0.0
0.45835619326608024,0.15303061890782443,1.0,0.0
0.46258668494193234,0.1517245426210751,1.0,0.0
0.46681785186754865,0.1514121954986136,1.0,0.0
0.4716735709563912,0.15159806934284203,1.0,0.0
0.4766127673857704,0.1511888514358564,1.0,0.0
0.4811396749531583,0.15106901184031393,1.0,0.0
0.4857560629736178,0.1503612551253327,1.0,0.0
0.4922221659838561,0.15159203568564403,1.0,0.0
0.49629893226747096,0.15024536631551713,1.0,0.0
0.5009008192923474,0.14904150092660687,1.0,0.0
0.5047078340299487,0.15290703349943124,1.0,0.0
0.5208728439177276,0.15038036094800455,1.0,0.0
0.526074774592995,0.14963231383703535,1.0,0.0
0.5307841970299336,0.15012134519280837,1.0,0.0
0.5356203889343486,0.15053271367163032,1.0,0.0
0.5402206267072854,0.15092432941640446,1.0,0.0
0.5447040662808691,0.15064991994812513,1.0,0.0
0.5498042012229158,0.15003286548632336,1.0,0.0
0.5549437458226584,0.1507080843937198,1.0,0.0
0.5591915049153222,0.1515684402190193,1.0,0.0
0.5638455542582878,0.1510523189498493,1.0,0.0
0.5711498587556989,0.1521151796266962,1.0,0.0
0.575808204596644,0.1515427033366533,1.0,0.0
0.5801857338391176,0.1499917136247521,1.0,0.0
0.584464070307833,0.14884889308475893,1.0,0.0
0.6526375102124713,0.14945169420440682,1.0,0.0
0.6572862744504013,0.15083039984761656,1.0,0.0
0.6619922886350444,0.1503550136181512,1.0,0.0
0.6667976505265051,0.1496718795223626,1.0,0.0
0.6719353572295006,0.14954653485542171,1.0,0.0
0.6767247356505123,0.1497693561998525,1.0,0.0
0.6818176512102772,0.15056953414802257,1.0,0.0
0.6863930629400677,0.15178148757545123,1.0,0.0
0.6909300765720365,0.1519611085504141,1.0,0.0
0.6960660200959027,0.15196247376225225,1.0,0.0
0.700896240515894,0.15175106699624485,1.0,0.0
0.7062317808719354,0.15131597738762426,1.0,0.0
0.7112893976786481,0.15150798489407846,1.0,0.0
0.7162970511495023,0.15174704348323728,1.0,0.0
0.7211642629468612,0.15205253850184705,1.0,0.0
0.7260925336317466,0.1521550161407451,1.0,0.0
0.7309952669767992,0.15227985425259902,1.0,0.0
0.7359111036765146,0.15236552682460092,1.0,0.0
0.7408545935576494,0.15239189527715713,1.0,0.0
0.7458051248198767,0.15238909746222665,1.0,0.0
0.75076221093178,0.15236397512151434,1.0,0.0
0.7557377485730046,0.1523634874828508,1.0,0.0
0.760719724902773,0.1523704588987279,1.0,0.0
0.7657119843888563,0.15236144421824593,1.0,0.0
0.7707237994646219,0.15232138616815438,1.0,0.0
0.7756783090924286,0.15238102222071856,1.0,0.0
0.7805686088731947,0.15248926688945477,1.0,0.0
0.7854835379264996,0.1525243059108626,1.0,0.0
0.7904613499615175,0.1525011364116139,1.0,0.0
0.7954551953763497,0.1525021634624746,1.0,0.0
0.8004816199496064,0.15248643760540137,1.0,0.0
0.8055405552247207,0.15246331494810036,1.0,0.0
0.8106044102930625,0.15246268452211129,1.0,0.0
0.8156696909879488,0.15245589665162604,1.0,0.0
0.8207365792051502,0.15242733077386775,1.0,0.0
0.8257944022594121,0.15240366804330593,1.0,0.0
0.8308288211746047,0.152416357374211,1.0,0.0
0.835840427864059,0.1524767605806863,1.0,0.0
0.8408259658448541,0.15261641177899093,1.0,0.0
0.8458189220546454,0.15277958278261736,1.0,0.0
0.8508009596063457,0.15296284668893634,1.0,0.0
0.8557474813967523,0.15320309107055977,1.0,0.0
0.8606148669996189,0.15365849998879108,1.0,0.0
0.8655985805448427,0.1540973364949015,1.0,0.0
0.87066719457622,0.154459060724402,1.0,0.0
0.8758836194483133,0.1547015586825016,1.0,0.0
0.8812005102269189,0.1545779126152478,1.0,0.0
0.886509206530188,0.15355554008618047,1.0,0.0
0.09947912424004145,0.16150588868054536,1.0,0.0
0.10317449554624802,0.15783955474860467,1.0,0.0
0.11125435346351083,0.15686377100180726,1.0,0.0
0.11613683613949033,0.15754659448514538,1.0,0.0
0.12100375864313145,0.15733103556601602,1.0,0.0
0.1259228672549626,0.15726911291347048,1.0,0.0
0.13090602208593782,0.1572128791899805,1.0,0.0
0.13585769636605613,0.15708362878825857,1.0,0.0
0.14077668297919155,0.15694614606913218,1.0,0.0
0.1457503184513898,0.15689594446876387,1.0,0.0
0.15072946177285665,0.15682827226323223,1.0,0.0
0.15574029058111152,0.15679072429561344,1.0,0.0
0.16077400542748638,0.1567651406663172,1.0,0.0
0.1658278337005033,0.1567787315716169,1.0,0.0
0.17085319462399978,0.15677443705552155,1.0,0.0
0.1758506805334068,0.15673263557573902,1.0,0.0
0.18083869384441278,0.15664738761592228,1.0,0.0
0.18583871154031975,0.15653029658275253,1.0,0.0
0.19087027998701733,0.156396706292847,1.0,0.0
0.19593949555992335,0.1562717929329248,1.0,0.0
0.20103053159486248,0.1561803248429603,1.0,0.0
0.20611599687404183,0.1561287339986578,1.0,0.0
0.21116631272494193,0.15612131676894403,1.0,0.0
0.21616883756512834,0.15615070458597063,1.0,0.0
0.22111196989940676,0.1562128157986875,1.0,0.0
0.22599947902972378,0.15629088775392874,1.0,0.0
0.23084268426363955,0.15634020025844392,1.0,0.0
0.23565563777928183,0.1563432020424517,1.0,0.0
0.24047458542513425,0.1562842568044807,1.0,0.0
0.24530837364848435,0.15624055526063418,1.0,0.0
0.2502259916833555,0.15620269889034982,1.0,0.0
0.25519758735591636,0.1563619532538494,1.0,0.0
0.2605930918225782,0.15597870231247593,1.0,0.0
0.26566503595860186,0.15590230836286278,1.0,0.0
0.2709198001906524,0.15592306005889922,1.0,0.0
0.2760731056150715,0.155983165332246,1.0,0.0
0.28126910525720367,0.15591812440153205,1.0,0.0
0.28621138078692343,0.1558586006227331,1.0,0.0
0.2912298923573391,0.15605259757905876,1.0,0.0
0.29626823211658687,0.15622807964155175,1.0,0.0
0.3012361628089166,0.15614880898980715,1.0,0.0
0.30634742142940524,0.15638509056865615,1.0,0.0
0.31119467660159394,0.15627092769692244,1.0,0.0
0.3161170364950493,0.15629066537307748,1.0,0.0
0.32078616684945316,0.1556360811042449,1.0,0.0
0.32603179641596647,0.15611332620073778,1.0,0.0
0.3309506677900861,0.1567139753500306,1.0,0.0
0.3358459653222342,0.15629100137436283,1.0,0.0
0.34064784476641363,0.1563179270487294,1.0,0.0
0.3456093956197271,0.1560313733151239,1.0,0.0
0.34980865898279295,0.1550377011250774,1.0,0.0
0.3577345631773928,0.15557446375972395,1.0,0.0
0.3622374813105272,0.15593265053558042,1.0,0.0
0.3666044156817167,0.15461357546135918,1.0,0.0
0.3845334945229067,0.15400538172628475,1.0,0.0
0.38858777449926185,0.15582743284774167,1.0,0.0
0.3927746451307045,0.1558528564290185,1.0,0.0
0.3970890435019248,0.15451457518826134,1.0,0.0
0.40354035873139493,0.1564156508970445,1.0,0.0
0.41249756146174266,0.155453356085187,1.0,0.0
0.4396596091978127,0.158733495996071,1.0,0.0
0.4436616557044558,0.15974227792746915,1.0,0.0
0.4488910011482704,0.15412973873025457,1.0,0.0
0.4555255261673784,0.15584637953980265,1.0,0.0
0.461064364244254,0.15641476960797496,1.0,0.0
0.4653403414357928,0.15578628579964923,1.0,0.0
0.4697543194539006,0.15556681931225175,1.0,0.0
0.47442800567566246,0.1551117417307414,1.0,0.0
0.4791150847411999,0.15552301860280587,1.0,0.0
0.4837150554496221,0.15483532389059598,1.0,0.0
0.48835131644891816,0.1534835271665911,1.0,0.0
0.5240574992693628,0.15353784612267246,1.0,0.0
0.5281412066501618,0.15436491917913478,1.0,0.0
0.5326981229588437,0.15441443009169095,1.0,0.0
0.5374032373077391,0.1552342809736152,1.0,0.0
0.5419833989911172,0.155570579940264,1.0,0.0
0.5472056372945171,0.15410530900115205,1.0,0.0
0.5522080816918394,0.153995017908626,1.0,0.0
0.556258791152837,0.15617608820724396,1.0,0.0
0.5616312372686355,0.15551078403795535,1.0,0.0
0.566917716231363,0.1537663516073859,1.0,0.0
0.6606771586371138,0.1550633998605562,1.0,0.0
0.6651959782019788,0.15426833227040657,1.0,0.0
0.6697702387026406,0.1534081990279536,1.0,0.0
0.674478382901591,0.15408393376719542,1.0,0.0
0.6789958185857048,0.153948303461423,1.0,0.0
0.6835606697801865,0.1556367221182768,1.0,0.0
0.6882878644933929,0.1568144005986008,1.0,0.0
0.693211735921233,0.15584703018698343,1.0,0.0
0.6985111705315499,0.15639222210731452,1.0,0.0
0.7038218866758824,0.15517861551051076,1.0,0.0
0.7088786866978125,0.1555528269438721,1.0,0.0
0.7139058278005855,0.15578800055924572,1.0,0.0
0.7187183691815714,0.15628634271191316,1.0,0.0
0.7236893278039781,0.15637985417205183,1.0,0.0
0.7285563769293879,0.15654345016681537,1.0,0.0
0.7334362012600127,0.15663339295237824,1.0,0.0
0.7383992440038863,0.15665109626859897,1.0,0.0
0.7433758235102631,0.15665735790125263,1.0,0.0
0.7483423215841306,0.15663571730412393,1.0,0.0
0.7532901381341077,0.1565950332588206,1.0,0.0
0.7582813895155789,0.15659171228418597,1.0,0.0
0.763313774457435,0.1565713823782432,1.0,0.0
0.7684268194523826,0.1564897796779958,1.0,0.0
0.773412367326731,0.15656928725464325,1.0,0.0
0.7782623508716139,0.15674739601009746,1.0,0.0
0.7831495391611496,0.15677692085598446,1.0,0.0
0.7881397397172754,0.1566875046027665,1.0,0.0
0.7931182479420691,0.15667116910389178,1.0,0.0
0.7981258620218779,0.1566257562638029,1.0,0.0
0.8031681618711978,0.15656671393609847,1.0,0.0
0.8082080557522054,0.15655354154048384,1.0,0.0
0.813249865549164,0.15655482540200813,1.0,0.0
0.8183032498637737,0.1565317876940848,1.0,0.0
0.8233630235920658,0.15649894963188202,1.0,0.0
0.828415105580768,0.1564986052297728,1.0,0.0
0.8334583367819515,0.15653943464715206,1.0,0.0
0.8384754508219944,0.15665204080178285,1.0,0.0
0.8434724179210283,0.15681351713990435,1.0,0.0
0.8484443196023043,0.15700932050735553,1.0,0.0
0.8533912535463122,0.15724511762076157,1.0,0.0
0.8583073051804807,0.15759653959717718,1.0,0.0
0.863292986447248,0.15795380786359503,1.0,0.0
0.8683639118292014,0.1582719006988512,1.0,0.0
0.8735369048255416,0.15846277947251228,1.0,0.0
0.8788534041251712,0.1584414850464392,1.0,0.0
0.8842279407579805,0.15802495910475192,1.0,0.0
0.8891267762825548,0.15825875461934716,1.0,0.0
0.8944300725072717,0.16033290701556702,1.0,0.0
0.8996131915358705,0.16043955915507585,1.0,0.0
0.9044811855979525,0.16017600150956351,1.0,0.0
0.09523430946619357,0.16038678801390294,1.0,0.0
0.10400843068032131,0.16217335265718072,1.0,0.0
0.10818104368436085,0.16072805546007382,1.0,0.0
0.11319115884698193,0.16137093836820046,1.0,0.0
0.11835172022691551,0.16163058752273374,1.0,0.0
0.12333409655626364,0.16152790584361587,1.0,0.0
0.12831243050699295,0.16144982870979793,1.0,0.0
0.13329828169186664,0.16136915354396603,1.0,0.0
0.1382654186697282,0.16125868404751387,1.0,0.0
0.14321841904769333,0.16115039830108482,1.0,0.0
0.14819617794763332,0.16107787555580322,1.0,0.0
0.1531862381414101,0.16101012795652073,1.0,0.0
0.1581971587268727,0.16095477499338695,1.0,0.0
0.1632381577969131,0.16092407352076743,1.0,0.0
0.1683109966051973,0.1609751650808805,1.0,0.0
0.17332511698623895,0.16099000719367673,1.0,0.0
0.1782996521735671,0.16093900738868433,1.0,0.0
0.1832634598383272,0.1608230851215095,1.0,0.0
0.1882614223320077,0.1606608538666734,1.0,0.0
0.19331281327343774,0.16049008211002322,1.0,0.0
0.19840598711859928,0.16036039157083068,1.0,0.0
0.20351648755853952,0.1602961423540834,1.0,0.0
0.20860020815045602,0.16030429786552747,1.0,0.0
0.2136358154677802,0.16036791809075673,1.0,0.0
0.21861410501802195,0.1604776540987991,1.0,0.0
0.22352850370412752,0.16061314161941231,1.0,0.0
0.22838297251392617,0.1607410656107046,1.0,0.0
0.23319384478039307,0.16080213684136205,1.0,0.0
0.23799449165028336,0.16076703799079928,1.0,0.0
0.24281422324157187,0.16066910886883828,1.0,0.0
0.2477086933725605,0.16053843768613216,1.0,0.0
0.25269184459330396,0.16046937977192427,1.0,0.0
0.25792008725643073,0.16017723334822848,1.0,0.0
0.2631051617976668,0.16006154098034917,1.0,0.0
0.2682869110172434,0.1599599039297764,1.0,0.0
0.2734729429983996,0.16005976651274265,1.0,0.0
0.27861286684869346,0.16005973829422185,1.0,0.0
0.2836849906227302,0.16017943785320002,1.0,0.0
0.28860734472204613,0.16018690939297348,1.0,0.0
0.29363713324663737,0.1604524115351455,1.0,0.0
0.2985453031029883,0.16050916799198414,1.0,0.0
0.3034355845562116,0.16028802518700747,1.0,0.0
0.3086754803839488,0.16082079631521165,1.0,0.0
0.31329431632698623,0.160564421291121,1.0,0.0
0.31822389827221387,0.16069396666314595,1.0,0.0
0.3224638593787478,0.15944431661522288,1.0,0.0
0.35323491577838506,0.1568969871371362,1.0,0.0
0.40918114474707745,0.1622230914229042,1.0,0.0
0.412153256230483,0.1631899906207261,1.0,0.0
0.4185646566705768,0.16375169717620086,1.0,0.0
0.4360374528098321,0.16000880091157466,1.0,0.0
0.4402729629068483,0.16311438254002109,1.0,0.0
0.4470051582707647,0.15775883835878615,1.0,0.0
0.4516488927713946,0.15765418921954452,1.0,0.0
0.4579460791627341,0.15931068840593468,1.0,0.0
0.46302942037658135,0.160452409958955,1.0,0.0
0.4670551104533292,0.15997812272668538,1.0,0.0
0.4710965202840429,0.15975482934708904,1.0,0.0
0.47496591722737297,0.158945645535536,1.0,0.0
0.5457443484240334,0.15807971722165287,1.0,0.0
0.5507294653459655,0.15781448214447125,1.0,0.0
0.692084147104842,0.1609301363540772,1.0,0.0
0.7026172001217278,0.1592127366509763,1.0,0.0
0.7067879737256616,0.1596425334207862,1.0,0.0
0.711714353932518,0.15982021294733262,1.0,0.0
0.7162027023989611,0.1605181585664203,1.0,0.0
0.7213117302620395,0.16053622949548624,1.0,0.0
0.726167863868205,0.16084765980588872,1.0,0.0
0.7309412943529473,0.16095988927981186,1.0,0.0
0.7358886316884328,0.16088585445151563,1.0,0.0
0.7409247114812602,0.16088949395406463,1.0,0.0
0.7459485874033408,0.16089751548018236,1.0,0.0
0.7508861791193021,0.1609018018362362,1.0,0.0
0.7557844258222605,0.16081630324193982,1.0,0.0
0.7608441828658898,0.16075266599970528,1.0,0.0
0.7661308658880198,0.16053966187625024,1.0,0.0
0.7712435479820201,0.1607028079192996,1.0,0.0
0.776013053252504,0.16104397374061166,1.0,0.0
0.7808274203455803,0.16108435652187805,1.0,0.0
0.7858556985384388,0.1608822160574932,1.0,0.0
0.7908194209267452,0.16087079774434904,1.0,0.0
0.7958119853602598,0.1608003198149726,1.0,0.0
0.8008476179079209,0.16069826929840042,1.0,0.0
0.8058506549575701,0.1606739852984953,1.0,0.0
0.810846883844673,0.16067197547808384,1.0,0.0
0.8158863141104187,0.1606433376729752,1.0,0.0
0.8209565863389272,0.16059459035886048,1.0,0.0
0.8260203302251059,0.16057247328751545,1.0,0.0
0.8310892957483268,0.1605830068381447,1.0,0.0
0.8361328893945811,0.16067436546536834,1.0,0.0
0.841136280886572,0.16083995483135682,1.0,0.0
0.8460997980395729,0.16105197357199957,1.0,0.0
0.8510434204481825,0.1612849285818854,1.0,0.0
0.8559840321341442,0.16156729138563589,1.0,0.0
0.8609756647393855,0.161858131765244,1.0,0.0
0.8660263272311778,0.1621283623503245,1.0,0.0
0.8711508157302708,0.16231479000716162,1.0,0.0
0.8763487474525097,0.16234012840102993,1.0,0.0
0.8815595028651915,0.1622032019225345,1.0,0.0
0.8864775303518762,0.16235815154159017,1.0,0.0
0.8912657722014898,0.16294440797842677,1.0,0.0
0.896868912289192,0.1640041496562544,1.0,0.0
0.902385914985134,0.16404171397131614,1.0,0.0
0.907973554895769,0.16292138949701196,1.0,0.0
0.09015556834869887,0.1660284091400963,1.0,0.0
0.0964664951853876,0.16567023293727395,1.0,0.0
0.1012067670821107,0.16614025208684427,1.0,0.0
0.10624729018816592,0.16594907475198944,1.0,0.0
0.11072077323304211,0.16538949544474227,1.0,0.0
0.11568203430830291,0.16564612743678275,1.0,0.0
0.1207410693222824,0.16576144765439668,1.0,0.0
0.1257370121576219,0.16569832837586734,1.0,0.0
0.1307187421252821,0.16561987203104744,1.0,0.0
0.1357008153062632,0.16552907398538694,1.0,0.0
0.14067941265448478,0.1654318798180617,1.0,0.0
0.14565123145683226,0.16533896167260206,1.0,0.0
0.1506250544695079,0.16525399199515106,1.0,0.0
0.15562018366807256,0.1651832145285217,1.0,0.0
0.16062927731452592,0.16510581424803167,1.0,0.0
0.16567916722066123,0.16506896569710816,1.0,0.0
0.1707915351422321,0.1651992483434665,1.0,0.0
0.17578941170132487,0.16523653314722841,1.0,0.0
0.18071541538454763,0.16516864204385387,1.0,0.0
0.18565580302018103,0.16498056951337958,1.0,0.0
0.19067648172796986,0.16474511040882947,1.0,0.0
0.19576030950707815,0.16454650210057575,1.0,0.0
0.20088740311282577,0.16442876341165685,1.0,0.0
0.2060054898827385,0.16443543150466366,1.0,0.0
0.21107605079918337,0.16452718647117093,1.0,0.0
0.21608782299557283,0.16467535898797908,1.0,0.0
0.2210364946013747,0.16487305920647233,1.0,0.0
0.22590456983965349,0.1650855849698134,1.0,0.0
0.2307294870491451,0.1652393170432086,1.0,0.0
0.23552566993579147,0.16526832144797834,1.0,0.0
0.24032809012613096,0.16516566805894162,1.0,0.0
0.24519166937448156,0.1649595706535061,1.0,0.0
0.2501460469307771,0.16474251553257194,1.0,0.0
0.2552674194327294,0.16441354471628994,1.0,0.0
0.26048314887923907,0.16415122443836308,1.0,0.0
0.26572768927172696,0.16407240195871262,1.0,0.0
0.2708675558314169,0.16407744340254127,1.0,0.0
0.2760348581099861,0.1642230729923331,1.0,0.0
0.2810524901397286,0.16428188105859098,1.0,0.0
0.28610756023032813,0.16454105102699715,1.0,0.0
0.29094977611763456,0.164489192323967,1.0,0.0
0.29605775195406014,0.16492512280367672,1.0,0.0
0.3008098207200286,0.16481139456172764,1.0,0.0
0.3056028997837129,0.1642412256984568,1.0,0.0
0.31115877204651954,0.16547797299322825,1.0,0.0
0.3155655397532695,0.1646505155899087,1.0,0.0
0.4104741978273494,0.16730914552824377,1.0,0.0
0.41519783425412093,0.16492608656715277,1.0,0.0
0.42219333702976203,0.16651918875623503,1.0,0.0
0.42754448806684214,0.16725739231501421,1.0,0.0
0.4349697650313509,0.163931756581818,1.0,0.0
0.4384641116341976,0.16643698058052378,1.0,0.0
0.4451308259765451,0.16351660760286205,1.0,0.0
0.44893902691219967,0.16174107074682145,1.0,0.0
0.45381343655413314,0.16097998800912525,1.0,0.0
0.4563839757845111,0.1642435709211281,1.0,0.0
0.46020064867682425,0.16328203229494623,1.0,0.0
0.7090020365146676,0.16353226229089535,1.0,0.0
0.713256487334661,0.16488106479921985,1.0,0.0
0.7186877000765868,0.16440820582316182,1.0,0.0
0.7237480567325975,0.16504937377605344,1.0,0.0
0.7284769777969413,0.16544738037067572,1.0,0.0
0.7333282148213539,0.16518191567043458,1.0,0.0
0.738372025006228,0.16503653485996772,1.0,0.0
0.7435418757885792,0.16506474009098274,1.0,0.0
0.7485470532159721,0.16520484203166508,1.0,0.0
0.7533574597474245,0.165246171668498,1.0,0.0
0.7582288147722436,0.16492387309176404,1.0,0.0
0.763781159968677,0.16441341345678656,1.0,0.0
0.7690967979781262,0.1645932183448577,1.0,0.0
0.7738841998471214,0.16538513700612967,1.0,0.0
0.7785320954186552,0.16551577289924901,1.0,0.0
0.7836126124484101,0.1650562056638299,1.0,0.0
0.7885561961393105,0.16509442276188627,1.0,0.0
0.7935416806878479,0.16500484740352855,1.0,0.0
0.798599712114111,0.1648423390121362,1.0,0.0
0.8035655842057182,0.16483872335653418,1.0,0.0
0.8084742684648206,0.16484571217754043,1.0,0.0
0.8134625438478217,0.16476747563339966,1.0,0.0
0.8185561635936495,0.164679433077172,1.0,0.0
0.8236485267812299,0.16464687359894295,1.0,0.0
0.8287459985994239,0.16461323548058415,1.0,0.0
0.8338147980217507,0.16467964512443156,1.0,0.0
0.8388227746348598,0.16485515361335404,1.0,0.0
0.8437702444874305,0.16509340972589975,1.0,0.0
0.8487003089739421,0.1653311217930495,1.0,0.0
0.8536518281258912,0.16556389037493344,1.0,0.0
0.8586517011820346,0.16579640340466703,1.0,0.0
0.8636889036668307,0.16603334247073886,1.0,0.0
0.8687647251208575,0.16622429345134615,1.0,0.0
0.873882589907658,0.1663102341384962,1.0,0.0
0.8789891859642106,0.16630801714858973,1.0,0.0
0.8839489986851368,0.1664648714707794,1.0,0.0
0.8888274498860206,0.1668343071046742,1.0,0.0
0.8938791684113865,0.1671238912795022,1.0,0.0
0.8994060444815185,0.16758733095177944,1.0,0.0
0.9048567380343234,0.16729116121471682,1.0,0.0
0.9095380571530022,0.16716124519367503,1.0,0.0
0.0889312660791625,0.17171969761273378,1.0,0.0
0.09344776030005301,0.16978171912350354,1.0,0.0
0.09843465000002742,0.1701671191965231,1.0,0.0
0.10351338057408714,0.17023407339917468,1.0,0.0
0.10844166908487327,0.1701165670899995,1.0,0.0
0.11316220480688681,0.16982671991498552,1.0,0.0
0.11811040666713692,0.1698903358564277,1.0,0.0
0.12313752857114252,0.16991764464514347,1.0,0.0
0.1281438295974928,0.16987210706072844,1.0,0.0
0.13312469831801926,0.16978911820192952,1.0,0.0
0.1381046309596832,0.16968797397736712,1.0,0.0
0.1430969888587849,0.1696017911623139,1.0,0.0
0.148071340250585,0.16953046752328205,1.0,0.0
0.15303164430880015,0.16942428267397783,1.0,0.0
0.15803459798833128,0.16934875314882125,1.0,0.0
0.16302832660058203,0.16924356936262855,1.0,0.0
0.16808118642256278,0.1691874728011212,1.0,0.0
0.17328784035797976,0.16946245424283274,1.0,0.0
0.1782232290862595,0.16955508312896564,1.0,0.0
0.1830906741819624,0.16939592678100102,1.0,0.0
0.18805155239574564,0.16906200437885796,1.0,0.0
0.1931162786912754,0.16876849077182618,1.0,0.0
0.19824534360452162,0.16855676456574362,1.0,0.0
0.20337115920211932,0.16851512237621932,1.0,0.0
0.20847783826751665,0.16862424896893474,1.0,0.0
0.2135291077282773,0.16881106743889002,1.0,0.0
0.21850918749730694,0.1690536738646708,1.0,0.0
0.2233902540839696,0.169371150093013,1.0,0.0
0.22822173333140264,0.16961272731260088,1.0,0.0
0.23304419174453103,0.16975542357155535,1.0,0.0
0.237845239387005,0.16971013566702828,1.0,0.0
0.2426905034199477,0.16947300291796125,1.0,0.0
0.24759534566101998,0.16915124265345227,1.0,0.0
0.25264645581755885,0.16874135713122243,1.0,0.0
0.25788769770976083,0.16826493434564538,1.0,0.0
0.26313123958037327,0.16808153248985988,1.0,0.0
0.26833353502981383,0.16818496063355157,1.0,0.0
0.27341139226332445,0.16822284430303747,1.0,0.0
0.2785454446248244,0.1685306048336174,1.0,0.0
0.2834308469208062,0.16854642967081845,1.0,0.0
0.2885272094749997,0.1690261049163707,1.0,0.0
0.29318714784804634,0.16867424661109187,1.0,0.0
0.2985180501867368,0.16954506905229685,1.0,0.0
0.3029421210623105,0.16906921809342232,1.0,0.0
0.30739278915805807,0.16780804941133182,1.0,0.0
0.4057476542794203,0.17073436409045317,1.0,0.0
0.4150242076141492,0.17017015395063897,1.0,0.0
0.4188462731703862,0.1676805706979489,1.0,0.0
0.4241575703888969,0.16914902643175883,1.0,0.0
0.43100434768626256,0.16500398376571163,1.0,0.0
0.4431332091351013,0.16735190274174844,1.0,0.0
0.44782141218339033,0.16708423017821114,1.0,0.0
0.45162273146029974,0.16511647741837676,1.0,0.0
0.7163840809783796,0.16821397024663193,1.0,0.0
0.7211695421710562,0.16882174934916813,1.0,0.0
0.7260051891015149,0.16990878318706967,1.0,0.0
0.7309657427507809,0.16975433105469515,1.0,0.0
0.7357741160037921,0.16925200330048143,1.0,0.0
0.7409901117836034,0.16900810217308573,1.0,0.0
0.7462172687867012,0.16932754557035753,1.0,0.0
0.7510405952115563,0.16975134591762284,1.0,0.0
0.75580558662355,0.16950041408111183,1.0,0.0
0.7612877762968133,0.1680024660579667,1.0,0.0
0.766836764451446,0.16818730545881005,1.0,0.0
0.7716000423977096,0.1693791661581177,1.0,0.0
0.7763764199653577,0.17021605477747467,1.0,0.0
0.7814883392202722,0.16921541288991035,1.0,0.0
0.7863034226368516,0.16933533841274528,1.0,0.0
0.791294338008937,0.16923001752447236,1.0,0.0
0.7964411613132245,0.1689571777317932,1.0,0.0
0.8013948098132737,0.16902370651471474,1.0,0.0
0.8061797190031296,0.16913056909655713,1.0,0.0
0.8110467392532574,0.16897665325520425,1.0,0.0
0.8161205860696371,0.16874068617618104,1.0,0.0
0.8212628893223706,0.16869085862545605,1.0,0.0
0.8264404839263509,0.1686300301564867,1.0,0.0
0.8315399569222046,0.16866501680376383,1.0,0.0
0.8365499113625975,0.1688557866148689,1.0,0.0
0.8414672513425632,0.1691402892458676,1.0,0.0
0.8463623453233609,0.1693954312821752,1.0,0.0
0.8513117799428322,0.16958467550930756,1.0,0.0
0.8563242948833895,0.16975796886282132,1.0,0.0
0.8613544023652384,0.16996869198267078,1.0,0.0
0.8663898969065256,0.17017650705959828,1.0,0.0
0.8714446693192041,0.17031038802559004,1.0,0.0
0.8764900271795231,0.17038874243784305,1.0,0.0
0.8814574311706703,0.170542050800953,1.0,0.0
0.8863836043791647,0.17081137081060285,1.0,0.0
0.8914082583969124,0.17102606503691045,1.0,0.0
0.8965465884746976,0.1711266667161432,1.0,0.0
0.9019091551961333,0.17126515768154735,1.0,0.0
0.9069465884842296,0.17142400679849917,1.0,0.0
0.9118735794066837,0.17137132025711735,1.0,0.0
0.9167401519693085,0.1719708709953481,1.0,0.0
0.9217968361323833,0.17243778043556088,1.0,0.0
0.0832720088801611,0.17683231683787995,1.0,0.0
0.08705206839621546,0.17557060531874655,1.0,0.0
0.09194009219327805,0.17501196925867726,1.0,0.0
0.09622402763791874,0.17434550566841406,1.0,0.0
0.10103451487869879,0.17445254579227237,1.0,0.0
0.10592322739692733,0.17445940616840336,1.0,0.0
0.1107888416048955,0.17435478045847233,1.0,0.0
0.11557698920315368,0.17414842180178897,1.0,0.0
0.12051221386734166,0.17409353036336433,1.0,0.0
0.12553750115381293,0.17407608132500332,1.0,0.0
0.13056095515825655,0.17405180757017483,1.0,0.0
0.13553362675118416,0.17395821870110012,1.0,0.0
0.1405133444904689,0.17383604851538723,1.0,0.0
0.14550596693122958,0.1737874570043695,1.0,0.0
0.15047761541199464,0.1737336848799273,1.0,0.0
0.15541916131269518,0.17357588972636862,1.0,0.0
0.1604248176018544,0.17352482331510005,1.0,0.0
0.16536773407397803,0.17337232613756792,1.0,0.0
0.1704434922114695,0.17321323074473116,1.0,0.0
0.1757610740798502,0.1738642613856651,1.0,0.0
0.18062137744199253,0.17392806806533326,1.0,0.0
0.1855016699857303,0.17350353066373617,1.0,0.0
0.19050169953097223,0.17304541489156294,1.0,0.0
0.19563553811161352,0.17271389201535225,1.0,0.0
0.20072799506104017,0.17260167514003824,1.0,0.0
0.20581319453218022,0.17265250259066847,1.0,0.0
0.21091810853876689,0.1728673138879617,1.0,0.0
0.2159553956028172,0.17316451887537943,1.0,0.0
0.22080984560718975,0.17358038779010143,1.0,0.0
0.22564285039884616,0.17393929288533652,1.0,0.0
0.23046963663300865,0.17415167834786185,1.0,0.0
0.23533813057158556,0.1742578135991928,1.0,0.0
0.24021405249908148,0.17404853241695814,1.0,0.0
0.2450750164233364,0.17369999379664008,1.0,0.0
0.2500572953177502,0.1731669426492675,1.0,0.0
0.25540417178311847,0.17241826072677108,1.0,0.0
0.2606010182195084,0.17213462045389175,1.0,0.0
0.26571579993175987,0.17213406693616484,1.0,0.0
0.2709056687522286,0.17239766151018687,1.0,0.0
0.27587068438568996,0.17241205601937837,1.0,0.0
0.2810272195681164,0.17300817965018658,1.0,0.0
0.28567168675088467,0.17276111040746783,1.0,0.0
0.29095318066239584,0.1736855152698471,1.0,0.0
0.2951636691791488,0.1724878601120927,1.0,0.0
0.30091201329009587,0.17459033440657168,1.0,0.0
0.730483717118652,0.17459446318862526,1.0,0.0
0.7359750143327926,0.1740320175292142,1.0,0.0
0.7482939604131706,0.17454145359893863,1.0,0.0
0.7538322309606321,0.17470247267003144,1.0,0.0
0.7596633398814453,0.1719219144743076,1.0,0.0
0.7645752604251702,0.17153079171243085,1.0,0.0
0.7688986357462587,0.17318089590231642,1.0,0.0
0.7733313885173912,0.1743316222745239,1.0,0.0
0.7802486601976627,0.17334967656267208,1.0,0.0
0.7844512090891413,0.17383243301056686,1.0,0.0
0.7890515327530223,0.17348178737532152,1.0,0.0
0.7943747301884185,0.17296566324873583,1.0,0.0
0.7993936437862013,0.1731505061536239,1.0,0.0
0.8040279461206421,0.17353389047325393,1.0,0.0
0.808704968316154,0.17338172761054982,1.0,0.0
0.8136869337953716,0.17287763039217044,1.0,0.0
0.818783557938611,0.17267396742287502,1.0,0.0
0.8241071312275031,0.1725503660178851,1.0,0.0
0.8293334262349952,0.17262272907086054,1.0,0.0
0.834347630023102,0.17283693833870226,1.0,0.0
0.8392134549463044,0.17319786164109224,1.0,0.0
0.8440389324644669,0.1735009456242124,1.0,0.0
0.8489644359474241,0.17363757822466794,1.0,0.0
0.8539965061968858,0.17373270765688947,1.0,0.0
0.859029411588231,0.1739195013552296,1.0,0.0
0.8640287530753065,0.17415530552761646,1.0,0.0
0.869033954301363,0.17433234351631732,1.0,0.0
0.8740340466382223,0.17445954854476325,1.0,0.0
0.8789944507638613,0.17461588801218778,1.0,0.0
0.883922304071038,0.17483608941437218,1.0,0.0
0.8889179795722993,0.17500478584799883,1.0,0.0
0.893983712996977,0.175099943317628,1.0,0.0
0.8990862563873412,0.17513101842271145,1.0,0.0
0.90416153820026,0.17538669798651982,1.0,0.0
0.9091938433503659,0.17551730153474482,1.0,0.0
0.9140820499684489,0.1757407954445601,1.0,0.0
0.9192447220573455,0.1759440584749204,1.0,0.0
0.9248865545642592,0.17517194032182187,1.0,0.0
0.9293377479097086,0.17754251110042066,1.0,0.0
0.07952739556201671,0.1797958379621388,1.0,0.0
0.08460846614509211,0.18066337361715407,1.0,0.0
0.0891681528161451,0.17957294435925417,1.0,0.0
0.09389224184958295,0.17921048915880805,1.0,0.0
0.09851565958122484,0.17878017557005735,1.0,0.0
0.10335984637396854,0.1787675761391768,1.0,0.0
0.10824457183208441,0.17871894391116572,1.0,0.0
0.11311684693711714,0.17862365601432117,1.0,0.0
0.11793122154738775,0.17839690390354557,1.0,0.0
0.12287412945281243,0.17824656814135573,1.0,0.0
0.12793821022396443,0.17822071779592855,1.0,0.0
0.13299855356166873,0.17824476879061962,1.0,0.0
0.13796247440343562,0.1781157768665034,1.0,0.0
0.14289418152651526,0.17800323021570008,1.0,0.0
0.1479013071560846,0.17798696536892003,1.0,0.0
0.15289884206574172,0.17793729427177513,1.0,0.0
0.15776807636095663,0.17772228250856045,1.0,0.0
0.1627558475100312,0.17775742769674463,1.0,0.0
0.16766471766921465,0.17741999847390338,1.0,0.0
0.1725944260761224,0.17718315938329446,1.0,0.0
0.17820723836629043,0.17841841514668716,1.0,0.0
0.18318088791711354,0.17813123460798996,1.0,0.0
0.18803220915109342,0.17747669292093404,1.0,0.0
0.19309671095794242,0.17688869681876865,1.0,0.0
0.1981411102699869,0.176754919607361,1.0,0.0
0.20312809783677557,0.17672828616786604,1.0,0.0
0.20819474043871875,0.17680968546553874,1.0,0.0
0.21336217024510584,0.17714209097450917,1.0,0.0
0.21818747507965583,0.17777333538529824,1.0,0.0
0.22292472314354095,0.17818833496662584,1.0,0.0
0.22775751884085232,0.17852401059214254,1.0,0.0
0.2326324821003099,0.17864301724757872,1.0,0.0
0.2377734638357136,0.17860852882261188,1.0,0.0
0.24260994353814463,0.17836892115530417,1.0,0.0
0.2475435845629398,0.17774095059407927,1.0,0.0
0.25307229211054033,0.17647742879244102,1.0,0.0
0.25827809723175993,0.17628098821231927,1.0,0.0
0.2631751889083425,0.1762593244795379,1.0,0.0
0.2681909300726743,0.17621894637043303,1.0,0.0
0.2734494047541885,0.1767428062347913,1.0,0.0
0.27817813338165487,0.17658802152658243,1.0,0.0
0.28340493380574394,0.17777617308232638,1.0,0.0
0.2875193365325836,0.1766396551583714,1.0,0.0
0.7773338041279841,0.1758330484564988,1.0,0.0
0.7818419487225386,0.1784079955442118,1.0,0.0
0.7865355668661492,0.1780995435392188,1.0,0.0
0.7920306493283239,0.1766695154296506,1.0,0.0
0.7973747836083254,0.17701507094652275,1.0,0.0
0.8020065843730405,0.17794905393231078,1.0,0.0
0.8064736169683816,0.17805164800789214,1.0,0.0
0.8113716692235909,0.1772026922771215,1.0,0.0
0.8162907814606574,0.17678229929142322,1.0,0.0
0.8216218602179698,0.1762945230251591,1.0,0.0
0.8270520303402265,0.17638360401652803,1.0,0.0
0.8322560848124236,0.1767792659919436,1.0,0.0
0.8370589473031215,0.17726928837451927,1.0,0.0
0.8417493804896394,0.17767912011664935,1.0,0.0
0.8466186179287943,0.1777526033680756,1.0,0.0
0.8516722544220899,0.17771387483862022,1.0,0.0
0.8567192205040878,0.17786780946442016,1.0,0.0
0.8616839384020064,0.17815129600093874,1.0,0.0
0.8666450325542916,0.17836937408962059,1.0,0.0
0.8716118484646045,0.17853157142955023,1.0,0.0
0.8765607307665245,0.17869286423583147,1.0,0.0
0.8814654154444264,0.1789058489727276,1.0,0.0
0.8864307251871896,0.1790408246453782,1.0,0.0
0.891442480953756,0.17913237781070246,1.0,0.0
0.8964851576842342,0.17918031492422304,1.0,0.0
0.9014792179906514,0.17932288971122773,1.0,0.0
0.9064959255891886,0.1795283423056682,1.0,0.0
0.9114464459329064,0.17974335428261132,1.0,0.0
0.9164252702745567,0.17981625347736235,1.0,0.0
0.9214918384490434,0.17950149961258866,1.0,0.0
0.9257974180008793,0.1798212028495038,1.0,0.0
0.9330899414396089,0.17949051163392923,1.0,0.0
0.9376942658250892,0.18137356697775323,1.0,0.0
0.9405519378870736,0.18482103911120473,1.0,0.0
0.06664313694389429,0.18219798043885066,1.0,0.0
0.07104698649532884,0.18563414920749424,1.0,0.0
0.07541845559035082,0.18265167488717476,1.0,0.0
0.08089357025010888,0.18385676255927605,1.0,0.0
0.08634441320398967,0.18431083734043788,1.0,0.0
0.09115018550849374,0.18371264350913366,1.0,0.0
0.09598760584180548,0.18339222987709217,1.0,0.0
0.10076563827051414,0.1831052779889914,1.0,0.0
0.10565474758504283,0.18304432452884595,1.0,0.0
0.11055828270012863,0.1829764597319773,1.0,0.0
0.11545294377405285,0.1829010634951019,1.0,0.0
0.12024341146575604,0.18257547307894956,1.0,0.0
0.125207084969884,0.18232645857982643,1.0,0.0
0.13035448485964896,0.18233912471041616,1.0,0.0
0.13552681116650925,0.18243378879096875,1.0,0.0
0.14034661120087236,0.18235474282475342,1.0,0.0
0.14521650594445684,0.1821537436271104,1.0,0.0
0.15034916400316248,0.18213949283290914,1.0,0.0
0.15531916123096925,0.182228274307827,1.0,0.0
0.15993317748472735,0.18191237835604582,1.0,0.0
0.16508279441684592,0.18195709234410357,1.0,0.0
0.16940874899118213,0.18168652866280763,1.0,0.0
0.17417801927210533,0.18078636228106243,1.0,0.0
0.18141687303848136,0.1827215304824821,1.0,0.0
0.18618591713294752,0.18225951726098807,1.0,0.0
0.19085414028006778,0.18122646312916224,1.0,0.0
0.19562834067171264,0.18094621723248874,1.0,0.0
0.20050291010713336,0.18095245302038732,1.0,0.0
0.2054475572762405,0.1808472878982694,1.0,0.0
0.21064087480219665,0.1808551778150103,1.0,0.0
0.2154862083484551,0.18183381581937963,1.0,0.0
0.22012328306468484,0.18255038222911896,1.0,0.0
0.22473948068681768,0.18277462548358228,1.0,0.0
0.22968172995309177,0.18305646935759762,1.0,0.0
0.23508439639431208,0.18269852515335636,1.0,0.0
0.24026268616771151,0.18313726603908476,1.0,0.0
0.2451573434028597,0.18245274194697672,1.0,0.0
0.25099342201976,0.18032536210890265,1.0,0.0
0.2561699919499282,0.1803129820598377,1.0,0.0
0.2609214594335133,0.1806778335266266,1.0,0.0
0.265569690214714,0.18042768038404594,1.0,0.0
0.27056625009613333,0.1801924834396905,1.0,0.0
0.27596349592282854,0.18134684169015122,1.0,0.0
0.2801564965175844,0.18057230435321206,1.0,0.0
0.7847812315028915,0.18342113934684115,1.0,0.0
0.7902499267181028,0.18043424939822728,1.0,0.0
0.7951454393708143,0.1804276295704986,1.0,0.0
0.7998759653055991,0.18193037841605236,1.0,0.0
0.8043865359108965,0.1829822881332584,1.0,0.0
0.8093472280344769,0.18167913485993215,1.0,0.0
0.8139979208848105,0.18121324295523586,1.0,0.0
0.819197980282793,0.18015576025976093,1.0,0.0
0.8245186027373479,0.17987365125115984,1.0,0.0
0.8299528447996143,0.18033931460624034,1.0,0.0
0.8350651072799451,0.18130187809967135,1.0,0.0
0.839552907331747,0.18199177294611119,1.0,0.0
0.8442803710725574,0.18197283220244356,1.0,0.0
0.8493753488446297,0.18171375912392002,1.0,0.0
0.8544308488074263,0.18179728024993996,1.0,0.0
0.8593493802581433,0.18215267832547966,1.0,0.0
0.8642711791521609,0.18242155166415994,1.0,0.0
0.8692109713149038,0.18260462998635946,1.0,0.0
0.8741603442810106,0.18277014659429136,1.0,0.0
0.879018491456306,0.18301830710618008,1.0,0.0
0.8839571814319392,0.1831229603496076,1.0,0.0
0.8889287561358478,0.18320706396346875,1.0,0.0
0.893948099698476,0.18324497360775713,1.0,0.0
0.8989432960884507,0.18335635427632715,1.0,0.0
0.903918992367842,0.18352304837557443,1.0,0.0
0.908906254789732,0.18373146198232387,1.0,0.0
0.9139303200128289,0.18384948925574945,1.0,0.0
0.9189802418223688,0.18375147365384606,1.0,0.0
0.9238088467510368,0.18398029734637175,1.0,0.0
0.9288633076226316,0.1831499036827845,1.0,0.0
0.9331160920013054,0.18379229018572443,1.0,0.0
0.9363991137751178,0.18620049328175411,1.0,0.0
0.0627534027546619,0.1869316596444702,1.0,0.0
0.06714371385774684,0.1870223219549927,1.0,0.0
0.07430710113028448,0.18769516496877559,1.0,0.0
0.07838834259758615,0.1873868603228981,1.0,0.0
0.08334418794795392,0.18801229533691374,1.0,0.0
0.08846713462285662,0.18821964301130953,1.0,0.0
0.09331573950627603,0.18783937274675216,1.0,0.0
0.09817642394982383,0.18758083653752908,1.0,0.0
0.10302901090429645,0.18736246485890204,1.0,0.0
0.10795945069061577,0.1872944044543276,1.0,0.0
0.11288863936957036,0.18722538575061012,1.0,0.0
0.11781596137305789,0.187201885917658,1.0,0.0
0.12250871553744024,0.18666189104073938,1.0,0.0
0.12751409086438298,0.1862976871065778,1.0,0.0
0.1329258018904048,0.18630637615646473,1.0,0.0
0.13804553571450615,0.18688287892024963,1.0,0.0
0.14263359056417696,0.1866161006719547,1.0,0.0
0.14762589562211315,0.18606897446281997,1.0,0.0
0.15292552912791085,0.1863349856643157,1.0,0.0
0.15777715034779402,0.18678840513167502,1.0,0.0
0.1624993363745217,0.18557589275594447,1.0,0.0
0.16737492120828135,0.1868283494654307,1.0,0.0
0.17204308380100272,0.18511193884980415,1.0,0.0
0.1770243185176847,0.18377697441442467,1.0,0.0
0.2457352301545113,0.18799888682034033,1.0,0.0
0.249238107830698,0.18411057100522996,1.0,0.0
0.2541084565298983,0.18416461040649634,1.0,0.0
0.25873984059668276,0.18495152654521507,1.0,0.0
0.26335566886579975,0.18521316515883687,1.0,0.0
0.2678390362460569,0.18439061309101476,1.0,0.0
0.27276948012374375,0.18397395122687302,1.0,0.0
0.7923338414356208,0.18438857470821815,1.0,0.0
0.796406467930505,0.184913121705035,1.0,0.0
0.8081958142715048,0.1859709618573338,1.0,0.0
0.8123716879737388,0.18612690542534166,1.0,0.0
0.8171739334616052,0.18427759445067887,1.0,0.0
0.8221744553589665,0.18368809848735396,1.0,0.0
0.827268482128544,0.18359546657078096,1.0,0.0
0.8325565893171814,0.18454200069284737,1.0,0.0
0.8374765753457185,0.1863965972055927,1.0,0.0
0.8420226869539873,0.18644048200464444,1.0,0.0
0.847117724572353,0.18571052786460146,1.0,0.0
0.8522115979471039,0.18572329780333013,1.0,0.0
0.8570133267359872,0.1861606294277626,1.0,0.0
0.8618839679982668,0.18647792104461508,1.0,0.0
0.8668186224095863,0.18668314591202573,1.0,0.0
0.8717940564338649,0.18682276236388579,1.0,0.0
0.8765786627260695,0.18717963928700004,1.0,0.0
0.8814953802922798,0.18724402179667332,1.0,0.0
0.8864284827394349,0.18732031010753544,1.0,0.0
0.8914476761547806,0.1873168507467819,1.0,0.0
0.8964523882186206,0.18739986564687064,1.0,0.0
0.9014130942389771,0.18756438394236136,1.0,0.0
0.9063866943066136,0.18772485282060158,1.0,0.0
0.9114041779350941,0.18785542479619707,1.0,0.0
0.9164414493500753,0.18788234485745164,1.0,0.0
0.9213756478728606,0.18800775356044333,1.0,0.0
0.9264747127660472,0.18772828967835617,1.0,0.0
0.9311301959177205,0.18805447558273802,1.0,0.0
0.9353995906644886,0.1900755246362968,1.0,0.0
0.940260139837909,0.18960846722183447,1.0,0.0
0.9442083003252677,0.18756017747937487,1.0,0.0
0.9479860193000629,0.18913488642495077,1.0,0.0
0.04790725623525671,0.19471773054512778,1.0,0.0
0.05437232259176686,0.18923063089712566,1.0,0.0
0.06157206316230755,0.19175355686845616,1.0,0.0
0.06583282503748891,0.19141851391126607,1.0,0.0
0.0705139172879587,0.19106139072111775,1.0,0.0
0.07547186326563818,0.1919908383603496,1.0,0.0
0.08029219433707373,0.19188786581778144,1.0,0.0
0.08538532003649897,0.19218316335697888,1.0,0.0
0.0904958539112518,0.1922407800663635,1.0,0.0
0.09543686288464233,0.1919723954745861,1.0,0.0
0.10036471238874668,0.1917580707865096,1.0,0.0
0.10528587612201021,0.1915672664308094,1.0,0.0
0.11027996136278792,0.19152225503042347,1.0,0.0
0.11524891770841737,0.1914595361602232,1.0,0.0
0.12025230809237247,0.19155615827150085,1.0,0.0
0.12471720473401142,0.19058398501371343,1.0,0.0
0.13003597434460365,0.18986761508925246,1.0,0.0
0.13531104639079317,0.1905336262760075,1.0,0.0
0.14046739721129248,0.19165301463057977,1.0,0.0
0.1449452792657834,0.1904530501142852,1.0,0.0
0.1498288494256478,0.18992532170652948,1.0,0.0
0.15421287021336313,0.19115239663969272,1.0,0.0
0.15846632060155225,0.1913989499204858,1.0,0.0
0.1627826805872387,0.1895877153773479,1.0,0.0
0.8163266908195519,0.1886925280930773,1.0,0.0
0.820549204284019,0.18794503202565555,1.0,0.0
0.8249959072422357,0.1876162714689349,1.0,0.0
0.8294682136982908,0.18766840004721852,1.0,0.0
0.834105642757242,0.18908091282866743,1.0,0.0
0.8451755514670487,0.1898218259737337,1.0,0.0
0.8501375703741618,0.18958343747955728,1.0,0.0
0.854766307056379,0.1902746707651413,1.0,0.0
0.8594394104953021,0.1905543728774891,1.0,0.0
0.8643777861415453,0.19073351344750164,1.0,0.0
0.8694875814438169,0.19081825185155815,1.0,0.0
0.8741207113442035,0.19138903146345485,1.0,0.0
0.8790481470502507,0.19140124195501365,1.0,0.0
0.8839277785786392,0.19148118100276054,1.0,0.0
0.8889728646286146,0.19138992904632776,1.0,0.0
0.8940010089662411,0.19144011640232553,1.0,0.0
0.8989364912643615,0.19162713277543753,1.0,0.0
0.9038992679677293,0.19176094054951023,1.0,0.0
0.9088881102159856,0.1918764443156602,1.0,0.0
0.9138823266837638,0.19196356490958383,1.0,0.0
0.918812582730371,0.19208453394638764,1.0,0.0
0.9237778041657196,0.19201743360474693,1.0,0.0
0.9285188714390081,0.19220800383713282,1.0,0.0
0.9330320718635988,0.19320693829069946,1.0,0.0
0.9385884539905386,0.19356386532627312,1.0,0.0
0.9440300098086917,0.19265403253831256,1.0,0.0
0.9491948479950654,0.1933937410152126,1.0,0.0
0.9545560716852599,0.19410495369568076,1.0,0.0
0.9598812880725959,0.19429260591841566,1.0,0.0
0.9650423182440209,0.19547427542601595,1.0,0.0
0.04630916081946855,0.1990987162539263,1.0,0.0
0.05260251620361723,0.19394833862844996,1.0,0.0
0.05745849701851772,0.19369380105774187,1.0,0.0
0.06247491307357439,0.19580750068986105,1.0,0.0
0.06744919227730785,0.19562649224945247,1.0,0.0
0.07225788759029929,0.19570576784726895,1.0,0.0
0.07739602372865254,0.19615492598839362,1.0,0.0
0.08240508036696136,0.1961627150397668,1.0,0.0
0.08752674559384138,0.19630417033835318,1.0,0.0
0.09263049251573896,0.19629461331676085,1.0,0.0
0.09761915573564364,0.19609171322372881,1.0,0.0
0.10259201680798744,0.19591472840501498,1.0,0.0
0.10755244894186944,0.1957190684808136,1.0,0.0
0.11263075875983923,0.19573030701873873,1.0,0.0
0.11765923462638664,0.19564516093929227,1.0,0.0
0.12289061438866886,0.19597530935668656,1.0,0.0
0.12716813112386238,0.19381004802540827,1.0,0.0
0.13187959624925977,0.19391878041554977,1.0,0.0
0.13692952059528482,0.19489699340314554,1.0,0.0
0.14333877171290033,0.19630798810433753,1.0,0.0
0.8186599966717051,0.19269288811778365,1.0,0.0
0.8228383600532855,0.1920693608069139,1.0,0.0
0.8267859793463584,0.19207752125807806,1.0,0.0
0.8306440851223931,0.19207050854047655,1.0,0.0
0.8479666409596437,0.19348379352310344,1.0,0.0
0.8522901369489716,0.19429417154926065,1.0,0.0
0.856916702295063,0.19486018087599496,1.0,0.0
0.8617327155353859,0.19471443315783094,1.0,0.0
0.867195001683912,0.19456790296207827,1.0,0.0
0.87161908551229,0.19570073505720204,1.0,0.0
0.8765822111209931,0.19553968737793515,1.0,0.0
0.8814158932021621,0.19571897364245525,1.0,0.0
0.8865237959156298,0.19545331131016708,1.0,0.0
0.8915986776282134,0.19545698364948857,1.0,0.0
0.8964875693209599,0.19571504251980204,1.0,0.0
0.9014383562427111,0.19582297209724928,1.0,0.0
0.9064160163131442,0.19592412117661567,1.0,0.0
0.9113766753347121,0.19604056346659401,1.0,0.0
0.916280816312236,0.19618957397707637,1.0,0.0
0.9211703491054228,0.19624586040744024,1.0,0.0
0.9259499347860272,0.19639145863681362,1.0,0.0
0.9306439034935379,0.1969203400220872,1.0,0.0
0.9358087131739776,0.19703273964781148,1.0,0.0
0.9412442885315304,0.19690933761907733,1.0,0.0
0.9460816466329922,0.1969715148316514,1.0,0.0
0.9511330072321974,0.1974485916939282,1.0,0.0
0.9562512222337894,0.19790422634460367,1.0,0.0
0.9611360884920183,0.1980540234750613,1.0,0.0
0.9701557811649336,0.19670140853382226,1.0,0.0
0.9751482782686012,0.19642741109780706,1.0,0.0
0.9798518044115033,0.1961847017389932,1.0,0.0
0.0510465414616078,0.19901784888253948,1.0,0.0
0.055211098921158774,0.19798731315824356,1.0,0.0
0.05926546506095103,0.1990930871712467,1.0,0.0
0.06437802955829114,0.19991763250363803,1.0,0.0
0.06934223236800502,0.19995644293600337,1.0,0.0
0.07434652058122275,0.20005302623784438,1.0,0.0
0.0795079503452991,0.20029930853207142,1.0,0.0
0.08460728606075854,0.2003381923783485,1.0,0.0
0.08973925245069392,0.2004072437029652,1.0,0.0
0.0948301622047695,0.2003786477838105,1.0,0.0
0.09982382991512652,0.20021203863248554,1.0,0.0
0.10480335737593752,0.20007124888991248,1.0,0.0
0.10973554967174694,0.19982228826527376,1.0,0.0
0.11485097275908522,0.1999637123419705,1.0,0.0
0.11976546636383682,0.1997523930084197,1.0,0.0
0.1247328186604016,0.20111346549066902,1.0,0.0
0.1279250093824691,0.1978436615362048,1.0,0.0
0.1330067538305867,0.19784737630418417,1.0,0.0
0.865043950168334,0.19787705117252483,1.0,0.0
0.8689110693986235,0.1999396871756,1.0,0.0
0.8742502383730705,0.19971296448655054,1.0,0.0
0.8788226817146821,0.19999712335857384,1.0,0.0
0.8841548799542039,0.19950107084058008,1.0,0.0
0.8892857677829193,0.19942320711365427,1.0,0.0
0.8940663791238187,0.1998391591548739,1.0,0.0
0.8990042365520344,0.19990928248163847,1.0,0.0
0.903985885803638,0.19997776175299484,1.0,0.0
0.908937453274405,0.20011603798906782,1.0,0.0
0.913815496177117,0.20030649400281658,1.0,0.0
0.9186496881661177,0.20045146676124662,1.0,0.0
0.9234365868481116,0.20058504987054274,1.0,0.0
0.9282138303859905,0.20085977348974626,1.0,0.0
0.9332434309061832,0.2009319999617975,1.0,0.0
0.9383770916520193,0.20084147490872759,1.0,0.0
0.9433647221649304,0.20105926368986485,1.0,0.0
0.9482675197876531,0.20121273752674054,1.0,0.0
0.9532685411807995,0.20155006092643507,1.0,0.0
0.9583498783692004,0.20186433079654664,1.0,0.0
0.9635552521366116,0.2010631711400524,1.0,0.0
0.9676705459565321,0.20021152428592665,1.0,0.0
0.9726475278034145,0.20068466038092925,1.0,0.0
0.9772925064970812,0.20049052592529293,1.0,0.0
0.9838182711555536,0.20006077178368403,1.0,0.0
0.044817093342143774,0.20318903916590283,1.0,0.0
0.049945242964405806,0.20344783445003675,1.0,0.0
0.055333356503232844,0.20288114641552146,1.0,0.0
0.06078842755371395,0.20352300054302783,1.0,0.0
0.06619013230817049,0.20405417187068495,1.0,0.0
0.07138664751557036,0.20416317146602764,1.0,0.0
0.07653757001986806,0.20425893050031824,1.0,0.0
0.08173518644142512,0.20441519654688256,1.0,0.0
0.08687843449954794,0.20447006179045257,1.0,0.0
0.09200106393045884,0.20452105815829275,1.0,0.0
0.09705735059433207,0.20450942967675403,1.0,0.0
0.10199505166053349,0.20436258109013802,1.0,0.0
0.10692249604053093,0.20427590290052403,1.0,0.0
0.111697387419705,0.20390850734371616,1.0,0.0
0.11674540676660122,0.20437022513940117,1.0,0.0
0.1210374173663714,0.2040302920886256,1.0,0.0
0.12792783734688207,0.20498253464160238,1.0,0.0
0.13026068660727044,0.2016835116401165,1.0,0.0
0.8725590769304474,0.20339958549491954,1.0,0.0
0.8768298102750948,0.20485827934970782,1.0,0.0
0.8817682059803695,0.20329617764140573,1.0,0.0
0.8871863224981917,0.20331543111583011,1.0,0.0
0.8916947886736187,0.20404914663124588,1.0,0.0
0.8965878183731489,0.2040232131815218,1.0,0.0
0.9015969344632287,0.204027670221878,1.0,0.0
0.906558101720346,0.20416932044998512,1.0,0.0
0.9114237193307132,0.2044208149547357,1.0,0.0
0.916200719739499,0.20465719334931842,1.0,0.0
0.9209640519544345,0.20480121500794707,1.0,0.0
0.9257625018703515,0.20493475725656282,1.0,0.0
0.9307044727316491,0.20495887903537172,1.0,0.0
0.9357250578381474,0.204905488973473,1.0,0.0
0.9406799900908028,0.2050095946553194,1.0,0.0
0.945674152152353,0.2052072702808209,1.0,0.0
0.9506405699286773,0.2053875163839195,1.0,0.0
0.9557049900313619,0.20555974137183575,1.0,0.0
0.9609985242233348,0.2053109225741095,1.0,0.0
0.9658894216855889,0.20500087389726554,1.0,0.0
0.9704667103341641,0.20461059732582437,1.0,0.0
0.9753685767936828,0.2048924356427204,1.0,0.0
0.9800013921315495,0.20456379229875024,1.0,0.0
0.04777749518299671,0.2128747677811847,1.0,0.0
0.048090118678083986,0.20794844689758038,1.0,0.0
0.05322154707323829,0.20738852657022452,1.0,0.0
0.05817713790555382,0.20745029633313605,1.0,0.0
0.06332277948552746,0.20788100306508908,1.0,0.0
0.06855033093554319,0.20820758290546915,1.0,0.0
0.07371699375145792,0.20831837300980097,1.0,0.0
0.07887945285879347,0.2083998291135686,1.0,0.0
0.08407329357428593,0.20852352829963702,1.0,0.0
0.08921888647859944,0.2086017643956096,1.0,0.0
0.09431487016578899,0.2086745157560391,1.0,0.0
0.0993201580786831,0.20871785495054304,1.0,0.0
0.1041824391143286,0.20855169968729623,1.0,0.0
0.10914303726413058,0.20853712657898163,1.0,0.0
0.11383113872324287,0.2078987107718328,1.0,0.0
0.1195603638095636,0.20887798936158802,1.0,0.0
0.1240708628520194,0.20682918196524425,1.0,0.0
0.13054050464382494,0.20935122265714048,1.0,0.0
0.8803856918276918,0.20768693769255475,1.0,0.0
0.8850342514788951,0.20666230461753582,1.0,0.0
0.8893921281271217,0.2084430980033578,1.0,0.0
0.89415844516464,0.20821232573005344,1.0,0.0
0.8992096090322886,0.20804423758421642,1.0,0.0
0.9042297256764645,0.20818569123726277,1.0,0.0
0.9090991333928525,0.2084974908757657,1.0,0.0
0.9138205951190862,0.20887556556004322,1.0,0.0
0.9185294305010884,0.20905521035392605,1.0,0.0
0.9233255929900084,0.20910469922414204,1.0,0.0
0.9282081404049074,0.20908383390818774,1.0,0.0
0.933153343669924,0.20900994002128187,1.0,0.0
0.9380962497541797,0.20903509209275245,1.0,0.0
0.9430874588840452,0.20913383640542438,1.0,0.0
0.9481222908133153,0.2093139589673708,1.0,0.0
0.9532063347851976,0.20941301262072712,1.0,0.0
0.9583774005849973,0.20924992524329292,1.0,0.0
0.9634722898658626,0.20918047537098136,1.0,0.0
0.9684062498647266,0.20900381380687855,1.0,0.0
0.973171500977085,0.20889280345400246,1.0,0.0
0.9779119600303,0.20927968074717318,1.0,0.0
0.9818305878493809,0.20848895024451897,1.0,0.0
0.036261234854713074,0.21269928163542529,1.0,0.0
0.03967014247771635,0.21002838494111342,1.0,0.0
0.04388253644618103,0.21179169657397742,1.0,0.0
0.05188704203654329,0.2119966947851671,1.0,0.0
0.056399649866571415,0.2119276348026457,1.0,0.0
0.061082545588086866,0.21206308537548832,1.0,0.0
0.06598952046566882,0.2122869592073309,1.0,0.0
0.07103273638283969,0.2124222154844274,1.0,0.0
0.07613750721598117,0.21246762186693927,1.0,0.0
0.08128736630713711,0.21251526434565376,1.0,0.0
0.08647944850154168,0.21264263527240948,1.0,0.0
0.09161220594080054,0.2127630864163002,1.0,0.0
0.09664913010394409,0.21290751336766525,1.0,0.0
0.1015724166659519,0.21303294201180906,1.0,0.0
0.10631527617397106,0.21271694289479703,1.0,0.0
0.1112731655649002,0.21289073657308863,1.0,0.0
0.11568906341740495,0.21122218477914195,1.0,0.0
0.8845653339034281,0.2107342613196607,1.0,0.0
0.8881376696734863,0.2133061799211969,1.0,0.0
0.8923133334947518,0.2128043897366475,1.0,0.0
0.8969286549089842,0.2120918967564537,1.0,0.0
0.9019321865282833,0.21211240409703666,1.0,0.0
0.906863671906237,0.21251505414385474,1.0,0.0
0.911499391186782,0.2130781568187233,1.0,0.0
0.9161368374535179,0.2133768121601441,1.0,0.0
0.9209103209046905,0.2133368017652021,1.0,0.0
0.9257650154123261,0.21328547989772723,1.0,0.0
0.9306598512256897,0.21317873806519586,1.0,0.0
0.9355598161736647,0.21311935296032838,1.0,0.0
0.9405367884582431,0.21311029732725603,1.0,0.0
0.9455651712985389,0.2132035088181561,1.0,0.0
0.9507205086733982,0.21327421618853556,1.0,0.0
0.9559168935967116,0.21325061485005015,1.0,0.0
0.9609822840436245,0.21311458887564155,1.0,0.0
0.9661010490428935,0.21307097888378218,1.0,0.0
0.9712022404340996,0.21295764611483176,1.0,0.0
0.9764128366651992,0.21301308174674205,1.0,0.0
0.982148333554491,0.21317932038491816,1.0,0.0
0.9874921452515627,0.21502682764384992,1.0,0.0
0.037107052824096314,0.21826565387864075,1.0,0.0
0.04046406383238185,0.2153340081101305,1.0,0.0
0.04474604449317418,0.21697239994970907,1.0,0.0
0.04968670720839495,0.2170597614140832,1.0,0.0
0.05427024462743138,0.216580693851079,1.0,0.0
0.05895191816433881,0.2165576860513903,1.0,0.0
0.06369778195999079,0.216627039952889,1.0,0.0
0.06854653985267692,0.2166806082639906,1.0,0.0
0.07349892851369047,0.21662984649861325,1.0,0.0
0.07858143883560857,0.2165918347035609,1.0,0.0
0.08373195782522078,0.21660378495874602,1.0,0.0
0.08894524912507676,0.21678129897707898,1.0,0.0
0.09401169330287094,0.2170202341444782,1.0,0.0
0.09890549871234894,0.2172868807366321,1.0,0.0
0.10365432374280467,0.21749673714222242,1.0,0.0
0.10787953820928511,0.21692713683194279,1.0,0.0
0.8883316866272868,0.2179366596232172,1.0,0.0
0.895061221168296,0.21678959630677558,1.0,0.0
0.89944983755756,0.2159957344292587,1.0,0.0
0.9044919474452455,0.21630376070976204,1.0,0.0
0.9091760675312615,0.21724629626564718,1.0,0.0
0.9136943986481526,0.21772543017774743,1.0,0.0
0.9185347938878693,0.21764726783060698,1.0,0.0
0.9233548016512554,0.21751914393309324,1.0,0.0
0.9282557036588924,0.21740371544829787,1.0,0.0
0.9331034032220188,0.2173049402762805,1.0,0.0
0.9380212694872826,0.21716116963863966,1.0,0.0
0.9429929559237564,0.21715466715875562,1.0,0.0
0.948159425777177,0.21708896576598016,1.0,0.0
0.9534027446631624,0.2171098090640617,1.0,0.0
0.9585932340449954,0.21719183500127762,1.0,0.0
0.9634869171227638,0.2170327388166077,1.0,0.0
0.9685107020804966,0.216984378993779,1.0,0.0
0.9734450164608384,0.21687078928964487,1.0,0.0
0.9785506361899668,0.21666437520950588,1.0,0.0
0.9827795077738039,0.21786615332739223,1.0,0.0
0.0328456842105074,0.2203817234686034,1.0,0.0
0.03678952966207655,0.2233630320773746,1.0,0.0
0.04156548712097209,0.2208206626683541,1.0,0.0
0.04684543060011452,0.22126070742524057,1.0,0.0
0.051926914349125414,0.2212926500625816,1.0,0.0
0.05671999757039223,0.22109937730224163,1.0,0.0
0.06149433025373858,0.22111112385934192,1.0,0.0
0.06626245527328116,0.22112539152885716,1.0,0.0
0.07106309755370911,0.2210245933861261,1.0,0.0
0.07595160951571923,0.2207700746997218,1.0,0.0
0.08105915549710219,0.2206631286708135,1.0,0.0
0.08624777426751798,0.22063454851929007,1.0,0.0
0.09148458701165461,0.22100693642002808,1.0,0.0
0.09651260042190792,0.2214261574631477,1.0,0.0
0.10160409664510452,0.22166606179253512,1.0,0.0
0.1069214573549395,0.22181476676866613,1.0,0.0
0.9014808757637762,0.21975529129806334,1.0,0.0
0.906296370824189,0.2208960110089945,1.0,0.0
0.9110283542178607,0.22211992211652143,1.0,0.0
0.9160690095393264,0.22185802019907544,1.0,0.0
0.9210528738999333,0.22184821685421324,1.0,0.0
0.9259088161426667,0.22160102227676606,1.0,0.0
0.9307648679880134,0.22158270900834934,1.0,0.0
0.9356244717150515,0.22135169748396286,1.0,0.0
0.9404367758555241,0.22123170003977674,1.0,0.0
0.9455878943900855,0.22094777020219078,1.0,0.0
0.9508186935544359,0.2208740982328216,1.0,0.0
0.9561319703423724,0.22093982800700965,1.0,0.0
0.9612744056908258,0.22133612209781,1.0,0.0
0.9659491844090771,0.22098902813378923,1.0,0.0
0.9709349867007248,0.22099700097916486,1.0,0.0
0.9760809706197295,0.2205463175073288,1.0,0.0
0.9807109780844574,0.22149963762734817,1.0,0.0
0.9848575158541925,0.22316115559390767,1.0,0.0
0.032845061043289096,0.23119001746412596,1.0,0.0
0.040289707937875605,0.2257028635857309,1.0,0.0
0.044733353570890165,0.22539597200554032,1.0,0.0
0.04962993254563179,0.22561157485117322,1.0,0.0
0.05454989489833851,0.22563631283841915,1.0,0.0
0.05935894056977364,0.2255976451633166,1.0,0.0
0.06413561673448058,0.22564033377518988,1.0,0.0
0.06886162647536441,0.22559153446036306,1.0,0.0
0.07357853382410336,0.2253028987292973,1.0,0.0
0.07839030320055879,0.22478920481968478,1.0,0.0
0.08359231930934004,0.22464349824951488,1.0,0.0
0.08864683311871889,0.22472210942237514,1.0,0.0
0.09364294472448134,0.22549385973004357,1.0,0.0
0.09844419556306135,0.2258646823055514,1.0,0.0
0.10306560271610252,0.22598048546628943,1.0,0.0
0.10750090834787296,0.22648451826756283,1.0,0.0
0.9019203838582688,0.22370383270641744,1.0,0.0
0.9065306231984497,0.22532606212034167,1.0,0.0
0.9103093484263066,0.22706706257956022,1.0,0.0
0.9143762086809732,0.22617609562669064,1.0,0.0
0.9190082071244965,0.22603155903043334,1.0,0.0
0.924008419129293,0.22597687936627905,1.0,0.0
0.9285217640879758,0.22582582256478018,1.0,0.0
0.9334702852230775,0.22564702822489632,1.0,0.0
0.9380196762101249,0.22559392378566615,1.0,0.0
0.943054285162488,0.22489462766643112,1.0,0.0
0.9482281097087688,0.22468733956973838,1.0,0.0
0.9535481506848006,0.2245527658703239,1.0,0.0
0.9587604709787102,0.2249465975393295,1.0,0.0
0.9640367543437154,0.22564862619289675,1.0,0.0
0.968267562930224,0.2249383426388377,1.0,0.0
0.973849870114953,0.2244397212424455,1.0,0.0
0.9785062134368828,0.22502262461677874,1.0,0.0
0.9831716866918235,0.2265187131643298,1.0,0.0
0.9877082378969223,0.2281735301093427,1.0,0.0
0.03009478713633717,0.2280048334341988,1.0,0.0
0.030182922519867518,0.23527800261674942,1.0,0.0
0.03694225031179438,0.2291929850381441,1.0,0.0
0.04220492158094491,0.22999044010793573,1.0,0.0
0.04717983989457121,0.2298930460956726,1.0,0.0
0.052213059310540204,0.22998544773967658,1.0,0.0
0.05719074415794043,0.23004020093632524,1.0,0.0
0.062071437164855664,0.2300970705666177,1.0,0.0
0.06686958674463074,0.23018105777504663,1.0,0.0
0.07152843091180709,0.23003485767854642,1.0,0.0
0.07614098218710857,0.2294686554693095,1.0,0.0
0.080929466072556,0.22855116748694193,1.0,0.0
0.08606502102040155,0.2288066796595534,1.0,0.0
0.09057672915265051,0.22916304678095875,1.0,0.0
0.09566736389304528,0.23013835193692989,1.0,0.0
0.0999537150323929,0.23062232293204366,1.0,0.0
0.10439983577823034,0.23058700875152394,1.0,0.0
0.1118751839501034,0.2303040962199448,1.0,0.0
0.9074829522451441,0.23077204973078058,1.0,0.0
0.9124600345564369,0.23132398946324093,1.0,0.0
0.916613187609754,0.23042301643441288,1.0,0.0
0.9218250998629712,0.2298152395214557,1.0,0.0
0.9267689806328108,0.2305901209247242,1.0,0.0
0.9312623599788629,0.22963204394015313,1.0,0.0
0.9357652781545226,0.23030369373774848,1.0,0.0
0.940731057678032,0.2290863384095697,1.0,0.0
0.9456781308483421,0.2285971520365497,1.0,0.0
0.9509961442149978,0.22824123368050234,1.0,0.0
0.9560481267313801,0.2285175282390602,1.0,0.0
0.9614407427786827,0.22877316155859045,1.0,0.0
0.9670621282058122,0.2302091120430705,1.0,0.0
0.9711195920824337,0.22759333151584576,1.0,0.0
0.9760511930824908,0.22891811664706155,1.0,0.0
0.9803447216157757,0.22953501287430936,1.0,0.0
0.9849023197610016,0.23121655623149873,1.0,0.0
0.9926491459325911,0.23015898485128938,1.0,0.0
0.02562902990992641,0.23538540593791454,1.0,0.0
0.03534382141107742,0.23477421114153393,1.0,0.0
0.039803369767107855,0.23401220719892982,1.0,0.0
0.044887548359822976,0.23426966219088252,1.0,0.0
0.049902155616196785,0.23425592119120853,1.0,0.0
0.054955593198251114,0.2343363208099292,1.0,0.0
0.059987813578416066,0.23444674331901943,1.0,0.0
0.06495644799919739,0.23459139126721418,1.0,0.0
0.06982476179131206,0.23474529075447506,1.0,0.0
0.07441547626560295,0.2343819101551437,1.0,0.0
0.07911716390996733,0.2332043423997699,1.0,0.0
0.08350271219244974,0.23242316470134144,1.0,0.0
0.08782075120260242,0.23382695887501165,1.0,0.0
0.09235666862672956,0.23315338411789568,1.0,0.0
0.10344991077824633,0.23565752920390326,1.0,0.0
0.9154243270765375,0.2360169490842188,1.0,0.0
0.9193120595809936,0.23361233781801866,1.0,0.0
0.9240263783978927,0.234156582238512,1.0,0.0
0.9296449848242891,0.23530783141535144,1.0,0.0
0.9392565659083728,0.23346055098229876,1.0,0.0
0.9436510681452527,0.23296118143672284,1.0,0.0
0.9485592847791001,0.23198672663161674,1.0,0.0
0.9533238916756989,0.23239464881355457,1.0,0.0
0.9584719255207469,0.23223378304189854,1.0,0.0
0.9635455682336606,0.23249194224556408,1.0,0.0
0.02825630741234502,0.24025378822525068,1.0,0.0
0.03302086053706424,0.23939291773896143,1.0,0.0
0.037897279249281234,0.2389610201224209,1.0,0.0
0.04261136052426407,0.23854165980498424,1.0,0.0
0.04761675314412373,0.2385799831980194,1.0,0.0
0.05265206548355806,0.23858041987664458,1.0,0.0
0.0577405352089692,0.23866839353925098,1.0,0.0
0.06286019801703883,0.23883175267186815,1.0,0.0
0.06799821140935418,0.23904734593500393,1.0,0.0
0.07318408187972487,0.2392544479358504,1.0,0.0
0.07841812153224047,0.23750558329665117,1.0,0.0
0.08342561310815876,0.23676628093249344,1.0,0.0
0.9167759741428614,0.2414301822888571,1.0,0.0
0.9202622992600006,0.23775584034477035,1.0,0.0
0.026540526151247218,0.24557724331507336,1.0,0.0
0.031032746828734428,0.2442772388887227,1.0,0.0
0.035745321281101444,0.2436343997137424,1.0,0.0
0.04054727882305654,0.24324357478456876,1.0,0.0
0.04533794549559506,0.2429389005644481,1.0,0.0
0.05030445090666653,0.24287922002025097,1.0,0.0
0.0553356522705557,0.24288308442982476,1.0,0.0
0.06040916236814007,0.24299162142753306,1.0,0.0
0.06549371952720232,0.24322313664624706,1.0,0.0
0.07050522493535054,0.24353363090641683,1.0,0.0
0.07506723123906164,0.24466850884672056,1.0,0.0
0.07778286586216031,0.2414776928983935,1.0,0.0
0.08278125163152063,0.24101881209458975,1.0,0.0
0.11553685799357637,0.24395048158839083,1.0,0.0
0.028814620599506215,0.24931433499685318,1.0,0.0
0.03358522200106768,0.24842899052969558,1.0,0.0
0.038361384665838646,0.24790425652993936,1.0,0.0
0.043155902286633636,0.24755456596830386,1.0,0.0
0.04796647790713927,0.2472678041883059,1.0,0.0
0.05291754643345619,0.24716181457622777,1.0,0.0
0.0579405277916512,0.2471918648601749,1.0,0.0
0.06297883139468446,0.2473595621697526,1.0,0.0
0.06800814773931785,0.2477488223221983,1.0,0.0
0.07281492753099995,0.24859845442771203,1.0,0.0
0.07793157297812069,0.2491550961347191,1.0,0.0
0.08040923154256764,0.24539783668026507,1.0,0.0
0.11676331223340009,0.24967865144436396,1.0,0.0
0.026884154766847537,0.2538197615199919,1.0,0.0
0.031661353176697,0.2532570932930909,1.0,0.0
0.0363197118180674,0.2526369971688077,1.0,0.0
0.041009424766841704,0.2522097278300017,1.0,0.0
0.04574184168486736,0.2518802073075876,1.0,0.0
0.05050811772277123,0.25155115620315865,1.0,0.0
0.05544009820329584,0.25143749511362334,1.0,0.0
0.060424741411615426,0.2515503465339146,1.0,0.0
0.06533970886481764,0.25183709816683697,1.0,0.0
0.07017904368746594,0.25259817086302355,1.0,0.0
0.07509029296064682,0.25324156368865136,1.0,0.0
0.024887465056467453,0.2588701082011308,1.0,0.0
0.029387582014358277,0.25793029338465734,1.0,0.0
0.034171365947863894,0.2574161158929624,1.0,0.0
0.038860490370546945,0.2569438744649963,1.0,0.0
0.04352992490157349,0.2565540564345326,1.0,0.0
0.04823584556567829,0.2562154963083895,1.0,0.0
0.05293673046873078,0.2557863489726667,1.0,0.0
0.05786495392823444,0.2557360477902929,1.0,0.0
0.06273695682064534,0.2560683720201979,1.0,0.0
0.06736708442744803,0.2565465764565543,1.0,0.0
0.07233372211769835,0.25733375653592816,1.0,0.0
0.07902300444678453,0.255756280421006,1.0,0.0
0.020347265086056773,0.26125245270722897,1.0,0.0
0.02637655538227604,0.2625969618519755,1.0,0.0
0.03164769859894727,0.2619501216182579,1.0,0.0
0.0366323280521275,0.2616392341715796,1.0,0.0
0.041366756219379804,0.2612954565451362,1.0,0.0
0.04602206042077701,0.26089380088205383,1.0,0.0
0.05072221848883016,0.26054693839297305,1.0,0.0
0.05529403085052541,0.25995291349307137,1.0,0.0
0.06016756584725674,0.2601811438785919,1.0,0.0
0.06454273852387307,0.2610292647928,1.0,0.0
0.06903367608092648,0.26101962315812727,1.0,0.0
0.12093514447014012,0.26367530316735077,1.0,0.0
0.02479313016312983,0.26669755605473444,1.0,0.0
0.02975778612079106,0.2662537306930601,1.0,0.0
0.034657888807990145,0.26608889084978227,1.0,0.0
0.03946218587459969,0.2659949514735949,1.0,0.0
0.04407022305747161,0.2656761255055573,1.0,0.0
0.04868626324639271,0.2651662492492155,1.0,0.0
0.05347478267959409,0.26484650735959747,1.0,0.0
0.05770510395705132,0.26409974963471533,1.0,0.0
0.06181357246222985,0.26541626362675036,1.0,0.0
0.0664148458478771,0.2657833579166027,1.0,0.0
0.12199282476934384,0.26849833523935424,1.0,0.0
0.021892166830927113,0.2700909608258968,1.0,0.0
0.027320559863043617,0.27050205281714107,1.0,0.0
0.032351990818360474,0.27038785622978617,1.0,0.0
0.03738687786395887,0.27041411135407484,1.0,0.0
0.04230524127909238,0.2704740077629041,1.0,0.0
0.04694356586393244,0.269941979915089,1.0,0.0
0.051851429711832014,0.2690648254795099,1.0,0.0
0.05750045758213102,0.268739991785439,1.0,0.0
0.06312134619762186,0.2699964876933604,1.0,0.0
0.06774123300580331,0.2709940885725633,1.0,0.0
0.02425752831769542,0.2740249565964715,1.0,0.0
0.029615055811108446,0.27453743691403115,1.0,0.0
0.03477496376473963,0.27451072812838256,1.0,0.0
0.04002294548788517,0.27476172065961957,1.0,0.0
0.045122340227032987,0.27502889865693314,1.0,0.0
0.04959800277821411,0.27389742592026606,1.0,0.0
0.05435696280512292,0.27253042028322016,1.0,0.0
0.05989319246241622,0.2729473945813933,1.0,0.0
0.06055231710507793,0.2777248578180728,1.0,0.0
0.12341689202698411,0.27394548574367805,1.0,0.0
0.02331531865288696,0.27803321481916027,1.0,0.0
0.027445338861887488,0.2786267360406161,1.0,0.0
0.03221272043415321,0.2787704029866848,1.0,0.0
0.03712318287234736,0.27861693790700304,1.0,0.0
0.042518738812660196,0.2791454947478691,1.0,0.0
0.047571949569516984,0.2799046102364193,1.0,0.0
0.05170129351685907,0.2777110201384123,1.0,0.0
0.05621343510397555,0.2759872353357185,1.0,0.0
0.12326285771661558,0.280364601779747,1.0,0.0
0.12483638712973366,0.2784718648274419,1.0,0.0
0.023832927382830892,0.28272206805304667,1.0,0.0
0.028913752913709453,0.28296997404215624,1.0,0.0
0.03391247599886847,0.28303834759111984,1.0,0.0
0.038974640522008816,0.2824827098803417,1.0,0.0
0.04420979288401235,0.28386699590505066,1.0,0.0
0.05244186810028339,0.28275707564479236,1.0,0.0
0.12020175491135662,0.2793012713316044,1.0,0.0
0.12627234373405843,0.28263312763763343,1.0,0.0
0.019960531471073805,0.2867289115354557,1.0,0.0
0.025478947740253978,0.286935095420101,1.0,0.0
0.030400039849727455,0.2873407714711747,1.0,0.0
0.03551133047311875,0.2871474851623461,1.0,0.0
0.03963592016054349,0.28638790370147443,1.0,0.0
0.04655498273988947,0.28882551398975487,1.0,0.0
0.12605712483462478,0.2861368418756027,1.0,0.0
0.12955888036715363,0.28822344663187854,1.0,0.0
0.13604204720187701,0.28694129099035587,1.0,0.0
0.019669916933242507,0.29384284347950196,1.0,0.0
0.02258156594859376,0.29052396437756073,1.0,0.0
0.027483347111718685,0.2916517812343004,1.0,0.0
0.03324248909353885,0.2909948752768874,1.0,0.0
0.038499755496419256,0.29152552446123386,1.0,0.0
0.04257079935233806,0.28888034966296117,1.0,0.0
0.13194034617065814,0.29329734505475513,1.0,0.0
0.13418011211580455,0.2899921305653089,1.0,0.0
0.02378051851505826,0.29548143663617465,1.0,0.0
0.02767567664539913,0.2973276408468137,1.0,0.0
0.030970321446971344,0.2945235415577324,1.0,0.0
0.03586165707972198,0.29528242772674534,1.0,0.0
0.04070721564933457,0.2964111778586309,1.0,0.0
0.13128158480094082,0.2968070410819874,1.0,0.0
0.13399035049927185,0.2956014929512111,1.0,0.0
0.019403678381816884,0.29881433035128696,1.0,0.0
0.023910280101389618,0.3005681831655602,1.0,0.0
0.02875260462980894,0.3020035441168433,1.0,0.0
0.032573093648457174,0.2989032168242304,1.0,0.0
0.1354850571421274,0.2971483640199449,1.0,0.0
0.13591232247105708,0.3000556483100225,1.0,0.0
0.020267706441749682,0.3038765846183706,1.0,0.0
0.02515198613177951,0.30538086511543294,1.0,0.0
0.034019527552206774,0.3030977634974905,1.0,0.0
0.13545631931685484,0.30372590055176785,1.0,0.0
0.021334581907417063,0.30852417045267055,1.0,0.0
0.02752314769036121,0.309331693202725,1.0,0.0
0.13257961436439808,0.30857059304419987,1.0,0.0
0.1361689168399459,0.30625063551438697,1.0,0.0
0.13504193604088366,0.3145982148385662,1.0,0.0
0.13806198426099367,0.31867948789716,1.0,0.0
