x,y,region,boundary_flag
0.0246499751885899,0.3122048657044963,1.0,1.0
0.0306076755162635,0.3062471653768228,1.0,1.0
0.0376485940853322,0.2997478559284517,1.0,1.0
0.0436062944130057,0.2932485464800806,1.0,1.0
0.0490223856199815,0.2851244096696168,1.0,1.0
0.0560633041890503,0.2802499275833384,1.0,1.0
0.0647290501202118,0.27537544549706,1.0,1.0
0.0706867504478853,0.2667096995658986,1.0,1.0
0.0718628379877553,0.2638206996805726,1.0,1.0
0.0753933270708211,0.2613600557741934,1.0,1.0
0.077319048388857,0.2585784583148082,1.0,1.0
0.080742552138027,0.2529082788783692,1.0,1.0
0.0837381186327495,0.2490568362422975,1.0,1.0
0.0854498709154481,0.2452053936062257,1.0,1.0
0.0878035303041586,0.2426377651821779,1.0,1.0
0.0880174993394959,0.2388933070637748,1.0,1.0
0.0916549729402304,0.2375025083340821,1.0,1.0
0.0962553071999828,0.2355767870160463,1.0,1.0
0.1008556414597352,0.2351488489453717,1.0,1.0
0.1063118518608368,0.2362186941220582,1.0,1.0
0.1080236041435354,0.2326882050389924,1.0,1.0
0.1109121861205892,0.2294786695089326,1.0,1.0
0.1139077526153117,0.2320462979329805,1.0,1.0
0.1166893500746969,0.2346139263570283,1.0,1.0
0.1158334739333476,0.240391090311136,1.0,1.0
0.1152985513450043,0.2468101613712556,1.0,1.0
0.1178661797690522,0.2518384337016827,1.0,1.0
0.1189360249457388,0.256759721514441,1.0,1.0
0.1191499939810761,0.2623229164332114,1.0,1.0
0.1226804830641419,0.2649975293749279,1.0,1.0
0.1215036533697866,0.2709886623643728,1.0,1.0
0.1250341424528524,0.2764448727654745,1.0,1.0
0.1246062043821778,0.2808312379898896,1.0,1.0
0.114442675203655,0.2773007489068238,1.0,1.0
0.1126239384032878,0.2798683773308716,1.0,1.0
0.1175452262160462,0.2815801296135702,1.0,1.0
0.1235363592054911,0.2842547425552867,1.0,1.0
0.1236433437231598,0.2877852316383525,1.0,1.0
0.1259970031118703,0.2898179374740571,1.0,1.0
0.1280297089475749,0.291101751686081,1.0,1.0
0.1286716160535868,0.2927065194511109,1.0,1.0
0.1280297089475749,0.2957020859458333,1.0,1.0
0.1272808173238943,0.2974138382285319,1.0,1.0
0.1290995541242615,0.2991255905112305,1.0,1.0
0.131453213512972,0.3004094047232544,1.0,1.0
0.1323090896543213,0.3012652808646037,1.0,1.0
0.13241607417199,0.3038329092886516,1.0,1.0
0.131774167065978,0.3066145067480367,1.0,1.0
0.1332719503133392,0.3102519803487712,1.0,1.0
0.1344487800076945,0.3129265932904876,1.0,1.0
0.1356256097020498,0.3162431133382161,1.0,1.0
0.1393700678204529,0.3199875714566192,1.0,1.0
0.1387281607144409,0.3160291443028789,1.0,1.0
0.1379792690907603,0.3130335778081562,1.0,1.0
0.1372303774670797,0.3113218255254578,1.0,1.0
0.1384072071614349,0.3098240422780965,1.0,1.0
0.1393700678204529,0.3076843519247234,1.0,1.0
0.1396910213734589,0.3054376770536814,1.0,1.0
0.1392630833027842,0.3027630641119649,1.0,1.0
0.1390491142674469,0.3004094047232544,1.0,1.0
0.1393700678204529,0.2971998691931946,1.0,1.0
0.1390491142674469,0.2948462098044841,1.0,1.0
0.1376583155377543,0.2922785813804363,1.0,1.0
0.1358395787373871,0.291422705239087,1.0,1.0
0.1327370277249959,0.2887480922973705,1.0,1.0
0.1350906871137065,0.2881061851913584,1.0,1.0
0.1373373619847483,0.2882131697090271,1.0,1.0
0.136802439396405,0.2870363400146719,1.0,1.0
0.1342348109723572,0.2867153864616659,1.0,1.0
0.1323090896543213,0.2865014174263285,1.0,1.0
0.1308113064069601,0.2866084019439973,1.0,1.0
0.1304903528539541,0.285110618696636,1.0,1.0
0.1299554302656108,0.2832918818962688,1.0,1.0
0.1299554302656108,0.2816871141312388,1.0,1.0
0.1299554302656108,0.2795474237778657,1.0,1.0
0.1300624147832794,0.2771937643891551,1.0,1.0
0.1299554302656108,0.274733120482776,1.0,1.0
0.1290995541242615,0.2721654920587281,1.0,1.0
0.1265319257002136,0.2708816778467042,1.0,1.0
0.1252481114881897,0.2691699255640056,1.0,1.0
0.1256760495588643,0.2666022971399577,1.0,1.0
0.1251411269705211,0.2641416532335786,1.0,1.0
0.1234293746878225,0.2614670402918621,1.0,1.0
0.1222525449934672,0.2597552880091635,1.0,1.0
0.1208617462637746,0.258043535726465,1.0,1.0
0.1200058701224253,0.2562247989260977,1.0,1.0
0.1209687307814432,0.2547270156787365,1.0,1.0
0.1211826998167806,0.2522663717723573,1.0,1.0
0.1202198391577627,0.2491638207599662,1.0,1.0
0.1181871333220581,0.2467031768535869,1.0,1.0
0.1179731642867208,0.2439215793942018,1.0,1.0
0.1179731642867208,0.2411399819348166,1.0,1.0
0.1179731642867208,0.2386793380284374,1.0,1.0
0.1179731642867208,0.2356837715337149,1.0,1.0
0.1166893500746969,0.2327951895566611,1.0,1.0
0.1156195048980103,0.2307624837209566,1.0,1.0
0.113479814544637,0.2279808862615714,1.0,1.0
0.1124099693679505,0.2259481804258669,1.0,1.0
0.1123029848502818,0.2232735674841503,1.0,1.0
0.1120890158149445,0.2199570474364219,1.0,1.0
0.1123029848502818,0.2178173570830487,1.0,1.0
0.115405535862673,0.2163195738356874,1.0,1.0
0.1180801488043895,0.2148217905883261,1.0,1.0
0.120754761746106,0.2138589299293082,1.0,1.0
0.1239642972761658,0.2122541621642783,1.0,1.0
0.1263179566648763,0.2107563789169171,1.0,1.0
0.1292065386419301,0.2099005027755678,1.0,1.0
0.1328440122426646,0.2084027195282065,1.0,1.0
0.1333789348310079,0.2058350911041587,1.0,1.0
0.1350906871137065,0.2021976175034243,1.0,1.0
0.1373373619847483,0.2003788807030571,1.0,1.0
0.1396910213734589,0.1988810974556958,1.0,1.0
0.1417237272091634,0.1971693451729972,1.0,1.0
0.1449332627392232,0.1954575928902987,1.0,1.0
0.1480358137516143,0.1942807631959434,1.0,1.0
0.1506676335392451,0.1951366393372927,1.0,1.0
0.1547330452106542,0.1960994999963106,1.0,1.0
0.1582635342937199,0.1962064845139793,1.0,1.0
0.162007992412123,0.194708701266618,1.0,1.0
0.1658594350481947,0.1927829799485821,1.0,1.0
0.1685340479899113,0.1917131347718956,1.0,1.0
0.1721715215906458,0.1895734444185223,1.0,1.0
0.1754880416383742,0.1887175682771731,1.0,1.0
0.1794464687921147,0.1876477231004865,1.0,1.0
0.1844747411225416,0.1868988314768059,1.0,1.0
0.1896099979706374,0.1860429553354566,1.0,1.0
0.1933544560890405,0.1855080327471133,1.0,1.0
0.1977408213134556,0.1851870791941073,1.0,1.0
0.2027690936438826,0.1850800946764386,1.0,1.0
0.208011335009647,0.184652156605764,1.0,1.0
0.2125046847517307,0.1855080327471133,1.0,1.0
0.2171692071101576,0.1867918469591372,1.0,1.0
0.221448587816904,0.1874337540651491,1.0,1.0
0.2260489220766564,0.1871128005121432,1.0,1.0
0.2323610086191073,0.1866848624414685,1.0,1.0
0.2372822964318657,0.1871128005121432,1.0,1.0
0.2431664449036421,0.1874337540651491,1.0,1.0
0.2485156707870751,0.1886105837595044,1.0,1.0
0.2526880669761528,0.1882896302064985,1.0,1.0
0.2563897417351953,0.189038521830179,1.0,1.0
0.2609900759949476,0.189680428936191,1.0,1.0
0.2658043792900373,0.1895734444185223,1.0,1.0
0.2696558219261091,0.1882896302064985,1.0,1.0
0.2736142490798496,0.1879686766534924,1.0,1.0
0.2776796607512586,0.1865778779237999,1.0,1.0
0.2802472891753065,0.1852940637117759,1.0,1.0
0.283563809223035,0.1835823114290774,1.0,1.0
0.2870942983061008,0.1818705591463788,1.0,1.0
0.2903038338361606,0.1801588068636802,1.0,1.0
0.2924435241895338,0.1788749926516563,1.0,1.0
0.2955460752019249,0.1771632403689578,1.0,1.0
0.2988625952496534,0.1752375190509219,1.0,1.0
0.3029280069210625,0.173953704838898,1.0,1.0
0.3067794495571342,0.1724559215915367,1.0,1.0
0.310630892193206,0.1709581383441755,1.0,1.0
0.3146963038646151,0.1698882931674888,1.0,1.0
0.3186975274373497,0.1672136802257723,1.0,1.0
0.3215861094144036,0.1645390672840558,1.0,1.0
0.325544536568144,0.1626133459660199,1.0,1.0
0.3276842269215171,0.1606876246479841,1.0,1.0
0.3335683753932935,0.1609015936833214,1.0,1.0
0.3378477561000398,0.1607946091656527,1.0,1.0
0.3434109510188102,0.1601527020596408,1.0,1.0
0.3489741459375806,0.1600457175419721,1.0,1.0
0.3527186040559836,0.1620784233776767,1.0,1.0
0.3543233718210136,0.1637901756603752,1.0,1.0
0.3563560776567182,0.1600457175419721,1.0,1.0
0.3599935512574526,0.1607946091656527,1.0,1.0
0.3625611796815004,0.1612225472363274,1.0,1.0
0.3655567461762229,0.1601527020596408,1.0,1.0
0.3686592971886139,0.1580130117062676,1.0,1.0
0.3720828017540112,0.155980305870563,1.0,1.0
0.3766831360137636,0.155659352317557,1.0,1.0
0.3798926715438234,0.156301259423569,1.0,1.0
0.3827812535208772,0.1581199962239363,1.0,1.0
0.3857768200155997,0.1597247639889661,1.0,1.0
0.3874885722982982,0.1609015936833214,1.0,1.0
0.390826484025707,0.1609015936833214,1.0,1.0
0.3945709421441102,0.1604736556126467,1.0,1.0
0.3976734931565013,0.1587619033299482,1.0,1.0
0.4013109667572357,0.1573711046002556,1.0,1.0
0.4058043164993195,0.1554453832822197,1.0,1.0
0.407516068782018,0.1546964916585391,1.0,1.0
0.4105116352767405,0.1583339652592736,1.0,1.0
0.4077300378173554,0.1664647886020918,1.0,1.0
0.4132932327361257,0.1681765408847903,1.0,1.0
0.4006690596512238,0.1724559215915367,1.0,1.0
0.4093348055823853,0.1745956119449099,1.0,1.0
0.4110465578650839,0.172348937073868,1.0,1.0
0.4147910159834869,0.1744886274272412,1.0,1.0
0.4170376908545288,0.1743816429095726,1.0,1.0
0.4181075360312154,0.1718140144855248,1.0,1.0
0.4205681799375946,0.172027983520862,1.0,1.0
0.4246335916090037,0.1732048132152173,1.0,1.0
0.4268802664800455,0.1744886274272412,1.0,1.0
0.4281640806920695,0.1722419525561994,1.0,1.0
0.4303037710454427,0.1710651228618441,1.0,1.0
0.4324434613988159,0.1693533705791456,1.0,1.0
0.4336202910931712,0.1688184479908022,1.0,1.0
0.4356316052491954,0.1695673396144829,1.0,1.0
0.4402319395089478,0.1706371847911695,1.0,1.0
0.4451532273217061,0.1714930609325188,1.0,1.0
0.4486837164047719,0.171707029967856,1.0,1.0
0.4521072209701691,0.1697813086498202,1.0,1.0
0.4555307255355662,0.1681765408847903,1.0,1.0
0.4595961372069753,0.1683905099201276,1.0,1.0
0.4613078894896739,0.1689254325084709,1.0,1.0
0.462805672737035,0.1668927266727663,1.0,1.0
0.4653733011610829,0.1647530363193931,1.0,1.0
0.4689037902441487,0.1644320827663872,1.0,1.0
0.4731831709508951,0.1637901756603752,1.0,1.0
0.4783184277989908,0.1626133459660199,1.0,1.0
0.4789603349050028,0.1605806401303154,1.0,1.0
0.4811856180963643,0.1600457175419721,1.0,1.0
0.4846091226617615,0.1586549188122795,1.0,1.0
0.4883535807801645,0.1581199962239363,1.0,1.0
0.491991054380899,0.1567291974942437,1.0,1.0
0.4952005899109588,0.1558733213528944,1.0,1.0
0.4981961564056813,0.1540545845525271,1.0,1.0
0.5009777538650665,0.1534126774465152,1.0,1.0
0.5035453822891143,0.1536266464818525,1.0,1.0
0.5057920571601562,0.1522358477521599,1.0,1.0
0.5078247629958608,0.150952033540136,1.0,1.0
0.5109273140082519,0.1510590180578047,1.0,1.0
0.5138158959853057,0.150952033540136,1.0,1.0
0.5157416173033416,0.1510590180578047,1.0,1.0
0.5172394005507028,0.1537336309995211,1.0,1.0
0.5206629051161,0.155980305870563,1.0,1.0
0.5240864096814971,0.1584409497769422,1.0,1.0
0.5287937023396512,0.1585479342946109,1.0,1.0
0.5332870520817349,0.1586549188122795,1.0,1.0
0.5377804018238186,0.1599387330243035,1.0,1.0
0.5414178754245531,0.1609015936833214,1.0,1.0
0.5458042406489682,0.162292392413014,1.0,1.0
0.5492277452143652,0.162292392413014,1.0,1.0
0.553721094956449,0.1610085782009901,1.0,1.0
0.5594982589105566,0.1596177794712975,1.0,1.0
0.5652754228646643,0.1583339652592736,1.0,1.0
0.5703036951950914,0.1572641200825869,1.0,1.0
0.5745830759018378,0.156301259423569,1.0,1.0
0.5800392863029394,0.1545895071408705,1.0,1.0
0.5839977134566798,0.1537336309995211,1.0,1.0
0.5876351870574142,0.1517009251638166,1.0,1.0
0.5902028154814621,0.150952033540136,1.0,1.0
0.5949101342588833,0.1513799716108106,1.0,1.0
0.5976917317182683,0.1513799716108106,1.0,1.0
0.5992323505635242,0.1497752038457807,1.0,1.0
0.6005161647755481,0.1483844051160881,1.0,1.0
0.6024418860935841,0.1463516992803836,1.0,1.0
0.6060793596943185,0.1473145599394015,1.0,1.0
0.6111076320247455,0.1468866218687269,1.0,1.0
0.615066059178486,0.1461377302450463,1.0,1.0
0.6203083005442503,0.144960900550691,1.0,1.0
0.6245876812509968,0.1445329624800164,1.0,1.0
0.6274762632280505,0.1478494825277449,1.0,1.0
0.6294019845460865,0.1500961573987867,1.0,1.0
0.6333604116998269,0.1511660025754733,1.0,1.0
0.6365699472298867,0.1521288632344913,1.0,1.0
0.6395655137246092,0.1511660025754733,1.0,1.0
0.642133142148657,0.1508450490224673,1.0,1.0
0.6459845847847289,0.151593940646148,1.0,1.0
0.6490871357971201,0.1527707703405032,1.0,1.0
0.6522966713271797,0.1539476000348585,1.0,1.0
0.6548642997512276,0.1546964916585391,1.0,1.0
0.6565760520339262,0.1574780891179243,1.0,1.0
0.658180819798956,0.1597247639889661,1.0,1.0
0.660427494669998,0.1604736556126467,1.0,1.0
0.6655627515180936,0.1586549188122795,1.0,1.0
0.6697351477071714,0.1576920581532616,1.0,1.0
0.672602311885278,0.1583339652592736,1.0,1.0
0.6743140641679765,0.1596177794712975,1.0,1.0
0.6769886771096929,0.1590828568829542,1.0,1.0
0.6790213829453976,0.1581199962239363,1.0,1.0
0.683942670758156,0.1603666710949781,1.0,1.0
0.689291896641589,0.1617574698246707,1.0,1.0
0.6950690605956965,0.1600457175419721,1.0,1.0
0.6998833638907862,0.1617574698246707,1.0,1.0
0.7042697291152014,0.1643250982487185,1.0,1.0
0.7081211717512731,0.167641618296447,1.0,1.0
0.7122935679403509,0.1701022622028261,1.0,1.0
0.7174288247884466,0.1724559215915367,1.0,1.0
0.7221147257669202,0.173311797732886,1.0,1.0
0.7277849052033593,0.1744886274272412,1.0,1.0
0.7332411156044609,0.1747025964625786,1.0,1.0
0.7389112950408999,0.173311797732886,1.0,1.0
0.743297660265315,0.173311797732886,1.0,1.0
0.7457583041716942,0.1744886274272412,1.0,1.0
0.7508935610197899,0.1745956119449099,1.0,1.0
0.7567777094915661,0.1748095809802472,1.0,1.0
0.7625548734456739,0.1754514880862592,1.0,1.0
0.7658713934934023,0.1767353022982831,1.0,1.0
0.7702577587178174,0.1782330855456443,1.0,1.0
0.7748580929775697,0.1797308687930056,1.0,1.0
0.7777466749546236,0.1810146830050295,1.0,1.0
0.780100334343334,0.1839032649820834,1.0,1.0
0.7827749472850506,0.1833683423937401,1.0,1.0
0.7868403589564598,0.1834753269114087,1.0,1.0
0.7878032196154776,0.1854010482294446,1.0,1.0
0.7904778325571942,0.1885035992418358,1.0,1.0
0.7941153061579286,0.1895734444185223,1.0,1.0
0.7975388107233258,0.190001382489197,1.0,1.0
0.7995073676392562,0.1888245527948417,1.0,1.0
0.8010051508866175,0.1870058159944745,1.0,1.0
0.8048565935226893,0.1887175682771731,1.0,1.0
0.8078521600174118,0.1908572586305463,1.0,1.0
0.8097778813354477,0.1918201192895642,1.0,1.0
0.8132013859008449,0.1911782121835522,1.0,1.0
0.8142070299192233,0.1937458406076001,1.0,1.0
0.8160257667195906,0.1971693451729972,1.0,1.0
0.817844503519958,0.1979182367966779,1.0,1.0
0.8220168997090356,0.1964204535493166,1.0,1.0
0.8262962804157821,0.1965274380669853,1.0,1.0
0.8291848623928358,0.1971693451729972,1.0,1.0
0.8322874134052269,0.1970623606553286,1.0,1.0
0.8339991656879255,0.19535060837263,1.0,1.0
0.8356039334529555,0.1939598096429374,1.0,1.0
0.8377436238063286,0.1921410728425702,1.0,1.0
0.8402042677127078,0.1912851967012209,1.0,1.0
0.842343958066081,0.1935318715722628,1.0,1.0
0.8442696793841169,0.1964204535493166,1.0,1.0
0.8452325400431349,0.1978112522790092,1.0,1.0
0.8491481838375146,0.1985601439026898,1.0,1.0
0.8532135955089237,0.1987741129380272,1.0,1.0
0.8581348833216821,0.1992020510087018,1.0,1.0
0.8602745736750553,0.1994160200440391,1.0,1.0
0.8634626914061678,0.2017696794327496,1.0,1.0
0.8684909637365948,0.2047652459274721,1.0,1.0
0.8727703444433412,0.2079747814575319,1.0,1.0
0.8774776632207623,0.2109703479522544,1.0,1.0
0.8804732297154847,0.2127890847526216,1.0,1.0
0.8837897497632132,0.2155706822120068,1.0,1.0
0.8847526104222312,0.2178173570830487,1.0,1.0
0.8911716814823508,0.218031326118386,1.0,1.0
0.8969488454364585,0.2208129235777712,1.0,1.0
0.8972697989894644,0.2244503971785056,1.0,1.0
0.8979117060954764,0.2278739017439027,1.0,1.0
0.900971473748507,0.228408824332246,1.0,1.0
0.9033251331372174,0.2286227933675834,1.0,1.0
0.90311116410188,0.2345069418393597,1.0,1.0
0.9064276841496084,0.2348278953923656,1.0,1.0
0.911028018409361,0.2353628179807089,1.0,1.0
0.9135956468334088,0.240712043864142,1.0,1.0
0.9202286869288656,0.2422098271115032,1.0,1.0
0.924829021188618,0.2388933070637748,1.0,1.0
0.928038556718678,0.2367536167104015,1.0,1.0
0.9312480922487376,0.2338650347333477,1.0,1.0
0.9344362099798502,0.2352558334630403,1.0,1.0
0.9368968538862292,0.2373955238164135,1.0,1.0
0.9412832191106444,0.2380374309224255,1.0,1.0
0.9456695843350597,0.2365396476750642,1.0,1.0
0.948986104382788,0.2362186941220582,1.0,1.0
0.9530515160541972,0.2367536167104015,1.0,1.0
0.9567959741726002,0.2363256786397269,1.0,1.0
0.9607544013263408,0.2366466321927328,1.0,1.0
0.9640709213740692,0.2370745702634075,1.0,1.0
0.9676014104571348,0.2357907560513836,1.0,1.0
0.9701690388811828,0.2351488489453717,1.0,1.0
0.9720947601992188,0.2314043908269685,1.0,1.0
0.9751973112116096,0.233758050215679,1.0,1.0
0.9778719241533262,0.2341859882863537,1.0,1.0
0.980439552577374,0.2338650347333477,1.0,1.0
0.9838630571427712,0.2354698024983776,1.0,1.0
0.9888485983523716,0.233758050215679,1.0,1.0
0.9925930564707748,0.2327951895566611,1.0,1.0
0.9927000409884432,0.2277669172262341,1.0,1.0
0.9945187777888106,0.2231665829664816,1.0,1.0
0.9903463815997328,0.2245573816961742,1.0,1.0
0.9882066912463596,0.2215618152014518,1.0,1.0
0.9866019234813298,0.218031326118386,1.0,1.0
0.9883136757640284,0.2122541621642783,1.0,1.0
0.9856390628223118,0.2094725647048932,1.0,1.0
0.9878857376933536,0.206370013692502,1.0,1.0
0.9851041402339684,0.2046582614098035,1.0,1.0
0.9855320783046432,0.2021976175034243,1.0,1.0
0.9869228770343358,0.1992020510087018,1.0,1.0
0.9818946047039088,0.2005928497383943,1.0,1.0
0.9778291930324996,0.1918201192895642,1.0,1.0
0.973335843290416,0.1925690109132448,1.0,1.0
0.9691634471013382,0.1925690109132448,1.0,1.0
0.9664888341596216,0.190322336042203,1.0,1.0
0.9634932676648992,0.190001382489197,1.0,1.0
0.9604977011701769,0.190001382489197,1.0,1.0
0.9571811811224482,0.1901083670068657,1.0,1.0
0.9527948158980332,0.1901083670068657,1.0,1.0
0.9529018004157016,0.1876477231004865,1.0,1.0
0.9526878313803644,0.1842242185350894,1.0,1.0
0.9481944816382808,0.184331203052758,1.0,1.0
0.9448779615905524,0.1826194507700594,1.0,1.0
0.9429522402725165,0.1804797604166862,1.0,1.0
0.9454128841788956,0.179302930722331,1.0,1.0
0.9455198686965642,0.1769492713336204,1.0,1.0
0.9454128841788956,0.1741676738742353,1.0,1.0
0.9425243022018418,0.1758794261569338,1.0,1.0
0.9400636582954623,0.1767353022982831,1.0,1.0
0.9374960298714148,0.1767353022982831,1.0,1.0
0.9343934788590236,0.1748095809802472,1.0,1.0
0.9320398194703132,0.173632751285892,1.0,1.0
0.928937268457922,0.1722419525561994,1.0,1.0
0.9267975781045488,0.1697813086498202,1.0,1.0
0.9245509032335067,0.168283525402459,1.0,1.0
0.921020414150441,0.1681765408847903,1.0,1.0
0.9183885323295512,0.1677486028141157,1.0,1.0
0.9145370896934796,0.167320664743441,1.0,1.0
0.9137881980697988,0.1645390672840558,1.0,1.0
0.9122904148224374,0.1609015936833214,1.0,1.0
0.9092948483277152,0.1575850736355929,1.0,1.0
0.905871343762318,0.1561942749059004,1.0,1.0
0.9015919630555717,0.1557663368352257,1.0,1.0
0.8978475049371685,0.1564082439412377,1.0,1.0
0.893568124230422,0.1564082439412377,1.0,1.0
0.8913214493593802,0.1536266464818525,1.0,1.0
0.8908935112887055,0.1502031419164554,1.0,1.0
0.8899306506296876,0.1482774205984195,1.0,1.0
0.8867211150996277,0.1481704360807508,1.0,1.0
0.8850093628169292,0.1459237612097089,1.0,1.0
0.8830836414988933,0.1435701018209984,1.0,1.0
0.8809439511455202,0.1400396127379327,1.0,1.0
0.8786972762744782,0.1372580152785475,1.0,1.0
0.8749528181560751,0.1377929378668908,1.0,1.0
0.8717432826260153,0.1380069069022281,1.0,1.0
0.8690686696842987,0.1387557985259087,1.0,1.0
0.8660731031895762,0.1369370617255415,1.0,1.0
0.8644683354245465,0.134262448783825,1.0,1.0
0.8627565831418479,0.1306249751830905,1.0,1.0
0.860509908270806,0.128913222900392,1.0,1.0
0.8561235430463908,0.12827131579438,1.0,1.0
0.8533419455870057,0.1296621145240726,1.0,1.0
0.8507957349619052,0.12827131579438,1.0,1.0
0.8482281065378574,0.1270944861000247,1.0,1.0
0.8469442923258335,0.1233500279816216,1.0,1.0
0.8430928496897617,0.1221731982872664,1.0,1.0
0.8384925154300092,0.1221731982872664,1.0,1.0
0.8361388560412987,0.1214243066635858,1.0,1.0
0.8342131347232629,0.1185357246865319,1.0,1.0
0.8321804288875583,0.1161820652978214,1.0,1.0
0.8293988314281733,0.1150052356034661,1.0,1.0
0.8258683423451073,0.1134004678384362,1.0,1.0
0.8230867448857222,0.1116887155557376,1.0,1.0
0.820626100979343,0.111260777485063,1.0,1.0
0.8147419525075668,0.1124376071794183,1.0,1.0
0.8099276492124771,0.1131864988030989,1.0,1.0
0.8058622375410679,0.1129725297677616,1.0,1.0
0.802973655564014,0.111260777485063,1.0,1.0
0.7999780890692917,0.1090141026140212,1.0,1.0
0.7973034761275751,0.1064464741899733,1.0,1.0
0.7936660025268406,0.1044137683542687,1.0,1.0
0.7904564669967808,0.1018461399302209,1.0,1.0
0.7869259779137151,0.0992785115061731,1.0,1.0
0.7838234269013239,0.0964969140467879,1.0,1.0
0.7792230926415715,0.0937153165874028,1.0,1.0
0.774943711934825,0.0931803939990594,1.0,1.0
0.7726970370637832,0.0921105488223728,1.0,1.0
0.7698084550867293,0.089542920398325,1.0,1.0
0.7678827337686935,0.0859054467975905,1.0,1.0
0.7668128885920069,0.0821609886791874,1.0,1.0
0.7629614459559351,0.0819470196438501,1.0,1.0
0.7578261891078394,0.0816260660908441,1.0,1.0
0.7561144368251409,0.0779885924901097,1.0,1.0
0.7544026845424423,0.0749930259953872,1.0,1.0
0.7522629941890692,0.0710345988416468,1.0,1.0
0.7505512419063706,0.0683599858999303,1.0,1.0
0.7484115515529974,0.0655783884405451,1.0,1.0
0.7460578921642869,0.0640806051931838,1.0,1.0
0.7454159850582749,0.06119202321613,1.0,1.0
0.7447740779522629,0.0580894722037389,1.0,1.0
0.7420352638522384,0.056484704438709,1.0,1.0
0.73711397603948,0.0550939057090164,1.0,1.0
0.731443796603041,0.0541310450499984,1.0,1.0
0.7238478958485662,0.0525262772849686,1.0,1.0
0.7186056544828018,0.0516704011436192,1.0,1.0
0.709725939516303,0.0517773856612879,1.0,1.0
0.7025579768325028,0.0514564321082819,1.0,1.0
0.6960319212547145,0.0518843701789566,1.0,1.0
0.6903617418182755,0.0519913546966252,1.0,1.0
0.6850125159348425,0.0522053237319625,1.0,1.0
0.6818029804047826,0.0507075404846013,1.0,1.0
0.6781655068040482,0.0492097572372401,1.0,1.0
0.674100095132639,0.0476049894722101,1.0,1.0
0.670355637014236,0.0482468965782221,1.0,1.0
0.6667181634135015,0.0487818191665654,1.0,1.0
0.6664399932198563,0.0458932371895116,1.0,1.0
0.6660120551491816,0.0425767171417831,1.0,1.0
0.6632304576897965,0.0402230577530726,1.0,1.0
0.6592720305360561,0.038511305470374,1.0,1.0
0.6547786807939723,0.0380833673996994,1.0,1.0
0.6522110523699244,0.0373344757760188,1.0,1.0
0.6519970833345871,0.0329481105516037,1.0,1.0
0.6475037335925033,0.032841126033935,1.0,1.0
0.6441872135447748,0.0325201724809291,1.0,1.0
0.641619585120727,0.0317712808572485,1.0,1.0
0.6380890960376613,0.0367995531876755,1.0,1.0
0.6355214676136134,0.0419348100357712,1.0,1.0
0.6319909785305476,0.0483538810958908,1.0,1.0
0.6352005140606074,0.0492097572372401,1.0,1.0
0.6400148173556972,0.0485678501312281,1.0,1.0
0.6433313374034256,0.0479259430252161,1.0,1.0
0.6455780122744674,0.0496376953079147,1.0,1.0
0.6475037335925033,0.0508145250022699,1.0,1.0
0.6500713620165512,0.0522053237319625,1.0,1.0
0.6541367736879603,0.0509215095199386,1.0,1.0
0.6542437582056291,0.0556288282973597,1.0,1.0
0.6537088356172857,0.0595872554511001,1.0,1.0
0.6582021853593695,0.0610850386984613,1.0,1.0
0.6633374422074652,0.0626898064634912,1.0,1.0
0.666161823026211,0.0653644194052078,1.0,1.0
0.6688364359679274,0.0676110942762496,1.0,1.0
0.6700132656622827,0.0688949084882736,1.0,1.0
0.6657338849555362,0.0727463511243453,1.0,1.0
0.661133550695784,0.0772397008664291,1.0,1.0
0.6563192474006943,0.0783095460431157,1.0,1.0
0.6523608202469537,0.078523515078453,1.0,1.0
0.6473325479165267,0.0795933602551396,1.0,1.0
0.6415553839624191,0.0808771744671635,1.0,1.0
0.6374899722910099,0.0808771744671635,1.0,1.0
0.6296373191418372,0.0790584376667963,1.0,1.0
0.6194737899633144,0.0765977937604171,1.0,1.0
0.6113429666204963,0.0745650879247126,1.0,1.0
0.6050308800780453,0.0736022272656946,1.0,1.0
0.5969000567352271,0.072853335642014,1.0,1.0
0.5893041559807521,0.072532382089008,1.0,1.0
0.5837409610619818,0.0713555523946527,1.0,1.0
0.5891971714630835,0.0690018930059422,1.0,1.0
0.5940114747581733,0.0672901407232437,1.0,1.0
0.5976489483589077,0.0658993419935511,1.0,1.0
0.6013934064773109,0.0647225122991958,1.0,1.0
0.6043889729720332,0.0623688529104853,1.0,1.0
0.6055658026663886,0.0603361470747807,1.0,1.0
0.6089893072317857,0.0590523328627568,1.0,1.0
0.6126267808325201,0.0569126425093836,1.0,1.0
0.6146594866682246,0.0560567663680343,1.0,1.0
0.620222681586995,0.0530611998733118,1.0,1.0
0.619259820927977,0.0467491133308609,1.0,1.0
0.6171201305746039,0.0413998874474279,1.0,1.0
0.61583631636258,0.0374414602936874,1.0,1.0
0.6136966260092067,0.034124940245959,1.0,1.0
0.6107010595144843,0.0310223892335678,1.0,1.0
0.6084543846434424,0.0286687298448573,1.0,1.0
0.6052448491133826,0.0256731633501348,1.0,1.0
0.6000026077476183,0.022142674267069,1.0,1.0
0.5947603663818539,0.0198959993960271,1.0,1.0
0.5876993882157223,0.0200029839136958,1.0,1.0
0.581173332637934,0.0215007671610571,1.0,1.0
0.575182199648489,0.0241753801027736,1.0,1.0
0.570153927318062,0.0262080859384781,1.0,1.0
0.5663024846819902,0.0274919001505021,1.0,1.0
0.564483747881623,0.0286687298448573,1.0,1.0
0.5653396240229723,0.0364785996346695,1.0,1.0
0.5605039551674692,0.0408649648590846,1.0,1.0
0.5559036209077168,0.0415068719650965,1.0,1.0
0.5500194724359406,0.0427906861771204,1.0,1.0
0.543600401375821,0.0440745003891444,1.0,1.0
0.5388930825983999,0.044823392012825,1.0,1.0
0.5357905315860088,0.0453583146011683,1.0,1.0
0.5311901973262564,0.0432186242477951,1.0,1.0
0.52639725959158,0.0446094229774877,1.0,1.0
0.5205131111198037,0.0465351442955235,1.0,1.0
0.5161267458953885,0.0479259430252161,1.0,1.0
0.5119543497063108,0.0492097572372401,1.0,1.0
0.5083168761055764,0.0461072062248489,1.0,1.0
0.5064981393052091,0.0427906861771204,1.0,1.0
0.5058562321991972,0.0386182899880427,1.0,1.0
0.5015768514924508,0.0373344757760188,1.0,1.0
0.4960136565736803,0.0364785996346695,1.0,1.0
0.4918412603846026,0.0363716151170009,1.0,1.0
0.487026957089513,0.038511305470374,1.0,1.0
0.4825978085057373,0.0376554293290248,1.0,1.0
0.4782114432813221,0.0365855841523381,1.0,1.0
0.4742530161275817,0.0384043209527054,1.0,1.0
0.4705085580091786,0.0399021042000666,1.0,1.0
0.4664431463377695,0.0410789338944219,1.0,1.0
0.4617358275603485,0.0423627481064458,1.0,1.0
0.4573494623359334,0.044502438459819,1.0,1.0
0.4518932519348317,0.0446094229774877,1.0,1.0
0.4439763976273509,0.0434325932831324,1.0,1.0
0.4392690788499298,0.0451443455658309,1.0,1.0
0.4347757291078461,0.0464281597778549,1.0,1.0
0.4312452400247803,0.0476049894722101,1.0,1.0
0.4262169676943533,0.0493167417549088,1.0,1.0
0.4230074321642935,0.050493571449264,1.0,1.0
0.4195839275988963,0.0522053237319625,1.0,1.0
0.4164813765865052,0.0550939057090164,1.0,1.0
0.4157324849628246,0.0584104257567449,1.0,1.0
0.4135927946094513,0.0622618683928166,1.0,1.0
0.4118810423267528,0.0625828219458226,1.0,1.0
0.4098483364910482,0.0664342645818944,1.0,1.0
0.4082435687260184,0.0696438001119542,1.0,1.0
0.4038572035016032,0.0715695214299901,1.0,1.0
0.3956193956411164,0.0756349331013992,1.0,1.0
0.3894998864543225,0.0777746234547724,1.0,1.0
0.3840436760532208,0.0783095460431157,1.0,1.0
0.3793363572757998,0.0779885924901097,1.0,1.0
0.3747360230160473,0.0798073292904769,1.0,1.0
0.3700287042386263,0.08355178740888,1.0,1.0
0.3657493235318799,0.0867613229389398,1.0,1.0
0.3617908963781394,0.0894359358806563,1.0,1.0
0.3563346859770378,0.0928594404460534,1.0,1.0
0.3440314664451419,0.0964969140467879,1.0,1.0
0.3368635037613416,0.0986366044001611,1.0,1.0
0.3269139436181562,0.1013112173418776,1.0,1.0
0.3203878880403679,0.0985296198824925,1.0,1.0
0.3143967550509229,0.0959619914584446,1.0,1.0
0.3092614982028273,0.0954270688701013,1.0,1.0
0.3039122723193943,0.094571192728752,1.0,1.0
0.2988839999889672,0.0962829450114506,1.0,1.0
0.2992049535419732,0.1010972483065403,1.0,1.0
0.3000608296833225,0.106232505154636,1.0,1.0
0.3004887677539971,0.1104049013437137,1.0,1.0
0.2994189225773105,0.1146842820504602,1.0,1.0
0.2957814489765761,0.1180008020981886,1.0,1.0
0.2898973005047998,0.1185357246865319,1.0,1.0
0.2889344398457818,0.1228151053932783,1.0,1.0
0.2866877649747399,0.1213173221459171,1.0,1.0
0.2840131520330234,0.1196055698632185,1.0,1.0
0.2835852139623488,0.1223871673226037,1.0,1.0
0.2897903159871311,0.1249547957466516,1.0,1.0
0.2895763469517938,0.129234176453398,1.0,1.0
0.2856179197980533,0.1275224241706994,1.0,1.0
0.2803542736929751,0.1314808513244398,1.0,1.0
0.2780006143042646,0.1352253094428429,1.0,1.0
0.2770377536452467,0.1373649997962161,1.0,1.0
0.2663393018783807,0.1353322939605116,1.0,1.0
0.2675161315727359,0.1382208759375654,1.0,1.0
0.2614180140656223,0.1368300772078728,1.0,1.0
0.2605621379242731,0.1391837365965834,1.0,1.0
0.2470820886980218,0.1297690990417412,1.0,1.0
0.2536081442758101,0.1215312911812544,1.0,1.0
0.2457982744859979,0.123563997016959,1.0,1.0
0.2399141260142216,0.1214243066635858,1.0,1.0
0.2333880704364333,0.1214243066635858,1.0,1.0
0.2345649001307886,0.1259176564056695,1.0,1.0
0.2268192184396509,0.1205684305222365,1.0,1.0
0.219544271238182,0.1198195388985559,1.0,1.0
0.2128042466250563,0.1184287401688633,1.0,1.0
0.2115204324130324,0.1150052356034661,1.0,1.0
0.2098086801303339,0.1109398239320571,1.0,1.0
0.2063851755649367,0.1099769632730391,1.0,1.0
0.1991958081418227,0.1126515762147556,1.0,1.0
0.1954513500234196,0.1131864988030989,1.0,1.0
0.1886043408926252,0.1116887155557376,1.0,1.0
0.1829341614561863,0.112544591697087,1.0,1.0
0.1773709665374159,0.1130795142854303,1.0,1.0
0.1718077716186456,0.1128655452500929,1.0,1.0
0.1662445766998752,0.1116887155557376,1.0,1.0
0.1620721805107976,0.1110468084497257,1.0,1.0
0.1551181868623346,0.1183217556511946,1.0,1.0
0.1507318216379196,0.1198195388985559,1.0,1.0
0.146045904334904,0.121959229251929,1.0,1.0
0.1428363688048442,0.1268805170646874,1.0,1.0
0.1379150809920858,0.1288062383827233,1.0,1.0
0.1312820408966289,0.1343694333014937,1.0,1.0
0.1255048769425212,0.13864881400824,1.0,1.0
0.1204766046120942,0.1415373959852939,1.0,1.0
0.1140575335519746,0.1437840708563357,1.0,1.0
0.1105270444689088,0.1464586837980523,1.0,1.0
0.1054987721384817,0.1502031419164554,1.0,1.0
0.1022892366084219,0.1531987084111779,1.0,1.0
0.0982238249370128,0.156622212976575,1.0,1.0
0.0924466609829052,0.1638971601780439,1.0,1.0
0.0878463267231528,0.1681765408847903,1.0,1.0
0.0835669460164064,0.1716000454501874,1.0,1.0
0.0801434414510093,0.1744886274272412,1.0,1.0
0.0760352349930602,0.1774841939219637,1.0,1.0
0.0702580710389525,0.1814426210757042,1.0,1.0
0.0630901083551523,0.1829404043230654,1.0,1.0
0.0589177121660745,0.1883966147241671,1.0,1.0
0.0495886592869498,0.1901083670068657,1.0,1.0
0.0433835572621675,0.2071189053161826,1.0,1.0
0.0330060590483075,0.2152497286590008,1.0,1.0
0.0326851054953015,0.2255202423551922,1.0,1.0
0.0274428641295371,0.2305485146856193,1.0,1.0
0.0239123750464714,0.2399631522404613,1.0,1.0
0.0232704679404594,0.2436006258411958,1.0,1.0
0.0235914214934654,0.2501266814189841,1.0,1.0
0.0225215763167788,0.2552619382670797,1.0,1.0
0.0197399788573936,0.2578295666911276,1.0,1.0
0.0209168085517489,0.2644626067865845,1.0,1.0
0.0178142575393577,0.2695978636346803,1.0,1.0
0.0187771181983757,0.2746261359651073,1.0,1.0
0.0196329943397249,0.278798532154185,1.0,1.0
0.0190980717513815,0.2827569593079255,1.0,1.0
0.0168513968803398,0.290138891027063,1.0,1.0
0.0157815517036532,0.295488116910496,1.0,1.0
0.0157815517036532,0.302121157005953,1.0,1.0
0.0162094897743278,0.3070424448187113,1.0,1.0
0.0187771181983757,0.312498655219813,1.0,1.0
0.0228425298697848,0.3139964384671743,1.0,1.0
0.4116981552191561,0.1535547662590439,1.0,2.0
0.413623876537192,0.1581283543893791,1.0,2.0
0.4157903130199823,0.160535506036924,1.0,2.0
0.4203639011503176,0.1607762212016785,1.0,2.0
0.4234931982921259,0.1624612273549598,1.0,2.0
0.4259003499396708,0.1634240880139778,1.0,2.0
0.4295110774109881,0.1622205121902054,1.0,2.0
0.4319182290585329,0.159572645377906,1.0,2.0
0.4352882413650957,0.1554804875770798,1.0,2.0
0.438417538506904,0.1542769117533073,1.0,2.0
0.4413061204839578,0.1537954814237983,1.0,2.0
0.4432318418019936,0.1549990572475708,1.0,2.0
0.446842569273311,0.1494626084582176,1.0,2.0
0.4497311512503648,0.1489811781287086,1.0,2.0
0.4540640242159455,0.1465740264811638,1.0,2.0
0.4586376123462808,0.1444075899983734,1.0,2.0
0.4634519156413705,0.1412782928565651,1.0,2.0
0.4687476492659692,0.1383897108795113,1.0,2.0
0.4745248132200768,0.1367047047262299,1.0,2.0
0.4795798316799211,0.1340568379139305,1.0,2.0
0.4863198562930466,0.1318904014311402,1.0,2.0
0.4925784505766633,0.1292425346188408,1.0,2.0
0.4988370448602799,0.1280389587950684,1.0,2.0
0.5041327784848786,0.1270760981360505,1.0,2.0
0.5108728030980042,0.126835382971296,1.0,2.0
0.5171313973816208,0.1280389587950684,1.0,2.0
0.5245935674890099,0.1249096616532601,1.0,2.0
0.5192978338644112,0.1215396493466973,1.0,2.0
0.5111135182627586,0.1203360735229249,1.0,2.0
0.5065399301324234,0.1162439157220986,1.0,2.0
0.5017256268373337,0.1131146185802903,1.0,2.0
0.4947448870594536,0.1104667517679909,1.0,2.0
0.4896898685996094,0.1147996247335717,1.0,2.0
0.4824684136569748,0.118410352204889,1.0,2.0
0.4766912497028672,0.1191324976991525,1.0,2.0
0.4680255037717057,0.1210582190171883,1.0,2.0
0.4562304606987359,0.1210582190171883,1.0,2.0
0.4506940119093828,0.1234653706647332,1.0,2.0
0.4453982782847841,0.126835382971296,1.0,2.0
0.4401025446601854,0.1338161227491761,1.0,2.0
0.4355289565298502,0.1383897108795113,1.0,2.0
0.4302332229052515,0.142722583845092,1.0,2.0
0.4254189196101618,0.1465740264811638,1.0,2.0
0.42156747697409,0.1492218932934632,1.0,2.0
0.4150681675257189,0.1518697601057625,1.0,2.0
0.0246499751885899,0.3122048657044963,1.0,0.0
0.0306076755162635,0.3062471653768228,1.0,0.0
0.0376485940853322,0.2997478559284517,1.0,0.0
0.0436062944130057,0.2932485464800806,1.0,0.0
0.0490223856199815,0.2851244096696168,1.0,0.0
0.0560633041890503,0.2802499275833384,1.0,0.0
0.0647290501202118,0.27537544549706,1.0,0.0
0.0706867504478853,0.2667096995658986,1.0,0.0
0.0718628379877553,0.2638206996805726,1.0,0.0
0.0753933270708211,0.2613600557741934,1.0,0.0
0.077319048388857,0.2585784583148082,1.0,0.0
0.080742552138027,0.2529082788783692,1.0,0.0
0.0837381186327495,0.2490568362422975,1.0,0.0
0.0854498709154481,0.2452053936062257,1.0,0.0
0.0878035303041586,0.2426377651821779,1.0,0.0
0.0880174993394959,0.2388933070637748,1.0,0.0
0.0916549729402304,0.2375025083340821,1.0,0.0
0.0962553071999828,0.2355767870160463,1.0,0.0
0.1008556414597352,0.2351488489453717,1.0,0.0
0.1063118518608368,0.2362186941220582,1.0,0.0
0.1080236041435354,0.2326882050389924,1.0,0.0
0.1109121861205892,0.2294786695089326,1.0,0.0
0.1139077526153117,0.2320462979329805,1.0,0.0
0.1166893500746969,0.2346139263570283,1.0,0.0
0.1158334739333476,0.240391090311136,1.0,0.0
0.1152985513450043,0.2468101613712556,1.0,0.0
0.1178661797690522,0.2518384337016827,1.0,0.0
0.1189360249457388,0.256759721514441,1.0,0.0
0.1191499939810761,0.2623229164332114,1.0,0.0
0.1226804830641419,0.2649975293749279,1.0,0.0
0.1215036533697866,0.2709886623643728,1.0,0.0
0.1250341424528524,0.2764448727654745,1.0,0.0
0.1246062043821778,0.2808312379898896,1.0,0.0
0.114442675203655,0.2773007489068238,1.0,0.0
0.1126239384032878,0.2798683773308716,1.0,0.0
0.1175452262160462,0.2815801296135702,1.0,0.0
0.1235363592054911,0.2842547425552867,1.0,0.0
0.1236433437231598,0.2877852316383525,1.0,0.0
0.1259970031118703,0.2898179374740571,1.0,0.0
0.1280297089475749,0.291101751686081,1.0,0.0
0.1286716160535868,0.2927065194511109,1.0,0.0
0.1280297089475749,0.2957020859458333,1.0,0.0
0.1272808173238943,0.2974138382285319,1.0,0.0
0.1290995541242615,0.2991255905112305,1.0,0.0
0.131453213512972,0.3004094047232544,1.0,0.0
0.1323090896543213,0.3012652808646037,1.0,0.0
0.13241607417199,0.3038329092886516,1.0,0.0
0.131774167065978,0.3066145067480367,1.0,0.0
0.1332719503133392,0.3102519803487712,1.0,0.0
0.1344487800076945,0.3129265932904876,1.0,0.0
0.1356256097020498,0.3162431133382161,1.0,0.0
0.1393700678204529,0.3199875714566192,1.0,0.0
0.1387281607144409,0.3160291443028789,1.0,0.0
0.1379792690907603,0.3130335778081562,1.0,0.0
0.1372303774670797,0.3113218255254578,1.0,0.0
0.1384072071614349,0.3098240422780965,1.0,0.0
0.1393700678204529,0.3076843519247234,1.0,0.0
0.1396910213734589,0.3054376770536814,1.0,0.0
0.1392630833027842,0.3027630641119649,1.0,0.0
0.1390491142674469,0.3004094047232544,1.0,0.0
0.1393700678204529,0.2971998691931946,1.0,0.0
0.1390491142674469,0.2948462098044841,1.0,0.0
0.1376583155377543,0.2922785813804363,1.0,0.0
0.1358395787373871,0.291422705239087,1.0,0.0
0.1327370277249959,0.2887480922973705,1.0,0.0
0.1350906871137065,0.2881061851913584,1.0,0.0
0.1373373619847483,0.2882131697090271,1.0,0.0
0.136802439396405,0.2870363400146719,1.0,0.0
0.1342348109723572,0.2867153864616659,1.0,0.0
0.1323090896543213,0.2865014174263285,1.0,0.0
0.1308113064069601,0.2866084019439973,1.0,0.0
0.1304903528539541,0.285110618696636,1.0,0.0
0.1299554302656108,0.2832918818962688,1.0,0.0
0.1299554302656108,0.2816871141312388,1.0,0.0
0.1299554302656108,0.2795474237778657,1.0,0.0
0.1300624147832794,0.2771937643891551,1.0,0.0
0.1299554302656108,0.274733120482776,1.0,0.0
0.1290995541242615,0.2721654920587281,1.0,0.0
0.1265319257002136,0.2708816778467042,1.0,0.0
0.1252481114881897,0.2691699255640056,1.0,0.0
0.1256760495588643,0.2666022971399577,1.0,0.0
0.1251411269705211,0.2641416532335786,1.0,0.0
0.1234293746878225,0.2614670402918621,1.0,0.0
0.1222525449934672,0.2597552880091635,1.0,0.0
0.1208617462637746,0.258043535726465,1.0,0.0
0.1200058701224253,0.2562247989260977,1.0,0.0
0.1209687307814432,0.2547270156787365,1.0,0.0
0.1211826998167806,0.2522663717723573,1.0,0.0
0.1202198391577627,0.2491638207599662,1.0,0.0
0.1181871333220581,0.2467031768535869,1.0,0.0
0.1179731642867208,0.2439215793942018,1.0,0.0
0.1179731642867208,0.2411399819348166,1.0,0.0
0.1179731642867208,0.2386793380284374,1.0,0.0
0.1179731642867208,0.2356837715337149,1.0,0.0
0.1166893500746969,0.2327951895566611,1.0,0.0
0.1156195048980103,0.2307624837209566,1.0,0.0
0.113479814544637,0.2279808862615714,1.0,0.0
0.1124099693679505,0.2259481804258669,1.0,0.0
0.1123029848502818,0.2232735674841503,1.0,0.0
0.1120890158149445,0.2199570474364219,1.0,0.0
0.1123029848502818,0.2178173570830487,1.0,0.0
0.115405535862673,0.2163195738356874,1.0,0.0
0.1180801488043895,0.2148217905883261,1.0,0.0
0.120754761746106,0.2138589299293082,1.0,0.0
0.1239642972761658,0.2122541621642783,1.0,0.0
0.1263179566648763,0.2107563789169171,1.0,0.0
0.1292065386419301,0.2099005027755678,1.0,0.0
0.1328440122426646,0.2084027195282065,1.0,0.0
0.1333789348310079,0.2058350911041587,1.0,0.0
0.1350906871137065,0.2021976175034243,1.0,0.0
0.1373373619847483,0.2003788807030571,1.0,0.0
0.1396910213734589,0.1988810974556958,1.0,0.0
0.1417237272091634,0.1971693451729972,1.0,0.0
0.1449332627392232,0.1954575928902987,1.0,0.0
0.1480358137516143,0.1942807631959434,1.0,0.0
0.1506676335392451,0.1951366393372927,1.0,0.0
0.1547330452106542,0.1960994999963106,1.0,0.0
0.1582635342937199,0.1962064845139793,1.0,0.0
0.162007992412123,0.194708701266618,1.0,0.0
0.1658594350481947,0.1927829799485821,1.0,0.0
0.1685340479899113,0.1917131347718956,1.0,0.0
0.1721715215906458,0.1895734444185223,1.0,0.0
0.1754880416383742,0.1887175682771731,1.0,0.0
0.1794464687921147,0.1876477231004865,1.0,0.0
0.1844747411225416,0.1868988314768059,1.0,0.0
0.1896099979706374,0.1860429553354566,1.0,0.0
0.1933544560890405,0.1855080327471133,1.0,0.0
0.1977408213134556,0.1851870791941073,1.0,0.0
0.2027690936438826,0.1850800946764386,1.0,0.0
0.208011335009647,0.184652156605764,1.0,0.0
0.2125046847517307,0.1855080327471133,1.0,0.0
0.2171692071101576,0.1867918469591372,1.0,0.0
0.221448587816904,0.1874337540651491,1.0,0.0
0.2260489220766564,0.1871128005121432,1.0,0.0
0.2323610086191073,0.1866848624414685,1.0,0.0
0.2372822964318657,0.1871128005121432,1.0,0.0
0.2431664449036421,0.1874337540651491,1.0,0.0
0.2485156707870751,0.1886105837595044,1.0,0.0
0.2526880669761528,0.1882896302064985,1.0,0.0
0.2563897417351953,0.189038521830179,1.0,0.0
0.2609900759949476,0.189680428936191,1.0,0.0
0.2658043792900373,0.1895734444185223,1.0,0.0
0.2696558219261091,0.1882896302064985,1.0,0.0
0.2736142490798496,0.1879686766534924,1.0,0.0
0.2776796607512586,0.1865778779237999,1.0,0.0
0.2802472891753065,0.1852940637117759,1.0,0.0
0.283563809223035,0.1835823114290774,1.0,0.0
0.2870942983061008,0.1818705591463788,1.0,0.0
0.2903038338361606,0.1801588068636802,1.0,0.0
0.2924435241895338,0.1788749926516563,1.0,0.0
0.2955460752019249,0.1771632403689578,1.0,0.0
0.2988625952496534,0.1752375190509219,1.0,0.0
0.3029280069210625,0.173953704838898,1.0,0.0
0.3067794495571342,0.1724559215915367,1.0,0.0
0.310630892193206,0.1709581383441755,1.0,0.0
0.3146963038646151,0.1698882931674888,1.0,0.0
0.3186975274373497,0.1672136802257723,1.0,0.0
0.3215861094144036,0.1645390672840558,1.0,0.0
0.325544536568144,0.1626133459660199,1.0,0.0
0.3276842269215171,0.1606876246479841,1.0,0.0
0.3335683753932935,0.1609015936833214,1.0,0.0
0.3378477561000398,0.1607946091656527,1.0,0.0
0.3434109510188102,0.1601527020596408,1.0,0.0
0.3489741459375806,0.1600457175419721,1.0,0.0
0.3527186040559836,0.1620784233776767,1.0,0.0
0.3543233718210136,0.1637901756603752,1.0,0.0
0.3563560776567182,0.1600457175419721,1.0,0.0
0.3599935512574526,0.1607946091656527,1.0,0.0
0.3625611796815004,0.1612225472363274,1.0,0.0
0.3655567461762229,0.1601527020596408,1.0,0.0
0.3686592971886139,0.1580130117062676,1.0,0.0
0.3720828017540112,0.155980305870563,1.0,0.0
0.3766831360137636,0.155659352317557,1.0,0.0
0.3798926715438234,0.156301259423569,1.0,0.0
0.3827812535208772,0.1581199962239363,1.0,0.0
0.3857768200155997,0.1597247639889661,1.0,0.0
0.3874885722982982,0.1609015936833214,1.0,0.0
0.390826484025707,0.1609015936833214,1.0,0.0
0.3945709421441102,0.1604736556126467,1.0,0.0
0.3976734931565013,0.1587619033299482,1.0,0.0
0.4013109667572357,0.1573711046002556,1.0,0.0
0.4058043164993195,0.1554453832822197,1.0,0.0
0.407516068782018,0.1546964916585391,1.0,0.0
0.4105116352767405,0.1583339652592736,1.0,0.0
0.4077300378173554,0.1664647886020918,1.0,0.0
0.4132932327361257,0.1681765408847903,1.0,0.0
0.4006690596512238,0.1724559215915367,1.0,0.0
0.4093348055823853,0.1745956119449099,1.0,0.0
0.4110465578650839,0.172348937073868,1.0,0.0
0.4147910159834869,0.1744886274272412,1.0,0.0
0.4170376908545288,0.1743816429095726,1.0,0.0
0.4181075360312154,0.1718140144855248,1.0,0.0
0.4205681799375946,0.172027983520862,1.0,0.0
0.4246335916090037,0.1732048132152173,1.0,0.0
0.4268802664800455,0.1744886274272412,1.0,0.0
0.4281640806920695,0.1722419525561994,1.0,0.0
0.4303037710454427,0.1710651228618441,1.0,0.0
0.4324434613988159,0.1693533705791456,1.0,0.0
0.4336202910931712,0.1688184479908022,1.0,0.0
0.4356316052491954,0.1695673396144829,1.0,0.0
0.4402319395089478,0.1706371847911695,1.0,0.0
0.4451532273217061,0.1714930609325188,1.0,0.0
0.4486837164047719,0.171707029967856,1.0,0.0
0.4521072209701691,0.1697813086498202,1.0,0.0
0.4555307255355662,0.1681765408847903,1.0,0.0
0.4595961372069753,0.1683905099201276,1.0,0.0
0.4613078894896739,0.1689254325084709,1.0,0.0
0.462805672737035,0.1668927266727663,1.0,0.0
0.4653733011610829,0.1647530363193931,1.0,0.0
0.4689037902441487,0.1644320827663872,1.0,0.0
0.4731831709508951,0.1637901756603752,1.0,0.0
0.4783184277989908,0.1626133459660199,1.0,0.0
0.4789603349050028,0.1605806401303154,1.0,0.0
0.4811856180963643,0.1600457175419721,1.0,0.0
0.4846091226617615,0.1586549188122795,1.0,0.0
0.4883535807801645,0.1581199962239363,1.0,0.0
0.491991054380899,0.1567291974942437,1.0,0.0
0.4952005899109588,0.1558733213528944,1.0,0.0
0.4981961564056813,0.1540545845525271,1.0,0.0
0.5009777538650665,0.1534126774465152,1.0,0.0
0.5035453822891143,0.1536266464818525,1.0,0.0
0.5057920571601562,0.1522358477521599,1.0,0.0
0.5078247629958608,0.150952033540136,1.0,0.0
0.5109273140082519,0.1510590180578047,1.0,0.0
0.5138158959853057,0.150952033540136,1.0,0.0
0.5157416173033416,0.1510590180578047,1.0,0.0
0.5172394005507028,0.1537336309995211,1.0,0.0
0.5206629051161,0.155980305870563,1.0,0.0
0.5240864096814971,0.1584409497769422,1.0,0.0
0.5287937023396512,0.1585479342946109,1.0,0.0
0.5332870520817349,0.1586549188122795,1.0,0.0
0.5377804018238186,0.1599387330243035,1.0,0.0
0.5414178754245531,0.1609015936833214,1.0,0.0
0.5458042406489682,0.162292392413014,1.0,0.0
0.5492277452143652,0.162292392413014,1.0,0.0
0.553721094956449,0.1610085782009901,1.0,0.0
0.5594982589105566,0.1596177794712975,1.0,0.0
0.5652754228646643,0.1583339652592736,1.0,0.0
0.5703036951950914,0.1572641200825869,1.0,0.0
0.5745830759018378,0.156301259423569,1.0,0.0
0.5800392863029394,0.1545895071408705,1.0,0.0
0.5839977134566798,0.1537336309995211,1.0,0.0
0.5876351870574142,0.1517009251638166,1.0,0.0
0.5902028154814621,0.150952033540136,1.0,0.0
0.5949101342588833,0.1513799716108106,1.0,0.0
0.5976917317182683,0.1513799716108106,1.0,0.0
0.5992323505635242,0.1497752038457807,1.0,0.0
0.6005161647755481,0.1483844051160881,1.0,0.0
0.6024418860935841,0.1463516992803836,1.0,0.0
0.6060793596943185,0.1473145599394015,1.0,0.0
0.6111076320247455,0.1468866218687269,1.0,0.0
0.615066059178486,0.1461377302450463,1.0,0.0
0.6203083005442503,0.144960900550691,1.0,0.0
0.6245876812509968,0.1445329624800164,1.0,0.0
0.6274762632280505,0.1478494825277449,1.0,0.0
0.6294019845460865,0.1500961573987867,1.0,0.0
0.6333604116998269,0.1511660025754733,1.0,0.0
0.6365699472298867,0.1521288632344913,1.0,0.0
0.6395655137246092,0.1511660025754733,1.0,0.0
0.642133142148657,0.1508450490224673,1.0,0.0
0.6459845847847289,0.151593940646148,1.0,0.0
0.6490871357971201,0.1527707703405032,1.0,0.0
0.6522966713271797,0.1539476000348585,1.0,0.0
0.6548642997512276,0.1546964916585391,1.0,0.0
0.6565760520339262,0.1574780891179243,1.0,0.0
0.658180819798956,0.1597247639889661,1.0,0.0
0.660427494669998,0.1604736556126467,1.0,0.0
0.6655627515180936,0.1586549188122795,1.0,0.0
0.6697351477071714,0.1576920581532616,1.0,0.0
0.672602311885278,0.1583339652592736,1.0,0.0
0.6743140641679765,0.1596177794712975,1.0,0.0
0.6769886771096929,0.1590828568829542,1.0,0.0
0.6790213829453976,0.1581199962239363,1.0,0.0
0.683942670758156,0.1603666710949781,1.0,0.0
0.689291896641589,0.1617574698246707,1.0,0.0
0.6950690605956965,0.1600457175419721,1.0,0.0
0.6998833638907862,0.1617574698246707,1.0,0.0
0.7042697291152014,0.1643250982487185,1.0,0.0
0.7081211717512731,0.167641618296447,1.0,0.0
0.7122935679403509,0.1701022622028261,1.0,0.0
0.7174288247884466,0.1724559215915367,1.0,0.0
0.7221147257669202,0.173311797732886,1.0,0.0
0.7277849052033593,0.1744886274272412,1.0,0.0
0.7332411156044609,0.1747025964625786,1.0,0.0
0.7389112950408999,0.173311797732886,1.0,0.0
0.743297660265315,0.173311797732886,1.0,0.0
0.7457583041716942,0.1744886274272412,1.0,0.0
0.7508935610197899,0.1745956119449099,1.0,0.0
0.7567777094915661,0.1748095809802472,1.0,0.0
0.7625548734456739,0.1754514880862592,1.0,0.0
0.7658713934934023,0.1767353022982831,1.0,0.0
0.7702577587178174,0.1782330855456443,1.0,0.0
0.7748580929775697,0.1797308687930056,1.0,0.0
0.7777466749546236,0.1810146830050295,1.0,0.0
0.780100334343334,0.1839032649820834,1.0,0.0
0.7827749472850506,0.1833683423937401,1.0,0.0
0.7868403589564598,0.1834753269114087,1.0,0.0
0.7878032196154776,0.1854010482294446,1.0,0.0
0.7904778325571942,0.1885035992418358,1.0,0.0
0.7941153061579286,0.1895734444185223,1.0,0.0
0.7975388107233258,0.190001382489197,1.0,0.0
0.7995073676392562,0.1888245527948417,1.0,0.0
0.8010051508866175,0.1870058159944745,1.0,0.0
0.8048565935226893,0.1887175682771731,1.0,0.0
0.8078521600174118,0.1908572586305463,1.0,0.0
0.8097778813354477,0.1918201192895642,1.0,0.0
0.8132013859008449,0.1911782121835522,1.0,0.0
0.8142070299192233,0.1937458406076001,1.0,0.0
0.8160257667195906,0.1971693451729972,1.0,0.0
0.817844503519958,0.1979182367966779,1.0,0.0
0.8220168997090356,0.1964204535493166,1.0,0.0
0.8262962804157821,0.1965274380669853,1.0,0.0
0.8291848623928358,0.1971693451729972,1.0,0.0
0.8322874134052269,0.1970623606553286,1.0,0.0
0.8339991656879255,0.19535060837263,1.0,0.0
0.8356039334529555,0.1939598096429374,1.0,0.0
0.8377436238063286,0.1921410728425702,1.0,0.0
0.8402042677127078,0.1912851967012209,1.0,0.0
0.842343958066081,0.1935318715722628,1.0,0.0
0.8442696793841169,0.1964204535493166,1.0,0.0
0.8452325400431349,0.1978112522790092,1.0,0.0
0.8491481838375146,0.1985601439026898,1.0,0.0
0.8532135955089237,0.1987741129380272,1.0,0.0
0.8581348833216821,0.1992020510087018,1.0,0.0
0.8602745736750553,0.1994160200440391,1.0,0.0
0.8634626914061678,0.2017696794327496,1.0,0.0
0.8684909637365948,0.2047652459274721,1.0,0.0
0.8727703444433412,0.2079747814575319,1.0,0.0
0.8774776632207623,0.2109703479522544,1.0,0.0
0.8804732297154847,0.2127890847526216,1.0,0.0
0.8837897497632132,0.2155706822120068,1.0,0.0
0.8847526104222312,0.2178173570830487,1.0,0.0
0.8911716814823508,0.218031326118386,1.0,0.0
0.8969488454364585,0.2208129235777712,1.0,0.0
0.8972697989894644,0.2244503971785056,1.0,0.0
0.8979117060954764,0.2278739017439027,1.0,0.0
0.900971473748507,0.228408824332246,1.0,0.0
0.9033251331372174,0.2286227933675834,1.0,0.0
0.90311116410188,0.2345069418393597,1.0,0.0
0.9064276841496084,0.2348278953923656,1.0,0.0
0.911028018409361,0.2353628179807089,1.0,0.0
0.9135956468334088,0.240712043864142,1.0,0.0
0.9202286869288656,0.2422098271115032,1.0,0.0
0.924829021188618,0.2388933070637748,1.0,0.0
0.928038556718678,0.2367536167104015,1.0,0.0
0.9312480922487376,0.2338650347333477,1.0,0.0
0.9344362099798502,0.2352558334630403,1.0,0.0
0.9368968538862292,0.2373955238164135,1.0,0.0
0.9412832191106444,0.2380374309224255,1.0,0.0
0.9456695843350597,0.2365396476750642,1.0,0.0
0.948986104382788,0.2362186941220582,1.0,0.0
0.9530515160541972,0.2367536167104015,1.0,0.0
0.9567959741726002,0.2363256786397269,1.0,0.0
0.9607544013263408,0.2366466321927328,1.0,0.0
0.9640709213740692,0.2370745702634075,1.0,0.0
0.9676014104571348,0.2357907560513836,1.0,0.0
0.9701690388811828,0.2351488489453717,1.0,0.0
0.9720947601992188,0.2314043908269685,1.0,0.0
0.9751973112116096,0.233758050215679,1.0,0.0
0.9778719241533262,0.2341859882863537,1.0,0.0
0.980439552577374,0.2338650347333477,1.0,0.0
0.9838630571427712,0.2354698024983776,1.0,0.0
0.9888485983523716,0.233758050215679,1.0,0.0
0.9925930564707748,0.2327951895566611,1.0,0.0
0.9927000409884432,0.2277669172262341,1.0,0.0
0.9945187777888106,0.2231665829664816,1.0,0.0
0.9903463815997328,0.2245573816961742,1.0,0.0
0.9882066912463596,0.2215618152014518,1.0,0.0
0.9866019234813298,0.218031326118386,1.0,0.0
0.9883136757640284,0.2122541621642783,1.0,0.0
0.9856390628223118,0.2094725647048932,1.0,0.0
0.9878857376933536,0.206370013692502,1.0,0.0
0.9851041402339684,0.2046582614098035,1.0,0.0
0.9855320783046432,0.2021976175034243,1.0,0.0
0.9869228770343358,0.1992020510087018,1.0,0.0
0.9818946047039088,0.2005928497383943,1.0,0.0
0.9778291930324996,0.1918201192895642,1.0,0.0
0.973335843290416,0.1925690109132448,1.0,0.0
0.9691634471013382,0.1925690109132448,1.0,0.0
0.9664888341596216,0.190322336042203,1.0,0.0
0.9634932676648992,0.190001382489197,1.0,0.0
0.9604977011701769,0.190001382489197,1.0,0.0
0.9571811811224482,0.1901083670068657,1.0,0.0
0.9527948158980332,0.1901083670068657,1.0,0.0
0.9529018004157016,0.1876477231004865,1.0,0.0
0.9526878313803644,0.1842242185350894,1.0,0.0
0.9481944816382808,0.184331203052758,1.0,0.0
0.9448779615905524,0.1826194507700594,1.0,0.0
0.9429522402725165,0.1804797604166862,1.0,0.0
0.9454128841788956,0.179302930722331,1.0,0.0
0.9455198686965642,0.1769492713336204,1.0,0.0
0.9454128841788956,0.1741676738742353,1.0,0.0
0.9425243022018418,0.1758794261569338,1.0,0.0
0.9400636582954623,0.1767353022982831,1.0,0.0
0.9374960298714148,0.1767353022982831,1.0,0.0
0.9343934788590236,0.1748095809802472,1.0,0.0
0.9320398194703132,0.173632751285892,1.0,0.0
0.928937268457922,0.1722419525561994,1.0,0.0
0.9267975781045488,0.1697813086498202,1.0,0.0
0.9245509032335067,0.168283525402459,1.0,0.0
0.921020414150441,0.1681765408847903,1.0,0.0
0.9183885323295512,0.1677486028141157,1.0,0.0
0.9145370896934796,0.167320664743441,1.0,0.0
0.9137881980697988,0.1645390672840558,1.0,0.0
0.9122904148224374,0.1609015936833214,1.0,0.0
0.9092948483277152,0.1575850736355929,1.0,0.0
0.905871343762318,0.1561942749059004,1.0,0.0
0.9015919630555717,0.1557663368352257,1.0,0.0
0.8978475049371685,0.1564082439412377,1.0,0.0
0.893568124230422,0.1564082439412377,1.0,0.0
0.8913214493593802,0.1536266464818525,1.0,0.0
0.8908935112887055,0.1502031419164554,1.0,0.0
0.8899306506296876,0.1482774205984195,1.0,0.0
0.8867211150996277,0.1481704360807508,1.0,0.0
0.8850093628169292,0.1459237612097089,1.0,0.0
0.8830836414988933,0.1435701018209984,1.0,0.0
0.8809439511455202,0.1400396127379327,1.0,0.0
0.8786972762744782,0.1372580152785475,1.0,0.0
0.8749528181560751,0.1377929378668908,1.0,0.0
0.8717432826260153,0.1380069069022281,1.0,0.0
0.8690686696842987,0.1387557985259087,1.0,0.0
0.8660731031895762,0.1369370617255415,1.0,0.0
0.8644683354245465,0.134262448783825,1.0,0.0
0.8627565831418479,0.1306249751830905,1.0,0.0
0.860509908270806,0.128913222900392,1.0,0.0
0.8561235430463908,0.12827131579438,1.0,0.0
0.8533419455870057,0.1296621145240726,1.0,0.0
0.8507957349619052,0.12827131579438,1.0,0.0
0.8482281065378574,0.1270944861000247,1.0,0.0
0.8469442923258335,0.1233500279816216,1.0,0.0
0.8430928496897617,0.1221731982872664,1.0,0.0
0.8384925154300092,0.1221731982872664,1.0,0.0
0.8361388560412987,0.1214243066635858,1.0,0.0
0.8342131347232629,0.1185357246865319,1.0,0.0
0.8321804288875583,0.1161820652978214,1.0,0.0
0.8293988314281733,0.1150052356034661,1.0,0.0
0.8258683423451073,0.1134004678384362,1.0,0.0
0.8230867448857222,0.1116887155557376,1.0,0.0
0.820626100979343,0.111260777485063,1.0,0.0
0.8147419525075668,0.1124376071794183,1.0,0.0
0.8099276492124771,0.1131864988030989,1.0,0.0
0.8058622375410679,0.1129725297677616,1.0,0.0
0.802973655564014,0.111260777485063,1.0,0.0
0.7999780890692917,0.1090141026140212,1.0,0.0
0.7973034761275751,0.1064464741899733,1.0,0.0
0.7936660025268406,0.1044137683542687,1.0,0.0
0.7904564669967808,0.1018461399302209,1.0,0.0
0.7869259779137151,0.0992785115061731,1.0,0.0
0.7838234269013239,0.0964969140467879,1.0,0.0
0.7792230926415715,0.0937153165874028,1.0,0.0
0.774943711934825,0.0931803939990594,1.0,0.0
0.7726970370637832,0.0921105488223728,1.0,0.0
0.7698084550867293,0.089542920398325,1.0,0.0
0.7678827337686935,0.0859054467975905,1.0,0.0
0.7668128885920069,0.0821609886791874,1.0,0.0
0.7629614459559351,0.0819470196438501,1.0,0.0
0.7578261891078394,0.0816260660908441,1.0,0.0
0.7561144368251409,0.0779885924901097,1.0,0.0
0.7544026845424423,0.0749930259953872,1.0,0.0
0.7522629941890692,0.0710345988416468,1.0,0.0
0.7505512419063706,0.0683599858999303,1.0,0.0
0.7484115515529974,0.0655783884405451,1.0,0.0
0.7460578921642869,0.0640806051931838,1.0,0.0
0.7454159850582749,0.06119202321613,1.0,0.0
0.7447740779522629,0.0580894722037389,1.0,0.0
0.7420352638522384,0.056484704438709,1.0,0.0
0.73711397603948,0.0550939057090164,1.0,0.0
0.731443796603041,0.0541310450499984,1.0,0.0
0.7238478958485662,0.0525262772849686,1.0,0.0
0.7186056544828018,0.0516704011436192,1.0,0.0
0.709725939516303,0.0517773856612879,1.0,0.0
0.7025579768325028,0.0514564321082819,1.0,0.0
0.6960319212547145,0.0518843701789566,1.0,0.0
0.6903617418182755,0.0519913546966252,1.0,0.0
0.6850125159348425,0.0522053237319625,1.0,0.0
0.6818029804047826,0.0507075404846013,1.0,0.0
0.6781655068040482,0.0492097572372401,1.0,0.0
0.674100095132639,0.0476049894722101,1.0,0.0
0.670355637014236,0.0482468965782221,1.0,0.0
0.6667181634135015,0.0487818191665654,1.0,0.0
0.6664399932198563,0.0458932371895116,1.0,0.0
0.6660120551491816,0.0425767171417831,1.0,0.0
0.6632304576897965,0.0402230577530726,1.0,0.0
0.6592720305360561,0.038511305470374,1.0,0.0
0.6547786807939723,0.0380833673996994,1.0,0.0
0.6522110523699244,0.0373344757760188,1.0,0.0
0.6519970833345871,0.0329481105516037,1.0,0.0
0.6475037335925033,0.032841126033935,1.0,0.0
0.6441872135447748,0.0325201724809291,1.0,0.0
0.641619585120727,0.0317712808572485,1.0,0.0
0.6380890960376613,0.0367995531876755,1.0,0.0
0.6355214676136134,0.0419348100357712,1.0,0.0
0.6319909785305476,0.0483538810958908,1.0,0.0
0.6352005140606074,0.0492097572372401,1.0,0.0
0.6400148173556972,0.0485678501312281,1.0,0.0
0.6433313374034256,0.0479259430252161,1.0,0.0
0.6455780122744674,0.0496376953079147,1.0,0.0
0.6475037335925033,0.0508145250022699,1.0,0.0
0.6500713620165512,0.0522053237319625,1.0,0.0
0.6541367736879603,0.0509215095199386,1.0,0.0
0.6542437582056291,0.0556288282973597,1.0,0.0
0.6537088356172857,0.0595872554511001,1.0,0.0
0.6582021853593695,0.0610850386984613,1.0,0.0
0.6633374422074652,0.0626898064634912,1.0,0.0
0.666161823026211,0.0653644194052078,1.0,0.0
0.6688364359679274,0.0676110942762496,1.0,0.0
0.6700132656622827,0.0688949084882736,1.0,0.0
0.6657338849555362,0.0727463511243453,1.0,0.0
0.661133550695784,0.0772397008664291,1.0,0.0
0.6563192474006943,0.0783095460431157,1.0,0.0
0.6523608202469537,0.078523515078453,1.0,0.0
0.6473325479165267,0.0795933602551396,1.0,0.0
0.6415553839624191,0.0808771744671635,1.0,0.0
0.6374899722910099,0.0808771744671635,1.0,0.0
0.6296373191418372,0.0790584376667963,1.0,0.0
0.6194737899633144,0.0765977937604171,1.0,0.0
0.6113429666204963,0.0745650879247126,1.0,0.0
0.6050308800780453,0.0736022272656946,1.0,0.0
0.5969000567352271,0.072853335642014,1.0,0.0
0.5893041559807521,0.072532382089008,1.0,0.0
0.5837409610619818,0.0713555523946527,1.0,0.0
0.5891971714630835,0.0690018930059422,1.0,0.0
0.5940114747581733,0.0672901407232437,1.0,0.0
0.5976489483589077,0.0658993419935511,1.0,0.0
0.6013934064773109,0.0647225122991958,1.0,0.0
0.6043889729720332,0.0623688529104853,1.0,0.0
0.6055658026663886,0.0603361470747807,1.0,0.0
0.6089893072317857,0.0590523328627568,1.0,0.0
0.6126267808325201,0.0569126425093836,1.0,0.0
0.6146594866682246,0.0560567663680343,1.0,0.0
0.620222681586995,0.0530611998733118,1.0,0.0
0.619259820927977,0.0467491133308609,1.0,0.0
0.6171201305746039,0.0413998874474279,1.0,0.0
0.61583631636258,0.0374414602936874,1.0,0.0
0.6136966260092067,0.034124940245959,1.0,0.0
0.6107010595144843,0.0310223892335678,1.0,0.0
0.6084543846434424,0.0286687298448573,1.0,0.0
0.6052448491133826,0.0256731633501348,1.0,0.0
0.6000026077476183,0.022142674267069,1.0,0.0
0.5947603663818539,0.0198959993960271,1.0,0.0
0.5876993882157223,0.0200029839136958,1.0,0.0
0.581173332637934,0.0215007671610571,1.0,0.0
0.575182199648489,0.0241753801027736,1.0,0.0
0.570153927318062,0.0262080859384781,1.0,0.0
0.5663024846819902,0.0274919001505021,1.0,0.0
0.564483747881623,0.0286687298448573,1.0,0.0
0.5653396240229723,0.0364785996346695,1.0,0.0
0.5605039551674692,0.0408649648590846,1.0,0.0
0.5559036209077168,0.0415068719650965,1.0,0.0
0.5500194724359406,0.0427906861771204,1.0,0.0
0.543600401375821,0.0440745003891444,1.0,0.0
0.5388930825983999,0.044823392012825,1.0,0.0
0.5357905315860088,0.0453583146011683,1.0,0.0
0.5311901973262564,0.0432186242477951,1.0,0.0
0.52639725959158,0.0446094229774877,1.0,0.0
0.5205131111198037,0.0465351442955235,1.0,0.0
0.5161267458953885,0.0479259430252161,1.0,0.0
0.5119543497063108,0.0492097572372401,1.0,0.0
0.5083168761055764,0.0461072062248489,1.0,0.0
0.5064981393052091,0.0427906861771204,1.0,0.0
0.5058562321991972,0.0386182899880427,1.0,0.0
0.5015768514924508,0.0373344757760188,1.0,0.0
0.4960136565736803,0.0364785996346695,1.0,0.0
0.4918412603846026,0.0363716151170009,1.0,0.0
0.487026957089513,0.038511305470374,1.0,0.0
0.4825978085057373,0.0376554293290248,1.0,0.0
0.4782114432813221,0.0365855841523381,1.0,0.0
0.4742530161275817,0.0384043209527054,1.0,0.0
0.4705085580091786,0.0399021042000666,1.0,0.0
0.4664431463377695,0.0410789338944219,1.0,0.0
0.4617358275603485,0.0423627481064458,1.0,0.0
0.4573494623359334,0.044502438459819,1.0,0.0
0.4518932519348317,0.0446094229774877,1.0,0.0
0.4439763976273509,0.0434325932831324,1.0,0.0
0.4392690788499298,0.0451443455658309,1.0,0.0
0.4347757291078461,0.0464281597778549,1.0,0.0
0.4312452400247803,0.0476049894722101,1.0,0.0
0.4262169676943533,0.0493167417549088,1.0,0.0
0.4230074321642935,0.050493571449264,1.0,0.0
0.4195839275988963,0.0522053237319625,1.0,0.0
0.4164813765865052,0.0550939057090164,1.0,0.0
0.4157324849628246,0.0584104257567449,1.0,0.0
0.4135927946094513,0.0622618683928166,1.0,0.0
0.4118810423267528,0.0625828219458226,1.0,0.0
0.4098483364910482,0.0664342645818944,1.0,0.0
0.4082435687260184,0.0696438001119542,1.0,0.0
0.4038572035016032,0.0715695214299901,1.0,0.0
0.3956193956411164,0.0756349331013992,1.0,0.0
0.3894998864543225,0.0777746234547724,1.0,0.0
0.3840436760532208,0.0783095460431157,1.0,0.0
0.3793363572757998,0.0779885924901097,1.0,0.0
0.3747360230160473,0.0798073292904769,1.0,0.0
0.3700287042386263,0.08355178740888,1.0,0.0
0.3657493235318799,0.0867613229389398,1.0,0.0
0.3617908963781394,0.0894359358806563,1.0,0.0
0.3563346859770378,0.0928594404460534,1.0,0.0
0.3440314664451419,0.0964969140467879,1.0,0.0
0.3368635037613416,0.0986366044001611,1.0,0.0
0.3269139436181562,0.1013112173418776,1.0,0.0
0.3203878880403679,0.0985296198824925,1.0,0.0
0.3143967550509229,0.0959619914584446,1.0,0.0
0.3092614982028273,0.0954270688701013,1.0,0.0
0.3039122723193943,0.094571192728752,1.0,0.0
0.2988839999889672,0.0962829450114506,1.0,0.0
0.2992049535419732,0.1010972483065403,1.0,0.0
0.3000608296833225,0.106232505154636,1.0,0.0
0.3004887677539971,0.1104049013437137,1.0,0.0
0.2994189225773105,0.1146842820504602,1.0,0.0
0.2957814489765761,0.1180008020981886,1.0,0.0
0.2898973005047998,0.1185357246865319,1.0,0.0
0.2889344398457818,0.1228151053932783,1.0,0.0
0.2866877649747399,0.1213173221459171,1.0,0.0
0.2840131520330234,0.1196055698632185,1.0,0.0
0.2835852139623488,0.1223871673226037,1.0,0.0
0.2897903159871311,0.1249547957466516,1.0,0.0
0.2895763469517938,0.129234176453398,1.0,0.0
0.2856179197980533,0.1275224241706994,1.0,0.0
0.2803542736929751,0.1314808513244398,1.0,0.0
0.2780006143042646,0.1352253094428429,1.0,0.0
0.2770377536452467,0.1373649997962161,1.0,0.0
0.2663393018783807,0.1353322939605116,1.0,0.0
0.2675161315727359,0.1382208759375654,1.0,0.0
0.2614180140656223,0.1368300772078728,1.0,0.0
0.2605621379242731,0.1391837365965834,1.0,0.0
0.2470820886980218,0.1297690990417412,1.0,0.0
0.2536081442758101,0.1215312911812544,1.0,0.0
0.2457982744859979,0.123563997016959,1.0,0.0
0.2399141260142216,0.1214243066635858,1.0,0.0
0.2333880704364333,0.1214243066635858,1.0,0.0
0.2345649001307886,0.1259176564056695,1.0,0.0
0.2268192184396509,0.1205684305222365,1.0,0.0
0.219544271238182,0.1198195388985559,1.0,0.0
0.2128042466250563,0.1184287401688633,1.0,0.0
0.2115204324130324,0.1150052356034661,1.0,0.0
0.2098086801303339,0.1109398239320571,1.0,0.0
0.2063851755649367,0.1099769632730391,1.0,0.0
0.1991958081418227,0.1126515762147556,1.0,0.0
0.1954513500234196,0.1131864988030989,1.0,0.0
0.1886043408926252,0.1116887155557376,1.0,0.0
0.1829341614561863,0.112544591697087,1.0,0.0
0.1773709665374159,0.1130795142854303,1.0,0.0
0.1718077716186456,0.1128655452500929,1.0,0.0
0.1662445766998752,0.1116887155557376,1.0,0.0
0.1620721805107976,0.1110468084497257,1.0,0.0
0.1551181868623346,0.1183217556511946,1.0,0.0
0.1507318216379196,0.1198195388985559,1.0,0.0
0.146045904334904,0.121959229251929,1.0,0.0
0.1428363688048442,0.1268805170646874,1.0,0.0
0.1379150809920858,0.1288062383827233,1.0,0.0
0.1312820408966289,0.1343694333014937,1.0,0.0
0.1255048769425212,0.13864881400824,1.0,0.0
0.1204766046120942,0.1415373959852939,1.0,0.0
0.1140575335519746,0.1437840708563357,1.0,0.0
0.1105270444689088,0.1464586837980523,1.0,0.0
0.1054987721384817,0.1502031419164554,1.0,0.0
0.1022892366084219,0.1531987084111779,1.0,0.0
0.0982238249370128,0.156622212976575,1.0,0.0
0.0924466609829052,0.1638971601780439,1.0,0.0
0.0878463267231528,0.1681765408847903,1.0,0.0
0.0835669460164064,0.1716000454501874,1.0,0.0
0.0801434414510093,0.1744886274272412,1.0,0.0
0.0760352349930602,0.1774841939219637,1.0,0.0
0.0702580710389525,0.1814426210757042,1.0,0.0
0.0630901083551523,0.1829404043230654,1.0,0.0
0.0589177121660745,0.1883966147241671,1.0,0.0
0.0495886592869498,0.1901083670068657,1.0,0.0
0.0433835572621675,0.2071189053161826,1.0,0.0
0.0330060590483075,0.2152497286590008,1.0,0.0
0.0326851054953015,0.2255202423551922,1.0,0.0
0.0274428641295371,0.2305485146856193,1.0,0.0
0.0239123750464714,0.2399631522404613,1.0,0.0
0.0232704679404594,0.2436006258411958,1.0,0.0
0.0235914214934654,0.2501266814189841,1.0,0.0
0.0225215763167788,0.2552619382670797,1.0,0.0
0.0197399788573936,0.2578295666911276,1.0,0.0
0.0209168085517489,0.2644626067865845,1.0,0.0
0.0178142575393577,0.2695978636346803,1.0,0.0
0.0187771181983757,0.2746261359651073,1.0,0.0
0.0196329943397249,0.278798532154185,1.0,0.0
0.0190980717513815,0.2827569593079255,1.0,0.0
0.0168513968803398,0.290138891027063,1.0,0.0
0.0157815517036532,0.295488116910496,1.0,0.0
0.0157815517036532,0.302121157005953,1.0,0.0
0.0162094897743278,0.3070424448187113,1.0,0.0
0.0187771181983757,0.312498655219813,1.0,0.0
0.0228425298697848,0.3139964384671743,1.0,0.0
0.4116981552191561,0.1535547662590439,1.0,0.0
0.413623876537192,0.1581283543893791,1.0,0.0
0.4157903130199823,0.160535506036924,1.0,0.0
0.4203639011503176,0.1607762212016785,1.0,0.0
0.4234931982921259,0.1624612273549598,1.0,0.0
0.4259003499396708,0.1634240880139778,1.0,0.0
0.4295110774109881,0.1622205121902054,1.0,0.0
0.4319182290585329,0.159572645377906,1.0,0.0
0.4352882413650957,0.1554804875770798,1.0,0.0
0.438417538506904,0.1542769117533073,1.0,0.0
0.4413061204839578,0.1537954814237983,1.0,0.0
0.4432318418019936,0.1549990572475708,1.0,0.0
0.446842569273311,0.1494626084582176,1.0,0.0
0.4497311512503648,0.1489811781287086,1.0,0.0
0.4540640242159455,0.1465740264811638,1.0,0.0
0.4586376123462808,0.1444075899983734,1.0,0.0
0.4634519156413705,0.1412782928565651,1.0,0.0
0.4687476492659692,0.1383897108795113,1.0,0.0
0.4745248132200768,0.1367047047262299,1.0,0.0
0.4795798316799211,0.1340568379139305,1.0,0.0
0.4863198562930466,0.1318904014311402,1.0,0.0
0.4925784505766633,0.1292425346188408,1.0,0.0
0.4988370448602799,0.1280389587950684,1.0,0.0
0.5041327784848786,0.1270760981360505,1.0,0.0
0.5108728030980042,0.126835382971296,1.0,0.0
0.5171313973816208,0.1280389587950684,1.0,0.0
0.5245935674890099,0.1249096616532601,1.0,0.0
0.5192978338644112,0.1215396493466973,1.0,0.0
0.5111135182627586,0.1203360735229249,1.0,0.0
0.5065399301324234,0.1162439157220986,1.0,0.0
0.5017256268373337,0.1131146185802903,1.0,0.0
0.4947448870594536,0.1104667517679909,1.0,0.0
0.4896898685996094,0.1147996247335717,1.0,0.0
0.4824684136569748,0.118410352204889,1.0,0.0
0.4766912497028672,0.1191324976991525,1.0,0.0
0.4680255037717057,0.1210582190171883,1.0,0.0
0.4562304606987359,0.1210582190171883,1.0,0.0
0.4506940119093828,0.1234653706647332,1.0,0.0
0.4453982782847841,0.126835382971296,1.0,0.0
0.4401025446601854,0.1338161227491761,1.0,0.0
0.4355289565298502,0.1383897108795113,1.0,0.0
0.4302332229052515,0.142722583845092,1.0,0.0
0.4254189196101618,0.1465740264811638,1.0,0.0
0.42156747697409,0.1492218932934632,1.0,0.0
0.4150681675257189,0.1518697601057625,1.0,0.0
0.5782637383341742,0.022799693189521263,1.0,0.0
0.5851373433542179,0.022906375293821234,1.0,0.0
0.5907658150478542,0.022766067714509564,1.0,0.0
0.5956834136068936,0.023959652058822063,1.0,0.0
0.5735434038527665,0.028530683816767124,1.0,0.0
0.5781010133038257,0.027987767954381144,1.0,0.0
0.5822060326526969,0.02674091241647248,1.0,0.0
0.5872160035691086,0.026851815279183087,1.0,0.0
0.5917593169304771,0.027299292350429136,1.0,0.0
0.5963692228897375,0.028051178736944814,1.0,0.0
0.600633359131082,0.026352458705869927,1.0,0.0
0.5649235430449785,0.032681860710475866,1.0,0.0
0.5697789094609769,0.031439564052609885,1.0,0.0
0.5750729541935915,0.03238350629356088,1.0,0.0
0.5799757815684345,0.0318886166820558,1.0,0.0
0.5844709802813198,0.031126866112238652,1.0,0.0
0.5891335139559516,0.031442349757075196,1.0,0.0
0.5938340565259185,0.03184929131065623,1.0,0.0
0.5989746528228138,0.03140177796988435,1.0,0.0
0.6034634020469266,0.030078862158434704,1.0,0.0
0.5692315320517171,0.03583726886663961,1.0,0.0
0.573062769943008,0.036259048677303146,1.0,0.0
0.5777370974790882,0.0363953801987196,1.0,0.0
0.5823522342353127,0.035959341327107,1.0,0.0
0.586834943084783,0.03567581308422836,1.0,0.0
0.5915700927454534,0.03589413801468573,1.0,0.0
0.5965828137502772,0.03565665681807168,1.0,0.0
0.6015154323488304,0.034964634106136365,1.0,0.0
0.606114656143486,0.03339859882865577,1.0,0.0
0.6091891962484035,0.03613597590628517,1.0,0.0
0.6396219764088247,0.034616359931776225,1.0,0.0
0.6479740730253762,0.03659161301655761,1.0,0.0
0.4757761913514161,0.04187847234773451,1.0,0.0
0.48011579658132636,0.04157646243321846,1.0,0.0
0.48477826014060477,0.0423874127744293,1.0,0.0
0.48988249007854096,0.041646648024254454,1.0,0.0
0.4940419864890922,0.04124039663062287,1.0,0.0
0.4981151162373449,0.04054455983192028,1.0,0.0
0.5019582614041381,0.04218903316659409,1.0,0.0
0.5650111877470897,0.040773474598840106,1.0,0.0
0.5697341792830616,0.04047548879078791,1.0,0.0
0.5746966904168047,0.04059214559316085,1.0,0.0
0.5796545406314555,0.04049368940287999,1.0,0.0
0.5844606290385285,0.0402166940512445,1.0,0.0
0.5892332580895526,0.04002924430240847,1.0,0.0
0.5942856061391906,0.039843671869323236,1.0,0.0
0.5993998252586709,0.039421600469986925,1.0,0.0
0.6043583079177794,0.038299908424200196,1.0,0.0
0.6075212724819439,0.04102830975689755,1.0,0.0
0.6120728362605351,0.039325439074566655,1.0,0.0
0.6400023171789003,0.04003705942465342,1.0,0.0
0.6435048348062814,0.036925815221137276,1.0,0.0
0.6497974225448193,0.04094628149011841,1.0,0.0
0.655433926395737,0.04167396541012625,1.0,0.0
0.6612979530672062,0.03938738007843892,1.0,0.0
0.4632741210391445,0.045809357411933156,1.0,0.0
0.4680851387537018,0.04514354410948112,1.0,0.0
0.4725666650159724,0.04499735340466838,1.0,0.0
0.47769204751821437,0.04607650067366263,1.0,0.0
0.48248712377934305,0.046237756550373994,1.0,0.0
0.4877305159934903,0.04608315316761003,1.0,0.0
0.49271957210240536,0.04586528266945739,1.0,0.0
0.4976850396631192,0.04541960245286305,1.0,0.0
0.5028518999828162,0.04636165358497766,1.0,0.0
0.5468734545103264,0.043419889762243265,1.0,0.0
0.5533713172505459,0.04530386247873923,1.0,0.0
0.5581984919924353,0.045524241855808854,1.0,0.0
0.5627641340499078,0.04524900591738805,1.0,0.0
0.5674725526699913,0.04499048763760366,1.0,0.0
0.57220030461857,0.044814504475078086,1.0,0.0
0.5770766836877442,0.04476894333700525,1.0,0.0
0.581976531243853,0.044579423532467535,1.0,0.0
0.5869047846427375,0.044368495138808445,1.0,0.0
0.5918812364824945,0.04399464672717473,1.0,0.0
0.5970741028335101,0.043617989386492126,1.0,0.0
0.6023549281935489,0.04299503115064123,1.0,0.0
0.6070886034498371,0.04518666801542175,1.0,0.0
0.612121381373267,0.043407012460672266,1.0,0.0
0.6383467294144202,0.04472734446909144,1.0,0.0
0.6426194876286366,0.043233673201631524,1.0,0.0
0.6455074406010411,0.0406008227100311,1.0,0.0
0.6522567881982683,0.043686822291948146,1.0,0.0
0.658832125394565,0.04367100358512868,1.0,0.0
0.6621283457250596,0.04548024705440103,1.0,0.0
0.4288419315513441,0.048423137037635254,1.0,0.0
0.43878730649727277,0.04949541636318249,1.0,0.0
0.44405020665689654,0.04821496595051768,1.0,0.0
0.4477935544391437,0.0440000084848854,1.0,0.0
0.44930244939151986,0.0487067039014702,1.0,0.0
0.4546593079224326,0.04864204146300128,1.0,0.0
0.4598253573957343,0.04888802612550042,1.0,0.0
0.4652778843772831,0.04965659246805953,1.0,0.0
0.4701725477876398,0.049547594327234525,1.0,0.0
0.474931522748369,0.04973940390908851,1.0,0.0
0.48004416637271685,0.05034715323727699,1.0,0.0
0.4851590768259229,0.05024079846880949,1.0,0.0
0.49022267122436225,0.05017578110224884,1.0,0.0
0.4952208279654044,0.04992223397591161,1.0,0.0
0.5000260915123553,0.049954106556777386,1.0,0.0
0.5053275872015371,0.05001994021871104,1.0,0.0
0.5102055251478055,0.04771811276086782,1.0,0.0
0.5205706841984205,0.050555964324105286,1.0,0.0
0.52524855224866,0.04890255876730224,1.0,0.0
0.530467234295166,0.04812707394036314,1.0,0.0
0.5353014202466162,0.04939194243375894,1.0,0.0
0.5404022576106302,0.04887577281143976,1.0,0.0
0.5451282139560617,0.04859204729885236,1.0,0.0
0.5497441797989991,0.04829152008892306,1.0,0.0
0.5549582541105972,0.049483139309515346,1.0,0.0
0.5600138253615551,0.049686846279317166,1.0,0.0
0.5648863019432698,0.04945270044052367,1.0,0.0
0.5697071831090577,0.04923593973338154,1.0,0.0
0.5745466931667983,0.04908875391496154,1.0,0.0
0.57941273093039,0.04893060440689858,1.0,0.0
0.5842928023730817,0.04861979768208971,1.0,0.0
0.5893097597927245,0.04839406786714287,1.0,0.0
0.594167539290965,0.04790154631608065,1.0,0.0
0.5990611035096342,0.0475217943673872,1.0,0.0
0.6034122800909324,0.04748397754092095,1.0,0.0
0.6103659953936758,0.04789832243987609,1.0,0.0
0.6150555155154309,0.04657870818378353,1.0,0.0
0.6338222781782994,0.04502424537270583,1.0,0.0
0.6417927395663625,0.048223736154970276,1.0,0.0
0.6471973490074132,0.045032118228201586,1.0,0.0
0.6507806886823287,0.04745315256022223,1.0,0.0
0.6555429813742953,0.04684585991407385,1.0,0.0
0.6590889906898348,0.048825736921308566,1.0,0.0
0.6631393199826527,0.05037517682599961,1.0,0.0
0.6722482508207259,0.0479224484971095,1.0,0.0
0.4243789777666472,0.05450185143603787,1.0,0.0
0.42910956563515645,0.053392329748258895,1.0,0.0
0.43371456871388153,0.051989233897400684,1.0,0.0
0.4379857240579234,0.05372324747362623,1.0,0.0
0.44269522525520916,0.052874416210432866,1.0,0.0
0.44732994167026763,0.05275660046566614,1.0,0.0
0.4523664059146493,0.052851460071904215,1.0,0.0
0.4573710235580514,0.053024434855608246,1.0,0.0
0.46238326523224343,0.05334328823412496,1.0,0.0
0.4675702109389283,0.05383831158162742,1.0,0.0
0.4725174887728117,0.05398743872817448,1.0,0.0
0.47745168261039606,0.054209209495618554,1.0,0.0
0.48262391621217693,0.054412922585055847,1.0,0.0
0.48769819432848416,0.054378801969750985,1.0,0.0
0.49276613282814585,0.05426871657999322,1.0,0.0
0.49774981733539464,0.054203956012318866,1.0,0.0
0.5028556643634039,0.05397617110147896,1.0,0.0
0.5082399785863396,0.053250006538084045,1.0,0.0
0.5130001966486216,0.05348274732280506,1.0,0.0
0.5174266860862016,0.05324480682850216,1.0,0.0
0.5231338151979251,0.05377603886643453,1.0,0.0
0.5279141668293497,0.05284042712350537,1.0,0.0
0.5325556867383017,0.05305164880509201,1.0,0.0
0.537755642412704,0.05330066563479766,1.0,0.0
0.5426390689530899,0.05313423177261989,1.0,0.0
0.5474399083351181,0.052938722771606224,1.0,0.0
0.5521116193297331,0.0530834044048814,1.0,0.0
0.5572124349920633,0.053693423431488974,1.0,0.0
0.5622668104455145,0.053791536105868204,1.0,0.0
0.5671764805394305,0.0536366287459626,1.0,0.0
0.5720380400884888,0.05342962631504193,1.0,0.0
0.5769476708040665,0.05331666854535749,1.0,0.0
0.5817950490659058,0.05305138498265932,1.0,0.0
0.5866574448100866,0.052554231325670046,1.0,0.0
0.5917910342889499,0.05244961255776356,1.0,0.0
0.5966154287789287,0.051826956313510045,1.0,0.0
0.6016691368237819,0.05186377333484032,1.0,0.0
0.6065789107553864,0.05073158510751066,1.0,0.0
0.612249213343934,0.05152443717412961,1.0,0.0
0.6166540162823688,0.05119882613752516,1.0,0.0
0.6584796264963718,0.05279218593859934,1.0,0.0
0.6670944255814374,0.05389074157992568,1.0,0.0
0.6710341307740652,0.05307804799243325,1.0,0.0
0.6751458829822511,0.05247701841528733,1.0,0.0
0.6793703157853062,0.05435433587732101,1.0,0.0
0.683059722733729,0.05658469294910496,1.0,0.0
0.6877385386492612,0.05209628282338577,1.0,0.0
0.6932024681153448,0.05193775608724656,1.0,0.0
0.6992974220339172,0.05167023898032032,1.0,0.0
0.7034963905087913,0.05606366820025989,1.0,0.0
0.7061991004302965,0.051619467493257756,1.0,0.0
0.7141512388573652,0.051724068801757006,1.0,0.0
0.7207378349282868,0.05646331076802412,1.0,0.0
0.4209108253575685,0.05756450575875359,1.0,0.0
0.42640293395381806,0.05811133602654856,1.0,0.0
0.4312306344502559,0.05722441401641264,1.0,0.0
0.4355838337511578,0.05734365778279218,1.0,0.0
0.44070167308117564,0.057587472619803425,1.0,0.0
0.4454152228074844,0.05727556779637095,1.0,0.0
0.45020119358447497,0.057158791183527125,1.0,0.0
0.45508608018882307,0.0572823992628993,1.0,0.0
0.45999916186266027,0.05750238807289206,1.0,0.0
0.4649604385188587,0.05779766953682407,1.0,0.0
0.47001900980405087,0.05816138711422818,1.0,0.0
0.4750156323816377,0.0583532733791997,1.0,0.0
0.48005565043529286,0.058461721521720716,1.0,0.0
0.4851614736718286,0.058562512499560015,1.0,0.0
0.4902360903209328,0.058510474197660645,1.0,0.0
0.49528309830223716,0.058443608436425785,1.0,0.0
0.5003740621157579,0.05824288966044677,1.0,0.0
0.5054967751671572,0.05778331394011334,1.0,0.0
0.5103363431653334,0.057747306091255085,1.0,0.0
0.5152760726365101,0.0578139868568358,1.0,0.0
0.5201643351379285,0.05749342044441505,1.0,0.0
0.5253985096338446,0.057625771313880816,1.0,0.0
0.5301389628010029,0.05739157447604072,1.0,0.0
0.5350456297531303,0.057392088047320024,1.0,0.0
0.5400529495921225,0.05752004267193922,1.0,0.0
0.5449458901991849,0.05742111231692264,1.0,0.0
0.549739540573969,0.057445312839608284,1.0,0.0
0.5545610783397733,0.05761122456006219,1.0,0.0
0.5596031092042364,0.05790485234513946,1.0,0.0
0.5646123346157069,0.05794539244897758,1.0,0.0
0.5695379715098682,0.057818832033954416,1.0,0.0
0.5744130594100176,0.05757637242002937,1.0,0.0
0.5794061432656331,0.05753283603964788,1.0,0.0
0.5841895266265739,0.05712349846738618,1.0,0.0
0.5889432508595005,0.05638612869632701,1.0,0.0
0.5943674122038414,0.05651193517883347,1.0,0.0
0.5989842694716233,0.055726482760052855,1.0,0.0
0.6042500328985607,0.0557737195174253,1.0,0.0
0.6086261502878418,0.05442562960737856,1.0,0.0
0.6583201733424148,0.05690909243967084,1.0,0.0
0.6629474024385923,0.05470263248251143,1.0,0.0
0.6666751019597896,0.05891093763022303,1.0,0.0
0.6708701331013922,0.05770351243480493,1.0,0.0
0.6752257452907195,0.056820969636511155,1.0,0.0
0.6793548188088403,0.05925783276214884,1.0,0.0
0.6869847407917057,0.057318491996618634,1.0,0.0
0.6911200534274783,0.05690593757600636,1.0,0.0
0.6954209628976602,0.05686472122612849,1.0,0.0
0.6995888914441639,0.05646675112280219,1.0,0.0
0.7074802597966202,0.05663499415717491,1.0,0.0
0.7117659982610276,0.05639487113163057,1.0,0.0
0.7162349528609484,0.05635000854792644,1.0,0.0
0.7252027695863617,0.057574309176160104,1.0,0.0
0.7276822062690815,0.053336342866767555,1.0,0.0
0.7296994137412192,0.05839382022573565,1.0,0.0
0.7344021011953409,0.058607882148180405,1.0,0.0
0.7393777902918256,0.05973170078421933,1.0,0.0
0.41862057506084455,0.06214558453174522,1.0,0.0
0.4234666510487813,0.061869047680186785,1.0,0.0
0.4286596781234137,0.06196231060426286,1.0,0.0
0.43336844751673287,0.061801439894921865,1.0,0.0
0.4381928298716738,0.06172006594848,1.0,0.0
0.44316725493255915,0.061799941894301956,1.0,0.0
0.4479985267815068,0.061625619002177855,1.0,0.0
0.45282216207363685,0.06161307486448581,1.0,0.0
0.4576882946724506,0.06175913867102237,1.0,0.0
0.46258915534958744,0.06197667454509794,1.0,0.0
0.46753569249550914,0.06223522165202365,1.0,0.0
0.4725534156413351,0.062498039834907516,1.0,0.0
0.4775816653809989,0.06262793242923073,1.0,0.0
0.4826218909054698,0.06269876527004123,1.0,0.0
0.48769681771051954,0.06272595419260084,1.0,0.0
0.49275237451124193,0.06267493711384453,1.0,0.0
0.49782477190739843,0.06252962799054569,1.0,0.0
0.5028872926803164,0.06225067280696075,1.0,0.0
0.5077966387809884,0.062118084139321,1.0,0.0
0.5127316134957235,0.062069099036480946,1.0,0.0
0.5177439142266951,0.06196327264104808,1.0,0.0
0.522663234697281,0.06177324262489092,1.0,0.0
0.5276659773255844,0.06186647146805491,1.0,0.0
0.5325490973143842,0.06172924702143269,1.0,0.0
0.537460463650634,0.061740405322201236,1.0,0.0
0.5424161300964783,0.061790901395852124,1.0,0.0
0.5472902177187473,0.06180244061621438,1.0,0.0
0.5521466498088207,0.06187652358784082,1.0,0.0
0.5570458672644156,0.06199125393319568,1.0,0.0
0.5620438734276493,0.062131039681435414,1.0,0.0
0.5670240127858259,0.062123842159831744,1.0,0.0
0.571954310734619,0.06200087470823774,1.0,0.0
0.5768108940978407,0.061649658972197194,1.0,0.0
0.5819566921605498,0.061781033085579855,1.0,0.0
0.5865241345936263,0.06119917585702021,1.0,0.0
0.5912448413375133,0.05983959665419572,1.0,0.0
0.5968849718358155,0.06083634516606229,1.0,0.0
0.6007123702016552,0.05950428612879699,1.0,0.0
0.6623644083305434,0.05875151645773181,1.0,0.0
0.6697735723273288,0.0625048171383547,1.0,0.0
0.6745275677676229,0.0612354643766983,1.0,0.0
0.6787986922182594,0.06343115310028172,1.0,0.0
0.6838202324044981,0.0616994596573496,1.0,0.0
0.688820228058778,0.061647992151523064,1.0,0.0
0.6936368815046893,0.06138810946664106,1.0,0.0
0.698562660323227,0.06111245314093717,1.0,0.0
0.7034957672637254,0.06069628194431481,1.0,0.0
0.7085230029420415,0.06099129604084559,1.0,0.0
0.7133246712794066,0.06090860116104428,1.0,0.0
0.71801513647227,0.06098392660239448,1.0,0.0
0.7225195405735164,0.06153221619505852,1.0,0.0
0.7271379429088027,0.06240465659034784,1.0,0.0
0.7318846894640573,0.06286671177825226,1.0,0.0
0.7364491635479709,0.06334383871163717,1.0,0.0
0.7412575983636113,0.06386886239289587,1.0,0.0
0.41567348733148046,0.06641351129516436,1.0,0.0
0.4208580710453457,0.0662444777585343,1.0,0.0
0.4258752171283575,0.06608854114420532,1.0,0.0
0.4308924558732674,0.0662146731679285,1.0,0.0
0.43580151720293336,0.06609839776466572,1.0,0.0
0.4407015064779992,0.06605276273282266,1.0,0.0
0.44565201395964577,0.06606065119456214,1.0,0.0
0.4505166672730163,0.06600744107911351,1.0,0.0
0.4553709967742556,0.06606685233721304,1.0,0.0
0.46025021352908563,0.06622425037142407,1.0,0.0
0.4651595939507199,0.06642626060577479,1.0,0.0
0.4701112267008638,0.06663446622997987,1.0,0.0
0.4751178066830513,0.06680516472585704,1.0,0.0
0.4801354706108192,0.06689447437679288,1.0,0.0
0.4851664352290488,0.06692414562169487,1.0,0.0
0.4902133906310868,0.06691062450096535,1.0,0.0
0.4952646452024645,0.06681105142854617,1.0,0.0
0.5003037006026662,0.06663308671643213,1.0,0.0
0.5052648996019369,0.06649665791229874,1.0,0.0
0.5102149810791164,0.06639099289961806,1.0,0.0
0.5151954373822467,0.06628398522744333,1.0,0.0
0.5201705918489538,0.06618119588224808,1.0,0.0
0.5250872263778908,0.06610496209494218,1.0,0.0
0.5300639461729831,0.06611448918839108,1.0,0.0
0.5349734839484896,0.06605747041937525,1.0,0.0
0.5398944139237967,0.0660677231162784,1.0,0.0
0.5448185701273525,0.06612134285858651,1.0,0.0
0.5497155508689564,0.06616860380607763,1.0,0.0
0.554618572133175,0.06623545542709082,1.0,0.0
0.5595489694926983,0.06630584327544749,1.0,0.0
0.5645237420415999,0.06635904135290958,1.0,0.0
0.5694880359967743,0.06631217824216375,1.0,0.0
0.5744318033513317,0.06618015415860717,1.0,0.0
0.5792421159131231,0.0655507933902131,1.0,0.0
0.5845369977134417,0.06627315328306721,1.0,0.0
0.5891637424228877,0.06475467461384388,1.0,0.0
0.5933903937577808,0.06313678646540662,1.0,0.0
0.6736595348367295,0.06555743030731893,1.0,0.0
0.6774060163886314,0.0676677402889297,1.0,0.0
0.6821541030210472,0.06659024979576042,1.0,0.0
0.6866569205832265,0.06600016514765358,1.0,0.0
0.6914633282207855,0.06586906530782849,1.0,0.0
0.6962884574442851,0.06558285367460502,1.0,0.0
0.7011419751002751,0.06528676273051984,1.0,0.0
0.7058940585104958,0.0652046079695622,1.0,0.0
0.7107613883853732,0.06536842317035176,1.0,0.0
0.7155015660881121,0.0654428532607956,1.0,0.0
0.7201308122444673,0.06579809566896345,1.0,0.0
0.7247533297792788,0.06640905185200281,1.0,0.0
0.7295355180075408,0.06698128935034244,1.0,0.0
0.7342962693598185,0.06748346834440185,1.0,0.0
0.7390880752976606,0.06785675973087547,1.0,0.0
0.7439987684234715,0.06822759215050081,1.0,0.0
0.41327644907946876,0.07022915050827114,1.0,0.0
0.41839031168142043,0.07043316312491593,1.0,0.0
0.42339971605343896,0.07039615038075846,1.0,0.0
0.428337797321017,0.07039244034326007,1.0,0.0
0.4333345334221727,0.07043228885570273,1.0,0.0
0.4382700428380744,0.07038071540464423,1.0,0.0
0.443198861845569,0.07035722354505931,1.0,0.0
0.44813055839191906,0.07037686392696411,1.0,0.0
0.4530172284313528,0.07040392604788238,1.0,0.0
0.45789843767023297,0.07050639314555082,1.0,0.0
0.4627963651003783,0.07066640126476405,1.0,0.0
0.4677198222624969,0.07084205039943806,1.0,0.0
0.47267729504480166,0.07099556665370993,1.0,0.0
0.47766697914612544,0.07110834514460776,1.0,0.0
0.48267049679803786,0.07115622037196523,1.0,0.0
0.4876854653063634,0.07115121154764428,1.0,0.0
0.49271527630437534,0.07109051110586555,1.0,0.0
0.4977384603425122,0.07096888554034701,1.0,0.0
0.502724624860869,0.07084803016572566,1.0,0.0
0.5076965700861459,0.07073180140983566,1.0,0.0
0.5126720428195379,0.07061616071390468,1.0,0.0
0.5176451532039317,0.07051695780277295,1.0,0.0
0.5226009573254088,0.07045115152272168,1.0,0.0
0.5275430732609012,0.0703977648422711,1.0,0.0
0.5324999903413885,0.07039379263861076,1.0,0.0
0.5374262095145559,0.0703739444813313,1.0,0.0
0.5423502984788314,0.07040024356496428,1.0,0.0
0.547277577739712,0.07045284182933319,1.0,0.0
0.5521984868068314,0.0705026178887652,1.0,0.0
0.5571227813432006,0.07055413764392544,1.0,0.0
0.562049607827906,0.07059522462734975,1.0,0.0
0.5669617141258724,0.0706113579977104,1.0,0.0
0.5717885611388511,0.07056630618828279,1.0,0.0
0.5764315568740317,0.0705087593084649,1.0,0.0
0.5804203072012759,0.0694326709690374,1.0,0.0
0.6740880258083566,0.07090977237500214,1.0,0.0
0.6794758778412234,0.07129838065706585,1.0,0.0
0.6842759873692396,0.07071688993131595,1.0,0.0
0.689030547476654,0.0702980194048856,1.0,0.0
0.6938942419761135,0.07008405598043596,1.0,0.0
0.6987269052785301,0.0698241390837361,1.0,0.0
0.7035027064354298,0.06969320373762267,1.0,0.0
0.7082633201733968,0.06969893075472854,1.0,0.0
0.7130527310360485,0.06985670440098116,1.0,0.0
0.7177590796209726,0.07010809326179519,1.0,0.0
0.722445215204476,0.07055721581280404,1.0,0.0
0.727205957416731,0.07104838217921232,1.0,0.0
0.7320289376468371,0.07154097918135828,1.0,0.0
0.7369148744878865,0.07192271174190937,1.0,0.0
0.7418673445682388,0.07216774469218121,1.0,0.0
0.7470749305452962,0.07170137882349918,1.0,0.0
0.3998143107068638,0.0735647152767446,1.0,0.0
0.40644940391593,0.07463637304626193,1.0,0.0
0.4109423325096125,0.07425101522613434,1.0,0.0
0.4158664476014907,0.07453352235811382,1.0,0.0
0.42086922168066937,0.07464123962819118,1.0,0.0
0.4258342924618421,0.07465931230077544,1.0,0.0
0.43079729287350244,0.0746603547344647,1.0,0.0
0.4357793109874565,0.07467906052272996,1.0,0.0
0.4407330737135989,0.07466157000394823,1.0,0.0
0.4456744526432225,0.07467171706122368,1.0,0.0
0.4506071503395043,0.07472294370317806,1.0,0.0
0.45551503688370315,0.07480204190948254,1.0,0.0
0.4604192355953855,0.07492947319746171,1.0,0.0
0.4653343674621246,0.07508401730434794,1.0,0.0
0.47026678757223295,0.07522969204350033,1.0,0.0
0.4752188594695078,0.07534141008160687,1.0,0.0
0.4801937335385099,0.07540791161500054,1.0,0.0
0.48518187759827636,0.07541749317229497,1.0,0.0
0.49018352880005284,0.07537359032132376,1.0,0.0
0.49519131136341876,0.0752852468176841,1.0,0.0
0.5001852324769295,0.07517898072299697,1.0,0.0
0.5051715201265752,0.07506544308084269,1.0,0.0
0.5101556388704003,0.07494936233169971,1.0,0.0
0.515135491465937,0.07484461088562637,1.0,0.0
0.5201034986437639,0.07477102715642409,1.0,0.0
0.5250652417341969,0.07471783245502117,1.0,0.0
0.5300169743775192,0.07468469452432903,1.0,0.0
0.5349701960301799,0.07468291827730292,1.0,0.0
0.5399073908668349,0.07468816947255182,1.0,0.0
0.5448464403149696,0.07472021455964416,1.0,0.0
0.549792994098629,0.07476520970752712,1.0,0.0
0.5547444077387784,0.07480678587307399,1.0,0.0
0.55970536946755,0.07484320026011926,1.0,0.0
0.5646782450347425,0.07486696086620488,1.0,0.0
0.5696665553211283,0.07486852554195705,1.0,0.0
0.5746721267145676,0.07483799292073948,1.0,0.0
0.5797759560985469,0.0745736262314712,1.0,0.0
0.5851121924136977,0.07532793769021656,1.0,0.0
0.5900563576817256,0.07703745061366361,1.0,0.0
0.5931561186449978,0.07269514107482122,1.0,0.0
0.6009812054106696,0.07322923091475211,1.0,0.0
0.6081363592618887,0.07407594442933174,1.0,0.0
0.6659329351609078,0.07653954562501379,1.0,0.0
0.6707336296683388,0.07440018657195828,1.0,0.0
0.6762090095842507,0.0749499140327573,1.0,0.0
0.6815648435362979,0.07517772258371946,1.0,0.0
0.6865388912345366,0.07482555903472701,1.0,0.0
0.6914113486292258,0.07452109645395437,1.0,0.0
0.6962816619266861,0.0743216334173797,1.0,0.0
0.7010904466378843,0.07417393954002834,1.0,0.0
0.705869306421156,0.074131288627174,1.0,0.0
0.7106337577168431,0.07420729543941351,1.0,0.0
0.7153919463608233,0.07442895002160294,1.0,0.0
0.7201272898213341,0.07476421953285173,1.0,0.0
0.7249021432981387,0.07517260086167345,1.0,0.0
0.7297325249606027,0.07559624820941543,1.0,0.0
0.7346459485316027,0.07595998113370278,1.0,0.0
0.7396473997973996,0.07618946384094002,1.0,0.0
0.7447992757630113,0.0760089729286983,1.0,0.0
0.7498159461231092,0.0757763870846215,1.0,0.0
0.3825174622401566,0.08291915369112345,1.0,0.0
0.38764113880543505,0.08123489201661399,1.0,0.0
0.39338603841876485,0.07966183223327598,1.0,0.0
0.3986134732981747,0.07887339910435973,1.0,0.0
0.4031311709441629,0.07786437292736709,1.0,0.0
0.4083592554275908,0.07877199770311116,1.0,0.0
0.41325614851129727,0.07868230673196831,1.0,0.0
0.4182604642059076,0.078819726153726,1.0,0.0
0.4232669957477762,0.07889376220969145,1.0,0.0
0.4282559411560573,0.07891242492265052,1.0,0.0
0.4332367264926841,0.0789207178529488,1.0,0.0
0.43822082616941566,0.07893727223693321,1.0,0.0
0.4431871892834325,0.078950808528725,1.0,0.0
0.4481422687139068,0.07899567045109322,1.0,0.0
0.4530875429260904,0.07908138753192615,1.0,0.0
0.4580154159770467,0.07919639513751998,1.0,0.0
0.4629373982486101,0.07933818103974585,1.0,0.0
0.46786264710541464,0.07948482761642821,1.0,0.0
0.47279283798526656,0.07960622070882267,1.0,0.0
0.4777336705634353,0.07967885664028428,1.0,0.0
0.4826957244519072,0.07970434552215654,1.0,0.0
0.48767240161746606,0.07967347389672122,1.0,0.0
0.49266151001423336,0.07959881577785594,1.0,0.0
0.497653102739405,0.07950153339686589,1.0,0.0
0.5026456843018063,0.07939054896501786,1.0,0.0
0.5076394238153386,0.079274480997517,1.0,0.0
0.5126334950908183,0.07916380944654851,1.0,0.0
0.5176132216801016,0.07908397973224648,1.0,0.0
0.5225868105592739,0.07902389618434165,1.0,0.0
0.5275539718361939,0.07898526321499112,1.0,0.0
0.532511603546522,0.07896933875212558,1.0,0.0
0.5374670299738783,0.07897540110019671,1.0,0.0
0.5424187930275824,0.07899005575497821,1.0,0.0
0.5473771221028988,0.07901843769825988,1.0,0.0
0.5523457548884009,0.0790511575024979,1.0,0.0
0.5573223928710719,0.07907917821933931,1.0,0.0
0.5623063729521309,0.07909858484264684,1.0,0.0
0.5672942666564363,0.07910185196896613,1.0,0.0
0.5722771884418265,0.07908108188355742,1.0,0.0
0.5772472080443446,0.07894671340283085,1.0,0.0
0.582009032940717,0.07901295049872778,1.0,0.0
0.5867398228477724,0.07973128239483793,1.0,0.0
0.5941871920590591,0.07773612041882241,1.0,0.0
0.5986234605678082,0.07775174416008437,1.0,0.0
0.6032271997647246,0.07807869432134816,1.0,0.0
0.6078217865669073,0.07867278559763824,1.0,0.0
0.6126077757446097,0.0790192727667695,1.0,0.0
0.6156737768628938,0.07564779048531199,1.0,0.0
0.6245101483005053,0.07781712262100016,1.0,0.0
0.6543045981945855,0.07841844600020265,1.0,0.0
0.6592729385344165,0.08188318861016178,1.0,0.0
0.6642569070102604,0.08073386570197776,1.0,0.0
0.6693020719457967,0.07946016587787078,1.0,0.0
0.6738184164120676,0.07884219418792587,1.0,0.0
0.6788767876832389,0.07910267017172327,1.0,0.0
0.6840075190461113,0.07918443495130044,1.0,0.0
0.6889538299301469,0.07896654332165179,1.0,0.0
0.6938261944789134,0.07875684342259279,1.0,0.0
0.6986684936884199,0.07862772096117243,1.0,0.0
0.7034733663850553,0.07856177746687837,1.0,0.0
0.7082563725973335,0.07859256407097269,1.0,0.0
0.7130253997583068,0.07873998261125735,1.0,0.0
0.717796192138787,0.07900699247058644,1.0,0.0
0.7225869019017078,0.07933811153179408,1.0,0.0
0.7274213965122174,0.0796974468484607,1.0,0.0
0.7323223550683782,0.0800196377577083,1.0,0.0
0.7373038562358298,0.08024150154554861,1.0,0.0
0.7423806066238708,0.08022282029374773,1.0,0.0
0.7473912286746046,0.08013388253611307,1.0,0.0
0.7522821534137386,0.08025778047004473,1.0,0.0
0.37432094969151286,0.08454617207741784,1.0,0.0
0.37844907691436946,0.08273590283238602,1.0,0.0
0.3865641963762471,0.08522146550452422,1.0,0.0
0.39146888213455366,0.08401130974997328,1.0,0.0
0.3963516842297578,0.0834091587781538,1.0,0.0
0.40116450135336146,0.08286692784301328,1.0,0.0
0.4057288185172205,0.08260588306584049,1.0,0.0
0.41077476415287834,0.08299950700883077,1.0,0.0
0.415708206071257,0.08300985055410375,1.0,0.0
0.4206945742440519,0.08309357476416221,1.0,0.0
0.4256930680831714,0.0831423257354006,1.0,0.0
0.4306853287590705,0.08316308513344406,1.0,0.0
0.43567296232444686,0.083178214031598,1.0,0.0
0.4406601826213236,0.0832043571803193,1.0,0.0
0.4456387354455058,0.08324604644377441,1.0,0.0
0.450610636736747,0.08332374955666132,1.0,0.0
0.4555744676599102,0.08344425634727083,1.0,0.0
0.4605192587239146,0.0835877930126039,1.0,0.0
0.4654509643480911,0.08374053359676806,1.0,0.0
0.4703759188905449,0.08388338018606337,1.0,0.0
0.4752952886427176,0.0839806643135038,1.0,0.0
0.48022032391960634,0.08400881589370075,1.0,0.0
0.4851766993414029,0.08399213450018664,1.0,0.0
0.4901475298346613,0.08392258829655484,1.0,0.0
0.49513086172582266,0.08382629292694072,1.0,0.0
0.5001233130816665,0.08371319724748685,1.0,0.0
0.5051236879658407,0.08359272083838581,1.0,0.0
0.5101364744096932,0.08347009708407156,1.0,0.0
0.5151280000814518,0.08338965166468089,1.0,0.0
0.5201134001344354,0.0833224684789622,1.0,0.0
0.5250937953747744,0.08327574455467217,1.0,0.0
0.530062073060307,0.08325637121605653,1.0,0.0
0.535023564089389,0.08325286900179352,1.0,0.0
0.5399879905213449,0.08326007029759579,1.0,0.0
0.5449573873930694,0.08327296790547521,1.0,0.0
0.5499387236489653,0.08329055780474835,1.0,0.0
0.5549326352529345,0.08330905938423182,1.0,0.0
0.5599374943643862,0.08332225254212378,1.0,0.0
0.5649533283773711,0.08332488213174394,1.0,0.0
0.5699807374352955,0.08331001471113339,1.0,0.0
0.5750267077988253,0.08324278480483605,1.0,0.0
0.5800361347602142,0.08325851074944796,1.0,0.0
0.5850950813875211,0.08343691626442942,1.0,0.0
0.5907525942671896,0.08222369008513856,1.0,0.0
0.5957434347640984,0.08223152085280046,1.0,0.0
0.6006549912159824,0.0823394737153477,1.0,0.0
0.60559770034295,0.08268908720108481,1.0,0.0
0.6108118993971758,0.08282134104693763,1.0,0.0
0.6164346404217775,0.081274294861228,1.0,0.0
0.621332575038525,0.08149150871806637,1.0,0.0
0.6265026814826592,0.08234341547051406,1.0,0.0
0.6322252662887424,0.08239073328598073,1.0,0.0
0.6361804167697483,0.08482690387225172,1.0,0.0
0.6409116789482101,0.08512693025903445,1.0,0.0
0.6456393624784801,0.08386683328360497,1.0,0.0
0.6506122140964822,0.08326001796760912,1.0,0.0
0.6551953171513969,0.08357507683213382,1.0,0.0
0.6622616807508479,0.08494374596455412,1.0,0.0
0.6671942057408593,0.08414543122300366,1.0,0.0
0.6718565641626135,0.08358326942472939,1.0,0.0
0.6765110964580775,0.08325867346503704,1.0,0.0
0.6814520238687465,0.0833253079258043,1.0,0.0
0.6864526457940662,0.08331850806514877,1.0,0.0
0.69136724471475,0.08317117375241417,1.0,0.0
0.6962294174421971,0.08304086742422434,1.0,0.0
0.7010644905887433,0.08297420143226682,1.0,0.0
0.7058731475558094,0.08297652160101127,1.0,0.0
0.7106654411528569,0.08307238946675334,1.0,0.0
0.7154543298242602,0.08326796938540161,1.0,0.0
0.7202613218407627,0.08353831934387683,1.0,0.0
0.7250994339064235,0.08383995682294942,1.0,0.0
0.7299867553904388,0.08412567155889811,1.0,0.0
0.7349303096113564,0.08434202167885613,1.0,0.0
0.7399246027136169,0.08441759248438464,1.0,0.0
0.7448668732354666,0.08443189725877207,1.0,0.0
0.7496939381263424,0.08451392657351056,1.0,0.0
0.75445119473676,0.08476746088185863,1.0,0.0
0.7595745044196991,0.08552180310089662,1.0,0.0
0.7641694567925345,0.0870143186042586,1.0,0.0
0.3701258097241664,0.08808060501540951,1.0,0.0
0.37466662101060316,0.08879622027391965,1.0,0.0
0.3790755130220124,0.08745838011220833,1.0,0.0
0.38355311965602,0.08819700709281182,1.0,0.0
0.3890802221364432,0.08861739530651296,1.0,0.0
0.39392635341026616,0.08798650352728477,1.0,0.0
0.39874265420572524,0.0875184212199452,1.0,0.0
0.40348775545173826,0.08722837133700097,1.0,0.0
0.40823294819857137,0.08711519855771718,1.0,0.0
0.41320071306339334,0.08728764842472661,1.0,0.0
0.4181455307530043,0.08731338131162523,1.0,0.0
0.42312442125967253,0.08736004494716948,1.0,0.0
0.42811756064452156,0.08739287170768015,1.0,0.0
0.4331112810781706,0.08741499540989368,1.0,0.0
0.43810239359730774,0.08743715280635965,1.0,0.0
0.4430955703561989,0.08747572120257867,1.0,0.0
0.4480889309003164,0.08754228542927618,1.0,0.0
0.4530815783523875,0.08765120849437978,1.0,0.0
0.4580684207883323,0.08781090340275285,1.0,0.0
0.4630245664605662,0.08798359170063531,1.0,0.0
0.4679543040027868,0.08814968651087961,1.0,0.0
0.4728710077944055,0.08829034279100513,1.0,0.0
0.4777715187507472,0.08835736795540959,1.0,0.0
0.48267990063569643,0.08832113891829607,1.0,0.0
0.4876468374986641,0.08826356700198776,1.0,0.0
0.49261789391930555,0.08816115772464371,1.0,0.0
0.49760668282094095,0.08804163778329353,1.0,0.0
0.5026084949110726,0.08791035891354486,1.0,0.0
0.5076479407180333,0.08776027312215695,1.0,0.0
0.5126475086642828,0.08768734388081523,1.0,0.0
0.5176443096394846,0.0876137894921678,1.0,0.0
0.5226397159772042,0.08755687444091162,1.0,0.0
0.5276154613394028,0.0875373835370584,1.0,0.0
0.5325813613193227,0.08753146081248114,1.0,0.0
0.5375504985674557,0.08752785171727986,1.0,0.0
0.5425280171746287,0.08752939328228669,1.0,0.0
0.5475193890568234,0.08753040329349694,1.0,0.0
0.552524831443427,0.08753456607208379,1.0,0.0
0.5575431698104855,0.08753826118302305,1.0,0.0
0.5625732584211074,0.08753512371960324,1.0,0.0
0.5676157128375816,0.08751805111242929,1.0,0.0
0.5726739076887796,0.08746950406378108,1.0,0.0
0.5777279708999341,0.08743999267252081,1.0,0.0
0.5828349037910607,0.08741722070713796,1.0,0.0
0.5882072706679213,0.08676130627096436,1.0,0.0
0.5931613018871029,0.08655486724630614,1.0,0.0
0.5981471721185905,0.08660234022634422,1.0,0.0
0.603151572803777,0.0867410459857953,1.0,0.0
0.6083502172227722,0.08674718153964806,1.0,0.0
0.6137917906811111,0.0860469843198197,1.0,0.0
0.6186211125555926,0.08582775773085938,1.0,0.0
0.6235274736238364,0.08613411371483011,1.0,0.0
0.6287107007192666,0.08642884130563398,1.0,0.0
0.6331401335676111,0.08776128069862654,1.0,0.0
0.6383931428302353,0.08894107260342442,1.0,0.0
0.6437416868388667,0.08854961535904826,1.0,0.0
0.6485878393996736,0.08779494258531673,1.0,0.0
0.6534263120834188,0.08777068812887444,1.0,0.0
0.6585452076056209,0.08747000925764277,1.0,0.0
0.6642258178447806,0.0884887724368975,1.0,0.0
0.6692656271353654,0.08815547372376559,1.0,0.0
0.6741255967491259,0.08779101797271222,1.0,0.0
0.6789632762508951,0.08757737111881993,1.0,0.0
0.6839090611344866,0.08755890440678252,1.0,0.0
0.6888679536594271,0.0875182630309019,1.0,0.0
0.6937713496872697,0.0874247669146786,1.0,0.0
0.6986350264161599,0.08735688777947977,1.0,0.0
0.703473695490061,0.08734735854961015,1.0,0.0
0.7082927026254441,0.08740816572848212,1.0,0.0
0.7131042958875721,0.08755045566684357,1.0,0.0
0.7179253928110115,0.08776233108149802,1.0,0.0
0.7227719674199757,0.08801514760943556,1.0,0.0
0.7276557402331081,0.08826701431997404,1.0,0.0
0.7325818639869125,0.08847824970176454,1.0,0.0
0.7375398431013719,0.08860825980824678,1.0,0.0
0.7424666766948345,0.08869831533459122,1.0,0.0
0.747304292640919,0.08881770784486728,1.0,0.0
0.7520224831143296,0.08902188972211067,1.0,0.0
0.7566095295319565,0.08930774941531876,1.0,0.0
0.7610185613584737,0.0900117686848039,1.0,0.0
0.3592058132143926,0.09105794884614447,1.0,0.0
0.3664151246584548,0.09149932699293958,1.0,0.0
0.37137127619650967,0.09253192555952383,1.0,0.0
0.37654904998329747,0.0925339082799527,1.0,0.0
0.3810926524308795,0.09224283905387805,1.0,0.0
0.3860999658824355,0.09234650251814237,1.0,0.0
0.39129709670281393,0.09250207421051161,1.0,0.0
0.39618884356897643,0.0920799453377309,1.0,0.0
0.40101390025942796,0.09176641021769259,1.0,0.0
0.4058264330811102,0.09157580111087768,1.0,0.0
0.4106652622962583,0.09151120688010675,1.0,0.0
0.41561310023705333,0.09158197232564305,1.0,0.0
0.42056625293771277,0.09159853164325397,1.0,0.0
0.4255416317201634,0.09161985379415008,1.0,0.0
0.4305340852524404,0.09164328584101465,1.0,0.0
0.43552999358970845,0.0916688984846026,1.0,0.0
0.4405234242221293,0.09169630659334346,1.0,0.0
0.44552471169965735,0.0917456182691399,1.0,0.0
0.4505360037123892,0.09183403677701638,1.0,0.0
0.4555536481042555,0.09197436993579211,1.0,0.0
0.4605697183063163,0.09218773126213575,1.0,0.0
0.4655259364620479,0.0923993283612506,1.0,0.0
0.47044202569329524,0.0925752256428193,1.0,0.0
0.47534374993366874,0.092715027729612,1.0,0.0
0.4802227003807849,0.09272943806437081,1.0,0.0
0.4851200928897887,0.09259050402345421,1.0,0.0
0.49011948067465677,0.09251745047980833,1.0,0.0
0.4950936416021927,0.0923808455983397,1.0,0.0
0.5000923025523396,0.09223888322743355,1.0,0.0
0.5051768582465018,0.09202716611529824,1.0,0.0
0.5101741939846159,0.09198025277592799,1.0,0.0
0.5151794629431051,0.09189864870289251,1.0,0.0
0.5201950758381607,0.09182546919162277,1.0,0.0
0.5251752930511584,0.09181318142967232,1.0,0.0
0.5301386346833337,0.09181132565535352,1.0,0.0
0.5351083652836535,0.09179973966925958,1.0,0.0
0.5400873591182392,0.09178912922937292,1.0,0.0
0.5450867104188278,0.09177272326478016,1.0,0.0
0.5501018413397699,0.0917603914921423,1.0,0.0
0.555129988815898,0.09175180074782556,1.0,0.0
0.5601694166091555,0.09174154756053604,1.0,0.0
0.565219803000385,0.09172166267915305,1.0,0.0
0.5702829660031038,0.09168045064211892,1.0,0.0
0.5753528695020267,0.09163219080156638,1.0,0.0
0.5804594345771525,0.09154869482355224,1.0,0.0
0.5856762801355491,0.09117276318669343,1.0,0.0
0.5906855701996409,0.09096749394208226,1.0,0.0
0.5956561664667532,0.09087415596723433,1.0,0.0
0.6006775133443045,0.09090836651611378,1.0,0.0
0.605804227639859,0.09085556984334395,1.0,0.0
0.6110409789416734,0.09051060863268987,1.0,0.0
0.6159928824375615,0.0903549034305145,1.0,0.0
0.6208479160825906,0.09037229535164415,1.0,0.0
0.6257813103337856,0.09057985602527495,1.0,0.0
0.6304842225919244,0.09144991309770666,1.0,0.0
0.6355163970928439,0.09220380288765109,1.0,0.0
0.641031889992828,0.0925491548458155,1.0,0.0
0.6462436032351564,0.09234311457577452,1.0,0.0
0.651138895323977,0.09204310879043857,1.0,0.0
0.6561700466055325,0.09181180714246752,1.0,0.0
0.6611265879504185,0.0918397380131755,1.0,0.0
0.6664938710906689,0.09235717451283419,1.0,0.0
0.6715647283341399,0.09219728761958981,1.0,0.0
0.6764992146230671,0.09197307682412025,1.0,0.0
0.6814063486624894,0.09183372256394763,1.0,0.0
0.6863507528358095,0.0917944261931118,1.0,0.0
0.6912883926830788,0.09175716571790336,1.0,0.0
0.6961871871260583,0.09171022108999338,1.0,0.0
0.7010548073497146,0.0916959866348103,1.0,0.0
0.7059016965599497,0.09173707841005085,1.0,0.0
0.7107371451265413,0.09184147219280722,1.0,0.0
0.7155756780148056,0.0920062894926586,1.0,0.0
0.7204322744003553,0.09221309080015185,1.0,0.0
0.7253199949754217,0.09243184055099954,1.0,0.0
0.7302449285685237,0.09262979875530307,1.0,0.0
0.7352037550149869,0.09278126191941878,1.0,0.0
0.7401686100368321,0.09290588654206254,1.0,0.0
0.7451190880310302,0.09304535525531972,1.0,0.0
0.7500595133983131,0.09323636461331128,1.0,0.0
0.7550226461533206,0.09347606613650178,1.0,0.0
0.7600222522799839,0.093865732545694,1.0,0.0
0.765210549699531,0.09199534477723573,1.0,0.0
0.768734068288493,0.09458676941478918,1.0,0.0
0.3018228385859848,0.09528248931884883,1.0,0.0
0.307538248837806,0.09910843461728377,1.0,0.0
0.31179718609832296,0.0956912030258821,1.0,0.0
0.3481712539898178,0.0952729768596663,1.0,0.0
0.3523196382643719,0.0940464980306677,1.0,0.0
0.35911503856699095,0.09616312694677727,1.0,0.0
0.3632740454303775,0.09488844334335932,1.0,0.0
0.3682447062166491,0.09607453392890324,1.0,0.0
0.37348441811844285,0.09656610375140706,1.0,0.0
0.37851928734207785,0.09672234470451076,1.0,0.0
0.3834177383204125,0.0965157520379071,1.0,0.0
0.3884326569614227,0.09653084844245949,1.0,0.0
0.39352322748092516,0.09652460704194492,1.0,0.0
0.39843748251968913,0.09624546199397063,1.0,0.0
0.40330775709608047,0.09602386687491134,1.0,0.0
0.40817469501280407,0.09589191640766029,1.0,0.0
0.4130662662950024,0.09584422933211897,1.0,0.0
0.41801414196959974,0.09586636000273047,1.0,0.0
0.4229726047663206,0.09587108564129306,1.0,0.0
0.4279450554735332,0.09587174210993187,1.0,0.0
0.4329411163255602,0.0958921515691994,1.0,0.0
0.4379407473075286,0.09592495973817652,1.0,0.0
0.442933486819996,0.09595296468672163,1.0,0.0
0.4479430431478844,0.09600833832214821,1.0,0.0
0.45297478988452317,0.09611610192306001,1.0,0.0
0.4580227576461151,0.09628875462830308,1.0,0.0
0.46307486866515946,0.09659492316711181,1.0,0.0
0.46802042448095427,0.09684943506296005,1.0,0.0
0.4729000053134016,0.09702776466507361,1.0,0.0
0.4777970926812879,0.09715326129692778,1.0,0.0
0.48267016183005496,0.09706881627121819,1.0,0.0
0.4875369090844274,0.09679660726160731,1.0,0.0
0.4926075241128913,0.09675945440486948,1.0,0.0
0.49755956377350563,0.09658677857647936,1.0,0.0
0.502746496990658,0.0962531184868168,1.0,0.0
0.5077123292821095,0.09627777586340583,1.0,0.0
0.5127186046442013,0.09618171692789185,1.0,0.0
0.5177665017505267,0.09607416363218647,1.0,0.0
0.5227474074740587,0.096082954474338,1.0,0.0
0.527697618619872,0.09609710887896995,1.0,0.0
0.5326611786955024,0.09607850257395603,1.0,0.0
0.5376346091023472,0.09605812694018984,1.0,0.0
0.5426395526234757,0.09601895905596208,1.0,0.0
0.547664168147994,0.09598773071389831,1.0,0.0
0.5527012853733232,0.09596530793358189,1.0,0.0
0.5577474442795725,0.09594703524452412,1.0,0.0
0.5628016477658656,0.09592469898409701,1.0,0.0
0.5678647834848151,0.09588773102138504,1.0,0.0
0.5729356682822151,0.09583561384993591,1.0,0.0
0.5780282195463244,0.0957449003398649,1.0,0.0
0.5831631503901363,0.09551214689492317,1.0,0.0
0.5881959749074451,0.0953382576604058,1.0,0.0
0.5931899390825406,0.09521296495224205,1.0,0.0
0.5981885966292495,0.09514764215933401,1.0,0.0
0.6032553401150146,0.09507543855884838,1.0,0.0
0.6083664040862081,0.09487965525636746,1.0,0.0
0.6133505657299674,0.09477285526384378,1.0,0.0
0.6182620498425814,0.09475465751465109,1.0,0.0
0.6231447033913838,0.09485342513329234,1.0,0.0
0.6279456208062668,0.09536928487362588,1.0,0.0
0.6329395874852496,0.09593849581472125,1.0,0.0
0.6381917416194459,0.09621951089879276,1.0,0.0
0.6435217770173276,0.09642590238129678,1.0,0.0
0.6486632548950312,0.09636730295235728,1.0,0.0
0.6536886452906009,0.0961263924989132,1.0,0.0
0.6586647547487192,0.09606769237986416,1.0,0.0
0.6636660563941753,0.09612633226211105,1.0,0.0
0.6688766702368969,0.0963714167153374,1.0,0.0
0.6739378991888654,0.09629171644305855,1.0,0.0
0.6789069608190959,0.09615869913536758,1.0,0.0
0.683847517777794,0.09607121952733352,1.0,0.0
0.6887917229939639,0.0960405076160587,1.0,0.0
0.6937199718635344,0.09602397401316083,1.0,0.0
0.6986179175953926,0.09601971751729177,1.0,0.0
0.703491250563321,0.0960515100354267,1.0,0.0
0.708350057245066,0.09613217256883466,1.0,0.0
0.7132061679859234,0.09626171131697009,1.0,0.0
0.7180731978353525,0.0964298438629657,1.0,0.0
0.7229634616605978,0.0966156719458918,1.0,0.0
0.7278844612189282,0.09679455694354822,1.0,0.0
0.7328356679143628,0.09694637478423845,1.0,0.0
0.7378036615971275,0.09707738547590801,1.0,0.0
0.7427789091923614,0.09720884295917057,1.0,0.0
0.747769656103248,0.09735990837707191,1.0,0.0
0.7528123853073668,0.09752362258448581,1.0,0.0
0.7579765324517646,0.09767269736888974,1.0,0.0
0.7635498818358268,0.09696769102897507,1.0,0.0
0.7681593191085107,0.09856302723168446,1.0,0.0
0.7731262901780556,0.09758200218861168,1.0,0.0
0.7782813222358227,0.09765313523083517,1.0,0.0
0.29906766435988585,0.09903791057523043,1.0,0.0
0.3039906555232126,0.09995500552337297,1.0,0.0
0.3116779670126022,0.10066591733780604,1.0,0.0
0.31624539320973294,0.10057178789161615,1.0,0.0
0.3205885980557724,0.10349453496812824,1.0,0.0
0.3237344097774807,0.09995600619667167,1.0,0.0
0.331836415876704,0.09998797211108519,1.0,0.0
0.3410113243123828,0.09932527380689248,1.0,0.0
0.3462591202931484,0.1002591883019316,1.0,0.0
0.3508765751256842,0.09925282233048854,1.0,0.0
0.3553966586081636,0.09864033710344734,1.0,0.0
0.3607581046141493,0.0999445309997958,1.0,0.0
0.36540160831004925,0.09977075360921085,1.0,0.0
0.3705002145133394,0.10038214679872277,1.0,0.0
0.3756354950864652,0.10076177095861537,1.0,0.0
0.38073267742502975,0.10083295719974983,1.0,0.0
0.385715682323819,0.10072719413505203,1.0,0.0
0.3907407240300415,0.10069328974385425,1.0,0.0
0.3957774665657088,0.10063039819464303,1.0,0.0
0.4007169919808097,0.10043492568468422,1.0,0.0
0.40562472183115567,0.10027674961324033,1.0,0.0
0.4105311941190927,0.10018098375477973,1.0,0.0
0.41545447159333726,0.10014086447667665,1.0,0.0
0.42040682461936413,0.10014036852224696,1.0,0.0
0.4253674408773583,0.10013582284283984,1.0,0.0
0.4303336051087496,0.10011322171651067,1.0,0.0
0.4353393709049228,0.10013854826453589,1.0,0.0
0.4403442620178847,0.10018567551956443,1.0,0.0
0.4453275789197171,0.10020466780126228,1.0,0.0
0.4503423093271819,0.10025862659066762,1.0,0.0
0.455398284451798,0.10038144989263964,1.0,0.0
0.46046571228823474,0.10059846976736848,1.0,0.0
0.4655943452796645,0.10104875062403161,1.0,0.0
0.47048632814892644,0.10137261531986552,1.0,0.0
0.4753099470484118,0.10148632868263169,1.0,0.0
0.48029242097752756,0.10155480327586341,1.0,0.0
0.4851191732210292,0.10139546509172623,1.0,0.0
0.4898979560505413,0.10089832129145929,1.0,0.0
0.49506807089556165,0.10105301510740186,1.0,0.0
0.500377989416785,0.10035753156122865,1.0,0.0
0.5052753641428137,0.10060950766276563,1.0,0.0
0.5102564650218707,0.10047486413200274,1.0,0.0
0.5153654153302941,0.10028766593207739,1.0,0.0
0.5203418311424155,0.10034328198825813,1.0,0.0
0.5252614356876103,0.10039621166041364,1.0,0.0
0.5302105815758478,0.10036951008441564,1.0,0.0
0.5351657036083395,0.10034369016034021,1.0,0.0
0.5401758761127153,0.1002717986178294,1.0,0.0
0.5452116304405427,0.10021624412257583,1.0,0.0
0.5502592419171798,0.10017853158012582,1.0,0.0
0.5553119780479958,0.10015234068047581,1.0,0.0
0.5603680610760718,0.10012851954683193,1.0,0.0
0.5654282861076381,0.10009609840971798,1.0,0.0
0.570493312006039,0.10004818298059627,1.0,0.0
0.5755695872657735,0.09996826890931361,1.0,0.0
0.5806602083002869,0.09981433144377903,1.0,0.0
0.5856983085420663,0.09967413663072355,1.0,0.0
0.5907057316531603,0.0995515096417184,1.0,0.0
0.5957032021261313,0.09945370739101553,1.0,0.0
0.6007220149067507,0.09935502403476917,1.0,0.0
0.6057637487825837,0.09922349211267793,1.0,0.0
0.6107477894057551,0.09913817127421042,1.0,0.0
0.6156891699428799,0.09911331250700162,1.0,0.0
0.6205990369240764,0.09917221002272142,1.0,0.0
0.6254607450822787,0.0994593952866071,1.0,0.0
0.6304272204281626,0.09984789545712845,1.0,0.0
0.6355692507961459,0.10011609653838206,1.0,0.0
0.6407708205646475,0.10030036558869848,1.0,0.0
0.6459929882298855,0.10044804692871602,1.0,0.0
0.6511315418459541,0.10039818721713653,1.0,0.0
0.6561488024285789,0.10030994702829057,1.0,0.0
0.6611522669019173,0.10030305900673299,1.0,0.0
0.6661834450301923,0.10034881255221545,1.0,0.0
0.6713080551935209,0.10046602532158269,1.0,0.0
0.6763547693731572,0.10042694960215151,1.0,0.0
0.6813400075431514,0.10035398884449402,1.0,0.0
0.6862965876697127,0.10030856899732968,1.0,0.0
0.6912408937904424,0.10030046965880042,1.0,0.0
0.6961648625949441,0.10031296126553177,1.0,0.0
0.7010638090933319,0.10034743712323595,1.0,0.0
0.7059444445002778,0.10041577255163538,1.0,0.0
0.710817728099566,0.10052184800703239,1.0,0.0
0.7156955826595489,0.10066011964944475,1.0,0.0
0.7205893350915326,0.10081727660826231,1.0,0.0
0.7255066041857751,0.10097552645394281,1.0,0.0
0.7304489439741563,0.10111931237054333,1.0,0.0
0.7354095423018112,0.10124731508292374,1.0,0.0
0.7403825841268846,0.10136841851109742,1.0,0.0
0.7453718505008744,0.10149010931095752,1.0,0.0
0.7503965782971979,0.10160198933842036,1.0,0.0
0.7554905833965232,0.10166119189000508,1.0,0.0
0.76072909456729,0.10135336774325295,1.0,0.0
0.7654450120225851,0.10191190511448239,1.0,0.0
0.7709178344292764,0.10207459032808368,1.0,0.0
0.7758960668759485,0.1016901792536886,1.0,0.0
0.781176155035716,0.10114295256366937,1.0,0.0
0.7852454341298571,0.10287958702596599,1.0,0.0
0.3036192798590982,0.10424496405628662,1.0,0.0
0.3080223655305963,0.10428742609289925,1.0,0.0
0.3128159524001129,0.1049994233061992,1.0,0.0
0.3171345853646038,0.10552325566443994,1.0,0.0
0.32445260112453533,0.1054147750460612,1.0,0.0
0.3295023637838797,0.10487313205405188,1.0,0.0
0.33417491213788897,0.10380599366867244,1.0,0.0
0.33859689610448485,0.10366932738389684,1.0,0.0
0.34333705559513306,0.10396536058525235,1.0,0.0
0.3484925063924285,0.10414625413347704,1.0,0.0
0.3531850336498943,0.10354764893577104,1.0,0.0
0.3577883797114449,0.10353356455723002,1.0,0.0
0.36286929020788433,0.1042239883023233,1.0,0.0
0.3677342807965361,0.10431377703666014,1.0,0.0
0.3727943748943695,0.10470108482256878,1.0,0.0
0.3779182028062241,0.10492425425329951,1.0,0.0
0.3830017803563929,0.10497234625961871,1.0,0.0
0.38802251770190554,0.10490734598517591,1.0,0.0
0.39304872591973783,0.10485629397607882,1.0,0.0
0.39806570877448,0.10477658662098945,1.0,0.0
0.4030253771597698,0.10463626917081743,1.0,0.0
0.4079617436853218,0.10452205942413022,1.0,0.0
0.4128955959085489,0.10445102945775307,1.0,0.0
0.41783789611133176,0.10441729347950662,1.0,0.0
0.4227938222191955,0.10440777678754576,1.0,0.0
0.42775290324193516,0.10439813092886321,1.0,0.0
0.4327039499441583,0.10433781244989748,1.0,0.0
0.43773165995677915,0.10438256332448848,1.0,0.0
0.44274356580640306,0.10445956962404598,1.0,0.0
0.4476965382121279,0.10444986529957519,1.0,0.0
0.4527182690270048,0.10448470442227131,1.0,0.0
0.4577627026268569,0.10465629740800633,1.0,0.0
0.46287528822957213,0.1048492719963161,1.0,0.0
0.4681041495951144,0.10563578547210839,1.0,0.0
0.4728787794094673,0.10599021066711681,1.0,0.0
0.47774712590189655,0.1057763424198325,1.0,0.0
0.4827914469645486,0.10603741630262706,1.0,0.0
0.4872686754261455,0.10582909673449976,1.0,0.0
0.4915278061225308,0.10496127778535941,1.0,0.0
0.49871684362339475,0.10441084266967687,1.0,0.0
0.5030360207444464,0.10503633636015088,1.0,0.0
0.5078672729755811,0.10485450928463302,1.0,0.0
0.5130231913523593,0.10443656803645529,1.0,0.0
0.5179805711679644,0.10458711207879016,1.0,0.0
0.5228348777038434,0.10472139090816125,1.0,0.0
0.5277608738014979,0.10467947213217171,1.0,0.0
0.5326730244977098,0.10466050171689256,1.0,0.0
0.5376904687103534,0.1045334302705853,1.0,0.0
0.5427428017772429,0.10444434427541276,1.0,0.0
0.5478052075714563,0.10438880143144957,1.0,0.0
0.5528668433220182,0.10435588119428023,1.0,0.0
0.5579246521196313,0.10433266721397207,1.0,0.0
0.5629804316121787,0.10430660989078253,1.0,0.0
0.5680364737430055,0.10426765342610576,1.0,0.0
0.5730967023798798,0.10420325575864386,1.0,0.0
0.5781606879258863,0.10409642509131878,1.0,0.0
0.5831966701121802,0.1039863501118275,1.0,0.0
0.5882098656007553,0.10387886594753987,1.0,0.0
0.5932087610684276,0.10377846798432382,1.0,0.0
0.5982076470138991,0.10367581902944524,1.0,0.0
0.603208852021693,0.10356332141746696,1.0,0.0
0.608185272163494,0.10348491993389614,1.0,0.0
0.6131386068057079,0.10345060093068661,1.0,0.0
0.618073233338047,0.10348042461129679,1.0,0.0
0.6229856152225179,0.10364316263105465,1.0,0.0
0.6279501312202952,0.10389070929682093,1.0,0.0
0.6330243876222248,0.10410646859422668,1.0,0.0
0.6381620570400491,0.10428071282267727,1.0,0.0
0.6433223195523295,0.1044215449049873,1.0,0.0
0.6484922242385909,0.10451214949190674,1.0,0.0
0.6535857936229165,0.1045217709111309,1.0,0.0
0.6586171738703885,0.10450112465570598,1.0,0.0
0.6636434791488638,0.10451068069217967,1.0,0.0
0.668686065346994,0.10454446771015619,1.0,0.0
0.6737668388133307,0.10460455156871881,1.0,0.0
0.6788029041916691,0.10459121544332517,1.0,0.0
0.6837948158713395,0.10456268869846973,1.0,0.0
0.6887581518366521,0.1045551576447927,1.0,0.0
0.693701303113707,0.10457664260438679,1.0,0.0
0.6986224581959893,0.1046207479574222,1.0,0.0
0.7035233031523087,0.10468768390063486,1.0,0.0
0.7084126174706438,0.10478080519850942,1.0,0.0
0.7133014599448145,0.10489838239022518,1.0,0.0
0.7182001070184051,0.10503258589810481,1.0,0.0
0.7231159629649083,0.10517171910276206,1.0,0.0
0.7280517660721562,0.10530419195686973,1.0,0.0
0.733004720392236,0.1054257153207632,1.0,0.0
0.7379715039698821,0.10553818212350458,1.0,0.0
0.7429540364046263,0.10564297660102391,1.0,0.0
0.7479625128326024,0.10573087864381982,1.0,0.0
0.7530122713757176,0.10577273182576256,1.0,0.0
0.7581169707684727,0.10565441636936689,1.0,0.0
0.763005267754611,0.1059091850190123,1.0,0.0
0.7681402237027656,0.10593783936610641,1.0,0.0
0.7733492371781154,0.10601890042707143,1.0,0.0
0.7783814934985795,0.10561376415692146,1.0,0.0
0.7829648701637015,0.10632216668907064,1.0,0.0
0.788471563390546,0.10604926444186821,1.0,0.0
0.30524180534228973,0.10885776039016065,1.0,0.0
0.3102567639523909,0.10897858536513691,1.0,0.0
0.31539155864772256,0.10954498149841814,1.0,0.0
0.320817822112255,0.1089029469437112,1.0,0.0
0.3262817825381491,0.10924315098058648,1.0,0.0
0.33134122626708773,0.10879267206105543,1.0,0.0
0.3360101960901466,0.10832301952735683,1.0,0.0
0.3407586825922111,0.10826746796318064,1.0,0.0
0.34567295545141563,0.10831197254197464,1.0,0.0
0.3506606527244158,0.10829500355349649,1.0,0.0
0.35538672035632696,0.10808023684231231,1.0,0.0
0.36014446692431373,0.10819986121596331,1.0,0.0
0.365143410171354,0.10858400936310446,1.0,0.0
0.37008532528256866,0.10873667921083906,1.0,0.0
0.37514461220404655,0.10896565139530001,1.0,0.0
0.38023767478381526,0.10910165791290045,1.0,0.0
0.3853095257655303,0.109126529417917,1.0,0.0
0.390344486465397,0.10907890479019205,1.0,0.0
0.3953720138748831,0.10902262941529393,1.0,0.0
0.40038324153470223,0.10894493472387404,1.0,0.0
0.4053590964529476,0.10884353382835173,1.0,0.0
0.4103159240455388,0.10876152684907725,1.0,0.0
0.4152675197658736,0.10871023088591011,1.0,0.0
0.42022062797118415,0.10868392138663277,1.0,0.0
0.42517766001840024,0.10867368477885091,1.0,0.0
0.43013141918930003,0.10866558243022445,1.0,0.0
0.4350479227685378,0.10852964136021048,1.0,0.0
0.4401251600939776,0.10862619722330578,1.0,0.0
0.44514642455428455,0.10876846237740337,1.0,0.0
0.45004921851868734,0.10866533775942341,1.0,0.0
0.454988055498883,0.1087533309793457,1.0,0.0
0.4600889537602999,0.1088694310446236,1.0,0.0
0.4651369534715802,0.10904612413320869,1.0,0.0
0.47052522179848605,0.11047954436576204,1.0,0.0
0.4755383551614732,0.11032873159764378,1.0,0.0
0.4803779603193002,0.10992634358464397,1.0,0.0
0.4858833208691312,0.11066601210683884,1.0,0.0
0.4904877242233498,0.10991482193242405,1.0,0.0
0.49516038224572045,0.10641917160249348,1.0,0.0
0.4996279572884089,0.10927868632653545,1.0,0.0
0.5050150568775592,0.10918491510010249,1.0,0.0
0.5107093323780175,0.10850821522442246,1.0,0.0
0.515617764045497,0.10877096943699673,1.0,0.0
0.520391594508593,0.10908708811634393,1.0,0.0
0.5253115241286334,0.10900906584812868,1.0,0.0
0.530136572083598,0.1090363909043832,1.0,0.0
0.5351736076313869,0.10880571788594871,1.0,0.0
0.5402542150722625,0.10866755954292161,1.0,0.0
0.5453394838026823,0.10859078468505332,1.0,0.0
0.5504149677803362,0.10855307713345287,1.0,0.0
0.5554766554351765,0.10853500463332869,1.0,0.0
0.560527195224523,0.10851868154162603,1.0,0.0
0.565572281390831,0.10849221069289362,1.0,0.0
0.5706165671427924,0.1084447643782129,1.0,0.0
0.5756605491389275,0.10836791293264672,1.0,0.0
0.5806908321079186,0.10828191731502759,1.0,0.0
0.5857065051709697,0.10819277661436874,1.0,0.0
0.5907084228158229,0.10810294519616458,1.0,0.0
0.5957011180115475,0.10800888346719915,1.0,0.0
0.6006852183872069,0.10790905475297924,1.0,0.0
0.6056527673797946,0.10782765144206884,1.0,0.0
0.6106094771424786,0.10778022398768099,1.0,0.0
0.6155590878688963,0.10778106369114399,1.0,0.0
0.6205042370591842,0.10786573678429713,1.0,0.0
0.6254819717315926,0.10801667531898251,1.0,0.0
0.6305262262055817,0.10817260267418853,1.0,0.0
0.6356218976199068,0.10831707518651415,1.0,0.0
0.6407440133345449,0.10844960259034246,1.0,0.0
0.6458730105173379,0.10855896977086178,1.0,0.0
0.650985692192058,0.10864667979995105,1.0,0.0
0.6560571067886797,0.10868137029534038,1.0,0.0
0.6610990092103808,0.10868747342874147,1.0,0.0
0.6661391466867737,0.10870229018266463,1.0,0.0
0.6711873223291177,0.10872921699102085,1.0,0.0
0.6762475975235765,0.1087679343571335,1.0,0.0
0.6812762733753306,0.10877816948470236,1.0,0.0
0.6862691920144719,0.10878765917426671,1.0,0.0
0.6912327209624319,0.10881710117079398,1.0,0.0
0.696171980398893,0.10887091592494857,1.0,0.0
0.7010900178047795,0.10894426929987178,1.0,0.0
0.7059936125833319,0.10903420689423114,1.0,0.0
0.710892823765105,0.10913964788499463,1.0,0.0
0.715797319294838,0.10925708075170634,1.0,0.0
0.7207139829342579,0.10937997758141743,1.0,0.0
0.7256459946315315,0.1095006763602735,1.0,0.0
0.7305926289478373,0.10961440115201806,1.0,0.0
0.7355520779335294,0.1097196746818798,1.0,0.0
0.7405252891118967,0.10981450635150788,1.0,0.0
0.7455174773265265,0.10989138674423579,1.0,0.0
0.7505349875364101,0.10993327603582424,1.0,0.0
0.7555759288588579,0.10990071726022595,1.0,0.0
0.7605267142853643,0.11002266106201092,1.0,0.0
0.7655840792590144,0.11005566039517845,1.0,0.0
0.7706555535264961,0.11007119733064656,1.0,0.0
0.7757650043907544,0.11002654425808908,1.0,0.0
0.7805921113631835,0.1102524823375792,1.0,0.0
0.7858117637189304,0.1100790476378933,1.0,0.0
0.7910232204303487,0.10947270990411981,1.0,0.0
0.7952038091935343,0.11027402732912273,1.0,0.0
0.15859518877177603,0.11468427673054823,1.0,0.0
0.1631596888366198,0.11568464395781965,1.0,0.0
0.16805042629850195,0.11580054679932272,1.0,0.0
0.17462808940025665,0.11297401901092413,1.0,0.0
0.18096008673243175,0.11662755360715976,1.0,0.0
0.18624585519175374,0.11546931757635125,1.0,0.0
0.19145594455853387,0.11446683541150962,1.0,0.0
0.20230229074771808,0.11588300327399909,1.0,0.0
0.20294164662534153,0.11125803663109363,1.0,0.0
0.20667613581981567,0.11499316423355663,1.0,0.0
0.3039323525920308,0.11381049919655369,1.0,0.0
0.3083244511062118,0.11329694089818276,1.0,0.0
0.3130988783828667,0.11346151398677498,1.0,0.0
0.31831318430226924,0.1132771391680687,1.0,0.0
0.3233139403696875,0.11314646784341924,1.0,0.0
0.32849190748303364,0.11323537597622274,1.0,0.0
0.3334151715133961,0.11299767535285721,1.0,0.0
0.3382043729386075,0.11274326526375572,1.0,0.0
0.34305451132392234,0.11266884757793427,1.0,0.0
0.3479576961762518,0.11264775494032732,1.0,0.0
0.3528500308636658,0.11263376492646238,1.0,0.0
0.3576471224250523,0.11258904472643222,1.0,0.0
0.3624963658547245,0.11271365680154888,1.0,0.0
0.36747188959990057,0.11294686045012159,1.0,0.0
0.37245772900147556,0.11307166469372208,1.0,0.0
0.3775089068608483,0.11320883459337483,1.0,0.0
0.38258257310080324,0.11328469387363627,1.0,0.0
0.3876451080383141,0.11328985166434298,1.0,0.0
0.39268607964475144,0.11324846415857519,1.0,0.0
0.39771485029845016,0.11319404645031644,1.0,0.0
0.4027260562405902,0.11312569524987066,1.0,0.0
0.4077146364733961,0.11305511999511261,1.0,0.0
0.41268440327150285,0.11299910121795295,1.0,0.0
0.4176469955592217,0.11296508672426524,1.0,0.0
0.42260566994765875,0.11294779121119969,1.0,0.0
0.42756186184978523,0.11294359974741124,1.0,0.0
0.43250760876643973,0.11295136006894996,1.0,0.0
0.4373448951468875,0.11265205098604578,1.0,0.0
0.44252619199460913,0.11287868640383086,1.0,0.0
0.4476447441160163,0.11309564413191314,1.0,0.0
0.4521910838183119,0.11301765837431318,1.0,0.0
0.4572108733873613,0.1128917371310319,1.0,0.0
0.4620700368541685,0.11324936713521884,1.0,0.0
0.46674542622964293,0.11308755422970378,1.0,0.0
0.4696200011471785,0.11620322567372483,1.0,0.0
0.4736998874813533,0.11477299297283941,1.0,0.0
0.4827840053983997,0.11366545295193355,1.0,0.0
0.48632591135806924,0.1164816033543418,1.0,0.0
0.5040648467556224,0.11463511152717797,1.0,0.0
0.508553111065791,0.11199617217502529,1.0,0.0
0.5135849722200887,0.11300950924018048,1.0,0.0
0.5179181553079807,0.11349043241910156,1.0,0.0
0.5229104068041209,0.11333664574595173,1.0,0.0
0.5275292870167354,0.11352855952941023,1.0,0.0
0.5326171039450469,0.11308563398539119,1.0,0.0
0.5377457946071111,0.11287809199413822,1.0,0.0
0.5428630702356955,0.11277631084987605,1.0,0.0
0.5479584910854923,0.11273642646469909,1.0,0.0
0.5530281059017432,0.11272978951085542,1.0,0.0
0.5580750409019896,0.11273093807308722,1.0,0.0
0.5631067238440093,0.11272105552117904,1.0,0.0
0.56813344543545,0.11269149993522336,1.0,0.0
0.5731588991279271,0.1126369507233475,1.0,0.0
0.5781786682341518,0.11256713930064492,1.0,0.0
0.583194169173116,0.11249269416869385,1.0,0.0
0.5882018077043462,0.11241728264527086,1.0,0.0
0.5931979728147236,0.11233820436468221,1.0,0.0
0.5981795907601963,0.11225422714900402,1.0,0.0
0.6031432559574278,0.11217428134205026,1.0,0.0
0.6080977438259663,0.11211197288381046,1.0,0.0
0.6130537405469184,0.11208360282078457,1.0,0.0
0.6180179167246743,0.11211020398369059,1.0,0.0
0.6230106221688286,0.1121885424941034,1.0,0.0
0.6280495496251075,0.11228931613838132,1.0,0.0
0.63312711681378,0.11239784907877272,1.0,0.0
0.6382251280760325,0.11251281841174621,1.0,0.0
0.6433238863793866,0.11262965854740709,1.0,0.0
0.6484092848077636,0.11273802527484235,1.0,0.0
0.6534831481279263,0.11281885691479042,1.0,0.0
0.6585432088667309,0.11285427833899349,1.0,0.0
0.6635935590732652,0.11286712324974528,1.0,0.0
0.6686447968068773,0.11288308900182846,1.0,0.0
0.6736990109217209,0.1129089754008359,1.0,0.0
0.6787491788323572,0.11294922086566547,1.0,0.0
0.6837714297705613,0.11298594028606769,1.0,0.0
0.688759868132161,0.11303300181925317,1.0,0.0
0.6937169740536061,0.11309973723319591,1.0,0.0
0.6986487637155954,0.11318419519870647,1.0,0.0
0.7035637039203618,0.11327897586932902,1.0,0.0
0.7084717686525237,0.11338020066324044,1.0,0.0
0.7133822901574789,0.113486732929245,1.0,0.0
0.7183015512068375,0.11359679040357175,1.0,0.0
0.7232324521592006,0.11370668251780167,1.0,0.0
0.7281750142545396,0.1138127080465981,1.0,0.0
0.7331279544561802,0.11391226594424955,1.0,0.0
0.7380918000967821,0.11400150657245564,1.0,0.0
0.7430692963049469,0.11407398391737093,1.0,0.0
0.74806298823693,0.1141197402138668,1.0,0.0
0.7530686702448464,0.11412599084103855,1.0,0.0
0.7580384153079351,0.11419203623443361,1.0,0.0
0.7630552551255466,0.11421970214360472,1.0,0.0
0.7680864892046867,0.11423409416316083,1.0,0.0
0.7731272659613833,0.1142196528702453,1.0,0.0
0.7781091251391022,0.11436321645543097,1.0,0.0
0.7832263471400424,0.11424496589716769,1.0,0.0
0.7883456093001235,0.11398430876362758,1.0,0.0
0.7931172630189937,0.11433811630463948,1.0,0.0
0.798307136103573,0.11413771741787039,1.0,0.0
0.8025463083260973,0.11622408821716634,1.0,0.0
0.8076020295593724,0.11728344014068053,1.0,0.0
0.8127223823911514,0.11677032953874872,1.0,0.0
0.8176819813409594,0.11559441104442875,1.0,0.0
0.8220079075052569,0.11638167062870053,1.0,0.0
0.15941560471458183,0.11943300835084966,1.0,0.0
0.16408885344108018,0.11986678614607542,1.0,0.0
0.16855052623266534,0.12008530230267571,1.0,0.0
0.17271476678125716,0.11808097815326589,1.0,0.0
0.1770659285575532,0.11817529058187466,1.0,0.0
0.18416102327880612,0.1195325009884139,1.0,0.0
0.18912754711821078,0.11900404004263695,1.0,0.0
0.19385103006635548,0.1184243807207355,1.0,0.0
0.19827478005345056,0.11801866624366218,1.0,0.0
0.20347219175153555,0.1196465432038752,1.0,0.0
0.20812109068296542,0.11916909249483831,1.0,0.0
0.3010820961649741,0.11855269099733308,1.0,0.0
0.30591140860112637,0.11804060036963135,1.0,0.0
0.3106924164509452,0.11774471188953192,1.0,0.0
0.31570240896406565,0.11757131379533652,1.0,0.0
0.3207004063042335,0.11749591514013201,1.0,0.0
0.3256739897012393,0.11740978690026171,1.0,0.0
0.33069692999737277,0.11742325139109072,1.0,0.0
0.33561017882621313,0.1172666199651276,1.0,0.0
0.3404626221099207,0.11710523752125648,1.0,0.0
0.3453349792789727,0.11703812315066146,1.0,0.0
0.35021871122982456,0.11702052491175202,1.0,0.0
0.35509606137343247,0.11702391259073999,1.0,0.0
0.3599500597415859,0.11703978221239188,1.0,0.0
0.3648514018847105,0.11713815124656497,1.0,0.0
0.3698322830436558,0.11727459085789263,1.0,0.0
0.37483855316974835,0.11735858801427441,1.0,0.0
0.3798863143513422,0.11743455344310462,1.0,0.0
0.38494812857532323,0.11746845784531723,1.0,0.0
0.39000461429517286,0.11745696794770531,1.0,0.0
0.3950484627716019,0.11741914064654041,1.0,0.0
0.4000782530610704,0.11737094565848827,1.0,0.0
0.40509005832739375,0.11731429165000867,1.0,0.0
0.41008795421527,0.11727304453209168,1.0,0.0
0.4150652913115745,0.1172377993718761,1.0,0.0
0.4200354530912527,0.1172199416807714,1.0,0.0
0.4249981131359776,0.11721281161727955,1.0,0.0
0.4299567878151454,0.11722158569099553,1.0,0.0
0.4349019604054599,0.11727782030543267,1.0,0.0
0.43955767351721203,0.11662320080861324,1.0,0.0
0.44523955274353516,0.1169098837738068,1.0,0.0
0.4500106062221408,0.11799473197427417,1.0,0.0
0.4544897742876688,0.11691520394919803,1.0,0.0
0.45944985380739106,0.11726136848263784,1.0,0.0
0.4619503523701772,0.1210582190171883,1.0,0.0
0.46471996588254283,0.11752364183949777,1.0,0.0
0.4724777862710825,0.1200688229062157,1.0,0.0
0.47842693319148416,0.11478128343002021,1.0,0.0
0.510978042685431,0.11626321057380688,1.0,0.0
0.51550479416306,0.11838999527458881,1.0,0.0
0.5203388569072269,0.11738013332637774,1.0,0.0
0.5247108016381387,0.11822441472539476,1.0,0.0
0.5300031630609189,0.11734378866845424,1.0,0.0
0.5352216587879102,0.11705952328131941,1.0,0.0
0.5403807583404661,0.11693720375039525,1.0,0.0
0.5454986138253736,0.11689704405651608,1.0,0.0
0.5505802607825759,0.11690806078554593,1.0,0.0
0.5556279145011104,0.1169364680960155,1.0,0.0
0.5606478418711163,0.11695500646498033,1.0,0.0
0.5656517875312791,0.11694522138574949,1.0,0.0
0.5706555223052685,0.11690891190627965,1.0,0.0
0.5756604685891498,0.11685240359224144,1.0,0.0
0.5806683191573283,0.11678230953329474,1.0,0.0
0.5856820638291405,0.11671514280297883,1.0,0.0
0.5906912164948742,0.11665206313372227,1.0,0.0
0.5956833592494554,0.11658801217549071,1.0,0.0
0.6006527498634978,0.11652229414898294,1.0,0.0
0.6056035739268738,0.11645424104101611,1.0,0.0
0.6105559486046115,0.11639734605812888,1.0,0.0
0.6155275586975119,0.11637384093804196,1.0,0.0
0.6205325906750994,0.11638935647081816,1.0,0.0
0.6255788691773885,0.11643578923485529,1.0,0.0
0.6306588235205389,0.11650541420664781,1.0,0.0
0.6357522224680902,0.11659926659250867,1.0,0.0
0.6408319667014051,0.11672030230074275,1.0,0.0
0.645887885047253,0.11684724944060523,1.0,0.0
0.650931773856643,0.11694844682730413,1.0,0.0
0.65598431257357,0.11700376792266012,1.0,0.0
0.6610430377295035,0.1170261041432033,1.0,0.0
0.6661044012240912,0.11703677873749464,1.0,0.0
0.6711695615524853,0.11705312298243643,1.0,0.0
0.6762277449693664,0.11709081357057884,1.0,0.0
0.6812713526427705,0.11714771421871702,1.0,0.0
0.6862841536887304,0.11721781815505421,1.0,0.0
0.6912602437320471,0.11730534630110699,1.0,0.0
0.6962037079349238,0.11740745550308762,1.0,0.0
0.701126215120914,0.11751389781226043,1.0,0.0
0.7060403320534998,0.11761777677700615,1.0,0.0
0.710956121986844,0.11771857272744199,1.0,0.0
0.7158791756216524,0.11781889369199186,1.0,0.0
0.7208114715230776,0.11791940318628687,1.0,0.0
0.7257527346134744,0.1180184557065981,1.0,0.0
0.7307011064961688,0.1181139439022889,1.0,0.0
0.7356568995290825,0.11820071226582507,1.0,0.0
0.7406219215507699,0.11827257246970027,1.0,0.0
0.7455975196654351,0.11832291184016049,1.0,0.0
0.7505803557167637,0.11834788961320146,1.0,0.0
0.7555498716885328,0.11839120031081825,1.0,0.0
0.7605408153762814,0.11841442865070058,1.0,0.0
0.7655412371971512,0.11842672405288734,1.0,0.0
0.7705466652103505,0.11842735856611242,1.0,0.0
0.7755278773517602,0.11848900548625563,1.0,0.0
0.7805827743594496,0.11845603467476214,1.0,0.0
0.7855950373898952,0.11833620510699139,1.0,0.0
0.7904246266266753,0.11847972565832235,1.0,0.0
0.7953718409425586,0.11849231671492427,1.0,0.0
0.7997843065085574,0.11946486564783165,1.0,0.0
0.8048034363283311,0.12056190371793114,1.0,0.0
0.8102620164529352,0.12081897939623065,1.0,0.0
0.8154205426539507,0.12023653168027638,1.0,0.0
0.8200925643354136,0.12019067254082381,1.0,0.0
0.8254072904461037,0.11892579696225618,1.0,0.0
0.8294916398688652,0.12014316830775701,1.0,0.0
0.15060389230221677,0.12396636088955901,1.0,0.0
0.15553102441492037,0.12304946595558507,1.0,0.0
0.1607539397544015,0.12373815259730685,1.0,0.0
0.16587849073243352,0.12413052037544074,1.0,0.0
0.17113593496208815,0.1234136407357886,1.0,0.0
0.17564814110430177,0.12263299354506399,1.0,0.0
0.1805590553234218,0.12225781841647594,1.0,0.0
0.1861153493348071,0.12326140329639006,1.0,0.0
0.19116832690423852,0.12303081202778192,1.0,0.0
0.19595492177335458,0.12272950929253158,1.0,0.0
0.20055942089684145,0.12287802077437589,1.0,0.0
0.20583370602415965,0.12353846594213644,1.0,0.0
0.21080766725090117,0.12299929758862661,1.0,0.0
0.21562591961550243,0.12175463324007801,1.0,0.0
0.22310553792257162,0.12018613988077247,1.0,0.0
0.22935231373854595,0.12231780513874771,1.0,0.0
0.23673968307799165,0.12142430666358578,1.0,0.0
0.2428127034322663,0.12247833481560205,1.0,0.0
0.24998907113752578,0.12247324172409554,1.0,0.0
0.2853676883246434,0.12312474292079456,1.0,0.0
0.29371077766559683,0.1217621136027542,1.0,0.0
0.298298066175591,0.12247804057923008,1.0,0.0
0.3033457892740295,0.12255834290613937,1.0,0.0
0.30822703094706516,0.1222299669676413,1.0,0.0
0.3131326515801869,0.12194900378561109,1.0,0.0
0.3180732395106456,0.12182865396446209,1.0,0.0
0.3230308298135701,0.12175855228661317,1.0,0.0
0.3279760092347898,0.12170373429320532,1.0,0.0
0.33294185406512417,0.1216731956982175,1.0,0.0
0.33785277963609384,0.1215617488782063,1.0,0.0
0.3427290301618763,0.12145688408522556,1.0,0.0
0.3476081184926846,0.1214099115157362,1.0,0.0
0.35249489097012077,0.12140045861027962,1.0,0.0
0.3573853869881757,0.12141140773550148,1.0,0.0
0.36228141423260785,0.12143797196024339,1.0,0.0
0.3672186197265452,0.12149648313061681,1.0,0.0
0.3722108281448712,0.12156764235985314,1.0,0.0
0.3772312991816725,0.12161112179548293,1.0,0.0
0.3822791696799779,0.12164609288087307,1.0,0.0
0.3873338789942648,0.12164951315467636,1.0,0.0
0.3923858962799095,0.12162503051438331,1.0,0.0
0.39743194181033986,0.12159263517278368,1.0,0.0
0.4024608463058589,0.1215549336925519,1.0,0.0
0.40746770741540805,0.121510590952618,1.0,0.0
0.4124765119129605,0.12149850337775517,1.0,0.0
0.4174581598810308,0.12147846455413835,1.0,0.0
0.42243831789822933,0.12147506633140763,1.0,0.0
0.4274166897946839,0.12147265381214804,1.0,0.0
0.4324192674235964,0.12148959232216743,1.0,0.0
0.4374878140016907,0.12162614452052462,1.0,0.0
0.44207156314935153,0.11980073587153695,1.0,0.0
0.4467351272770005,0.12180386618953408,1.0,0.0
0.4534101104211423,0.122284458268316,1.0,0.0
0.5219490260085631,0.12322677162024853,1.0,0.0
0.5275543444452141,0.1214990474193138,1.0,0.0
0.5327749017554091,0.12120491822806598,1.0,0.0
0.5379289249547985,0.12107376900853775,1.0,0.0
0.5430490123430546,0.12103521897334694,1.0,0.0
0.5481330486190957,0.12106153686037531,1.0,0.0
0.5531847347244337,0.12112366352729668,1.0,0.0
0.5581994039677554,0.12118472426062084,1.0,0.0
0.5631829005094744,0.12121315954694535,1.0,0.0
0.5681526405143762,0.12119143311945639,1.0,0.0
0.5731343689610551,0.12114373931748754,1.0,0.0
0.5781299097273119,0.12107687020742183,1.0,0.0
0.5831388968952844,0.12099840536754407,1.0,0.0
0.5881658288373495,0.1209389135343808,1.0,0.0
0.5931849368432788,0.1208965708825541,1.0,0.0
0.5981751097100055,0.12085615123875981,1.0,0.0
0.603132467145932,0.12080811443764057,1.0,0.0
0.6080723684902378,0.12073561407803826,1.0,0.0
0.6130343325037222,0.12066221953279747,1.0,0.0
0.6180452002763251,0.12061442209931945,1.0,0.0
0.6231042336484763,0.12060080753355878,1.0,0.0
0.6282021592966137,0.12062288550792846,1.0,0.0
0.633313165773485,0.12069001245604699,1.0,0.0
0.6383912340693895,0.1208191800245427,1.0,0.0
0.6434215002652197,0.12097606251740033,1.0,0.0
0.6484237808782582,0.12110465873797008,1.0,0.0
0.6534447901136266,0.12116312137267748,1.0,0.0
0.6584923954587993,0.12118120272303924,1.0,0.0
0.663560541496505,0.12118522152629095,1.0,0.0
0.6686428886122755,0.12118844895388832,1.0,0.0
0.6737172297045406,0.1212210573221137,1.0,0.0
0.6787775732686842,0.1212807510508336,1.0,0.0
0.6838114982266508,0.12136961340280518,1.0,0.0
0.6888056154306648,0.12148342322008186,1.0,0.0
0.6937586398318365,0.12161260654547415,1.0,0.0
0.6986845038996384,0.12173910570400599,1.0,0.0
0.7036004603173718,0.12185199691507774,1.0,0.0
0.7085195646631455,0.12195105908468529,1.0,0.0
0.7134469442058538,0.12204376819547957,1.0,0.0
0.7183829400842299,0.1221358861505368,1.0,0.0
0.7233261813520859,0.1222285574939041,1.0,0.0
0.7282726935509146,0.1223217966032348,1.0,0.0
0.7332225039293193,0.12240881669424578,1.0,0.0
0.7381774591517176,0.12248277212186247,1.0,0.0
0.743139226824627,0.12253807237522191,1.0,0.0
0.7481058538642027,0.12257368846465301,1.0,0.0
0.7530684123417506,0.122609135949094,1.0,0.0
0.7580412264892605,0.1226304058519994,1.0,0.0
0.7630196982669002,0.12264194888450629,1.0,0.0
0.7680003097649741,0.12264689870574717,1.0,0.0
0.7729709295603163,0.12267654971711414,1.0,0.0
0.777967793042166,0.12266670756844111,1.0,0.0
0.7829432220827709,0.12263705475798213,1.0,0.0
0.7878153198655797,0.12271802175606712,1.0,0.0
0.7926973588653724,0.1227939535869798,1.0,0.0
0.7973534413461186,0.12337788820236444,1.0,0.0
0.802199468617003,0.12403756005220808,1.0,0.0
0.8074843136457637,0.1244154646089598,1.0,0.0
0.8128217513677403,0.1244567025582469,1.0,0.0
0.8177781301004915,0.12437456351350233,1.0,0.0
0.8228338025939914,0.12361705539950019,1.0,0.0
0.8272498078183208,0.12395505938791569,1.0,0.0
0.8322539793883278,0.12365972358975487,1.0,0.0
0.1444794991248295,0.12436105057404326,1.0,0.0
0.14813022655431685,0.12758077533722886,1.0,0.0
0.1533852108296236,0.12763825774755427,1.0,0.0
0.1581607935169289,0.12752966197061655,1.0,0.0
0.16326917470513436,0.12792779445058736,1.0,0.0
0.16858307139864254,0.12774987183120115,1.0,0.0
0.17358646713047904,0.12738712768128257,1.0,0.0
0.1783837744824599,0.1267991043807081,1.0,0.0
0.1832038128733155,0.12678041205694368,1.0,0.0
0.18847030122940622,0.12724521125456117,1.0,0.0
0.19349545974898663,0.12717413269922612,1.0,0.0
0.19835122539444647,0.1271690964063063,1.0,0.0
0.2032797082088459,0.12722318589764303,1.0,0.0
0.20862522850501605,0.1272677570641947,1.0,0.0
0.21382010764901319,0.1264983497424809,1.0,0.0
0.2187402963134049,0.1252885417233146,1.0,0.0
0.2233335261994872,0.1249958382134584,1.0,0.0
0.227533833399883,0.12632623417334013,1.0,0.0
0.23209566439474683,0.1242123836823345,1.0,0.0
0.2390769660326259,0.12628794295211657,1.0,0.0
0.24366528719090466,0.127634002575164,1.0,0.0
0.2497631771094195,0.1263847743257146,1.0,0.0
0.29486274874860885,0.12641495678706877,1.0,0.0
0.3002387920983932,0.12660146861820934,1.0,0.0
0.3054595619166736,0.12660746697183828,1.0,0.0
0.3104821392424494,0.1263749293216449,1.0,0.0
0.31543167478683126,0.12619465421431592,1.0,0.0
0.32037913170587695,0.12610254995349338,1.0,0.0
0.32532301636196703,0.12604960410455815,1.0,0.0
0.3302600604034096,0.12600334470841232,1.0,0.0
0.33519877392578257,0.12595591789681782,1.0,0.0
0.3401095077812819,0.12587740689792615,1.0,0.0
0.3449993853049249,0.12581057530668266,1.0,0.0
0.34989065016148285,0.1257761561105965,1.0,0.0
0.3547940924625442,0.12576944444647897,1.0,0.0
0.35970757331479525,0.125776176077871,1.0,0.0
0.36463778042290895,0.12578822081207355,1.0,0.0
0.3696003422980614,0.1258047504027144,1.0,0.0
0.3746088453011249,0.12582623094127907,1.0,0.0
0.3796407235031511,0.12583746987174582,1.0,0.0
0.3846920759944867,0.125845967205392,1.0,0.0
0.3897401980298035,0.12582725197313308,1.0,0.0
0.3947876456427223,0.12579218648655324,1.0,0.0
0.3998352597129762,0.12577252592463117,1.0,0.0
0.4048522292716081,0.12575534063053342,1.0,0.0
0.40984833072509314,0.12570895139096638,1.0,0.0
0.41487217075874605,0.12573562520561282,1.0,0.0
0.41984180995931275,0.12572475935473992,1.0,0.0
0.4248127359225542,0.12573607206740384,1.0,0.0
0.42976801962903777,0.12572677876351893,1.0,0.0
0.43476690344861857,0.12571692301488568,1.0,0.0
0.43956262922980416,0.12659501789997882,1.0,0.0
0.44230017361802393,0.12382039164640332,1.0,0.0
0.5234737985753757,0.13008079355820099,1.0,0.0
0.5301586132656955,0.1252504490689732,1.0,0.0
0.5354172693908057,0.12517489416939998,1.0,0.0
0.5405749340450601,0.12514773907314794,1.0,0.0
0.5456708927733949,0.12519264896229856,1.0,0.0
0.5507265354971089,0.12527820210543364,1.0,0.0
0.5557510020910118,0.12539053948302245,1.0,0.0
0.5607293164274021,0.12548073888181435,1.0,0.0
0.5656694773576612,0.12550619104230806,1.0,0.0
0.5705994272486237,0.12545311676890147,1.0,0.0
0.5755722431159825,0.12537999061370642,1.0,0.0
0.5805764420059545,0.12529326320711048,1.0,0.0
0.585602715329723,0.12519858293792838,1.0,0.0
0.5906587362955144,0.12515875974269072,1.0,0.0
0.5956972811500915,0.12515341235912328,1.0,0.0
0.6006806178241865,0.125148734859483,1.0,0.0
0.605621107466362,0.12510803495373818,1.0,0.0
0.6105521254765953,0.12499749274551412,1.0,0.0
0.6155466741286283,0.12486927079709745,1.0,0.0
0.6206177553287144,0.12478222877228663,1.0,0.0
0.6257445034085484,0.12473916361351556,1.0,0.0
0.6308957171597946,0.1247627728589224,1.0,0.0
0.6359947092378301,0.12490359652336283,1.0,0.0
0.6410112686280531,0.1251120082622142,1.0,0.0
0.6459644374749619,0.12529735377023943,1.0,0.0
0.6509401886743891,0.12536036172642032,1.0,0.0
0.6559569706810097,0.1253580523105489,1.0,0.0
0.6610140069120808,0.12533508743626587,1.0,0.0
0.6661148637476124,0.12531126584151125,1.0,0.0
0.6712094659083613,0.12533577272736907,1.0,0.0
0.6762919173743839,0.12539169768086733,1.0,0.0
0.6813482644969382,0.12549030413485765,1.0,0.0
0.6863595346688235,0.1256310036000398,1.0,0.0
0.6913186578714827,0.12579720615546447,1.0,0.0
0.6962420799829532,0.125954965284704,1.0,0.0
0.7011537713374495,0.12608440408140273,1.0,0.0
0.7060728079645794,0.12618453281106207,1.0,0.0
0.711004344204181,0.12627005451685094,1.0,0.0
0.7159461468758722,0.12635351989699803,1.0,0.0
0.7208953440628292,0.1264393017481329,1.0,0.0
0.7258433636981032,0.12653214323406226,1.0,0.0
0.7307897505646236,0.12662238566931933,1.0,0.0
0.7357368806992325,0.12670110545870727,1.0,0.0
0.7406880431591859,0.12676203324574956,1.0,0.0
0.7456426225961988,0.12680530576110727,1.0,0.0
0.7505969969156878,0.1268397927037412,1.0,0.0
0.7555568679241349,0.12686124771408466,1.0,0.0
0.7605200756387658,0.12687308104125455,1.0,0.0
0.765483990178451,0.12687937250123293,1.0,0.0
0.770442818186278,0.1268952327835624,1.0,0.0
0.7754096379083485,0.1268968137035515,1.0,0.0
0.7803608219400195,0.12689805681809482,1.0,0.0
0.785261475814382,0.12696497839113505,1.0,0.0
0.7901448827131231,0.1270578301503047,1.0,0.0
0.794924315367657,0.12742037192448807,1.0,0.0
0.7997989283054875,0.12788580951613646,1.0,0.0
0.8048918429706157,0.12815223621509378,1.0,0.0
0.810124355021625,0.12831049214022727,1.0,0.0
0.8152969334039781,0.12843731196911903,1.0,0.0
0.8204487458606656,0.1280758144125114,1.0,0.0
0.8252542894691955,0.1280996060993164,1.0,0.0
0.8303084486945905,0.1278178538443695,1.0,0.0
0.8354697213273293,0.12690174040822436,1.0,0.0
0.8400644465424222,0.12666759230711555,1.0,0.0
0.8441274385432418,0.12758426626053224,1.0,0.0
0.13472199321573464,0.13148431200159852,1.0,0.0
0.14107128165887448,0.13157429637204268,1.0,0.0
0.14569657033213404,0.1314044427073184,1.0,0.0
0.1507741002023055,0.13168675991182632,1.0,0.0
0.155806754721912,0.13184291679872998,1.0,0.0
0.16075021195404152,0.13184506638143598,1.0,0.0
0.16594204399094234,0.13183691825173013,1.0,0.0
0.17106451696237732,0.1317243994906979,1.0,0.0
0.1760681509102374,0.1314020523187473,1.0,0.0
0.18090160904120917,0.13114332380465607,1.0,0.0
0.18581012741484026,0.1311522478778208,1.0,0.0
0.19093253535194635,0.13137326584857967,1.0,0.0
0.19595166269470668,0.13140816079939407,1.0,0.0
0.20096814804199226,0.1313832413985757,1.0,0.0
0.20608498737692807,0.1312239293955553,1.0,0.0
0.2113758327146254,0.13092555081054805,1.0,0.0
0.21642696670006664,0.13023311234514462,1.0,0.0
0.22112711596906423,0.1297268295201228,1.0,0.0
0.22571982834046234,0.13019170902058264,1.0,0.0
0.2309726293704428,0.12973762148006474,1.0,0.0
0.23585585786708507,0.13043026322468204,1.0,0.0
0.2406358109043391,0.1308158063501318,1.0,0.0
0.2478856121178656,0.13460150378503832,1.0,0.0
0.28293222647924954,0.1295421498793703,1.0,0.0
0.2865183215761543,0.13270980888606965,1.0,0.0
0.29356673593770416,0.13079041059339958,1.0,0.0
0.2980191827495965,0.13073590203380428,1.0,0.0
0.3028943731730304,0.13077685687116067,1.0,0.0
0.30787057579421817,0.13072747223575795,1.0,0.0
0.31280917215251103,0.13057423178644198,1.0,0.0
0.3177388163459351,0.13045655442424334,1.0,0.0
0.32267251051209406,0.1303931047364968,1.0,0.0
0.32760574904547074,0.13035254400419072,1.0,0.0
0.3325333673898271,0.13031127272689713,1.0,0.0
0.33745658230602005,0.13025819487306955,1.0,0.0
0.34237377902005917,0.13020542296863466,1.0,0.0
0.3472796247437846,0.13016036926927088,1.0,0.0
0.35218948663922817,0.1301263251374267,1.0,0.0
0.3571189672920008,0.13011685729800437,1.0,0.0
0.362060963075267,0.13010872460751108,1.0,0.0
0.36701964594458425,0.13009739614297536,1.0,0.0
0.3720048031757455,0.13006647383950634,1.0,0.0
0.37702958459127023,0.13005555195051857,1.0,0.0
0.3820731230347991,0.13004126824061626,1.0,0.0
0.38713008706664104,0.13003943384791028,1.0,0.0
0.39216911152542555,0.1300017276020119,1.0,0.0
0.39720844253221593,0.1299584309827957,1.0,0.0
0.40224340187865065,0.12997852228484846,1.0,0.0
0.4072479214860467,0.12997109780893176,1.0,0.0
0.4122241849090907,0.12989915987074133,1.0,0.0
0.41727906136795123,0.12999827486027202,1.0,0.0
0.4222158918495376,0.12998501225786005,1.0,0.0
0.42718707358356606,0.13001098175835232,1.0,0.0
0.43223444983091613,0.1299027471640444,1.0,0.0
0.4371777935918128,0.1301955742129295,1.0,0.0
0.44273852107271444,0.13034142656902417,1.0,0.0
0.4896535906293209,0.13047997536579334,1.0,0.0
0.49672046903339634,0.1310289850955134,1.0,0.0
0.5023871391937916,0.13097946505179278,1.0,0.0
0.5077388528460475,0.12991810674834842,1.0,0.0
0.513300096830263,0.1303413310641859,1.0,0.0
0.5188399245080927,0.13154195563024965,1.0,0.0
0.5208431081785073,0.12648243491250313,1.0,0.0
0.5279230329618464,0.12912259373206336,1.0,0.0
0.5330466227121868,0.12923608318314234,1.0,0.0
0.5381494388860811,0.12923731109689482,1.0,0.0
0.5432171310429053,0.12930456914697655,1.0,0.0
0.5482587993315335,0.1294132433363489,1.0,0.0
0.5532772167262999,0.1295468645207352,1.0,0.0
0.5582767844801116,0.1297134165442674,1.0,0.0
0.5632140814292781,0.1298291842488571,1.0,0.0
0.568094396608439,0.12983432066321937,1.0,0.0
0.5729834064522337,0.1297056436654318,1.0,0.0
0.5779788498910364,0.129591857618061,1.0,0.0
0.5830200226025982,0.12948099308970154,1.0,0.0
0.5880722986039054,0.1293702549317458,1.0,0.0
0.5931777454836281,0.12937127905783824,1.0,0.0
0.5982326590937125,0.1294418269835466,1.0,0.0
0.6031984082989603,0.12947403549982997,1.0,0.0
0.6081192955602729,0.1294093937197281,1.0,0.0
0.613059445097066,0.12919251596152068,1.0,0.0
0.6181106893085747,0.12898547945182762,1.0,0.0
0.623275969754223,0.12885088468581835,1.0,0.0
0.6284892278280415,0.12879846535974346,1.0,0.0
0.6336302109182023,0.1289431397517553,1.0,0.0
0.6386544438580662,0.1292255113291768,1.0,0.0
0.6435542716541167,0.1295220341079074,1.0,0.0
0.6484802989394226,0.12961141353727448,1.0,0.0
0.6534511873708374,0.1295834249333717,1.0,0.0
0.6584769975902827,0.12951634102940213,1.0,0.0
0.6635855540215154,0.12942458558873338,1.0,0.0
0.6686988558201268,0.12943233514288452,1.0,0.0
0.6738100634237669,0.1294787539606262,1.0,0.0
0.6788945659194824,0.12957752664500574,1.0,0.0
0.6839287460923915,0.1297448112154415,1.0,0.0
0.6888909674503043,0.12995845990858415,1.0,0.0
0.693804008747235,0.1301624016257237,1.0,0.0
0.6987015985090212,0.1303186562461289,1.0,0.0
0.7036150102205274,0.13042160090560748,1.0,0.0
0.7085499150673366,0.13049789823319308,1.0,0.0
0.7134995325338959,0.13057050588552913,1.0,0.0
0.7184598979370922,0.13064646618123393,1.0,0.0
0.7234134381675446,0.13074056693070632,1.0,0.0
0.728359284505288,0.13083750659273102,1.0,0.0
0.7333006330342131,0.13092463389463885,1.0,0.0
0.7382435437510003,0.13099238517066783,1.0,0.0
0.7431887551308722,0.1310425229874395,1.0,0.0
0.7481357810833583,0.1310791671344595,1.0,0.0
0.7530869414572141,0.13110226167065306,1.0,0.0
0.7580403526569711,0.13111514820022702,1.0,0.0
0.7629938571094799,0.13112201771239707,1.0,0.0
0.7679442370980516,0.13113158701225897,1.0,0.0
0.7728957801784064,0.13113684775592302,1.0,0.0
0.7778368817144599,0.13114855229829125,1.0,0.0
0.7827505178726568,0.13120201135199638,1.0,0.0
0.7876483644177306,0.13129340343023235,1.0,0.0
0.7924967337489899,0.13153081092382912,1.0,0.0
0.7973964009812889,0.1318493740353883,1.0,0.0
0.8024349507044504,0.132076661508087,1.0,0.0
0.8075565572227096,0.13220255802357497,1.0,0.0
0.8127135556326853,0.13233136778325216,1.0,0.0
0.817926883753107,0.1322553613508112,1.0,0.0
0.8229436200408764,0.1322301382138184,1.0,0.0
0.8280457079613006,0.13198785293046833,1.0,0.0
0.8331834221033214,0.13145283512137385,1.0,0.0
0.8380380937605362,0.13121094916163586,1.0,0.0
0.8427363019194921,0.13167529768374178,1.0,0.0
0.8476751233894705,0.1320831636464717,1.0,0.0
0.8526530337932847,0.13356417535577816,1.0,0.0
0.8578433631496836,0.13293065222140327,1.0,0.0
0.13435334308945812,0.13679107250635955,1.0,0.0
0.13837022222333886,0.13527476480105458,1.0,0.0
0.14336246450712697,0.1358347569197198,1.0,0.0
0.14823516685222335,0.13575660810601597,1.0,0.0
0.1532554959123686,0.13593389208594583,1.0,0.0
0.1583098077152413,0.13602450817155604,1.0,0.0
0.1633723369801466,0.1359376711446363,1.0,0.0
0.1684706660166281,0.13589797055838937,1.0,0.0
0.17354342928654568,0.13575869664265364,1.0,0.0
0.1785078302992869,0.13557175314189213,1.0,0.0
0.18341676159002543,0.1354356140532921,1.0,0.0
0.18838071411729154,0.13544038899705418,1.0,0.0
0.19345352256320147,0.13555675716105303,1.0,0.0
0.19853211166443924,0.13554808294854215,1.0,0.0
0.2036468665118946,0.1354124372446352,1.0,0.0
0.20878818541839217,0.1351430230188154,1.0,0.0
0.21390343372295392,0.13481853482665368,1.0,0.0
0.21877894850116048,0.13444549790073465,1.0,0.0
0.22349802395040036,0.1344263105103118,1.0,0.0
0.2284989106360516,0.13423732847189962,1.0,0.0
0.23327977621557136,0.13444112405088426,1.0,0.0
0.23827054420298638,0.13484258202498559,1.0,0.0
0.24350571678086758,0.13409120086589313,1.0,0.0
0.2517627335732577,0.13303812085936625,1.0,0.0
0.2558589197000122,0.13589894926535354,1.0,0.0
0.28289315614828925,0.1352549300194048,1.0,0.0
0.28702500031023565,0.13766920649400533,1.0,0.0
0.2906992448333219,0.134564879457938,1.0,0.0
0.29533825188871027,0.13529449973262497,1.0,0.0
0.30016118090003235,0.13506496171998653,1.0,0.0
0.30511187466394285,0.13501403320505947,1.0,0.0
0.3100841932080486,0.13492172378244047,1.0,0.0
0.3150434311876684,0.13480598914635986,1.0,0.0
0.3199953982777162,0.13473276874378265,1.0,0.0
0.3249373642133004,0.13469373692087952,1.0,0.0
0.32986948336657185,0.1346656804068351,1.0,0.0
0.3347915096028055,0.13462820875791684,1.0,0.0
0.3397080185976196,0.13456645679567403,1.0,0.0
0.3446459108390816,0.1345343170098387,1.0,0.0
0.34957583016390287,0.13449670005572126,1.0,0.0
0.35450810058603754,0.13445067989477497,1.0,0.0
0.35947682419512705,0.13443329788748595,1.0,0.0
0.36444806513117595,0.1344082096661668,1.0,0.0
0.36944184611742414,0.13436238911008339,1.0,0.0
0.37443387027581826,0.13429140842338985,1.0,0.0
0.3794798377736198,0.1342566575781923,1.0,0.0
0.3845332387075417,0.13422711332057788,1.0,0.0
0.3896043680299873,0.13423110259639653,1.0,0.0
0.3946256366587502,0.13417540347106988,1.0,0.0
0.3996121405895644,0.13415543235492228,1.0,0.0
0.4046565463984901,0.1342016360698728,1.0,0.0
0.40964749269148637,0.13420521814809208,1.0,0.0
0.41457415068040715,0.13406437152881312,1.0,0.0
0.4196884237893378,0.13431994958631832,1.0,0.0
0.4245461423507805,0.13425260899701782,1.0,0.0
0.429804061883888,0.13406228130982295,1.0,0.0
0.4348414973127505,0.13417778884156378,1.0,0.0
0.47989768375636127,0.13778123625218833,1.0,0.0
0.48431953812081574,0.1352289863493156,1.0,0.0
0.48985728501795084,0.13504105629057317,1.0,0.0
0.4944440702527442,0.13441437627603536,1.0,0.0
0.4998908989854652,0.13449455597468327,1.0,0.0
0.505425488834411,0.13416755542981726,1.0,0.0
0.5104520368070631,0.13395414117218363,1.0,0.0
0.5156373431708029,0.13438700141718585,1.0,0.0
0.5213247675586589,0.13473702458847303,1.0,0.0
0.5261033244872186,0.13391389004633245,1.0,0.0
0.5307933749995153,0.13335838188206606,1.0,0.0
0.5357857446022501,0.13336232689675606,1.0,0.0
0.5407686697254451,0.13342314149836004,1.0,0.0
0.5457711762849302,0.1335387226005749,1.0,0.0
0.5507727460606203,0.1336904947841229,1.0,0.0
0.5557653516704338,0.13385907240951644,1.0,0.0
0.5607630523913448,0.13409543494812629,1.0,0.0
0.565636785169795,0.13425106536898085,1.0,0.0
0.570437195676904,0.13418000662906376,1.0,0.0
0.5753039800698001,0.13389406305299423,1.0,0.0
0.5803889242158358,0.13374289686358456,1.0,0.0
0.5854844055872955,0.13363715824284145,1.0,0.0
0.5905619140273526,0.13349536915738197,1.0,0.0
0.5957118833849154,0.13360516565863392,1.0,0.0
0.600783764548194,0.1337858481287091,1.0,0.0
0.6057230420265171,0.13383033618378967,1.0,0.0
0.6106646990024818,0.1336528204106436,1.0,0.0
0.6156192048818917,0.13327627724791868,1.0,0.0
0.6207792304709345,0.13295204116471498,1.0,0.0
0.6260899174969263,0.13278271083462811,1.0,0.0
0.6312853675754868,0.13291529068001726,1.0,0.0
0.6363368882804242,0.13326926321358545,1.0,0.0
0.6411768637345021,0.13375676620831142,1.0,0.0
0.646066094622052,0.13391181748757372,1.0,0.0
0.650993361347708,0.13388016858519652,1.0,0.0
0.655962848561519,0.13376043891367406,1.0,0.0
0.6610784689311128,0.13355722881917853,1.0,0.0
0.6661793969000992,0.1335156804026786,1.0,0.0
0.6713226774382517,0.13353499297306076,1.0,0.0
0.6764493820185642,0.13362896716020914,1.0,0.0
0.6815123533951736,0.13381199608019664,1.0,0.0
0.6864839153119231,0.13409069860701164,1.0,0.0
0.6913778902302669,0.13436175275873521,1.0,0.0
0.6962462408296299,0.13456220842938374,1.0,0.0
0.7011438834859685,0.13466823306562517,1.0,0.0
0.7060804721972684,0.1347291359090617,1.0,0.0
0.7110400574636769,0.13478614759617394,1.0,0.0
0.7160195420126026,0.13484515707057335,1.0,0.0
0.7209832666323323,0.13494196531404032,1.0,0.0
0.725931479012586,0.13504966303963384,1.0,0.0
0.730868559624033,0.13515022425153006,1.0,0.0
0.7358054250050601,0.13522728214305252,1.0,0.0
0.7407425774724568,0.13528479481001504,1.0,0.0
0.7456831469199485,0.13532474225227537,1.0,0.0
0.7506289820087585,0.13534959566159913,1.0,0.0
0.7555776346878655,0.13536406327311226,1.0,0.0
0.760526111601146,0.13537155563118994,1.0,0.0
0.7654722227364529,0.13537794960970964,1.0,0.0
0.770417406910481,0.13538288522753628,1.0,0.0
0.7753560842169014,0.13539502783165888,1.0,0.0
0.7802793055684388,0.13543604966984318,1.0,0.0
0.7851885910561335,0.13551407380910369,1.0,0.0
0.7900752667234793,0.13567732485421316,1.0,0.0
0.7949945808764821,0.13589341102918132,1.0,0.0
0.8000035089121338,0.13606933657163017,1.0,0.0
0.805081997555168,0.13618457981453844,1.0,0.0
0.8101924339188791,0.13626996378044207,1.0,0.0
0.8153606232628491,0.1362710770086019,1.0,0.0
0.8204743146386809,0.13629241861538044,1.0,0.0
0.8256039142417729,0.13613589526602587,1.0,0.0
0.8307037776589071,0.13581530645007733,1.0,0.0
0.8356145892307909,0.13562012537450935,1.0,0.0
0.8403817281124261,0.13577641130264656,1.0,0.0
0.8452509500850821,0.13609440845678125,1.0,0.0
0.8500426767336976,0.13678835931769742,1.0,0.0
0.8555243930986828,0.1370725515089019,1.0,0.0
0.8606073544881626,0.13663061415109942,1.0,0.0
0.1254474794102867,0.1423284369953505,1.0,0.0
0.13031675361834166,0.13970370784775507,1.0,0.0
0.13586772317061319,0.14042669240967143,1.0,0.0
0.14061774024699103,0.13981323600627465,1.0,0.0
0.14571555218724708,0.1400309891732015,1.0,0.0
0.15070665419558435,0.1400378947368355,1.0,0.0
0.1557652914952606,0.14012765762063542,1.0,0.0
0.16085353689016896,0.14012749845600544,1.0,0.0
0.16590839175504676,0.14006310882659365,1.0,0.0
0.17097277868132388,0.13999167669117255,1.0,0.0
0.17599734387854155,0.1398884138174654,1.0,0.0
0.18097268107015832,0.1397652122283484,1.0,0.0
0.18593396429172934,0.1396802585500194,1.0,0.0
0.19093884956264864,0.13967288329136424,1.0,0.0
0.1960259822983475,0.13969082171108724,1.0,0.0
0.20114200782924968,0.13960248917725315,1.0,0.0
0.20625927895859772,0.13941605625172832,1.0,0.0
0.2113291748013988,0.13918102469047425,1.0,0.0
0.21631327925268418,0.13897435414158713,1.0,0.0
0.22116785789450288,0.1388512266831616,1.0,0.0
0.226074221069657,0.13868816768836506,1.0,0.0
0.23091652508054247,0.13875437181882985,1.0,0.0
0.23583329870592115,0.1388952786788636,1.0,0.0
0.2410170142081238,0.13867787163590986,1.0,0.0
0.2458761965997719,0.13880494484198425,1.0,0.0
0.2510975219453208,0.13842320412517925,1.0,0.0
0.25582589268273703,0.14006766125488548,1.0,0.0
0.2639704976719319,0.14247434719891416,1.0,0.0
0.264946596913986,0.13763484171714874,1.0,0.0
0.2717575767093807,0.13636176617840157,1.0,0.0
0.272968652696998,0.14020489845366776,1.0,0.0
0.28177909321446293,0.13941230438032404,1.0,0.0
0.2865864897894471,0.14176021883365242,1.0,0.0
0.2918671317107133,0.13930424274234227,1.0,0.0
0.2971968847252355,0.13938487430319763,1.0,0.0
0.3022688026586197,0.13928121670336707,1.0,0.0
0.3072948857528612,0.13922268123570608,1.0,0.0
0.3122815121436818,0.13911849336119667,1.0,0.0
0.31726871646223026,0.13904133626613827,1.0,0.0
0.3222445348607787,0.13901618966840662,1.0,0.0
0.32719100730775497,0.13900478947002184,1.0,0.0
0.33211877104085763,0.13899002717014422,1.0,0.0
0.33703379142276707,0.138951781476662,1.0,0.0
0.34194884511227236,0.1388611120980433,1.0,0.0
0.34693645353006347,0.1388496323568285,1.0,0.0
0.3518935029068623,0.13881529533573905,1.0,0.0
0.3568559165195311,0.13873047844054726,1.0,0.0
0.3618737677899927,0.13872070161629824,1.0,0.0
0.3668997024389096,0.13865305210955056,1.0,0.0
0.371906494774455,0.1386107018041322,1.0,0.0
0.37689067354355094,0.13847293379369682,1.0,0.0
0.3819622853022853,0.13843683088549974,1.0,0.0
0.3870363197274593,0.13838571615673712,1.0,0.0
0.39214766065686857,0.13842680333115404,1.0,0.0
0.3970384181972356,0.13843386483714293,1.0,0.0
0.4019912647664133,0.1383311516376712,1.0,0.0
0.4070851046656107,0.13844337643127855,1.0,0.0
0.4120284164432473,0.13849119324651113,1.0,0.0
0.41679105656774523,0.1381887535422423,1.0,0.0
0.4219046342320684,0.13882747535819198,1.0,0.0
0.4269944593040113,0.13806946302015935,1.0,0.0
0.43155137405756466,0.13858707233780884,1.0,0.0
0.4663065528935544,0.13972121799173753,1.0,0.0
0.4725134221056224,0.13996456818155328,1.0,0.0
0.4773351007934187,0.1405546591565826,1.0,0.0
0.4838384346280029,0.13987184979846026,1.0,0.0
0.48811140640541506,0.13893232282141682,1.0,0.0
0.4930502758931477,0.13873667584839766,1.0,0.0
0.4980086249964418,0.13838137671063047,1.0,0.0
0.5030763161036127,0.13815776443211797,1.0,0.0
0.5081146454993937,0.13809092314998672,1.0,0.0
0.513147583257041,0.13810203342512406,1.0,0.0
0.5183384445396574,0.13819968158542065,1.0,0.0
0.5236135407548186,0.13841792412313872,1.0,0.0
0.5285535700326696,0.13787268009713138,1.0,0.0
0.5334405728092517,0.13754180611435524,1.0,0.0
0.538334642835221,0.13761280049051863,1.0,0.0
0.54323882085118,0.1376757756979653,1.0,0.0
0.548209788986514,0.13782141003888854,1.0,0.0
0.5531958779524891,0.13800529929786307,1.0,0.0
0.5581972156551762,0.1381825739765593,1.0,0.0
0.5631954444056726,0.13858571462896543,1.0,0.0
0.56796562356767,0.13876165218057274,1.0,0.0
0.5726960108476167,0.13846757894252154,1.0,0.0
0.5776060440090882,0.1379205511016157,1.0,0.0
0.5828407656816207,0.13783544478019275,1.0,0.0
0.5880124468762872,0.13775978023328286,1.0,0.0
0.593013697860714,0.1376157572143245,1.0,0.0
0.5982206182578328,0.13787985678680367,1.0,0.0
0.6033278822788649,0.13820974098363284,1.0,0.0
0.608331491438102,0.1381118838656382,1.0,0.0
0.6133191191301759,0.13780511864409742,1.0,0.0
0.6183230233771704,0.13713853515995275,1.0,0.0
0.6236719440738538,0.13667184132837398,1.0,0.0
0.6289537125018384,0.13680980070892837,1.0,0.0
0.634051714593403,0.1372066194164019,1.0,0.0
0.6387709203616392,0.13796297599337562,1.0,0.0
0.6436661029660126,0.1382246947207077,1.0,0.0
0.6485936936618307,0.13823720047129112,1.0,0.0
0.6534983205207914,0.1381129835777941,1.0,0.0
0.6586287526508083,0.13771693934072515,1.0,0.0
0.6636866943257594,0.13764593939667738,1.0,0.0
0.6688132039030176,0.13755985343704424,1.0,0.0
0.6739963723296658,0.13762492173742583,1.0,0.0
0.6791154161187722,0.13782942144769966,1.0,0.0
0.6840920020692878,0.1381686117753669,1.0,0.0
0.68897585984435,0.1385491746204996,1.0,0.0
0.693791671681637,0.13882593829057396,1.0,0.0
0.698657037577516,0.138937661946044,1.0,0.0
0.7035903432847207,0.13896832171804574,1.0,0.0
0.7085614792192239,0.13900092543339107,1.0,0.0
0.7135742914547328,0.13902837764890055,1.0,0.0
0.7185541900950132,0.1391306284340853,1.0,0.0
0.7235070566959655,0.13925395500741805,1.0,0.0
0.7284396707932177,0.13937475020308362,1.0,0.0
0.7333728457690427,0.13946386440506672,1.0,0.0
0.7383032677261312,0.13953226509714886,1.0,0.0
0.7432368359484538,0.1395758974602786,1.0,0.0
0.7481791920371446,0.1396008376417614,1.0,0.0
0.753127274720406,0.13961567073522088,1.0,0.0
0.7580764798458618,0.13962445860503211,1.0,0.0
0.7630227975412236,0.13962959625833052,1.0,0.0
0.7679675444606704,0.13963235098970983,1.0,0.0
0.7729092037884793,0.1396399442309634,1.0,0.0
0.7778424945876802,0.1396683337908304,1.0,0.0
0.7827610713538222,0.1397322354455594,1.0,0.0
0.7876660660403375,0.1398480097775186,1.0,0.0
0.7925966544950412,0.13999236193530137,1.0,0.0
0.7975902970320834,0.1401169426233059,1.0,0.0
0.8026395728159155,0.1402082542305108,1.0,0.0
0.8077253933402677,0.14027284483725805,1.0,0.0
0.8128476506321167,0.14028392522606417,1.0,0.0
0.8179634277753841,0.14030481324430744,1.0,0.0
0.8231018297272243,0.14023604165571615,1.0,0.0
0.8282020960982204,0.1400604962455175,1.0,0.0
0.8331786571258992,0.13993165595389725,1.0,0.0
0.8380487229524658,0.13997786980787236,1.0,0.0
0.8429269842417196,0.14016710731126944,1.0,0.0
0.8478036051978084,0.14061678464831537,1.0,0.0
0.852948107730221,0.14076541723016942,1.0,0.0
0.8582291706440554,0.14088567064305624,1.0,0.0
0.8632209193927713,0.14086326358732548,1.0,0.0
0.8676878658923873,0.14247810233507732,1.0,0.0
0.8727603672623808,0.14264835294186104,1.0,0.0
0.8773754396100556,0.14245981498138546,1.0,0.0
0.11806007582943266,0.14507881123561697,1.0,0.0
0.12306642732195304,0.14579131279214982,1.0,0.0
0.12866999060579598,0.14478901032658487,1.0,0.0
0.13320203719445672,0.14413317512587728,1.0,0.0
0.13836334539895392,0.14437536649281413,1.0,0.0
0.14321181562209404,0.14413739313144858,1.0,0.0
0.14823370857820298,0.14423695665395067,1.0,0.0
0.15324733967838652,0.14425128379327762,1.0,0.0
0.15831124370210922,0.14427361123222965,1.0,0.0
0.16337527743837432,0.1442589237366082,1.0,0.0
0.16841901396189266,0.1441995689861381,1.0,0.0
0.17345063808230576,0.14413453589344097,1.0,0.0
0.17846097730276816,0.1440483339410589,1.0,0.0
0.18345279349558474,0.14395410165993439,1.0,0.0
0.1884526278874392,0.143883482996773,1.0,0.0
0.19349749160214672,0.14383811972198163,1.0,0.0
0.19859806486912435,0.1437795443188995,1.0,0.0
0.2037053493477254,0.1436570504197012,1.0,0.0
0.20877779802533605,0.143499258872416,1.0,0.0
0.21378616645073856,0.14335030931814766,1.0,0.0
0.2187274841442447,0.14325680813805644,1.0,0.0
0.22364062064309112,0.14313578708283503,1.0,0.0
0.22849515938837353,0.14311999148018328,1.0,0.0
0.23337940459992432,0.14316809885789136,1.0,0.0
0.23836499188419252,0.14305845383032773,1.0,0.0
0.2432614594720662,0.14309276012638547,1.0,0.0
0.2482601244574906,0.14291636291436968,1.0,0.0
0.25297426447188925,0.1433758156673199,1.0,0.0
0.2585031598981208,0.14379271208833908,1.0,0.0
0.262564605066641,0.14648197822783632,1.0,0.0
0.2687303246888529,0.1429987137190691,1.0,0.0
0.2735054426629474,0.14430835173574072,1.0,0.0
0.2779441889330549,0.14262340849337174,1.0,0.0
0.28272291388037524,0.14388068939191884,1.0,0.0
0.29011689473007013,0.14382693664521337,1.0,0.0
0.29473169272305955,0.14349327752518176,1.0,0.0
0.29966657589600126,0.14356767050302327,1.0,0.0
0.3045999302976726,0.1435059822561798,1.0,0.0
0.3095570816929243,0.14344839890842173,1.0,0.0
0.3144994669381853,0.14331773831665306,1.0,0.0
0.31950173292641665,0.1432824441411006,1.0,0.0
0.3244945365658746,0.1433180553526611,1.0,0.0
0.32943171632272455,0.14333466603594025,1.0,0.0
0.33434435321759076,0.1433298787379714,1.0,0.0
0.33925243309546077,0.14327401378467783,1.0,0.0
0.3441842205881832,0.1431003175702263,1.0,0.0
0.349254297855085,0.14315532973610057,1.0,0.0
0.35425525863787444,0.14309757080847715,1.0,0.0
0.35922000228570033,0.14296442639254597,1.0,0.0
0.36437915856655784,0.14292333946959174,1.0,0.0
0.36940878905701563,0.14289712946747654,1.0,0.0
0.37443090675515006,0.14284556876386229,1.0,0.0
0.37935664251767814,0.14261120712162895,1.0,0.0
0.3845080032554758,0.142571985158548,1.0,0.0
0.3896580443138409,0.14246800050370728,1.0,0.0
0.3946327847881924,0.14285306531349526,1.0,0.0
0.399406661001848,0.14267440711665902,1.0,0.0
0.4043415790187622,0.14243263505919596,1.0,0.0
0.4094921612920023,0.14277807073727306,1.0,0.0
0.4140747724678021,0.14302142240233398,1.0,0.0
0.41817361010268495,0.1423117974186822,1.0,0.0
0.42564667881264073,0.14212176631493417,1.0,0.0
0.46102545133316675,0.1428554946568975,1.0,0.0
0.4665553318660302,0.14438289763850976,1.0,0.0
0.4706519581102996,0.1434745278944967,1.0,0.0
0.47555817550692947,0.14401216320140778,1.0,0.0
0.48102819813210784,0.14312495866677058,1.0,0.0
0.48651845510629105,0.1436919372856745,1.0,0.0
0.4909526078992422,0.14294021401529214,1.0,0.0
0.4959183186846294,0.14234390482812315,1.0,0.0
0.5012362100235828,0.14243479406435297,1.0,0.0
0.5059282749528652,0.142288277241767,1.0,0.0
0.5108427801553599,0.14205493310185416,1.0,0.0
0.5158625537417266,0.14218098546989766,1.0,0.0
0.5207569940966106,0.1423093692966694,1.0,0.0
0.5259887870228624,0.14216081625983576,1.0,0.0
0.5310961366597596,0.1418101624843901,1.0,0.0
0.5359294352959506,0.1418659625770642,1.0,0.0
0.5407159139754766,0.14193975900219885,1.0,0.0
0.5455421884568309,0.14195159842064017,1.0,0.0
0.550521871296993,0.1421231827916723,1.0,0.0
0.5555684066606169,0.14230056667008997,1.0,0.0
0.560524743116539,0.1425529407952635,1.0,0.0
0.5655212249327052,0.14326762637036006,1.0,0.0
0.5702116808489587,0.14327230864143242,1.0,0.0
0.5749884142693726,0.1425246495658522,1.0,0.0
0.5799167535733761,0.14176116296541333,1.0,0.0
0.58542454136576,0.14183966096452938,1.0,0.0
0.5905157181698774,0.14203184467828234,1.0,0.0
0.5952875147167128,0.14171137824304042,1.0,0.0
0.6005752024883878,0.14221412524719676,1.0,0.0
0.6060358135115391,0.14251557054980574,1.0,0.0
0.6111125463739814,0.1422925650839834,1.0,0.0
0.6163048451955532,0.14168926970968823,1.0,0.0
0.6213724605378045,0.14059909082650493,1.0,0.0
0.6265710022942887,0.14056156565552858,1.0,0.0
0.63183245637744,0.1409919548650222,1.0,0.0
0.6362645544186146,0.14217485632922588,1.0,0.0
0.641149247389554,0.14246082480800618,1.0,0.0
0.6462199668631083,0.14257328718899007,1.0,0.0
0.6510925791401497,0.14258613593769098,1.0,0.0
0.6563321211675601,0.14191205748663313,1.0,0.0
0.661261768316754,0.1418549222500943,1.0,0.0
0.6663489537463457,0.1416576959586135,1.0,0.0
0.6715008505984451,0.14155065843716733,1.0,0.0
0.6767074333781143,0.14174860515015392,1.0,0.0
0.6817287683050796,0.14219974274977262,1.0,0.0
0.6865816954046025,0.1426743337167262,1.0,0.0
0.6913508040509894,0.14312628419207785,1.0,0.0
0.6961513032416443,0.14325125146037368,1.0,0.0
0.7010750174792708,0.1432284934723116,1.0,0.0
0.7060519490973132,0.1432184060026528,1.0,0.0
0.7111238510342727,0.14318311791134422,1.0,0.0
0.7161291389742243,0.1432986491523862,1.0,0.0
0.7210891348252235,0.14344577527434413,1.0,0.0
0.7260123224943587,0.14359661438920523,1.0,0.0
0.7309438059778417,0.1436982861090466,1.0,0.0
0.7358690101859263,0.14378277002223272,1.0,0.0
0.7407961587424167,0.14383495346891007,1.0,0.0
0.7457337301850822,0.14385629824098112,1.0,0.0
0.7506831982697091,0.143867352110852,1.0,0.0
0.755638167261076,0.14387541539931764,1.0,0.0
0.7605912080350642,0.14388246209345915,1.0,0.0
0.7655405048837963,0.14388334150788837,1.0,0.0
0.7704898174090296,0.14388329441156641,1.0,0.0
0.7754374284448212,0.14389739478112795,1.0,0.0
0.7803646484353866,0.1439517365343362,1.0,0.0
0.7852754456851169,0.1440406533445451,1.0,0.0
0.7902085684847534,0.14413325855417794,1.0,0.0
0.795192864495039,0.14420878097161383,1.0,0.0
0.8002212078875381,0.14427010604626164,1.0,0.0
0.8052860732826227,0.14431216819890738,1.0,0.0
0.8103816261942027,0.14432373507365537,1.0,0.0
0.8154790128784493,0.14433375480301985,1.0,0.0
0.8205934269517499,0.1443012754979887,1.0,0.0
0.8256927185858985,0.14421879402910823,1.0,0.0
0.8307165761150131,0.1441485782083652,1.0,0.0
0.835663221567516,0.14416420519931605,1.0,0.0
0.8405840347524809,0.14427976958794264,1.0,0.0
0.8454922806464754,0.1445599366888282,1.0,0.0
0.850537142523615,0.14473479295502406,1.0,0.0
0.8555892914257742,0.14484825236205032,1.0,0.0
0.8605710855414606,0.14506992535711416,1.0,0.0
0.8651206794061046,0.14590222569977881,1.0,0.0
0.870191643223021,0.14653057449127613,1.0,0.0
0.8750987281582739,0.14676227297497205,1.0,0.0
0.8797846068263477,0.14658351531262528,1.0,0.0
0.10992984780381922,0.15127296102332438,1.0,0.0
0.11500258475234212,0.14889305054883026,1.0,0.0
0.12031548938830544,0.14929697715395096,1.0,0.0
0.12593781234655196,0.14902875780595312,1.0,0.0
0.13097846574908747,0.1488161991888308,1.0,0.0
0.1357838795739522,0.14845195067972153,1.0,0.0
0.14081533590043965,0.14851797525969487,1.0,0.0
0.14573908807780525,0.14840662440191865,1.0,0.0
0.15075107069828178,0.14843613909689624,1.0,0.0
0.15578030676037508,0.14842815179333368,1.0,0.0
0.16083315343803714,0.14843077092764032,1.0,0.0
0.16588090196704403,0.1484096015810948,1.0,0.0
0.17090773104876095,0.14836161220621047,1.0,0.0
0.17592279205283345,0.14829827498905268,1.0,0.0
0.1809289015871081,0.14821606378828434,1.0,0.0
0.18593678347589673,0.1481260715461236,1.0,0.0
0.19096778890527852,0.14804122924380153,1.0,0.0
0.19603689962042303,0.14795925404643337,1.0,0.0
0.20113225124592282,0.14786923184450615,1.0,0.0
0.20621217494313493,0.14776325427630566,1.0,0.0
0.21124843727235318,0.14766406590892941,1.0,0.0
0.21622934174254438,0.14759629565390336,1.0,0.0
0.2211717680228555,0.14753589697524547,1.0,0.0
0.22605057778653062,0.14751591311084608,1.0,0.0
0.2309094652233944,0.1475278075558341,1.0,0.0
0.2357952073288446,0.14747831664445119,1.0,0.0
0.2406325756447302,0.14746317013707616,1.0,0.0
0.24549154274279789,0.14738309323143256,1.0,0.0
0.2501884078748144,0.14755790628866794,1.0,0.0
0.25498218053461075,0.14762591544730222,1.0,0.0
0.25920492706904597,0.14876509646483854,1.0,0.0
0.2665747591834909,0.14742917619361365,1.0,0.0
0.2710870177233807,0.14790066893593282,1.0,0.0
0.2763893505153692,0.1476993793446662,1.0,0.0
0.2809605899601022,0.1475625063557598,1.0,0.0
0.2864076779385276,0.14723271512730812,1.0,0.0
0.2917310459002194,0.14790655935294236,1.0,0.0
0.2967544911914444,0.14775582039099094,1.0,0.0
0.30181423298858234,0.14780741381658655,1.0,0.0
0.30678693025270404,0.14775072208163703,1.0,0.0
0.31175203963245507,0.1476948229374946,1.0,0.0
0.3166661514332873,0.14749994923517531,1.0,0.0
0.32171617375230355,0.14752910457386365,1.0,0.0
0.3267340906540447,0.14765614233538124,1.0,0.0
0.3316326246706459,0.14769870268983176,1.0,0.0
0.33652131466165863,0.14768142703866657,1.0,0.0
0.3414722697097079,0.14754858854304248,1.0,0.0
0.34638924122479536,0.14726065825732226,1.0,0.0
0.35166199268078796,0.14742018712762683,1.0,0.0
0.3566315450271686,0.14739876804668817,1.0,0.0
0.36171713336225136,0.1469771140108811,1.0,0.0
0.3669567373509288,0.14717300819993803,1.0,0.0
0.372006900471977,0.14711205347451864,1.0,0.0
0.3770009509941981,0.1471318030568554,1.0,0.0
0.38184496800933326,0.14660653145308608,1.0,0.0
0.3872968991899595,0.14652316479749655,1.0,0.0
0.3920860763409433,0.1468979041925808,1.0,0.0
0.3972193552810564,0.14732354391722827,1.0,0.0
0.40186542363241173,0.1467830594337076,1.0,0.0
0.40686322858906426,0.14638072650647047,1.0,0.0
0.4123305311434807,0.14737166840918922,1.0,0.0
0.41720708743751583,0.14745966877561179,1.0,0.0
0.4214583595464112,0.14431151705893985,1.0,0.0
0.4553342639666034,0.15006478542256121,1.0,0.0
0.45936255152980215,0.14825015967167457,1.0,0.0
0.46365579184125033,0.1471702944898921,1.0,0.0
0.4689359148954748,0.14789915169599763,1.0,0.0
0.47360074676526487,0.1476036079622406,1.0,0.0
0.4787729949644454,0.14707247913193697,1.0,0.0
0.48364658786045905,0.14676996832155126,1.0,0.0
0.4891713267089176,0.14778925301991877,1.0,0.0
0.4936588491748321,0.14662661059388432,1.0,0.0
0.4985816846042873,0.14578858350642732,1.0,0.0
0.5042425292172205,0.14683438949732872,1.0,0.0
0.508798486030971,0.14630428298875012,1.0,0.0
0.5133860828593914,0.14615712255865407,1.0,0.0
0.5181343054951846,0.14659938592453797,1.0,0.0
0.5232259730481735,0.14612229482849406,1.0,0.0
0.528566430319908,0.14581955913019143,1.0,0.0
0.5334629899067379,0.14609349880889283,1.0,0.0
0.5382214295584171,0.146310089294438,1.0,0.0
0.5428621445858891,0.14632053213486676,1.0,0.0
0.5476304693027602,0.14618373699271886,1.0,0.0
0.552823274013043,0.14631484556640592,1.0,0.0
0.5577969234293041,0.14671615910546368,1.0,0.0
0.5625241098039833,0.14700899822813984,1.0,0.0
0.5677867909602068,0.14808121804815208,1.0,0.0
0.5727371185728325,0.14740428150784876,1.0,0.0
0.5774250362598194,0.1464257993968753,1.0,0.0
0.5823515988426571,0.14525146204679662,1.0,0.0
0.5878838977513027,0.14609112654126588,1.0,0.0
0.5925765853842937,0.14667857639799892,1.0,0.0
0.5967278542782657,0.14566232911206525,1.0,0.0
0.6297382141297873,0.14439809770709447,1.0,0.0
0.6336680403085745,0.14649738027649012,1.0,0.0
0.6384062820938071,0.14669493842777012,1.0,0.0
0.6436714400733313,0.14664043106922603,1.0,0.0
0.6486579698491991,0.1471111430266334,1.0,0.0
0.6543133083926641,0.14598345101554397,1.0,0.0
0.6590644211554656,0.14627268495195755,1.0,0.0
0.6639696262113866,0.14583605910662145,1.0,0.0
0.6690992284451839,0.1455957155192974,1.0,0.0
0.6742208987396783,0.14553215302492095,1.0,0.0
0.6793199666240773,0.14608161835138087,1.0,0.0
0.6842398938705166,0.1467729839491312,1.0,0.0
0.6888559132818362,0.1473783567373885,1.0,0.0
0.6936496811208229,0.14766331464117202,1.0,0.0
0.6985314669977664,0.14752655547480345,1.0,0.0
0.7035013811760287,0.14745909053974773,1.0,0.0
0.7086677886416506,0.14728582746815713,1.0,0.0
0.71370956492515,0.1474313615781132,1.0,0.0
0.718684554487948,0.14761761107892715,1.0,0.0
0.7235867616682654,0.14781990141320284,1.0,0.0
0.7285156573103867,0.14792740634644805,1.0,0.0
0.7334353267579788,0.1480324712155981,1.0,0.0
0.7383576998893281,0.148099747067048,1.0,0.0
0.7432935741150934,0.1481220074311294,1.0,0.0
0.7482400522940872,0.14812056552793657,1.0,0.0
0.7532023706744762,0.1481209436061113,1.0,0.0
0.7581675184394002,0.14812850862100518,1.0,0.0
0.7631303733202925,0.14813339918575352,1.0,0.0
0.7680927709102795,0.14812435251666456,1.0,0.0
0.7730635185177457,0.1481180471905259,1.0,0.0
0.7780016331935321,0.14817065922386652,1.0,0.0
0.7829081728490549,0.1482544046263075,1.0,0.0
0.787836346518479,0.14831099391473476,1.0,0.0
0.7928145404546941,0.1483386741467346,1.0,0.0
0.7978250196460531,0.14836798954144476,1.0,0.0
0.8028709723975227,0.14838320083559398,1.0,0.0
0.807946979816911,0.14838378958044146,1.0,0.0
0.8130275832545139,0.14838875487855455,1.0,0.0
0.8181152245541558,0.14837108183488776,1.0,0.0
0.8231992786584553,0.14832846057993213,1.0,0.0
0.8282493257448713,0.14829592632183078,1.0,0.0
0.833250457927726,0.14830980653868053,1.0,0.0
0.8382203315794934,0.14838946114445284,1.0,0.0
0.8431682714718386,0.14857742744651417,1.0,0.0
0.8481696899391536,0.14874715143810013,1.0,0.0
0.8531734389202585,0.14891117261437967,1.0,0.0
0.8581130058156778,0.14914170932165086,1.0,0.0
0.862887460745058,0.1497705181280238,1.0,0.0
0.8678215173087661,0.15024917370336585,1.0,0.0
0.8728742283357278,0.15069686950638897,1.0,0.0
0.8778695365123428,0.1508263669509566,1.0,0.0
0.8826884453735104,0.15046992675959386,1.0,0.0
0.10390721394145717,0.1516885962336783,1.0,0.0
0.10718556374783757,0.1555452528090332,1.0,0.0
0.11385512320617652,0.15323318084682358,1.0,0.0
0.11838974797581173,0.15319424759554653,1.0,0.0
0.123431952751886,0.1530671739373754,1.0,0.0
0.1284701869354865,0.15308078710945897,1.0,0.0
0.13343758700961594,0.1529189161293009,1.0,0.0
0.13830874134245566,0.15271584681781689,1.0,0.0
0.14328962053517705,0.1527046727642033,1.0,0.0
0.1482472345991026,0.15263172852103496,1.0,0.0
0.15325834207113184,0.15261748986642082,1.0,0.0
0.15828878551287662,0.1525988764707824,1.0,0.0
0.16333743850574522,0.15259819443496403,1.0,0.0
0.1683718686765204,0.15258247781759549,1.0,0.0
0.17338526228656392,0.15254001468755582,1.0,0.0
0.17838764284959244,0.15247159470122165,1.0,0.0
0.18339200546581538,0.15237906328138281,1.0,0.0
0.1884130832430644,0.152273433762677,1.0,0.0
0.19346456417863414,0.1521664478921238,1.0,0.0
0.19854458035005745,0.15206832641958304,1.0,0.0
0.20363061275727118,0.15198561542139524,1.0,0.0
0.2086921284253859,0.151920500037488,1.0,0.0
0.21370915033457424,0.15188608506185808,1.0,0.0
0.2186790886795839,0.1518722454811331,1.0,0.0
0.2235908119565804,0.15188976931936105,1.0,0.0
0.22845695177606237,0.15191868333133499,1.0,0.0
0.23330745052285445,0.15191121534679553,1.0,0.0
0.23813425660263196,0.15189195454013207,1.0,0.0
0.24297938450009962,0.1518306025689035,1.0,0.0
0.2478074561983087,0.15188325582506654,1.0,0.0
0.25274259817452444,0.15193535500733402,1.0,0.0
0.25763155723230385,0.15249842896432014,1.0,0.0
0.2631884347666094,0.15163645667052617,1.0,0.0
0.26830294618991263,0.15192724171455813,1.0,0.0
0.2735885598613988,0.1518373566750981,1.0,0.0
0.2787085409303583,0.15193752453016254,1.0,0.0
0.2837921320392922,0.15150881595398807,1.0,0.0
0.2887935012223643,0.15168121833012033,1.0,0.0
0.2939796989409819,0.15201148825363633,1.0,0.0
0.298996797525406,0.1519562030295322,1.0,0.0
0.30406545502233534,0.15206414268129387,1.0,0.0
0.3089999108506014,0.15200203631439854,1.0,0.0
0.31394783309562213,0.15196490361319062,1.0,0.0
0.31878155271120406,0.15163011128170858,1.0,0.0
0.323918436856337,0.15178519617924244,1.0,0.0
0.3289367680546006,0.1520846086466799,1.0,0.0
0.3337345493958942,0.15210387334186656,1.0,0.0
0.3387259090731851,0.15193667814518275,1.0,0.0
0.34367152332192635,0.15182943845546365,1.0,0.0
0.34863317687779916,0.1511598861068151,1.0,0.0
0.35404319110167776,0.15183071564602857,1.0,0.0
0.35931520629110436,0.15137235218875145,1.0,0.0
0.3641600822050829,0.15101226235743864,1.0,0.0
0.36970126660768926,0.15137936669624666,1.0,0.0
0.3746395737619732,0.15140697088134175,1.0,0.0
0.37981319348267334,0.1513332203426994,1.0,0.0
0.3847071178199041,0.15001424536621458,1.0,0.0
0.38952354737756595,0.15128848954734267,1.0,0.0
0.3944156513342865,0.15102426552763037,1.0,0.0
0.4000868189468265,0.15177671629102643,1.0,0.0
0.404260541154963,0.1507209735324342,1.0,0.0
0.40903268499420914,0.15013353024362966,1.0,0.0
0.4449764874783033,0.15232393387722926,1.0,0.0
0.45260309214887584,0.15255247528984395,1.0,0.0
0.4583551733566648,0.15303057577554327,1.0,0.0
0.46258636278357856,0.1517247041374362,1.0,0.0
0.46681776236324984,0.1514121949107428,1.0,0.0
0.4716735663245892,0.15159808732699148,1.0,0.0
0.4766127590188789,0.15118884812092234,1.0,0.0
0.48113965798451436,0.1510690201942006,1.0,0.0
0.4857560961567689,0.15036121372200723,1.0,0.0
0.49222162113585316,0.15159204532059278,1.0,0.0
0.49629803061456745,0.15024554618038133,1.0,0.0
0.5008994115635325,0.1490422710749178,1.0,0.0
0.5047078498168958,0.15290702372655923,1.0,0.0
0.5208728522902366,0.15038036338817026,1.0,0.0
0.5260747878711126,0.1496323199684292,1.0,0.0
0.5307842075771414,0.15012134744924618,1.0,0.0
0.5356203942284008,0.15053271338329968,1.0,0.0
0.5402206276940545,0.15092433021075402,1.0,0.0
0.5447040656206374,0.150649919615363,1.0,0.0
0.5498042029181233,0.1500328661473217,1.0,0.0
0.5549437463583795,0.1507080853143402,1.0,0.0
0.5591915060811531,0.15156844296653166,1.0,0.0
0.5638455538416026,0.15105232035069904,1.0,0.0
0.5711498588785425,0.15211518123058218,1.0,0.0
0.5758082058615287,0.15154270277045426,1.0,0.0
0.580185736453305,0.14999171293245014,1.0,0.0
0.5844640693693398,0.14884889088047437,1.0,0.0
0.65263749735146,0.14945169418720117,1.0,0.0
0.6572862615618424,0.1508304028363952,1.0,0.0
0.6619922787470964,0.15035502499360853,1.0,0.0
0.6667977049602551,0.1496719358960812,1.0,0.0
0.671935533276452,0.14954639254611404,1.0,0.0
0.6767251874745135,0.14976980040934415,1.0,0.0
0.6818169833049912,0.15057021333138484,1.0,0.0
0.6863929629870248,0.15178127317532544,1.0,0.0
0.6909300706283967,0.15196115390530715,1.0,0.0
0.6960660332011868,0.15196248026355377,1.0,0.0
0.7008962429085067,0.1517510665408809,1.0,0.0
0.7062317779094504,0.15131597591002394,1.0,0.0
0.7112893935788461,0.1515079847700531,1.0,0.0
0.7162970483141838,0.1517470434638912,1.0,0.0
0.7211642598263215,0.1520525395073648,1.0,0.0
0.7260925308383127,0.15215501570023057,1.0,0.0
0.7309952641087725,0.15227985384364756,1.0,0.0
0.7359111002445458,0.15236552657738459,1.0,0.0
0.7408545898753209,0.1523918942425678,1.0,0.0
0.7458051203472453,0.15238909607532988,1.0,0.0
0.7507622063292944,0.1523639728934167,1.0,0.0
0.7557377441665969,0.1523634853111337,1.0,0.0
0.7607197196774834,0.1523704571639218,1.0,0.0
0.7657119780513439,0.15236144229446888,1.0,0.0
0.770723793431,0.15232138224957067,1.0,0.0
0.7756783035700294,0.15238101751257146,1.0,0.0
0.780568602601509,0.15248926330399676,1.0,0.0
0.7854835314353847,0.1525243023799721,1.0,0.0
0.790461344257486,0.15250113208319632,1.0,0.0
0.7954551901380973,0.15250215959217392,1.0,0.0
0.8004816152023881,0.15248643400958553,1.0,0.0
0.8055405513783208,0.15246331137992464,1.0,0.0
0.8106044066499721,0.15246268227121015,1.0,0.0
0.8156696872049609,0.15245589550006886,1.0,0.0
0.8207365751743263,0.15242733022466537,1.0,0.0
0.8257943982690124,0.15240366775931938,1.0,0.0
0.8308288172977386,0.15241635743208767,1.0,0.0
0.8358404237369185,0.15247676121126388,1.0,0.0
0.8408259620132922,0.1526164123470908,1.0,0.0
0.8458189191769669,0.15277958267774389,1.0,0.0
0.8508009573337535,0.1529628458790756,1.0,0.0
0.8557474792236451,0.15320308934640509,1.0,0.0
0.8606148629878853,0.15365850072296794,1.0,0.0
0.8655985762405684,0.15409733851036247,1.0,0.0
0.8706671896938227,0.15445906360827447,1.0,0.0
0.8758836167995065,0.15470156217810538,1.0,0.0
0.8812005092203887,0.1545779144681556,1.0,0.0
0.8865092059978035,0.15355553825743576,1.0,0.0
0.09947912690334146,0.16150588652497153,1.0,0.0
0.10317449668677783,0.15783955429851818,1.0,0.0
0.11125435577241861,0.1568637703762742,1.0,0.0
0.11613683701534491,0.15754659202558624,1.0,0.0
0.12100376127220129,0.15733103203911764,1.0,0.0
0.12592286718803278,0.1572691077660756,1.0,0.0
0.13090602258045606,0.15721287665633973,1.0,0.0
0.1358576969820472,0.15708362624974043,1.0,0.0
0.14077668288429024,0.1569461429133841,1.0,0.0
0.14575031884283826,0.15689594264089657,1.0,0.0
0.1507294619906641,0.1568282702864976,1.0,0.0
0.15574029107466147,0.15679072300430225,1.0,0.0
0.1607740061863401,0.1567651396951324,1.0,0.0
0.16582783511892152,0.15677873180220236,1.0,0.0
0.17085319599645965,0.15677443764557142,1.0,0.0
0.17585068173310486,0.15673263619241856,1.0,0.0
0.18083869503965302,0.1566473880409773,1.0,0.0
0.1858387127262456,0.15653029685269848,1.0,0.0
0.19087028122404714,0.1563967062898993,1.0,0.0
0.1959394968942585,0.1562717927300517,1.0,0.0
0.20103053303573246,0.15618032460845616,1.0,0.0
0.20611599841118128,0.15612873372184258,1.0,0.0
0.2111663141801216,0.15612131658724862,1.0,0.0
0.2161688388987355,0.15615070445669402,1.0,0.0
0.22111197083617237,0.156212815815639,1.0,0.0
0.22599947948339735,0.1562908879135805,1.0,0.0
0.23084268403149616,0.15634019975985244,1.0,0.0
0.2356556364353697,0.15634320031363777,1.0,0.0
0.2404745835805511,0.15628425344055807,1.0,0.0
0.24530837175763998,0.1562405513745221,1.0,0.0
0.25022599023636566,0.15620269509555457,1.0,0.0
0.25519758531181785,0.1563619522091562,1.0,0.0
0.2605930908490554,0.1559787025016178,1.0,0.0
0.2656650360969756,0.15590230979041877,1.0,0.0
0.27091980078587363,0.15592306120661564,1.0,0.0
0.2760731047515392,0.15598316667268206,1.0,0.0
0.2812691047980026,0.15591812696921617,1.0,0.0
0.2862113799310357,0.1558586015679404,1.0,0.0
0.29122989260846166,0.1560525994032046,1.0,0.0
0.29626823249387757,0.15622808056499915,1.0,0.0
0.3012361630375515,0.15614880772930817,1.0,0.0
0.3063474238921426,0.15638509167015716,1.0,0.0
0.3111946786844772,0.1562709288821257,1.0,0.0
0.31611703835467253,0.15629066514528578,1.0,0.0
0.3207861675850654,0.15563607856488398,1.0,0.0
0.3260317953035162,0.15611332668814035,1.0,0.0
0.3309506677885386,0.15671397503212453,1.0,0.0
0.33584596496280367,0.15629100156726622,1.0,0.0
0.34064784421733224,0.1563179268886361,1.0,0.0
0.3456093945471436,0.1560313732896607,1.0,0.0
0.3498086551466667,0.15503769931508002,1.0,0.0
0.35773456235829515,0.1555744644216702,1.0,0.0
0.36223748140437023,0.1559326504231554,1.0,0.0
0.366604416301713,0.15461357663268732,1.0,0.0
0.3845334929842812,0.15400537935633904,1.0,0.0
0.3885877724790475,0.15582743508133562,1.0,0.0
0.3927746439997691,0.1558528570029598,1.0,0.0
0.39708904106930304,0.15451457584403938,1.0,0.0
0.40354035966035806,0.15641565049891742,1.0,0.0
0.41249756148433925,0.15545335613885386,1.0,0.0
0.43965953854076684,0.15873229824532933,1.0,0.0
0.44366176254521966,0.15974209613607257,1.0,0.0
0.44889122149607347,0.1541295296315476,1.0,0.0
0.4555255427798135,0.15584687565426342,1.0,0.0
0.46106431994486596,0.15641452715793377,1.0,0.0
0.465340328858472,0.15578627416830096,1.0,0.0
0.46975431278922053,0.15556682938413824,1.0,0.0
0.47442802320508776,0.15511175435469765,1.0,0.0
0.4791150748537368,0.15552302886972794,1.0,0.0
0.48371497987220385,0.15483532971418018,1.0,0.0
0.4883510828485548,0.15348363927462147,1.0,0.0
0.5240575148843607,0.15353785495526198,1.0,0.0
0.5281412189563559,0.1543649234157542,1.0,0.0
0.5326981287270792,0.15441443192525164,1.0,0.0
0.5374032377777491,0.15523428138064788,1.0,0.0
0.5419834005654809,0.15557057935048044,1.0,0.0
0.547205637169706,0.15410530707714673,1.0,0.0
0.5522080814468043,0.15399501847986594,1.0,0.0
0.5562587891385015,0.1561760888028165,1.0,0.0
0.5616312377209542,0.15551078513805014,1.0,0.0
0.5669177152039198,0.15376635219645632,1.0,0.0
0.6606771953301612,0.15506340989801387,1.0,0.0
0.6651960520901526,0.154268317325816,1.0,0.0
0.6697702414492341,0.15340814633243782,1.0,0.0
0.6744779066518037,0.15408379084982615,1.0,0.0
0.6789949928094645,0.15394998731953863,1.0,0.0
0.6835608479980357,0.15563657496065592,1.0,0.0
0.6882878725749352,0.15681438038133122,1.0,0.0
0.6932117407967565,0.15584704575858035,1.0,0.0
0.698511166819397,0.15639222531386296,1.0,0.0
0.703821881380762,0.1551786144854953,1.0,0.0
0.7088786808537033,0.15555282678279203,1.0,0.0
0.71390582423405,0.15578799983472832,1.0,0.0
0.7187183663732334,0.15628634389860602,1.0,0.0
0.7236893252717203,0.15637985420357287,1.0,0.0
0.7285563739417278,0.15654344925070396,1.0,0.0
0.7334361981436691,0.15663339251440828,1.0,0.0
0.7383992408960928,0.15665109514377207,1.0,0.0
0.7433758190161815,0.15665735694022342,1.0,0.0
0.7483423168109224,0.1566357145122219,1.0,0.0
0.7532901339627087,0.15659502975464631,1.0,0.0
0.7582813849209715,0.15659171068514005,1.0,0.0
0.7633137681143796,0.15657138120321148,1.0,0.0
0.7684268129176471,0.15648977553678642,1.0,0.0
0.7734123617081902,0.15656928123332214,1.0,0.0
0.7782623441892871,0.15674739238654356,1.0,0.0
0.7831495320580842,0.15677691719685477,1.0,0.0
0.7881397335982794,0.15668750010069118,1.0,0.0
0.7931182416131666,0.15667116580038942,1.0,0.0
0.7981258569207735,0.15662575253525188,1.0,0.0
0.8031681571280865,0.15656671089354168,1.0,0.0
0.8082080516717863,0.15655353922865464,1.0,0.0
0.813249861393732,0.15655482482447278,1.0,0.0
0.8183032454066731,0.1565317881941575,1.0,0.0
0.8233630196119406,0.1564989498294871,1.0,0.0
0.8284151011675264,0.1564986061964493,1.0,0.0
0.8334583317905577,0.15653943634015224,1.0,0.0
0.8384754461860897,0.15665204167085325,1.0,0.0
0.8434724141951786,0.1568135172032293,1.0,0.0
0.8484443162335564,0.15700932032194398,1.0,0.0
0.8533912502050182,0.15724511685533674,1.0,0.0
0.8583073006924552,0.15759654041096358,1.0,0.0
0.8632929819494607,0.15795380914462634,1.0,0.0
0.8683639073757257,0.158271902975321,1.0,0.0
0.8735369005585782,0.15846278123992466,1.0,0.0
0.8788534015644508,0.15844148602248517,1.0,0.0
0.8842279398562857,0.15802495848678078,1.0,0.0
0.88912677721428,0.15825875300477715,1.0,0.0
0.8944300732189338,0.16033290724951,1.0,0.0
0.8996131918157071,0.1604395598292063,1.0,0.0
0.9044811855748669,0.16017600059004938,1.0,0.0
0.09523430952043346,0.1603867879456009,1.0,0.0
0.10400843333638539,0.1621733508435631,1.0,0.0
0.10818104532168718,0.16072805492533473,1.0,0.0
0.11319116117987765,0.1613709383962617,1.0,0.0
0.11835172195896593,0.1616305854111482,1.0,0.0
0.12333409738044843,0.16152790408111525,1.0,0.0
0.12831243018165267,0.16144982584912757,1.0,0.0
0.13329828182606807,0.1613691515377498,1.0,0.0
0.13826541897565586,0.16125868198677673,1.0,0.0
0.14321841894403978,0.1611503958929571,1.0,0.0
0.1481961781294096,0.16107787372708834,1.0,0.0
0.153186238417802,0.16101012639545215,1.0,0.0
0.15819715911163468,0.16095477379119716,1.0,0.0
0.16323815846725076,0.16092407247968118,1.0,0.0
0.16831099819269918,0.16097516572879433,1.0,0.0
0.1733251182531107,0.16099000811814412,1.0,0.0
0.17829965312220636,0.16093900782096923,1.0,0.0
0.18326346060486617,0.16082308535087705,1.0,0.0
0.18826142323327918,0.16066085378992953,1.0,0.0
0.1933128141611755,0.16049008186996588,1.0,0.0
0.19840598813351978,0.16036039121803747,1.0,0.0
0.20351648897733352,0.16029614194171254,1.0,0.0
0.20860020968489035,0.1603042975872801,1.0,0.0
0.21363581690529307,0.16036791792078947,1.0,0.0
0.2186141062395919,0.16047765419489826,1.0,0.0
0.22352850457278098,0.16061314188235734,1.0,0.0
0.22838297269119798,0.1607410661221272,1.0,0.0
0.2331938437182693,0.16080213670303867,1.0,0.0
0.2379944892690886,0.1607670355659413,1.0,0.0
0.24281422029385952,0.16066910489089,1.0,0.0
0.2477086908425875,0.16053843301437637,1.0,0.0
0.2526918416894257,0.16046937739798128,1.0,0.0
0.25792008559205204,0.16017723165707828,1.0,0.0
0.26310516099101927,0.16006154194590494,1.0,0.0
0.26828691069070754,0.15995990469585938,1.0,0.0
0.2734729427137525,0.16005976906428918,1.0,0.0
0.27861286568445176,0.1600597391566573,1.0,0.0
0.2836849903497455,0.16017944000223275,1.0,0.0
0.2886073434474049,0.16018690932549143,1.0,0.0
0.2936371331180586,0.160452412141405,1.0,0.0
0.29854530367575144,0.16050916815648394,1.0,0.0
0.3034355841488186,0.160288023225848,1.0,0.0
0.308675480954426,0.16082079740559674,1.0,0.0
0.31329431732441415,0.1605644222741651,1.0,0.0
0.31822389989979166,0.16069396412144127,1.0,0.0
0.3224638612829444,0.1594443171615909,1.0,0.0
0.35323491375120436,0.1568969867669279,1.0,0.0
0.409183329575196,0.16221670500225005,1.0,0.0
0.4121235782574623,0.1630880563007165,1.0,0.0
0.41857079958446564,0.16375469066508055,1.0,0.0
0.43603673500483203,0.16001309768721025,1.0,0.0
0.4402708526376195,0.16310668815166135,1.0,0.0
0.4470048984399436,0.15775904785704858,1.0,0.0
0.4516485731757773,0.15765422802303913,1.0,0.0
0.4579462506104781,0.15931087720494075,1.0,0.0
0.46302942419231596,0.16045235041294278,1.0,0.0
0.4670550921811585,0.15997811210741353,1.0,0.0
0.47109651881698067,0.15975483704270813,1.0,0.0
0.47496591577685854,0.1589456519372451,1.0,0.0
0.5457443476743515,0.1580797183140942,1.0,0.0
0.5507294620605561,0.15781448124863812,1.0,0.0
0.6920841497315233,0.1609301355758012,1.0,0.0
0.7026171950443032,0.1592127319725034,1.0,0.0
0.7067879680158049,0.15964253396208533,1.0,0.0
0.7117143508587416,0.1598202111236889,1.0,0.0
0.716202701163385,0.1605181588655493,1.0,0.0
0.7213117296694376,0.16053623036986953,1.0,0.0
0.7261678623193721,0.16084765991113403,1.0,0.0
0.730941291727237,0.16095988843142436,1.0,0.0
0.7358886288668157,0.1608858535230407,1.0,0.0
0.7409247075835472,0.1608894941792109,1.0,0.0
0.7459485830048121,0.16089751369923697,1.0,0.0
0.7508861746094347,0.16090179835189525,1.0,0.0
0.7557844208673572,0.1608163010992283,1.0,0.0
0.7608441773669169,0.16075266592953466,1.0,0.0
0.7661308598788408,0.16053965858980365,1.0,0.0
0.7712435425848931,0.1607028010229255,1.0,0.0
0.7760130460796103,0.16104397018934485,1.0,0.0
0.7808274127790283,0.16108435224788833,1.0,0.0
0.7858556922934127,0.16088221210332931,1.0,0.0
0.7908194143669259,0.16087079352209704,1.0,0.0
0.7958119792305608,0.1608003166205864,1.0,0.0
0.8008476121653598,0.16069826580369173,1.0,0.0
0.8058506498484713,0.16067398219224643,1.0,0.0
0.8108468787182721,0.16067197461901722,1.0,0.0
0.8158863092649108,0.16064333810096654,1.0,0.0
0.8209565831559941,0.16059459003160198,1.0,0.0
0.8260203246117003,0.16057247608148756,1.0,0.0
0.8310892904679423,0.1605830088602343,1.0,0.0
0.8361328839258614,0.16067436717732447,1.0,0.0
0.8411362763696713,0.16083995525706554,1.0,0.0
0.8460997938405902,0.16105197407484745,1.0,0.0
0.8510434162976686,0.16128492883228243,1.0,0.0
0.8559840273933238,0.16156729237158302,1.0,0.0
0.8609756602088887,0.16185813281377492,1.0,0.0
0.8660263228449325,0.16212836366266606,1.0,0.0
0.8711508116174326,0.16231479133851243,1.0,0.0
0.876348743449064,0.1623401286370722,1.0,0.0
0.8815594998154779,0.16220320033606725,1.0,0.0
0.8864775263526281,0.16235815044535434,1.0,0.0
0.8912657683295216,0.16294440597732132,1.0,0.0
0.8968689104319872,0.16400415055057455,1.0,0.0
0.9023859141716692,0.16404171497365222,1.0,0.0
0.9079735534826157,0.16292138971377906,1.0,0.0
0.09015556784996316,0.16602840960403648,1.0,0.0
0.0964664990504333,0.16567022904792378,1.0,0.0
0.10120676986397106,0.16614024987004006,1.0,0.0
0.10624728975123247,0.16594907372232764,1.0,0.0
0.11072077254463708,0.16538949583627505,1.0,0.0
0.11568203474618395,0.16564612661405503,1.0,0.0
0.12074106992863541,0.165761447030764,1.0,0.0
0.1257370125427176,0.16569832720541092,1.0,0.0
0.1307187419507287,0.16561987012464013,1.0,0.0
0.13570081517606003,0.16552907208210813,1.0,0.0
0.14067941266253736,0.1654318779512641,1.0,0.0
0.14565123137923994,0.16533895964834155,1.0,0.0
0.150625054425923,0.16525399017786635,1.0,0.0
0.1556201839330633,0.1651832134196762,1.0,0.0
0.1606292775368043,0.1651058131558918,1.0,0.0
0.16567916760457294,0.16506896453091957,1.0,0.0
0.17079153655268073,0.16519924943221986,1.0,0.0
0.17578941292907005,0.1652365341234527,1.0,0.0
0.1807154157005577,0.1651686422936964,1.0,0.0
0.18565580347083618,0.1649805689724423,1.0,0.0
0.19067648217028144,0.16474511012393764,1.0,0.0
0.1957603098920376,0.1645465016570113,1.0,0.0
0.20088740409930267,0.16442876253521344,1.0,0.0
0.2060054914213741,0.16443543103988825,1.0,0.0
0.21107605235145913,0.1645271863556326,1.0,0.0
0.21608782435738516,0.16467535897447022,1.0,0.0
0.22103649600943728,0.16487305943725944,1.0,0.0
0.2259045705308306,0.16508558587876812,1.0,0.0
0.2307294867896037,0.16523931833921862,1.0,0.0
0.23552566796109117,0.16526832144916823,1.0,0.0
0.24032808608680098,0.16516566441718972,1.0,0.0
0.24519166575707219,0.1649595650530858,1.0,0.0
0.2501460433710099,0.16474251166182005,1.0,0.0
0.255267416993563,0.16441354140365574,1.0,0.0
0.2604831464576571,0.16415122370439864,1.0,0.0
0.2657276883005377,0.16407240311403684,1.0,0.0
0.2708675541390232,0.16407744483263556,1.0,0.0
0.2760348570713874,0.1642230751257819,1.0,0.0
0.2810524881709713,0.16428188106579447,1.0,0.0
0.286107559796728,0.16454105215434206,1.0,0.0
0.29094977530883537,0.16448919140493382,1.0,0.0
0.2960577514059442,0.16492512260532144,1.0,0.0
0.30080982066312656,0.16481139449592988,1.0,0.0
0.30560289832549636,0.16424122435275498,1.0,0.0
0.311158770869963,0.16547797443140236,1.0,0.0
0.3155655394748727,0.16465051473681058,1.0,0.0
0.41056370608781223,0.1673366865314631,1.0,0.0
0.415088117504986,0.16497993255758683,1.0,0.0
0.4221855445305789,0.16652239873432279,1.0,0.0
0.4275474394344663,0.1672332933811528,1.0,0.0
0.43496564707922314,0.16390751977729956,1.0,0.0
0.4383943671394448,0.16647091198899766,1.0,0.0
0.4451294743783684,0.16351645808134235,1.0,0.0
0.44893845553828987,0.1617412661598192,1.0,0.0
0.4538131454790128,0.16098017893712102,1.0,0.0
0.45638419284556814,0.16424353842214975,1.0,0.0
0.46020073435314185,0.16328204046700365,1.0,0.0
0.7090020384492824,0.1635322602442121,1.0,0.0
0.7132564885461029,0.16488106547299952,1.0,0.0
0.7186877019685015,0.16440820691258326,1.0,0.0
0.7237480574791423,0.16504937469724998,1.0,0.0
0.7284769772591706,0.16544738057177205,1.0,0.0
0.7333282125416305,0.1651819145409169,1.0,0.0
0.7383720213393693,0.16503653513003982,1.0,0.0
0.7435418717622174,0.16506473939347155,1.0,0.0
0.7485470484097915,0.165204839501302,1.0,0.0
0.7533574539148933,0.16524616943061163,1.0,0.0
0.7582288085993926,0.16492387211437223,1.0,0.0
0.7637811553789766,0.1644134112823536,1.0,0.0
0.7690967939242835,0.16459321209962643,1.0,0.0
0.773884192728911,0.1653851336853493,1.0,0.0
0.7785320894904684,0.16551577152014094,1.0,0.0
0.7836126001959853,0.16505619527762516,1.0,0.0
0.7885561990138423,0.16509441261032792,1.0,0.0
0.7935416478045353,0.16500485436319684,1.0,0.0
0.7985997234723531,0.1648422984084053,1.0,0.0
0.8035655781974295,0.1648387173018437,1.0,0.0
0.8084742613012659,0.1648457093210076,1.0,0.0
0.8134625393011595,0.16476747336388187,1.0,0.0
0.8185561608900777,0.16467943102642582,1.0,0.0
0.8236485180009165,0.16464687922557875,1.0,0.0
0.8287459941603921,0.1646132342965113,1.0,0.0
0.833814792304354,0.16467964742086394,1.0,0.0
0.8388227697076482,0.16485515401007197,1.0,0.0
0.8437702395603239,0.1650934108581244,1.0,0.0
0.8487003041673293,0.16533112295655555,1.0,0.0
0.853651823151137,0.1655638917496967,1.0,0.0
0.8586516966985055,0.16579640436669899,1.0,0.0
0.8636888996407971,0.1660333433772556,1.0,0.0
0.8687647214200699,0.16622429423552082,1.0,0.0
0.8738825865802713,0.1663102341358391,1.0,0.0
0.8789891828098959,0.1663080154385502,1.0,0.0
0.8839489942681724,0.1664648707620483,1.0,0.0
0.8888274438872747,0.16683430635512284,1.0,0.0
0.8938791626999169,0.16712388706428838,1.0,0.0
0.8994060423557036,0.1675873302104704,1.0,0.0
0.9048567383022739,0.1672911609136266,1.0,0.0
0.9095380585740059,0.16716124632067988,1.0,0.0
0.08893127261386824,0.17171969556283975,1.0,0.0
0.09344776266279717,0.1697817168631627,1.0,0.0
0.0984346536974749,0.1701671174878189,1.0,0.0
0.103513381872128,0.17023407421479858,1.0,0.0
0.10844166914123884,0.17011656790986207,1.0,0.0
0.11316220439726729,0.1698267196688566,1.0,0.0
0.11811040637921903,0.16989033496711156,1.0,0.0
0.12313752876684592,0.16991764423350653,1.0,0.0
0.1281438296433403,0.16987210627827573,1.0,0.0
0.1331246977679053,0.1697891166747289,1.0,0.0
0.13810463025197434,0.16968797197852467,1.0,0.0
0.14309698870977575,0.16960178921748992,1.0,0.0
0.1480713399987147,0.16953046580587985,1.0,0.0
0.15303164395651767,0.16942428091473405,1.0,0.0
0.15803459827592478,0.16934875254443021,1.0,0.0
0.1630283265613152,0.16924356846397562,1.0,0.0
0.16808118616721882,0.1691874716477901,1.0,0.0
0.17328784143053322,0.16946245528350318,1.0,0.0
0.1782232299253815,0.16955508467778765,1.0,0.0
0.18309067435986723,0.16939592624059005,1.0,0.0
0.18805155220598951,0.16906200365604673,1.0,0.0
0.19311627856302274,0.1687684903238368,1.0,0.0
0.19824534409372943,0.1685567633791289,1.0,0.0
0.20337116026223973,0.16851512132710203,1.0,0.0
0.20847783978091564,0.1686242488529669,1.0,0.0
0.2135291093665803,0.1688110675956786,1.0,0.0
0.21850918928935617,0.16905367364782933,1.0,0.0
0.2233902554912785,0.16937115114013784,1.0,0.0
0.22822173399150902,0.16961272895288831,1.0,0.0
0.23304419105684032,0.16975542579045202,1.0,0.0
0.23784523610710442,0.16971013570263319,1.0,0.0
0.2426904970834803,0.16947299596468815,1.0,0.0
0.24759534063389502,0.1691512362504619,1.0,0.0
0.25264645295080473,0.1687413518929226,1.0,0.0
0.2578876936737345,0.16826493261251904,1.0,0.0
0.26313123637273395,0.1680815313060361,1.0,0.0
0.26833353290502354,0.16818496277138348,1.0,0.0
0.2734113896096853,0.16822284513146943,1.0,0.0
0.2785454427143977,0.1685306063542294,1.0,0.0
0.28343084501419646,0.16854642903669903,1.0,0.0
0.28852720784032887,0.16902610504453033,1.0,0.0
0.2931871463540397,0.16867424627830402,1.0,0.0
0.2985180483219848,0.16954507053715426,1.0,0.0
0.3029421222579796,0.16906921742163092,1.0,0.0
0.3073927875742164,0.16780804915370987,1.0,0.0
0.4057476549904535,0.17073436384942492,1.0,0.0
0.41494925582306436,0.17005992120866056,1.0,0.0
0.41875607881477817,0.16766574262828024,1.0,0.0
0.4242107329812734,0.16917072218485338,1.0,0.0
0.43104141062323564,0.16501444393374087,1.0,0.0
0.4431399535760883,0.16735423754453424,1.0,0.0
0.4478218456243868,0.16708389283821742,1.0,0.0
0.451622849315491,0.16511648586385677,1.0,0.0
0.716384084058836,0.16821397053500423,1.0,0.0
0.7211695431680923,0.16882175090359663,1.0,0.0
0.7260051892975113,0.16990878331144305,1.0,0.0
0.7309657417914861,0.16975433322322225,1.0,0.0
0.7357741151299734,0.16925200391179038,1.0,0.0
0.7409901086948025,0.1690081027040687,1.0,0.0
0.7462172640982655,0.16932754696456684,1.0,0.0
0.7510405901130202,0.16975134677195552,1.0,0.0
0.7558055831844961,0.16950041506543956,1.0,0.0
0.761287772312685,0.16800246287413556,1.0,0.0
0.7668367604651547,0.1681873011735129,1.0,0.0
0.7716000358987114,0.16937916392275726,1.0,0.0
0.7763764135239485,0.1702160457372792,1.0,0.0
0.7814883145336405,0.16921536800657466,1.0,0.0
0.7863034120760584,0.16933540145190998,1.0,0.0
0.7912944166397462,0.16922991070689808,1.0,0.0
0.7964410825681408,0.16895733280773353,1.0,0.0
0.8013948120952471,0.1690237061043163,1.0,0.0
0.8061797119266115,0.16913056204963314,1.0,0.0
0.8110467328499772,0.168976645984103,1.0,0.0
0.8161205795002022,0.16874068465201061,1.0,0.0
0.8212628794476986,0.16869086674439485,1.0,0.0
0.8264404800454418,0.16863002488611334,1.0,0.0
0.8315399517893125,0.1686650182106494,1.0,0.0
0.8365499069323598,0.16885578550704358,1.0,0.0
0.8414672461438885,0.16914029034927874,1.0,0.0
0.8463623399773583,0.16939543304334503,1.0,0.0
0.851311774625549,0.16958467745242925,1.0,0.0
0.8563242905250832,0.16975796974190777,1.0,0.0
0.861354398788246,0.16996869252640878,1.0,0.0
0.8663898936113195,0.17017650772314333,1.0,0.0
0.8714446663183361,0.17031038795397793,1.0,0.0
0.8764900242539532,0.1703887410448065,1.0,0.0
0.8814574272130958,0.1705420499309737,1.0,0.0
0.8863835997112685,0.17081137104618413,1.0,0.0
0.8914082539160608,0.17102606293051384,1.0,0.0
0.8965465830279808,0.171126661374241,1.0,0.0
0.9019091524848207,0.17126515458247885,1.0,0.0
0.9069465858838817,0.17142400625314316,1.0,0.0
0.9118735772109532,0.1713713200653107,1.0,0.0
0.9167401510391319,0.17197086901431086,1.0,0.0
0.921796833845728,0.17243777785433717,1.0,0.0
0.08327201054149934,0.17683232256574416,1.0,0.0
0.08705206499563072,0.1755706001335707,1.0,0.0
0.09194009208372446,0.17501196898830512,1.0,0.0
0.09622402889583118,0.174345504501778,1.0,0.0
0.10103451582269861,0.17445254654305123,1.0,0.0
0.10592322822836127,0.1744594076979908,1.0,0.0
0.11078884186903104,0.17435478197985194,1.0,0.0
0.11557698811728723,0.1741484211652601,1.0,0.0
0.1205122127293974,0.17409352918375906,1.0,0.0
0.125537500800444,0.1740760808359013,1.0,0.0
0.13056095480496527,0.17405180726611327,1.0,0.0
0.13553362546293793,0.173958217244464,1.0,0.0
0.140513343404809,0.17383604563264052,1.0,0.0
0.14550596655548953,0.17378745524633393,1.0,0.0
0.15047761479172403,0.17373368326550406,1.0,0.0
0.1554191608139021,0.17357588787769182,1.0,0.0
0.16042481829451696,0.1735248232552811,1.0,0.0
0.1653677339468363,0.17337232553892298,1.0,0.0
0.170443491253185,0.17321322944072648,1.0,0.0
0.1757610741362504,0.17386426269529767,1.0,0.0
0.18062137814108703,0.17392806901480432,1.0,0.0
0.1855016695020404,0.17350353047447548,1.0,0.0
0.19050169870903363,0.17304541396221784,1.0,0.0
0.19563553809035628,0.17271389069622117,1.0,0.0
0.20072799554312692,0.17260167410086258,1.0,0.0
0.205813195396172,0.1726525020689346,1.0,0.0
0.21091811026365867,0.1728673139065724,1.0,0.0
0.21595539795976637,0.17316451880029246,1.0,0.0
0.22080984752413413,0.17358038830197417,1.0,0.0
0.22564285207774976,0.17393929437988104,1.0,0.0
0.23046963721361452,0.1741516810276289,1.0,0.0
0.23533812912353094,0.17425781659576348,1.0,0.0
0.24021404764034576,0.17404853197851047,1.0,0.0
0.24507500629785622,0.17369998257658528,1.0,0.0
0.25005729073141275,0.1731669330709558,1.0,0.0
0.2554041666255829,0.17241825950003148,1.0,0.0
0.26060101283457054,0.1721346186943975,1.0,0.0
0.2657157944882041,0.17213406645307078,1.0,0.0
0.2709056653115437,0.17239766373886506,1.0,0.0
0.27587068095288586,0.1724120565235236,1.0,0.0
0.28102721775482853,0.17300817934566773,1.0,0.0
0.2856716852861168,0.17276111062674016,1.0,0.0
0.29095317955683003,0.17368551579816507,1.0,0.0
0.29516366713563313,0.1724878604803281,1.0,0.0
0.3009120128491166,0.17459033454582829,1.0,0.0
0.730483717333763,0.174594463197061,1.0,0.0
0.7359750153525361,0.17403201727908846,1.0,0.0
0.7482939600864053,0.17454145359213105,1.0,0.0
0.7538322293996622,0.17470247261326888,1.0,0.0
0.759663338844676,0.17192191138280438,1.0,0.0
0.7645752556947882,0.17153079032061072,1.0,0.0
0.7688986295328447,0.1731808933621482,1.0,0.0
0.7733313731090944,0.1743316187023392,1.0,0.0
0.7802486055866861,0.17334969913814793,1.0,0.0
0.7844513844075436,0.17383243585609595,1.0,0.0
0.7890513430102818,0.1734817818681884,1.0,0.0
0.7943748372692517,0.17296581000722414,1.0,0.0
0.7993935230244461,0.17315042814141582,1.0,0.0
0.8040279519827095,0.17353389439648154,1.0,0.0
0.8087049671749046,0.17338173257539413,1.0,0.0
0.8136869118564458,0.1728776377127889,1.0,0.0
0.8187835569255681,0.17267396312540043,1.0,0.0
0.8241071167534987,0.17255038220545865,1.0,0.0
0.8293334228808329,0.17262273122611896,1.0,0.0
0.8343476272107965,0.17283693559283556,1.0,0.0
0.8392134503851769,0.17319786050242686,1.0,0.0
0.8440389268990345,0.17350094727617427,1.0,0.0
0.84896443013445,0.17363758058839732,1.0,0.0
0.8539965020050971,0.17373270828496942,1.0,0.0
0.8590294087464138,0.17391950132725045,1.0,0.0
0.864028750289964,0.17415530619732172,1.0,0.0
0.8690339516461785,0.17433234381181079,1.0,0.0
0.8740340438865417,0.17445954787265042,1.0,0.0
0.8789944472921299,0.17461588717205725,1.0,0.0
0.8839222994606102,0.17483608944982895,1.0,0.0
0.8889179754025867,0.17500478466925612,1.0,0.0
0.893983708913865,0.17509994034275123,1.0,0.0
0.8990862517539867,0.1751310122889658,1.0,0.0
0.9041615336581418,0.17538669586906025,1.0,0.0
0.9091938393676453,0.17551730057691545,1.0,0.0
0.9140820452367764,0.17574079505036377,1.0,0.0
0.9192447169516007,0.17594405807163038,1.0,0.0
0.9248865510477604,0.17517193909140735,1.0,0.0
0.9293377464199885,0.17754250843635375,1.0,0.0
0.0795273971308093,0.17979583708962635,1.0,0.0
0.08460846876648158,0.1806633776529147,1.0,0.0
0.08916814854237838,0.1795729409237971,1.0,0.0
0.09389223895360595,0.17921048884154328,1.0,0.0
0.09851565696034226,0.17878017546571986,1.0,0.0
0.10335984501366835,0.17876757733710907,1.0,0.0
0.10824457084051846,0.17871894534075194,1.0,0.0
0.11311684614456706,0.17862365772617897,1.0,0.0
0.11793121930884136,0.17839690285835438,1.0,0.0
0.12287412737360441,0.17824656641935377,1.0,0.0
0.12793820907067094,0.17822071725059002,1.0,0.0
0.1329985525550704,0.17824476895799074,1.0,0.0
0.13796247278818927,0.17811577440304,1.0,0.0
0.14289417986083577,0.17800322661515308,1.0,0.0
0.14790130666400989,0.17798696385320825,1.0,0.0
0.15289884134519827,0.17793729256822013,1.0,0.0
0.15776807605080653,0.1777222804654246,1.0,0.0
0.16275584786740532,0.17775742889263832,1.0,0.0
0.16766471581865422,0.1774199986515489,1.0,0.0
0.17259442361835112,0.17718315755450623,1.0,0.0
0.17820723682437814,0.17841841694664187,1.0,0.0
0.1831808878335824,0.17813123600897574,1.0,0.0
0.1880322087234194,0.17747669279902353,1.0,0.0
0.19309671009540705,0.17688869536996268,1.0,0.0
0.19814110966830772,0.17675491857059306,1.0,0.0
0.2031280981675639,0.17672828567406423,1.0,0.0
0.20819474193435977,0.17680968504549424,1.0,0.0
0.21336217240246974,0.17714209077925844,1.0,0.0
0.21818747743083963,0.17777333586232846,1.0,0.0
0.2229247253041374,0.17818833576964746,1.0,0.0
0.22775752033722027,0.1785240125796275,1.0,0.0
0.23263248281911902,0.17864302081778757,1.0,0.0
0.23777346268373817,0.17860853162234883,1.0,0.0
0.24260993932297345,0.17836892054503029,1.0,0.0
0.24754357274126873,0.1777409296931132,1.0,0.0
0.25307228132253223,0.1764774277338722,1.0,0.0
0.25827808938534713,0.1762809872390372,1.0,0.0
0.26317518076209956,0.1762593244990199,1.0,0.0
0.2681909224594793,0.1762189461962911,1.0,0.0
0.27344940027980424,0.1767428073954239,1.0,0.0
0.2781781305739167,0.1765880215201872,1.0,0.0
0.28340493196716854,0.17777617340366408,1.0,0.0
0.2875193370212822,0.1766396575121841,1.0,0.0
0.7773338474655498,0.1758330724033596,1.0,0.0
0.7818419138311608,0.17840798185811405,1.0,0.0
0.7865347014838322,0.17810031315266833,1.0,0.0
0.792032006987438,0.17666646535794048,1.0,0.0
0.7973746656931098,0.17701493061108547,1.0,0.0
0.802006637717988,0.1779490866806856,1.0,0.0
0.8064735964041349,0.17805164013095523,1.0,0.0
0.8113716802630219,0.1772027433219143,1.0,0.0
0.8162908329701153,0.17678227540601563,1.0,0.0
0.821621770164352,0.1762946431043456,1.0,0.0
0.8270520120434682,0.17638360759546692,1.0,0.0
0.8322560835237443,0.17677926893192217,1.0,0.0
0.8370589481758755,0.1772692844524682,1.0,0.0
0.841749375677569,0.17767912115946857,1.0,0.0
0.8466186118868612,0.1777526055886329,1.0,0.0
0.8516722501584452,0.177713874624692,1.0,0.0
0.8567192186970364,0.17786780822187595,1.0,0.0
0.8616839363940034,0.17815129672942018,1.0,0.0
0.8666450304108387,0.1783693747300204,1.0,0.0
0.8716118462699165,0.17853157151796878,1.0,0.0
0.8765607281675717,0.17869286383687114,1.0,0.0
0.8814654111282942,0.1789058497605352,1.0,0.0
0.8864307207837628,0.17904082393282178,1.0,0.0
0.8914424764204346,0.17913237588572423,1.0,0.0
0.8964851534393792,0.17918031067495685,1.0,0.0
0.9014792123402299,0.17932288540000368,1.0,0.0
0.9064959205470453,0.17952833999484907,1.0,0.0
0.9114464408212959,0.17974335437177633,1.0,0.0
0.9164252653604094,0.17981625282309652,1.0,0.0
0.9214918362358543,0.17950149720026115,1.0,0.0
0.9257974156343818,0.17982120300561957,1.0,0.0
0.9330899404890338,0.17949051188830886,1.0,0.0
0.937694263706762,0.1813735674120151,1.0,0.0
0.9405519360176513,0.18482103889227608,1.0,0.0
0.06664313926647222,0.18219797995353587,1.0,0.0
0.07104698365997249,0.1856341523567817,1.0,0.0
0.07541845444099446,0.18265167691329087,1.0,0.0
0.0808935701298678,0.1838567622996017,1.0,0.0
0.086344412809938,0.18431084261442574,1.0,0.0
0.09115018103196584,0.18371264233294743,1.0,0.0
0.09598760226718078,0.1833922303192408,1.0,0.0
0.10076563492468259,0.1831052779104265,1.0,0.0
0.10565474525267357,0.18304432568863693,1.0,0.0
0.11055828057795035,0.18297646086574498,1.0,0.0
0.11545294208059534,0.18290106490361913,1.0,0.0
0.12024340848254716,0.18257547161987278,1.0,0.0
0.12520708155027885,0.18232645621628288,1.0,0.0
0.1303544828771974,0.18233912389683593,1.0,0.0
0.13552681023283109,0.18243378833274954,1.0,0.0
0.14034660975435734,0.18235474022149972,1.0,0.0
0.14521650403571862,0.18215373967905496,1.0,0.0
0.15034916326455447,0.1821394915918163,1.0,0.0
0.15531915967327156,0.18222827245480896,1.0,0.0
0.1599331760745117,0.18191237754675357,1.0,0.0
0.16508279261773298,0.18195709518646525,1.0,0.0
0.16940874840478223,0.1816865273055299,1.0,0.0
0.1741780164329844,0.18078635930158168,1.0,0.0
0.18141687059342293,0.1827215322607845,1.0,0.0
0.186185916539193,0.18225951731038992,1.0,0.0
0.19085414010384394,0.18122646330036643,1.0,0.0
0.1956283396970585,0.18094621654506216,1.0,0.0
0.2005029097098482,0.18095245229169127,1.0,0.0
0.20544755828588626,0.1808472872806214,1.0,0.0
0.21064087609353319,0.1808551780546064,1.0,0.0
0.2154862097146957,0.18183381580258481,1.0,0.0
0.22012328481076754,0.18255038255452177,1.0,0.0
0.22473948245535955,0.18277462646863718,1.0,0.0
0.22968173194194064,0.18305647056541252,1.0,0.0
0.23508439914734067,0.1826985282718309,1.0,0.0
0.24026269094635805,0.1831372666270185,1.0,0.0
0.24515735198636368,0.18245273848922486,1.0,0.0
0.2509933935742269,0.18032535975944597,1.0,0.0
0.2561699722395979,0.18031297800505555,1.0,0.0
0.260921445192926,0.1806778331598049,1.0,0.0
0.2655696800469119,0.18042768056443226,1.0,0.0
0.27056624286713427,0.18019248232300863,1.0,0.0
0.27596349301948,0.1813468424334884,1.0,0.0
0.2801564937418371,0.18057230437502994,1.0,0.0
0.784781240986811,0.18342113959641798,1.0,0.0
0.7902525669794048,0.18042577724803732,1.0,0.0
0.7951466232739959,0.18042963763787875,1.0,0.0
0.7998762065657707,0.18193013984919687,1.0,0.0
0.8043864593319336,0.18298229586039505,1.0,0.0
0.8093473210312742,0.18167915803586354,1.0,0.0
0.8139981354922461,0.18121325026972382,1.0,0.0
0.8191977804022839,0.1801562195817215,1.0,0.0
0.8245185377847813,0.1798736377587361,1.0,0.0
0.8299528192908793,0.18033932092029054,1.0,0.0
0.8350651083161764,0.18130186968235382,1.0,0.0
0.8395529077653525,0.18199177628402144,1.0,0.0
0.844280367707284,0.18197283437454334,1.0,0.0
0.8493753454945085,0.18171375844288823,1.0,0.0
0.8544308477481481,0.1817972770405449,1.0,0.0
0.8593493787304849,0.18215267876174307,1.0,0.0
0.8642711779204695,0.18242155262834794,1.0,0.0
0.8692109702149794,0.18260463033871643,1.0,0.0
0.874160343118101,0.18277014673323583,1.0,0.0
0.8790184877016043,0.18301830940876285,1.0,0.0
0.8839571773707335,0.18312296066084396,1.0,0.0
0.8889287512736633,0.1832070633366608,1.0,0.0
0.8939480952322679,0.18324497036858434,1.0,0.0
0.8989432914505971,0.18335635048887983,1.0,0.0
0.9039189871419062,0.1835230447894047,1.0,0.0
0.9089062494662873,0.1837314609547918,1.0,0.0
0.9139303158794648,0.18384948861876607,1.0,0.0
0.9189802388329453,0.1837514699922888,1.0,0.0
0.9238088425299262,0.18398029635092128,1.0,0.0
0.928863304639149,0.18314990270066778,1.0,0.0
0.9331160900106383,0.1837922913880736,1.0,0.0
0.9363991111360475,0.18620049736546726,1.0,0.0
0.0627533996110265,0.1869316601586258,1.0,0.0
0.06714370900789267,0.18702232189055812,1.0,0.0
0.07430709957432369,0.1876951677813025,1.0,0.0
0.07838833964972047,0.18738685991497894,1.0,0.0
0.08334418515847618,0.18801229706634437,1.0,0.0
0.08846713353785488,0.18821964808070055,1.0,0.0
0.09331573628137832,0.18783937307614226,1.0,0.0
0.09817642115411418,0.18758083764153802,1.0,0.0
0.10302900752147161,0.18736246488845898,1.0,0.0
0.10795944798658587,0.18729440571535058,1.0,0.0
0.11288863636830808,0.18722538653637308,1.0,0.0
0.11781595870524171,0.1872018864028261,1.0,0.0
0.1225087120843954,0.18666188938741393,1.0,0.0
0.12751408712624268,0.186297683223945,1.0,0.0
0.13292580009789426,0.1863063750512885,1.0,0.0
0.1380455349231518,0.18688287774043083,1.0,0.0
0.1426335906451649,0.18661609812956814,1.0,0.0
0.1476258937547735,0.18606897114803417,1.0,0.0
0.15292552547013932,0.18633498514826258,1.0,0.0
0.15777714712741733,0.1867884053577084,1.0,0.0
0.1624993313594767,0.18557589406189604,1.0,0.0
0.16737491901119253,0.18682834963613643,1.0,0.0
0.17204308183048916,0.18511193874805562,1.0,0.0
0.17702431318948847,0.18377697502435258,1.0,0.0
0.24573522849333296,0.1879988864548811,1.0,0.0
0.24923811244648605,0.18411058244213993,1.0,0.0
0.25410845091391526,0.1841646055325474,1.0,0.0
0.25873983238734605,0.18495152465104117,1.0,0.0
0.26335566332163945,0.18521316374130092,1.0,0.0
0.2678390334532135,0.18439061263980155,1.0,0.0
0.2727694769538527,0.18397395173122544,1.0,0.0
0.7923234518887102,0.18438528425739323,1.0,0.0
0.7964033929066893,0.18491261787304708,1.0,0.0
0.8081959722912763,0.185971007982758,1.0,0.0
0.8123719407587634,0.18612690071331042,1.0,0.0
0.8171736247443219,0.18427868327554833,1.0,0.0
0.8221743622579157,0.18368805006211536,1.0,0.0
0.8272684719299087,0.18359547065644555,1.0,0.0
0.8325565921319059,0.1845420028949846,1.0,0.0
0.8374765730935725,0.18639660018053447,1.0,0.0
0.8420226867036325,0.18644048627758186,1.0,0.0
0.8471177234227405,0.18571052844553473,1.0,0.0
0.8522115976763949,0.1857232943814949,1.0,0.0
0.8570133255156375,0.18616062967648273,1.0,0.0
0.8618839671123822,0.1864779214896338,1.0,0.0
0.8668186228538131,0.18668314640305603,1.0,0.0
0.8717940572666696,0.18682276262434364,1.0,0.0
0.8765786601980614,0.18717964367974343,1.0,0.0
0.8814953768818489,0.1872440237509232,1.0,0.0
0.8864284776056935,0.18732031148210082,1.0,0.0
0.8914476717071567,0.18731684847852684,1.0,0.0
0.8964523842074856,0.18739986186199856,1.0,0.0
0.9014130896460993,0.1875643807200757,1.0,0.0
0.9063866893379371,0.18772485020475102,1.0,0.0
0.9114041739283365,0.18785542269394892,1.0,0.0
0.9164414462648347,0.18788234171112841,1.0,0.0
0.9213756427626091,0.1880077522125656,1.0,0.0
0.9264747079906682,0.18772828929279473,1.0,0.0
0.9311301929207348,0.18805447579270956,1.0,0.0
0.9353995846387662,0.19007552899877664,1.0,0.0
0.9402601340635344,0.18960847049500815,1.0,0.0
0.9442082951294849,0.187560176166735,1.0,0.0
0.9479860183125453,0.18913488370865142,1.0,0.0
0.04790725667286302,0.1947177293454829,1.0,0.0
0.05437232180133354,0.18923063104215926,1.0,0.0
0.06157206428443349,0.1917535561577995,1.0,0.0
0.06583282215212895,0.19141851320216074,1.0,0.0
0.07051391481491627,0.1910613925875437,1.0,0.0
0.07547186052584011,0.19199084077489947,1.0,0.0
0.08029219008680971,0.19188786586898687,1.0,0.0
0.08538531627072946,0.19218316592802306,1.0,0.0
0.09049585159538784,0.1922407849643036,1.0,0.0
0.09543685924712954,0.19197239692613854,1.0,0.0
0.10036470908550449,0.19175807243442294,1.0,0.0
0.10528587219441438,0.19156726631753543,1.0,0.0
0.11027995842556412,0.19152225639151302,1.0,0.0
0.11524891410008803,0.19145953661976103,1.0,0.0
0.12025230517550409,0.19155615744726184,1.0,0.0
0.12471720254292523,0.19058398288596892,1.0,0.0
0.13003596923032365,0.18986761176126027,1.0,0.0
0.13531104309076303,0.190533624894434,1.0,0.0
0.14046739580841458,0.1916530145104956,1.0,0.0
0.14494527834110313,0.19045304974517496,1.0,0.0
0.14982884387766696,0.18992532154812905,1.0,0.0
0.15421286447941587,0.19115239478680973,1.0,0.0
0.15846631605371056,0.19139895229649995,1.0,0.0
0.16278267569012358,0.18958771677503017,1.0,0.0
0.8163265372347843,0.18869454348854078,1.0,0.0
0.8205487224812257,0.18794494419821423,1.0,0.0
0.8249956796873055,0.18761610127776296,1.0,0.0
0.8294681326621678,0.18766839030095145,1.0,0.0
0.8341056302693138,0.1890809039403616,1.0,0.0
0.8451755550657325,0.18982182947860282,1.0,0.0
0.8501375733952125,0.1895834360801517,1.0,0.0
0.8547663093590341,0.19027467026734754,1.0,0.0
0.8594394133091035,0.19055437428226252,1.0,0.0
0.8643777885910119,0.1907335132255215,1.0,0.0
0.8694875843428344,0.19081825170504008,1.0,0.0
0.8741207105483124,0.19138903736509638,1.0,0.0
0.8790481448059554,0.19140124651001178,1.0,0.0
0.8839277730971871,0.19148118522134674,1.0,0.0
0.8889728603971642,0.19138992769406687,1.0,0.0
0.8940010058790554,0.1914401125926822,1.0,0.0
0.8989364872553229,0.19162712993899078,1.0,0.0
0.9038992637061937,0.1917609374953807,1.0,0.0
0.9088881063753306,0.19187644101655155,1.0,0.0
0.9138823235712027,0.19196356131465253,1.0,0.0
0.9188125785261045,0.1920845323714107,1.0,0.0
0.9237778001284489,0.19201743204363456,1.0,0.0
0.9285188671538316,0.19220800432860718,1.0,0.0
0.9330320659051476,0.19320694112613157,1.0,0.0
0.9385884485068084,0.19356386813215604,1.0,0.0
0.9440300081790737,0.19265403133578485,1.0,0.0
0.9491948477605137,0.19339373853200292,1.0,0.0
0.9545560719209364,0.194104954816508,1.0,0.0
0.959881286625361,0.19429260650545166,1.0,0.0
0.9650423162202221,0.1954742753572637,1.0,0.0
0.04630916117620741,0.19909871527596978,1.0,0.0
0.0526025168719398,0.19394833969270683,1.0,0.0
0.05745849751415454,0.19369380124890126,1.0,0.0
0.06247490954492532,0.1958075017831133,1.0,0.0
0.06744918602871781,0.19562649325349385,1.0,0.0
0.0722578828105836,0.19570577162330594,1.0,0.0
0.07739601948922192,0.1961549290050081,1.0,0.0
0.0824050750639991,0.19616271630506,1.0,0.0
0.08752674118741038,0.19630417366127584,1.0,0.0
0.09263048964446778,0.19629461780131963,1.0,0.0
0.09761915225339574,0.19609171508498224,1.0,0.0
0.10259201365446377,0.19591473013735988,1.0,0.0
0.10755244470251038,0.1957190675425685,1.0,0.0
0.11263075593563575,0.19573030868989008,1.0,0.0
0.11765923057168745,0.1956451609165452,1.0,0.0
0.12289061217083239,0.19597530852392855,1.0,0.0
0.1271681267764387,0.19381004761669993,1.0,0.0
0.13187959157209098,0.19391877603651142,1.0,0.0
0.13692952022611463,0.19489699415612116,1.0,0.0
0.1433387714909596,0.1963079882227059,1.0,0.0
0.8186605694724207,0.19269346416838498,1.0,0.0
0.8228387175119468,0.19206894407700104,1.0,0.0
0.8267861683334258,0.19207752882307683,1.0,0.0
0.8306441558307229,0.19207049298005469,1.0,0.0
0.8479666418961441,0.19348379718128783,1.0,0.0
0.8522901407649998,0.19429417093156756,1.0,0.0
0.8569167070830807,0.1948601813063914,1.0,0.0
0.8617327217059777,0.19471443682796508,1.0,0.0
0.8671950070181158,0.19456790219309797,1.0,0.0
0.8716190862581933,0.1957007406733598,1.0,0.0
0.876582210103197,0.1955396943946486,1.0,0.0
0.8814158872851223,0.19571898124794207,1.0,0.0
0.8865237918808286,0.1954533106814292,1.0,0.0
0.8915986754906969,0.1954569795894102,1.0,0.0
0.8964875662890669,0.19571504010203247,1.0,0.0
0.9014383528177922,0.1958229691468498,1.0,0.0
0.9064160130770301,0.19592411753287314,1.0,0.0
0.9113766723971088,0.19604055948079413,1.0,0.0
0.9162808126233714,0.19618957164820336,1.0,0.0
0.921170345197131,0.19624585830357236,1.0,0.0
0.9259499300478515,0.19639145806339858,1.0,0.0
0.9306438971952244,0.19692034226493838,1.0,0.0
0.9358087080044235,0.19703274055896552,1.0,0.0
0.9412442867205097,0.19690933640635813,1.0,0.0
0.9460816462306165,0.19697151458305745,1.0,0.0
0.9511330068631716,0.19744859037031603,1.0,0.0
0.9562512233694047,0.19790423004216917,1.0,0.0
0.9611360891207608,0.19805402938997332,1.0,0.0
0.970155780092266,0.19670140775301959,1.0,0.0
0.9751482767877527,0.19642741180702344,1.0,0.0
0.9798518044460769,0.1961847018135994,1.0,0.0
0.05104654005041595,0.19901784924801372,1.0,0.0
0.05521109676791567,0.19798731388359678,1.0,0.0
0.059265461392909634,0.19909308932812086,1.0,0.0
0.06437802518295811,0.19991763575504062,1.0,0.0
0.06934222671512809,0.19995644506577218,1.0,0.0
0.07434651620367505,0.20005302981476325,1.0,0.0
0.07950794648359305,0.20029931207904242,1.0,0.0
0.08460728136107762,0.20033819477826115,1.0,0.0
0.08973924856420747,0.20040724721365397,1.0,0.0
0.09483015944397262,0.20037865172307437,1.0,0.0
0.09982382674995499,0.20021204030898515,1.0,0.0
0.10480335450421575,0.20007125038931878,1.0,0.0
0.10973554525498941,0.19982228643384248,1.0,0.0
0.11485097024237402,0.19996371450317657,1.0,0.0
0.11976546307616841,0.19975239375137926,1.0,0.0
0.12473281847869956,0.20111346534806618,1.0,0.0
0.12792501098277678,0.19784365900631357,1.0,0.0
0.13300675628266415,0.19784737384027584,1.0,0.0
0.8650439536988026,0.1978770516929477,1.0,0.0
0.8689110698761948,0.19993969012835777,1.0,0.0
0.8742502394185928,0.19971297183729741,1.0,0.0
0.8788226782323126,0.19999713506910596,1.0,0.0
0.8841548773983385,0.1995010709427297,1.0,0.0
0.8892857669689996,0.19942320241485945,1.0,0.0
0.8940663772605918,0.1998391571062346,1.0,0.0
0.8990042343370481,0.19990928027244179,1.0,0.0
0.9039858834278955,0.19997775824269062,1.0,0.0
0.9089374511405847,0.20011603391623387,1.0,0.0
0.9138154934457137,0.20030649111396917,1.0,0.0
0.9186496849512668,0.20045146455051774,1.0,0.0
0.9234365824764441,0.2005850487530165,1.0,0.0
0.9282138247808065,0.2008597747687837,1.0,0.0
0.9332434262321253,0.2009319998606762,1.0,0.0
0.9383770885407636,0.20084147260759755,1.0,0.0
0.9433647191937568,0.20105926330851698,1.0,0.0
0.948267516989027,0.20121273786947583,1.0,0.0
0.953268536952318,0.2015500610251474,1.0,0.0
0.9583498757533716,0.2018643346386957,1.0,0.0
0.9635552503369134,0.2010631773173612,1.0,0.0
0.9676705433680081,0.20021152362057734,1.0,0.0
0.9726475261619671,0.20068466103843405,1.0,0.0
0.9772925063818928,0.20049052596724393,1.0,0.0
0.9838182713382089,0.2000607717331624,1.0,0.0
0.0448170933666742,0.20318903909865565,1.0,0.0
0.04994524032393125,0.20344783535935843,1.0,0.0
0.055333352815281796,0.20288114760769682,1.0,0.0
0.06078842347853428,0.2035230031635906,1.0,0.0
0.0661901277521964,0.20405417601252657,1.0,0.0
0.07138664200822513,0.2041631744225529,1.0,0.0
0.07653756480155485,0.20425893361003963,1.0,0.0
0.08173518202565445,0.20441520033419164,1.0,0.0
0.08687843004393758,0.2044700647401789,1.0,0.0
0.09200106024490175,0.20452106154059221,1.0,0.0
0.09705734771380406,0.20450943313504574,1.0,0.0
0.10199504833118103,0.20436258248212053,1.0,0.0
0.1069224934147839,0.20427590381188895,1.0,0.0
0.11169738421776251,0.20390850558928478,1.0,0.0
0.11674540581782919,0.20437022701409463,1.0,0.0
0.1210374175384809,0.20403029109384896,1.0,0.0
0.12792783983414188,0.2049825354221128,1.0,0.0
0.13026068766489604,0.20168350839348428,1.0,0.0
0.872559081218656,0.20339958770084302,1.0,0.0
0.8768298132969643,0.20485829140890796,1.0,0.0
0.8817682092805735,0.20329618039804848,1.0,0.0
0.8871863250767655,0.2033154253233961,1.0,0.0
0.8916947885537705,0.20404914520916945,1.0,0.0
0.8965878177493717,0.2040232124740196,1.0,0.0
0.9015969330860352,0.20402766785593193,1.0,0.0
0.9065581006006949,0.20416931621096693,1.0,0.0
0.911423717665711,0.2044208117926134,1.0,0.0
0.9162007172611858,0.20465719118680661,1.0,0.0
0.9209640482893405,0.20480121393014264,1.0,0.0
0.9257624971357437,0.20493475773296263,1.0,0.0
0.9307044687512643,0.20495887849893948,1.0,0.0
0.9357250545094548,0.20490548682406795,1.0,0.0
0.9406799860081148,0.2050095935359127,1.0,0.0
0.9456741486456431,0.20520727097312902,1.0,0.0
0.9506405661104019,0.20538751831012123,1.0,0.0
0.9557049854072083,0.20555974219140988,1.0,0.0
0.9609985224824488,0.20531092595714584,1.0,0.0
0.9658894221915304,0.20500087684602047,1.0,0.0
0.9704667091754361,0.20461059591492767,1.0,0.0
0.975368577925668,0.20489243524337197,1.0,0.0
0.9800013924909622,0.20456379309253964,1.0,0.0
0.04777749497582928,0.21287476895394825,1.0,0.0
0.04809011597769817,0.2079484489215557,1.0,0.0
0.05322154389093809,0.20738852897166474,1.0,0.0
0.05817713384010814,0.2074502992500546,1.0,0.0
0.06332277413666956,0.20788100602311085,1.0,0.0
0.06855032565063957,0.20820758667429454,1.0,0.0
0.07371698815786779,0.20831837587959595,1.0,0.0
0.07887944748327319,0.20839983164642148,1.0,0.0
0.0840732894109361,0.20852353189845815,1.0,0.0
0.08921888264627512,0.20860176749523132,1.0,0.0
0.09431486719618228,0.20867451872432036,1.0,0.0
0.09932015594862462,0.20871785786978983,1.0,0.0
0.10418243656664428,0.20855170140845358,1.0,0.0
0.10914303411160754,0.20853712666434251,1.0,0.0
0.1138311346786017,0.20789871064488027,1.0,0.0
0.11956036120932055,0.20887798957753376,1.0,0.0
0.12407086132325182,0.20682918223145239,1.0,0.0
0.130540506440248,0.20935122191743688,1.0,0.0
0.8803857051173999,0.20768694088743414,1.0,0.0
0.8850342630056769,0.20666229939326808,1.0,0.0
0.8893921306142184,0.2084430986710451,1.0,0.0
0.8941584461575615,0.20821232605899584,1.0,0.0
0.8992096093212258,0.20804423762107457,1.0,0.0
0.9042297261173827,0.20818568753579111,1.0,0.0
0.909099132553604,0.20849748756363592,1.0,0.0
0.913820593745345,0.20887556321041217,1.0,0.0
0.9185294276946814,0.20905520938465183,1.0,0.0
0.923325589292655,0.209104699349291,1.0,0.0
0.9282081367146651,0.20908383352989457,1.0,0.0
0.93315334021491,0.20900993822598513,1.0,0.0
0.938096245616683,0.20903509105049645,1.0,0.0
0.943087454867601,0.20913383584613598,1.0,0.0
0.9481222871463856,0.20931396098077223,1.0,0.0
0.9532063317749725,0.20941301485519015,1.0,0.0
0.9583773974107415,0.20924992519850955,1.0,0.0
0.9634722893986493,0.2091804776178191,1.0,0.0
0.968406249928833,0.20900381530455642,1.0,0.0
0.9731714996497531,0.20889280013758363,1.0,0.0
0.9779119591482106,0.2092796814621829,1.0,0.0
0.981830586629277,0.2084889498239063,1.0,0.0
0.03626123468364849,0.21269928176945527,1.0,0.0
0.039670142558704324,0.2100283848776589,1.0,0.0
0.04388253589361205,0.21179169852500526,1.0,0.0
0.05188704059578442,0.2119966963849972,1.0,0.0
0.056399647712002274,0.21192763724496386,1.0,0.0
0.061082542442079016,0.21206308872362836,1.0,0.0
0.06598951587311962,0.21228696230678512,1.0,0.0
0.0710327311596661,0.21242221857252486,1.0,0.0
0.07613750188328924,0.21246762456984455,1.0,0.0
0.08128736118361835,0.2125152666216073,1.0,0.0
0.08647944475310931,0.21264263879248632,1.0,0.0
0.09161220295962778,0.21276308929325038,1.0,0.0
0.09664912746882512,0.21290751607484995,1.0,0.0
0.10157241405409577,0.21303294490618568,1.0,0.0
0.1063152739555137,0.21271694581836598,1.0,0.0
0.11127316386666199,0.21289073759815172,1.0,0.0
0.11568906274674706,0.21122218761529862,1.0,0.0
0.8845653357580334,0.2107342600413555,1.0,0.0
0.8881376689349044,0.21330618087690498,1.0,0.0
0.8923133337457066,0.2128043929642091,1.0,0.0
0.8969286533214634,0.21209189752160773,1.0,0.0
0.9019321873293835,0.21211240131031092,1.0,0.0
0.9068636720705021,0.21251505154497116,1.0,0.0
0.911499391092443,0.21307815381725198,1.0,0.0
0.9161368361751797,0.21337681157341137,1.0,0.0
0.9209103184810995,0.21333680150904213,1.0,0.0
0.925765012316593,0.21328548004145303,1.0,0.0
0.9306598478807938,0.21317873702121232,1.0,0.0
0.935559811948145,0.21311935207620789,1.0,0.0
0.9405367844198922,0.21311029646505908,1.0,0.0
0.9455651671228953,0.21320350959560924,1.0,0.0
0.9507205063025572,0.2132742177597463,1.0,0.0
0.9559168929949792,0.2132506164328589,1.0,0.0
0.9609822832877363,0.21311458787338133,1.0,0.0
0.9661010507109791,0.21307098041950098,1.0,0.0
0.971202241604537,0.21295764559164335,1.0,0.0
0.9764128333823097,0.21301308042381603,1.0,0.0
0.982148333299534,0.2131793175029363,1.0,0.0
0.987492144768521,0.21502682927411587,1.0,0.0
0.037107051568714355,0.21826565372737333,1.0,0.0
0.040464062906611586,0.21533400861468202,1.0,0.0
0.04474604374420834,0.2169724006378606,1.0,0.0
0.04968670406036034,0.21705976217258646,1.0,0.0
0.05427024101879433,0.21658069559326623,1.0,0.0
0.0589519142483084,0.2165576890492387,1.0,0.0
0.06369777761143508,0.21662704369835423,1.0,0.0
0.06854653440427781,0.21668061174110934,1.0,0.0
0.07349892253194205,0.21662984938306237,1.0,0.0
0.07858143320512714,0.2165918375463164,1.0,0.0
0.08373195264671329,0.21660378735963198,1.0,0.0
0.08894524605197422,0.21678130192189968,1.0,0.0
0.0940116911067232,0.2170202373563081,1.0,0.0
0.09890549606106622,0.21728688440518484,1.0,0.0
0.10365432158474137,0.21749673900561425,1.0,0.0
0.10787953889529761,0.2169271402655862,1.0,0.0
0.8883316840358786,0.21793665953683694,1.0,0.0
0.8950612236000535,0.21678959885839785,1.0,0.0
0.8994498378563736,0.21599573131817645,1.0,0.0
0.9044919477168843,0.21630375796741108,1.0,0.0
0.9091760678620425,0.2172462937007795,1.0,0.0
0.9136943987318156,0.21772542895963046,1.0,0.0
0.9185347928851437,0.21764726793551134,1.0,0.0
0.9233547993812062,0.21751914435324898,1.0,0.0
0.9282557008559812,0.21740371527479652,1.0,0.0
0.9331033991164795,0.21730494019225205,1.0,0.0
0.9380212648622379,0.21716116876544236,1.0,0.0
0.9429929513615205,0.21715466709441184,1.0,0.0
0.9481594229339976,0.21708896530484867,1.0,0.0
0.9534027435657992,0.2171098091540867,1.0,0.0
0.958593235343697,0.21719183584896676,1.0,0.0
0.9634869162581644,0.2170327377378754,1.0,0.0
0.9685107019676138,0.21698438061163655,1.0,0.0
0.9734450143506719,0.2168707900822341,1.0,0.0
0.9785506363729058,0.2166643684136368,1.0,0.0
0.9827795081062988,0.21786615048173064,1.0,0.0
0.032845684204550536,0.22038172365922337,1.0,0.0
0.03678952897989881,0.22336303263220528,1.0,0.0
0.04156548576686216,0.22082066461423558,1.0,0.0
0.0468454289680475,0.22126070972742493,1.0,0.0
0.05192691096010423,0.22129265181067226,1.0,0.0
0.05671999318951609,0.22109937971788704,1.0,0.0
0.061494325367391314,0.2211111271312678,1.0,0.0
0.06626245001825959,0.22112539561135905,1.0,0.0
0.07106309164219574,0.2210245973152295,1.0,0.0
0.07595160324540254,0.22077007789551387,1.0,0.0
0.08105914997567563,0.22066313166223495,1.0,0.0
0.08624777094036251,0.22063454983881683,1.0,0.0
0.09148458632164615,0.2210069385103026,1.0,0.0
0.0965126014936696,0.22142616184721453,1.0,0.0
0.10160409561266408,0.2216660662281381,1.0,0.0
0.10692145607137828,0.2218147686273692,1.0,0.0
0.9014808762522775,0.2197552877896705,1.0,0.0
0.9062963667503131,0.2208960089889637,1.0,0.0
0.9110283522957053,0.22211992076062717,1.0,0.0
0.9160690086546271,0.22185802028049986,1.0,0.0
0.9210528726189833,0.22184821778110375,1.0,0.0
0.9259088141660456,0.22160102289279623,1.0,0.0
0.9307648644815529,0.22158271041153524,1.0,0.0
0.9356244665557062,0.22135169778574645,1.0,0.0
0.9404367707275422,0.22123169919808547,1.0,0.0
0.9455878909019054,0.22094776797275392,1.0,0.0
0.95081869158142,0.2208740964234512,1.0,0.0
0.9561319716109581,0.22093982495191947,1.0,0.0
0.961274408317458,0.22133612399582794,1.0,0.0
0.9659491845038658,0.22098902828805222,1.0,0.0
0.9709349875495599,0.22099700436548228,1.0,0.0
0.9760809728341546,0.2205463117341847,1.0,0.0
0.9807109768156539,0.2214996326733356,1.0,0.0
0.9848575152855733,0.22316115108547419,1.0,0.0
0.032845056749804785,0.23119001801838746,1.0,0.0
0.04028970487842923,0.2257028656988496,1.0,0.0
0.044733350949951095,0.22539597451249552,1.0,0.0
0.04962993015205491,0.2256115777120708,1.0,0.0
0.05454989162469273,0.22563631556665634,1.0,0.0
0.059358936395648196,0.22559764815477204,1.0,0.0
0.06413561181944773,0.225640337432795,1.0,0.0
0.0688616210890388,0.22559153904220447,1.0,0.0
0.07357852776172871,0.22530290318201024,1.0,0.0
0.07839029700112828,0.22478920831450344,1.0,0.0
0.08359231452008058,0.22464349969610728,1.0,0.0
0.08864682893546831,0.22472211006588733,1.0,0.0
0.09364294245753128,0.22549386054407997,1.0,0.0
0.09844419464013933,0.22586468795829626,1.0,0.0
0.10306560094264106,0.2259804906102402,1.0,0.0
0.10750090967056428,0.22648451803648703,1.0,0.0
0.9019203791828334,0.2237038349900444,1.0,0.0
0.9065306218347218,0.22532605983209641,1.0,0.0
0.9103093466411091,0.2270670613434084,1.0,0.0
0.9143762059709619,0.22617609542277461,1.0,0.0
0.9190082049545316,0.2260315596805175,1.0,0.0
0.9240084172080352,0.2259768801712812,1.0,0.0
0.9285217629464373,0.22582582452007668,1.0,0.0
0.9334702827668251,0.22564703082994583,1.0,0.0
0.9380196734235464,0.22559392354981336,1.0,0.0
0.943054281878745,0.22489462580777897,1.0,0.0
0.9482281070092511,0.2246873361108286,1.0,0.0
0.9535481505248999,0.2245527602546187,1.0,0.0
0.958760471165779,0.22494659587192226,1.0,0.0
0.9640367562660158,0.22564862752262466,1.0,0.0
0.9682675669539479,0.22493834295878687,1.0,0.0
0.9738498799051951,0.22443971707559884,1.0,0.0
0.9785062215337719,0.2250226236474814,1.0,0.0
0.9831716903825406,0.22651871131141468,1.0,0.0
0.9877082393954891,0.22817352794786078,1.0,0.0
0.03009478756628787,0.22800483302179714,1.0,0.0
0.030182921284384805,0.2352780045638667,1.0,0.0
0.0369422473632656,0.22919298688086426,1.0,0.0
0.04220491864540515,0.2299904407968756,1.0,0.0
0.04717983725413717,0.22989304868392788,1.0,0.0
0.05221305646756357,0.2299854508879676,1.0,0.0
0.057190740637971194,0.2300402043794321,1.0,0.0
0.06207143243716216,0.23009707406686172,1.0,0.0
0.0668695812165156,0.23018106202387317,1.0,0.0
0.07152842514190143,0.23003486306161297,1.0,0.0
0.07614097644487161,0.2294686596058247,1.0,0.0
0.08092946097876401,0.228551170335488,1.0,0.0
0.08606501437556913,0.22880668193705841,1.0,0.0
0.09057672458134389,0.22916304599503207,1.0,0.0
0.09566735829112359,0.2301383529516244,1.0,0.0
0.09995371223952246,0.23062232652150158,1.0,0.0
0.10439983369137865,0.23058701066705084,1.0,0.0
0.11187518539622386,0.2303040974594766,1.0,0.0
0.907482950120742,0.230772049204023,1.0,0.0
0.9124600291826133,0.23132398918451133,1.0,0.0
0.9166131813832871,0.2304230159299945,1.0,0.0
0.9218250948202279,0.22981524005040233,1.0,0.0
0.9267689796427993,0.23059012206928067,1.0,0.0
0.9312623595851973,0.2296320456718889,1.0,0.0
0.9357652794521897,0.23030369604698273,1.0,0.0
0.9407310588740476,0.2290863382439531,1.0,0.0
0.9456781323673004,0.22859715018035706,1.0,0.0
0.9509961443564741,0.2282412283946241,1.0,0.0
0.9560481259034691,0.22851752542381712,1.0,0.0
0.9614407418159961,0.22877316080684806,1.0,0.0
0.9670621326530828,0.230209110553944,1.0,0.0
0.9711196020381757,0.2275933246295785,1.0,0.0
0.9760511972946349,0.22891811760475517,1.0,0.0
0.9803447278732775,0.22953501506732144,1.0,0.0
0.9849023227165205,0.23121655771454425,1.0,0.0
0.9926491459078882,0.23015898601232485,1.0,0.0
0.025629029544701552,0.2353854069118475,1.0,0.0
0.03534381851990119,0.23477421325414632,1.0,0.0
0.039803367072922424,0.2340122086215442,1.0,0.0
0.04488754541458486,0.23426966313107409,1.0,0.0
0.04990215290901224,0.23425592376291499,1.0,0.0
0.05495559045913205,0.2343363239934983,1.0,0.0
0.059987810234549056,0.2344467471164259,1.0,0.0
0.06495644344127108,0.23459139523312925,1.0,0.0
0.06982475656519845,0.2347452952321644,1.0,0.0
0.0744154720598237,0.23438191496165028,1.0,0.0
0.07911715874417692,0.23320434598787015,1.0,0.0
0.0835027050250659,0.23242316880470895,1.0,0.0
0.0878207473640401,0.23382695923763502,1.0,0.0
0.09235666448898773,0.23315338407612188,1.0,0.0
0.10344991308424886,0.2356575296560606,1.0,0.0
0.9154243262113579,0.2360169493731376,1.0,0.0
0.9193120546566917,0.2336123346848418,1.0,0.0
0.9240263770207232,0.23415658291204944,1.0,0.0
0.9296449834132526,0.2353078326852842,1.0,0.0
0.9392565694830232,0.23346055314200317,1.0,0.0
0.9436510734065924,0.23296117950518572,1.0,0.0
0.9485592895341088,0.2319867267936933,1.0,0.0
0.953323893903722,0.23239464850945918,1.0,0.0
0.9584719274575784,0.2322337825536205,1.0,0.0
0.9635455695421651,0.23249194314000976,1.0,0.0
0.02825630503747905,0.24025378990764112,1.0,0.0
0.03302085786275261,0.23939291945182256,1.0,0.0
0.03789727729813958,0.2389610213519937,1.0,0.0
0.042611358232135854,0.2385416600110009,1.0,0.0
0.04761675086289261,0.2385799843572897,1.0,0.0
0.05265206338357157,0.23858042220371892,1.0,0.0
0.057740533040116164,0.23866839669454498,1.0,0.0
0.06286019545332325,0.23883175660286468,1.0,0.0
0.067998207966876,0.23904735009173586,1.0,0.0
0.07318407938918761,0.23925445264746206,1.0,0.0
0.0784181197770011,0.23750558794359924,1.0,0.0
0.08342561052762452,0.23676628427707616,1.0,0.0
0.9167759752072191,0.24143018252919596,1.0,0.0
0.920262298641559,0.23775583797900693,1.0,0.0
0.026540524746971703,0.24557724652170299,1.0,0.0
0.031032743433441146,0.24427724012444899,1.0,0.0
0.03574531882140266,0.24363439957812133,1.0,0.0
0.040547277301534373,0.24324357570600214,1.0,0.0
0.04533794321239326,0.24293890072238006,1.0,0.0
0.0503044488348419,0.24287922154718883,1.0,0.0
0.05533565028152575,0.24288308684108081,1.0,0.0
0.06040916018372552,0.24299162460851728,1.0,0.0
0.06549371743100718,0.24322314008174906,1.0,0.0
0.07050522307069876,0.24353363553207008,1.0,0.0
0.07506722861591475,0.24466851527759007,1.0,0.0
0.07778286135968497,0.2414776975018815,1.0,0.0
0.08278124948318479,0.2410188173473743,1.0,0.0
0.11553685800644085,0.24395048143401704,1.0,0.0
0.0288146215840896,0.24931433600938135,1.0,0.0
0.03358522172579873,0.24842898973948452,1.0,0.0
0.03836138336083293,0.24790425621944367,1.0,0.0
0.043155900887521706,0.24755456714458576,1.0,0.0
0.0479664755299947,0.24726780499460246,1.0,0.0
0.052917544416222304,0.24716181665811984,1.0,0.0
0.05794052592760599,0.2471918677105766,1.0,0.0
0.06297882948927043,0.24735956535539655,1.0,0.0
0.06800814544822852,0.24774882592914502,1.0,0.0
0.07281492381515149,0.2485984605062873,1.0,0.0
0.07793156992302884,0.24915510189305629,1.0,0.0
0.0804092281166383,0.24539784159385516,1.0,0.0
0.11676331196598438,0.2496786509206749,1.0,0.0
0.026884155124491275,0.25381976156169767,1.0,0.0
0.03166135387771972,0.2532570935259882,1.0,0.0
0.03631971145338029,0.25263699732541156,1.0,0.0
0.041009423531666096,0.2522097284562246,1.0,0.0
0.04574184037442093,0.25188020939626765,1.0,0.0
0.050508115553152655,0.2515511583164428,1.0,0.0
0.05544009596730229,0.25143749822692485,1.0,0.0
0.06042473907729739,0.25155035003716164,1.0,0.0
0.06533970633942708,0.2518371022553126,1.0,0.0
0.07017903969468499,0.2525981762996693,1.0,0.0
0.07509029121953043,0.2532415699498399,1.0,0.0
0.024887464241295988,0.2588701054069062,1.0,0.0
0.029387581208068548,0.25793029343965324,1.0,0.0
0.034171364929023826,0.25741611660389957,1.0,0.0
0.03886048878676222,0.2569438760283643,1.0,0.0
0.04352992254955372,0.2565540584711068,1.0,0.0
0.04823584337769317,0.25621549980461394,1.0,0.0
0.05293672788116187,0.2557863525910704,1.0,0.0
0.057864951039806066,0.2557360520357761,1.0,0.0
0.06273695366109466,0.256068376299255,1.0,0.0
0.06736708018390386,0.25654658219382426,1.0,0.0
0.07233371821926932,0.2573337619810472,1.0,0.0
0.07902300502661838,0.255756279460656,1.0,0.0
0.020347264867448877,0.2612524514750754,1.0,0.0
0.02637655283681967,0.26259696290433776,1.0,0.0
0.03164769462459344,0.26195012260140177,1.0,0.0
0.03663232349786827,0.2616392361696648,1.0,0.0
0.04136675159582383,0.2612954593935898,1.0,0.0
0.046022055642780633,0.260893803986403,1.0,0.0
0.05072221490561994,0.26054694289123526,1.0,0.0
0.05529402702306871,0.25995291865136433,1.0,0.0
0.06016756195529793,0.2601811486976331,1.0,0.0
0.06454273347967195,0.2610292702107268,1.0,0.0
0.06903366973996575,0.26101962828556047,1.0,0.0
0.1209351446184807,0.26367530327973,1.0,0.0
0.024793130252751833,0.26669756033048764,1.0,0.0
0.029757782522808612,0.2662537328675956,1.0,0.0
0.03465788498267378,0.26608889255674606,1.0,0.0
0.03946218184762404,0.26599495332971757,1.0,0.0
0.044070219835839794,0.26567612880822916,1.0,0.0
0.04868625887822819,0.26516625249773496,1.0,0.0
0.05347477816892423,0.26484651336665216,1.0,0.0
0.05770509931477781,0.2640997529602687,1.0,0.0
0.06181356738550785,0.26541626849860056,1.0,0.0
0.06641484510097914,0.265783361424147,1.0,0.0
0.12199282500592545,0.26849833403493867,1.0,0.0
0.021892167164051225,0.27009096297112734,1.0,0.0
0.027320557111241667,0.2705020577128866,1.0,0.0
0.0323519875388926,0.27038785766243567,1.0,0.0
0.03738687466087987,0.27041411285060907,1.0,0.0
0.04230523772265107,0.27047400886188655,1.0,0.0
0.04694356324661399,0.2699419851127232,1.0,0.0
0.05185142154628287,0.2690648321742596,1.0,0.0
0.05750045226475312,0.2687399955817384,1.0,0.0
0.06312134254049669,0.2699964912232869,1.0,0.0
0.06774123303718327,0.2709940885269197,1.0,0.0
0.024257526146929262,0.2740249645192007,1.0,0.0
0.02961505237683928,0.2745374408748497,1.0,0.0
0.03477495851494742,0.2745107291668003,1.0,0.0
0.04002294013815302,0.2747617218687355,1.0,0.0
0.04512233230514138,0.27502889880034254,1.0,0.0
0.04959799650927677,0.2738974371027488,1.0,0.0
0.05435695472768184,0.2725304228517431,1.0,0.0
0.05989318836730099,0.2729473971172181,1.0,0.0
0.060552315426403436,0.2777248587623272,1.0,0.0
0.12341689005155333,0.2739454826907396,1.0,0.0
0.023315318766570316,0.2780332226171856,1.0,0.0
0.027445339683829322,0.27862674177442076,1.0,0.0
0.03221272040736482,0.2787704069613146,1.0,0.0
0.037123181610736855,0.27861693860656694,1.0,0.0
0.04251873831599515,0.2791454956143313,1.0,0.0
0.04757195032520556,0.27990460916029747,1.0,0.0
0.05170130033826391,0.2777110242326266,1.0,0.0
0.056213435889569036,0.2759872327805027,1.0,0.0
0.12326285768149228,0.28036460176754624,1.0,0.0
0.12482344911158416,0.27860447951347433,1.0,0.0
0.023832923791710307,0.2827220711848894,1.0,0.0
0.028913751950230864,0.2829699790959725,1.0,0.0
0.033912476013458086,0.2830383514260361,1.0,0.0
0.038974640058661685,0.28248270893569144,1.0,0.0
0.04420979315780221,0.28386699675367183,1.0,0.0
0.05244186683841154,0.282757076518396,1.0,0.0
0.12020175143578729,0.27930127012430134,1.0,0.0
0.1262106921063636,0.28249840095210127,1.0,0.0
0.019960519096390426,0.28672890806105095,1.0,0.0
0.025478938964648392,0.28693509566141495,1.0,0.0
0.03040003529389232,0.28734077474719144,1.0,0.0
0.035511328914305626,0.28714748765204245,1.0,0.0
0.03963591652827816,0.286387899441873,1.0,0.0
0.04655498147704851,0.28882551588401634,1.0,0.0
0.12628706680739613,0.2861845884126012,1.0,0.0
0.12938922552584742,0.2888221105508843,1.0,0.0
0.13585812816504364,0.2869183011107517,1.0,0.0
0.01966991802351805,0.29384284214845197,1.0,0.0
0.022581560468232027,0.29052395956655336,1.0,0.0
0.027483342240525607,0.29165178254281393,1.0,0.0
0.03324248635374772,0.2909948773151583,1.0,0.0
0.03849975645916764,0.2915255233855952,1.0,0.0
0.04257079597522198,0.28888034554853215,1.0,0.0
0.1320749366418249,0.29323971364471285,1.0,0.0
0.1341965658509583,0.2900063148197518,1.0,0.0
0.023780515977727117,0.295481435750711,1.0,0.0
0.02767567356015255,0.29732764403738415,1.0,0.0
0.03097031647983035,0.2945235419187012,1.0,0.0
0.035861653912401925,0.2952824280524159,1.0,0.0
0.04070721502381148,0.2964111785410197,1.0,0.0
0.1311797063963822,0.2968311355394415,1.0,0.0
0.1340435352736443,0.29552797751351495,1.0,0.0
0.01940367715589535,0.29881432871766234,1.0,0.0
0.023910276732449977,0.30056818387869255,1.0,0.0
0.028752602482637928,0.3020035465811074,1.0,0.0
0.03257309083890744,0.2989032169196999,1.0,0.0
0.13560616583368468,0.2972051749648274,1.0,0.0
0.13574445951644726,0.2999336155916276,1.0,0.0
0.02026770490461559,0.30387658474253665,1.0,0.0
0.025151984436218734,0.3053808660574084,1.0,0.0
0.034019527175165654,0.3030977638455285,1.0,0.0
0.13544629026422517,0.3037390682037237,1.0,0.0
0.02133458046898023,0.308524172519052,1.0,0.0
0.027523148530357686,0.3093316923627285,1.0,0.0
0.13257910057029068,0.30856934525851043,1.0,0.0
0.1362095982881987,0.3062510873683171,1.0,0.0
0.1350419364569548,0.31459821601113025,1.0,0.0
0.13806198341608372,0.31867948705225,1.0,0.0
0.4116981552191561,0.1535547662590439,2.0,1.0
0.413623876537192,0.1581283543893791,2.0,1.0
0.4157903130199823,0.160535506036924,2.0,1.0
0.4203639011503176,0.1607762212016785,2.0,1.0
0.4234931982921259,0.1624612273549598,2.0,1.0
0.4259003499396708,0.1634240880139778,2.0,1.0
0.4295110774109881,0.1622205121902054,2.0,1.0
0.4319182290585329,0.159572645377906,2.0,1.0
0.4352882413650957,0.1554804875770798,2.0,1.0
0.438417538506904,0.1542769117533073,2.0,1.0
0.4413061204839578,0.1537954814237983,2.0,1.0
0.4432318418019936,0.1549990572475708,2.0,1.0
0.446842569273311,0.1494626084582176,2.0,1.0
0.4497311512503648,0.1489811781287086,2.0,1.0
0.4540640242159455,0.1465740264811638,2.0,1.0
0.4586376123462808,0.1444075899983734,2.0,1.0
0.4634519156413705,0.1412782928565651,2.0,1.0
0.4687476492659692,0.1383897108795113,2.0,1.0
0.4745248132200768,0.1367047047262299,2.0,1.0
0.4795798316799211,0.1340568379139305,2.0,1.0
0.4863198562930466,0.1318904014311402,2.0,1.0
0.4925784505766633,0.1292425346188408,2.0,1.0
0.4988370448602799,0.1280389587950684,2.0,1.0
0.5041327784848786,0.1270760981360505,2.0,1.0
0.5108728030980042,0.126835382971296,2.0,1.0
0.5171313973816208,0.1280389587950684,2.0,1.0
0.5245935674890099,0.1249096616532601,2.0,1.0
0.5192978338644112,0.1215396493466973,2.0,1.0
0.5111135182627586,0.1203360735229249,2.0,1.0
0.5065399301324234,0.1162439157220986,2.0,1.0
0.5017256268373337,0.1131146185802903,2.0,1.0
0.4947448870594536,0.1104667517679909,2.0,1.0
0.4896898685996094,0.1147996247335717,2.0,1.0
0.4824684136569748,0.118410352204889,2.0,1.0
0.4766912497028672,0.1191324976991525,2.0,1.0
0.4680255037717057,0.1210582190171883,2.0,1.0
0.4562304606987359,0.1210582190171883,2.0,1.0
0.4506940119093828,0.1234653706647332,2.0,1.0
0.4453982782847841,0.126835382971296,2.0,1.0
0.4401025446601854,0.1338161227491761,2.0,1.0
0.4355289565298502,0.1383897108795113,2.0,1.0
0.4302332229052515,0.142722583845092,2.0,1.0
0.4254189196101618,0.1465740264811638,2.0,1.0
0.42156747697409,0.1492218932934632,2.0,1.0
0.4150681675257189,0.1518697601057625,2.0,1.0
0.4116981552191561,0.1535547662590439,2.0,0.0
0.413623876537192,0.1581283543893791,2.0,0.0
0.4157903130199823,0.160535506036924,2.0,0.0
0.4203639011503176,0.1607762212016785,2.0,0.0
0.4234931982921259,0.1624612273549598,2.0,0.0
0.4259003499396708,0.1634240880139778,2.0,0.0
0.4295110774109881,0.1622205121902054,2.0,0.0
0.4319182290585329,0.159572645377906,2.0,0.0
0.4352882413650957,0.1554804875770798,2.0,0.0
0.438417538506904,0.1542769117533073,2.0,0.0
0.4413061204839578,0.1537954814237983,2.0,0.0
0.4432318418019936,0.1549990572475708,2.0,0.0
0.446842569273311,0.1494626084582176,2.0,0.0
0.4497311512503648,0.1489811781287086,2.0,0.0
0.4540640242159455,0.1465740264811638,2.0,0.0
0.4586376123462808,0.1444075899983734,2.0,0.0
0.4634519156413705,0.1412782928565651,2.0,0.0
0.4687476492659692,0.1383897108795113,2.0,0.0
0.4745248132200768,0.1367047047262299,2.0,0.0
0.4795798316799211,0.1340568379139305,2.0,0.0
0.4863198562930466,0.1318904014311402,2.0,0.0
0.4925784505766633,0.1292425346188408,2.0,0.0
0.4988370448602799,0.1280389587950684,2.0,0.0
0.5041327784848786,0.1270760981360505,2.0,0.0
0.5108728030980042,0.126835382971296,2.0,0.0
0.5171313973816208,0.1280389587950684,2.0,0.0
0.5245935674890099,0.1249096616532601,2.0,0.0
0.5192978338644112,0.1215396493466973,2.0,0.0
0.5111135182627586,0.1203360735229249,2.0,0.0
0.5065399301324234,0.1162439157220986,2.0,0.0
0.5017256268373337,0.1131146185802903,2.0,0.0
0.4947448870594536,0.1104667517679909,2.0,0.0
0.4896898685996094,0.1147996247335717,2.0,0.0
0.4824684136569748,0.118410352204889,2.0,0.0
0.4766912497028672,0.1191324976991525,2.0,0.0
0.4680255037717057,0.1210582190171883,2.0,0.0
0.4562304606987359,0.1210582190171883,2.0,0.0
0.4506940119093828,0.1234653706647332,2.0,0.0
0.4453982782847841,0.126835382971296,2.0,0.0
0.4401025446601854,0.1338161227491761,2.0,0.0
0.4355289565298502,0.1383897108795113,2.0,0.0
0.4302332229052515,0.142722583845092,2.0,0.0
0.4254189196101618,0.1465740264811638,2.0,0.0
0.42156747697409,0.1492218932934632,2.0,0.0
0.4150681675257189,0.1518697601057625,2.0,0.0
0.49830435118803174,0.11181689333400333,2.0,0.0
0.4938483833494144,0.11532379199326051,2.0,0.0
0.49771757017867363,0.11734892456680006,2.0,0.0
0.5023420040162099,0.11847821728303337,2.0,0.0
0.4599322089415173,0.1210582190171883,2.0,0.0
0.46399829222479017,0.1210582190171883,2.0,0.0
0.47246536723848526,0.12007158269123733,2.0,0.0
0.47652362696323036,0.12464694657505351,2.0,0.0
0.4816120588560826,0.12300315550755987,2.0,0.0
0.4869351677575379,0.1198914749597206,2.0,0.0
0.4921699230597601,0.12016902162525495,2.0,0.0
0.49738701946786945,0.12204329955543519,2.0,0.0
0.506790437909398,0.12180863704876335,2.0,0.0
0.5130926365439498,0.12342678971978488,2.0,0.0
0.5160695401697232,0.12106490027394907,2.0,0.0
0.45044035670852,0.12792707618986274,2.0,0.0
0.4557559442244088,0.12582319090328548,2.0,0.0
0.4614241886613355,0.12592296151484844,2.0,0.0
0.4663677086985112,0.12604347660223306,2.0,0.0
0.4719019633704157,0.1253539675673083,2.0,0.0
0.47981186384650126,0.12847765028422253,2.0,0.0
0.48481663091216676,0.1270502235042873,2.0,0.0
0.48895790766251074,0.1249208014267362,2.0,0.0
0.4942416276490662,0.12515032033560403,2.0,0.0
0.5016995862121756,0.12331605224939154,2.0,0.0
0.5075675680761897,0.12695342707921797,2.0,0.0
0.514486883353076,0.12753039840496366,2.0,0.0
0.44287919602671066,0.13015599140239292,2.0,0.0
0.4487249746684014,0.13234492272565132,2.0,0.0
0.4543045634870562,0.1310800564911084,2.0,0.0
0.4592555891906414,0.12982589424331972,2.0,0.0
0.46449652863937646,0.13110096037192226,2.0,0.0
0.46979343894954434,0.12959542823235504,2.0,0.0
0.47493711879531864,0.13071705536672376,2.0,0.0
0.4830243204486847,0.13294968080968506,2.0,0.0
0.44035037611113,0.1387974623740938,2.0,0.0
0.4448983728901938,0.13523028298259013,2.0,0.0
0.45405619391252483,0.13573262158755864,2.0,0.0
0.45934613870464835,0.13428178436451813,2.0,0.0
0.4642223427076482,0.1361106592205514,2.0,0.0
0.4698206824182911,0.1339450340295775,2.0,0.0
0.43516725465578726,0.14203476885297014,2.0,0.0
0.4450763396782963,0.1402083311747377,2.0,0.0
0.44968071461004916,0.13787314388784247,2.0,0.0
0.4543259231117269,0.14104116047965443,2.0,0.0
0.4589625524394427,0.13899401400910288,2.0,0.0
0.43043100000306245,0.14707685843058937,2.0,0.0
0.435118714639558,0.14610204095860427,2.0,0.0
0.4402257176360099,0.14383660398132492,2.0,0.0
0.4452439269296708,0.144753768915984,2.0,0.0
0.4498659034466724,0.1433578220482025,2.0,0.0
0.4184872781227684,0.15047678912177936,2.0,0.0
0.42765482034075375,0.15094948010439135,2.0,0.0
0.4332294397931361,0.1511623795900133,2.0,0.0
0.4379183654707324,0.1491873068731685,2.0,0.0
0.4423207130347479,0.14890028579650597,2.0,0.0
0.4180200460670782,0.1555306104908257,2.0,0.0
0.42396653540446816,0.15297907974171618,2.0,0.0
0.4264892302334135,0.15782426547054357,2.0,0.0
0.4299320402561793,0.15496775956879824,2.0,0.0
0.42204851028432455,0.1566468528443952,2.0,0.0
