x,y,region,boundary_flag
0.5109690950407411,0.5169672638471777,1.0,1.0
0.5051919310866334,0.5174486941766867,1.0,1.0
0.5006183429562981,0.5198558458242316,1.0,1.0
0.4953226093316995,0.522022282307022,1.0,1.0
0.4907490212013642,0.5241887187898123,1.0,1.0
0.4847311420825022,0.5246701491193213,1.0,1.0
0.478231832634131,0.5222629974717764,1.0,1.0
0.4734175293390413,0.5205779913184951,1.0,1.0
0.4666775047259157,0.5172079790119323,1.0,1.0
0.4621039165955805,0.512634390881597,1.0,1.0
0.4565674678062273,0.5087829482455253,1.0,1.0
0.4531974554996645,0.5022836387971542,1.0,1.0
0.4488645825340838,0.496747190007801,1.0,1.0
0.445494570227521,0.4914514563832022,1.0,1.0
0.4430874185799761,0.4863964379233581,1.0,1.0
0.4406802669324313,0.4827857104520408,1.0,1.0
0.4356252484725871,0.478934267815969,1.0,1.0
0.4334588119897967,0.4738792493561248,1.0,1.0
0.4329773816602877,0.4683427968937497,1.0,1.0
0.4329773816602877,0.4625656329396421,1.0,1.0
0.4300887996832339,0.4570291841502889,1.0,1.0
0.4296073693537249,0.4524555960199536,1.0,1.0
0.4305702300127428,0.447159862395355,1.0,1.0
0.4315330906717608,0.4426825662077566,1.0,1.0
0.4293666541889704,0.4373868325831579,1.0,1.0
0.428163078365198,0.4319466683904979,1.0,1.0
0.4252744963881442,0.428095225754426,1.0,1.0
0.4250337812233897,0.4194294798232645,1.0,1.0
0.4252744963881442,0.4122080248806299,1.0,1.0
0.4209416234225634,0.4069122912560313,1.0,1.0
0.4190159021045276,0.4006536969724146,1.0,1.0
0.4170901807864917,0.3933840960584117,1.0,1.0
0.4173308959512462,0.3859219259510226,1.0,1.0
0.4139608836446833,0.3811076226559329,1.0,1.0
0.411794447161893,0.3748490283723162,1.0,1.0
0.410831586502875,0.3693125795829631,1.0,1.0
0.4098687258438571,0.3625725549698376,1.0,1.0
0.4098687258438571,0.3534253787091672,1.0,1.0
0.4091465803495936,0.3457224934370236,1.0,1.0
0.4058246993223116,0.3411007593353199,1.0,1.0
0.4014918263567308,0.3372493166992481,1.0,1.0
0.4005289656977129,0.3324350134041584,1.0,1.0
0.3945110865788508,0.3324350134041584,1.0,1.0
0.3901782136132701,0.3331571588984218,1.0,1.0
0.3856046254829348,0.3355643105459667,1.0,1.0
0.3807903221878451,0.3379714621935116,1.0,1.0
0.3745317279042285,0.3341200195574397,1.0,1.0
0.3699581397738932,0.3300278617566134,1.0,1.0
0.3651438364788035,0.3264171342852963,1.0,1.0
0.356959520877151,0.3256949887910327,1.0,1.0
0.3499787810992709,0.3273799949443142,1.0,1.0
0.3494973507697619,0.3360457408754757,1.0,1.0
0.3511823569230434,0.3439893413123737,1.0,1.0
0.3459829152411816,0.3523180948281315,1.0,1.0
0.3414093271108464,0.3585766891117481,1.0,1.0
0.3380393148042835,0.3641131379011013,1.0,1.0
0.3312992901911579,0.3677238653724186,1.0,1.0
0.3262442717313137,0.3710938776789814,1.0,1.0
0.3197449622829426,0.3735010293265262,1.0,1.0
0.3158935196468708,0.3771117567978435,1.0,1.0
0.3120420770107991,0.384333211740478,1.0,1.0
0.3101163556927632,0.3893882302003223,1.0,1.0
0.3361135934862476,0.4103304421879187,1.0,1.0
0.3339471570034573,0.4185147577895712,1.0,1.0
0.3394836057928104,0.4228476307551519,1.0,1.0
0.3397243209575649,0.4288655098740141,1.0,1.0
0.3418907574403553,0.4339205283338583,1.0,1.0
0.3416500422756008,0.4394569771232114,1.0,1.0
0.3433350484288822,0.4413826984412474,1.0,1.0
0.3430943332641277,0.4507705898666723,1.0,1.0
0.3511342256437626,0.4591474820077548,1.0,1.0
0.3501713649847447,0.4661282217856348,1.0,1.0
0.353300662126553,0.4731089615635149,1.0,1.0
0.3559485289388523,0.4853854349659937,1.0,1.0
0.3557078137740978,0.495495471885682,1.0,1.0
0.3602814019044331,0.5022354964988076,1.0,1.0
0.3641328445405049,0.5096976666061966,1.0,1.0
0.3662992810232952,0.5176412670430948,1.0,1.0
0.360762832233942,0.5270291584685196,1.0,1.0
0.3588371109159061,0.5329988948299076,1.0,1.0
0.3581149654216427,0.542146071090578,1.0,1.0
0.3552263834445889,0.5498489563627215,1.0,1.0
0.3520970863027806,0.5551446899873201,1.0,1.0
0.3465606375134274,0.5582739871291286,1.0,1.0
0.3386170370765294,0.5592368477881464,1.0,1.0
0.3316362972986493,0.5561075506463381,1.0,1.0
0.3260998485092961,0.5546632596578112,1.0,1.0
0.3203226845551885,0.5565889809758472,1.0,1.0
0.3180599561296612,0.5627031488235519,1.0,1.0
0.3185413864591702,0.5737760464022583,1.0,1.0
0.3178192409649067,0.5838860833219467,1.0,1.0
0.3158935196468708,0.5935146899121261,1.0,1.0
0.313004937669817,0.603865441996569,1.0,1.0
0.3089127798689908,0.6103647514449403,1.0,1.0
0.3084313495394818,0.6166233457285567,1.0,1.0
0.3024134704206196,0.6243262310007003,1.0,1.0
0.296154876137003,0.6269740978129996,1.0,1.0
0.2896555666886319,0.6274555281425085,1.0,1.0
0.2812305359222249,0.629621964625299,1.0,1.0
0.2756940871328718,0.6250483764949636,1.0,1.0
0.2706390686730275,0.6262519523187361,1.0,1.0
0.2687133473549917,0.6320291162728439,1.0,1.0
0.2660654805426923,0.6351584134146521,1.0,1.0
0.2636583288951475,0.6411762925335143,1.0,1.0
0.2614918924123571,0.6409355773687597,1.0,1.0
0.2619733227418661,0.6387691408859694,1.0,1.0
0.262936183400884,0.6339548375908796,1.0,1.0
0.2626954682361295,0.6286591039662811,1.0,1.0
0.2607697469180937,0.6255298068244727,1.0,1.0
0.2566775891172674,0.6219190793531555,1.0,1.0
0.2513818554926688,0.6195119277056105,1.0,1.0
0.246567552197579,0.6168640608933113,1.0,1.0
0.2382869519992335,0.611327608430936,1.0,1.0
0.2349169396926707,0.6072354506301098,1.0,1.0
0.230102636397581,0.6024211473350203,1.0,1.0
0.2248069027729823,0.5988104198637029,1.0,1.0
0.219751884313138,0.5956811227218946,1.0,1.0
0.2156597265123118,0.5913482497563137,1.0,1.0
0.2103639928877131,0.5865339464612241,1.0,1.0
0.2069939805811503,0.5819603583308889,1.0,1.0
0.2024203924508151,0.5771460550357991,1.0,1.0
0.1985689498147433,0.5732946123997275,1.0,1.0
0.1932732161901446,0.5679988787751287,1.0,1.0
0.1908660645425998,0.563666005809548,1.0,1.0
0.1913474948721088,0.5595738480087218,1.0,1.0
0.1866294761737121,0.5571666963611769,1.0,1.0
0.1820558880433768,0.5545188295488775,1.0,1.0
0.1762787240892692,0.5528338233955962,1.0,1.0
0.1714644207941795,0.5516302475718237,1.0,1.0
0.1668908326638443,0.5494638110890333,1.0,1.0
0.1678536933228622,0.5444087926291891,1.0,1.0
0.1637615355220359,0.538872343839836,1.0,1.0
0.1596693777212097,0.5347801869572651,1.0,1.0
0.1541329289318565,0.5304473139916844,1.0,1.0
0.1476336194834854,0.5277994471793851,1.0,1.0
0.1394493038818329,0.5263551561908583,1.0,1.0
0.1334314247629708,0.5258737258613493,1.0,1.0
0.128617121467881,0.5297251684974209,1.0,1.0
0.1252471091613183,0.5347801869572651,1.0,1.0
0.1220696697211634,0.5417609267351453,1.0,1.0
0.1167739360965647,0.546575230030235,1.0,1.0
0.111959632801475,0.5509081029958157,1.0,1.0
0.1061824688473674,0.5537966849728696,1.0,1.0
0.1008867352227687,0.555000260796642,1.0,1.0
0.0939059954448886,0.5559631214556598,1.0,1.0
0.0898138376440624,0.5511488181605702,1.0,1.0
0.0852402495137271,0.5501859575015522,1.0,1.0
0.0816295220424098,0.547056660359744,1.0,1.0
0.0780187945710925,0.5422423570646542,1.0,1.0
0.0777780794063381,0.5383909144285824,1.0,1.0
0.079222370394865,0.5335766111334928,1.0,1.0
0.0821109523719188,0.5304473139916844,1.0,1.0
0.0840366736899547,0.5270773016851217,1.0,1.0
0.0804259462186374,0.5220222832252774,1.0,1.0
0.0753709277587932,0.5193744164129781,1.0,1.0
0.06983447896944,0.5167265496006788,1.0,1.0
0.062372308862051,0.5164858344359242,1.0,1.0
0.0568358600726978,0.5107086704818166,1.0,1.0
0.0561137145784344,0.5068572278457448,1.0,1.0
0.0580394358964702,0.5018022093859007,1.0,1.0
0.0592430117202427,0.4979507667498289,1.0,1.0
0.0537065629308895,0.4984321970793379,1.0,1.0
0.0511549770422613,0.505894367186727,1.0,1.0
0.0477849647356985,0.5116715311408345,1.0,1.0
0.0434520917701177,0.5174486950949422,1.0,1.0
0.038637788475028,0.5203372770719961,1.0,1.0
0.0321384790266569,0.5249108652023312,1.0,1.0
0.0258798847430403,0.5251515803670856,1.0,1.0
0.0203434359536871,0.5186522709187146,1.0,1.0
0.0172141388118788,0.513356537294116,1.0,1.0
0.0155291326585974,0.5063757965979804,1.0,1.0
0.013844126505316,0.4993950568201002,1.0,1.0
0.0155291326585974,0.4940993231955016,1.0,1.0
0.0203434359536871,0.4892850199004119,1.0,1.0
0.0249170240840223,0.4837485711110587,1.0,1.0
0.030212757708621,0.4837485711110587,1.0,1.0
0.0321384790266569,0.4774899768274421,1.0,1.0
0.0333420548504293,0.4741199645208793,1.0,1.0
0.0345456306742018,0.4683428005667716,1.0,1.0
0.0362306368274832,0.4623249214479095,1.0,1.0
0.0405635097930639,0.4601584849651192,1.0,1.0
0.0448963827586446,0.4596770546356102,1.0,1.0
0.0499514012184888,0.4582327636470832,1.0,1.0
0.055487850007842,0.4565477574938019,1.0,1.0
0.0595800078086683,0.4538998906815025,1.0,1.0
0.0619871594562131,0.4510113087044487,1.0,1.0
0.063912880774249,0.4466784357388679,1.0,1.0
0.0680050385750753,0.4421048476085326,1.0,1.0
0.0704121902226201,0.4375312594781975,1.0,1.0
0.0749857783529553,0.4370498328217105,1.0,1.0
0.0788372209890271,0.4353648266684291,1.0,1.0
0.0783557906595181,0.4303098082085848,1.0,1.0
0.0793186513185361,0.4262176504077586,1.0,1.0
0.0838922394488713,0.4233290684307048,1.0,1.0
0.0911136943915059,0.4218847774421779,1.0,1.0
0.0925579853800328,0.4173111893118426,1.0,1.0
0.0952058521923321,0.414422599988745,1.0,1.0
0.0985758644988949,0.4122561635059546,1.0,1.0
0.1007423009816853,0.4100897270231642,1.0,1.0
0.1041123132882481,0.4076825753756194,1.0,1.0
0.1067601801005474,0.4050347085633201,1.0,1.0
0.1089266165833378,0.4009425581085376,1.0,1.0
0.1089266165833378,0.3958875396486934,1.0,1.0
0.1089266165833378,0.3901103756945858,1.0,1.0
0.1089266165833378,0.3845739269052325,1.0,1.0
0.1062787497710385,0.3787967629511249,1.0,1.0
0.1026680222997212,0.3754267506445621,1.0,1.0
0.1000201554874219,0.3725381686675084,1.0,1.0
0.0973722886751225,0.368927441196191,1.0,1.0
0.0927987005447873,0.368446010866682,1.0,1.0
0.08918797307347,0.368446010866682,1.0,1.0
0.0850958152726437,0.3674831502076641,1.0,1.0
0.0824479484603444,0.3653167137248738,1.0,1.0
0.0793186513185361,0.3631502772420834,1.0,1.0
0.0783557906595181,0.360020980100275,1.0,1.0
0.0800407968127995,0.3566509677937122,1.0,1.0
0.0826886636250989,0.3549659616404308,1.0,1.0
0.0848551001078893,0.3537623858166584,1.0,1.0
0.0875029669201886,0.3506330886748501,1.0,1.0
0.0865401062611706,0.3467816460387784,1.0,1.0
0.0824479484603444,0.343170918567461,1.0,1.0
0.0795593664832906,0.3417266275789341,1.0,1.0
0.0766707845062367,0.3390787607666348,1.0,1.0
0.080762942307063,0.3359494636248265,1.0,1.0
0.0867808214259251,0.3342644574715451,1.0,1.0
0.0942429915333142,0.3342644574715451,1.0,1.0
0.0995387251579129,0.3373937546133534,1.0,1.0
0.1012237313111943,0.3335423119772817,1.0,1.0
0.1014644464759488,0.3289687238469465,1.0,1.0
0.1002608706521763,0.3234322750575932,1.0,1.0
0.0990572948284039,0.3186179717625035,1.0,1.0
0.0954465673570866,0.3152479594559407,1.0,1.0
0.0913544095562604,0.3135629533026594,1.0,1.0
0.0855772456021527,0.31091508649036,1.0,1.0
0.0826886636250989,0.3070636438542882,1.0,1.0
0.0795593664832906,0.302008625394444,1.0,1.0
0.0759486390119733,0.2988793282526357,1.0,1.0
0.072337911540656,0.2964721766050908,1.0,1.0
0.0677643234103208,0.2964721766050908,1.0,1.0
0.0682457537398297,0.2926207339690191,1.0,1.0
0.0680050385750753,0.2887692913329472,1.0,1.0
0.0682457537398297,0.2853992790263845,1.0,1.0
0.072337911540656,0.2834735577083486,1.0,1.0
0.0771522148357457,0.2832328425435941,1.0,1.0
0.080762942307063,0.2805849757312947,1.0,1.0
0.0834108091193623,0.2776963937542409,1.0,1.0
0.0877436820849431,0.2791406847427678,1.0,1.0
0.0903915488972424,0.2825106970493307,1.0,1.0
0.0944837066980687,0.2837142728731031,1.0,1.0
0.0978537190046315,0.2841957032026121,1.0,1.0
0.1000201554874219,0.2817885515550672,1.0,1.0
0.1038715981234936,0.2791406847427678,1.0,1.0
0.1065194649357929,0.2760113876009595,1.0,1.0
0.1091673317480923,0.2728820904591512,1.0,1.0
0.1122966288899006,0.2709563691411154,1.0,1.0
0.1161480715259724,0.268789932658325,1.0,1.0
0.1190366535030262,0.2680677871640615,1.0,1.0
0.12192523548008,0.2719192298001333,1.0,1.0
0.1252952477866429,0.2745670966124326,1.0,1.0
0.1279431145989422,0.2764928179304686,1.0,1.0
0.1334795633882954,0.2767335330952231,1.0,1.0
0.1394974425071575,0.276252102765714,1.0,1.0
0.1438303154727382,0.2786592544132589,1.0,1.0
0.1491260490973369,0.2793813999075224,1.0,1.0
0.1558660737104625,0.2788999695780134,1.0,1.0
0.1587546556875163,0.2817885515550672,1.0,1.0
0.1587546556875163,0.2767335330952231,1.0,1.0
0.1616432376645702,0.2726413752943967,1.0,1.0
0.1654946803006419,0.2721599449648878,1.0,1.0
0.1695868381014682,0.2724006601296423,1.0,1.0
0.1741604262318034,0.2716785146353788,1.0,1.0
0.1770490118818792,0.2700897857327466,1.0,1.0
0.179456163529424,0.2676826340852017,1.0,1.0
0.1852333274835317,0.2652754824376569,1.0,1.0
0.1893254852843579,0.2679233492499562,1.0,1.0
0.1929362127556752,0.2715340767212735,1.0,1.0
0.1972690857212559,0.2720155070507825,1.0,1.0
0.2028055345106091,0.2729783677098005,1.0,1.0
0.2061755468171719,0.2768298103458722,1.0,1.0
0.2097862742884892,0.2746633738630818,1.0,1.0
0.213637716924561,0.2715340767212735,1.0,1.0
0.2170077292311238,0.2676826340852017,1.0,1.0
0.2174891595606327,0.2623869004606031,1.0,1.0
0.2155634382425968,0.2561283061769865,1.0,1.0
0.2129155714302975,0.2503511422228788,1.0,1.0
0.2117119956065251,0.2445739782687711,1.0,1.0
0.2139747203590304,0.2407706669119801,1.0,1.0
0.2171040175008387,0.2386042304291897,1.0,1.0
0.2161411568418208,0.233308496804591,1.0,1.0
0.2168633023360842,0.2284941935095014,1.0,1.0
0.2190297388188746,0.224883466038184,1.0,1.0
0.2183075933246112,0.2207913082373578,1.0,1.0
0.2161411568418208,0.2164584352717771,1.0,1.0
0.2154190113475573,0.2126069926357053,1.0,1.0
0.2173447326655932,0.2087555499996335,1.0,1.0
0.212289714205749,0.2070705438463521,1.0,1.0
0.2091604170639407,0.2070705438463521,1.0,1.0
0.2055496895926234,0.2101998409881605,1.0,1.0
0.2026611076155696,0.2140512836242322,1.0,1.0
0.1992910953090068,0.2164584352717771,1.0,1.0
0.194958222343426,0.2203098779078488,1.0,1.0
0.1901439190483363,0.2200691627430943,1.0,1.0
0.1850889005884921,0.2193470172488309,1.0,1.0
0.1800338821286479,0.2166991504365315,1.0,1.0
0.1761824394925762,0.2150141442832501,1.0,1.0
0.1723309968565044,0.2164584352717771,1.0,1.0
0.1699238452089596,0.2130884229652143,1.0,1.0
0.1708867058679775,0.2092369803291424,1.0,1.0
0.1735345726802768,0.2053855376930708,1.0,1.0
0.1708867058679775,0.200089804068472,1.0,1.0
0.1742567181745403,0.1952755007733823,1.0,1.0
0.1816707423105609,0.1925795026818022,1.0,1.0
0.1852814697818782,0.1894502055399939,1.0,1.0
0.1884107669236865,0.1827101809268683,1.0,1.0
0.1951507915368121,0.1790994534555511,1.0,1.0
0.2006872403261653,0.1762108714784972,1.0,1.0
0.1980393735138659,0.1701929923596351,1.0,1.0
0.2023722464794467,0.1646565435702819,1.0,1.0
0.2091122710925723,0.1629715374170005,1.0,1.0
0.2107972772458537,0.1569536582981384,1.0,1.0
0.2079086952687998,0.1502136336850127,1.0,1.0
0.2083901255983088,0.146362191048941,1.0,1.0
0.2148894350466799,0.1434736090718872,1.0,1.0
0.2206665990007876,0.1473250517079589,1.0,1.0
0.2259623326253863,0.1518986398382941,1.0,1.0
0.2286101994376856,0.1569536582981384,1.0,1.0
0.2334245027327753,0.163693682911264,1.0,1.0
0.2343873633917932,0.1559907976391204,1.0,1.0
0.2346280785565477,0.1487693426964858,1.0,1.0
0.238238806027865,0.1446771848956596,1.0,1.0
0.2394423818516374,0.1396221664358154,1.0,1.0
0.2440159699819727,0.1352892934702346,1.0,1.0
0.246182406464763,0.1328821418226898,1.0,1.0
0.2418495334991823,0.1290306991866179,1.0,1.0
0.2377573756983561,0.1278271233628455,1.0,1.0
0.2339059330622843,0.1249385413857917,1.0,1.0
0.2288509146024401,0.1261421172095641,1.0,1.0
0.2262030477901407,0.1280678385276001,1.0,1.0
0.2233144658130869,0.1261421172095641,1.0,1.0
0.2201851686712786,0.1234942503972648,1.0,1.0
0.2170558715294703,0.120605668420211,1.0,1.0
0.2153708653761889,0.1155506499603668,1.0,1.0
0.2132044288933985,0.1107363466652771,1.0,1.0
0.212963713728644,0.1064034736996964,1.0,1.0
0.2103158469163447,0.1013484552398522,1.0,1.0
0.2127229985638895,0.0960527216152535,1.0,1.0
0.2182594473532427,0.0943677154619721,1.0,1.0
0.2228330354835779,0.0950898609562355,1.0,1.0
0.2257216174606318,0.0931641396381997,1.0,1.0
0.2295730600967035,0.0914791334849183,1.0,1.0
0.2331837875680208,0.0929234244734451,1.0,1.0
0.2351095088860567,0.0955712912857446,1.0,1.0
0.2358316543803202,0.1008670249103432,1.0,1.0
0.2363130847098291,0.1030334613931336,1.0,1.0
0.2394423818516374,0.0999041642513253,1.0,1.0
0.2428123941582002,0.0962934367800079,1.0,1.0
0.2485895581123079,0.0953305761209901,1.0,1.0
0.2529224310778886,0.0953305761209901,1.0,1.0
0.2574960192082239,0.0938862851324632,1.0,1.0
0.263032467997577,0.0895534121668823,1.0,1.0
0.2685689167869302,0.0847391088717926,1.0,1.0
0.2731425049172654,0.0816098117299843,1.0,1.0
0.2736239352467744,0.0765547932701402,1.0,1.0
0.271938929093493,0.070055483821769,1.0,1.0
0.2760310868943192,0.0652411805266793,1.0,1.0
0.2767532323885827,0.0606675923963441,1.0,1.0
0.2748275110705468,0.0560940042660089,1.0,1.0
0.2801232446951455,0.0527239919594461,1.0,1.0
0.2849375479902352,0.0558532891012543,1.0,1.0
0.2904739967795884,0.0585011559135537,1.0,1.0
0.2909554271090974,0.06259331371438,1.0,1.0
0.296251160733696,0.0606675923963441,1.0,1.0
0.2988990275459954,0.0556125739364999,1.0,1.0
0.2979361668869775,0.0500761251471467,1.0,1.0
0.2995248884435658,0.0451655299093201,1.0,1.0
0.3009691794320928,0.0417955176027573,1.0,1.0
0.3024134704206196,0.0379440749666856,1.0,1.0
0.3033763310796376,0.0338519171658594,1.0,1.0
0.305542767562428,0.0290376138707696,1.0,1.0
0.3103570708575177,0.0261490318937158,1.0,1.0
0.3144492286583439,0.0237418802461709,1.0,1.0
0.3185413864591702,0.0206125831043626,1.0,1.0
0.3216706836009785,0.0186868617863267,1.0,1.0
0.3257628414018048,0.0160389949740273,1.0,1.0
0.3305771446968945,0.0182054314568177,1.0,1.0
0.3351507328272297,0.0162797101387819,1.0,1.0
0.3399650361223194,0.0133911281617281,1.0,1.0
0.3450200545821636,0.0117061220084467,1.0,1.0
0.3512786488657802,0.0100211158551653,1.0,1.0
0.3560929521608699,0.0088175400313929,1.0,1.0
0.3599443947969418,0.0083361097018839,1.0,1.0
0.3621108312797321,0.0102618310199197,1.0,1.0
0.3659622739158039,0.0076139642076204,1.0,1.0
0.3706802999602444,0.0066511035486024,1.0,1.0
0.3750131729258251,0.0076139642076204,1.0,1.0
0.3759760335848431,0.0129096978322191,1.0,1.0
0.376457463914352,0.0160389949740273,1.0,1.0
0.3738095971020527,0.0203718679396082,1.0,1.0
0.3706802999602444,0.0254268863994523,1.0,1.0
0.3673102876536816,0.0292783290355242,1.0,1.0
0.3617738388643284,0.03120405035356,1.0,1.0
0.3545523839216939,0.0321669110125779,1.0,1.0
0.3516638019446401,0.0352962081543862,1.0,1.0
0.3516638019446401,0.040110511449476,1.0,1.0
0.3523859474389035,0.0437212389207932,1.0,1.0
0.3509416564503766,0.0494984028749009,1.0,1.0
0.3509416564503766,0.0545534213347451,1.0,1.0
0.350700941285622,0.0574420033117989,1.0,1.0
0.3564781052397297,0.0610527307831162,1.0,1.0
0.3535895232626759,0.065867034078206,1.0,1.0
0.3514230867798856,0.0721256283618226,1.0,1.0
0.3468494986495503,0.0735699193503494,1.0,1.0
0.3420351953544606,0.0747734951741218,1.0,1.0
0.3391466133774068,0.0805506591282295,1.0,1.0
0.3391466133774068,0.0875313989061097,1.0,1.0
0.3403501892011792,0.0937899931897262,1.0,1.0
0.3420351953544606,0.1005300178028518,1.0,1.0
0.3422759105192151,0.1048628907684326,1.0,1.0
0.3379430375536344,0.1118436305463127,1.0,1.0
0.3331287342585446,0.1185836551594383,1.0,1.0
0.3316844432700178,0.1236386736192825,1.0,1.0
0.335295170741335,0.1246015342783004,1.0,1.0
0.3403501892011792,0.1274901162553542,1.0,1.0
0.343238771178233,0.1332672802094619,1.0,1.0
0.3389058982126523,0.138322298669306,1.0,1.0
0.3425166256839696,0.140248019987342,1.0,1.0
0.3449237773315144,0.1448216081176772,1.0,1.0
0.3482937896380773,0.1484323355889945,1.0,1.0
0.3528673777684125,0.1496359114127669,1.0,1.0
0.3576816810635022,0.1496359114127669,1.0,1.0
0.3646624208413823,0.1496359114127669,1.0,1.0
0.3675510028184361,0.1537280692135932,1.0,1.0
0.3646624208413823,0.1590238028381919,1.0,1.0
0.3598481175462925,0.1619123848152457,1.0,1.0
0.3576816810635022,0.1669674032750899,1.0,1.0
0.3547930990864484,0.1713002762406706,1.0,1.0
0.3533488080979214,0.1761145795357603,1.0,1.0
0.3540709535921848,0.1799660221718321,1.0,1.0
0.3586445417225201,0.1833360344783949,1.0,1.0
0.3622552691938374,0.1862246164554487,1.0,1.0
0.3675510028184361,0.1886317681029936,1.0,1.0
0.3728467364430348,0.1891131984325026,1.0,1.0
0.3783831852323879,0.1888724832677481,1.0,1.0
0.3810310520446873,0.1888724832677481,1.0,1.0
0.3851232098455135,0.1888724832677481,1.0,1.0
0.3913818041291302,0.1876689074439756,1.0,1.0
0.3961961074242198,0.1879096226087302,1.0,1.0
0.3981218287422557,0.1910389197505384,1.0,1.0
0.4012511258840641,0.196816083704646,1.0,1.0
0.4038989926963634,0.1987418050226819,1.0,1.0
0.4077504353324352,0.2001860960112088,1.0,1.0
0.4106871632808574,0.1980196595284186,1.0,1.0
0.416945757564474,0.1956125078808737,1.0,1.0
0.4210379153653003,0.1980196595284186,1.0,1.0
0.4258522186603901,0.2021118173292448,1.0,1.0
0.4304258067907253,0.2042782538120351,1.0,1.0
0.4369251162390963,0.2052411144710531,1.0,1.0
0.4434244256874675,0.2047596841415441,1.0,1.0
0.4482387289825572,0.2016303869997358,1.0,1.0
0.4484794441473117,0.1958532230456281,1.0,1.0
0.4554601839251918,0.1939275017275922,1.0,1.0
0.4631630691973353,0.1948903623866102,1.0,1.0
0.4706252393047244,0.1932053562333288,1.0,1.0
0.4761616880940775,0.1920017804095564,1.0,1.0
0.4814574217186762,0.1886317681029936,1.0,1.0
0.4869938705080294,0.1910389197505384,1.0,1.0
0.492289604132628,0.1941682168923467,1.0,1.0
0.4939746102859095,0.1980196595284186,1.0,1.0
0.4978260529219812,0.2011489566702269,1.0,1.0
0.5048067926998613,0.2016303869997358,1.0,1.0
0.509621095994951,0.2030746779882627,1.0,1.0
0.5161204054433222,0.2030746779882627,1.0,1.0
0.5247861513744836,0.2054818296358076,1.0,1.0
0.5293597395048188,0.2090925571071248,1.0,1.0
0.5334518973056451,0.215110436225987,1.0,1.0
0.5322483214818727,0.2177583030382864,1.0,1.0
0.5303226001638368,0.2242576124866575,1.0,1.0
0.5281561636810465,0.2295533461112561,1.0,1.0
0.5250268665392381,0.2305162067702741,1.0,1.0
0.5218975693974298,0.2353305100653638,1.0,1.0
0.5199718480793939,0.2411076740194714,1.0,1.0
0.5173239812670946,0.2459219773145612,1.0,1.0
0.517564696431849,0.2507362806096509,1.0,1.0
0.5158796902785676,0.2562727293990041,1.0,1.0
0.5115468173129869,0.2581984507170399,1.0,1.0
0.5088989505006876,0.2608463175293393,1.0,1.0
0.5048067926998613,0.2560320142342496,1.0,1.0
0.5004739197342806,0.2536248625867047,1.0,1.0
0.4968631922629632,0.2500141351153874,1.0,1.0
0.4913267434736101,0.2478476986325971,1.0,1.0
0.4874753008375384,0.2459219773145612,1.0,1.0
0.4816981368834307,0.2442369711612797,1.0,1.0
0.4780874094121134,0.2459219773145612,1.0,1.0
0.4809759913891672,0.2476069834678425,1.0,1.0
0.4879567311670473,0.249291989621124,1.0,1.0
0.4925303192973825,0.2512177109391599,1.0,1.0
0.4959003316039453,0.2526620019276868,1.0,1.0
0.4990296287457537,0.2555505839047406,1.0,1.0
0.4999924894047716,0.2589205962113034,1.0,1.0
0.501677495558053,0.2634941843416386,1.0,1.0
0.5074546595121607,0.2671049118129558,1.0,1.0
0.5139539689605318,0.2690306331309918,1.0,1.0
0.5182868419261125,0.2719192151080456,1.0,1.0
0.5221382845621843,0.276252102765714,1.0,1.0
0.5226197148916932,0.2820292667198216,1.0,1.0
0.5250268665392381,0.2875657155091749,1.0,1.0
0.5293597395048188,0.2904542974862287,1.0,1.0
0.5351369034589265,0.2921393036395101,1.0,1.0
0.5411547825777887,0.2923800188042646,1.0,1.0
0.5464505162023874,0.2911764429804921,1.0,1.0
0.5519869649917405,0.2873250003444204,1.0,1.0
0.5560791227925668,0.2834735577083486,1.0,1.0
0.5608934260876565,0.2808256908960493,1.0,1.0
0.566237290991536,0.2784185392485044,1.0,1.0
0.5734587459341705,0.2774556785894865,1.0,1.0
0.5804394857120506,0.2786592544132589,1.0,1.0
0.5850130738423858,0.2837142728731031,1.0,1.0
0.5893459468079665,0.2858807093558934,1.0,1.0
0.5893459468079665,0.2817885515550672,1.0,1.0
0.5866980799956673,0.2774556785894865,1.0,1.0
0.5888645164784575,0.2743263814476781,1.0,1.0
0.5936788197735473,0.2767335330952231,1.0,1.0
0.5970488320801101,0.2805849757312947,1.0,1.0
0.6004188443866729,0.2820292667198216,1.0,1.0
0.6009002747161818,0.2786592544132589,1.0,1.0
0.598974553398146,0.2721599449648878,1.0,1.0
0.5996966988924094,0.2699935084820974,1.0,1.0
0.606918153835044,0.2829921273788396,1.0,1.0
0.6093253054825888,0.2834735577083486,1.0,1.0
0.6088438751530798,0.2805849757312947,1.0,1.0
0.6037888566932356,0.2695120781525885,1.0,1.0
0.607881014494062,0.2661420658460257,1.0,1.0
0.6129360329539061,0.2716785146353788,1.0,1.0
0.615343184601451,0.2748078117771871,1.0,1.0
0.6199167727317862,0.2779371089189955,1.0,1.0
0.62280535470884,0.2813071212255583,1.0,1.0
0.6266567973449118,0.2866028548501569,1.0,1.0
0.632193246134265,0.2878064306739293,1.0,1.0
0.6372482645941091,0.2875657155091749,1.0,1.0
0.6408589920654264,0.2870842851796659,1.0,1.0
0.6483211621728154,0.2839549880378576,1.0,1.0
0.6557833322802045,0.2834735577083486,1.0,1.0
0.6579497687629949,0.2890100064977018,1.0,1.0
0.6579497687629949,0.2967128917698454,1.0,1.0
0.6625233568933301,0.2981571827583723,1.0,1.0
0.6656526540351385,0.2911764429804921,1.0,1.0
0.6692633815064557,0.293102164298528,1.0,1.0
0.6714298179892462,0.2969536069345998,1.0,1.0
0.6716705331540006,0.3005643344059171,1.0,1.0
0.6714298179892462,0.3046564922067434,1.0,1.0
0.6726333938130186,0.3080265045133061,1.0,1.0
0.6762441212843358,0.3075450741837972,1.0,1.0
0.6779291274376172,0.3058600680305158,1.0,1.0
0.6820212852384434,0.3017679102296895,1.0,1.0
0.6839470065564793,0.2979164675936177,1.0,1.0
0.6856320127097608,0.3027307708887075,1.0,1.0
0.6870763036982876,0.3082672196780606,1.0,1.0
0.6870763036982876,0.3135629533026594,1.0,1.0
0.6935756131466588,0.3140443836321682,1.0,1.0
0.700989651974767,0.3152479594559407,1.0,1.0
0.7086925372469106,0.318858686927258,1.0,1.0
0.7130254102124913,0.3219879840690663,1.0,1.0
0.7214504409788983,0.3248765660461201,1.0,1.0
0.7281904655920239,0.328728008682192,1.0,1.0
0.7363747811936765,0.3277651480231739,1.0,1.0
0.7414297996535206,0.3347458878010541,1.0,1.0
0.7450405271248379,0.3422080579084431,1.0,1.0
0.7510584062437001,0.3463002157092694,1.0,1.0
0.7541877033855083,0.3448559247207424,1.0,1.0
0.7556319943740354,0.3306537300002278,1.0,1.0
0.7568355701978078,0.3203029779157849,1.0,1.0
0.7573170005273168,0.3073043590190427,1.0,1.0
0.7580391460215802,0.2974350372641088,1.0,1.0
0.7573170005273168,0.2873250003444204,1.0,1.0
0.767427037447005,0.2837142728731031,1.0,1.0
0.7782592198609569,0.2866028548501569,1.0,1.0
0.7864435354626095,0.2916578733100011,1.0,1.0
0.7958314268880344,0.2996014737468992,1.0,1.0
0.8020900211716511,0.3065822135247792,1.0,1.0
0.8075302074024427,0.31091508649036,1.0,1.0
0.8133073713565504,0.3181365414329946,1.0,1.0
0.8193252504754126,0.3239137053871022,1.0,1.0
0.8289538570655919,0.3318573058240002,1.0,1.0
0.8356938816787175,0.3369123242838445,1.0,1.0
0.8446003427746335,0.343170918567461,1.0,1.0
0.8496553612344777,0.3479852218625507,1.0,1.0
0.8551918100238308,0.3532809554871495,1.0,1.0
0.8592839678246572,0.3588174042765026,1.0,1.0
0.8626539801312199,0.3629095620773288,1.0,1.0
0.8669868530968007,0.3556881071346943,1.0,1.0
0.8674682834263097,0.3482259370273053,1.0,1.0
0.8737268777099263,0.3438930640617246,1.0,1.0
0.8807076174878063,0.343170918567461,1.0,1.0
0.886484781441914,0.344133779226479,1.0,1.0
0.8930322221695659,0.3448559247207424,1.0,1.0
0.9002536771122005,0.3463002157092694,1.0,1.0
0.908919423043362,0.3479852218625507,1.0,1.0
0.914937302162224,0.3489480825215688,1.0,1.0
0.925576900690702,0.353040240322395,1.0,1.0
0.9315947798095644,0.3578545436174847,1.0,1.0
0.9409826712349892,0.36242813174782,1.0,1.0
0.947241265518606,0.3694088715257,1.0,1.0
0.9534998598022224,0.3739824596560352,1.0,1.0
0.9573513024382942,0.3795189084453884,1.0,1.0
0.9592770237563302,0.3845739269052325,1.0,1.0
0.9669799090284736,0.3816853449281788,1.0,1.0
0.9705906364997908,0.3790374781158794,1.0,1.0
0.9754049397948806,0.3775931871273525,1.0,1.0
0.9814228189137428,0.3833703510814601,1.0,1.0
0.9857556918793235,0.3929989576716396,1.0,1.0
0.986959267703096,0.4016647036028011,1.0,1.0
0.9898478496801498,0.4069604372273998,1.0,1.0
0.9886442738563772,0.4158668983233157,1.0,1.0
0.980941388584234,0.419959056124142,1.0,1.0
0.9744420791358628,0.4218847774421779,1.0,1.0
0.9722756426530724,0.4283840868905489,1.0,1.0
0.9674613393579826,0.4315133840323573,1.0,1.0
0.963128466392402,0.4312726688676028,1.0,1.0
0.960239884415348,0.4389755467937025,1.0,1.0
0.9571105872735396,0.446197001736337,1.0,1.0
0.9510927081546776,0.4529370263494626,1.0,1.0
0.9457969745300788,0.4584734751388158,1.0,1.0
0.9419455318940072,0.4637692087634146,1.0,1.0
0.9361683679398995,0.4673799362347318,1.0,1.0
0.9301504888210372,0.4700278030470311,1.0,1.0
0.9248547551964388,0.4673799362347318,1.0,1.0
0.9226883187136484,0.4620842026101331,1.0,1.0
0.9193183064070856,0.4579920448093068,1.0,1.0
0.9159482941005228,0.4541406021732351,1.0,1.0
0.9123375666292054,0.4505298747019178,1.0,1.0
0.910171130146415,0.4447527107478102,1.0,1.0
0.9039125358627984,0.4421048439355108,1.0,1.0
0.8976539415791818,0.4423455591002652,1.0,1.0
0.8938024989431101,0.4418641287707563,1.0,1.0
0.8909139169660562,0.4365683951461576,1.0,1.0
0.8875439046594935,0.4356055344871397,1.0,1.0
0.8860996136709665,0.4447527107478102,1.0,1.0
0.8860996136709665,0.4524555960199536,1.0,1.0
0.8851367530119485,0.4611213419511152,1.0,1.0
0.887303189494739,0.4683427968937497,1.0,1.0
0.8889881956480203,0.4755642518363843,1.0,1.0
0.8889881956480203,0.4818228461200009,1.0,1.0
0.8906732018013017,0.4900071617216535,1.0,1.0
0.8870624743299845,0.4948214650167431,1.0,1.0
0.8788781587283319,0.4933771740282163,1.0,1.0
0.8706938431266794,0.4876000100741086,1.0,1.0
0.8634242569047641,0.4839892862758132,1.0,1.0
0.856924947456393,0.4837485711110587,1.0,1.0
0.8497034925137584,0.4837485711110587,1.0,1.0
0.8429634679006328,0.4839892862758132,1.0,1.0
0.8444077588891598,0.4904885957241844,1.0,1.0
0.841519176912106,0.4955436141840286,1.0,1.0
0.842000607241615,0.5008393478086273,1.0,1.0
0.8439263285596508,0.50420936011519,1.0,1.0
0.8463334802071957,0.5102272392340521,1.0,1.0
0.8475370560309681,0.5164858335176687,1.0,1.0
0.8463334802071957,0.5222629974717764,1.0,1.0
0.841037746582597,0.5261144401078482,1.0,1.0
0.8316498551571719,0.5270773007668662,1.0,1.0
0.8229841092260105,0.5287623069201476,1.0,1.0
0.8145590784596036,0.5292437372496566,1.0,1.0
0.8046897567046696,0.529484452414411,1.0,1.0
0.7957832956087537,0.530447313073429,1.0,1.0
0.7851918283595563,0.529484452414411,1.0,1.0
0.7813403857234845,0.5251515794488303,1.0,1.0
0.7758039369341314,0.5174486941766867,1.0,1.0
0.7712303488037962,0.5104679543988067,1.0,1.0
0.7688231971562514,0.5032464994561721,1.0,1.0
0.7678603364972334,0.4945807535250106,1.0,1.0
0.7668974758382153,0.486877868252867,1.0,1.0
0.7659346151791974,0.478934267815969,1.0,1.0
0.7637681786964071,0.4707499522143165,1.0,1.0
0.7594353057308263,0.4683428005667716,1.0,1.0
0.7538988569414731,0.4721942432028435,1.0,1.0
0.7514917052939283,0.4806192739692504,1.0,1.0
0.7457145413398206,0.4835078559463043,1.0,1.0
0.7428259593627669,0.4914514563832022,1.0,1.0
0.74138166837424,0.4989136264905913,1.0,1.0
0.739937377385713,0.5039686449504355,1.0,1.0
0.7351230740906234,0.5058943662684714,1.0,1.0
0.7293459101365156,0.5107086695635611,1.0,1.0
0.7269387584889707,0.5179301245061957,1.0,1.0
0.7206801348211788,0.5224555703381843,1.0,1.0
0.7108108130662448,0.5243812916562203,1.0,1.0
0.7038300732883648,0.5263070129742562,1.0,1.0
0.6987750548285205,0.5332877527521362,1.0,1.0
0.6946828970276944,0.5378613408824715,1.0,1.0
0.6905907392268681,0.5424349290128067,1.0,1.0
0.6843321449432515,0.5443606503308427,1.0,1.0
0.6809621326366886,0.5484528081316689,1.0,1.0
0.6797585568129162,0.554470687250531,1.0,1.0
0.6754256838473355,0.5595257057103752,1.0,1.0
0.6725371018702816,0.562895718016938,1.0,1.0
0.668204228904701,0.5645807241702194,1.0,1.0
0.6648342165981381,0.5681914516415366,1.0,1.0
0.6576127616555035,0.5677100213120276,1.0,1.0
0.6530391735251683,0.563858578675956,1.0,1.0
0.6501505915481145,0.5573592692275848,1.0,1.0
0.6482248702300786,0.5506192446144592,1.0,1.0
0.6484655853948331,0.5453235109898605,1.0,1.0
0.6455770034177792,0.5393056318709984,1.0,1.0
0.642447706275971,0.5378613408824715,1.0,1.0
0.6361891119923544,0.5409906380242798,1.0,1.0
0.6316155238620191,0.5446013654955971,1.0,1.0
0.6263197902374205,0.5429163593423157,1.0,1.0
0.6210240566128217,0.5407499228595253,1.0,1.0
0.6166911836472411,0.5381020560472259,1.0,1.0
0.6133211713406782,0.5330470375873818,1.0,1.0
0.608266152880834,0.5313620314341004,1.0,1.0
0.6051368557390256,0.5337691830816452,1.0,1.0
0.6089882983750975,0.5397870622005074,1.0,1.0
0.6133211713406782,0.5446013654955971,1.0,1.0
0.6138026016701872,0.5515821052734772,1.0,1.0
0.6104325893636244,0.5566371237333214,1.0,1.0
0.609229013539852,0.5616921421931655,1.0,1.0
0.6048961405742712,0.5657842999939918,1.0,1.0
0.6022482737619718,0.5677100213120276,1.0,1.0
0.6020075585972173,0.5722836094423629,1.0,1.0
0.5971932553021277,0.5754129065841712,1.0,1.0
0.5916568065127745,0.5785422037259795,1.0,1.0
0.5861203577234213,0.5809493553735244,1.0,1.0
0.5805839089340682,0.5831157918563148,1.0,1.0
0.5779360421217689,0.5773386279022071,1.0,1.0
0.5767324662979965,0.571320748783345,1.0,1.0
0.574084599485697,0.5662657303235008,1.0,1.0
0.5690295810258528,0.562895718016938,1.0,1.0
0.5644559928955176,0.5648214393349739,1.0,1.0
0.5598824047651824,0.5686728819710456,1.0,1.0
0.5555495317996016,0.5720428942776085,1.0,1.0
0.5521795194930389,0.5773386279022071,1.0,1.0
0.5495316526807394,0.5783014885612251,1.0,1.0
0.5437544887266319,0.5804679250440155,1.0,1.0
0.5365330337839973,0.5840786525153328,1.0,1.0
0.532103898259855,0.5874486648218955,1.0,1.0
0.5268081646352564,0.5934665439407576,1.0,1.0
0.5215124310106577,0.5965958410825659,1.0,1.0
0.5183831338688494,0.603095150530937,1.0,1.0
0.516698127715568,0.6088723144850446,1.0,1.0
0.5101988182671969,0.6148901936039067,1.0,1.0
0.5061066604663707,0.6134459026153799,1.0,1.0
0.5005702116770174,0.6103166054735717,1.0,1.0
0.4996073510179994,0.6016508595424102,1.0,1.0
0.4957559083819277,0.5990029927301108,1.0,1.0
0.4928673264048739,0.6009287140481466,1.0,1.0
0.4919044657458559,0.5949108349292845,1.0,1.0
0.4921451809106104,0.589133670975177,1.0,1.0
0.4957559083819277,0.5821529311972968,1.0,1.0
0.4947930477229098,0.5783014885612251,1.0,1.0
0.4928673264048739,0.5734871852661353,1.0,1.0
0.4911823202515925,0.5684803100228931,1.0,1.0
0.490941605086838,0.5622217157392765,1.0,1.0
0.4880530231097842,0.5569259821146778,1.0,1.0
0.4870901624507663,0.5504266726663067,1.0,1.0
0.4928673264048739,0.5463345148654806,1.0,1.0
0.4976816296999636,0.5434459328884266,1.0,1.0
0.5017737875007899,0.5383909144285824,1.0,1.0
0.5053845149721071,0.5314101746507024,1.0,1.0
0.5077916666196519,0.5239480045433133,1.0,1.0
0.762372018987161,0.462373063746256,1.0,2.0
0.7602055825043705,0.4582809059454298,1.0,2.0
0.759964867339616,0.453948032979849,1.0,2.0
0.7628534493166699,0.4498558751790227,1.0,2.0
0.7640570251404424,0.4541887481446035,1.0,2.0
0.7647791706347058,0.4585216211101843,1.0,2.0
0.5109690950407411,0.5169672638471777,1.0,0.0
0.5051919310866334,0.5174486941766867,1.0,0.0
0.5006183429562981,0.5198558458242316,1.0,0.0
0.4953226093316995,0.522022282307022,1.0,0.0
0.4907490212013642,0.5241887187898123,1.0,0.0
0.4847311420825022,0.5246701491193213,1.0,0.0
0.478231832634131,0.5222629974717764,1.0,0.0
0.4734175293390413,0.5205779913184951,1.0,0.0
0.4666775047259157,0.5172079790119323,1.0,0.0
0.4621039165955805,0.512634390881597,1.0,0.0
0.4565674678062273,0.5087829482455253,1.0,0.0
0.4531974554996645,0.5022836387971542,1.0,0.0
0.4488645825340838,0.496747190007801,1.0,0.0
0.445494570227521,0.4914514563832022,1.0,0.0
0.4430874185799761,0.4863964379233581,1.0,0.0
0.4406802669324313,0.4827857104520408,1.0,0.0
0.4356252484725871,0.478934267815969,1.0,0.0
0.4334588119897967,0.4738792493561248,1.0,0.0
0.4329773816602877,0.4683427968937497,1.0,0.0
0.4329773816602877,0.4625656329396421,1.0,0.0
0.4300887996832339,0.4570291841502889,1.0,0.0
0.4296073693537249,0.4524555960199536,1.0,0.0
0.4305702300127428,0.447159862395355,1.0,0.0
0.4315330906717608,0.4426825662077566,1.0,0.0
0.4293666541889704,0.4373868325831579,1.0,0.0
0.428163078365198,0.4319466683904979,1.0,0.0
0.4252744963881442,0.428095225754426,1.0,0.0
0.4250337812233897,0.4194294798232645,1.0,0.0
0.4252744963881442,0.4122080248806299,1.0,0.0
0.4209416234225634,0.4069122912560313,1.0,0.0
0.4190159021045276,0.4006536969724146,1.0,0.0
0.4170901807864917,0.3933840960584117,1.0,0.0
0.4173308959512462,0.3859219259510226,1.0,0.0
0.4139608836446833,0.3811076226559329,1.0,0.0
0.411794447161893,0.3748490283723162,1.0,0.0
0.410831586502875,0.3693125795829631,1.0,0.0
0.4098687258438571,0.3625725549698376,1.0,0.0
0.4098687258438571,0.3534253787091672,1.0,0.0
0.4091465803495936,0.3457224934370236,1.0,0.0
0.4058246993223116,0.3411007593353199,1.0,0.0
0.4014918263567308,0.3372493166992481,1.0,0.0
0.4005289656977129,0.3324350134041584,1.0,0.0
0.3945110865788508,0.3324350134041584,1.0,0.0
0.3901782136132701,0.3331571588984218,1.0,0.0
0.3856046254829348,0.3355643105459667,1.0,0.0
0.3807903221878451,0.3379714621935116,1.0,0.0
0.3745317279042285,0.3341200195574397,1.0,0.0
0.3699581397738932,0.3300278617566134,1.0,0.0
0.3651438364788035,0.3264171342852963,1.0,0.0
0.356959520877151,0.3256949887910327,1.0,0.0
0.3499787810992709,0.3273799949443142,1.0,0.0
0.3494973507697619,0.3360457408754757,1.0,0.0
0.3511823569230434,0.3439893413123737,1.0,0.0
0.3459829152411816,0.3523180948281315,1.0,0.0
0.3414093271108464,0.3585766891117481,1.0,0.0
0.3380393148042835,0.3641131379011013,1.0,0.0
0.3312992901911579,0.3677238653724186,1.0,0.0
0.3262442717313137,0.3710938776789814,1.0,0.0
0.3197449622829426,0.3735010293265262,1.0,0.0
0.3158935196468708,0.3771117567978435,1.0,0.0
0.3120420770107991,0.384333211740478,1.0,0.0
0.3101163556927632,0.3893882302003223,1.0,0.0
0.3361135934862476,0.4103304421879187,1.0,0.0
0.3339471570034573,0.4185147577895712,1.0,0.0
0.3394836057928104,0.4228476307551519,1.0,0.0
0.3397243209575649,0.4288655098740141,1.0,0.0
0.3418907574403553,0.4339205283338583,1.0,0.0
0.3416500422756008,0.4394569771232114,1.0,0.0
0.3433350484288822,0.4413826984412474,1.0,0.0
0.3430943332641277,0.4507705898666723,1.0,0.0
0.3511342256437626,0.4591474820077548,1.0,0.0
0.3501713649847447,0.4661282217856348,1.0,0.0
0.353300662126553,0.4731089615635149,1.0,0.0
0.3559485289388523,0.4853854349659937,1.0,0.0
0.3557078137740978,0.495495471885682,1.0,0.0
0.3602814019044331,0.5022354964988076,1.0,0.0
0.3641328445405049,0.5096976666061966,1.0,0.0
0.3662992810232952,0.5176412670430948,1.0,0.0
0.360762832233942,0.5270291584685196,1.0,0.0
0.3588371109159061,0.5329988948299076,1.0,0.0
0.3581149654216427,0.542146071090578,1.0,0.0
0.3552263834445889,0.5498489563627215,1.0,0.0
0.3520970863027806,0.5551446899873201,1.0,0.0
0.3465606375134274,0.5582739871291286,1.0,0.0
0.3386170370765294,0.5592368477881464,1.0,0.0
0.3316362972986493,0.5561075506463381,1.0,0.0
0.3260998485092961,0.5546632596578112,1.0,0.0
0.3203226845551885,0.5565889809758472,1.0,0.0
0.3180599561296612,0.5627031488235519,1.0,0.0
0.3185413864591702,0.5737760464022583,1.0,0.0
0.3178192409649067,0.5838860833219467,1.0,0.0
0.3158935196468708,0.5935146899121261,1.0,0.0
0.313004937669817,0.603865441996569,1.0,0.0
0.3089127798689908,0.6103647514449403,1.0,0.0
0.3084313495394818,0.6166233457285567,1.0,0.0
0.3024134704206196,0.6243262310007003,1.0,0.0
0.296154876137003,0.6269740978129996,1.0,0.0
0.2896555666886319,0.6274555281425085,1.0,0.0
0.2812305359222249,0.629621964625299,1.0,0.0
0.2756940871328718,0.6250483764949636,1.0,0.0
0.2706390686730275,0.6262519523187361,1.0,0.0
0.2687133473549917,0.6320291162728439,1.0,0.0
0.2660654805426923,0.6351584134146521,1.0,0.0
0.2636583288951475,0.6411762925335143,1.0,0.0
0.2614918924123571,0.6409355773687597,1.0,0.0
0.2619733227418661,0.6387691408859694,1.0,0.0
0.262936183400884,0.6339548375908796,1.0,0.0
0.2626954682361295,0.6286591039662811,1.0,0.0
0.2607697469180937,0.6255298068244727,1.0,0.0
0.2566775891172674,0.6219190793531555,1.0,0.0
0.2513818554926688,0.6195119277056105,1.0,0.0
0.246567552197579,0.6168640608933113,1.0,0.0
0.2382869519992335,0.611327608430936,1.0,0.0
0.2349169396926707,0.6072354506301098,1.0,0.0
0.230102636397581,0.6024211473350203,1.0,0.0
0.2248069027729823,0.5988104198637029,1.0,0.0
0.219751884313138,0.5956811227218946,1.0,0.0
0.2156597265123118,0.5913482497563137,1.0,0.0
0.2103639928877131,0.5865339464612241,1.0,0.0
0.2069939805811503,0.5819603583308889,1.0,0.0
0.2024203924508151,0.5771460550357991,1.0,0.0
0.1985689498147433,0.5732946123997275,1.0,0.0
0.1932732161901446,0.5679988787751287,1.0,0.0
0.1908660645425998,0.563666005809548,1.0,0.0
0.1913474948721088,0.5595738480087218,1.0,0.0
0.1866294761737121,0.5571666963611769,1.0,0.0
0.1820558880433768,0.5545188295488775,1.0,0.0
0.1762787240892692,0.5528338233955962,1.0,0.0
0.1714644207941795,0.5516302475718237,1.0,0.0
0.1668908326638443,0.5494638110890333,1.0,0.0
0.1678536933228622,0.5444087926291891,1.0,0.0
0.1637615355220359,0.538872343839836,1.0,0.0
0.1596693777212097,0.5347801869572651,1.0,0.0
0.1541329289318565,0.5304473139916844,1.0,0.0
0.1476336194834854,0.5277994471793851,1.0,0.0
0.1394493038818329,0.5263551561908583,1.0,0.0
0.1334314247629708,0.5258737258613493,1.0,0.0
0.128617121467881,0.5297251684974209,1.0,0.0
0.1252471091613183,0.5347801869572651,1.0,0.0
0.1220696697211634,0.5417609267351453,1.0,0.0
0.1167739360965647,0.546575230030235,1.0,0.0
0.111959632801475,0.5509081029958157,1.0,0.0
0.1061824688473674,0.5537966849728696,1.0,0.0
0.1008867352227687,0.555000260796642,1.0,0.0
0.0939059954448886,0.5559631214556598,1.0,0.0
0.0898138376440624,0.5511488181605702,1.0,0.0
0.0852402495137271,0.5501859575015522,1.0,0.0
0.0816295220424098,0.547056660359744,1.0,0.0
0.0780187945710925,0.5422423570646542,1.0,0.0
0.0777780794063381,0.5383909144285824,1.0,0.0
0.079222370394865,0.5335766111334928,1.0,0.0
0.0821109523719188,0.5304473139916844,1.0,0.0
0.0840366736899547,0.5270773016851217,1.0,0.0
0.0804259462186374,0.5220222832252774,1.0,0.0
0.0753709277587932,0.5193744164129781,1.0,0.0
0.06983447896944,0.5167265496006788,1.0,0.0
0.062372308862051,0.5164858344359242,1.0,0.0
0.0568358600726978,0.5107086704818166,1.0,0.0
0.0561137145784344,0.5068572278457448,1.0,0.0
0.0580394358964702,0.5018022093859007,1.0,0.0
0.0592430117202427,0.4979507667498289,1.0,0.0
0.0537065629308895,0.4984321970793379,1.0,0.0
0.0511549770422613,0.505894367186727,1.0,0.0
0.0477849647356985,0.5116715311408345,1.0,0.0
0.0434520917701177,0.5174486950949422,1.0,0.0
0.038637788475028,0.5203372770719961,1.0,0.0
0.0321384790266569,0.5249108652023312,1.0,0.0
0.0258798847430403,0.5251515803670856,1.0,0.0
0.0203434359536871,0.5186522709187146,1.0,0.0
0.0172141388118788,0.513356537294116,1.0,0.0
0.0155291326585974,0.5063757965979804,1.0,0.0
0.013844126505316,0.4993950568201002,1.0,0.0
0.0155291326585974,0.4940993231955016,1.0,0.0
0.0203434359536871,0.4892850199004119,1.0,0.0
0.0249170240840223,0.4837485711110587,1.0,0.0
0.030212757708621,0.4837485711110587,1.0,0.0
0.0321384790266569,0.4774899768274421,1.0,0.0
0.0333420548504293,0.4741199645208793,1.0,0.0
0.0345456306742018,0.4683428005667716,1.0,0.0
0.0362306368274832,0.4623249214479095,1.0,0.0
0.0405635097930639,0.4601584849651192,1.0,0.0
0.0448963827586446,0.4596770546356102,1.0,0.0
0.0499514012184888,0.4582327636470832,1.0,0.0
0.055487850007842,0.4565477574938019,1.0,0.0
0.0595800078086683,0.4538998906815025,1.0,0.0
0.0619871594562131,0.4510113087044487,1.0,0.0
0.063912880774249,0.4466784357388679,1.0,0.0
0.0680050385750753,0.4421048476085326,1.0,0.0
0.0704121902226201,0.4375312594781975,1.0,0.0
0.0749857783529553,0.4370498328217105,1.0,0.0
0.0788372209890271,0.4353648266684291,1.0,0.0
0.0783557906595181,0.4303098082085848,1.0,0.0
0.0793186513185361,0.4262176504077586,1.0,0.0
0.0838922394488713,0.4233290684307048,1.0,0.0
0.0911136943915059,0.4218847774421779,1.0,0.0
0.0925579853800328,0.4173111893118426,1.0,0.0
0.0952058521923321,0.414422599988745,1.0,0.0
0.0985758644988949,0.4122561635059546,1.0,0.0
0.1007423009816853,0.4100897270231642,1.0,0.0
0.1041123132882481,0.4076825753756194,1.0,0.0
0.1067601801005474,0.4050347085633201,1.0,0.0
0.1089266165833378,0.4009425581085376,1.0,0.0
0.1089266165833378,0.3958875396486934,1.0,0.0
0.1089266165833378,0.3901103756945858,1.0,0.0
0.1089266165833378,0.3845739269052325,1.0,0.0
0.1062787497710385,0.3787967629511249,1.0,0.0
0.1026680222997212,0.3754267506445621,1.0,0.0
0.1000201554874219,0.3725381686675084,1.0,0.0
0.0973722886751225,0.368927441196191,1.0,0.0
0.0927987005447873,0.368446010866682,1.0,0.0
0.08918797307347,0.368446010866682,1.0,0.0
0.0850958152726437,0.3674831502076641,1.0,0.0
0.0824479484603444,0.3653167137248738,1.0,0.0
0.0793186513185361,0.3631502772420834,1.0,0.0
0.0783557906595181,0.360020980100275,1.0,0.0
0.0800407968127995,0.3566509677937122,1.0,0.0
0.0826886636250989,0.3549659616404308,1.0,0.0
0.0848551001078893,0.3537623858166584,1.0,0.0
0.0875029669201886,0.3506330886748501,1.0,0.0
0.0865401062611706,0.3467816460387784,1.0,0.0
0.0824479484603444,0.343170918567461,1.0,0.0
0.0795593664832906,0.3417266275789341,1.0,0.0
0.0766707845062367,0.3390787607666348,1.0,0.0
0.080762942307063,0.3359494636248265,1.0,0.0
0.0867808214259251,0.3342644574715451,1.0,0.0
0.0942429915333142,0.3342644574715451,1.0,0.0
0.0995387251579129,0.3373937546133534,1.0,0.0
0.1012237313111943,0.3335423119772817,1.0,0.0
0.1014644464759488,0.3289687238469465,1.0,0.0
0.1002608706521763,0.3234322750575932,1.0,0.0
0.0990572948284039,0.3186179717625035,1.0,0.0
0.0954465673570866,0.3152479594559407,1.0,0.0
0.0913544095562604,0.3135629533026594,1.0,0.0
0.0855772456021527,0.31091508649036,1.0,0.0
0.0826886636250989,0.3070636438542882,1.0,0.0
0.0795593664832906,0.302008625394444,1.0,0.0
0.0759486390119733,0.2988793282526357,1.0,0.0
0.072337911540656,0.2964721766050908,1.0,0.0
0.0677643234103208,0.2964721766050908,1.0,0.0
0.0682457537398297,0.2926207339690191,1.0,0.0
0.0680050385750753,0.2887692913329472,1.0,0.0
0.0682457537398297,0.2853992790263845,1.0,0.0
0.072337911540656,0.2834735577083486,1.0,0.0
0.0771522148357457,0.2832328425435941,1.0,0.0
0.080762942307063,0.2805849757312947,1.0,0.0
0.0834108091193623,0.2776963937542409,1.0,0.0
0.0877436820849431,0.2791406847427678,1.0,0.0
0.0903915488972424,0.2825106970493307,1.0,0.0
0.0944837066980687,0.2837142728731031,1.0,0.0
0.0978537190046315,0.2841957032026121,1.0,0.0
0.1000201554874219,0.2817885515550672,1.0,0.0
0.1038715981234936,0.2791406847427678,1.0,0.0
0.1065194649357929,0.2760113876009595,1.0,0.0
0.1091673317480923,0.2728820904591512,1.0,0.0
0.1122966288899006,0.2709563691411154,1.0,0.0
0.1161480715259724,0.268789932658325,1.0,0.0
0.1190366535030262,0.2680677871640615,1.0,0.0
0.12192523548008,0.2719192298001333,1.0,0.0
0.1252952477866429,0.2745670966124326,1.0,0.0
0.1279431145989422,0.2764928179304686,1.0,0.0
0.1334795633882954,0.2767335330952231,1.0,0.0
0.1394974425071575,0.276252102765714,1.0,0.0
0.1438303154727382,0.2786592544132589,1.0,0.0
0.1491260490973369,0.2793813999075224,1.0,0.0
0.1558660737104625,0.2788999695780134,1.0,0.0
0.1587546556875163,0.2817885515550672,1.0,0.0
0.1587546556875163,0.2767335330952231,1.0,0.0
0.1616432376645702,0.2726413752943967,1.0,0.0
0.1654946803006419,0.2721599449648878,1.0,0.0
0.1695868381014682,0.2724006601296423,1.0,0.0
0.1741604262318034,0.2716785146353788,1.0,0.0
0.1770490118818792,0.2700897857327466,1.0,0.0
0.179456163529424,0.2676826340852017,1.0,0.0
0.1852333274835317,0.2652754824376569,1.0,0.0
0.1893254852843579,0.2679233492499562,1.0,0.0
0.1929362127556752,0.2715340767212735,1.0,0.0
0.1972690857212559,0.2720155070507825,1.0,0.0
0.2028055345106091,0.2729783677098005,1.0,0.0
0.2061755468171719,0.2768298103458722,1.0,0.0
0.2097862742884892,0.2746633738630818,1.0,0.0
0.213637716924561,0.2715340767212735,1.0,0.0
0.2170077292311238,0.2676826340852017,1.0,0.0
0.2174891595606327,0.2623869004606031,1.0,0.0
0.2155634382425968,0.2561283061769865,1.0,0.0
0.2129155714302975,0.2503511422228788,1.0,0.0
0.2117119956065251,0.2445739782687711,1.0,0.0
0.2139747203590304,0.2407706669119801,1.0,0.0
0.2171040175008387,0.2386042304291897,1.0,0.0
0.2161411568418208,0.233308496804591,1.0,0.0
0.2168633023360842,0.2284941935095014,1.0,0.0
0.2190297388188746,0.224883466038184,1.0,0.0
0.2183075933246112,0.2207913082373578,1.0,0.0
0.2161411568418208,0.2164584352717771,1.0,0.0
0.2154190113475573,0.2126069926357053,1.0,0.0
0.2173447326655932,0.2087555499996335,1.0,0.0
0.212289714205749,0.2070705438463521,1.0,0.0
0.2091604170639407,0.2070705438463521,1.0,0.0
0.2055496895926234,0.2101998409881605,1.0,0.0
0.2026611076155696,0.2140512836242322,1.0,0.0
0.1992910953090068,0.2164584352717771,1.0,0.0
0.194958222343426,0.2203098779078488,1.0,0.0
0.1901439190483363,0.2200691627430943,1.0,0.0
0.1850889005884921,0.2193470172488309,1.0,0.0
0.1800338821286479,0.2166991504365315,1.0,0.0
0.1761824394925762,0.2150141442832501,1.0,0.0
0.1723309968565044,0.2164584352717771,1.0,0.0
0.1699238452089596,0.2130884229652143,1.0,0.0
0.1708867058679775,0.2092369803291424,1.0,0.0
0.1735345726802768,0.2053855376930708,1.0,0.0
0.1708867058679775,0.200089804068472,1.0,0.0
0.1742567181745403,0.1952755007733823,1.0,0.0
0.1816707423105609,0.1925795026818022,1.0,0.0
0.1852814697818782,0.1894502055399939,1.0,0.0
0.1884107669236865,0.1827101809268683,1.0,0.0
0.1951507915368121,0.1790994534555511,1.0,0.0
0.2006872403261653,0.1762108714784972,1.0,0.0
0.1980393735138659,0.1701929923596351,1.0,0.0
0.2023722464794467,0.1646565435702819,1.0,0.0
0.2091122710925723,0.1629715374170005,1.0,0.0
0.2107972772458537,0.1569536582981384,1.0,0.0
0.2079086952687998,0.1502136336850127,1.0,0.0
0.2083901255983088,0.146362191048941,1.0,0.0
0.2148894350466799,0.1434736090718872,1.0,0.0
0.2206665990007876,0.1473250517079589,1.0,0.0
0.2259623326253863,0.1518986398382941,1.0,0.0
0.2286101994376856,0.1569536582981384,1.0,0.0
0.2334245027327753,0.163693682911264,1.0,0.0
0.2343873633917932,0.1559907976391204,1.0,0.0
0.2346280785565477,0.1487693426964858,1.0,0.0
0.238238806027865,0.1446771848956596,1.0,0.0
0.2394423818516374,0.1396221664358154,1.0,0.0
0.2440159699819727,0.1352892934702346,1.0,0.0
0.246182406464763,0.1328821418226898,1.0,0.0
0.2418495334991823,0.1290306991866179,1.0,0.0
0.2377573756983561,0.1278271233628455,1.0,0.0
0.2339059330622843,0.1249385413857917,1.0,0.0
0.2288509146024401,0.1261421172095641,1.0,0.0
0.2262030477901407,0.1280678385276001,1.0,0.0
0.2233144658130869,0.1261421172095641,1.0,0.0
0.2201851686712786,0.1234942503972648,1.0,0.0
0.2170558715294703,0.120605668420211,1.0,0.0
0.2153708653761889,0.1155506499603668,1.0,0.0
0.2132044288933985,0.1107363466652771,1.0,0.0
0.212963713728644,0.1064034736996964,1.0,0.0
0.2103158469163447,0.1013484552398522,1.0,0.0
0.2127229985638895,0.0960527216152535,1.0,0.0
0.2182594473532427,0.0943677154619721,1.0,0.0
0.2228330354835779,0.0950898609562355,1.0,0.0
0.2257216174606318,0.0931641396381997,1.0,0.0
0.2295730600967035,0.0914791334849183,1.0,0.0
0.2331837875680208,0.0929234244734451,1.0,0.0
0.2351095088860567,0.0955712912857446,1.0,0.0
0.2358316543803202,0.1008670249103432,1.0,0.0
0.2363130847098291,0.1030334613931336,1.0,0.0
0.2394423818516374,0.0999041642513253,1.0,0.0
0.2428123941582002,0.0962934367800079,1.0,0.0
0.2485895581123079,0.0953305761209901,1.0,0.0
0.2529224310778886,0.0953305761209901,1.0,0.0
0.2574960192082239,0.0938862851324632,1.0,0.0
0.263032467997577,0.0895534121668823,1.0,0.0
0.2685689167869302,0.0847391088717926,1.0,0.0
0.2731425049172654,0.0816098117299843,1.0,0.0
0.2736239352467744,0.0765547932701402,1.0,0.0
0.271938929093493,0.070055483821769,1.0,0.0
0.2760310868943192,0.0652411805266793,1.0,0.0
0.2767532323885827,0.0606675923963441,1.0,0.0
0.2748275110705468,0.0560940042660089,1.0,0.0
0.2801232446951455,0.0527239919594461,1.0,0.0
0.2849375479902352,0.0558532891012543,1.0,0.0
0.2904739967795884,0.0585011559135537,1.0,0.0
0.2909554271090974,0.06259331371438,1.0,0.0
0.296251160733696,0.0606675923963441,1.0,0.0
0.2988990275459954,0.0556125739364999,1.0,0.0
0.2979361668869775,0.0500761251471467,1.0,0.0
0.2995248884435658,0.0451655299093201,1.0,0.0
0.3009691794320928,0.0417955176027573,1.0,0.0
0.3024134704206196,0.0379440749666856,1.0,0.0
0.3033763310796376,0.0338519171658594,1.0,0.0
0.305542767562428,0.0290376138707696,1.0,0.0
0.3103570708575177,0.0261490318937158,1.0,0.0
0.3144492286583439,0.0237418802461709,1.0,0.0
0.3185413864591702,0.0206125831043626,1.0,0.0
0.3216706836009785,0.0186868617863267,1.0,0.0
0.3257628414018048,0.0160389949740273,1.0,0.0
0.3305771446968945,0.0182054314568177,1.0,0.0
0.3351507328272297,0.0162797101387819,1.0,0.0
0.3399650361223194,0.0133911281617281,1.0,0.0
0.3450200545821636,0.0117061220084467,1.0,0.0
0.3512786488657802,0.0100211158551653,1.0,0.0
0.3560929521608699,0.0088175400313929,1.0,0.0
0.3599443947969418,0.0083361097018839,1.0,0.0
0.3621108312797321,0.0102618310199197,1.0,0.0
0.3659622739158039,0.0076139642076204,1.0,0.0
0.3706802999602444,0.0066511035486024,1.0,0.0
0.3750131729258251,0.0076139642076204,1.0,0.0
0.3759760335848431,0.0129096978322191,1.0,0.0
0.376457463914352,0.0160389949740273,1.0,0.0
0.3738095971020527,0.0203718679396082,1.0,0.0
0.3706802999602444,0.0254268863994523,1.0,0.0
0.3673102876536816,0.0292783290355242,1.0,0.0
0.3617738388643284,0.03120405035356,1.0,0.0
0.3545523839216939,0.0321669110125779,1.0,0.0
0.3516638019446401,0.0352962081543862,1.0,0.0
0.3516638019446401,0.040110511449476,1.0,0.0
0.3523859474389035,0.0437212389207932,1.0,0.0
0.3509416564503766,0.0494984028749009,1.0,0.0
0.3509416564503766,0.0545534213347451,1.0,0.0
0.350700941285622,0.0574420033117989,1.0,0.0
0.3564781052397297,0.0610527307831162,1.0,0.0
0.3535895232626759,0.065867034078206,1.0,0.0
0.3514230867798856,0.0721256283618226,1.0,0.0
0.3468494986495503,0.0735699193503494,1.0,0.0
0.3420351953544606,0.0747734951741218,1.0,0.0
0.3391466133774068,0.0805506591282295,1.0,0.0
0.3391466133774068,0.0875313989061097,1.0,0.0
0.3403501892011792,0.0937899931897262,1.0,0.0
0.3420351953544606,0.1005300178028518,1.0,0.0
0.3422759105192151,0.1048628907684326,1.0,0.0
0.3379430375536344,0.1118436305463127,1.0,0.0
0.3331287342585446,0.1185836551594383,1.0,0.0
0.3316844432700178,0.1236386736192825,1.0,0.0
0.335295170741335,0.1246015342783004,1.0,0.0
0.3403501892011792,0.1274901162553542,1.0,0.0
0.343238771178233,0.1332672802094619,1.0,0.0
0.3389058982126523,0.138322298669306,1.0,0.0
0.3425166256839696,0.140248019987342,1.0,0.0
0.3449237773315144,0.1448216081176772,1.0,0.0
0.3482937896380773,0.1484323355889945,1.0,0.0
0.3528673777684125,0.1496359114127669,1.0,0.0
0.3576816810635022,0.1496359114127669,1.0,0.0
0.3646624208413823,0.1496359114127669,1.0,0.0
0.3675510028184361,0.1537280692135932,1.0,0.0
0.3646624208413823,0.1590238028381919,1.0,0.0
0.3598481175462925,0.1619123848152457,1.0,0.0
0.3576816810635022,0.1669674032750899,1.0,0.0
0.3547930990864484,0.1713002762406706,1.0,0.0
0.3533488080979214,0.1761145795357603,1.0,0.0
0.3540709535921848,0.1799660221718321,1.0,0.0
0.3586445417225201,0.1833360344783949,1.0,0.0
0.3622552691938374,0.1862246164554487,1.0,0.0
0.3675510028184361,0.1886317681029936,1.0,0.0
0.3728467364430348,0.1891131984325026,1.0,0.0
0.3783831852323879,0.1888724832677481,1.0,0.0
0.3810310520446873,0.1888724832677481,1.0,0.0
0.3851232098455135,0.1888724832677481,1.0,0.0
0.3913818041291302,0.1876689074439756,1.0,0.0
0.3961961074242198,0.1879096226087302,1.0,0.0
0.3981218287422557,0.1910389197505384,1.0,0.0
0.4012511258840641,0.196816083704646,1.0,0.0
0.4038989926963634,0.1987418050226819,1.0,0.0
0.4077504353324352,0.2001860960112088,1.0,0.0
0.4106871632808574,0.1980196595284186,1.0,0.0
0.416945757564474,0.1956125078808737,1.0,0.0
0.4210379153653003,0.1980196595284186,1.0,0.0
0.4258522186603901,0.2021118173292448,1.0,0.0
0.4304258067907253,0.2042782538120351,1.0,0.0
0.4369251162390963,0.2052411144710531,1.0,0.0
0.4434244256874675,0.2047596841415441,1.0,0.0
0.4482387289825572,0.2016303869997358,1.0,0.0
0.4484794441473117,0.1958532230456281,1.0,0.0
0.4554601839251918,0.1939275017275922,1.0,0.0
0.4631630691973353,0.1948903623866102,1.0,0.0
0.4706252393047244,0.1932053562333288,1.0,0.0
0.4761616880940775,0.1920017804095564,1.0,0.0
0.4814574217186762,0.1886317681029936,1.0,0.0
0.4869938705080294,0.1910389197505384,1.0,0.0
0.492289604132628,0.1941682168923467,1.0,0.0
0.4939746102859095,0.1980196595284186,1.0,0.0
0.4978260529219812,0.2011489566702269,1.0,0.0
0.5048067926998613,0.2016303869997358,1.0,0.0
0.509621095994951,0.2030746779882627,1.0,0.0
0.5161204054433222,0.2030746779882627,1.0,0.0
0.5247861513744836,0.2054818296358076,1.0,0.0
0.5293597395048188,0.2090925571071248,1.0,0.0
0.5334518973056451,0.215110436225987,1.0,0.0
0.5322483214818727,0.2177583030382864,1.0,0.0
0.5303226001638368,0.2242576124866575,1.0,0.0
0.5281561636810465,0.2295533461112561,1.0,0.0
0.5250268665392381,0.2305162067702741,1.0,0.0
0.5218975693974298,0.2353305100653638,1.0,0.0
0.5199718480793939,0.2411076740194714,1.0,0.0
0.5173239812670946,0.2459219773145612,1.0,0.0
0.517564696431849,0.2507362806096509,1.0,0.0
0.5158796902785676,0.2562727293990041,1.0,0.0
0.5115468173129869,0.2581984507170399,1.0,0.0
0.5088989505006876,0.2608463175293393,1.0,0.0
0.5048067926998613,0.2560320142342496,1.0,0.0
0.5004739197342806,0.2536248625867047,1.0,0.0
0.4968631922629632,0.2500141351153874,1.0,0.0
0.4913267434736101,0.2478476986325971,1.0,0.0
0.4874753008375384,0.2459219773145612,1.0,0.0
0.4816981368834307,0.2442369711612797,1.0,0.0
0.4780874094121134,0.2459219773145612,1.0,0.0
0.4809759913891672,0.2476069834678425,1.0,0.0
0.4879567311670473,0.249291989621124,1.0,0.0
0.4925303192973825,0.2512177109391599,1.0,0.0
0.4959003316039453,0.2526620019276868,1.0,0.0
0.4990296287457537,0.2555505839047406,1.0,0.0
0.4999924894047716,0.2589205962113034,1.0,0.0
0.501677495558053,0.2634941843416386,1.0,0.0
0.5074546595121607,0.2671049118129558,1.0,0.0
0.5139539689605318,0.2690306331309918,1.0,0.0
0.5182868419261125,0.2719192151080456,1.0,0.0
0.5221382845621843,0.276252102765714,1.0,0.0
0.5226197148916932,0.2820292667198216,1.0,0.0
0.5250268665392381,0.2875657155091749,1.0,0.0
0.5293597395048188,0.2904542974862287,1.0,0.0
0.5351369034589265,0.2921393036395101,1.0,0.0
0.5411547825777887,0.2923800188042646,1.0,0.0
0.5464505162023874,0.2911764429804921,1.0,0.0
0.5519869649917405,0.2873250003444204,1.0,0.0
0.5560791227925668,0.2834735577083486,1.0,0.0
0.5608934260876565,0.2808256908960493,1.0,0.0
0.566237290991536,0.2784185392485044,1.0,0.0
0.5734587459341705,0.2774556785894865,1.0,0.0
0.5804394857120506,0.2786592544132589,1.0,0.0
0.5850130738423858,0.2837142728731031,1.0,0.0
0.5893459468079665,0.2858807093558934,1.0,0.0
0.5893459468079665,0.2817885515550672,1.0,0.0
0.5866980799956673,0.2774556785894865,1.0,0.0
0.5888645164784575,0.2743263814476781,1.0,0.0
0.5936788197735473,0.2767335330952231,1.0,0.0
0.5970488320801101,0.2805849757312947,1.0,0.0
0.6004188443866729,0.2820292667198216,1.0,0.0
0.6009002747161818,0.2786592544132589,1.0,0.0
0.606918153835044,0.2829921273788396,1.0,0.0
0.6093253054825888,0.2834735577083486,1.0,0.0
0.6088438751530798,0.2805849757312947,1.0,0.0
0.6037888566932356,0.2695120781525885,1.0,0.0
0.607881014494062,0.2661420658460257,1.0,0.0
0.6129360329539061,0.2716785146353788,1.0,0.0
0.615343184601451,0.2748078117771871,1.0,0.0
0.6199167727317862,0.2779371089189955,1.0,0.0
0.62280535470884,0.2813071212255583,1.0,0.0
0.6266567973449118,0.2866028548501569,1.0,0.0
0.632193246134265,0.2878064306739293,1.0,0.0
0.6372482645941091,0.2875657155091749,1.0,0.0
0.6408589920654264,0.2870842851796659,1.0,0.0
0.6483211621728154,0.2839549880378576,1.0,0.0
0.6557833322802045,0.2834735577083486,1.0,0.0
0.6579497687629949,0.2890100064977018,1.0,0.0
0.6579497687629949,0.2967128917698454,1.0,0.0
0.6625233568933301,0.2981571827583723,1.0,0.0
0.6656526540351385,0.2911764429804921,1.0,0.0
0.6692633815064557,0.293102164298528,1.0,0.0
0.6714298179892462,0.2969536069345998,1.0,0.0
0.6716705331540006,0.3005643344059171,1.0,0.0
0.6714298179892462,0.3046564922067434,1.0,0.0
0.6726333938130186,0.3080265045133061,1.0,0.0
0.6762441212843358,0.3075450741837972,1.0,0.0
0.6779291274376172,0.3058600680305158,1.0,0.0
0.6820212852384434,0.3017679102296895,1.0,0.0
0.6839470065564793,0.2979164675936177,1.0,0.0
0.6856320127097608,0.3027307708887075,1.0,0.0
0.6870763036982876,0.3082672196780606,1.0,0.0
0.6870763036982876,0.3135629533026594,1.0,0.0
0.6935756131466588,0.3140443836321682,1.0,0.0
0.700989651974767,0.3152479594559407,1.0,0.0
0.7086925372469106,0.318858686927258,1.0,0.0
0.7130254102124913,0.3219879840690663,1.0,0.0
0.7214504409788983,0.3248765660461201,1.0,0.0
0.7281904655920239,0.328728008682192,1.0,0.0
0.7363747811936765,0.3277651480231739,1.0,0.0
0.7414297996535206,0.3347458878010541,1.0,0.0
0.7450405271248379,0.3422080579084431,1.0,0.0
0.7510584062437001,0.3463002157092694,1.0,0.0
0.7541877033855083,0.3448559247207424,1.0,0.0
0.7556319943740354,0.3306537300002278,1.0,0.0
0.7568355701978078,0.3203029779157849,1.0,0.0
0.7573170005273168,0.3073043590190427,1.0,0.0
0.7580391460215802,0.2974350372641088,1.0,0.0
0.7573170005273168,0.2873250003444204,1.0,0.0
0.767427037447005,0.2837142728731031,1.0,0.0
0.7782592198609569,0.2866028548501569,1.0,0.0
0.7864435354626095,0.2916578733100011,1.0,0.0
0.7958314268880344,0.2996014737468992,1.0,0.0
0.8020900211716511,0.3065822135247792,1.0,0.0
0.8075302074024427,0.31091508649036,1.0,0.0
0.8133073713565504,0.3181365414329946,1.0,0.0
0.8193252504754126,0.3239137053871022,1.0,0.0
0.8289538570655919,0.3318573058240002,1.0,0.0
0.8356938816787175,0.3369123242838445,1.0,0.0
0.8446003427746335,0.343170918567461,1.0,0.0
0.8496553612344777,0.3479852218625507,1.0,0.0
0.8551918100238308,0.3532809554871495,1.0,0.0
0.8592839678246572,0.3588174042765026,1.0,0.0
0.8626539801312199,0.3629095620773288,1.0,0.0
0.8669868530968007,0.3556881071346943,1.0,0.0
0.8674682834263097,0.3482259370273053,1.0,0.0
0.8737268777099263,0.3438930640617246,1.0,0.0
0.8807076174878063,0.343170918567461,1.0,0.0
0.886484781441914,0.344133779226479,1.0,0.0
0.8930322221695659,0.3448559247207424,1.0,0.0
0.9002536771122005,0.3463002157092694,1.0,0.0
0.908919423043362,0.3479852218625507,1.0,0.0
0.914937302162224,0.3489480825215688,1.0,0.0
0.925576900690702,0.353040240322395,1.0,0.0
0.9315947798095644,0.3578545436174847,1.0,0.0
0.9409826712349892,0.36242813174782,1.0,0.0
0.947241265518606,0.3694088715257,1.0,0.0
0.9534998598022224,0.3739824596560352,1.0,0.0
0.9573513024382942,0.3795189084453884,1.0,0.0
0.9592770237563302,0.3845739269052325,1.0,0.0
0.9669799090284736,0.3816853449281788,1.0,0.0
0.9705906364997908,0.3790374781158794,1.0,0.0
0.9754049397948806,0.3775931871273525,1.0,0.0
0.9814228189137428,0.3833703510814601,1.0,0.0
0.9857556918793235,0.3929989576716396,1.0,0.0
0.986959267703096,0.4016647036028011,1.0,0.0
0.9898478496801498,0.4069604372273998,1.0,0.0
0.9886442738563772,0.4158668983233157,1.0,0.0
0.980941388584234,0.419959056124142,1.0,0.0
0.9744420791358628,0.4218847774421779,1.0,0.0
0.9722756426530724,0.4283840868905489,1.0,0.0
0.9674613393579826,0.4315133840323573,1.0,0.0
0.963128466392402,0.4312726688676028,1.0,0.0
0.960239884415348,0.4389755467937025,1.0,0.0
0.9571105872735396,0.446197001736337,1.0,0.0
0.9510927081546776,0.4529370263494626,1.0,0.0
0.9457969745300788,0.4584734751388158,1.0,0.0
0.9419455318940072,0.4637692087634146,1.0,0.0
0.9361683679398995,0.4673799362347318,1.0,0.0
0.9301504888210372,0.4700278030470311,1.0,0.0
0.9248547551964388,0.4673799362347318,1.0,0.0
0.9226883187136484,0.4620842026101331,1.0,0.0
0.9193183064070856,0.4579920448093068,1.0,0.0
0.9159482941005228,0.4541406021732351,1.0,0.0
0.9123375666292054,0.4505298747019178,1.0,0.0
0.910171130146415,0.4447527107478102,1.0,0.0
0.9039125358627984,0.4421048439355108,1.0,0.0
0.8976539415791818,0.4423455591002652,1.0,0.0
0.8938024989431101,0.4418641287707563,1.0,0.0
0.8909139169660562,0.4365683951461576,1.0,0.0
0.8875439046594935,0.4356055344871397,1.0,0.0
0.8860996136709665,0.4447527107478102,1.0,0.0
0.8860996136709665,0.4524555960199536,1.0,0.0
0.8851367530119485,0.4611213419511152,1.0,0.0
0.887303189494739,0.4683427968937497,1.0,0.0
0.8889881956480203,0.4755642518363843,1.0,0.0
0.8889881956480203,0.4818228461200009,1.0,0.0
0.8906732018013017,0.4900071617216535,1.0,0.0
0.8870624743299845,0.4948214650167431,1.0,0.0
0.8788781587283319,0.4933771740282163,1.0,0.0
0.8706938431266794,0.4876000100741086,1.0,0.0
0.8634242569047641,0.4839892862758132,1.0,0.0
0.856924947456393,0.4837485711110587,1.0,0.0
0.8497034925137584,0.4837485711110587,1.0,0.0
0.8429634679006328,0.4839892862758132,1.0,0.0
0.8444077588891598,0.4904885957241844,1.0,0.0
0.841519176912106,0.4955436141840286,1.0,0.0
0.842000607241615,0.5008393478086273,1.0,0.0
0.8439263285596508,0.50420936011519,1.0,0.0
0.8463334802071957,0.5102272392340521,1.0,0.0
0.8475370560309681,0.5164858335176687,1.0,0.0
0.8463334802071957,0.5222629974717764,1.0,0.0
0.841037746582597,0.5261144401078482,1.0,0.0
0.8316498551571719,0.5270773007668662,1.0,0.0
0.8229841092260105,0.5287623069201476,1.0,0.0
0.8145590784596036,0.5292437372496566,1.0,0.0
0.8046897567046696,0.529484452414411,1.0,0.0
0.7957832956087537,0.530447313073429,1.0,0.0
0.7851918283595563,0.529484452414411,1.0,0.0
0.7813403857234845,0.5251515794488303,1.0,0.0
0.7758039369341314,0.5174486941766867,1.0,0.0
0.7712303488037962,0.5104679543988067,1.0,0.0
0.7688231971562514,0.5032464994561721,1.0,0.0
0.7678603364972334,0.4945807535250106,1.0,0.0
0.7668974758382153,0.486877868252867,1.0,0.0
0.7659346151791974,0.478934267815969,1.0,0.0
0.7637681786964071,0.4707499522143165,1.0,0.0
0.7594353057308263,0.4683428005667716,1.0,0.0
0.7538988569414731,0.4721942432028435,1.0,0.0
0.7514917052939283,0.4806192739692504,1.0,0.0
0.7457145413398206,0.4835078559463043,1.0,0.0
0.7428259593627669,0.4914514563832022,1.0,0.0
0.74138166837424,0.4989136264905913,1.0,0.0
0.739937377385713,0.5039686449504355,1.0,0.0
0.7351230740906234,0.5058943662684714,1.0,0.0
0.7293459101365156,0.5107086695635611,1.0,0.0
0.7269387584889707,0.5179301245061957,1.0,0.0
0.7206801348211788,0.5224555703381843,1.0,0.0
0.7108108130662448,0.5243812916562203,1.0,0.0
0.7038300732883648,0.5263070129742562,1.0,0.0
0.6987750548285205,0.5332877527521362,1.0,0.0
0.6946828970276944,0.5378613408824715,1.0,0.0
0.6905907392268681,0.5424349290128067,1.0,0.0
0.6843321449432515,0.5443606503308427,1.0,0.0
0.6809621326366886,0.5484528081316689,1.0,0.0
0.6797585568129162,0.554470687250531,1.0,0.0
0.6754256838473355,0.5595257057103752,1.0,0.0
0.6725371018702816,0.562895718016938,1.0,0.0
0.668204228904701,0.5645807241702194,1.0,0.0
0.6648342165981381,0.5681914516415366,1.0,0.0
0.6576127616555035,0.5677100213120276,1.0,0.0
0.6530391735251683,0.563858578675956,1.0,0.0
0.6501505915481145,0.5573592692275848,1.0,0.0
0.6482248702300786,0.5506192446144592,1.0,0.0
0.6484655853948331,0.5453235109898605,1.0,0.0
0.6455770034177792,0.5393056318709984,1.0,0.0
0.642447706275971,0.5378613408824715,1.0,0.0
0.6361891119923544,0.5409906380242798,1.0,0.0
0.6316155238620191,0.5446013654955971,1.0,0.0
0.6263197902374205,0.5429163593423157,1.0,0.0
0.6210240566128217,0.5407499228595253,1.0,0.0
0.6166911836472411,0.5381020560472259,1.0,0.0
0.6133211713406782,0.5330470375873818,1.0,0.0
0.608266152880834,0.5313620314341004,1.0,0.0
0.6051368557390256,0.5337691830816452,1.0,0.0
0.6089882983750975,0.5397870622005074,1.0,0.0
0.6133211713406782,0.5446013654955971,1.0,0.0
0.6138026016701872,0.5515821052734772,1.0,0.0
0.6104325893636244,0.5566371237333214,1.0,0.0
0.609229013539852,0.5616921421931655,1.0,0.0
0.6048961405742712,0.5657842999939918,1.0,0.0
0.6022482737619718,0.5677100213120276,1.0,0.0
0.6020075585972173,0.5722836094423629,1.0,0.0
0.5971932553021277,0.5754129065841712,1.0,0.0
0.5916568065127745,0.5785422037259795,1.0,0.0
0.5861203577234213,0.5809493553735244,1.0,0.0
0.5805839089340682,0.5831157918563148,1.0,0.0
0.5779360421217689,0.5773386279022071,1.0,0.0
0.5767324662979965,0.571320748783345,1.0,0.0
0.574084599485697,0.5662657303235008,1.0,0.0
0.5690295810258528,0.562895718016938,1.0,0.0
0.5644559928955176,0.5648214393349739,1.0,0.0
0.5598824047651824,0.5686728819710456,1.0,0.0
0.5555495317996016,0.5720428942776085,1.0,0.0
0.5521795194930389,0.5773386279022071,1.0,0.0
0.5495316526807394,0.5783014885612251,1.0,0.0
0.5437544887266319,0.5804679250440155,1.0,0.0
0.5365330337839973,0.5840786525153328,1.0,0.0
0.532103898259855,0.5874486648218955,1.0,0.0
0.5268081646352564,0.5934665439407576,1.0,0.0
0.5215124310106577,0.5965958410825659,1.0,0.0
0.5183831338688494,0.603095150530937,1.0,0.0
0.516698127715568,0.6088723144850446,1.0,0.0
0.5101988182671969,0.6148901936039067,1.0,0.0
0.5061066604663707,0.6134459026153799,1.0,0.0
0.5005702116770174,0.6103166054735717,1.0,0.0
0.4996073510179994,0.6016508595424102,1.0,0.0
0.4957559083819277,0.5990029927301108,1.0,0.0
0.4928673264048739,0.6009287140481466,1.0,0.0
0.4919044657458559,0.5949108349292845,1.0,0.0
0.4921451809106104,0.589133670975177,1.0,0.0
0.4957559083819277,0.5821529311972968,1.0,0.0
0.4947930477229098,0.5783014885612251,1.0,0.0
0.4928673264048739,0.5734871852661353,1.0,0.0
0.4911823202515925,0.5684803100228931,1.0,0.0
0.490941605086838,0.5622217157392765,1.0,0.0
0.4880530231097842,0.5569259821146778,1.0,0.0
0.4870901624507663,0.5504266726663067,1.0,0.0
0.4928673264048739,0.5463345148654806,1.0,0.0
0.4976816296999636,0.5434459328884266,1.0,0.0
0.5017737875007899,0.5383909144285824,1.0,0.0
0.5053845149721071,0.5314101746507024,1.0,0.0
0.5077916666196519,0.5239480045433133,1.0,0.0
0.762372018987161,0.462373063746256,1.0,0.0
0.7602055825043705,0.4582809059454298,1.0,0.0
0.759964867339616,0.453948032979849,1.0,0.0
0.7628534493166699,0.4498558751790227,1.0,0.0
0.7640570251404424,0.4541887481446035,1.0,0.0
0.7647791706347058,0.4585216211101843,1.0,0.0
0.3502853172264471,0.014905400166421678,1.0,0.0
0.35656105104850855,0.014588105429924959,1.0,0.0
0.3655065478738821,0.014429700687167564,1.0,0.0
0.37038565729876155,0.012501756929307948,1.0,0.0
0.3356137195118511,0.02214623699529888,1.0,0.0
0.3406451698608868,0.018958805985835357,1.0,0.0
0.34560744988146064,0.01774006835912426,1.0,0.0
0.35267016620733027,0.019345726229027874,1.0,0.0
0.3582658876802178,0.02133632505587377,1.0,0.0
0.36126134196434817,0.0170970028909347,1.0,0.0
0.36972785506142486,0.01829645362018229,1.0,0.0
0.3204148717536328,0.025918930764114233,1.0,0.0
0.3255061589961075,0.022856447517694937,1.0,0.0
0.3305399023502517,0.024315104957065074,1.0,0.0
0.33678947243515234,0.027488424847453678,1.0,0.0
0.3416729639064161,0.024086562479284594,1.0,0.0
0.34749338768479127,0.02268860529497722,1.0,0.0
0.3532060258508675,0.024786400980685522,1.0,0.0
0.362477567338727,0.025218510917369538,1.0,0.0
0.36552631594786766,0.021307999860627175,1.0,0.0
0.30999670543882674,0.03244284550518707,1.0,0.0
0.315353467332869,0.030331954302645035,1.0,0.0
0.3208093714444933,0.03143168905801346,1.0,0.0
0.3260400902248128,0.02927805890119053,1.0,0.0
0.33173411395066715,0.029641700554416287,1.0,0.0
0.340391649580887,0.03127005215622388,1.0,0.0
0.3447084637827821,0.028304834944510634,1.0,0.0
0.35003424947591044,0.028746618286762338,1.0,0.0
0.3573716046229705,0.027806576257980387,1.0,0.0
0.3690194505785141,0.027324999978572753,1.0,0.0
0.30829205954372646,0.03799279311009314,1.0,0.0
0.31381394954916214,0.03696541597061445,1.0,0.0
0.3187775279349614,0.03662264046680665,1.0,0.0
0.32453559826514294,0.03596341855628554,1.0,0.0
0.3295509881657007,0.0349798701885978,1.0,0.0
0.33540745628653157,0.034176391526939603,1.0,0.0
0.34173951816210396,0.03657065534041683,1.0,0.0
0.3466343848102093,0.03388338613936672,1.0,0.0
0.3065322652738436,0.043409527125098726,1.0,0.0
0.3118262236191311,0.043252372684868215,1.0,0.0
0.31695546757449955,0.04269090861582408,1.0,0.0
0.322133864518933,0.04198637018957925,1.0,0.0
0.32730275975341755,0.04144296996386244,1.0,0.0
0.33229759461635067,0.04018781399952621,1.0,0.0
0.33743609363494936,0.039483656012352826,1.0,0.0
0.3463373521743335,0.04000876885748678,1.0,0.0
0.3042085933411771,0.04817483196908114,1.0,0.0
0.3095937916303069,0.049293324539137935,1.0,0.0
0.3149947691501734,0.04871651481448237,1.0,0.0
0.3203643530326428,0.04814129619197774,1.0,0.0
0.3255988794622486,0.047524400656479705,1.0,0.0
0.33093208475161645,0.046521408428657686,1.0,0.0
0.33621591920859467,0.04533333935888075,1.0,0.0
0.34171207728250763,0.043260073387317265,1.0,0.0
0.30352716555976816,0.05313083254692325,1.0,0.0
0.30794633163241225,0.055178141078545205,1.0,0.0
0.31320799942524546,0.05463554972584045,1.0,0.0
0.3185691537740672,0.05408496798075674,1.0,0.0
0.32404028693435516,0.05360046697072519,1.0,0.0
0.3294540324096327,0.052608607645871684,1.0,0.0
0.3351702233067739,0.051172899225441326,1.0,0.0
0.3409768364640317,0.04912901582307737,1.0,0.0
0.34663727059464716,0.046141828175327915,1.0,0.0
0.2772103472975471,0.05457765393973597,1.0,0.0
0.2829765610440563,0.05457864758623805,1.0,0.0
0.3032973016558106,0.059589494986042484,1.0,0.0
0.3095829009804625,0.060410709362511486,1.0,0.0
0.31550573682884314,0.05998491886660167,1.0,0.0
0.321382239670551,0.059397545717729365,1.0,0.0
0.32736607753141617,0.0588127147461673,1.0,0.0
0.3333722842229549,0.05696995813143762,1.0,0.0
0.3395001636509257,0.05506421241988892,1.0,0.0
0.3453699303056743,0.05249091324553624,1.0,0.0
0.2813693616272164,0.06065396984387365,1.0,0.0
0.28575381742699535,0.06309544005003792,1.0,0.0
0.3001350524733844,0.06435787650394445,1.0,0.0
0.3059384156561686,0.06524157792951164,1.0,0.0
0.3119009518628602,0.0656711518775294,1.0,0.0
0.31754049945513024,0.06529251652551286,1.0,0.0
0.32296139198231233,0.0646457030439707,1.0,0.0
0.3281342013707659,0.06457917204430022,1.0,0.0
0.3329764327292081,0.06258103958095375,1.0,0.0
0.33851741766155713,0.06067907814666632,1.0,0.0
0.3446183894867195,0.0582172601463007,1.0,0.0
0.28079759006654625,0.06714341173607305,1.0,0.0
0.2856252002904636,0.06919690036425696,1.0,0.0
0.29066036488799724,0.06843690232788972,1.0,0.0
0.295960009370033,0.06794924877804628,1.0,0.0
0.30204903151473717,0.07004924288645699,1.0,0.0
0.30821494420077583,0.0707649531987611,1.0,0.0
0.3143196212785693,0.07100257358339958,1.0,0.0
0.3201799161410461,0.07063919581027278,1.0,0.0
0.3258429265381014,0.07024792334671688,1.0,0.0
0.3318420971761009,0.06921264366261975,1.0,0.0
0.3370230402034085,0.06679320277257003,1.0,0.0
0.34309849951000976,0.06384380559212259,1.0,0.0
0.3494157682524847,0.062323096798737015,1.0,0.0
0.27720866938857386,0.0719451782191347,1.0,0.0
0.2821973668748407,0.07402181490885257,1.0,0.0
0.28799314785016134,0.07474134330146974,1.0,0.0
0.29350554048001964,0.0740604360705647,1.0,0.0
0.2989016206025234,0.07456133440640532,1.0,0.0
0.30498178001386766,0.07571696206530466,1.0,0.0
0.31118519584500987,0.0761835923112496,1.0,0.0
0.31740009974655925,0.07622613979067759,1.0,0.0
0.3234636554214574,0.07592643527031379,1.0,0.0
0.32954924058808643,0.07488076311178767,1.0,0.0
0.3358554053401857,0.07345543603743586,1.0,0.0
0.3414467718266353,0.06955589807872656,1.0,0.0
0.34740073984851266,0.06769903023105937,1.0,0.0
0.27876037402209614,0.07884808725777825,1.0,0.0
0.28434907710702795,0.08000675548575312,1.0,0.0
0.29036899416221956,0.08010905944820182,1.0,0.0
0.2960545627242031,0.08008738977198392,1.0,0.0
0.30186625663207955,0.08060637384086584,1.0,0.0
0.3080571024692605,0.08123627719701293,1.0,0.0
0.3143652225007362,0.08144784648244421,1.0,0.0
0.32070077422701254,0.08135302998359363,1.0,0.0
0.32705875788376276,0.08070272532841384,1.0,0.0
0.3331770264014295,0.07917059264550788,1.0,0.0
0.34052240478912116,0.07779907630480071,1.0,0.0
0.27396959023780004,0.08783133925906156,1.0,0.0
0.27968749847018093,0.08471584667071287,1.0,0.0
0.2863984200905502,0.08531729744712414,1.0,0.0
0.2927119936783188,0.08564140800168675,1.0,0.0
0.29876163622505303,0.08588815583758277,1.0,0.0
0.3048669436825761,0.08627547797700967,1.0,0.0
0.31113848589985416,0.0865896615673968,1.0,0.0
0.3174367575039013,0.08663955661493285,1.0,0.0
0.32368302697355383,0.08636316657536373,1.0,0.0
0.32961600542573466,0.08569436165617163,1.0,0.0
0.33473492172237157,0.08450130541918165,1.0,0.0
0.2689893506165046,0.0908274598404757,1.0,0.0
0.2785112719425728,0.09067044368635013,1.0,0.0
0.28394319973511123,0.09038194012536321,1.0,0.0
0.289900132449374,0.09090740343967484,1.0,0.0
0.29592377559029615,0.09125433409022324,1.0,0.0
0.3019598113128856,0.09152371363022418,1.0,0.0
0.30811583010648574,0.09175588214569184,1.0,0.0
0.3144105355899514,0.09186051175890154,1.0,0.0
0.32080852789768743,0.09174327778370793,1.0,0.0
0.32724414396495743,0.09138646874595814,1.0,0.0
0.33363941140436093,0.09068820588000696,1.0,0.0
0.229885222258007,0.09835361628699653,1.0,0.0
0.2634697299076692,0.0951274145143687,1.0,0.0
0.2690547961114984,0.09636182717358947,1.0,0.0
0.27462848629478054,0.0949845907327102,1.0,0.0
0.2809439249461078,0.09613126480817878,1.0,0.0
0.286878741042552,0.09620251583607693,1.0,0.0
0.2929190510243974,0.09658320343876207,1.0,0.0
0.29897629570442924,0.09686779944643069,1.0,0.0
0.30506396679914577,0.09705430306613899,1.0,0.0
0.311215923305775,0.09715064415175505,1.0,0.0
0.31740984618364176,0.09708675485148795,1.0,0.0
0.32358264222424027,0.09690913179366059,1.0,0.0
0.32954777093266335,0.09659010955720505,1.0,0.0
0.33504772450400966,0.0957138095599801,1.0,0.0
0.2157834269310262,0.10069592520508748,1.0,0.0
0.22057213913485083,0.10061106118477188,1.0,0.0
0.22565115147620482,0.10046135734984876,1.0,0.0
0.23034920915567092,0.10449571740943911,1.0,0.0
0.25032492964693576,0.10118391958122394,1.0,0.0
0.2561363386133078,0.10027581239340988,1.0,0.0
0.26128003191975385,0.10023192052217017,1.0,0.0
0.266668297154069,0.10150249152239489,1.0,0.0
0.2727027704989495,0.1012654707967543,1.0,0.0
0.27815710210472183,0.10112480456867284,1.0,0.0
0.2841541853088197,0.10173363923764452,1.0,0.0
0.2900502533427349,0.10193929794668752,1.0,0.0
0.2960395733628499,0.10222926069268239,1.0,0.0
0.30207688815203504,0.10243188590498918,1.0,0.0
0.30814631172294615,0.10253930492392509,1.0,0.0
0.3142322008000664,0.10255549120675786,1.0,0.0
0.32026299878583475,0.10243020495740153,1.0,0.0
0.32622911601381815,0.1023453318636563,1.0,0.0
0.3319015271254571,0.10208975593465487,1.0,0.0
0.3370669386582575,0.10041613218286088,1.0,0.0
0.21876892116467409,0.10622335508463174,1.0,0.0
0.22442839132984543,0.10601380975821774,1.0,0.0
0.23597416771312227,0.10849833537727746,1.0,0.0
0.2416753788936211,0.10635336575899361,1.0,0.0
0.24526945937401046,0.10182624128271082,1.0,0.0
0.25349464794556753,0.10593687793546662,1.0,0.0
0.2589031462098621,0.10612940365193071,1.0,0.0
0.2641557870481641,0.1067303235448049,1.0,0.0
0.2699754909494803,0.10695400588718595,1.0,0.0
0.2756878315260644,0.1069904776148721,1.0,0.0
0.28133765050803217,0.1070626797532694,1.0,0.0
0.287235605421076,0.10744158623121912,1.0,0.0
0.29314358192211837,0.10764048914282183,1.0,0.0
0.29913398079234726,0.10783990553464395,1.0,0.0
0.30518026613620486,0.10796271748277725,1.0,0.0
0.3112692878278119,0.10800533523732896,1.0,0.0
0.31739417556974614,0.10798013921760616,1.0,0.0
0.32352541885522923,0.10777344398313952,1.0,0.0
0.3299106035338914,0.10770453278424427,1.0,0.0
0.33626857739296934,0.106688748668987,1.0,0.0
0.21915609914320858,0.11130603024523955,1.0,0.0
0.22433018966033483,0.1112025228595111,1.0,0.0
0.23006551511089587,0.10966311922541161,1.0,0.0
0.2393447554479323,0.11322752231220726,1.0,0.0
0.24408497282012004,0.11134259693100666,1.0,0.0
0.24835484655693596,0.10755162928823786,1.0,0.0
0.254614168741708,0.11137605240240044,1.0,0.0
0.26057567612989607,0.11210342104207141,1.0,0.0
0.26661329900492314,0.11240424498566333,1.0,0.0
0.2725621029626248,0.1126225187490916,1.0,0.0
0.2784149843307629,0.11273123035738036,1.0,0.0
0.2842379413968222,0.11287230973928948,1.0,0.0
0.2901698805915529,0.11312743606520458,1.0,0.0
0.29612504975010473,0.11328288884709252,1.0,0.0
0.3021335817833338,0.11340622187573098,1.0,0.0
0.30817815053234665,0.11346319162002343,1.0,0.0
0.31424504658873453,0.1134555339322757,1.0,0.0
0.32032438676364533,0.11339508012480849,1.0,0.0
0.3263278133587249,0.11295735470066727,1.0,0.0
0.33254775197515013,0.11290947002594551,1.0,0.0
0.22169085038742603,0.11688500456000693,1.0,0.0
0.22783036477414867,0.11540234926382738,1.0,0.0
0.23357951115119482,0.11421803764540844,1.0,0.0
0.2438577497097793,0.11768982827436944,1.0,0.0
0.2489607548754099,0.11386071904999541,1.0,0.0
0.2534948035366061,0.11709884834692064,1.0,0.0
0.258422624764295,0.1175593053822862,1.0,0.0
0.26393740124022347,0.11788325582874189,1.0,0.0
0.26964016261565865,0.11814082857340956,1.0,0.0
0.27543558205276564,0.11832370805430582,1.0,0.0
0.28126153106856117,0.11845148056974035,1.0,0.0
0.28712761608622533,0.11859544013056461,1.0,0.0
0.29307298901083495,0.11877001289397733,1.0,0.0
0.2990448445980829,0.11888065315260729,1.0,0.0
0.30503552966695413,0.11895616070813335,1.0,0.0
0.3110065248147781,0.11898737137176117,1.0,0.0
0.31690023483266844,0.11898627086224248,1.0,0.0
0.322621172196092,0.118963104930973,1.0,0.0
0.32787117970475455,0.11827437555588524,1.0,0.0
0.22591852391005898,0.120787407802595,1.0,0.0
0.23161599915060455,0.12002274540642761,1.0,0.0
0.23725879223937468,0.11886428242961344,1.0,0.0
0.24048501803628416,0.12263672229443214,1.0,0.0
0.24906009811678306,0.1205339251634218,1.0,0.0
0.2543762007549824,0.12315473696596968,1.0,0.0
0.26026046263563,0.12334573046440633,1.0,0.0
0.2661770370193292,0.1236328088070201,1.0,0.0
0.27209883651039074,0.12384740792163558,1.0,0.0
0.2780332168247521,0.12399976165473064,1.0,0.0
0.28397722466044834,0.12412089522049369,1.0,0.0
0.2899497640843535,0.12424177959394622,1.0,0.0
0.2959689717066682,0.12436082260264911,1.0,0.0
0.302012500820462,0.12443776012475623,1.0,0.0
0.3080777558181398,0.12449036019557894,1.0,0.0
0.31415124030472497,0.12452701255622797,1.0,0.0
0.3202129208966733,0.12457326761974256,1.0,0.0
0.32622883831906285,0.12451485377970406,1.0,0.0
0.24573426789419042,0.12442391835323728,1.0,0.0
0.25026017297751396,0.12769791727178376,1.0,0.0
0.2565341163664139,0.1286736166821463,1.0,0.0
0.2626098885881776,0.12899177109940582,1.0,0.0
0.2686456483005319,0.12927953978017442,1.0,0.0
0.2746754726102436,0.12946909686572164,1.0,0.0
0.2807055207327543,0.1296064000784913,1.0,0.0
0.28674329094688844,0.12971460185422065,1.0,0.0
0.2928040369326799,0.12980824929442983,1.0,0.0
0.2989005500825803,0.1298836752450081,1.0,0.0
0.30503241075674453,0.12992364886791188,1.0,0.0
0.3112185455235433,0.12993742318744672,1.0,0.0
0.31749592691612716,0.12992962297284266,1.0,0.0
0.32395309910738307,0.12985777052250327,1.0,0.0
0.3306489029263679,0.12976719816830762,1.0,0.0
0.33766411980885225,0.1259552194597388,1.0,0.0
0.2440749831137442,0.1310088766217841,1.0,0.0
0.2525802097617152,0.13338888482489075,1.0,0.0
0.25893944799148316,0.13419786194206648,1.0,0.0
0.2651040340727231,0.13460178598613198,1.0,0.0
0.2712355668603959,0.13485888102142635,1.0,0.0
0.2773471378494766,0.13503122634815734,1.0,0.0
0.283450250361043,0.1351544762937274,1.0,0.0
0.289554160564605,0.1352456319645919,1.0,0.0
0.29566926252557907,0.13531153481710892,1.0,0.0
0.30180258031945406,0.13534842836495292,1.0,0.0
0.30795490749577886,0.1353460429518055,1.0,0.0
0.3141337612215714,0.135302709720873,1.0,0.0
0.32034746129815533,0.13519241549819958,1.0,0.0
0.32654917590071963,0.13505216105439058,1.0,0.0
0.33241610449326847,0.13579302448374939,1.0,0.0
0.3367628204019042,0.13238907087819937,1.0,0.0
0.24956616900647133,0.13848600272671016,1.0,0.0
0.2555612977184472,0.13918031453385835,1.0,0.0
0.26166703602385527,0.13985268978110635,1.0,0.0
0.26781340817569493,0.14017850373625684,1.0,0.0
0.2739703703396072,0.14039860172765345,1.0,0.0
0.28012336380478925,0.14055134927859986,1.0,0.0
0.28626933253065173,0.1406603943404657,1.0,0.0
0.2924094291231865,0.14073603851042416,1.0,0.0
0.29854564986531135,0.14078142907944838,1.0,0.0
0.30467601696184515,0.14079403063299298,1.0,0.0
0.3107906087603154,0.14076876677103728,1.0,0.0
0.31687156180727744,0.1407003612671145,1.0,0.0
0.32286352042968375,0.14061186573485218,1.0,0.0
0.32861354185674285,0.14088161176226333,1.0,0.0
0.334477591731011,0.14133911086499415,1.0,0.0
0.23884024884655675,0.14215112505715422,1.0,0.0
0.24546754389640663,0.14239938459741477,1.0,0.0
0.2518162994999194,0.14418335458074694,1.0,0.0
0.2580083126596424,0.14496709808020797,1.0,0.0
0.2642840743992137,0.14542630179466448,1.0,0.0
0.2705348018981363,0.14570193223531058,1.0,0.0
0.2767627177806238,0.14589661272561194,1.0,0.0
0.2829674543479529,0.14603695050528112,1.0,0.0
0.2891516793891447,0.1461374207358077,1.0,0.0
0.29531825019002944,0.1462043617611449,1.0,0.0
0.30146870524196134,0.14624012668394767,1.0,0.0
0.307601460950036,0.14624491668095357,1.0,0.0
0.31371141798568386,0.14621832593454667,1.0,0.0
0.31978689537233274,0.14617945207077784,1.0,0.0
0.3257937375020736,0.14630500410957864,1.0,0.0
0.3319215159846035,0.14644206203547352,1.0,0.0
0.3385424645409108,0.14547433001291551,1.0,0.0
0.21429852682918651,0.14932773717900064,1.0,0.0
0.2203604407307604,0.1526146079440414,1.0,0.0
0.23915302439775216,0.15183267408134596,1.0,0.0
0.24323791982389503,0.14788168012098438,1.0,0.0
0.24872458608795533,0.148920676859674,1.0,0.0
0.2546370220484046,0.15014171038146887,1.0,0.0
0.26085012915161215,0.1505963827518875,1.0,0.0
0.26713791295001715,0.15094121892778414,1.0,0.0
0.27341843182104875,0.15118291485354302,1.0,0.0
0.2796758627264788,0.15136454237277833,1.0,0.0
0.285906077592041,0.1515000865661508,1.0,0.0
0.29211037893640607,0.15159767790124298,1.0,0.0
0.29829098904772333,0.15166159580762492,1.0,0.0
0.30444938330849297,0.15169429092169498,1.0,0.0
0.31058570937714275,0.1516973246075778,1.0,0.0
0.31669743756869323,0.15168055858693724,1.0,0.0
0.32277736742767343,0.15171827943449154,1.0,0.0
0.3289316419170788,0.15172897668413557,1.0,0.0
0.3352949155146737,0.151147876058505,1.0,0.0
0.3414043618155255,0.15057530029231045,1.0,0.0
0.21538927380276748,0.15486717499697528,1.0,0.0
0.2215724633551085,0.1580616034530985,1.0,0.0
0.22727173982938498,0.15439841722774628,1.0,0.0
0.24068790119236375,0.15747928179105203,1.0,0.0
0.245322554036008,0.15409201845571172,1.0,0.0
0.25103535577589603,0.155269162876905,1.0,0.0
0.25735543534582306,0.15577632831327493,1.0,0.0
0.26372019076716485,0.15611908470704464,1.0,0.0
0.2700768217735888,0.1564109875490628,1.0,0.0
0.2763961253930218,0.15663894974477194,1.0,0.0
0.2826772916436236,0.15681741126553445,1.0,0.0
0.2889236521296279,0.15695303618022804,1.0,0.0
0.295139370129452,0.1570509377496763,1.0,0.0
0.30132776857337673,0.15711465104293978,1.0,0.0
0.30749101987364497,0.1571467301649805,1.0,0.0
0.3136295545699157,0.15715269827075692,1.0,0.0
0.3197420720236032,0.1571628357572189,1.0,0.0
0.3258767081292455,0.15712658321481915,1.0,0.0
0.33209238321381024,0.15681948366613602,1.0,0.0
0.3380963696170398,0.15636055349676484,1.0,0.0
0.3436468111350514,0.15718956182090785,1.0,0.0
0.3464224582285516,0.15294831613506552,1.0,0.0
0.350680169724138,0.15593865107631769,1.0,0.0
0.3612011127779589,0.1547685794968876,1.0,0.0
0.2099441426949009,0.16000056740868418,1.0,0.0
0.21653505098329803,0.1608256230208609,1.0,0.0
0.2251443185931536,0.1619919286028605,1.0,0.0
0.2311141077186048,0.1604591298914253,1.0,0.0
0.23390790039629694,0.15982650160309042,1.0,0.0
0.2402375653994067,0.16244305233022502,1.0,0.0
0.2469360155861669,0.16042760096043662,1.0,0.0
0.25367704013433756,0.160801367530379,1.0,0.0
0.2602796902435786,0.16122205755768476,1.0,0.0
0.26675339440134,0.16156538267725287,1.0,0.0
0.273147364335563,0.16185479359723023,1.0,0.0
0.27948087990266274,0.1620856729676957,1.0,0.0
0.2857684684868296,0.16226668491607166,1.0,0.0
0.2920192928879286,0.16240398293054598,1.0,0.0
0.2982394724071503,0.1625024824702766,1.0,0.0
0.304433163902842,0.16256572503775754,1.0,0.0
0.31060317486029165,0.16259756722250962,1.0,0.0
0.3167520975376976,0.16261002214161568,1.0,0.0
0.3229055157134053,0.16257440138683926,1.0,0.0
0.3290900551737009,0.16237819020058855,1.0,0.0
0.3352085318327463,0.16214221141764265,1.0,0.0
0.3410628551313736,0.1622555002695928,1.0,0.0
0.3476412602416431,0.1613757062511776,1.0,0.0
0.3539716938203131,0.16142866831617822,1.0,0.0
0.3561743412074904,0.15592637865347486,1.0,0.0
0.2078024859920605,0.16806872276264828,1.0,0.0
0.21439006931848764,0.16592493199969877,1.0,0.0
0.22087749336729143,0.16541822991886196,1.0,0.0
0.22773104657873666,0.16676921482563845,1.0,0.0
0.23347716977740265,0.16891806975155843,1.0,0.0
0.2391564210027123,0.16767378392202736,1.0,0.0
0.24528830604730578,0.1663417112423723,1.0,0.0
0.2511753564090614,0.16599614100114443,1.0,0.0
0.2574023076180649,0.16633811853872646,1.0,0.0
0.2637304218304857,0.16671352371884274,1.0,0.0
0.2700669742215955,0.16704270991403158,1.0,0.0
0.27638725816368864,0.16732162966131056,1.0,0.0
0.28268124072532913,0.16754722621712395,1.0,0.0
0.28894813993810453,0.16772465848279042,1.0,0.0
0.2951896470640381,0.16785892287020976,1.0,0.0
0.30140810217470904,0.16795409618254542,1.0,0.0
0.3076059707809719,0.16801336828282334,1.0,0.0
0.31378664345533713,0.16804119330265282,1.0,0.0
0.31996533589611026,0.16801964912075634,1.0,0.0
0.3261594729856605,0.16789323748278437,1.0,0.0
0.3323284680495791,0.16769355699991073,1.0,0.0
0.3384562091297537,0.16774254528865273,1.0,0.0
0.3446647440531675,0.16691538630406438,1.0,0.0
0.3511448250498926,0.16634065149658867,1.0,0.0
0.20348434150787337,0.1711711690666199,1.0,0.0
0.2123233073901282,0.17130106153055916,1.0,0.0
0.21847225110654134,0.1708138649649127,1.0,0.0
0.22435889392209352,0.17126161180398808,1.0,0.0
0.23022639981599238,0.17301858414009635,1.0,0.0
0.23708162491871182,0.17345048970647733,1.0,0.0
0.24317857177666885,0.1723041525324112,1.0,0.0
0.24906346866240084,0.17177315710797433,1.0,0.0
0.25495762508456987,0.17171815606900473,1.0,0.0
0.2610330768061242,0.17198692932534626,1.0,0.0
0.2672136923465162,0.17229142609781492,1.0,0.0
0.273444699353183,0.17257564637762926,1.0,0.0
0.2796949426784094,0.1728242060917759,1.0,0.0
0.28594571375481453,0.17303024589358487,1.0,0.0
0.2921879732576795,0.17319419103555175,1.0,0.0
0.2984176552538274,0.17331814779681304,1.0,0.0
0.30463329914966647,0.17340416531904426,1.0,0.0
0.3108354409955457,0.17345347717465376,1.0,0.0
0.31703133192372435,0.17345400475859285,1.0,0.0
0.32323096789446015,0.1733733244768732,1.0,0.0
0.3294242043511985,0.1732192704294918,1.0,0.0
0.33561439461458,0.17306087487381905,1.0,0.0
0.3420475858113028,0.17281459201391786,1.0,0.0
0.34834293797284105,0.17140835291261092,1.0,0.0
0.20805367787931436,0.1750386251836103,1.0,0.0
0.21521482818523172,0.17605253238728719,1.0,0.0
0.22145181828443652,0.1764830041868521,1.0,0.0
0.2273555398542245,0.17751917318854826,1.0,0.0
0.23387281118720674,0.17808718893686362,1.0,0.0
0.2405461473740245,0.17810512699900885,1.0,0.0
0.24658999793251596,0.17758765789666253,1.0,0.0
0.25252183484215907,0.17737376544256192,1.0,0.0
0.25847215341643875,0.1774328409920418,1.0,0.0
0.2645200706533608,0.1776523590387967,1.0,0.0
0.2706432539643082,0.17789878145788765,1.0,0.0
0.27681756744846114,0.17813551308507003,1.0,0.0
0.2830226424691756,0.1783472235854968,1.0,0.0
0.28924252569766934,0.17852605579797381,1.0,0.0
0.29546649705882627,0.1786696972188151,1.0,0.0
0.30168709641079205,0.17877802287855776,1.0,0.0
0.30789798743091423,0.17885125993078788,1.0,0.0
0.31409287618016873,0.17888326612042377,1.0,0.0
0.3202576879245665,0.17885844676804866,1.0,0.0
0.32634937447086776,0.17877902206108906,1.0,0.0
0.3322952246168571,0.17867761885608133,1.0,0.0
0.33803443022089324,0.17839833284382076,1.0,0.0
0.34314487669880805,0.17881661981772934,1.0,0.0
0.3477864684138905,0.17669888740637638,1.0,0.0
0.20050558047721645,0.18231915541008803,1.0,0.0
0.20614051173950065,0.1798968981174322,1.0,0.0
0.21222864185509518,0.180434009349447,1.0,0.0
0.21856112149869725,0.1815345904600859,1.0,0.0
0.224668830153359,0.18240224651771908,1.0,0.0
0.23095965687137543,0.1829531748294045,1.0,0.0
0.2374290776538503,0.18317178034302578,1.0,0.0
0.2438024133717771,0.18325102689109463,1.0,0.0
0.24986080583130876,0.183048339670366,1.0,0.0
0.2558448110521804,0.18300690348434467,1.0,0.0
0.2618439251616814,0.18311411661281085,1.0,0.0
0.26790022352166476,0.18330140561582176,1.0,0.0
0.27400947206593124,0.18350375522865048,1.0,0.0
0.28016230610833026,0.18369824826094408,1.0,0.0
0.28634782575624,0.18387309791680898,1.0,0.0
0.2925557509185081,0.1840214572629028,1.0,0.0
0.2987781991681001,0.18414014704696496,1.0,0.0
0.3050097708279636,0.18422771103715985,1.0,0.0
0.31124769610422665,0.18428064510063832,1.0,0.0
0.3174892255393022,0.1842919637532145,1.0,0.0
0.3237246469533985,0.18426416436765236,1.0,0.0
0.329942337309919,0.18421320937334748,1.0,0.0
0.33615937673284596,0.18405902975364727,1.0,0.0
0.34223917947883853,0.18420944408903667,1.0,0.0
0.34844332864825966,0.18265034608088287,1.0,0.0
0.19054894683494486,0.1869961260995369,1.0,0.0
0.19551798878640692,0.18481660503669803,1.0,0.0
0.2054580144790861,0.1854009631508691,1.0,0.0
0.21104155684951098,0.1854911468381536,1.0,0.0
0.21651131207573837,0.18651572701428387,1.0,0.0
0.2223818308852836,0.18739937333911116,1.0,0.0
0.22840134356118988,0.1880362325203258,1.0,0.0
0.23461575192561623,0.18831112613208492,1.0,0.0
0.24085726109404657,0.1885225078046157,1.0,0.0
0.24705141440752165,0.18862751880223225,1.0,0.0
0.25309774125706225,0.18859271591934051,1.0,0.0
0.2591095489878126,0.18864049727682236,1.0,0.0
0.26513971772106637,0.18876411637692478,1.0,0.0
0.2712109658321929,0.18892548779340235,1.0,0.0
0.2773238872982551,0.18909164754316518,1.0,0.0
0.2834749624127465,0.18924837943814787,1.0,0.0
0.28965873561884015,0.18938726816732346,1.0,0.0
0.2958694809883726,0.18950272291364734,1.0,0.0
0.3021027791878337,0.18959107405080686,1.0,0.0
0.3083565034774436,0.1896483427362744,1.0,0.0
0.3146301563129078,0.18966934587751574,1.0,0.0
0.3209221821332676,0.18965342781429517,1.0,0.0
0.32723372869103173,0.18960511439406194,1.0,0.0
0.3335848879415098,0.1894842868436736,1.0,0.0
0.3399415634829622,0.1894440982717049,1.0,0.0
0.3465844834020337,0.18862141581383243,1.0,0.0
0.352694982675287,0.1866176251407583,1.0,0.0
0.35718610911547827,0.18969557107991297,1.0,0.0
0.18980645173961436,0.1927142625433194,1.0,0.0
0.19537819686793506,0.19078955267693015,1.0,0.0
0.20115753599201391,0.18894798323613665,1.0,0.0
0.2079336414439421,0.19061136881641053,1.0,0.0
0.21377505510484682,0.19166852570517057,1.0,0.0
0.21978004339488655,0.19241862039034355,1.0,0.0
0.22574088946828402,0.19321021023239288,1.0,0.0
0.23187667929691116,0.19354652241134818,1.0,0.0
0.23801508049111464,0.19380934573435588,1.0,0.0
0.24414411439636513,0.19401715765552827,1.0,0.0
0.250250635415051,0.19413076873484844,1.0,0.0
0.2562920776237852,0.1941785061523227,1.0,0.0
0.26232521458574315,0.19426487035425877,1.0,0.0
0.26838011498725384,0.1943863045286987,1.0,0.0
0.27446957098235936,0.19452230708606308,1.0,0.0
0.28059529086497603,0.19465540834246398,1.0,0.0
0.28675617438082907,0.19477655842683553,1.0,0.0
0.29294977670733874,0.1948795668439655,1.0,0.0
0.2991735166147417,0.19495948038365135,1.0,0.0
0.3054259832210537,0.19501143002816784,1.0,0.0
0.3117073461435651,0.19502999204561136,1.0,0.0
0.31801897733649265,0.1950114351466363,1.0,0.0
0.32436683533242405,0.1949525613785435,1.0,0.0
0.3307716561288443,0.19482762086195418,1.0,0.0
0.3372461217057535,0.19466914406164465,1.0,0.0
0.3439639727054064,0.1940714069261335,1.0,0.0
0.35069965619527815,0.19310396917329375,1.0,0.0
0.35655582608093633,0.1948282938510051,1.0,0.0
0.3627951549654308,0.19311237138186169,1.0,0.0
0.3691067721718098,0.19439481936252398,1.0,0.0
0.37549214891242866,0.19458448453968494,1.0,0.0
0.3816667966324491,0.19496271349603192,1.0,0.0
0.38774688705199445,0.19385022117387005,1.0,0.0
0.3933873586920586,0.19412519872438444,1.0,0.0
0.4818489842374667,0.19419518575048772,1.0,0.0
0.17707792073759948,0.20137101139584707,1.0,0.0
0.17977786459620285,0.1969939200353469,1.0,0.0
0.19297996933736103,0.1970682840659073,1.0,0.0
0.19905722983867613,0.1947087134899675,1.0,0.0
0.20491342658516223,0.19472382466257646,1.0,0.0
0.21070044767649695,0.19666123398301977,1.0,0.0
0.21695800012545977,0.1973532904639378,1.0,0.0
0.22287115295044907,0.1983558352506799,1.0,0.0
0.22903471700255218,0.19876925582707833,1.0,0.0
0.235162329662002,0.19910992466331515,1.0,0.0
0.24124283794303447,0.19939483735436417,1.0,0.0
0.2473258727628615,0.19957607301042277,1.0,0.0
0.253396125996461,0.1996945892603781,1.0,0.0
0.25944295612863466,0.19977675474188022,1.0,0.0
0.26549693053685103,0.19987260320354341,1.0,0.0
0.2715753680610462,0.19998064784760178,1.0,0.0
0.27768580920461816,0.20008994065814403,1.0,0.0
0.28382990238423655,0.20019075582249662,1.0,0.0
0.29000750014257387,0.20027692857975118,1.0,0.0
0.2962176982602189,0.2003433804328634,1.0,0.0
0.30245968789017796,0.20038496062229197,1.0,0.0
0.30873328138551737,0.20039602128954728,1.0,0.0
0.31503897970516165,0.20037115064944075,1.0,0.0
0.3213796137130036,0.20030376318861748,1.0,0.0
0.32776397900099885,0.20017514012053436,1.0,0.0
0.33419473361699914,0.19998113333175946,1.0,0.0
0.34071941843642817,0.1995482517096172,1.0,0.0
0.3471398204061475,0.19896427073652276,1.0,0.0
0.35302796470066605,0.1993713397322304,1.0,0.0
0.3597641775251039,0.1993428627967961,1.0,0.0
0.36558066060322225,0.199190075437079,1.0,0.0
0.37193976064798073,0.19979269220576756,1.0,0.0
0.3781746144542707,0.20010557162344947,1.0,0.0
0.3845531450362881,0.19988876784901477,1.0,0.0
0.39038041922086775,0.1996527298961841,1.0,0.0
0.3964566873838064,0.19918820506999724,1.0,0.0
0.4153345881240637,0.20116856174130482,1.0,0.0
0.4535926201738784,0.1995469953349286,1.0,0.0
0.4595563156048899,0.19894721994460265,1.0,0.0
0.4666852398647586,0.19869879464176676,1.0,0.0
0.4728167082036042,0.19831080324232808,1.0,0.0
0.47856988875366613,0.1982767612726744,1.0,0.0
0.48587407190954235,0.19772315105502022,1.0,0.0
0.49000948803283595,0.20094038294472052,1.0,0.0
0.18380502474739888,0.20163215851249675,1.0,0.0
0.1863371278309549,0.19674473736486658,1.0,0.0
0.19715187748457452,0.20034202822265937,1.0,0.0
0.20277541259709078,0.19972161886638443,1.0,0.0
0.20776797706030117,0.20152048115942736,1.0,0.0
0.21412001648050688,0.20213295506797313,1.0,0.0
0.21990291664580375,0.203492331385302,1.0,0.0
0.2261020460147841,0.20392281613746222,1.0,0.0
0.23225563279583877,0.20436260101835332,1.0,0.0
0.23831215602801706,0.20476372518430977,1.0,0.0
0.24437333164193942,0.20500283309339845,1.0,0.0
0.2504343962046213,0.20516563338347332,1.0,0.0
0.2564939484285676,0.20528061724833854,1.0,0.0
0.2625532091818867,0.20536957816776077,1.0,0.0
0.26862937751940685,0.20545792763026755,1.0,0.0
0.27473236758402375,0.20554548945618298,1.0,0.0
0.28086643178413545,0.20562642823204816,1.0,0.0
0.28703261715116946,0.2056948756724622,1.0,0.0
0.2932309246786412,0.20574611006603913,1.0,0.0
0.29946099707132007,0.20577536301256555,1.0,0.0
0.30572243350042483,0.20577734261490643,1.0,0.0
0.3120148591889766,0.2057464629876984,1.0,0.0
0.31833851866537405,0.20567594084026694,1.0,0.0
0.324694999763758,0.20555305633897533,1.0,0.0
0.33108002226526523,0.2053694097905275,1.0,0.0
0.33749583488354834,0.20505734501387035,1.0,0.0
0.3438307378505389,0.20469037733489026,1.0,0.0
0.34991658218115296,0.20474595938854806,1.0,0.0
0.3562324137210442,0.204639518157699,1.0,0.0
0.3624727728967548,0.2048667559722304,1.0,0.0
0.36857041298290333,0.20489321568199398,1.0,0.0
0.37487778381534537,0.20529355688504056,1.0,0.0
0.38127027619930287,0.20530673202891225,1.0,0.0
0.38753306071109683,0.20528539368122356,1.0,0.0
0.3937777360534533,0.2048743305979578,1.0,0.0
0.40005286940456203,0.20415561813353367,1.0,0.0
0.4057618964396044,0.20552142950254654,1.0,0.0
0.4119852174091772,0.20527912764122833,1.0,0.0
0.4192720329088521,0.20474001454024135,1.0,0.0
0.42442904378636437,0.20715604029926837,1.0,0.0
0.45056517077203595,0.2059725153227927,1.0,0.0
0.45651162074830515,0.20471782445953138,1.0,0.0
0.4627355149112416,0.20392386996793255,1.0,0.0
0.4690155870765159,0.20393432910707227,1.0,0.0
0.4751121373280267,0.20378992432448934,1.0,0.0
0.4813851853932642,0.20310120469530502,1.0,0.0
0.4866830895882367,0.20474049470449723,1.0,0.0
0.4937216286963819,0.20519701169971796,1.0,0.0
0.5007452424695602,0.2056609255742071,1.0,0.0
0.5071462186553394,0.20830788390157656,1.0,0.0
0.5128102059914005,0.20307467798826273,1.0,0.0
0.18041346169325537,0.20624880879964494,1.0,0.0
0.1863964076604046,0.2071036326949893,1.0,0.0
0.19011688016182374,0.2021347166815059,1.0,0.0
0.19554994329897224,0.20494470709022072,1.0,0.0
0.2019432498810378,0.205171439791795,1.0,0.0
0.2074511779727421,0.20855188439205755,1.0,0.0
0.2233726929163777,0.20908979994507576,1.0,0.0
0.22943490570764546,0.209565620432451,1.0,0.0
0.235399092885729,0.21011928935198826,1.0,0.0
0.2414125573353329,0.2104248868068169,1.0,0.0
0.24744299222250024,0.21062664426627195,1.0,0.0
0.2534886832366076,0.21076621210093632,1.0,0.0
0.2595490638531681,0.21086689582116971,1.0,0.0
0.26562573353790486,0.2109455403613523,1.0,0.0
0.2717268263775288,0.211015950416622,1.0,0.0
0.27785671433877945,0.21107859475734092,1.0,0.0
0.28401694029790653,0.21113007319977875,1.0,0.0
0.290207557228597,0.21116627459629592,1.0,0.0
0.2964281560092032,0.21118305452985361,1.0,0.0
0.3026780498170567,0.2111758493764818,1.0,0.0
0.3089561678483904,0.21113971819455077,1.0,0.0
0.31526104089610774,0.21106898606515034,1.0,0.0
0.321590411096799,0.2109555771260192,1.0,0.0
0.32793688400596566,0.21079394621832587,1.0,0.0
0.3342899197636706,0.21056100562488642,1.0,0.0
0.34058826888553273,0.21030608182790375,1.0,0.0
0.34676114419075066,0.21023672473894867,1.0,0.0
0.353001567388357,0.2101418641250652,1.0,0.0
0.35918772210576955,0.21021088584335143,1.0,0.0
0.36543101307194303,0.21036699399705572,1.0,0.0
0.3716248883373552,0.21047496870860158,1.0,0.0
0.37798275208684734,0.21061400626369522,1.0,0.0
0.38430261396953164,0.21065222293867278,1.0,0.0
0.3906340687954808,0.21047881129885884,1.0,0.0
0.3968544433403769,0.21003880372746117,1.0,0.0
0.40268927289891615,0.21042774741412348,1.0,0.0
0.4091061002698973,0.21071167158132115,1.0,0.0
0.41546426143623333,0.210109667708984,1.0,0.0
0.4211725094398052,0.21131389187462182,1.0,0.0
0.4282283644019931,0.2107750589549053,1.0,0.0
0.4338931508221414,0.21014448154781687,1.0,0.0
0.44033620933957024,0.21028324273606833,1.0,0.0
0.44653383395073853,0.21025030640771092,1.0,0.0
0.45327631007623803,0.21070727527426275,1.0,0.0
0.45932820370061384,0.20980171763213654,1.0,0.0
0.46531668142024846,0.20936055448289628,1.0,0.0
0.471440339891561,0.2092981757360022,1.0,0.0
0.477558995079921,0.20891782289149197,1.0,0.0
0.48320411573951993,0.20942174119987172,1.0,0.0
0.48959243569230415,0.20974244101010656,1.0,0.0
0.49595474941449114,0.21011631777177042,1.0,0.0
0.5019406420693573,0.210758564926994,1.0,0.0
0.5133298842338881,0.209120029016546,1.0,0.0
0.5193709379578247,0.20676378237645907,1.0,0.0
0.5227491701794375,0.21149901505092655,1.0,0.0
0.17692970492679366,0.21023347951064952,1.0,0.0
0.18288974400425415,0.212233329920492,1.0,0.0
0.18811879581297586,0.21337469723000288,1.0,0.0
0.19184111522809463,0.20868646691226772,1.0,0.0
0.19837575589173573,0.20999495262315201,1.0,0.0
0.22158774748374704,0.21449302095245157,1.0,0.0
0.22717076926291252,0.2148674754172088,1.0,0.0
0.2327345569727257,0.21555125795713714,1.0,0.0
0.2385342986033995,0.21588755488791478,1.0,0.0
0.24445272186134998,0.2161071381644099,1.0,0.0
0.2504441313445292,0.21625679406825474,1.0,0.0
0.25648387443468695,0.21636151454063177,1.0,0.0
0.2625582372713909,0.21643739749923618,1.0,0.0
0.2686614058606191,0.2164950573410157,1.0,0.0
0.2747933551021998,0.2165418338555059,1.0,0.0
0.28095398099101365,0.21657769009435793,1.0,0.0
0.2871426934484488,0.21659997730409436,1.0,0.0
0.2933586043653494,0.21660520989205695,1.0,0.0
0.2996006373687899,0.21658959465841182,1.0,0.0
0.30586725904863893,0.2165491081732947,1.0,0.0
0.312156140952572,0.21647947642073517,1.0,0.0
0.31846348403892777,0.2163758890129155,1.0,0.0
0.32478150729306393,0.21623583714649455,1.0,0.0
0.3310982892864391,0.21605377654557537,1.0,0.0
0.3373798672787715,0.21586093960796923,1.0,0.0
0.3435939262426037,0.2157523915586902,1.0,0.0
0.3498186728473691,0.21565643276987975,1.0,0.0
0.3560141704234866,0.21565813335995865,1.0,0.0
0.36222764634337407,0.2157305064273527,1.0,0.0
0.3684776304683386,0.21585426041927114,1.0,0.0
0.3747479576419988,0.21590411491670428,1.0,0.0
0.3810650829867824,0.2159835627131686,1.0,0.0
0.38739319525353566,0.2159274959688432,1.0,0.0
0.3936636747276628,0.2157347811693359,1.0,0.0
0.3997035681762548,0.21582604763210647,1.0,0.0
0.4059114978132883,0.2159029925117838,1.0,0.0
0.4122880847092983,0.21581318601454091,1.0,0.0
0.41822958940936233,0.21623020444851326,1.0,0.0
0.4247907680434006,0.21604182347370685,1.0,0.0
0.43108536498427585,0.21605597847293573,1.0,0.0
0.43712965156770667,0.21561518378234573,1.0,0.0
0.4433638146362811,0.21570426764423753,1.0,0.0
0.4495775396144044,0.2156519344211188,1.0,0.0
0.455999506231338,0.215728823202071,1.0,0.0
0.4619631720715357,0.215145956444988,1.0,0.0
0.4679465720439405,0.21480089671689495,1.0,0.0
0.47404765079925837,0.21457963513546355,1.0,0.0
0.4799618681819371,0.21471179708533084,1.0,0.0
0.48611416265132223,0.21478737444266638,1.0,0.0
0.49236251157342986,0.215039925235076,1.0,0.0
0.4985823172574497,0.2155237044803236,1.0,0.0
0.5052009870142241,0.21491978601384876,1.0,0.0
0.5107282811916586,0.21396783794682847,1.0,0.0
0.5172986596266927,0.21324124132802963,1.0,0.0
0.5269045273956489,0.21432083711070526,1.0,0.0
0.1876549575502782,0.2197135968148003,1.0,0.0
0.19377469649701162,0.21433529511019758,1.0,0.0
0.223934115551257,0.22016362694859934,1.0,0.0
0.229466047282898,0.22101385137561125,1.0,0.0
0.23527765172076595,0.22138322272869854,1.0,0.0
0.241214350780306,0.2216012604401315,1.0,0.0
0.24722846457767436,0.22174921671391298,1.0,0.0
0.2532923765959631,0.22185143463840698,1.0,0.0
0.2593905425240204,0.22192308853205156,1.0,0.0
0.26551556685691186,0.22197315127365283,1.0,0.0
0.27166429232325634,0.22200798551190065,1.0,0.0
0.27783648498050356,0.22203101001971567,1.0,0.0
0.2840319261532179,0.22204148560839762,1.0,0.0
0.2902500615271062,0.2220369656360549,1.0,0.0
0.2964899405434991,0.22201440012302992,1.0,0.0
0.3027500576755968,0.22197065102675162,1.0,0.0
0.30902799313255697,0.2219026918489482,1.0,0.0
0.3153198119020955,0.2218078408801959,1.0,0.0
0.3216186967276026,0.22168553964294863,1.0,0.0
0.3279146562831193,0.22153658150025024,1.0,0.0
0.3341882139450571,0.22138063677700465,1.0,0.0
0.3404231986111828,0.22126421548578923,1.0,0.0
0.3466510830674856,0.22116696258879945,1.0,0.0
0.35285974381537194,0.22113042904749317,1.0,0.0
0.35907388249689415,0.2211508079129247,1.0,0.0
0.36530862982591256,0.2212160992810245,1.0,0.0
0.37158224528808326,0.22128015369684748,1.0,0.0
0.3778606790849093,0.22131683654419698,1.0,0.0
0.38417136335243496,0.2213228391310423,1.0,0.0
0.39045540883921775,0.22125308600003976,1.0,0.0
0.3966270927397661,0.22128619203245103,1.0,0.0
0.40283237537217875,0.22129973886065576,1.0,0.0
0.409089291572133,0.22125234174636904,1.0,0.0
0.4152360891207816,0.22151085442539659,1.0,0.0
0.4215797198750467,0.2214047432359175,1.0,0.0
0.4278444605685353,0.22142142744125093,1.0,0.0
0.4341169397251453,0.22132844187816397,1.0,0.0
0.44020931328490104,0.22112312909902615,1.0,0.0
0.4463979451195699,0.22112631949728936,1.0,0.0
0.4525661084451683,0.22105440406748783,1.0,0.0
0.458767117588476,0.22100887387642754,1.0,0.0
0.4647041687764394,0.22052334978491103,1.0,0.0
0.470720354295221,0.22015869861987536,1.0,0.0
0.4767682693416297,0.22009796908690418,1.0,0.0
0.482948834506802,0.2200721518658391,1.0,0.0
0.4891857680657487,0.22010809368066592,1.0,0.0
0.4954764140084361,0.22036274776326015,1.0,0.0
0.5020183378213512,0.22013651198538697,1.0,0.0
0.5083910090166295,0.21982716306694344,1.0,0.0
0.5145744464569406,0.2186589529918967,1.0,0.0
0.5210271225669543,0.21807622443682823,1.0,0.0
0.5266398169589873,0.21985791647475852,1.0,0.0
0.2251555672639885,0.22611852923561185,1.0,0.0
0.23140565102432525,0.22670614621187382,1.0,0.0
0.2376091572717628,0.22700626726414466,1.0,0.0
0.24378222397914012,0.22718645384247918,1.0,0.0
0.2499464185128847,0.22730424656673492,1.0,0.0
0.2561113120567303,0.22738288380342436,1.0,0.0
0.26228361327406646,0.2274336308893954,1.0,0.0
0.26846678972395555,0.22746466633638399,1.0,0.0
0.2746632523437872,0.22748062033393046,1.0,0.0
0.2808749809755881,0.22748337644907768,1.0,0.0
0.28710288811610524,0.22747212464454994,1.0,0.0
0.29334695225773066,0.2274448860074987,1.0,0.0
0.29960627163813214,0.2273993994292816,1.0,0.0
0.3058789361694979,0.22733365345084464,1.0,0.0
0.3121616564461319,0.22724631369707612,1.0,0.0
0.31844908322124665,0.22713787137491234,1.0,0.0
0.3247337175423366,0.2270110484995862,1.0,0.0
0.3310039736854052,0.22687850895859332,1.0,0.0
0.3372509668117711,0.22676483109207912,1.0,0.0
0.34348703826068977,0.22666785509182796,1.0,0.0
0.34970914024893096,0.22660999793385736,1.0,0.0
0.35593071125030185,0.22659502808791693,1.0,0.0
0.3621638618860547,0.22661864580161684,1.0,0.0
0.36842102202756766,0.22665620198598807,1.0,0.0
0.3746971021096528,0.22669432632843609,1.0,0.0
0.38098206400021084,0.22670208645127313,1.0,0.0
0.38726588412141566,0.22669070039730893,1.0,0.0
0.39349791108095455,0.22671531960731162,1.0,0.0
0.39973235002060586,0.22672548754365116,1.0,0.0
0.4059724974698365,0.22670350886067678,1.0,0.0
0.41215900783579656,0.22682030554355212,1.0,0.0
0.4184596945222026,0.22681943163595525,1.0,0.0
0.4247022062652897,0.22681187605991995,1.0,0.0
0.4309545176676723,0.22677821365653095,1.0,0.0
0.4371635882593344,0.22671503030744922,1.0,0.0
0.44329026380437103,0.22660041620171065,1.0,0.0
0.4494430577862942,0.22656997239509274,1.0,0.0
0.45556326771058336,0.22650397227442348,1.0,0.0
0.4616697091129997,0.22639617862824124,1.0,0.0
0.4675627083290856,0.2258511147066079,1.0,0.0
0.47361575502360914,0.22553723275361748,1.0,0.0
0.47983234272062797,0.22536682933188737,1.0,0.0
0.48618878844881525,0.22528235931670929,1.0,0.0
0.4924829518498692,0.22535280285326612,1.0,0.0
0.4988010772779371,0.22533563878385277,1.0,0.0
0.5050753261534235,0.2250866852288512,1.0,0.0
0.5115469772583521,0.2244554074591003,1.0,0.0
0.5176542125812138,0.22361997687992363,1.0,0.0
0.5235217014327002,0.22443853487033752,1.0,0.0
0.22203219052748857,0.23140097225216424,1.0,0.0
0.22792896852386463,0.23190663514105123,1.0,0.0
0.23410558427217423,0.2322936711671902,1.0,0.0
0.24032957367933622,0.23253905064345895,1.0,0.0
0.24655633951742273,0.2326960074433624,1.0,0.0
0.2527773210409265,0.2327994896994437,1.0,0.0
0.2589967659503688,0.23286345702801403,1.0,0.0
0.2652181371547914,0.23290023086053468,1.0,0.0
0.2714444940607138,0.23291712845977214,1.0,0.0
0.2776783521499072,0.2329180134291714,1.0,0.0
0.28392159778168136,0.2329042831413271,1.0,0.0
0.29017509520667056,0.23287545377891467,1.0,0.0
0.2964387009097505,0.23283030289520606,1.0,0.0
0.30271125123842363,0.2327676757427749,1.0,0.0
0.3089904114690217,0.232687107828141,1.0,0.0
0.31527236571648687,0.232589621468595,1.0,0.0
0.3215518607665807,0.23247826635950306,1.0,0.0
0.32782183618994,0.2323615242741597,1.0,0.0
0.33407704788329645,0.2322535445311802,1.0,0.0
0.3403220574769024,0.2321579604152668,1.0,0.0
0.3465565549033125,0.23208825315881518,1.0,0.0
0.3527881086467108,0.2320500468732203,1.0,0.0
0.3590253404321016,0.23204326588103555,1.0,0.0
0.3652772925490243,0.2320560132594754,1.0,0.0
0.37154415608396535,0.23207793888733722,1.0,0.0
0.3778237713874822,0.23209329812834328,1.0,0.0
0.3841009579422277,0.23209537111955258,1.0,0.0
0.39035955361922836,0.23212009540555156,1.0,0.0
0.3966156124340014,0.23213644672972134,1.0,0.0
0.40286755034790833,0.23213616919468955,1.0,0.0
0.4090881641041961,0.2321931939114967,1.0,0.0
0.41535345488782294,0.23220550819244093,1.0,0.0
0.42160773796491974,0.23222377290034507,1.0,0.0
0.4278495483610109,0.23220720707612583,1.0,0.0
0.43407181675278705,0.23218387199728874,1.0,0.0
0.44026199578211567,0.23213920808339308,1.0,0.0
0.4464033920227281,0.23207195934197528,1.0,0.0
0.45253964308715816,0.23203813110974095,1.0,0.0
0.4586479147631344,0.2319662384366523,1.0,0.0
0.4647191170812293,0.23183551617481574,1.0,0.0
0.47050873991011627,0.23110568483482072,1.0,0.0
0.47673037414458125,0.23070651639007253,1.0,0.0
0.48320838579594316,0.23036382005372305,1.0,0.0
0.4896596179603433,0.2304504093458888,1.0,0.0
0.495695112192516,0.23067369767625115,1.0,0.0
0.5016871822206472,0.23055828400572578,1.0,0.0
0.5079229022021388,0.22987367297827282,1.0,0.0
0.5140398592287139,0.2294888025482598,1.0,0.0
0.5194686064687912,0.2294115412641914,1.0,0.0
0.2235795444129241,0.23694196379158453,1.0,0.0
0.23022528515952617,0.2374062265638519,1.0,0.0
0.23670041120701082,0.23777263595140494,1.0,0.0
0.24307260541569328,0.2380075553174134,1.0,0.0
0.24938226937446586,0.23816081149481258,1.0,0.0
0.25566276366821555,0.23825374213072306,1.0,0.0
0.26192914527126426,0.23830720185888377,1.0,0.0
0.26818982419979015,0.2383333286401185,1.0,0.0
0.27444983631700764,0.23833901856180453,1.0,0.0
0.28071233586914635,0.2383278016719144,1.0,0.0
0.2869791960052107,0.23830104222425308,1.0,0.0
0.29325110976800656,0.23825877250489766,1.0,0.0
0.29952772257702365,0.23820066427444223,1.0,0.0
0.3058076877299511,0.23812682987178604,1.0,0.0
0.31208860587184806,0.23803855459121434,1.0,0.0
0.31836709333364915,0.23793874459215497,1.0,0.0
0.3246388753926608,0.23783339791553496,1.0,0.0
0.33090077340231455,0.2377314323543566,1.0,0.0
0.33715430309558847,0.23763779544372562,1.0,0.0
0.343399865480608,0.23756146802703484,1.0,0.0
0.34964190851470617,0.23750803830556155,1.0,0.0
0.35588630483090816,0.23747947921045434,1.0,0.0
0.36213948728826795,0.23747086822418303,1.0,0.0
0.36840364153902294,0.23747582177716112,1.0,0.0
0.3746783077841299,0.237484750957404,1.0,0.0
0.3809566531665629,0.23749335375182015,1.0,0.0
0.3872264939850755,0.23751205280651638,1.0,0.0
0.39349634079500073,0.23753211103345687,1.0,0.0
0.39976220102837473,0.2375449577433861,1.0,0.0
0.40601034035300215,0.23758149869604206,1.0,0.0
0.4122722194392784,0.23759904359005765,1.0,0.0
0.41852735640142996,0.23761915826632307,1.0,0.0
0.42477863868932175,0.23762832441734372,1.0,0.0
0.43101105568669446,0.2376230927129869,1.0,0.0
0.43722509476491817,0.23760908950709336,1.0,0.0
0.4434142312501473,0.23758093344709394,1.0,0.0
0.4495741839636497,0.23754068353960087,1.0,0.0
0.455728260438371,0.23750084825778867,1.0,0.0
0.4618643283162047,0.2374209229076195,1.0,0.0
0.46796207665765216,0.23731519361021808,1.0,0.0
0.47355842539918874,0.23608966847369178,1.0,0.0
0.48027849520511345,0.23539280788798547,1.0,0.0
0.48690098146202715,0.23526811497780806,1.0,0.0
0.4929453786989704,0.23616021437601176,1.0,0.0
0.4985228707483815,0.2362543239197081,1.0,0.0
0.5047668480878912,0.2353960978870439,1.0,0.0
0.5109043228247037,0.2348761198711325,1.0,0.0
0.516540957659261,0.2353282427252646,1.0,0.0
0.2211646988645417,0.24247209495344582,1.0,0.0
0.2271684322333869,0.24252545266172504,1.0,0.0
0.2334119929066521,0.24294254655715145,1.0,0.0
0.23972522676703273,0.2432529085719419,1.0,0.0
0.24603367731494902,0.2434708881737591,1.0,0.0
0.2523357940054637,0.24360403846866255,1.0,0.0
0.2586298713416028,0.24368318779992815,1.0,0.0
0.2649176365269513,0.24372578525415997,1.0,0.0
0.2712014725407041,0.24374223509052606,1.0,0.0
0.2774835356463929,0.24373846524735307,1.0,0.0
0.28376544450885216,0.24371757823629298,1.0,0.0
0.29004813484987,0.24368097510875,1.0,0.0
0.29633175224391195,0.24362919736901478,1.0,0.0
0.30261568795467814,0.24356277628280418,1.0,0.0
0.308898661583732,0.24348304268450782,1.0,0.0
0.3151788120447013,0.2433926569459255,1.0,0.0
0.3214537700290542,0.2432961959771287,1.0,0.0
0.3277217036413747,0.24319983815350063,1.0,0.0
0.3339830729267969,0.24310838642807348,1.0,0.0
0.3402384191649756,0.2430283531505271,1.0,0.0
0.3464905228173112,0.24296477076225112,1.0,0.0
0.35274338709704756,0.24292050679836044,1.0,0.0
0.3590015664679634,0.24289438602944877,1.0,0.0
0.36526763257240275,0.24288321730105822,1.0,0.0
0.3715421791232616,0.24288154095439446,1.0,0.0
0.3778219515374124,0.24288604063361846,1.0,0.0
0.38410095367092734,0.24290017491297258,1.0,0.0
0.39038011627559344,0.242917684448419,1.0,0.0
0.3966579485011114,0.24293602730583352,1.0,0.0
0.40292639071425423,0.24296577343130626,1.0,0.0
0.4091973036576549,0.24298806627844233,1.0,0.0
0.415461466495681,0.24301106483973212,1.0,0.0
0.42171972373192523,0.2430302292394286,1.0,0.0
0.4279669408417684,0.24304422171907972,1.0,0.0
0.4341980929256297,0.24304810129428583,1.0,0.0
0.44041381661813195,0.2430426029052964,1.0,0.0
0.44661493696514704,0.24302384384705317,1.0,0.0
0.45281033406727594,0.24298583855492703,1.0,0.0
0.45902624645276446,0.2429226007835688,1.0,0.0
0.4652868060190478,0.2428115784553314,1.0,0.0
0.4716591109173205,0.242686350380513,1.0,0.0
0.47713264567953984,0.24011937987507675,1.0,0.0
0.48416973596353713,0.23990446717870248,1.0,0.0
0.490216099057291,0.2410330044117044,1.0,0.0
0.49584723186215035,0.24246892080857427,1.0,0.0
0.5019045894356333,0.24076925198928764,1.0,0.0
0.5084034169259403,0.2401836522376928,1.0,0.0
0.5139201138304824,0.24074473697170407,1.0,0.0
0.21757809668539987,0.24678286682764172,1.0,0.0
0.22390255648531998,0.2479870488456923,1.0,0.0
0.2300838991386446,0.2481916412056006,1.0,0.0
0.23637900595332761,0.24849545304081322,1.0,0.0
0.24268546200497537,0.24875838119761304,1.0,0.0
0.249004788496909,0.24892668121947692,1.0,0.0
0.2553224406206494,0.24903272367192528,1.0,0.0
0.26163444243891615,0.2490952488340989,1.0,0.0
0.267940562888281,0.2491264301972026,1.0,0.0
0.2742418331840104,0.24913391986072658,1.0,0.0
0.28053945424650173,0.24912226609027308,1.0,0.0
0.28683433178343437,0.2490940078995461,1.0,0.0
0.29312688753302973,0.24905052385377463,1.0,0.0
0.2994170094183501,0.24899274147651373,1.0,0.0
0.3057041541852191,0.24892186243753614,1.0,0.0
0.311987574545004,0.24884010342002644,1.0,0.0
0.3182663897845644,0.24875121524819052,1.0,0.0
0.32453988679609136,0.24866002061429643,1.0,0.0
0.3308083184861911,0.24857086056975897,1.0,0.0
0.3370722558251593,0.24848880860221792,1.0,0.0
0.34333357135324805,0.24841825974842432,1.0,0.0
0.3495950913132448,0.2483623869482264,1.0,0.0
0.35586012235758463,0.2483220232316301,1.0,0.0
0.36213105097721326,0.24829623743782567,1.0,0.0
0.36840894396659835,0.24828236473701934,1.0,0.0
0.374692515082983,0.2482782714404607,1.0,0.0
0.3809786845635818,0.24828458775086457,1.0,0.0
0.3872670406644972,0.24829779008215275,1.0,0.0
0.3935553022861632,0.2483152342722693,1.0,0.0
0.3998393804464811,0.24834145379504421,1.0,0.0
0.406122616501734,0.24836685007803594,1.0,0.0
0.4123995947632214,0.2483938931952223,1.0,0.0
0.4186688589543338,0.24842063021576294,1.0,0.0
0.4249270952214728,0.2484463581442682,1.0,0.0
0.4311711719911895,0.24846794146418344,1.0,0.0
0.43739712547460347,0.24848119736707555,1.0,0.0
0.44360261123531836,0.24848406223276523,1.0,0.0
0.44978365532762626,0.24847013411174917,1.0,0.0
0.45593210890312924,0.2484309633924046,1.0,0.0
0.46202801976897623,0.24836096454516826,1.0,0.0
0.4680159439353961,0.24824229781644763,1.0,0.0
0.4736690001412259,0.24862982007926027,1.0,0.0
0.4941029015432522,0.24893402135550047,1.0,0.0
0.5006260910957369,0.24653574238546627,1.0,0.0
0.5063991302301468,0.24495917971224987,1.0,0.0
0.5117137481970132,0.24660653535739957,1.0,0.0
0.21988930007447577,0.25264355233920566,1.0,0.0
0.22651303371140594,0.2534501823029453,1.0,0.0
0.23296584789441047,0.25371301155205644,1.0,0.0
0.23932059267908856,0.2540265502444679,1.0,0.0
0.24567217855257517,0.2542260862395418,1.0,0.0
0.2520154778263128,0.2543589809309464,1.0,0.0
0.2583498741709237,0.2544432706033592,1.0,0.0
0.26467594773505926,0.2544918152440582,1.0,0.0
0.27099474055484,0.25451335298324007,1.0,0.0
0.27730732630135185,0.2545135609557328,1.0,0.0
0.28361454731776564,0.2544959479341925,1.0,0.0
0.2899168965083358,0.25446261204392023,1.0,0.0
0.2962145070954383,0.25441488085209485,1.0,0.0
0.30250724126934714,0.25435388865687253,1.0,0.0
0.30879491908569234,0.2542811708505854,1.0,0.0
0.315077666159056,0.254199546516082,1.0,0.0
0.3213559654725993,0.254113210358279,1.0,0.0
0.3276304814044319,0.2540263826882811,1.0,0.0
0.33390181150422166,0.2539433102679745,1.0,0.0
0.3401713024802579,0.25386784877499713,1.0,0.0
0.34644100580542597,0.25380312246811987,1.0,0.0
0.35271344587551734,0.25375099391119205,1.0,0.0
0.3589907513247461,0.2537120792384164,1.0,0.0
0.3652741563589504,0.25368564554803863,1.0,0.0
0.3715634022749583,0.2536707329528742,1.0,0.0
0.3778569706729673,0.25366725440163385,1.0,0.0
0.3841540903030484,0.2536731283866874,1.0,0.0
0.390452931998476,0.25368651701618633,1.0,0.0
0.3967503848363298,0.2537083979066313,1.0,0.0
0.4030468440831699,0.2537343193174606,1.0,0.0
0.40933831260199244,0.25376435730274716,1.0,0.0
0.4156221426288619,0.253797406472583,1.0,0.0
0.42189523799083645,0.25383269410191883,1.0,0.0
0.42815530281834413,0.2538678804798324,1.0,0.0
0.43440031592880374,0.2538993360447863,1.0,0.0
0.4406282384675445,0.25392308893820054,1.0,0.0
0.44683818089575683,0.2539353346446856,1.0,0.0
0.4530279926022046,0.2539310227237743,1.0,0.0
0.45919271033465847,0.25390809104279854,1.0,0.0
0.4653253976057307,0.2538667715409202,1.0,0.0
0.4713638392283114,0.25404674539133004,1.0,0.0
0.47768461640255616,0.2533008525234878,1.0,0.0
0.48362514542455326,0.2535464829917188,1.0,0.0
0.48928028920476957,0.25563143219595086,1.0,0.0
0.5056807831958873,0.2503076805703304,1.0,0.0
0.5110183673287632,0.25227125490937985,1.0,0.0
0.21651511541085894,0.25922125697383847,1.0,0.0
0.22313528110822892,0.258389106198605,1.0,0.0
0.22969101082812388,0.2588646371972554,1.0,0.0
0.2360443657614626,0.2592820170181469,1.0,0.0
0.2423988844356092,0.2595137860222241,1.0,0.0
0.2487457635691437,0.25967142738019827,1.0,0.0
0.2550871298550467,0.259776315471483,1.0,0.0
0.2614229575785451,0.25984219722277185,1.0,0.0
0.2677528710684089,0.25987858531899927,1.0,0.0
0.2740766781842259,0.25989188064483343,1.0,0.0
0.2803943571632874,0.2598862701163093,1.0,0.0
0.2867059076917114,0.2598643990653288,1.0,0.0
0.2930112564144136,0.25982791917877207,1.0,0.0
0.2993102732086455,0.25977795930011216,1.0,0.0
0.3056029187561535,0.2597155605810061,1.0,0.0
0.3118895437342354,0.2596422061117878,1.0,0.0
0.3181714459208884,0.2595609507370156,1.0,0.0
0.32445047569747104,0.25947629847194464,1.0,0.0
0.3307277887865434,0.2593926988689957,1.0,0.0
0.33700426947501705,0.25931360772116363,1.0,0.0
0.34328136003630044,0.2592419620790774,1.0,0.0
0.3495609659925898,0.25917994115557746,1.0,0.0
0.3558450374942021,0.25912911421583756,1.0,0.0
0.3621349592685791,0.2590901933991419,1.0,0.0
0.36843101303833353,0.2590633092844779,1.0,0.0
0.3747325145725417,0.25904858474369086,1.0,0.0
0.3810387118342805,0.259044969196509,1.0,0.0
0.3873480870218433,0.2590512840513495,1.0,0.0
0.39365828445889917,0.2590674753174754,1.0,0.0
0.3999681995975645,0.2590909757714553,1.0,0.0
0.40627461989456537,0.25912168254600226,1.0,0.0
0.4125741631756756,0.25915898792863545,1.0,0.0
0.4188633746192797,0.259202043953442,1.0,0.0
0.4251399157958625,0.2592484350966537,1.0,0.0
0.4314025897232977,0.2592944188340749,1.0,0.0
0.43765071998600824,0.2593358360075941,1.0,0.0
0.44388408949459013,0.25936818567502323,1.0,0.0
0.4501025310767206,0.25938778646693605,1.0,0.0
0.45630421085350714,0.2593927901288027,1.0,0.0
0.46248590278092844,0.2593841866055675,1.0,0.0
0.468624544908081,0.25946053682802395,1.0,0.0
0.4749035330195597,0.25913145982200614,1.0,0.0
0.48087096364665977,0.25909618737010953,1.0,0.0
0.4866363551712045,0.26004493867563666,1.0,0.0
0.4935734350284182,0.25932458741858044,1.0,0.0
0.5063508501993806,0.25784855246897814,1.0,0.0
0.22245149999404187,0.2644401365520537,1.0,0.0
0.22764146660891396,0.26415409963179337,1.0,0.0
0.23335428315111628,0.2646929392140671,1.0,0.0
0.2394059837837784,0.26488007422572246,1.0,0.0
0.24561321434049369,0.26501800170466705,1.0,0.0
0.25189363313322,0.26511984852935133,1.0,0.0
0.25820606285095066,0.2651912301559417,1.0,0.0
0.26453024049500157,0.2652368796391962,1.0,0.0
0.2708563879317771,0.26526090321477575,1.0,0.0
0.2771798125558805,0.26526655244251945,1.0,0.0
0.28349821354762056,0.2652561963532303,1.0,0.0
0.2898103749946429,0.26523143142334427,1.0,0.0
0.2961155955511672,0.2651932718138096,1.0,0.0
0.30241353735495,0.26514237928648915,1.0,0.0
0.30870434147574,0.2650793376661297,1.0,0.0
0.31498900066633195,0.2650050562006692,1.0,0.0
0.3212702166789491,0.264922794765288,1.0,0.0
0.3275511237295705,0.26483827436230184,1.0,0.0
0.3338331096797807,0.2647560961483606,1.0,0.0
0.34011660937376575,0.2646787801162689,1.0,0.0
0.34640283577379183,0.2646084378004569,1.0,0.0
0.3526933595592223,0.26454679548063603,1.0,0.0
0.3589898007278197,0.26449552022184764,1.0,0.0
0.36529298069422017,0.264455928242534,1.0,0.0
0.3716026780333202,0.26442876187671643,1.0,0.0
0.3779182471218254,0.26441388381939546,1.0,0.0
0.3842383717136137,0.26441076672680547,1.0,0.0
0.390561041109686,0.26441922820406666,1.0,0.0
0.39688478832550667,0.2644376948036347,1.0,0.0
0.40320654898964453,0.26446624185434947,1.0,0.0
0.4095223427066792,0.2645053012130008,1.0,0.0
0.41582798280967453,0.2645542803551526,1.0,0.0
0.4221207208187808,0.26461038929162745,1.0,0.0
0.4283996923607717,0.2646690777387929,1.0,0.0
0.43466499342038867,0.2647256581375841,1.0,0.0
0.4409176102997698,0.2647751644882236,1.0,0.0
0.4471585091351992,0.26481359150309985,1.0,0.0
0.4533878758653221,0.2648391970276569,1.0,0.0
0.4596047864523395,0.2648526614174036,1.0,0.0
0.46580078725294,0.264893697019968,1.0,0.0
0.47205600167257655,0.2647513539249757,1.0,0.0
0.47816384435505627,0.26472489766450785,1.0,0.0
0.4841099938184104,0.2651748787133851,1.0,0.0
0.49048583108637395,0.264855648084393,1.0,0.0
0.4964472060206294,0.26489233310447746,1.0,0.0
0.18083154655906009,0.27428358328908936,1.0,0.0
0.18546224015324209,0.2718169032768153,1.0,0.0
0.21973962208599643,0.2730980123863803,1.0,0.0
0.22402362034107895,0.2698995587173393,1.0,0.0
0.22995881815646635,0.2701984965388918,1.0,0.0
0.23614510677076045,0.27035106806786835,1.0,0.0
0.2423907515187247,0.2704235941507058,1.0,0.0
0.24867917931325356,0.2704924812611867,1.0,0.0
0.2549920644016844,0.2705515730734708,1.0,0.0
0.26131677333800096,0.27059647401723297,1.0,0.0
0.26764529010019883,0.2706257763103294,1.0,0.0
0.27397278133633163,0.2706398151963094,1.0,0.0
0.2802963510565927,0.27063954408712015,1.0,0.0
0.2866141976162115,0.2706259131782087,1.0,0.0
0.2929251338734201,0.27059958702903997,1.0,0.0
0.29922840098695175,0.2705608603875518,1.0,0.0
0.30552371412130414,0.2705096942634699,1.0,0.0
0.3118115071900667,0.2704458065772242,1.0,0.0
0.31809344468282724,0.27036894507604775,1.0,0.0
0.32437407262242607,0.2702831294003844,1.0,0.0
0.3306583071898781,0.2701964430106044,1.0,0.0
0.3369470266600572,0.2701138347996859,1.0,0.0
0.34323930710292283,0.27003628494439147,1.0,0.0
0.34953596121558306,0.2699651899163541,1.0,0.0
0.35583835810454134,0.2699020063971326,1.0,0.0
0.36214807191156695,0.26984900413474017,1.0,0.0
0.36846566249120544,0.26980822164287876,1.0,0.0
0.374790541886751,0.26978040893542066,1.0,0.0
0.38112151369753133,0.26976575755487353,1.0,0.0
0.3874566138540534,0.2697644190079326,1.0,0.0
0.39379455823767967,0.269775108022394,1.0,0.0
0.40013241794715104,0.26979852282729383,1.0,0.0
0.406465227236613,0.269836567125104,1.0,0.0
0.4127875720032005,0.2698896018112892,1.0,0.0
0.41909595156730417,0.26995440491219064,1.0,0.0
0.4253897310439356,0.2700250074201057,1.0,0.0
0.4316693904419942,0.27009582375025426,1.0,0.0
0.43793694693115826,0.27016081710200535,1.0,0.0
0.4441947049083919,0.27021538715383114,1.0,0.0
0.4504443414708125,0.27025726468477795,1.0,0.0
0.4566870858481989,0.270286532429742,1.0,0.0
0.46292234675296523,0.2703182757370284,1.0,0.0
0.46918901904621285,0.2702617147611381,1.0,0.0
0.47540287420573085,0.27025097221066047,1.0,0.0
0.48157253505552194,0.2704593833495655,1.0,0.0
0.48801410150886887,0.2703189509373694,1.0,0.0
0.4944762280685647,0.27025872944028,1.0,0.0
0.5012333931302968,0.26984169555788035,1.0,0.0
0.5078290092061997,0.2720561381375714,1.0,0.0
0.6105409358506733,0.2690553130461239,1.0,0.0
0.11293776671933742,0.27774809976057485,1.0,0.0
0.11736734417912997,0.27499159136048934,1.0,0.0
0.12113602056146695,0.27908428394376844,1.0,0.0
0.16514118790477483,0.278190687737204,1.0,0.0
0.1706608553747191,0.27798293164235066,1.0,0.0
0.1763296487902365,0.27774626891513227,1.0,0.0
0.18318169577607518,0.278751571358934,1.0,0.0
0.18874926237778888,0.2768393068828838,1.0,0.0
0.19440091054302844,0.2777726711229083,1.0,0.0
0.20004842505363712,0.2781250546759965,1.0,0.0
0.21498788286581888,0.2775837097492116,1.0,0.0
0.22114586081410828,0.27819545355076325,1.0,0.0
0.22651363799681448,0.27579344038063536,1.0,0.0
0.23282271959708373,0.27578193092029374,1.0,0.0
0.2391531930968343,0.2758377624703254,1.0,0.0
0.2454731459872028,0.27587812574616016,1.0,0.0
0.25179538010066166,0.2759213549934226,1.0,0.0
0.2581215890459531,0.2759603453273743,1.0,0.0
0.26445010058744844,0.2759904092294514,1.0,0.0
0.2707784247978246,0.27600943279067974,1.0,0.0
0.2771042351267877,0.276016856736031,1.0,0.0
0.28342558870953477,0.2760127814475631,1.0,0.0
0.2897409102362193,0.27599740342639567,1.0,0.0
0.29604895587742325,0.2759706794463483,1.0,0.0
0.30234886654795734,0.27593213976815567,1.0,0.0
0.3086403598670232,0.2758807993007852,1.0,0.0
0.3149240639216033,0.27581505965203346,1.0,0.0
0.32120219680042317,0.2757326345418098,1.0,0.0
0.3274822708441852,0.2756392135981975,1.0,0.0
0.3337718613943172,0.2755476719010753,1.0,0.0
0.34006999054847487,0.27546324791199434,1.0,0.0
0.3463729192744184,0.2753839150317973,1.0,0.0
0.3526812691580152,0.2753103477952626,1.0,0.0
0.35899648946781115,0.2752439114997707,1.0,0.0
0.3653206254627201,0.2751879942357478,1.0,0.0
0.3716541356628527,0.27514544207928376,1.0,0.0
0.3779956521576903,0.2751170888063117,1.0,0.0
0.3843429317602837,0.27510386391599706,1.0,0.0
0.39069545895548957,0.27510390568324633,1.0,0.0
0.39705058692641804,0.2751187138304468,1.0,0.0
0.40340186468142014,0.27515267040392916,1.0,0.0
0.40974172442654977,0.2752079134218658,1.0,0.0
0.416065423463396,0.2752808564410323,1.0,0.0
0.4223727279018928,0.2753632987656922,1.0,0.0
0.4286641660847093,0.275448655247753,1.0,0.0
0.4349426870407624,0.2755290859376855,1.0,0.0
0.441211688036834,0.27559890487669775,1.0,0.0
0.44747356399624927,0.27565546227344545,1.0,0.0
0.45372952709757175,0.2756984473284273,1.0,0.0
0.45997973157423994,0.27573331220563996,1.0,0.0
0.4662396787010155,0.2757210834116422,1.0,0.0
0.47246794192999936,0.27572229505670676,1.0,0.0
0.4786624562369279,0.2758166639930416,1.0,0.0
0.4849598805531194,0.2757558121466531,1.0,0.0
0.4912016410019848,0.27568027505086146,1.0,0.0
0.49741021871702895,0.2754480379419471,1.0,0.0
0.5030964421632821,0.2759642293859683,1.0,0.0
0.5086400036145884,0.277870193592477,1.0,0.0
0.5134436850385148,0.27519153616730346,1.0,0.0
0.6058793356162666,0.27409122246018025,1.0,0.0
0.6098723730726319,0.276364283042497,1.0,0.0
0.08493603332945429,0.28490290606795193,1.0,0.0
0.10971179868157464,0.28185212201964616,1.0,0.0
0.1166312536876508,0.28212092593510535,1.0,0.0
0.1252610318224465,0.28212348937654397,1.0,0.0
0.1309802846420533,0.2823082127598697,1.0,0.0
0.13686210630706422,0.28208175674115554,1.0,0.0
0.14187390275036108,0.2838221222568355,1.0,0.0
0.1473003287405352,0.2847708578863718,1.0,0.0
0.15305434936730222,0.284218793406401,1.0,0.0
0.1587546556875163,0.27934947122940135,1.0,0.0
0.16588298883176442,0.2832001985662403,1.0,0.0
0.17263524031868535,0.2832923697432819,1.0,0.0
0.17909110575935028,0.28317564105452775,1.0,0.0
0.18590731131841526,0.28332175482648186,1.0,0.0
0.19167535108096123,0.2829563555831852,1.0,0.0
0.19789136819345413,0.2834179952874655,1.0,0.0
0.2043692314102966,0.2826664007229942,1.0,0.0
0.210629696390698,0.2817880309273409,1.0,0.0
0.21727521372229788,0.2829368376636276,1.0,0.0
0.22412182298858746,0.2825134417103441,1.0,0.0
0.22988225008587176,0.2813167507237199,1.0,0.0
0.23609154728018056,0.28126931891315043,1.0,0.0
0.24236454223221057,0.2812854931911989,1.0,0.0
0.24865885358772147,0.2813085025668448,1.0,0.0
0.25496687855476247,0.2813360387938194,1.0,0.0
0.2612834464345494,0.2813614620101852,1.0,0.0
0.26760456065039434,0.28138083646286655,1.0,0.0
0.2739269399014274,0.2813922273462918,1.0,0.0
0.28024785278473696,0.2813948435380799,1.0,0.0
0.2865649902547839,0.28138833390430856,1.0,0.0
0.29287640430550044,0.281372320568018,1.0,0.0
0.2991804974149971,0.28134605065752816,1.0,0.0
0.3054761214735783,0.28130812779020953,1.0,0.0
0.31176282401544525,0.28125631360084175,1.0,0.0
0.3180412046574453,0.28118710793984025,1.0,0.0
0.32431376905191805,0.2810942911575802,1.0,0.0
0.33059319983937474,0.28098719678265405,1.0,0.0
0.3368914501919766,0.28088813159053816,1.0,0.0
0.343202913149791,0.28080174218132214,1.0,0.0
0.3495185840730704,0.2807196681664477,1.0,0.0
0.35583981903111495,0.2806421693414631,1.0,0.0
0.3621686771270899,0.2805706740565116,1.0,0.0
0.36850844406655353,0.2805105917038134,1.0,0.0
0.37485953845561415,0.2804660383501326,1.0,0.0
0.3812180040500114,0.2804387898064543,1.0,0.0
0.38758522537376444,0.28042493207358754,1.0,0.0
0.393959339360751,0.28042677864752713,1.0,0.0
0.40033150351735947,0.28045282248049075,1.0,0.0
0.4066905782941527,0.280508389213618,1.0,0.0
0.4130297782141376,0.2805894987293674,1.0,0.0
0.4193499377987247,0.2806842566984075,1.0,0.0
0.42565121078065143,0.2807854580154624,1.0,0.0
0.43193780372908885,0.2808824842662884,1.0,0.0
0.43821466979383394,0.28096791584067454,1.0,0.0
0.44448521539938163,0.2810388198689849,1.0,0.0
0.4507508916501665,0.28109523448947354,1.0,0.0
0.4570123222755313,0.2811393071051305,1.0,0.0
0.4632758015151608,0.28115496624021813,1.0,0.0
0.4695216354323106,0.28117118767318316,1.0,0.0
0.475747021874921,0.28122610178997276,1.0,0.0
0.48201052539954475,0.28121203933086614,1.0,0.0
0.4882425265557667,0.2811887375609666,1.0,0.0
0.4944274830125582,0.28111028974738184,1.0,0.0
0.5003686400604038,0.28141817796852514,1.0,0.0
0.5060669722000176,0.2824856713342164,1.0,0.0
0.5126593299903782,0.2821641157673526,1.0,0.0
0.5173708433882876,0.27930874039470077,1.0,0.0
0.5659499130318509,0.2839893370782405,1.0,0.0
0.5715030243942391,0.28271329120050426,1.0,0.0
0.5776534086715974,0.28280982526496923,1.0,0.0
0.5950433244021474,0.28567025003590557,1.0,0.0
0.600363482015669,0.2711937181039647,1.0,0.0
0.6149343598244568,0.2809254984909631,1.0,0.0
0.6178286987367646,0.2848170454612884,1.0,0.0
0.07400375732602754,0.2896211708443152,1.0,0.0
0.07981471206494417,0.28771080125170145,1.0,0.0
0.09008808267873886,0.2889507326722566,1.0,0.0
0.09582807141144903,0.2899059640290074,1.0,0.0
0.10195838109899423,0.2882215549842498,1.0,0.0
0.10679451675629642,0.2859900956288355,1.0,0.0
0.113708002791145,0.28666725562851136,1.0,0.0
0.12079708787220779,0.28635734598375123,1.0,0.0
0.12726805381926756,0.2875962312121326,1.0,0.0
0.13346373729940958,0.28776669912850755,1.0,0.0
0.13906040740675285,0.2887349890729047,1.0,0.0
0.14496777757559431,0.2898502473404339,1.0,0.0
0.15124395731090917,0.28977205815907936,1.0,0.0
0.157403021748569,0.2882736741738588,1.0,0.0
0.16298380069371107,0.28774391809067884,1.0,0.0
0.1695480651874307,0.28832608293878165,1.0,0.0
0.17606237061892488,0.2884590852312117,1.0,0.0
0.182474600276497,0.2883796453726103,1.0,0.0
0.1888777192284267,0.2886391028772719,1.0,0.0
0.1950292794338167,0.2885241702374561,1.0,0.0
0.20155677344844797,0.2882356480849412,1.0,0.0
0.20787962299821666,0.2876534857543327,1.0,0.0
0.21393268254757264,0.2875799323889489,1.0,0.0
0.22065495809526686,0.28773883507975323,1.0,0.0
0.22712206055492523,0.2874628485259484,1.0,0.0
0.23312418511977598,0.286821171282385,1.0,0.0
0.23932395670611287,0.28674527548062456,1.0,0.0
0.24557567429797122,0.2867319201791747,1.0,0.0
0.2518535522896859,0.28673648619901526,1.0,0.0
0.25814859750293784,0.2867487043944807,1.0,0.0
0.2644547702080582,0.2867616514423587,1.0,0.0
0.27076754429578087,0.2867715418439065,1.0,0.0
0.27708325363619507,0.28677643030358724,1.0,0.0
0.28339877666994523,0.2867752972329726,1.0,0.0
0.28971136247170154,0.2867673590551873,1.0,0.0
0.2960186047702128,0.28675163915772267,1.0,0.0
0.3023184464519131,0.286726565686981,1.0,0.0
0.30860930190032554,0.28668959302590846,1.0,0.0
0.31489035031274754,0.2866368782665037,1.0,0.0
0.32116183194209025,0.2865621455023978,1.0,0.0
0.3274257121102371,0.2864512618213781,1.0,0.0
0.33370428543404274,0.28632132348466593,1.0,0.0
0.3400170442839541,0.2862129131033423,1.0,0.0
0.3463479493722621,0.28612692857604977,1.0,0.0
0.3526784670645124,0.28604186653588975,1.0,0.0
0.35901334214533626,0.2859591177565876,1.0,0.0
0.36535601774979914,0.28588038798300075,1.0,0.0
0.3717126993952732,0.28581461462618235,1.0,0.0
0.3780799911466706,0.2857714232976675,1.0,0.0
0.38446117678143843,0.28573964314082045,1.0,0.0
0.3908566137853718,0.28572249126437765,1.0,0.0
0.3972534416747327,0.2857354257834733,1.0,0.0
0.40363454041067703,0.28578919878031817,1.0,0.0
0.40998981670046175,0.285879347996982,1.0,0.0
0.4163228060944413,0.28598728758143827,1.0,0.0
0.4226322555768316,0.2861066595357105,1.0,0.0
0.42892415715729115,0.2862225251845381,1.0,0.0
0.4352058156148535,0.2863247016672896,1.0,0.0
0.4414820893048668,0.28640996107364586,1.0,0.0
0.44775460543893814,0.28647942720856817,1.0,0.0
0.4540244025592695,0.2865343497620066,1.0,0.0
0.4602944594452975,0.2865686909074179,1.0,0.0
0.4665558658572768,0.28659729454359845,1.0,0.0
0.47280755647305517,0.2866393791851359,1.0,0.0
0.4790767517158736,0.2866496069144762,1.0,0.0
0.4853358261563689,0.2866538963807848,1.0,0.0
0.4915791707561101,0.2866480586069326,1.0,0.0
0.49772835442940383,0.28684684765444696,1.0,0.0
0.5038265541042933,0.2874746019954191,1.0,0.0
0.5104510812828505,0.2872875195639585,1.0,0.0
0.517308028938341,0.2862213284975717,1.0,0.0
0.5238559062793666,0.28487250691147026,1.0,0.0
0.5571008552075527,0.2894521007111059,1.0,0.0
0.5619483026747869,0.28766624866112767,1.0,0.0
0.5686307604353014,0.2888071997478573,1.0,0.0
0.5745172339502201,0.2881666958376429,1.0,0.0
0.5806752193703286,0.287644300839546,1.0,0.0
0.587262189985959,0.2848388309448897,1.0,0.0
0.5949299164592226,0.29070508655774474,1.0,0.0
0.6013916879856287,0.2877494877751668,1.0,0.0
0.6071060750245844,0.2893158574676038,1.0,0.0
0.6133303780737581,0.2881563287251745,1.0,0.0
0.6204727439722939,0.2890105262572539,1.0,0.0
0.6247436719673823,0.28397230745605395,1.0,0.0
0.6521594989601018,0.2837073534064198,1.0,0.0
0.7625682517817426,0.2854495534678397,1.0,0.0
0.7727829530760235,0.28514251704084137,1.0,0.0
0.07806668612276539,0.29327714872055716,1.0,0.0
0.08446479745603334,0.29097495064579204,1.0,0.0
0.08828333563059677,0.2952876061610653,1.0,0.0
0.09377216195637562,0.29483051857967224,1.0,0.0
0.10019964130652942,0.29390276350528216,1.0,0.0
0.10609590264090692,0.2925421198370343,1.0,0.0
0.11149710021072594,0.29152671735554675,1.0,0.0
0.11788360833906494,0.29154190050135986,1.0,0.0
0.12394542279816134,0.2922697136694076,1.0,0.0
0.1302207972012657,0.29309270665514775,1.0,0.0
0.13614109253283563,0.29386506507368854,1.0,0.0
0.14212885005332793,0.2946944702634603,1.0,0.0
0.14853735860135003,0.2949581096125768,1.0,0.0
0.15498912668685108,0.29428978696659996,1.0,0.0
0.16091973843609353,0.29367853883624556,1.0,0.0
0.16681364927084635,0.2934285053354105,1.0,0.0
0.17313039421632664,0.293669076818124,1.0,0.0
0.17949669857723705,0.2937289384045859,1.0,0.0
0.18578700672680276,0.29381009914476486,1.0,0.0
0.19217831605206023,0.2939235901980253,1.0,0.0
0.19855285505311365,0.2936141637713411,1.0,0.0
0.20493434904096908,0.29330928345717083,1.0,0.0
0.2111287240263676,0.29310817740395656,1.0,0.0
0.2174028703616574,0.2928841362590958,1.0,0.0
0.22385842604975234,0.2928825317602385,1.0,0.0
0.23019609452495593,0.29265106294570453,1.0,0.0
0.2363173408463772,0.29228607947647645,1.0,0.0
0.24252704773119757,0.29220208083481103,1.0,0.0
0.2487731177941935,0.2921711437873735,1.0,0.0
0.25504245625129296,0.2921606148172802,1.0,0.0
0.2613286286604972,0.29215943061689975,1.0,0.0
0.26762669861761806,0.2921613108063752,1.0,0.0
0.27393258273816146,0.2921628833860867,1.0,0.0
0.28024267795697744,0.2921623327477916,1.0,0.0
0.28655366334953636,0.29215850384909203,1.0,0.0
0.2928623961631811,0.2921501962729308,1.0,0.0
0.2991659973476363,0.2921358016303872,1.0,0.0
0.30546185935575143,0.29211281474183387,1.0,0.0
0.3117477819522759,0.29207730032305046,1.0,0.0
0.3180223277913551,0.2920234365337718,1.0,0.0
0.3242847727137601,0.2919410258419234,1.0,0.0
0.3305342644330585,0.29179948834515224,1.0,0.0
0.3368116830843033,0.29163248949791815,1.0,0.0
0.3431496237457641,0.29151552754715165,1.0,0.0
0.34950961181222523,0.29143719946383284,1.0,0.0
0.3558561920979209,0.2913495904106103,1.0,0.0
0.36220413854662215,0.2912603131269881,1.0,0.0
0.36856036459803854,0.29117043839537454,1.0,0.0
0.3749265850616074,0.29110536012158783,1.0,0.0
0.38131990666393806,0.2910509349932164,1.0,0.0
0.38773975805102545,0.29100560775583884,1.0,0.0
0.394166978557724,0.2909978086337163,1.0,0.0
0.4005743497605377,0.29104725832086414,1.0,0.0
0.4069463231253166,0.29114873720136675,1.0,0.0
0.41329297806806425,0.2912707887703123,1.0,0.0
0.41960914597342275,0.2914119362465662,1.0,0.0
0.4259033738585015,0.29155029358289686,1.0,0.0
0.43218658703247614,0.29167121702484095,1.0,0.0
0.43846579312760375,0.2917711252897534,1.0,0.0
0.4447423169751543,0.291853464922236,1.0,0.0
0.4510173745188666,0.2919194905087421,1.0,0.0
0.4572927602718735,0.2919675349859308,1.0,0.0
0.46356442277949483,0.2920061019739331,1.0,0.0
0.46983178776007495,0.2920457137454114,1.0,0.0
0.4761069867585479,0.29206839118786165,1.0,0.0
0.4823777421126043,0.2920866210482209,1.0,0.0
0.48863807723566355,0.29210705106170753,1.0,0.0
0.49485191886389707,0.29223565958247016,1.0,0.0
0.5010519959785925,0.29257818873508434,1.0,0.0
0.5075542225040887,0.2925237971621087,1.0,0.0
0.5141000211165432,0.2919689541450732,1.0,0.0
0.5201865808713886,0.29167079288472403,1.0,0.0
0.5253720552954699,0.29401984889087646,1.0,0.0
0.5524738849735513,0.2933643227265695,1.0,0.0
0.559321754216416,0.2942060379288346,1.0,0.0
0.5652012193922391,0.2934001592226618,1.0,0.0
0.5718679789071431,0.29380985786974567,1.0,0.0
0.5782265783293216,0.29317106779039037,1.0,0.0
0.5846740695507497,0.291600719703894,1.0,0.0
0.59009064620128,0.2922686687138526,1.0,0.0
0.5990214607737574,0.2935987643171277,1.0,0.0
0.6044391647870452,0.2941230721858886,1.0,0.0
0.6107747593321687,0.29402422234245146,1.0,0.0
0.6167286610004394,0.2935143295637158,1.0,0.0
0.623424306924851,0.29325987527335173,1.0,0.0
0.6288862197095988,0.2929097742432078,1.0,0.0
0.6349021965199187,0.29347004070670946,1.0,0.0
0.6408008258071167,0.2932145451797289,1.0,0.0
0.6461190501398609,0.29050601373637147,1.0,0.0
0.6517164978986707,0.28962280618885355,1.0,0.0
0.7630883675722125,0.29122018246236797,1.0,0.0
0.7683971558544065,0.29012171191267344,1.0,0.0
0.7744634658992336,0.2913985188422288,1.0,0.0
0.7811348482441757,0.2913180421800503,1.0,0.0
0.08229893446231888,0.2965347083692278,1.0,0.0
0.0855334736610698,0.3011108977601893,1.0,0.0
0.09166953536997721,0.3004554130852953,1.0,0.0
0.09791860091627165,0.2992566972042386,1.0,0.0
0.10393075520931899,0.29858506789518147,1.0,0.0
0.10977053811073845,0.2975648825828078,1.0,0.0
0.11553102221186055,0.2969325890279754,1.0,0.0
0.12140738000126913,0.2974500529155492,1.0,0.0
0.1272841452824623,0.2981982271646355,1.0,0.0
0.13327035299049445,0.29900984062505676,1.0,0.0
0.13931633482028793,0.29970314971166173,1.0,0.0
0.14562256664242834,0.30000275497937223,1.0,0.0
0.1520875565875095,0.2998129610369469,1.0,0.0
0.15828986234659875,0.2994803905181471,1.0,0.0
0.1643199385560413,0.29912960643262404,1.0,0.0
0.17036137334097728,0.2989878537880601,1.0,0.0
0.1765997754978031,0.299064425745771,1.0,0.0
0.18286659191501334,0.2991372702434912,1.0,0.0
0.18917170210851392,0.2991633629791483,1.0,0.0
0.19557761732872242,0.29906280207215147,1.0,0.0
0.20190370567851393,0.29880335409923325,1.0,0.0
0.20817525014355925,0.29863321152130284,1.0,0.0
0.21444069189008955,0.29840700037300205,1.0,0.0
0.2207019636039047,0.29822757902446295,1.0,0.0
0.22704295370255528,0.2981414770027568,1.0,0.0
0.23331766724031894,0.29795256563918926,1.0,0.0
0.23949379929057196,0.2977258849005539,1.0,0.0
0.24571261382855294,0.2976434209475808,1.0,0.0
0.2519574539368822,0.297602132769788,1.0,0.0
0.25822213606823524,0.2975798496034501,1.0,0.0
0.2645025313721498,0.29756739424974227,1.0,0.0
0.2707949614494288,0.29755974340886515,1.0,0.0
0.27709600075501994,0.2975542559585352,1.0,0.0
0.28340225745095693,0.29754944651993753,1.0,0.0
0.28971028194124204,0.2975441484671797,1.0,0.0
0.2960165238275693,0.297536748483549,1.0,0.0
0.302317594922237,0.2975249912334131,1.0,0.0
0.3086102157368159,0.29750534243027377,1.0,0.0
0.31489133689175464,0.2974722208160182,1.0,0.0
0.3211585769246939,0.29741758448348116,1.0,0.0
0.327409166680839,0.297326071813327,1.0,0.0
0.3336335955619223,0.2971322631386981,1.0,0.0
0.3399096777112618,0.29690574243353285,1.0,0.0
0.3462922233966736,0.29678736816081586,1.0,0.0
0.35269640224419013,0.2967331972868933,1.0,0.0
0.35905707192577474,0.2966436658214203,1.0,0.0
0.3654179778104901,0.29654349734959484,1.0,0.0
0.37176435226166893,0.29645751765401535,1.0,0.0
0.3781542871062805,0.29636258239734214,1.0,0.0
0.38460520892709066,0.2962761027550392,1.0,0.0
0.39107147021727656,0.2962357885796926,1.0,0.0
0.3975112305464345,0.2962777842113789,1.0,0.0
0.40389973682462943,0.2963955641110774,1.0,0.0
0.4102622659792573,0.2965318559401432,1.0,0.0
0.41658392273565364,0.29670004770231434,1.0,0.0
0.4228769922761835,0.2968665481436025,1.0,0.0
0.4291580943488762,0.29700934528394224,1.0,0.0
0.4354377033063135,0.29712428259433704,1.0,0.0
0.44171579393695776,0.2972195535798672,1.0,0.0
0.44799356234756815,0.29729668681522414,1.0,0.0
0.45427264529630945,0.2973557861275091,1.0,0.0
0.46055125278666487,0.29740275684111944,1.0,0.0
0.4668290882301607,0.29744425551740933,1.0,0.0
0.4731116009812308,0.2974743349278145,1.0,0.0
0.47939361620498105,0.29750026680756264,1.0,0.0
0.4856718215694136,0.29753027764906237,1.0,0.0
0.49193238496847935,0.2976175252813535,1.0,0.0
0.498201804181037,0.2978060456492891,1.0,0.0
0.5046434783019934,0.2977917880344598,1.0,0.0
0.5111547393794227,0.2975286312520526,1.0,0.0
0.5174836368702816,0.2973627100536279,1.0,0.0
0.5234203935669491,0.29838331076653246,1.0,0.0
0.5306099080930311,0.2971259073606943,1.0,0.0
0.5370627765189283,0.2976658375081422,1.0,0.0
0.5434069035547343,0.29761015004196484,1.0,0.0
0.5491183782613536,0.29776169940733116,1.0,0.0
0.5556517843457496,0.29871575367811415,1.0,0.0
0.5623956583693466,0.2991415123609801,1.0,0.0
0.5686532582191752,0.298751924908029,1.0,0.0
0.5753194838435042,0.29867545478284363,1.0,0.0
0.5818162584339552,0.29776861231921886,1.0,0.0
0.5877896065551453,0.29773391840505775,1.0,0.0
0.5941549326723771,0.29763529444277825,1.0,0.0
0.600595197229742,0.29922940487472954,1.0,0.0
0.6071360835751609,0.299305288814493,1.0,0.0
0.6135243080454229,0.29922207252922545,1.0,0.0
0.6197243728027364,0.29869724724991187,1.0,0.0
0.6258086765319385,0.29881581271954727,1.0,0.0
0.631706530268034,0.2987057602126455,1.0,0.0
0.6378882980096672,0.2988162629238215,1.0,0.0
0.6440352964150526,0.2976346089487674,1.0,0.0
0.6492731840510864,0.2963468896545452,1.0,0.0
0.6541192037041748,0.2943881409115435,1.0,0.0
0.6639534628158237,0.2949669464697329,1.0,0.0
0.6660764649989407,0.30125757942329845,1.0,0.0
0.7576895732852632,0.29254101895567064,1.0,0.0
0.764290182945066,0.2965899120246821,1.0,0.0
0.7706990404122478,0.2961627311281026,1.0,0.0
0.7776091069808265,0.29658876408396484,1.0,0.0
0.7843345438737355,0.29735087288145146,1.0,0.0
0.7909254970823012,0.2954503023728172,1.0,0.0
0.08873184797261564,0.3056023807202198,1.0,0.0
0.0957397743077405,0.3045986442889518,1.0,0.0
0.1015307304632398,0.30448752917903615,1.0,0.0
0.1073684125290189,0.30344296862564385,1.0,0.0
0.1132309774055819,0.3027469327126795,1.0,0.0
0.11901107081417775,0.30276668826839537,1.0,0.0
0.12467472595947739,0.3035520208939771,1.0,0.0
0.13051193884880555,0.3041806758077363,1.0,0.0
0.13652008986234412,0.3048110533290486,1.0,0.0
0.14273593065185106,0.305137310909839,1.0,0.0
0.1490860104859525,0.30512962712482,1.0,0.0
0.15537089192840875,0.30501577417415565,1.0,0.0
0.16154715767949543,0.30478902109358785,1.0,0.0
0.16764378137651692,0.3045740842082996,1.0,0.0
0.1737610855423589,0.3044725704250722,1.0,0.0
0.17996842924678563,0.304502974346303,1.0,0.0
0.18623268786719158,0.3045105565955366,1.0,0.0
0.1925518325667823,0.3044261940407939,1.0,0.0
0.19888477700153911,0.3042886906848223,1.0,0.0
0.20515657123795222,0.30411390943933564,1.0,0.0
0.2114300910646326,0.3039291756916469,1.0,0.0
0.2176808747806581,0.3037410648056937,1.0,0.0
0.22393126585931536,0.3035814458466988,1.0,0.0
0.230211893646491,0.3034659132344438,1.0,0.0
0.23645670081919304,0.3033101314088071,1.0,0.0
0.24265853331567314,0.3031529900855672,1.0,0.0
0.2488838567655136,0.3030739232100082,1.0,0.0
0.2551289237310089,0.3030256717703371,1.0,0.0
0.2613911469540837,0.30299389527171366,1.0,0.0
0.2676680724200265,0.30297187153231014,1.0,0.0
0.27395710444748467,0.30295604626028216,1.0,0.0
0.2802554713214389,0.3029447320973965,1.0,0.0
0.28655999540661253,0.30293694625119677,1.0,0.0
0.2928670771954826,0.30293163063201156,1.0,0.0
0.29917266066312703,0.302926709515257,1.0,0.0
0.3054728106270017,0.30291929688543556,1.0,0.0
0.31176343881260254,0.3029047683745298,1.0,0.0
0.3180403480947294,0.3028756504815959,1.0,0.0
0.324299867307824,0.3028219391926378,1.0,0.0
0.3305353580918583,0.30272253216751666,1.0,0.0
0.3367143970777732,0.3024375716290957,1.0,0.0
0.3429897378289469,0.3021162573530231,1.0,0.0
0.34945105900606516,0.3020172445230438,1.0,0.0
0.3559231735840566,0.3020208286248584,1.0,0.0
0.3622981438342882,0.30191950039698495,1.0,0.0
0.36861719462233156,0.30185602891677954,1.0,0.0
0.3749713459587727,0.30170493774795343,1.0,0.0
0.3814411405752004,0.3015283879445472,1.0,0.0
0.38796645351069553,0.30144284024905843,1.0,0.0
0.39444715146577625,0.3014735776539728,1.0,0.0
0.40084933868149497,0.3016179322205935,1.0,0.0
0.40723247795663237,0.3017657542354458,1.0,0.0
0.4135587967541795,0.3019684616602367,1.0,0.0
0.4198463182554211,0.30217173510451273,1.0,0.0
0.42612072444579063,0.3023411477286177,1.0,0.0
0.43239857712830204,0.30247112706959567,1.0,0.0
0.4386761773900454,0.30257952827359474,1.0,0.0
0.44495441580800227,0.3026678955983022,1.0,0.0
0.4512354334372265,0.30273655022826657,1.0,0.0
0.4575183579983597,0.30279080431087646,1.0,0.0
0.463802899121315,0.302835739565039,1.0,0.0
0.4700913330797188,0.30287071208341937,1.0,0.0
0.4763813396188381,0.3029007660430476,1.0,0.0
0.4826711677548306,0.3029328694685615,1.0,0.0
0.4889560781074805,0.30299369816003047,1.0,0.0
0.49525413987310274,0.303099157901052,1.0,0.0
0.5016463641137511,0.30309942729151307,1.0,0.0
0.5080804019332903,0.3029661971894595,1.0,0.0
0.5144245057494593,0.30287529072354097,1.0,0.0
0.5205966366103167,0.30327986996965883,1.0,0.0
0.5273747491187383,0.30272952636359984,1.0,0.0
0.533611915425645,0.30278022048690784,1.0,0.0
0.5400263491697471,0.30304332017311086,1.0,0.0
0.5462347273621908,0.30331982989899064,1.0,0.0
0.5523937180012263,0.3035318118814233,1.0,0.0
0.5589407863024097,0.3039883934390277,1.0,0.0
0.5655887547630253,0.30419513558906847,1.0,0.0
0.5720280941073558,0.30387820159083406,1.0,0.0
0.5785794423379254,0.30354745106049436,1.0,0.0
0.5847357774988855,0.3033437470460631,1.0,0.0
0.5909484598969617,0.30319588945595943,1.0,0.0
0.596999254274715,0.30370989862821335,1.0,0.0
0.6036281693078503,0.30439810726979466,1.0,0.0
0.610101254149849,0.3045174979374855,1.0,0.0
0.6164825961871448,0.304374480931868,1.0,0.0
0.6226090065433431,0.30424603519819654,1.0,0.0
0.628812288495541,0.3042841098448078,1.0,0.0
0.6350007146658315,0.30413593921174803,1.0,0.0
0.6414375021417895,0.3036084959215838,1.0,0.0
0.6475645658138454,0.3027368776824671,1.0,0.0
0.6535164008615,0.30161472930766015,1.0,0.0
0.6593810403526483,0.30342611171548395,1.0,0.0
0.6651062666452608,0.30611484977802766,1.0,0.0
0.7602876722742552,0.3022761791143761,1.0,0.0
0.7672807536856757,0.3016019087478193,1.0,0.0
0.7736032919332225,0.30174315836687077,1.0,0.0
0.7798079893377842,0.3021972209678649,1.0,0.0
0.7855343201295926,0.3033054301793978,1.0,0.0
0.7903504448689465,0.30131988087344486,1.0,0.0
0.092555828514757,0.3088665463692782,1.0,0.0
0.09862104852839178,0.31023399395566464,1.0,0.0
0.10485880244835637,0.3094253326185113,1.0,0.0
0.11050677916081264,0.30851084434910514,1.0,0.0
0.11643338844747972,0.3082112484306619,1.0,0.0
0.12192381845711317,0.30900408829491594,1.0,0.0
0.12771314255825303,0.3095093446811792,1.0,0.0
0.13366007470977545,0.31000224074723415,1.0,0.0
0.13980896161414968,0.31033661662040224,1.0,0.0
0.14608121527915974,0.31042911577444354,1.0,0.0
0.15235146304379996,0.31041027052013037,1.0,0.0
0.1585913860157526,0.31030835112996924,1.0,0.0
0.1647699369652424,0.31014839193339294,1.0,0.0
0.1709127075165648,0.31000210549675844,1.0,0.0
0.17707062158783404,0.309929208440034,1.0,0.0
0.1832918137924744,0.3099048367919051,1.0,0.0
0.18956211876540335,0.30983550299908186,1.0,0.0
0.19584756106817108,0.30972277922079955,1.0,0.0
0.20212702926683265,0.3095957851607709,1.0,0.0
0.2083896521497292,0.30942801817351284,1.0,0.0
0.21464146114065774,0.3092602248035,1.0,0.0
0.22088070293188572,0.30909518240127687,1.0,0.0
0.22711879588872663,0.30894963316201185,1.0,0.0
0.23336752886510323,0.30882801465455545,1.0,0.0
0.23959832872704054,0.308695323527465,1.0,0.0
0.2458124317270409,0.3085733561765858,1.0,0.0
0.25204202357575306,0.30849652986951714,1.0,0.0
0.2582877052455914,0.3084426026510418,1.0,0.0
0.26454875060913713,0.30840263688503117,1.0,0.0
0.2708238981215526,0.30837220809159727,1.0,0.0
0.2771114555584998,0.3083492607559582,1.0,0.0
0.283409268130906,0.3083332530616537,1.0,0.0
0.28971430917148344,0.3083238516801881,1.0,0.0
0.2960227594923355,0.3083202301234689,1.0,0.0
0.3023298801366844,0.30831967457176407,1.0,0.0
0.30863124142042736,0.3083187476516187,1.0,0.0
0.314921869656607,0.3083117466723029,1.0,0.0
0.3211961278499407,0.30828907515240306,1.0,0.0
0.3274489854616707,0.3082403906065939,1.0,0.0
0.3336671107416618,0.30814106813902636,1.0,0.0
0.33976133771779465,0.3076923779699104,1.0,0.0
0.3460389000637319,0.30722398304669135,1.0,0.0
0.35263532809390646,0.30719017517532654,1.0,0.0
0.35924472861883217,0.30728974523456537,1.0,0.0
0.3654977536464768,0.30729362521708176,1.0,0.0
0.3718076113465558,0.30713401725730904,1.0,0.0
0.378266172478257,0.3068005036794809,1.0,0.0
0.3848346428197295,0.3065931583661393,1.0,0.0
0.3913848544489081,0.3066236768278396,1.0,0.0
0.39779132021792496,0.30681562666138446,1.0,0.0
0.4042048932572879,0.30696487418518936,1.0,0.0
0.4105360188466754,0.3072126008273286,1.0,0.0
0.4168122338199857,0.30746589163406396,1.0,0.0
0.4230736204653622,0.307669294261317,1.0,0.0
0.42934836837081514,0.30781303806819654,1.0,0.0
0.43562403015369117,0.3079348011889275,1.0,0.0
0.4419007956094713,0.3080349174673176,1.0,0.0
0.4481822520502903,0.30811220479144613,1.0,0.0
0.4544676551899712,0.3081728905034443,1.0,0.0
0.4607565496476371,0.3082216427531173,1.0,0.0
0.46704962042670684,0.3082602522451759,1.0,0.0
0.47334563090507575,0.30829277473073585,1.0,0.0
0.47964366515030044,0.3083245897153513,1.0,0.0
0.4859426135599149,0.3083692509600521,1.0,0.0
0.4922540401612036,0.308431366840846,1.0,0.0
0.4986176564792312,0.30843733460017553,1.0,0.0
0.5050076901166795,0.30837063145300675,1.0,0.0
0.5113560199785648,0.3083200442223829,1.0,0.0
0.5176326389275187,0.308476220955698,1.0,0.0
0.5241654711966643,0.3082171828922436,1.0,0.0
0.530462436593431,0.30822440050178274,1.0,0.0
0.5367464667193305,0.3083140808593612,1.0,0.0
0.5430562235755064,0.3086164664160499,1.0,0.0
0.5493733477831042,0.3088590336435651,1.0,0.0
0.5557125394874436,0.3090147760512059,1.0,0.0
0.5622340202496503,0.30923512372480094,1.0,0.0
0.5688146616584348,0.30927479834652594,1.0,0.0
0.5752486019744469,0.30900808323230144,1.0,0.0
0.5815609839435455,0.30892543742491674,1.0,0.0
0.5877958371774891,0.3087864838735976,1.0,0.0
0.5939227887215891,0.30899291967600173,1.0,0.0
0.6002019761045858,0.3092909599380134,1.0,0.0
0.6067021710468569,0.3096822593797474,1.0,0.0
0.6131411460094852,0.30974965337306,1.0,0.0
0.6194479995248731,0.30974279214559736,1.0,0.0
0.6256857264766905,0.30967524366225174,1.0,0.0
0.6319796707223474,0.30960232594054754,1.0,0.0
0.6382979994145869,0.30921999077560686,1.0,0.0
0.6445095759277523,0.3087396673002071,1.0,0.0
0.6504606118925855,0.30798065302211025,1.0,0.0
0.6559343563611477,0.3082486226100665,1.0,0.0
0.6613254447988999,0.3100684432936796,1.0,0.0
0.667787574792444,0.31090183072603533,1.0,0.0
0.6823306930876355,0.30911837909441914,1.0,0.0
0.7621932091349328,0.3112216856317474,1.0,0.0
0.7645275115161113,0.30662918900844105,1.0,0.0
0.7706806199352012,0.30733243613267247,1.0,0.0
0.776958345984579,0.3075065480889142,1.0,0.0
0.7833167145030709,0.30817549383224363,1.0,0.0
0.7903798242151154,0.3077303272637084,1.0,0.0
0.7962385532048265,0.30488367154574114,1.0,0.0
0.8047392077037605,0.3086921759817238,1.0,0.0
0.10258486572742351,0.314811615632021,1.0,0.0
0.10852604855191184,0.31480091848450625,1.0,0.0
0.1137181939922311,0.3135909608896019,1.0,0.0
0.11880120246177658,0.3145682849770777,1.0,0.0
0.1245702602080828,0.3148871992039325,1.0,0.0
0.13057518257237488,0.315268230169334,1.0,0.0
0.136736302846473,0.31556439655335033,1.0,0.0
0.1429996234915841,0.3157160370716971,1.0,0.0
0.14927568125153565,0.3157617260891321,1.0,0.0
0.15553804853123987,0.3157304801444466,1.0,0.0
0.16177041162425912,0.31564444542730236,1.0,0.0
0.16796464863183583,0.31552561720225064,1.0,0.0
0.17414014964898963,0.31542013029326,1.0,0.0
0.18033397111285301,0.31534358579678007,1.0,0.0
0.18656887881572007,0.31527007252541867,1.0,0.0
0.19282381822658168,0.3151726614376614,1.0,0.0
0.19908134268582556,0.315057867810673,1.0,0.0
0.20533983708466902,0.31492275800229075,1.0,0.0
0.21158506097523253,0.31476850311730975,1.0,0.0
0.21782192094687222,0.31461443202569767,1.0,0.0
0.22405113776239147,0.3144656004753476,1.0,0.0
0.23027916103364446,0.3143308937810842,1.0,0.0
0.2365109886143953,0.31421164353279635,1.0,0.0
0.2427352131734782,0.3140939435984198,1.0,0.0
0.24895527476291546,0.313989472133739,1.0,0.0
0.2551874877516207,0.3139129386580065,1.0,0.0
0.2614337256202178,0.3138535416524424,1.0,0.0
0.2676942899934406,0.3138059686077876,1.0,0.0
0.2739688378371365,0.3137677805267644,1.0,0.0
0.28025648124811375,0.31373841043796624,1.0,0.0
0.2865556977667469,0.31371871363523207,1.0,0.0
0.2928635102880041,0.3137091336368343,1.0,0.0
0.29917580522927806,0.31370922935440226,1.0,0.0
0.30548688758353065,0.31371517825023737,1.0,0.0
0.3117921894024385,0.31372319621559036,1.0,0.0
0.3180860676239796,0.3137266025392368,1.0,0.0
0.32436149000004555,0.3137133160623594,1.0,0.0
0.3306134348486085,0.31367749423565133,1.0,0.0
0.3368183886489836,0.31360074843971036,1.0,0.0
0.34275071994251893,0.31285011332641954,1.0,0.0
0.34904522423446266,0.3121654211973168,1.0,0.0
0.35593903043273967,0.3122056445976976,1.0,0.0
0.362493779558962,0.31283001982260494,1.0,0.0
0.3686531663599006,0.31263950305677546,1.0,0.0
0.3751609019715295,0.31216181001513266,1.0,0.0
0.3817242459402826,0.31174288208233447,1.0,0.0
0.38828895587432005,0.31167536068377405,1.0,0.0
0.394714059779982,0.3119926951776651,1.0,0.0
0.40117894327050796,0.31211663971656595,1.0,0.0
0.4075172607676955,0.312424271919427,1.0,0.0
0.4137747564050005,0.31274816266066807,1.0,0.0
0.42001357292136493,0.3129977983393067,1.0,0.0
0.4262858067932427,0.3131508285762233,1.0,0.0
0.4325592101080741,0.313286122495772,1.0,0.0
0.4388328046473438,0.3133993168839973,1.0,0.0
0.44511363010814636,0.31348455927540464,1.0,0.0
0.4514003442606437,0.3135509319622425,1.0,0.0
0.4576921891871253,0.31360332931884455,1.0,0.0
0.4639889274607263,0.3136448075588461,1.0,0.0
0.47028959225253086,0.3136790124750767,1.0,0.0
0.47659353503469787,0.31371011016265765,1.0,0.0
0.4829007647835336,0.31374523476778954,1.0,0.0
0.4892182613706099,0.31378506938425693,1.0,0.0
0.4955653200886815,0.313793442166047,1.0,0.0
0.5019291246113045,0.313760882522582,1.0,0.0
0.5082745542499135,0.3137319092497512,1.0,0.0
0.5145891640041025,0.3137874575865289,1.0,0.0
0.5210111438251294,0.31366541666692227,1.0,0.0
0.5273232051913599,0.3136557596394955,1.0,0.0
0.5336157144495175,0.3137145512569399,1.0,0.0
0.5398927354902179,0.31388082346914387,1.0,0.0
0.5462318053372613,0.3141136187303316,1.0,0.0
0.5526072056707348,0.31428497319626475,1.0,0.0
0.5590084447031883,0.31438504858567673,1.0,0.0
0.5654956917476337,0.31447107156953485,1.0,0.0
0.5719800413688116,0.3144497998479816,1.0,0.0
0.5783165546193669,0.3143678898815861,1.0,0.0
0.5846176071505973,0.3143190688054506,1.0,0.0
0.5908213520788311,0.3143937437336041,1.0,0.0
0.5970707316738044,0.3145627445859509,1.0,0.0
0.603395121499726,0.31477515605009504,1.0,0.0
0.6098313183804572,0.3149960378070271,1.0,0.0
0.6162127584279061,0.31508776857640775,1.0,0.0
0.6225498890510921,0.31508735658087883,1.0,0.0
0.6288639772911407,0.31499978744155416,1.0,0.0
0.6352078995399368,0.31478884042406224,1.0,0.0
0.6414588416686536,0.3144626571373487,1.0,0.0
0.6475972228044597,0.31403938303442325,1.0,0.0
0.653441977894983,0.31398921081296327,1.0,0.0
0.6590635052078978,0.3149685242058975,1.0,0.0
0.6652127238303854,0.31566499175786955,1.0,0.0
0.6718665719833499,0.3149972858884397,1.0,0.0
0.6769714629800182,0.3132561677488697,1.0,0.0
0.6816773624897696,0.31531790098256157,1.0,0.0
0.7619934561407322,0.31711066680146893,1.0,0.0
0.7678288761293528,0.31296950400421053,1.0,0.0
0.7739757919070587,0.31297424199155316,1.0,0.0
0.780105646062134,0.31326794168385635,1.0,0.0
0.7865334485119826,0.3131370422771332,1.0,0.0
0.7924265149772104,0.31349023283082367,1.0,0.0
0.7969820495935688,0.3106259810931605,1.0,0.0
0.8015988155847057,0.31388540701660755,1.0,0.0
0.1063416235382224,0.3199755123087697,1.0,0.0
0.11357594313506687,0.31945048485072053,1.0,0.0
0.12040412928999804,0.32001574822762485,1.0,0.0
0.12695857917193262,0.32040987398692916,1.0,0.0
0.13338982821141854,0.3207385062075459,1.0,0.0
0.13977257344334565,0.32094855418748075,1.0,0.0
0.14611477657601094,0.3210630513652145,1.0,0.0
0.15241996591064985,0.32109630964357716,1.0,0.0
0.15869087014445984,0.3210692919875124,1.0,0.0
0.1649295711710384,0.3210000346680255,1.0,0.0
0.17114038009074486,0.32090918847729244,1.0,0.0
0.1773432031345598,0.3208174744573387,1.0,0.0
0.18355932507779074,0.3207273509132677,1.0,0.0
0.18979315004985434,0.32063365262617677,1.0,0.0
0.1960342764081518,0.3205279905090554,1.0,0.0
0.20227818450766896,0.32040645277388635,1.0,0.0
0.2085192545386934,0.3202724722160482,1.0,0.0
0.2147516417733946,0.3201284749386896,1.0,0.0
0.22097780166150008,0.3199856413389704,1.0,0.0
0.2271992753684751,0.3198485775900255,1.0,0.0
0.23342002587380228,0.31972229621766884,1.0,0.0
0.2396427647030324,0.3196074379606399,1.0,0.0
0.24586376519886952,0.3194987663870815,1.0,0.0
0.25208660782955444,0.3194022926355566,1.0,0.0
0.2583201622980695,0.3193241357027066,1.0,0.0
0.2645665922544745,0.31925891830361514,1.0,0.0
0.2708268735288258,0.3192037810553544,1.0,0.0
0.2771014744379472,0.31915801197392274,1.0,0.0
0.2833902951076049,0.3191225474085278,1.0,0.0
0.289692561153614,0.31910006498363896,1.0,0.0
0.29600516717759995,0.31909186276164186,1.0,0.0
0.30232365883186435,0.3190981340046405,1.0,0.0
0.3086409065318077,0.3191127744194282,1.0,0.0
0.3149533176361704,0.31913205284305757,1.0,0.0
0.3212557272140357,0.3191482980319156,1.0,0.0
0.32754150346704874,0.3191454043906844,1.0,0.0
0.33381361635165846,0.31913299838610165,1.0,0.0
0.3400416304110982,0.31912327764649984,1.0,0.0
0.34567593573887845,0.31780324527374865,1.0,0.0
0.35216052995924585,0.31670376976564146,1.0,0.0
0.35888929163551786,0.31753970621144706,1.0,0.0
0.3657430072419953,0.31846369691786325,1.0,0.0
0.3720971454190608,0.31750014289658773,1.0,0.0
0.3788013486817328,0.31698875837401874,1.0,0.0
0.38525695996756276,0.31675321379512433,1.0,0.0
0.3915049347644811,0.31707852134366704,1.0,0.0
0.39815486793184757,0.31720053045330704,1.0,0.0
0.40450437217247653,0.3175896549187607,1.0,0.0
0.41073291905054377,0.31801547387867374,1.0,0.0
0.4169330277205368,0.31833339707743114,1.0,0.0
0.42320784379510207,0.3184840332427995,1.0,0.0
0.4294809059064762,0.31863300292811014,1.0,0.0
0.435749749327351,0.31876240456215416,1.0,0.0
0.44202948465438846,0.3188549544960478,1.0,0.0
0.4483170088471192,0.31892629376935666,1.0,0.0
0.4546111677595437,0.3189818836902169,1.0,0.0
0.4609110778752782,0.31902563071450357,1.0,0.0
0.4672156603827082,0.31906110382628367,1.0,0.0
0.4735241769215524,0.3190917330801231,1.0,0.0
0.4798366818336244,0.3191216025191289,1.0,0.0
0.4861570953967762,0.3191503826116528,1.0,0.0
0.49249466657618773,0.3191602806085259,1.0,0.0
0.49884286391013444,0.3191460212914543,1.0,0.0
0.5051833972436118,0.3191297806209453,1.0,0.0
0.5115101716984871,0.31914698116151763,1.0,0.0
0.517880270643246,0.319088472279863,1.0,0.0
0.52419862471162,0.3190803417114563,1.0,0.0
0.5304972580713572,0.31911833243275256,1.0,0.0
0.5367855763944239,0.3192278269238547,1.0,0.0
0.5430973575802027,0.31938227276449244,1.0,0.0
0.5494611319680266,0.3195455088031807,1.0,0.0
0.5558551142342624,0.31965925252948263,1.0,0.0
0.5622651152888737,0.31971635054481573,1.0,0.0
0.5686968518444522,0.31975545606204664,1.0,0.0
0.5750863436637585,0.31977923153001464,1.0,0.0
0.5814107758109737,0.31975737157236206,1.0,0.0
0.5876833620556053,0.31981288088823523,1.0,0.0
0.5939494740101794,0.31991116377446416,1.0,0.0
0.6002469965577168,0.3200534274355933,1.0,0.0
0.6065919522971408,0.32020269083098296,1.0,0.0
0.6129823219993944,0.32035788907847856,1.0,0.0
0.619362416096288,0.3204201465154568,1.0,0.0
0.6257257975245429,0.3203918596758596,1.0,0.0
0.632075713646869,0.3202542620055285,1.0,0.0
0.6383837426494335,0.32005804977675856,1.0,0.0
0.6446115036140935,0.3197917108675516,1.0,0.0
0.6506930650603696,0.3196980428865509,1.0,0.0
0.6566480386326545,0.3201644931248273,1.0,0.0
0.6629155300992357,0.3206272693449956,1.0,0.0
0.6696721995549312,0.32028209737206637,1.0,0.0
0.6765058763761537,0.3196590813761566,1.0,0.0
0.6834654051716813,0.3200454818411701,1.0,0.0
0.6896142668422374,0.31916922547770543,1.0,0.0
0.6961954867621806,0.3193679446267588,1.0,0.0
0.7029045218925871,0.3204280358193168,1.0,0.0
0.7570758271558777,0.31381604004789476,1.0,0.0
0.7666796409416935,0.31913034845864885,1.0,0.0
0.7718166493441699,0.31868657695936486,1.0,0.0
0.7775821645861932,0.3187511758641484,1.0,0.0
0.7837697547555881,0.31863309940325873,1.0,0.0
0.7900521608028132,0.31878534656678076,1.0,0.0
0.7966948857194641,0.3178885209978487,1.0,0.0
0.8031721461458642,0.3190578970696918,1.0,0.0
0.808429433411223,0.31611035545412064,1.0,0.0
0.10593208062842206,0.3253658474604125,1.0,0.0
0.11144169317197183,0.3247852013199731,1.0,0.0
0.11751464196353133,0.3249494976729766,1.0,0.0
0.12386521901051492,0.3254393537174121,1.0,0.0
0.13023665190451766,0.32583167861532786,1.0,0.0
0.13661131007158053,0.3261175587048583,1.0,0.0
0.14296386164759417,0.3263063501808772,1.0,0.0
0.14928772593399198,0.32640999488897243,1.0,0.0
0.15558072704481712,0.3264432054296715,1.0,0.0
0.16184496205258142,0.3264235991303862,1.0,0.0
0.16808422074204096,0.3263679803598542,1.0,0.0
0.17430644413664723,0.32628981951213837,1.0,0.0
0.18052468549017398,0.32619989152788686,1.0,0.0
0.18674762100241477,0.32610435404991667,1.0,0.0
0.1929771844409548,0.32600371168886183,1.0,0.0
0.19921038081783632,0.32589196861084335,1.0,0.0
0.20544305153840792,0.3257694658986917,1.0,0.0
0.21167225103139922,0.32563879829539544,1.0,0.0
0.21789537940392115,0.3255031052796218,1.0,0.0
0.22411402521672702,0.3253692514569458,1.0,0.0
0.2303298469572627,0.3252408637087078,1.0,0.0
0.23654556442919933,0.32512094834916005,1.0,0.0
0.24276316383271335,0.32500998621496674,1.0,0.0
0.24898223474534098,0.32490610795400815,1.0,0.0
0.25520594792828405,0.324812245224103,1.0,0.0
0.261439639323991,0.32473080381520536,1.0,0.0
0.2676855334879841,0.3246591182307911,1.0,0.0
0.27394516282225895,0.3245960480810909,1.0,0.0
0.2802198096440576,0.32454247302534023,1.0,0.0
0.2865101827280928,0.32450088316876025,1.0,0.0
0.29281649688041234,0.32447657529243096,1.0,0.0
0.29913505455067724,0.32447163509069643,1.0,0.0
0.3054609261335493,0.32448745643133137,1.0,0.0
0.3117841649721762,0.3245129042915916,1.0,0.0
0.3181041290159816,0.32454513374504534,1.0,0.0
0.3244178365692666,0.3245747419701796,1.0,0.0
0.3307225774528767,0.3245751994819096,1.0,0.0
0.33705134406768195,0.32459156713000187,1.0,0.0
0.34339710554056546,0.32471570424065443,1.0,0.0
0.34859958900643545,0.3221793143082996,1.0,0.0
0.3543601531139823,0.3217317301636898,1.0,0.0
0.3615521022309045,0.32259345059643957,1.0,0.0
0.36990576272953635,0.3233124024897013,1.0,0.0
0.376035020983093,0.32205322569081224,1.0,0.0
0.38265236843481076,0.3220122543211574,1.0,0.0
0.3883254992998037,0.32243158521117593,1.0,0.0
0.39492083892291674,0.32198052236678026,1.0,0.0
0.4014869756364124,0.3226834058166284,1.0,0.0
0.40767915818512257,0.3232583707875299,1.0,0.0
0.41381278690033263,0.3236871663853785,1.0,0.0
0.4201076971367968,0.3238086803798962,1.0,0.0
0.42638762417081455,0.3239722679797638,1.0,0.0
0.4326500920012362,0.3241252151145432,1.0,0.0
0.43892924989545995,0.3242242566394416,1.0,0.0
0.44521781577040226,0.32429986903410796,1.0,0.0
0.4515143255968308,0.32435805249982563,1.0,0.0
0.4578174179727483,0.3244034909539051,1.0,0.0
0.4641257432147634,0.3244399204117972,1.0,0.0
0.47043827785628534,0.32447044031776257,1.0,0.0
0.47675469420302347,0.32449777590052137,1.0,0.0
0.4830769253017981,0.3245215731022899,1.0,0.0
0.4894092712999743,0.3245330618030641,1.0,0.0
0.4957482636235659,0.3245293991970487,1.0,0.0
0.5020842144330505,0.32452168687615746,1.0,0.0
0.5084135322290965,0.32452618403222866,1.0,0.0
0.5147591576952119,0.32449857774295154,1.0,0.0
0.5210790068107182,0.32449520203922444,1.0,0.0
0.5273838493128598,0.3245228660845542,1.0,0.0
0.533680154114168,0.3245968319285676,1.0,0.0
0.5399887852017465,0.3247075243440621,1.0,0.0
0.5463259673045241,0.32483014567814084,1.0,0.0
0.5526980276841448,0.32494282475334946,1.0,0.0
0.5590876741934329,0.32501876642789984,1.0,0.0
0.5654763760787176,0.32506398726977215,1.0,0.0
0.5718546050471132,0.32511658566811286,1.0,0.0
0.5782101662137097,0.3251554456782897,1.0,0.0
0.5845180567437264,0.32520227435969273,1.0,0.0
0.5908145920579331,0.3252807510246896,1.0,0.0
0.5971154322222576,0.32538132326522207,1.0,0.0
0.6034399823818107,0.32549586388399887,1.0,0.0
0.6097897405789781,0.3256135772049573,1.0,0.0
0.616171071646018,0.32571178776379267,1.0,0.0
0.6225530170665208,0.3257356766463654,1.0,0.0
0.6289223989365377,0.32567367462086766,1.0,0.0
0.635252649141543,0.32555057191088854,1.0,0.0
0.6415319466043287,0.32539129518976817,1.0,0.0
0.6477152973819607,0.32529914453063363,1.0,0.0
0.6538186300501895,0.32548939528323617,1.0,0.0
0.6600820532931837,0.3257311247610694,1.0,0.0
0.6666467517311372,0.32554882441475047,1.0,0.0
0.6732056846177363,0.32514764022184356,1.0,0.0
0.6795551272199869,0.324992740600354,1.0,0.0
0.6860206168853983,0.3251182894450681,1.0,0.0
0.6919643665218997,0.32471497021296575,1.0,0.0
0.6977751906530122,0.3250291738953668,1.0,0.0
0.7030827599963279,0.3262344669564716,1.0,0.0
0.7082988013173344,0.32499486192561694,1.0,0.0
0.7171622250894963,0.3234063205983252,1.0,0.0
0.7619766864565121,0.3236321916019664,1.0,0.0
0.7678585061762514,0.32479088256093375,1.0,0.0
0.7740509847482218,0.3243300401020165,1.0,0.0
0.7805145196534596,0.3241386978755046,1.0,0.0
0.787004978642814,0.32404032330448135,1.0,0.0
0.7937240971909182,0.32357219411583593,1.0,0.0
0.8001368587873301,0.32359343205720986,1.0,0.0
0.8074642290939623,0.3228013141703451,1.0,0.0
0.8134931527295082,0.3235430358505909,1.0,0.0
0.108082996568325,0.3306315445053948,1.0,0.0
0.11451416064080915,0.33025580599213616,1.0,0.0
0.12082726171630678,0.3305317226430739,1.0,0.0
0.12716042634432784,0.33094819946232384,1.0,0.0
0.13350479188477024,0.3312744482994221,1.0,0.0
0.13984209794105948,0.33152200961740513,1.0,0.0
0.14616246298218957,0.3316875863446848,1.0,0.0
0.15246143229721898,0.3317792757411564,1.0,0.0
0.1587375603121841,0.3318096409060978,1.0,0.0
0.16499261029765816,0.3317933948640101,1.0,0.0
0.17123094585504575,0.33174308803885344,1.0,0.0
0.177458601876993,0.33166864609485835,1.0,0.0
0.1836820078168086,0.33157991706672696,1.0,0.0
0.1899058392091461,0.3314830775004182,1.0,0.0
0.19613206102704997,0.33137856930969417,1.0,0.0
0.20235858225811745,0.33126518767282576,1.0,0.0
0.208583199804414,0.3311440135895721,1.0,0.0
0.21480431448553844,0.3310175044774601,1.0,0.0
0.22102096011612116,0.33088864609112967,1.0,0.0
0.22723437434899102,0.33076189131537825,1.0,0.0
0.2334461094136697,0.3306399211026696,1.0,0.0
0.2396582325227278,0.33052459570409853,1.0,0.0
0.24587247211131993,0.33041626017648107,1.0,0.0
0.2520897568047338,0.3303142154850475,1.0,0.0
0.2583127961719285,0.33021973185364933,1.0,0.0
0.2645452339751102,0.33013362311005295,1.0,0.0
0.2707893600354524,0.330054665360791,1.0,0.0
0.2770472427276464,0.32998298651168073,1.0,0.0
0.28332103920653356,0.3299210883102557,1.0,0.0
0.28961222149774307,0.3298730650065175,1.0,0.0
0.2959223818384736,0.32984844378497014,1.0,0.0
0.30224588572343386,0.3298497275172198,1.0,0.0
0.3085765099687452,0.32988126969451503,1.0,0.0
0.3148964236890056,0.32992123581923555,1.0,0.0
0.321207666449091,0.3299710083875501,1.0,0.0
0.32750165626586014,0.3300196552725268,1.0,0.0
0.33376102052815165,0.33001598735275145,1.0,0.0
0.3400390798102263,0.33008279536911417,1.0,0.0
0.3461791789084361,0.3308713395094056,1.0,0.0
0.37486122265336275,0.32784919131700735,1.0,0.0
0.38038698355326556,0.32666540194427784,1.0,0.0
0.38579030340193865,0.3286225912518693,1.0,0.0
0.3917075844940434,0.3270048310721913,1.0,0.0
0.3979899777551864,0.32721215356917394,1.0,0.0
0.4045718593631689,0.3284402196998557,1.0,0.0
0.4106007583433434,0.3290735399233912,1.0,0.0
0.4169692122680674,0.3291090536466362,1.0,0.0
0.42327759169623735,0.32929418557872664,1.0,0.0
0.42953189133841435,0.32948844578021813,1.0,0.0
0.4358126046756585,0.3295927874303551,1.0,0.0
0.4421031263626516,0.32967217015112704,1.0,0.0
0.4484024823355618,0.3297323022683235,1.0,0.0
0.4547091382005846,0.3297788036630503,1.0,0.0
0.4610214631012026,0.3298158269532225,1.0,0.0
0.467338048894899,0.32984646894028624,1.0,0.0
0.47365799860184493,0.3298729705689326,1.0,0.0
0.4799819485429833,0.3298951600611547,1.0,0.0
0.48631176547299665,0.3299086361381712,1.0,0.0
0.49264551933464434,0.3299118915187695,1.0,0.0
0.4989779767481117,0.3299105919430874,1.0,0.0
0.5053067656801612,0.32991274563154677,1.0,0.0
0.5116406476421835,0.32990127960007,1.0,0.0
0.5179606570997883,0.32990255588934103,1.0,0.0
0.5242699447857403,0.329924675504376,1.0,0.0
0.5305727351291851,0.3299775946033848,1.0,0.0
0.5368812322442224,0.33005824530349753,1.0,0.0
0.5432072659717987,0.3301535816619443,1.0,0.0
0.5495556462820967,0.33024768384475156,1.0,0.0
0.5559237857685941,0.33032925438103,1.0,0.0
0.5622963212089983,0.33039159221350156,1.0,0.0
0.5686588552850124,0.33044817897507756,1.0,0.0
0.5750134120257151,0.3305069940380953,1.0,0.0
0.5813480587812607,0.33057249113290704,1.0,0.0
0.587665221763698,0.33064194627844823,1.0,0.0
0.593980468252742,0.33072654276210356,1.0,0.0
0.600303697982708,0.33081839488026854,1.0,0.0
0.6066421651972601,0.3309145137598713,1.0,0.0
0.6130008239229885,0.3309990395148078,1.0,0.0
0.6193788325028399,0.3310531263325658,1.0,0.0
0.6257548425260776,0.33104588128562656,1.0,0.0
0.6321057313660359,0.3309863231688686,1.0,0.0
0.638416477723091,0.3308919951882582,1.0,0.0
0.6446687056870039,0.3308257331010179,1.0,0.0
0.6508672142351201,0.3308881517938016,1.0,0.0
0.6571385944165038,0.3309900977372337,1.0,0.0
0.6635738606296517,0.3308838324396723,1.0,0.0
0.670012366227185,0.33065085573336395,1.0,0.0
0.676316133469434,0.33050115025938465,1.0,0.0
0.6825613813635523,0.3304503086696096,1.0,0.0
0.688814856150886,0.3305215718665742,1.0,0.0
0.6947905819482928,0.33054786975055417,1.0,0.0
0.7006644991250104,0.3313103068714046,1.0,0.0
0.7070857801949219,0.33105541117318776,1.0,0.0
0.712971912064554,0.32907501243466847,1.0,0.0
0.7182118096103113,0.33018297344667674,1.0,0.0
0.7237142433930528,0.33057068572958037,1.0,0.0
0.7322414410704023,0.32825142333179447,1.0,0.0
0.7561992105993024,0.3257756704629314,1.0,0.0
0.7627370025036198,0.329427492132486,1.0,0.0
0.770152942298159,0.3297458085694593,1.0,0.0
0.7770349163206383,0.3294635948328886,1.0,0.0
0.7837545690036641,0.3293153629066711,1.0,0.0
0.7904739104995091,0.3289975858368211,1.0,0.0
0.7970407322072268,0.3288631423773411,1.0,0.0
0.8037864689380655,0.3282770684196225,1.0,0.0
0.8101442667230144,0.3286255622033141,1.0,0.0
0.8168208946580652,0.3289362442022925,1.0,0.0
0.82399516682605,0.32776638637637806,1.0,0.0
0.09064294048110248,0.3342644574715451,1.0,0.0
0.10655768246942825,0.33587384801365666,1.0,0.0
0.1125338834770553,0.33566960806675333,1.0,0.0
0.11843562416102922,0.33584557259145825,1.0,0.0
0.1244486414440109,0.33617662382938307,1.0,0.0
0.13060845211441083,0.3364899435871525,1.0,0.0
0.13683670615976046,0.33675640276442553,1.0,0.0
0.1430966401528103,0.3369604517834313,1.0,0.0
0.14936565367155757,0.33709700296680206,1.0,0.0
0.15563090520612904,0.3371716475946863,1.0,0.0
0.1618862787807501,0.337193983479766,1.0,0.0
0.16813062858801814,0.3371748157740335,1.0,0.0
0.1743654914266323,0.33712388118716413,1.0,0.0
0.18059333401227295,0.3370503572039388,1.0,0.0
0.18681742861450057,0.33696245770159705,1.0,0.0
0.19304060353996116,0.3368648082459424,1.0,0.0
0.199263555279664,0.3367592580680246,1.0,0.0
0.20548516850706433,0.33664636282312155,1.0,0.0
0.21170421814333035,0.33652768300131036,1.0,0.0
0.21791992423103473,0.3364054824621633,1.0,0.0
0.2241321106194826,0.3362823147197418,1.0,0.0
0.23034182837218586,0.3361611732474405,1.0,0.0
0.2365504560458482,0.33604394750034244,1.0,0.0
0.24275966527193882,0.3359317583152436,1.0,0.0
0.2489710222339519,0.3358247524660391,1.0,0.0
0.2551859084960191,0.3357225155607598,1.0,0.0
0.2614066444799727,0.3356253925207621,1.0,0.0
0.2676360551043162,0.33553349582486325,1.0,0.0
0.27387654951604073,0.3354463989397372,1.0,0.0
0.28013076034325296,0.33536521323331125,1.0,0.0
0.2864018835361252,0.3352943255390827,1.0,0.0
0.29269204481189337,0.3352393125009654,1.0,0.0
0.2990053362679934,0.33521725336255637,1.0,0.0
0.3053318560485751,0.33522983476496754,1.0,0.0
0.3116642287836006,0.3352893437841487,1.0,0.0
0.3179682853017929,0.3353512628751636,1.0,0.0
0.3242547872843184,0.3354313847188718,1.0,0.0
0.3305056084611284,0.3355198921972398,1.0,0.0
0.33667911452110016,0.3355085319805744,1.0,0.0
0.34287557477339814,0.33582017416535415,1.0,0.0
0.3801908854959555,0.3322135805449817,1.0,0.0
0.407197931771288,0.33450074402262203,1.0,0.0
0.4137767646005792,0.3343402128742002,1.0,0.0
0.4201573705701553,0.33457323461513816,1.0,0.0
0.42639868530340247,0.3348533827503279,1.0,0.0
0.4326836248453438,0.33496094130769555,1.0,0.0
0.4389758725895665,0.33504399068823393,1.0,0.0
0.44527771489625256,0.3351052727228547,1.0,0.0
0.4515879361148015,0.3351519480376747,1.0,0.0
0.4579045335289217,0.3351889515860785,1.0,0.0
0.464225516393648,0.33521965994299724,1.0,0.0
0.47054916847926864,0.3352463435493931,1.0,0.0
0.47687519117852795,0.3352688948746291,1.0,0.0
0.4832042691607756,0.33528486348230835,1.0,0.0
0.4895353116862993,0.33529337107745166,1.0,0.0
0.4958654699275542,0.33529738809251236,1.0,0.0
0.5021931406405594,0.33530123792236866,1.0,0.0
0.50852136526574,0.33529911953510433,1.0,0.0
0.5148413885800808,0.33530424279828247,1.0,0.0
0.52115385290276,0.33532343447556184,1.0,0.0
0.527461409710089,0.3353635136409784,1.0,0.0
0.5337713806551883,0.3354243125557557,1.0,0.0
0.5400917046398067,0.3354990735379762,1.0,0.0
0.5464269719795128,0.33557818921026117,1.0,0.0
0.5527763521220009,0.3356533119646455,1.0,0.0
0.5591339198951333,0.3357218493413448,1.0,0.0
0.5654891315728113,0.3357861594040456,1.0,0.0
0.5718379888012265,0.33584921937718865,1.0,0.0
0.5781786868399044,0.3359200195565913,1.0,0.0
0.584511673621763,0.3359946286510616,1.0,0.0
0.5908386645396392,0.33607147662612047,1.0,0.0
0.5971682462601233,0.3361529169714114,1.0,0.0
0.6035051733786952,0.3362350523646982,1.0,0.0
0.6098549689762105,0.3363103253875956,1.0,0.0
0.616218377534742,0.3363664851404356,1.0,0.0
0.6225899388734644,0.33639110322615323,1.0,0.0
0.6289501178948453,0.3363768634110634,1.0,0.0
0.6352841988665809,0.33633221922471446,1.0,0.0
0.6415790424737392,0.3362903763199498,1.0,0.0
0.6478396535485955,0.336304302363195,1.0,0.0
0.654128085827371,0.3363347636120605,1.0,0.0
0.6604970701454853,0.3362633177992898,1.0,0.0
0.6668706580444376,0.3361212459459667,1.0,0.0
0.6731735313122574,0.33601133843189146,1.0,0.0
0.6794227919968461,0.33595117913979716,1.0,0.0
0.6856385461509654,0.33596508467323366,1.0,0.0
0.6918306827263511,0.3361025664461159,1.0,0.0
0.6979047316771263,0.336442979649003,1.0,0.0
0.7043504387930332,0.33638295431425197,1.0,0.0
0.7108610710793563,0.3355248968055471,1.0,0.0
0.7166464580979874,0.3354904358541793,1.0,0.0
0.7228667425169232,0.33582391024086283,1.0,0.0
0.7293632592072026,0.3347551096236715,1.0,0.0
0.7356151251649162,0.33414461300228593,1.0,0.0
0.754927196878393,0.3375842387073768,1.0,0.0
0.7605947373496742,0.33507077591259904,1.0,0.0
0.7670379755902722,0.3345497811413385,1.0,0.0
0.773897565317965,0.33464672485052627,1.0,0.0
0.7805896716097195,0.33454674716913646,1.0,0.0
0.787249613271677,0.3343544026773321,1.0,0.0
0.7938048991355678,0.33420502093697646,1.0,0.0
0.8003793414004904,0.333875184885605,1.0,0.0
0.8066723508950756,0.33389425165491765,1.0,0.0
0.8130665103478186,0.33402187758970425,1.0,0.0
0.8195529824512887,0.3336110465558277,1.0,0.0
0.8247851230621991,0.334496983399425,1.0,0.0
0.832293633693237,0.334362138294734,1.0,0.0
0.086037773954711,0.33964917744699213,1.0,0.0
0.09061132112394488,0.34078766639515073,1.0,0.0
0.09586756466823187,0.3409017392347404,1.0,0.0
0.10392101384662458,0.3408234033179215,1.0,0.0
0.11008868956743662,0.3411512803913061,1.0,0.0
0.11594699496891663,0.3413507068592535,1.0,0.0
0.12180738625479771,0.3416036369910735,1.0,0.0
0.12781212559959212,0.34182677616194496,1.0,0.0
0.13391791392724428,0.34206399910559054,1.0,0.0
0.1400898007915213,0.34226904711416667,1.0,0.0
0.14630257628715276,0.3424251606157866,1.0,0.0
0.1525358283795216,0.3425284149613831,1.0,0.0
0.15877619226397677,0.3425815806094694,1.0,0.0
0.1650160722803391,0.3425910288549315,1.0,0.0
0.17125210735597116,0.3425645937290069,1.0,0.0
0.17748328359820562,0.34251042326130254,1.0,0.0
0.18371007666609596,0.3424362041665529,1.0,0.0
0.1899339895253053,0.342348182295127,1.0,0.0
0.1961561709057341,0.3422504910249405,1.0,0.0
0.2023767955962303,0.3421453465756275,1.0,0.0
0.208595170961875,0.34203410689629865,1.0,0.0
0.2148106139745931,0.34191848265239777,1.0,0.0
0.22102280540227992,0.34180047321504037,1.0,0.0
0.22723192349867902,0.34168213740704484,1.0,0.0
0.23343887130666224,0.3415655070323492,1.0,0.0
0.2396448264057603,0.3414518325802218,1.0,0.0
0.24585115958894044,0.3413416993725524,1.0,0.0
0.2520592544965986,0.3412350065050106,1.0,0.0
0.25827054131556637,0.3411312705368252,1.0,0.0
0.26448701675628217,0.34103026067074604,1.0,0.0
0.27071109108052677,0.3409317130632561,1.0,0.0
0.27694533887224576,0.3408356075961405,1.0,0.0
0.2831930247509415,0.34074381120458436,1.0,0.0
0.2894587532484493,0.34066321291708085,1.0,0.0
0.2957450173927181,0.34059999734784924,1.0,0.0
0.3020613394036407,0.34058555041461597,1.0,0.0
0.3083893619831932,0.34061666956354797,1.0,0.0
0.31472395558790206,0.3407258757350569,1.0,0.0
0.32099888536255927,0.34081768158341197,1.0,0.0
0.3272536491065004,0.3409460680570346,1.0,0.0
0.3334582432075571,0.341103579641199,1.0,0.0
0.3395175284427686,0.34108118523735687,1.0,0.0
0.34591885382365484,0.3410558097923736,1.0,0.0
0.4113797408878939,0.33964195448389345,1.0,0.0
0.4174169599565026,0.339872321581346,1.0,0.0
0.4234100169941018,0.3402736190811261,1.0,0.0
0.42960885600470805,0.340350376079737,1.0,0.0
0.4358630626010078,0.34042546174774635,1.0,0.0
0.44215101673929014,0.3404815716525422,1.0,0.0
0.44845863269276276,0.3405248548775323,1.0,0.0
0.4547776411399339,0.34055988129353704,1.0,0.0
0.4611028956495709,0.34058981933134086,1.0,0.0
0.46743052802394575,0.34061709300629056,1.0,0.0
0.47375909707043895,0.34064122291806387,1.0,0.0
0.48008864990335665,0.3406602387286773,1.0,0.0
0.4864186095367774,0.34067337407189846,1.0,0.0
0.49274748738496643,0.3406821834620343,1.0,0.0
0.49907426849465436,0.3406892422265917,1.0,0.0
0.505399833290767,0.3406932831503193,1.0,0.0
0.5117200479995064,0.34070155927717827,1.0,0.0
0.518034865901387,0.3407193267558597,1.0,0.0
0.5243459618895436,0.3407514750720308,1.0,0.0
0.5306578169774641,0.34079903420097785,1.0,0.0
0.5369757295201779,0.3408588291458291,1.0,0.0
0.5433033789843711,0.3409252372504761,1.0,0.0
0.5496412703082759,0.3409928722125401,1.0,0.0
0.5559863510226792,0.3410591975803348,1.0,0.0
0.5623336868986336,0.34112558474726523,1.0,0.0
0.5686792295714985,0.3411920503986614,1.0,0.0
0.575020178073015,0.34126220676529745,1.0,0.0
0.5813582903503347,0.34133699930970474,1.0,0.0
0.5876943038748027,0.34141361874316306,1.0,0.0
0.5940300296166752,0.34148959972883314,1.0,0.0
0.6003696695820513,0.3415648163338812,1.0,0.0
0.606716653025543,0.3416340382734803,1.0,0.0
0.6130727157399883,0.34169060422213027,1.0,0.0
0.6194352876655466,0.3417269677872352,1.0,0.0
0.6257960816508162,0.34174034302742884,1.0,0.0
0.6321428545380784,0.3417302884725574,1.0,0.0
0.6384653111833802,0.3417124588604439,1.0,0.0
0.6447644897100446,0.3417124121717251,1.0,0.0
0.6510716915351826,0.34171477489415053,1.0,0.0
0.6574141362272631,0.34166323293776835,1.0,0.0
0.6637576597967775,0.3415712713250365,1.0,0.0
0.6700632016867722,0.3414911571449676,1.0,0.0
0.6763330953604847,0.34144024749173757,1.0,0.0
0.6825744120865803,0.34143645151474084,1.0,0.0
0.6887970278587914,0.3415114238994149,1.0,0.0
0.695019508352115,0.3417283027509879,1.0,0.0
0.7014041824681103,0.34168047073215285,1.0,0.0
0.7078786211899116,0.3412736252619513,1.0,0.0
0.7140240809312792,0.34113794582235707,1.0,0.0
0.720210934046378,0.341063207885676,1.0,0.0
0.7267581134576826,0.3405664065694379,1.0,0.0
0.7330437879576892,0.3400011729142751,1.0,0.0
0.7392341642707703,0.34019445343548377,1.0,0.0
0.7592636251978118,0.3414606885336992,1.0,0.0
0.7650318957224674,0.34018606910772003,1.0,0.0
0.7711842534145305,0.3398751376387862,1.0,0.0
0.7776438414406364,0.3398479151266838,1.0,0.0
0.7841532030465859,0.33971487716036175,1.0,0.0
0.7906440897024066,0.33959125606699786,1.0,0.0
0.7971338059251811,0.33939126576935874,1.0,0.0
0.8034951401193868,0.33935116286470796,1.0,0.0
0.809868989425295,0.3393644573579411,1.0,0.0
0.8163301317133441,0.33924348815289657,1.0,0.0
0.8224473415577092,0.33977283916063294,1.0,0.0
0.8289941454613232,0.33922179061289653,1.0,0.0
0.8399359299417588,0.33989322306327896,1.0,0.0
0.09290963706636925,0.34629475030035156,1.0,0.0
0.10010505278819475,0.34478295648855434,1.0,0.0
0.10669195900984485,0.346112448801722,1.0,0.0
0.11286506815098937,0.3467634544252662,1.0,0.0
0.11882610098515063,0.34709923146069177,1.0,0.0
0.12486397820258804,0.34725064272491635,1.0,0.0
0.13094390950156654,0.34743932540623107,1.0,0.0
0.13707119537742837,0.34762664870328597,1.0,0.0
0.14324068626671763,0.3477814975225287,1.0,0.0
0.14944094319604473,0.34789622639050166,1.0,0.0
0.15566036940658162,0.34796820813866336,1.0,0.0
0.16188957374969729,0.3479994219301829,1.0,0.0
0.1681221195012484,0.34799446703885384,1.0,0.0
0.17435416093299186,0.3479595036464642,1.0,0.0
0.18058381109404884,0.3479010878786304,1.0,0.0
0.18681060704395988,0.3478252386871923,1.0,0.0
0.19303482740916217,0.34773697302493783,1.0,0.0
0.19925675862197323,0.3476398084140841,1.0,0.0
0.20547627233627597,0.34753598349986936,1.0,0.0
0.21169289090957893,0.3474271146093738,1.0,0.0
0.21790623138863213,0.3473148533540887,1.0,0.0
0.22411621395610953,0.34720088994583526,1.0,0.0
0.23032314029228493,0.34708680980101453,1.0,0.0
0.2365277558663126,0.34697396387041085,1.0,0.0
0.24273101018529125,0.3468630892043497,1.0,0.0
0.2489339847550653,0.3467543481800861,1.0,0.0
0.25513781986720874,0.34664736442877414,1.0,0.0
0.26134378380486145,0.34654143378798313,1.0,0.0
0.26755356355306475,0.3464358769372085,1.0,0.0
0.2737693126581339,0.34633009535189546,1.0,0.0
0.27999378919534357,0.3462241443859921,1.0,0.0
0.2862309914169979,0.34612033707708884,1.0,0.0
0.2924876858311587,0.3460293196230931,1.0,0.0
0.29876581718928963,0.3459547523331936,1.0,0.0
0.3050872221796493,0.3459561687330995,1.0,0.0
0.3114166868901173,0.346013354950913,1.0,0.0
0.31776358336235905,0.34620871994401925,1.0,0.0
0.3239970690265508,0.34632758031813554,1.0,0.0
0.3302426596576137,0.3465157533773082,1.0,0.0
0.33644133878470184,0.3467926642610467,1.0,0.0
0.3424548531004955,0.34635417350869857,1.0,0.0
0.34941751245383923,0.3468163668810856,1.0,0.0
0.41477772691783255,0.3453231681734771,1.0,0.0
0.42036544886245036,0.34584282382616044,1.0,0.0
0.4264809110419353,0.34579582472018244,1.0,0.0
0.43271021553158534,0.3458296685525039,1.0,0.0
0.4389961192785324,0.34586589010554647,1.0,0.0
0.44530927348433075,0.34589886213198345,1.0,0.0
0.4516359985977208,0.34592855549144513,1.0,0.0
0.4579691420064087,0.3459561505612492,1.0,0.0
0.46430290878128505,0.34598411990488787,1.0,0.0
0.4706352845240077,0.34601082164214514,1.0,0.0
0.47696646148250843,0.3460335935691043,1.0,0.0
0.48329649781148903,0.3460513595656243,1.0,0.0
0.48962488765095186,0.3460648314455569,1.0,0.0
0.4959511710417587,0.3460756849706453,1.0,0.0
0.5022755703064202,0.3460843867763524,1.0,0.0
0.5085961443075732,0.3460953783212073,1.0,0.0
0.5149127709859803,0.34611265239539435,1.0,0.0
0.5212265510164487,0.3461398778585697,1.0,0.0
0.5275403016584803,0.3461785376423639,1.0,0.0
0.5338575644463986,0.346227452941685,1.0,0.0
0.5401811568129288,0.34628356979895325,1.0,0.0
0.5465120441711326,0.34634353427151743,1.0,0.0
0.5528489824677704,0.34640541400382296,1.0,0.0
0.5591892934801749,0.3464693318627603,1.0,0.0
0.5655307974688889,0.3465355126948818,1.0,0.0
0.5718712350676148,0.34660479034395575,1.0,0.0
0.5782105969056742,0.34667716358905654,1.0,0.0
0.5845500743468959,0.3467518823341132,1.0,0.0
0.5908905436624019,0.3468261891756967,1.0,0.0
0.5972331160449661,0.34689774604225726,1.0,0.0
0.6035802306526564,0.3469641384795924,1.0,0.0
0.6099330027971673,0.34702095239001834,1.0,0.0
0.6162904448824814,0.3470639588885912,1.0,0.0
0.6226481295778233,0.3470911341087298,1.0,0.0
0.6289998696922378,0.3471028190922609,1.0,0.0
0.6353380507904878,0.34710430615514754,1.0,0.0
0.6416614065555571,0.3471065743787721,1.0,0.0
0.647984156584011,0.3471024928631472,1.0,0.0
0.6543201134819474,0.34706680824125025,1.0,0.0
0.6606534559933539,0.3470055356749287,1.0,0.0
0.6669643727776401,0.3469467154064316,1.0,0.0
0.6732518945006021,0.3469048346754597,1.0,0.0
0.6795197993773066,0.3468932615364147,1.0,0.0
0.6857760118539153,0.34692969311757477,1.0,0.0
0.6920402929870051,0.347037063990407,1.0,0.0
0.6984137902746178,0.3470276079035206,1.0,0.0
0.7048299863728276,0.34680432675329587,1.0,0.0
0.711112585297717,0.3466790457794729,1.0,0.0
0.7173890176558934,0.34654135970581057,1.0,0.0
0.7237530816148254,0.346163820387454,1.0,0.0
0.730016632677061,0.3458292105385787,1.0,0.0
0.736034929192781,0.3457129308502798,1.0,0.0
0.7417595890349696,0.3466523619147045,1.0,0.0
0.7481396958065769,0.34431549261202554,1.0,0.0
0.7577877923380762,0.3481510373656456,1.0,0.0
0.7630955683240812,0.34634137015600575,1.0,0.0
0.7688507137979534,0.34560910389513316,1.0,0.0
0.7749110692117134,0.345315280275766,1.0,0.0
0.7812035303543436,0.34516663754265164,1.0,0.0
0.787568054589184,0.3450293593795372,1.0,0.0
0.7939704008130305,0.34487861488034854,1.0,0.0
0.8003348619348226,0.3448077741780772,1.0,0.0
0.8067157176797444,0.3447761334004872,1.0,0.0
0.8131474292681985,0.34470548015466845,1.0,0.0
0.8195171107193093,0.3449203089635859,1.0,0.0
0.8262679857325743,0.3446510717351104,1.0,0.0
0.8330698810337628,0.343585282347785,1.0,0.0
0.8384428307451018,0.34572934831161484,1.0,0.0
0.8438215993436279,0.34844639656065124,1.0,0.0
0.8768360639232464,0.3481062326134221,1.0,0.0
0.8824663411202093,0.3489758053557626,1.0,0.0
0.8887411446245673,0.34899619692548756,1.0,0.0
0.8964753763402391,0.34554455555487706,1.0,0.0
0.09802333358512777,0.3494954012491665,1.0,0.0
0.10389315665200391,0.35073219477595785,1.0,0.0
0.10983725162270606,0.3518970240901628,1.0,0.0
0.11571373493033699,0.3525567642996483,1.0,0.0
0.12178837249547243,0.352678151212087,1.0,0.0
0.12788227813929604,0.3528407809397112,1.0,0.0
0.1339987194690599,0.3530136319507687,1.0,0.0
0.1401483704241431,0.3531629086185933,1.0,0.0
0.14632727010234578,0.35327987866506716,1.0,0.0
0.15252947419428484,0.3533609799913369,1.0,0.0
0.15874766680683441,0.35340614819601124,1.0,0.0
0.164975187083251,0.35341760871303785,1.0,0.0
0.1712068263565733,0.35339932235836125,1.0,0.0
0.17743905565590243,0.3533562833096834,1.0,0.0
0.1836698348378652,0.35329366513346744,1.0,0.0
0.1898981976526034,0.35321626290377345,1.0,0.0
0.1961238252108654,0.35312807429567467,1.0,0.0
0.20234655877804134,0.353032050281566,1.0,0.0
0.2085661328105545,0.352930261984614,1.0,0.0
0.21478219750859653,0.35282430446930213,1.0,0.0
0.22099453509187397,0.352715656302327,1.0,0.0
0.2272031676523128,0.35260569074598824,1.0,0.0
0.23340838624420024,0.3524955764812947,1.0,0.0
0.23961074429465348,0.35238616135890927,1.0,0.0
0.24581091898331597,0.3522777713367903,1.0,0.0
0.25200965910422746,0.35217021770143575,1.0,0.0
0.25820776698824377,0.35206283406038325,1.0,0.0
0.26440618598884147,0.3519546105198734,1.0,0.0
0.27060622533862,0.3518444098615687,1.0,0.0
0.2768097680575166,0.3517311675304173,1.0,0.0
0.28301969808184163,0.35161461866080995,1.0,0.0
0.2892408019833766,0.35149692037278574,1.0,0.0
0.2954833761994081,0.3513951059632493,1.0,0.0
0.3017458034704506,0.3513013730416528,1.0,0.0
0.30807701877059623,0.3513325233244511,1.0,0.0
0.3144064109728994,0.3514175018451654,1.0,0.0
0.32079095518034767,0.3517618404569941,1.0,0.0
0.3269771939330914,0.3518546148877296,1.0,0.0
0.3333090180108636,0.3520926901184873,1.0,0.0
0.339884577855726,0.35230350121691356,1.0,0.0
0.3477035626335666,0.34956186658372224,1.0,0.0
0.4095155256007015,0.34965790944884145,1.0,0.0
0.4161783836387702,0.35131075667202605,1.0,0.0
0.4228644653079771,0.3511720054879097,1.0,0.0
0.42933930862919956,0.3511997249549942,1.0,0.0
0.4357406099520576,0.35123160144126564,1.0,0.0
0.442111061217604,0.35126135546668064,1.0,0.0
0.44846890082210616,0.35128864635935053,1.0,0.0
0.4548214203954301,0.35131481858193514,1.0,0.0
0.46116674341283737,0.3513449522306398,1.0,0.0
0.46750532172582127,0.3513760103344486,1.0,0.0
0.4738393772259985,0.35140380246170394,1.0,0.0
0.4801703233354928,0.3514267754128763,1.0,0.0
0.48649872982371656,0.35144514296757773,1.0,0.0
0.49282477757840376,0.35146012879511473,1.0,0.0
0.49914868617410696,0.3514728347855997,1.0,0.0
0.5054696489089809,0.35148632977687955,1.0,0.0
0.5117876562118954,0.3515037286617562,1.0,0.0
0.518103485414814,0.35152792558081375,1.0,0.0
0.5244189684920977,0.35156054283997995,1.0,0.0
0.530736498654614,0.3516015122008621,1.0,0.0
0.5370581824667092,0.3516493928277699,1.0,0.0
0.5433850785986211,0.35170225862239907,1.0,0.0
0.5497168740089204,0.3517587627867527,1.0,0.0
0.5560522718634621,0.35181863669586205,1.0,0.0
0.5623899733536036,0.3518818093871153,1.0,0.0
0.5687287910278557,0.3519485722101463,1.0,0.0
0.5750683074483222,0.35201830168087256,1.0,0.0
0.5814088349127181,0.3520899972120177,1.0,0.0
0.5877512074310364,0.3521620300427913,1.0,0.0
0.5940959631136218,0.35223193837383404,1.0,0.0
0.600443804044651,0.35229699098070416,1.0,0.0
0.6067954468754486,0.3523545856130019,1.0,0.0
0.6131502674547202,0.35240190368364205,1.0,0.0
0.6195058859792211,0.35243762323521216,1.0,0.0
0.6258587345306243,0.35246177233057385,1.0,0.0
0.6322047755016434,0.3524769309847636,1.0,0.0
0.6385421596169343,0.35248662805738856,1.0,0.0
0.6448765914327184,0.35248654721763584,1.0,0.0
0.651214047852023,0.35246489126480973,1.0,0.0
0.657547042960101,0.35242521485755696,1.0,0.0
0.6638652307183741,0.35238287097904514,1.0,0.0
0.6701673878262172,0.352348995261337,1.0,0.0
0.6764562703606011,0.3523334896579215,1.0,0.0
0.6827386117261989,0.35234635262598857,1.0,0.0
0.68903003802754,0.3523934687273675,1.0,0.0
0.6953832299849624,0.35238079041158793,1.0,0.0
0.7017768706027628,0.3522601129498916,1.0,0.0
0.7081127995090909,0.3521481047893828,1.0,0.0
0.7144494964725502,0.35201304520947246,1.0,0.0
0.7208214194949519,0.3517470903437842,1.0,0.0
0.7271369471150879,0.3514772413452935,1.0,0.0
0.7333925319288012,0.35135868068859005,1.0,0.0
0.7395788304480976,0.3517163138520023,1.0,0.0
0.7463605493599945,0.35101441877240763,1.0,0.0
0.7529166794775177,0.3520398205872257,1.0,0.0
0.7598633483439715,0.3527804097723798,1.0,0.0
0.7658789301297443,0.35161162975373367,1.0,0.0
0.7719934303927815,0.3510410209767326,1.0,0.0
0.7782056879727246,0.3507308918333316,1.0,0.0
0.7844992746155469,0.35054460012965727,1.0,0.0
0.7908319978311826,0.35038576845015884,1.0,0.0
0.7971657135665847,0.3502860507345063,1.0,0.0
0.8035150682945316,0.35022146139608634,1.0,0.0
0.8098911529600277,0.3501569585567664,1.0,0.0
0.8162487611436612,0.35020536053995566,1.0,0.0
0.8227685591481135,0.3500497126180246,1.0,0.0
0.8292345443347355,0.3496233597530973,1.0,0.0
0.8349170720342706,0.3504117995323316,1.0,0.0
0.8407400949546119,0.35240071442775456,1.0,0.0
0.8479827452526002,0.35301274155740464,1.0,0.0
0.8720750659213111,0.3510218186691988,1.0,0.0
0.8785194660145488,0.3537854744316422,1.0,0.0
0.8855080312549339,0.35370208705484507,1.0,0.0
0.8926957771329476,0.3519905251131686,1.0,0.0
0.8982086095813899,0.3520198002672137,1.0,0.0
0.9042110239519316,0.3510338322644094,1.0,0.0
0.9106199513413296,0.3536566990192358,1.0,0.0
0.9201376071110126,0.3509482020191138,1.0,0.0
0.08989872537643542,0.356816767442208,1.0,0.0
0.09337829357545784,0.35235942782557506,1.0,0.0
0.1000294854780025,0.3549919496251972,1.0,0.0
0.10638336670430007,0.3567555376615987,1.0,0.0
0.11219323497146086,0.3579034368223579,1.0,0.0
0.11846332490996897,0.35803698065603845,1.0,0.0
0.12466502599589081,0.358213534048717,1.0,0.0
0.1308271438136028,0.35839892696216463,1.0,0.0
0.13699264382620824,0.3585516652091923,1.0,0.0
0.1431723671287609,0.3586726730201378,1.0,0.0
0.14936972394690998,0.3587595292906398,1.0,0.0
0.1555829280237447,0.3588135308063408,1.0,0.0
0.16180791686790677,0.3588366062958991,1.0,0.0
0.16804014546537863,0.35883158910345614,1.0,0.0
0.17427563067915924,0.3588021325084626,1.0,0.0
0.18051141604130272,0.358752361269968,1.0,0.0
0.18674557186503882,0.3586864322743166,1.0,0.0
0.19297699925688244,0.35860814876245567,1.0,0.0
0.19920513830160705,0.3585206947371118,1.0,0.0
0.20542965302997326,0.3584265121573719,1.0,0.0
0.2116502514644596,0.358327422591715,1.0,0.0
0.2178666757388269,0.3582248713453765,1.0,0.0
0.22407879329087885,0.35812012171217417,1.0,0.0
0.23028663639859207,0.3580142567424188,1.0,0.0
0.23649039362918797,0.3579081037789574,1.0,0.0
0.24269037171473165,0.35780213956667106,1.0,0.0
0.24888690306631484,0.35769637038156277,1.0,0.0
0.2550803063468059,0.35759031548330594,1.0,0.0
0.2612708930918082,0.3574830156388798,1.0,0.0
0.2674590646150934,0.3573730911131605,1.0,0.0
0.27364553005208386,0.3572588549625056,1.0,0.0
0.2798316350682613,0.35713852869479484,1.0,0.0
0.2860200104027006,0.3570110163901974,1.0,0.0
0.2922157044135557,0.3568771794245989,1.0,0.0
0.29843420293743916,0.35676654871219243,1.0,0.0
0.30465976496246217,0.3566377870268803,1.0,0.0
0.3109943055615037,0.35672895663375054,1.0,0.0
0.3172734018665906,0.3568340430714901,1.0,0.0
0.32364909837862993,0.357460855503728,1.0,0.0
0.32952100222565417,0.3574048169803138,1.0,0.0
0.3359322848439683,0.35745973811316917,1.0,0.0
0.4130253118042409,0.35744792968214545,1.0,0.0
0.41963182890227435,0.3563138041826443,1.0,0.0
0.4261321085346541,0.3564795927384418,1.0,0.0
0.43255287826599154,0.3565541271821559,1.0,0.0
0.43893936122148763,0.3566011956175115,1.0,0.0
0.4453109602875829,0.3566348085889041,1.0,0.0
0.4516770945430827,0.3566621706716934,1.0,0.0
0.4580316597310575,0.3566972069734417,1.0,0.0
0.464374983425322,0.356735408206395,1.0,0.0
0.4707110712615715,0.35677009356192085,1.0,0.0
0.47704248334311944,0.35679931141426563,1.0,0.0
0.48337064146284653,0.3568230933021136,1.0,0.0
0.4896962601344189,0.35684253511376857,1.0,0.0
0.49601974060825516,0.356859018376251,1.0,0.0
0.5023408926046773,0.3568749536352239,1.0,0.0
0.5086598377412519,0.35689290544126956,1.0,0.0
0.5149771666928965,0.3569152895148725,1.0,0.0
0.5212941142681584,0.35694375234018183,1.0,0.0
0.5276123213899728,0.356978849042149,1.0,0.0
0.533933346006058,0.35702014553376493,1.0,0.0
0.5402581686654009,0.3570666992235915,1.0,0.0
0.5465869338136475,0.35711769834992013,1.0,0.0
0.5529191129668309,0.35717282170025255,1.0,0.0
0.5592540276913744,0.3572318965318987,1.0,0.0
0.5655910155649758,0.35729485903851665,1.0,0.0
0.5719298406545028,0.357361147153745,1.0,0.0
0.5782705272347161,0.35742963963918456,1.0,0.0
0.5846134019816998,0.3574988247798898,1.0,0.0
0.5909588959393016,0.357566845717812,1.0,0.0
0.5973072575527805,0.35763127148481133,1.0,0.0
0.6036584675327344,0.357689696965183,1.0,0.0
0.610012050898432,0.3577402328787145,1.0,0.0
0.6163665143493674,0.35778175357476527,1.0,0.0
0.6227197395216949,0.3578141198808238,1.0,0.0
0.6290693726277112,0.35783839012564056,1.0,0.0
0.6354142753561953,0.3578557860543089,1.0,0.0
0.6417563791780038,0.35786310970356033,1.0,0.0
0.6480976957908999,0.35785428170568945,1.0,0.0
0.6544340618855056,0.3578311924322858,1.0,0.0
0.6607599296620799,0.35780267802296833,1.0,0.0
0.6670742501775981,0.35777659179394106,1.0,0.0
0.6733791643213333,0.3577601318064813,1.0,0.0
0.6796801544042085,0.3577591436591954,1.0,0.0
0.6859886888000244,0.35777359502291883,1.0,0.0
0.6923326648414813,0.3577553698606886,1.0,0.0
0.6987042509637705,0.35767633367960144,1.0,0.0
0.7050596563353239,0.3575863333731326,1.0,0.0
0.7114137539747911,0.35746375585132134,1.0,0.0
0.7177808976384092,0.35726796841318237,1.0,0.0
0.7241111671508939,0.3570540936439229,1.0,0.0
0.730392027210662,0.35690448350148857,1.0,0.0
0.7366475694198308,0.3569778326233698,1.0,0.0
0.7431747694527074,0.35664522083922073,1.0,0.0
0.7493787689612676,0.35683291510714743,1.0,0.0
0.7559622795202585,0.35733209260443244,1.0,0.0
0.7627683059365805,0.3575399972704243,1.0,0.0
0.7689739253547812,0.35682859662058597,1.0,0.0
0.7751775894494854,0.3563939892318936,1.0,0.0
0.7814208761835769,0.3561198860586121,1.0,0.0
0.7877048092026306,0.3559307826539649,1.0,0.0
0.7940015812738932,0.35579885386707827,1.0,0.0
0.8003126911644681,0.3557076618638429,1.0,0.0
0.8066371244968775,0.35563671406292247,1.0,0.0
0.8129516901500922,0.35562411274128486,1.0,0.0
0.8193122199815502,0.3555391504963123,1.0,0.0
0.8256020516064683,0.3553877400310087,1.0,0.0
0.8315147754654773,0.35578025287796816,1.0,0.0
0.8373406817802732,0.3568667930160321,1.0,0.0
0.8439139932606795,0.3574671671611516,1.0,0.0
0.8505417298918898,0.35755894979463043,1.0,0.0
0.8572759936384697,0.3561007333187197,1.0,0.0
0.8725182171392636,0.35682001474847236,1.0,0.0
0.8772479447120499,0.35946067388757647,1.0,0.0
0.8829003200506699,0.35865634221880965,1.0,0.0
0.8893290734171904,0.3577973374503263,1.0,0.0
0.895121629503932,0.35770658309191955,1.0,0.0
0.9010650274617412,0.3571222946014754,1.0,0.0
0.9066345314957168,0.3569244393279074,1.0,0.0
0.915416829267857,0.3558314896433993,1.0,0.0
0.9208829909269928,0.3572584166491278,1.0,0.0
0.9265988875148893,0.35875746591707014,1.0,0.0
0.08558415685823637,0.36063283008498676,1.0,0.0
0.0907768551344727,0.3626404937893473,1.0,0.0
0.09562504081998936,0.3580369737048312,1.0,0.0
0.10221659688669328,0.36044930587224566,1.0,0.0
0.10833435770052414,0.36311199594469645,1.0,0.0
0.11496075556348602,0.3632004842032074,1.0,0.0
0.12134154142965355,0.36348559562910254,1.0,0.0
0.1275793326050028,0.3637429960158839,1.0,0.0
0.1337805597882131,0.363925532203017,1.0,0.0
0.13997423180914204,0.36406202517568836,1.0,0.0
0.1461762546701723,0.36415815738254964,1.0,0.0
0.1523908574376553,0.3642199729297687,1.0,0.0
0.15861730416831657,0.364251795370151,1.0,0.0
0.16485255035133287,0.3642570365620815,1.0,0.0
0.17109294335192465,0.36423893588136425,1.0,0.0
0.1773351757620894,0.36420083862444363,1.0,0.0
0.1835766977966556,0.36414617707137026,1.0,0.0
0.18981577474703915,0.36407827192348713,1.0,0.0
0.19605135204052024,0.36400012181360775,1.0,0.0
0.20228283853657733,0.36391425230072616,1.0,0.0
0.2085098829685966,0.36382266257521545,1.0,0.0
0.21473223638821426,0.36372690956391485,1.0,0.0
0.2209497159246503,0.363628250893442,1.0,0.0
0.22716222267131878,0.363527744868036,1.0,0.0
0.2333697333809804,0.3634262402498592,1.0,0.0
0.23957226162186668,0.3633243135021788,1.0,0.0
0.24576979778320215,0.3632221889318697,1.0,0.0
0.2519622281108074,0.36311964968818294,1.0,0.0
0.25814929040750095,0.36301599233286397,1.0,0.0
0.2643305786887795,0.36290998476839387,1.0,0.0
0.27050563655159865,0.36279983111263786,1.0,0.0
0.27667418855296627,0.3626831575880397,1.0,0.0
0.28283658586995436,0.36255712867272627,1.0,0.0
0.28899470566365987,0.36241913231698775,1.0,0.0
0.29515326410033055,0.36226647394249434,1.0,0.0
0.30133814109336865,0.3621552295109671,1.0,0.0
0.30749883992048466,0.36195880361893684,1.0,0.0
0.3138529019272947,0.3621806286731888,1.0,0.0
0.32005168124442723,0.3622634360127566,1.0,0.0
0.32648124078894036,0.36347944897448903,1.0,0.0
0.3326098076645106,0.36236630013658333,1.0,0.0
0.4169655550297935,0.3616207086426295,1.0,0.0
0.42318563908510604,0.36177260061086053,1.0,0.0
0.42949497948136683,0.36188590055662795,1.0,0.0
0.43583104647697624,0.3619436434347807,1.0,0.0
0.44218319950810336,0.36197909787724813,1.0,0.0
0.44854961959998796,0.3620020055433581,1.0,0.0
0.4549066775228116,0.3620418867119469,1.0,0.0
0.4612502421798009,0.36208952898373775,1.0,0.0
0.46758555499453813,0.36213283148942116,1.0,0.0
0.47391569753772095,0.3621693389761669,1.0,0.0
0.48024250405295654,0.3621990822549201,1.0,0.0
0.486566955634575,0.36222325632044566,1.0,0.0
0.4928895663047202,0.3622434586563716,1.0,0.0
0.4992104471651398,0.3622618233336591,1.0,0.0
0.5055297946400072,0.3622806089305965,1.0,0.0
0.5118480689402711,0.36230195422973277,1.0,0.0
0.5181661222918761,0.3623275019999112,1.0,0.0
0.5244850911918219,0.36235816731550796,1.0,0.0
0.5308061176564589,0.36239414799853337,1.0,0.0
0.5371300358846149,0.3624351752482516,1.0,0.0
0.5434571792598971,0.3624808868919758,1.0,0.0
0.549787431618078,0.36253107392443124,1.0,0.0
0.5561204969003788,0.3625855686456745,1.0,0.0
0.5624560487324178,0.362644190041642,1.0,0.0
0.5687939554209821,0.362706410820584,1.0,0.0
0.5751342484402742,0.36277128295100136,1.0,0.0
0.5814770472321863,0.3628374213595344,1.0,0.0
0.5878225146207015,0.36290317304445224,1.0,0.0
0.5941707692897101,0.3629666112735163,1.0,0.0
0.600521619717666,0.36302565628057853,1.0,0.0
0.6068744698302339,0.3630785586589499,1.0,0.0
0.6132282798270638,0.36312431955075014,1.0,0.0
0.6195816438972099,0.363162553322034,1.0,0.0
0.6259331026921948,0.363193555953121,1.0,0.0
0.6322818446516064,0.36321752856153633,1.0,0.0
0.638628498687723,0.3632324261842066,1.0,0.0
0.6449733892422275,0.36323471538538443,1.0,0.0
0.6513138565620351,0.3632251191064321,1.0,0.0
0.6576465898233397,0.3632085806796048,1.0,0.0
0.663970779029838,0.3631904323744073,1.0,0.0
0.6702879481949171,0.36317563386830104,1.0,0.0
0.6766022889303526,0.36316772560729005,1.0,0.0
0.6829218920645007,0.3631652052711573,1.0,0.0
0.6892620736160544,0.3631429938734289,1.0,0.0
0.6956205714988078,0.363084155819624,1.0,0.0
0.7019768084887947,0.3630078661868458,1.0,0.0
0.7083352300763224,0.36290458732271413,1.0,0.0
0.7146960988180904,0.36275349534973783,1.0,0.0
0.7210342952031602,0.3625839260628621,1.0,0.0
0.7273383259023553,0.3624381853672402,1.0,0.0
0.7336211903119806,0.3623875021561798,1.0,0.0
0.7400149376757414,0.3621903257898454,1.0,0.0
0.746277849538771,0.3622313400137524,1.0,0.0
0.7526089140467894,0.36236029834468664,1.0,0.0
0.7591633176574795,0.3625323747050665,1.0,0.0
0.7657712379979814,0.36254387434517577,1.0,0.0
0.7720561467169221,0.3620825088687994,1.0,0.0
0.7783065618889162,0.3617458245444203,1.0,0.0
0.7845667695799633,0.36150859586020984,1.0,0.0
0.7908392907697976,0.361344685224721,1.0,0.0
0.7971210577009343,0.36122811785649916,1.0,0.0
0.8034092146715175,0.36114542261197047,1.0,0.0
0.8096903100772195,0.36110726188389036,1.0,0.0
0.8159785868303997,0.36106161652029833,1.0,0.0
0.8222158529580136,0.36102494400184215,1.0,0.0
0.8282756517492844,0.36127147977783064,1.0,0.0
0.8342611644938116,0.36193798942969585,1.0,0.0
0.8405510248354947,0.36242883462192804,1.0,0.0
0.8469681612402553,0.3627701072754247,1.0,0.0
0.8532624229591036,0.36199955863236555,1.0,0.0
0.8572353909367311,0.3650638474142595,1.0,0.0
0.8676358803900688,0.3613438005806045,1.0,0.0
0.8729569952931784,0.3634818563172203,1.0,0.0
0.8796162053789092,0.36442688018563596,1.0,0.0
0.8858951561308281,0.36351774077383847,1.0,0.0
0.8920277910006363,0.36326524664972815,1.0,0.0
0.8983181482992775,0.36286350502621134,1.0,0.0
0.9045758095551046,0.3624856231453769,1.0,0.0
0.9110767924300603,0.3610027109437081,1.0,0.0
0.9171868465947407,0.362060145182747,1.0,0.0
0.9235929854466564,0.36323238349284054,1.0,0.0
0.9307707720936315,0.3637687183320863,1.0,0.0
0.9363360402371687,0.3601643884411894,1.0,0.0
0.09682036737536054,0.3632053974557315,1.0,0.0
0.10256557638398153,0.3659705421963683,1.0,0.0
0.10607191105932491,0.36965578955924605,1.0,0.0
0.11201581189099095,0.36828918775050434,1.0,0.0
0.11824964827846766,0.368676162259789,1.0,0.0
0.1244116481980361,0.36905264987550707,1.0,0.0
0.13058325215706243,0.3692835065265078,1.0,0.0
0.13676256456057198,0.3694455958600768,1.0,0.0
0.1429590106344639,0.3695542074681378,1.0,0.0
0.14917317187178478,0.3696237863113639,1.0,0.0
0.1554024416466427,0.3696624798201372,1.0,0.0
0.16164288812884187,0.36967551727127484,1.0,0.0
0.16789030552477846,0.36966656245207,1.0,0.0
0.17414088294422958,0.3696386337257074,1.0,0.0
0.18039154483134384,0.36959454631481453,1.0,0.0
0.18664005082548432,0.3695370310084866,1.0,0.0
0.19288492240496932,0.3694686734543497,1.0,0.0
0.19912527786412537,0.36939180552566026,1.0,0.0
0.2053606364174833,0.3693084209117173,1.0,0.0
0.21159073785977198,0.36922015110105827,1.0,0.0
0.21781542387528896,0.36912831691177056,1.0,0.0
0.2240345820115266,0.3690340064721414,1.0,0.0
0.2302481184935429,0.36893812063802667,1.0,0.0
0.23645591431480845,0.36884135366624676,1.0,0.0
0.2426577574787621,0.36874413799714273,1.0,0.0
0.24885325530274643,0.36864657263379236,1.0,0.0
0.25504173228316085,0.3685483394220253,1.0,0.0
0.2612221459318495,0.36844862093240366,1.0,0.0
0.2673930388882639,0.3683459876806077,1.0,0.0
0.27355256675249817,0.3682382392120187,1.0,0.0
0.2796986632016386,0.3681222052135069,1.0,0.0
0.2858294526780095,0.36799364672676815,1.0,0.0
0.2919441139961081,0.36784769374878823,1.0,0.0
0.298043188731474,0.3676738379315825,1.0,0.0
0.30416834421364924,0.36758688064326095,1.0,0.0
0.3101716477229144,0.36726135966773593,1.0,0.0
0.316489658737528,0.3677736288946427,1.0,0.0
0.3222584161738021,0.3677116021110938,1.0,0.0
0.4149906895204221,0.36655788022775193,1.0,0.0
0.42068372349179095,0.36732625918911005,1.0,0.0
0.42663698548351064,0.3673316151183626,1.0,0.0
0.43281161353581565,0.36734291894425847,1.0,0.0
0.43909358929862835,0.36734844286582785,1.0,0.0
0.4454446550565231,0.36734375125711255,1.0,0.0
0.45179686938402613,0.3673824693431337,1.0,0.0
0.4581349867718761,0.3674405540492669,1.0,0.0
0.46446578822167583,0.3674934966574543,1.0,0.0
0.4707921945958286,0.36753797125802956,1.0,0.0
0.47711599482959677,0.3675740066321983,1.0,0.0
0.4834381330043847,0.3676030278446326,1.0,0.0
0.48975906842744965,0.36762687784770537,1.0,0.0
0.4960789923647896,0.3676476211064906,1.0,0.0
0.5023980940528703,0.36766737687564904,1.0,0.0
0.5087167112461144,0.36768814181476067,1.0,0.0
0.5150354259591445,0.3677115602456725,1.0,0.0
0.521355020142341,0.3677387660259577,1.0,0.0
0.5276763169495161,0.36777036099220367,1.0,0.0
0.5339999840779178,0.3678065401250409,1.0,0.0
0.5403263955550276,0.36784730344843586,1.0,0.0
0.5466556322252717,0.3678926167089461,1.0,0.0
0.5529876154704779,0.36794239131907924,1.0,0.0
0.5593222135308707,0.367996447311661,1.0,0.0
0.5656593748873057,0.3680543353218826,1.0,0.0
0.571999129175391,0.36811526091813784,1.0,0.0
0.5783415489325364,0.36817806950547266,1.0,0.0
0.5846866750704457,0.368241306815863,1.0,0.0
0.591034480985794,0.3683033168357766,1.0,0.0
0.5973847564836563,0.3683623762333067,1.0,0.0
0.6037369637112215,0.3684169009576787,1.0,0.0
0.6100902402592822,0.3684657812625934,1.0,0.0
0.616443567355569,0.3685084465203686,1.0,0.0
0.6227959241305536,0.36854472169228186,1.0,0.0
0.629146672347378,0.36857436612870725,1.0,0.0
0.6354958563760847,0.3685959917863619,1.0,0.0
0.6418432915387041,0.36860752571106836,1.0,0.0
0.6481871909231073,0.3686089937185586,1.0,0.0
0.6545254050384585,0.3686029662620491,1.0,0.0
0.6608572124001241,0.3685927696779584,1.0,0.0
0.6671836107661138,0.3685816773968223,1.0,0.0
0.6735075834574672,0.36857180468886436,1.0,0.0
0.6798346593080439,0.3685616616794527,1.0,0.0
0.6861735791136947,0.36853794226591013,1.0,0.0
0.6925243095779923,0.3684903392534499,1.0,0.0
0.6988771675407609,0.3684251425367424,1.0,0.0
0.7052322777528344,0.368337497513684,1.0,0.0
0.7115876204024851,0.3682185340367166,1.0,0.0
0.7179278695874985,0.3680814257337812,1.0,0.0
0.724245280440803,0.36795013866756116,1.0,0.0
0.7305451856599502,0.3678571402270556,1.0,0.0
0.7368829065763478,0.36771149586697316,1.0,0.0
0.7431649147663497,0.3676803261774777,1.0,0.0
0.7494768212906662,0.36771239911321146,1.0,0.0
0.7558615253692512,0.36774051323987716,1.0,0.0
0.7623408386704901,0.36777388622402946,1.0,0.0
0.7688267058194285,0.3676936081751173,1.0,0.0
0.7751361764924313,0.3673720649945822,1.0,0.0
0.7814069585855279,0.3671073197156286,1.0,0.0
0.7876711209651616,0.36691200859380374,1.0,0.0
0.793937485328799,0.36677246901646854,1.0,0.0
0.8002044401756507,0.3666747659789643,1.0,0.0
0.8064650642041465,0.3666203436865348,1.0,0.0
0.8127212583543618,0.3665883388324183,1.0,0.0
0.8189452075407586,0.36659266369717836,1.0,0.0
0.8250844500272423,0.3667617745069803,1.0,0.0
0.831188919272034,0.367184144653466,1.0,0.0
0.8374631359251204,0.36758785719152715,1.0,0.0
0.8438883892955071,0.3678885426091656,1.0,0.0
0.8505069020621775,0.3678784713202903,1.0,0.0
0.8561721519498854,0.37004551487470366,1.0,0.0
0.8625402311267563,0.3688098791586676,1.0,0.0
0.8684792537190287,0.3677519565106504,1.0,0.0
0.8753206932030698,0.36875969768663747,1.0,0.0
0.8822909090010013,0.3691193481982389,1.0,0.0
0.8886402235170471,0.3687334586554501,1.0,0.0
0.8950136487307068,0.36837830132553984,1.0,0.0
0.9013494105899195,0.36800270865464685,1.0,0.0
0.9077203225823347,0.36718588453234824,1.0,0.0
0.9135234877417094,0.36707088973032387,1.0,0.0
0.9196281043761579,0.36784272397335416,1.0,0.0
0.9260280291913874,0.36831295236669226,1.0,0.0
0.9320129632445506,0.36904396375066784,1.0,0.0
0.9373279438163463,0.3669802207445,1.0,0.0
0.9441345892997932,0.3659437326662551,1.0,0.0
0.10945476042455524,0.37398923564777065,1.0,0.0
0.11535438412241229,0.37393220136096306,1.0,0.0
0.12131449727326409,0.3743960414605624,1.0,0.0
0.1273942308540876,0.3746555809193264,1.0,0.0
0.13352909240450028,0.37483590161013625,1.0,0.0
0.13970959659412296,0.3749516997925811,1.0,0.0
0.14592252378950674,0.37502510300811515,1.0,0.0
0.15215779126297116,0.3750676483763583,1.0,0.0
0.15840754574051186,0.3750859507627611,1.0,0.0
0.16466573846086902,0.37508408801015647,1.0,0.0
0.1709277115047404,0.3750648549366416,1.0,0.0
0.17718995100447918,0.37503051997630377,1.0,0.0
0.1834499206681173,0.37498318613152903,1.0,0.0
0.18970591054953365,0.3749248991775232,1.0,0.0
0.1959568700214855,0.3748576180709112,1.0,0.0
0.20220223053944603,0.3747831435101192,1.0,0.0
0.20844173483833814,0.37470306014969995,1.0,0.0
0.21467529158118767,0.3746187183562085,1.0,0.0
0.2209028734205182,0.374531259309419,1.0,0.0
0.22712445195592262,0.3744416525289428,1.0,0.0
0.23333994449131576,0.37435071158385463,1.0,0.0
0.23954914391212034,0.37425907172842326,1.0,0.0
0.24575162266513037,0.37416714256645683,1.0,0.0
0.2519466096111484,0.37407504264079433,1.0,0.0
0.25813284335671377,0.37398250980608905,1.0,0.0
0.26430842385945813,0.3738887729520435,1.0,0.0
0.2704706959155379,0.3737923366909537,1.0,0.0
0.2766162472352781,0.37369062306403,1.0,0.0
0.2827411933335717,0.37357942745590705,1.0,0.0
0.28884208795896565,0.37345232621378077,1.0,0.0
0.2949179591536939,0.3733003549609863,1.0,0.0
0.3009703274721591,0.3730948791318479,1.0,0.0
0.3071000838550969,0.3730733854033749,1.0,0.0
0.3129608985992972,0.3724774143428746,1.0,0.0
0.4170181972006011,0.37264682717799796,1.0,0.0
0.4232701209261193,0.3728898868221058,1.0,0.0
0.4295597377139669,0.3727940145728215,1.0,0.0
0.4358981163309979,0.3727446150341159,1.0,0.0
0.44230423645766165,0.372682162728597,1.0,0.0
0.44868070216336187,0.37271540210797477,1.0,0.0
0.4550214845783669,0.3727883596194683,1.0,0.0
0.4613495978435894,0.37285297113472343,1.0,0.0
0.4676719123409206,0.37290633808881385,1.0,0.0
0.4739917619653291,0.37294896081430534,1.0,0.0
0.4803106032177796,0.3729828197490014,1.0,0.0
0.4866289904553294,0.37301016970199974,1.0,0.0
0.49294717369276136,0.37303315120550506,1.0,0.0
0.49926530987227474,0.3730538668493888,1.0,0.0
0.5055836205996381,0.37307426451023074,1.0,0.0
0.5119024805747505,0.3730960055979369,1.0,0.0
0.5182224086306104,0.3731203668767676,1.0,0.0
0.5245439774063637,0.37314821625639416,1.0,0.0
0.5308676893142795,0.3731800728448217,1.0,0.0
0.5371938794457044,0.37321622319280656,1.0,0.0
0.5435226964958195,0.37325682063956256,1.0,0.0
0.5498541647307169,0.3733018954631245,1.0,0.0
0.5561882512834733,0.3733513357260443,1.0,0.0
0.5625249456541909,0.37340479277965244,1.0,0.0
0.5688642724064321,0.3734616257498427,1.0,0.0
0.5752062678706215,0.3735208837374144,1.0,0.0
0.581550931480117,0.3735813441461702,1.0,0.0
0.5878981742842977,0.3736415780254789,1.0,0.0
0.5942477605687244,0.3737000869198535,1.0,0.0
0.6005992415446392,0.37375546581285474,1.0,0.0
0.6069519268620599,0.3738065744799014,1.0,0.0
0.6133049977283779,0.37385263328557594,1.0,0.0
0.6196576685444123,0.3738931768373514,1.0,0.0
0.6260093783200952,0.3739277228433401,1.0,0.0
0.6323599145176392,0.3739552417782915,1.0,0.0
0.6387089201640825,0.3739744001584928,1.0,0.0
0.6450552151870073,0.3739849531785139,1.0,0.0
0.6513973596417112,0.3739880780867127,1.0,0.0
0.6577347088597942,0.37398563957458264,1.0,0.0
0.664067810709032,0.3739796038769835,1.0,0.0
0.6703986609090367,0.3739711734182489,1.0,0.0
0.6767309073945819,0.37395917248744204,1.0,0.0
0.6830696899532476,0.37393639927528977,1.0,0.0
0.6894157227223703,0.37389655170810504,1.0,0.0
0.6957645002547836,0.37384090779061613,1.0,0.0
0.7021149112716222,0.3737667164089448,1.0,0.0
0.7084644024343058,0.3736701876890039,1.0,0.0
0.714804167877463,0.37355822456509946,1.0,0.0
0.721128070314994,0.3734433167230616,1.0,0.0
0.7274378487492662,0.37334190047294397,1.0,0.0
0.7337561139004568,0.37322134914377425,1.0,0.0
0.7400465328520424,0.37315564922558225,1.0,0.0
0.74634894732206,0.37313189227634475,1.0,0.0
0.7526902893228152,0.37311664040361203,1.0,0.0
0.7590707361275524,0.3730921313513391,1.0,0.0
0.7654934529189967,0.3730522700296609,1.0,0.0
0.7719039807382022,0.3729348852954594,1.0,0.0
0.7782149723619615,0.3726953822858109,1.0,0.0
0.7844911689515475,0.3724874147272669,1.0,0.0
0.7907555393625348,0.3723288444862528,1.0,0.0
0.797014230562591,0.37221634558808453,1.0,0.0
0.8032645552890469,0.3721479452418339,1.0,0.0
0.8095052775785017,0.37211563121996527,1.0,0.0
0.8157216874399431,0.37212883160104476,1.0,0.0
0.8218893054624797,0.37224921051678916,1.0,0.0
0.8280298425243799,0.37252641127117647,1.0,0.0
0.8342433869863506,0.37283864163526514,1.0,0.0
0.8405324736926062,0.37310604606527004,1.0,0.0
0.8468653323596155,0.37323324941087027,1.0,0.0
0.8527421439415882,0.3742698532583886,1.0,0.0
0.8596529738265123,0.37448781182866003,1.0,0.0
0.8659107919917153,0.3737778867300976,1.0,0.0
0.8719146492017326,0.3734495038074092,1.0,0.0
0.8785404731021492,0.37386409853692104,1.0,0.0
0.8852109164047125,0.3741102891196871,1.0,0.0
0.8916425686898051,0.3738163755860607,1.0,0.0
0.8980081406578979,0.3735019269729277,1.0,0.0
0.9043339610682758,0.373010581362388,1.0,0.0
0.9103618601309998,0.37278717077935414,1.0,0.0
0.9163450118515486,0.3729460523357017,1.0,0.0
0.9225942675316791,0.37336053392991897,1.0,0.0
0.9288548295785943,0.37393583298076805,1.0,0.0
0.9355504772007065,0.373437536482797,1.0,0.0
0.9414217253195263,0.3722501983053443,1.0,0.0
0.9475735050393541,0.37447015027071684,1.0,0.0
0.11235179517679227,0.37943955716913486,1.0,0.0
0.11808743393408558,0.3798181103772321,1.0,0.0
0.12409249871363932,0.38005859899036576,1.0,0.0
0.13020111026699815,0.38023813127602046,1.0,0.0
0.13638579376242826,0.3803491446452349,1.0,0.0
0.1426151649347324,0.38041998649023084,1.0,0.0
0.14887031817993393,0.38046300299609526,1.0,0.0
0.15513968130189795,0.3804847315834883,1.0,0.0
0.16141598209192043,0.3804888121063691,1.0,0.0
0.16769444474131803,0.3804775254923889,1.0,0.0
0.17397178982377917,0.380452547115982,1.0,0.0
0.18024573913391723,0.38041536229758594,1.0,0.0
0.18651476210775428,0.3803674486888125,1.0,0.0
0.1927779159110075,0.3803103125113887,1.0,0.0
0.19903470972247267,0.3802454476000819,1.0,0.0
0.20528497461281575,0.3801742742163562,1.0,0.0
0.2115287417561905,0.38009809170695275,1.0,0.0
0.21776613812121956,0.3800180596078639,1.0,0.0
0.22399730679409813,0.3799352058404668,1.0,0.0
0.23022234446384032,0.3798504426171675,1.0,0.0
0.23644123745804516,0.3797645703696032,1.0,0.0
0.24265377544723976,0.3796782609499753,1.0,0.0
0.24885943007579578,0.3795920241570813,1.0,0.0
0.25505718825546825,0.37950615395330484,1.0,0.0
0.26124533248305565,0.3794206329527666,1.0,0.0
0.26742117709825863,0.37933494576800514,1.0,0.0
0.2735808127156146,0.37924769400063096,1.0,0.0
0.27971904607385767,0.37915583121641205,1.0,0.0
0.2858300343755557,0.37905326449388904,1.0,0.0
0.2919096957151193,0.3789287776166994,1.0,0.0
0.2979611850134431,0.37876341539292635,1.0,0.0
0.3039934382629415,0.3784769173208545,1.0,0.0
0.3102354278944558,0.37858923245757026,1.0,0.0
0.41953610972814626,0.3781332154457539,1.0,0.0
0.42615858186070255,0.37817992296998304,1.0,0.0
0.4326258509291309,0.3781182865648302,1.0,0.0
0.43914709755844955,0.3779812190900235,1.0,0.0
0.4455701770610385,0.3780232265329885,1.0,0.0
0.45191582141917863,0.3781281726363227,1.0,0.0
0.4582405155004964,0.37821055103433493,1.0,0.0
0.46455709598546685,0.37827517449369263,1.0,0.0
0.47087134532085384,0.3783250657912253,1.0,0.0
0.4771854988511788,0.3783637495807629,1.0,0.0
0.48350019120153687,0.37839437442479773,1.0,0.0
0.48981567889901834,0.3784193394013451,1.0,0.0
0.49613203065367895,0.3784408534254072,1.0,0.0
0.5024493257075184,0.37846089072413236,1.0,0.0
0.5087677503191798,0.37848114719858816,1.0,0.0
0.5150876082886695,0.3785029997119848,1.0,0.0
0.5214092657248274,0.3785274970572237,1.0,0.0
0.5277330681043122,0.37855538999055816,1.0,0.0
0.5340592705552902,0.37858719156187265,1.0,0.0
0.5403880131926417,0.37862323387828045,1.0,0.0
0.5467193460980042,0.37866368278591267,1.0,0.0
0.5530532682962939,0.3787085293531388,1.0,0.0
0.5593897746627846,0.37875754043034293,1.0,0.0
0.5657288693819644,0.3788102225623686,1.0,0.0
0.5720705535417445,0.3788658089806766,1.0,0.0
0.5784147919489393,0.3789232830959047,1.0,0.0
0.5847614740677526,0.37898143184717054,1.0,0.0
0.5911103666976044,0.37903894228096796,1.0,0.0
0.597461080543741,0.37909453598626913,1.0,0.0
0.603813064589295,0.3791470964314714,1.0,0.0
0.6101656612385695,0.379195727858956,1.0,0.0
0.6165182173835259,0.3792397487887797,1.0,0.0
0.6228702196400199,0.3792785277566159,1.0,0.0
0.629221340044689,0.3793111958667973,1.0,0.0
0.6355711786920637,0.3793367799947118,1.0,0.0
0.6419189195468588,0.3793548922092953,1.0,0.0
0.6482635993264967,0.37936595735439355,1.0,0.0
0.6546046777655998,0.3793708694510361,1.0,0.0
0.6609423898914812,0.37937064761042155,1.0,0.0
0.6672779722891008,0.3793658511001045,1.0,0.0
0.6736137440457849,0.37935558050497453,1.0,0.0
0.6799527632267257,0.37933581218316875,1.0,0.0
0.6862958479309894,0.3793026629099047,1.0,0.0
0.6926409408842561,0.3792557039096911,1.0,0.0
0.698986848709146,0.3791932499387852,1.0,0.0
0.7053313190301267,0.379113718434986,1.0,0.0
0.711669021551056,0.3790209375766155,1.0,0.0
0.7179957069715528,0.37892199095192053,1.0,0.0
0.7243109940940504,0.378825347347691,1.0,0.0
0.730623815401543,0.3787207533045638,1.0,0.0
0.7369201099999635,0.3786419106339142,1.0,0.0
0.7432188682064191,0.37858782083403936,1.0,0.0
0.749537443913928,0.3785441168237596,1.0,0.0
0.7558802887780873,0.3784986799246471,1.0,0.0
0.7622449369416224,0.3784408704907027,1.0,0.0
0.7686259431352761,0.3783632497567332,1.0,0.0
0.7749896943649539,0.3782355733733623,1.0,0.0
0.7812942092410174,0.3780493399294829,1.0,0.0
0.7875706823027177,0.37788535137146567,1.0,0.0
0.7938327703205027,0.37776113012573476,1.0,0.0
0.8000834557995533,0.3776805611635993,1.0,0.0
0.8063219741898452,0.37764163282419594,1.0,0.0
0.8125406418596255,0.3776510818452872,1.0,0.0
0.818727792300899,0.3777394888232385,1.0,0.0
0.8248936193282512,0.37793361562399314,1.0,0.0
0.8310879903387651,0.3781790255105117,1.0,0.0
0.8373231187006525,0.37842264690233746,1.0,0.0
0.8435810468092438,0.37861965109167955,1.0,0.0
0.8496634443330232,0.3792315875939294,1.0,0.0
0.8561632931547933,0.3793843184456487,1.0,0.0
0.8627534178043281,0.3794340898629934,1.0,0.0
0.8689862785314162,0.37910813866472953,1.0,0.0
0.8751925428936808,0.3789094711024794,1.0,0.0
0.881671685015143,0.3791039404416286,1.0,0.0
0.8882322812612324,0.37916864977387865,1.0,0.0
0.8946409984918582,0.3789461145588337,1.0,0.0
0.9009785846370917,0.3786312960021161,1.0,0.0
0.9071461476973536,0.3784256460026061,1.0,0.0
0.9132381678355628,0.37840409123200625,1.0,0.0
0.9193806582204209,0.3785522510819224,1.0,0.0
0.9256261980948309,0.37891583612237095,1.0,0.0
0.9321604835092182,0.3787999848946314,1.0,0.0
0.9384685071159026,0.3784294912567809,1.0,0.0
0.944184899606107,0.37866125183423777,1.0,0.0
0.9509415570654496,0.379440833022369,1.0,0.0
0.11439257056688558,0.3853533634891801,1.0,0.0
0.12045313679707834,0.3854391551675321,1.0,0.0
0.126655923918425,0.38561472022455096,1.0,0.0
0.13292707501385367,0.38572029226234383,1.0,0.0
0.1392230442139748,0.3857904653027327,1.0,0.0
0.1455278472565739,0.3858364127650827,1.0,0.0
0.15183455719488748,0.3858637188234956,1.0,0.0
0.15813974487153717,0.3858753602376602,1.0,0.0
0.16444137304225598,0.3858731222917638,1.0,0.0
0.17073803457675493,0.38585826754724817,1.0,0.0
0.17702868748912923,0.38583186241835316,1.0,0.0
0.18331258950145968,0.3857949598057163,1.0,0.0
0.18958928764513167,0.38574867432515475,1.0,0.0
0.19585860213848558,0.3856941839232338,1.0,0.0
0.20212058597979082,0.38563269133230893,1.0,0.0
0.2083754648772455,0.3855653764839207,1.0,0.0
0.21462356974822563,0.385493359980927,1.0,0.0
0.2208652733076705,0.38541768616728456,1.0,0.0
0.22710093656253494,0.3853393242027476,1.0,0.0
0.2333308597835925,0.38525917647221947,1.0,0.0
0.23955522345158953,0.38517808458541375,1.0,0.0
0.24577399924934312,0.3850968298550151,1.0,0.0
0.25198680617460595,0.3850161306207028,1.0,0.0
0.2581926694630223,0.3849366313242768,1.0,0.0
0.26438960301404374,0.38485885854370244,1.0,0.0
0.2705738689786791,0.38478307743454715,1.0,0.0
0.27673865548345206,0.38470888914655105,1.0,0.0
0.282871776936513,0.3846342351860064,1.0,0.0
0.2889519790243356,0.3845532216977549,1.0,0.0
0.2949439926457329,0.38445245934510547,1.0,0.0
0.3007938407115526,0.38430327804697245,1.0,0.0
0.3064089389884408,0.38391253788419905,1.0,0.0
0.41570194035807395,0.3835948465322052,1.0,0.0
0.4230367046004161,0.3834232062051635,1.0,0.0
0.4294681656098331,0.38347833838879974,1.0,0.0
0.4360729377315618,0.3832161002949812,1.0,0.0
0.44251740432452796,0.38329311023934787,1.0,0.0
0.4488427051689474,0.3834601855886622,1.0,0.0
0.45515081418073267,0.3835683655698549,1.0,0.0
0.4614539183123667,0.3836468651937549,1.0,0.0
0.46775792444993275,0.38370440608355444,1.0,0.0
0.4740645678122593,0.38374748587509433,1.0,0.0
0.4803737128282365,0.38378085474495544,1.0,0.0
0.4866852168190105,0.3838073051264395,1.0,0.0
0.49299881683967267,0.3838292475677697,1.0,0.0
0.49931432076412574,0.3838487256821117,1.0,0.0
0.5056316800923012,0.383867470590277,1.0,0.0
0.5119509884449537,0.3838869228446683,1.0,0.0
0.518272426630258,0.38390825188575045,1.0,0.0
0.5245961916080432,0.383932375975091,1.0,0.0
0.5309224391229023,0.3839599885650907,1.0,0.0
0.5372512572212625,0.3839915843789873,1.0,0.0
0.5435826720822683,0.3840274683264637,1.0,0.0
0.5499166684416008,0.38406775090992246,1.0,0.0
0.5562532166054351,0.38411232228435405,1.0,0.0
0.5625922833092177,0.3841608306007412,1.0,0.0
0.5689338257288962,0.3842126743824507,1.0,0.0
0.5752777705010438,0.38426701910379774,1.0,0.0
0.5816239855967028,0.38432283820653734,1.0,0.0
0.587972247848021,0.38437898618007027,1.0,0.0
0.5943222179693664,0.3844342965010887,1.0,0.0
0.6006734413193393,0.3844876836182889,1.0,0.0
0.6070253857542641,0.3845382000918207,1.0,0.0
0.6133775063231972,0.38458503710976844,1.0,0.0
0.6197293294110907,0.3846274484428942,1.0,0.0
0.6260804866391889,0.3846646188680518,1.0,0.0
0.6324305802785226,0.3846957269441112,1.0,0.0
0.6387790118395664,0.38472029025377963,1.0,0.0
0.6451251105750812,0.3847383006584202,1.0,0.0
0.651468446802088,0.3847500600492557,1.0,0.0
0.6578090701466898,0.3847559547279498,1.0,0.0
0.6641476861863383,0.3847560983468468,1.0,0.0
0.6704856969406101,0.3847497475600974,1.0,0.0
0.6768249056133686,0.3847345355398786,1.0,0.0
0.6831659809505549,0.3847080141456511,1.0,0.0
0.6895079938767396,0.384669327619082,1.0,0.0
0.6958499952399124,0.3846173847373277,1.0,0.0
0.7021902628257909,0.3845515512759627,1.0,0.0
0.7085254948489587,0.3844741127174114,1.0,0.0
0.7148527674554935,0.38438934829581795,1.0,0.0
0.7211710750947077,0.3843021612049444,1.0,0.0
0.7274834775032085,0.38421024606582893,1.0,0.0
0.733784364710719,0.384129536874245,1.0,0.0
0.7400829570848383,0.3840618345158312,1.0,0.0
0.7463899568184145,0.3840013236730311,1.0,0.0
0.7527109581406416,0.3839413507573824,1.0,0.0
0.7590468884048313,0.3838750915604169,1.0,0.0
0.7653942124216169,0.38379661260756387,1.0,0.0
0.7717457284779007,0.38370091455946104,1.0,0.0
0.7780806531960183,0.38357620912715196,1.0,0.0
0.7843787365218677,0.38342741884351667,1.0,0.0
0.7906543048560761,0.3833000242146858,1.0,0.0
0.7969143228364542,0.3832100183410288,1.0,0.0
0.8031602977791313,0.3831623139421045,1.0,0.0
0.8093883870103986,0.3831629439148404,1.0,0.0
0.8155928844128625,0.3832279750613553,1.0,0.0
0.821778888880369,0.3833714007394365,1.0,0.0
0.8279721272007818,0.38356806739440363,1.0,0.0
0.8341852030907164,0.38378453292785647,1.0,0.0
0.8404129492980988,0.383995145417182,1.0,0.0
0.8465784634740419,0.38439301187803565,1.0,0.0
0.852949624827961,0.38457300730921173,1.0,0.0
0.8593670867170515,0.38462173052097753,1.0,0.0
0.8657936811905151,0.3846269467211643,1.0,0.0
0.8720842187310895,0.38441460496462765,1.0,0.0
0.8783668449475404,0.38429085442485084,1.0,0.0
0.8848032911476986,0.3843309644134252,1.0,0.0
0.8912728463012933,0.3843098416356886,1.0,0.0
0.8976481211792321,0.3841190719387953,1.0,0.0
0.9039099427059507,0.383958692056886,1.0,0.0
0.9100994612756267,0.38388476693114587,1.0,0.0
0.9162762958246123,0.3839198446735586,1.0,0.0
0.9224807581500492,0.3840840265037685,1.0,0.0
0.9288520089699414,0.38408981724494845,1.0,0.0
0.935146593950051,0.3840066831398225,1.0,0.0
0.9411599264123636,0.3841515813864697,1.0,0.0
0.9471998526895304,0.384220784365123,1.0,0.0
0.9533801131407277,0.384746078581239,1.0,0.0
0.963114179753767,0.3831349934061937,1.0,0.0
0.9680253884229542,0.3877118692797869,1.0,0.0
0.9732579045345574,0.38420952603137154,1.0,0.0
0.9784449480537889,0.3805115950559044,1.0,0.0
0.11608565199601163,0.3905143127972336,1.0,0.0
0.12278711177826919,0.3908241603420056,1.0,0.0
0.12931801401706386,0.39099483742562646,1.0,0.0
0.13575403679921227,0.39109992094578266,1.0,0.0
0.1421412864226327,0.39116767615831444,1.0,0.0
0.1485012088431991,0.39121118954571443,1.0,0.0
0.1548436990186109,0.391236636577127,1.0,0.0
0.1611733538072361,0.3912472441081185,1.0,0.0
0.16749230704372703,0.3912448938131346,1.0,0.0
0.1738015454317965,0.3912308534792164,1.0,0.0
0.18010154693856004,0.391206135537405,1.0,0.0
0.1863926136916113,0.391171687528586,1.0,0.0
0.1926750458971667,0.3911284788744999,1.0,0.0
0.19894922110557203,0.3910775217661507,1.0,0.0
0.2052156140697486,0.3910198553662998,1.0,0.0
0.21147478290581592,0.3909565174414081,1.0,0.0
0.21772734126899718,0.39088851943969577,1.0,0.0
0.2239739302600881,0.3908168328342257,1.0,0.0
0.2302151971243103,0.39074238762762353,1.0,0.0
0.2364517801270206,0.3906660791256971,1.0,0.0
0.242684293941889,0.39058878032794736,1.0,0.0
0.248913307424863,0.39051136223549887,1.0,0.0
0.25513930249362177,0.3904347287499213,1.0,0.0
0.26136258988711,0.39035987069181083,1.0,0.0
0.26758312359173314,0.39028793211220447,1.0,0.0
0.27380007446777754,0.39022024599614813,1.0,0.0
0.28001083291782125,0.3901581855967201,1.0,0.0
0.28620869460583465,0.3901023694065374,1.0,0.0
0.2923777112089652,0.39005010253962347,1.0,0.0
0.2984826694910263,0.3899889930584375,1.0,0.0
0.30445745271112035,0.38985188681613325,1.0,0.0
0.42139678893471716,0.3896788137122318,1.0,0.0
0.42674208347223863,0.3890251721640083,1.0,0.0
0.4332286245055416,0.3884255585838384,1.0,0.0
0.43960127570426816,0.388540168150679,1.0,0.0
0.44583760294359914,0.38880210149287914,1.0,0.0
0.452096923161246,0.38893743368720585,1.0,0.0
0.45836965937975827,0.3890283635983498,1.0,0.0
0.4646545521747202,0.3890913777907581,1.0,0.0
0.4709490874716228,0.38913680466001044,1.0,0.0
0.47725010798171014,0.3891715081025879,1.0,0.0
0.4835561051204531,0.38919842015986467,1.0,0.0
0.48986595444553865,0.38922008936192987,1.0,0.0
0.4961789241374693,0.3892385728378784,1.0,0.0
0.502494615686633,0.38925558017099543,1.0,0.0
0.5088128842964676,0.3892725539895369,1.0,0.0
0.5151337342095207,0.3892907241088208,1.0,0.0
0.521457225253859,0.38931112444556293,1.0,0.0
0.5277834103994209,0.3893345925827882,1.0,0.0
0.5341123055266962,0.38936176913907977,1.0,0.0
0.5404438845102428,0.38939309572650105,1.0,0.0
0.5467780881883929,0.38942880905691873,1.0,0.0
0.5531148395637688,0.38946892613748524,1.0,0.0
0.5594540519420051,0.38951323172886276,1.0,0.0
0.5657956270418203,0.38956127484494996,1.0,0.0
0.5721394431834991,0.38961238150177885,1.0,0.0
0.5784853376052472,0.3896656863811714,1.0,0.0
0.5848330853480662,0.38972018826101235,1.0,0.0
0.5911823825827239,0.3897748249575091,1.0,0.0
0.5975328450695273,0.3898285522340304,1.0,0.0
0.6038840320700677,0.38988040003507507,1.0,0.0
0.6102354879640814,0.38992948898361934,1.0,0.0
0.6165867902066408,0.3899749970299183,1.0,0.0
0.6229375711520325,0.3900161045179615,1.0,0.0
0.629287456260597,0.3900520356727097,1.0,0.0
0.6356359791612763,0.39008222909297424,1.0,0.0
0.6419826463554006,0.3901064144778451,1.0,0.0
0.6483271090071615,0.3901245263345187,1.0,0.0
0.6546693156869196,0.3901365574661509,1.0,0.0
0.6610096258784762,0.39014233205103593,1.0,0.0
0.6673488327272837,0.39014117973414936,1.0,0.0
0.6736879586294204,0.3901315870798373,1.0,0.0
0.6800274546402363,0.3901119394201098,1.0,0.0
0.6863668812255451,0.3900813787238999,1.0,0.0
0.6927055512830764,0.3900391520356425,1.0,0.0
0.6990422404092991,0.38998500272942876,1.0,0.0
0.7053748965351264,0.3899203601577607,1.0,0.0
0.7117015966412331,0.3898480097920743,1.0,0.0
0.7180213274691105,0.38977121396237757,1.0,0.0
0.7243347956252953,0.3896903858722733,1.0,0.0
0.7306395748761468,0.38961360566747594,1.0,0.0
0.7369398252035361,0.3895425593976988,1.0,0.0
0.7432418086821426,0.3894747041275141,1.0,0.0
0.7495503896330382,0.38940629791150405,1.0,0.0
0.7558682760701795,0.38933337008863067,1.0,0.0
0.7621953144255904,0.3892525844930094,1.0,0.0
0.7685282563641856,0.38916148741122764,1.0,0.0
0.7748605846791333,0.3890588506674479,1.0,0.0
0.7811794911397804,0.3889429447792295,1.0,0.0
0.787474341716582,0.38882366431640353,1.0,0.0
0.7937507460550108,0.38872934100743095,1.0,0.0
0.8000114283074283,0.3886732178046345,1.0,0.0
0.8062547229028082,0.38866375986149637,1.0,0.0
0.8124775702196362,0.3887107681485356,1.0,0.0
0.8186825423120115,0.38882149214169204,1.0,0.0
0.8248835527451263,0.3889830686958547,1.0,0.0
0.831091154572173,0.3891739556401691,1.0,0.0
0.8373068793354418,0.3893759756230134,1.0,0.0
0.8435035858206176,0.3896636310474148,1.0,0.0
0.8498043167151265,0.3898432359725328,1.0,0.0
0.8561487215037759,0.38992247716596806,1.0,0.0
0.8625018795424448,0.38992842823062107,1.0,0.0
0.8688735760587722,0.38987099476571635,1.0,0.0
0.8751870829047451,0.3897150877309694,1.0,0.0
0.8815174924186396,0.389599397440371,1.0,0.0
0.8879229394109995,0.38956778224720273,1.0,0.0
0.8943377729442779,0.3895050717985999,1.0,0.0
0.9006701783293916,0.3893986674794899,1.0,0.0
0.9069397387770652,0.38932493509436245,1.0,0.0
0.9131741374310353,0.3893142542476046,1.0,0.0
0.9194001197371366,0.3893870487911158,1.0,0.0
0.9256944529454217,0.38940365587245823,1.0,0.0
0.9319796060017649,0.3894138858979469,1.0,0.0
0.938163421196755,0.38954148739518574,1.0,0.0
0.9443559828342118,0.3896352189007462,1.0,0.0
0.9504903375478924,0.3898531009780918,1.0,0.0
0.9567774215416882,0.3900853848326431,1.0,0.0
0.9628907687485871,0.38979713341941685,1.0,0.0
0.9726874897461998,0.3905948009620849,1.0,0.0
0.9776366838835112,0.38775099823652137,1.0,0.0
0.9836718613027222,0.3883682230569702,1.0,0.0
0.11380964956731301,0.39552531533142987,1.0,0.0
0.11975215988573412,0.39601522942061335,1.0,0.0
0.12603446176947064,0.39621219084233367,1.0,0.0
0.13241062578349183,0.39635725780301095,1.0,0.0
0.1388007310301447,0.39645650292284523,1.0,0.0
0.14518204931925785,0.3965244583899405,1.0,0.0
0.15154925833092606,0.39656978772310464,1.0,0.0
0.1579021260509603,0.39659751810422605,1.0,0.0
0.16424165604200275,0.3966106491670564,1.0,0.0
0.17056893912101884,0.39661106819778613,1.0,0.0
0.17688489435820087,0.3966000740893372,1.0,0.0
0.18319028291438785,0.3965786809857202,1.0,0.0
0.18948578777589073,0.3965477968239683,1.0,0.0
0.19577208567773577,0.39650831670120074,1.0,0.0
0.20204989053891012,0.3964611581042357,1.0,0.0
0.20831996983371165,0.3964072604473756,1.0,0.0
0.21458314436030157,0.3963475680232383,1.0,0.0
0.22084028352286342,0.3962830100814681,1.0,0.0
0.2270923064599609,0.39621448574664214,1.0,0.0
0.23334019642892898,0.3961428563566023,1.0,0.0
0.23958503374617016,0.3960689443044315,1.0,0.0
0.24582805381486036,0.3959935379954887,1.0,0.0
0.2520707426560054,0.3959174053370374,1.0,0.0
0.25831499317595397,0.39584132071834927,1.0,0.0
0.2645633612436497,0.3957661088571198,1.0,0.0
0.27081948340934314,0.39569269894329145,1.0,0.0
0.27708874499961866,0.3956221446813667,1.0,0.0
0.2833792903880279,0.3955554261698127,1.0,0.0
0.289703326240701,0.3954923671138933,1.0,0.0
0.2960780687149056,0.39542716561825547,1.0,0.0
0.30252526967501536,0.3953223736807448,1.0,0.0
0.3090306434535719,0.39510088011024297,1.0,0.0
0.3152366091961277,0.39351287740897956,1.0,0.0
0.42328342058024315,0.3954021822546465,1.0,0.0
0.43013971245343163,0.3935825362778592,1.0,0.0
0.43662320512443686,0.3937321107380836,1.0,0.0
0.44281271977068315,0.3941615246514525,1.0,0.0
0.4490415427630303,0.3943270673340281,1.0,0.0
0.4552872719268783,0.394427097871837,1.0,0.0
0.4615526570500269,0.39449097367652936,1.0,0.0
0.4678345368347798,0.39453470076690783,1.0,0.0
0.4741268858433641,0.3945682690451747,1.0,0.0
0.48042701645726726,0.3945939953478242,1.0,0.0
0.48673283279926904,0.39461433665932677,1.0,0.0
0.49304297168368283,0.39463118367902406,1.0,0.0
0.49935665493818376,0.39464608605793067,1.0,0.0
0.5056735225092234,0.3946603797100388,1.0,0.0
0.5119934460561603,0.3946752779959648,1.0,0.0
0.5183163868512971,0.3946918814261779,1.0,0.0
0.5246423164230926,0.39471114325580176,1.0,0.0
0.5309711822432532,0.39473383711845966,1.0,0.0
0.5373028977305165,0.39476053901540814,1.0,0.0
0.5436373456877086,0.39479161568907706,1.0,0.0
0.5499743876549169,0.3948272135601325,1.0,0.0
0.5563138708296353,0.39486725102483855,1.0,0.0
0.5626556296217295,0.3949114173174239,1.0,0.0
0.5689994813975,0.3949591824847016,1.0,0.0
0.5753452185177577,0.39500982148188246,1.0,0.0
0.5816925974419864,0.395062457019941,1.0,0.0
0.5880413289089663,0.3951161188022632,1.0,0.0
0.5943910758064872,0.3951698085354726,1.0,0.0
0.6007414651745562,0.39522255245431004,1.0,0.0
0.6070921127096789,0.39527342935657983,1.0,0.0
0.613442650885676,0.39532156659452894,1.0,0.0
0.6197927406837395,0.39536612156223705,1.0,0.0
0.626142042672116,0.39540631184227826,1.0,0.0
0.6324901783439603,0.39544150593839544,1.0,0.0
0.6388367637760989,0.3954712639071565,1.0,0.0
0.6451815047646783,0.3954952886151584,1.0,0.0
0.6515242901393244,0.3955133284489822,1.0,0.0
0.6578652612219834,0.3955250326838384,1.0,0.0
0.6642048193625975,0.39552976531040623,1.0,0.0
0.6705434961317739,0.3955264511726124,1.0,0.0
0.6768815337891858,0.3955139452552955,1.0,0.0
0.6832186798384934,0.395491485282585,1.0,0.0
0.6895544376604903,0.395458496550755,1.0,0.0
0.6958879636249968,0.3954148327445791,1.0,0.0
0.7022179888280627,0.395361373575472,1.0,0.0
0.7085433229515206,0.3952999649790753,1.0,0.0
0.7148632853784846,0.3952330440279289,1.0,0.0
0.7211778898594654,0.3951621214715689,1.0,0.0
0.7274858017202912,0.39509152800654346,1.0,0.0
0.733788910888235,0.3950230995249088,1.0,0.0
0.7400899817720921,0.3949549035299899,1.0,0.0
0.7463924081269505,0.3948840959240695,1.0,0.0
0.7526992717691063,0.3948077982504419,1.0,0.0
0.7590125389782378,0.39472411481198055,1.0,0.0
0.7653322598983652,0.3946324533916731,1.0,0.0
0.7716559717832963,0.3945336054106592,1.0,0.0
0.7779785239853597,0.3944299345684595,1.0,0.0
0.7842914765077722,0.3943256505237618,1.0,0.0
0.7905880023539752,0.39423246836580383,1.0,0.0
0.7968687468509226,0.39416992298044357,1.0,0.0
0.8031320240474147,0.39415090990042334,1.0,0.0
0.8093755907626837,0.3941838001521142,1.0,0.0
0.8156003798647705,0.3942726872561241,1.0,0.0
0.8218143766925402,0.3944095773108268,1.0,0.0
0.828026012005262,0.394579370314649,1.0,0.0
0.8342397594680349,0.3947673318876188,1.0,0.0
0.8404485749732034,0.3949967250073605,1.0,0.0
0.8467107751533022,0.395169763635337,1.0,0.0
0.8530055028313702,0.39526792710524145,1.0,0.0
0.859313165088592,0.3952930833764774,1.0,0.0
0.8656329771247342,0.39523948830279076,1.0,0.0
0.8719728138491557,0.39513803107385653,1.0,0.0
0.8783064099271873,0.39498927776554754,1.0,0.0
0.8846613965392146,0.39487439280546544,1.0,0.0
0.8910538400611754,0.39481093593843186,1.0,0.0
0.8974355885370178,0.3947608418688829,1.0,0.0
0.9037690467051257,0.3947076886957936,1.0,0.0
0.9100614190495824,0.39468888498061633,1.0,0.0
0.9163196062091161,0.3947274905233481,1.0,0.0
0.9225965957075094,0.39474626430093174,1.0,0.0
0.9288733070956473,0.3947657225117954,1.0,0.0
0.9351309690559753,0.39485674649804264,1.0,0.0
0.941420734750005,0.39493972511801495,1.0,0.0
0.9477240515317379,0.39507771052985935,1.0,0.0
0.9541187524164423,0.39519276234098855,1.0,0.0
0.9606711274154341,0.3951721593488336,1.0,0.0
0.9671888292281028,0.39438927423629655,1.0,0.0
0.9733784659684375,0.39563046251018397,1.0,0.0
0.9791693548224114,0.3933562523917175,1.0,0.0
0.11569444006146729,0.40113064802137177,1.0,0.0
0.12238547896469014,0.4014035499513238,1.0,0.0
0.12893589533161937,0.4015752578343379,1.0,0.0
0.13541429822023252,0.4017078715783123,1.0,0.0
0.14184745022842388,0.4018050477027189,1.0,0.0
0.14824958584069728,0.4018748867149063,1.0,0.0
0.15462862495226462,0.40192350165060003,1.0,0.0
0.16098921994846582,0.40195499293092873,1.0,0.0
0.16733426531237544,0.40197204238852985,1.0,0.0
0.17366568401934093,0.4019764318825987,1.0,0.0
0.1799848643188537,0.40196941615154297,1.0,0.0
0.18629291420551125,0.40195197337402716,1.0,0.0
0.1925908139455229,0.4019249659291244,1.0,0.0
0.19887950487370698,0.40188923101648144,1.0,0.0
0.2051599370148327,0.4018456187708072,1.0,0.0
0.211433092354191,0.40179499520252693,1.0,0.0
0.2176999978714007,0.4017382259325043,1.0,0.0
0.223961740080965,0.4016761527171594,1.0,0.0
0.23021949044210124,0.4016095698289468,1.0,0.0
0.2364745501625182,0.40153920194455184,1.0,0.0
0.24272842397384206,0.4014656814737438,1.0,0.0
0.2489829374779357,0.40138952131859323,1.0,0.0
0.25524042325489094,0.4013110773115803,1.0,0.0
0.26150402092344405,0.401230488608775,1.0,0.0
0.26777817377924834,0.40114756712121935,1.0,0.0
0.27406947953503147,0.4010615626829218,1.0,0.0
0.28038821103349515,0.40097060883973384,1.0,0.0
0.2867511670430613,0.40087029418570325,1.0,0.0
0.293187271349939,0.40074954106028104,1.0,0.0
0.2997489024152756,0.4005745846144824,1.0,0.0
0.3065210413526751,0.40028062098914585,1.0,0.0
0.3136193305187911,0.39967052561912375,1.0,0.0
0.320210268356936,0.3975194347720007,1.0,0.0
0.42841157895742277,0.3985930295829266,1.0,0.0
0.43436892830537865,0.3989356637922139,1.0,0.0
0.4400905190847656,0.3996090420166539,1.0,0.0
0.4461052921116722,0.39977334952373006,1.0,0.0
0.4522458133401421,0.39986156346624674,1.0,0.0
0.45846135802090926,0.39991206699635884,1.0,0.0
0.4647209124075247,0.3999448736217613,1.0,0.0
0.4710019349149327,0.3999728373714727,1.0,0.0
0.4772960277574877,0.3999948707470103,1.0,0.0
0.4835982335374858,0.40001251138918464,1.0,0.0
0.4899058901653951,0.400026996519255,1.0,0.0
0.49621767140049694,0.4000394227848533,1.0,0.0
0.5025330354537072,0.4000508309273413,1.0,0.0
0.5088518116478705,0.40006231211841115,1.0,0.0
0.5151739451657161,0.40007498571548894,1.0,0.0
0.5214993824002069,0.4000899037354316,1.0,0.0
0.5278280341770311,0.4001079699167447,1.0,0.0
0.5341597669965915,0.4001298987628228,1.0,0.0
0.5404944074825545,0.40015619405192326,1.0,0.0
0.5468317515206854,0.4001871370846149,1.0,0.0
0.5531715725545526,0.4002227809762927,1.0,0.0
0.5595136272141488,0.40026295043092874,1.0,0.0
0.5658576582709209,0.4003072490591057,1.0,0.0
0.5722033966669756,0.4003550765876847,1.0,0.0
0.5785505609215963,0.4004056622544474,1.0,0.0
0.584898854434477,0.40045811392595765,1.0,0.0
0.591247963838696,0.4005114752178871,1.0,0.0
0.5975975632800012,0.4005647767984408,1.0,0.0
0.6039473255535319,0.40061707132934843,1.0,0.0
0.6102969360714815,0.400667447725817,1.0,0.0
0.616646098078304,0.400715034214997,1.0,0.0
0.6229945170250598,0.400759022057278,1.0,0.0
0.6293418817080668,0.40079871707111864,1.0,0.0
0.635687882713513,0.40083356353571403,1.0,0.0
0.6420322645593857,0.4008631144256047,1.0,0.0
0.6483748807726687,0.40088696638988275,1.0,0.0
0.654715733941135,0.4009046651515674,1.0,0.0
0.661054976211817,0.4009155961191058,1.0,0.0
0.6673928284734214,0.4009189139462656,1.0,0.0
0.6737293602428793,0.400913733559428,1.0,0.0
0.6800643665009378,0.4008993785895575,1.0,0.0
0.6863974636379143,0.4008753524340902,1.0,0.0
0.6927280631558327,0.40084148951447524,1.0,0.0
0.6990553813750687,0.40079827111097455,1.0,0.0
0.7053787277469078,0.40074685384843584,1.0,0.0
0.7116977895808662,0.4006889841679776,1.0,0.0
0.718012716008615,0.4006265758107017,1.0,0.0
0.7243229781501068,0.4005628511206685,1.0,0.0
0.7306289795232604,0.4004990171978645,1.0,0.0
0.7369322389431792,0.40043514692303966,1.0,0.0
0.7432332595732939,0.4003673100222699,1.0,0.0
0.7495344456039273,0.40029215626798365,1.0,0.0
0.7558386977817145,0.400207574871298,1.0,0.0
0.7621485284788705,0.40011364541146954,1.0,0.0
0.7684648144440043,0.4000125813403038,1.0,0.0
0.774785996226018,0.3999083765643532,1.0,0.0
0.7811078765093955,0.39980684012659595,1.0,0.0
0.7874238227426432,0.3997160990468868,1.0,0.0
0.7937277119432413,0.3996485518171637,1.0,0.0
0.8000147704747564,0.3996211153613279,1.0,0.0
0.8062817949096697,0.39964290611405107,1.0,0.0
0.8125280807042793,0.3997171710019385,1.0,0.0
0.8187585522488281,0.3998374523282005,1.0,0.0
0.8249801848115147,0.3999916558195491,1.0,0.0
0.8311985847213835,0.40016687773336734,1.0,0.0
0.8374146371377805,0.4003650504971684,1.0,0.0
0.8436574176877756,0.4005326642594253,1.0,0.0
0.8499212150079695,0.40064575172197064,1.0,0.0
0.8561948621351558,0.40069361581724083,1.0,0.0
0.8624747702307083,0.40066210736070607,1.0,0.0
0.8687642363660911,0.40054659744651094,1.0,0.0
0.8750914946889153,0.4003960255168231,1.0,0.0
0.8814432082804894,0.4002393395542908,1.0,0.0
0.8878222745088103,0.4001257314394252,1.0,0.0
0.894216203626352,0.40006479380621435,1.0,0.0
0.9005987093577803,0.4000335468925364,1.0,0.0
0.9069448500871135,0.40002334430432723,1.0,0.0
0.913233267995434,0.4000682589700849,1.0,0.0
0.9195093237657371,0.4000969251417109,1.0,0.0
0.9257811079990858,0.40011477530866757,1.0,0.0
0.9320602240340525,0.4001555895227944,1.0,0.0
0.9383871987766307,0.40020418790124035,1.0,0.0
0.9447444223488892,0.4002654548478254,1.0,0.0
0.9511869583513691,0.4002998502795019,1.0,0.0
0.9577478708842434,0.40025471780350014,1.0,0.0
0.9643854170829508,0.40000747849817064,1.0,0.0
0.9704528635744216,0.4002769056572033,1.0,0.0
0.9772655537269802,0.39958154224251596,1.0,0.0
0.9832658503578564,0.39791521643308303,1.0,0.0
0.10544469839010302,0.4063501902737645,1.0,0.0
0.11288662903221623,0.4063615675228768,1.0,0.0
0.11924172638992465,0.4065218112510151,1.0,0.0
0.1256905188590329,0.40675531282719624,1.0,0.0
0.13213627300995276,0.40692551645526537,1.0,0.0
0.13856698358658087,0.4070562770862321,1.0,0.0
0.14497836383893484,0.40715429336371123,1.0,0.0
0.15137065942885955,0.4072267132453486,1.0,0.0
0.15774538172742975,0.4072788637112026,1.0,0.0
0.16410418328666443,0.4073143647615879,1.0,0.0
0.1704485554651489,0.40733560963308324,1.0,0.0
0.17677980265747056,0.40734419921121384,1.0,0.0
0.1830990935917263,0.40734126729733316,1.0,0.0
0.1894075200181997,0.40732770612332403,1.0,0.0
0.19570614298933756,0.4073043114651844,1.0,0.0
0.2019960237037857,0.4072718622952583,1.0,0.0
0.20827824286349186,0.40723115017987177,1.0,0.0
0.2145539149628952,0.40718297441983897,1.0,0.0
0.2208242045696788,0.4071281173453353,1.0,0.0
0.22709035064059388,0.40706731064408497,1.0,0.0
0.23335370519447962,0.40700119706672744,1.0,0.0
0.2396157933222427,0.40693028643383455,1.0,0.0
0.24587840343950385,0.40685490000690605,1.0,0.0
0.25214371931371243,0.40677509350039004,1.0,0.0
0.25841450905344404,0.40669054219054407,1.0,0.0
0.2646943885383418,0.40660035701058167,1.0,0.0
0.2709881689513754,0.4065027692669965,1.0,0.0
0.2773022513834782,0.4063945549261025,1.0,0.0
0.28364484430622044,0.4062699283913622,1.0,0.0
0.290025078446077,0.40611832996848996,1.0,0.0
0.29644741302271344,0.4059194455349638,1.0,0.0
0.30288361717614365,0.4056473087313038,1.0,0.0
0.3091979329614265,0.40528314872422927,1.0,0.0
0.3147771735639456,0.4054357154345349,1.0,0.0
0.3198890530584318,0.40340792376760776,1.0,0.0
0.3256713580055406,0.40191864433468005,1.0,0.0
0.42448600484616383,0.4021013855345548,1.0,0.0
0.43120414225558684,0.4039737417537779,1.0,0.0
0.4368404026715121,0.4051146460622622,1.0,0.0
0.4428861659302536,0.4052849553639933,1.0,0.0
0.44904915235697984,0.40533298956795666,1.0,0.0
0.45528513191643877,0.405352298367643,1.0,0.0
0.4615624140848896,0.405363371482533,1.0,0.0
0.4678531021535132,0.4053822974877759,1.0,0.0
0.4741525037460613,0.4053990979456665,1.0,0.0
0.4804572131254735,0.405413462096136,1.0,0.0
0.48676557544665755,0.40542546935192436,1.0,0.0
0.4930769636024195,0.40543548793740186,1.0,0.0
0.4993913894862375,0.4054440853050466,1.0,0.0
0.5057090872457857,0.40545214853994527,1.0,0.0
0.5120302496333112,0.40546080526003947,1.0,0.0
0.5183549472139963,0.40547122523333257,1.0,0.0
0.5246831370442423,0.40548446510692543,1.0,0.0
0.5310146823726147,0.4055013989218739,1.0,0.0
0.5373493744399063,0.40552268513477674,1.0,0.0
0.5436869509359501,0.4055487531126647,1.0,0.0
0.5500271103418719,0.40557979877262335,1.0,0.0
0.5563695235251449,0.405615784861882,1.0,0.0
0.562713844552969,0.4056564455851257,1.0,0.0
0.5690597243881982,0.40570129632172885,1.0,0.0
0.5754068223284635,0.40574965916983874,1.0,0.0
0.581754811861752,0.4058007059034918,1.0,0.0
0.5881033809449628,0.4058535124416652,1.0,0.0
0.5944522310204864,0.4059071118575241,1.0,0.0
0.6008010783642319,0.4059605354387896,1.0,0.0
0.6071496569733333,0.40601283830177365,1.0,0.0
0.6134977174348533,0.40606311533894657,1.0,0.0
0.6198450157520987,0.4061105235662798,1.0,0.0
0.6261913011043009,0.40615431440389055,1.0,0.0
0.6325363235413528,0.40619384926684693,1.0,0.0
0.638879861099404,0.40622858203543594,1.0,0.0
0.6452217500831753,0.4062580151335441,1.0,0.0
0.6515619063525931,0.4062816361494945,1.0,0.0
0.6579003221073176,0.4062988486870161,1.0,0.0
0.6642370174377379,0.406308935771773,1.0,0.0
0.6705719255677746,0.4063111584366492,1.0,0.0
0.6769048254967611,0.40630489579153106,1.0,0.0
0.6832353842607806,0.40628966961887175,1.0,0.0
0.6895631643306588,0.40626523944214116,1.0,0.0
0.6958876657846298,0.4062317695601451,1.0,0.0
0.7022085153675502,0.4061898822000347,1.0,0.0
0.7085256674641329,0.40614065886230727,1.0,0.0
0.7148395341651548,0.4060856641775254,1.0,0.0
0.7211505501366354,0.40602784216853366,1.0,0.0
0.7274591511229863,0.40596943019484116,1.0,0.0
0.7337651498418662,0.4059099369888766,1.0,0.0
0.7400693810782877,0.40584933163135195,1.0,0.0
0.746369917451411,0.4057804165982184,1.0,0.0
0.7526694924044112,0.4056992399831331,1.0,0.0
0.7589721308735261,0.40560457917106735,1.0,0.0
0.7652818432551461,0.4054990106076737,1.0,0.0
0.7716006566927585,0.4053880516323347,1.0,0.0
0.7779275642296655,0.40527923249345826,1.0,0.0
0.7842582470925793,0.40518192684066956,1.0,0.0
0.7905860159333795,0.4051070600209165,1.0,0.0
0.7968994240921852,0.40507131127703266,1.0,0.0
0.8031924376682124,0.40508411669987093,1.0,0.0
0.8094618716631663,0.4051490204722417,1.0,0.0
0.8157110401176664,0.40525918662496746,1.0,0.0
0.8219464035974621,0.40540329253001034,1.0,0.0
0.828174130551037,0.4055693947548283,1.0,0.0
0.8343981884986276,0.4057511534195975,1.0,0.0
0.840634306819361,0.4059163066243265,1.0,0.0
0.8468822578931513,0.40604257339333527,1.0,0.0
0.8531355974770092,0.4061150550411219,1.0,0.0
0.8593890166872213,0.40611649836461056,1.0,0.0
0.8656402052201557,0.4060269188430049,1.0,0.0
0.8719008278148344,0.40583186212103584,1.0,0.0
0.8782284810387799,0.40562780231192713,1.0,0.0
0.8846082847192053,0.405457671030517,1.0,0.0
0.891021654565908,0.40535645889535427,1.0,0.0
0.8974377228550761,0.4053106157280012,1.0,0.0
0.9038376644786281,0.40530773597181213,1.0,0.0
0.910149278418659,0.4053897057089675,1.0,0.0
0.9164288510021051,0.4054464781368075,1.0,0.0
0.9226942110591779,0.4054733526256462,1.0,0.0
0.9289771785988553,0.40547515953000185,1.0,0.0
0.9353174162467238,0.4054616670625025,1.0,0.0
0.9417147886339752,0.4054754605175703,1.0,0.0
0.9481652522164437,0.4054363338597617,1.0,0.0
0.9547197794207783,0.4053265982846046,1.0,0.0
0.9613944108432894,0.40516836389270144,1.0,0.0
0.9679610629983426,0.405514052200223,1.0,0.0
0.9744815973919762,0.40504151761480534,1.0,0.0
0.9808528421485082,0.40402573347492976,1.0,0.0
0.9840637133766275,0.40835413223029193,1.0,0.0
0.10527996459133385,0.4139766185309176,1.0,0.0
0.11014595437275822,0.41160053854446044,1.0,0.0
0.1163366225789213,0.4118869404816757,1.0,0.0
0.12260160078291747,0.41200962185000944,1.0,0.0
0.1289604660930903,0.4121718254528146,1.0,0.0
0.1353503364597003,0.41230989392568895,1.0,0.0
0.14174698285857848,0.4124244703616389,1.0,0.0
0.1481379002350885,0.41251595879619996,1.0,0.0
0.1545177190300471,0.41258715252424544,1.0,0.0
0.16088453813713557,0.4126408785707674,1.0,0.0
0.16723805676860964,0.4126793583139951,1.0,0.0
0.17357870247879384,0.4127041902436903,1.0,0.0
0.17990724101980882,0.4127165127251798,1.0,0.0
0.1862246040668952,0.4127171869543781,1.0,0.0
0.19253181136483155,0.41270694494429483,1.0,0.0
0.19882993429953066,0.41268648670565866,1.0,0.0
0.2051200795196435,0.4126565265940771,1.0,0.0
0.2114033847556063,0.4126177983561038,1.0,0.0
0.2176810250366797,0.4125710316651562,1.0,0.0
0.22395422844303361,0.4125169132957673,1.0,0.0
0.23022430331019259,0.4124560391330937,1.0,0.0
0.23649268070368284,0.41238885751690235,1.0,0.0
0.24276097872777397,0.4123155983637366,1.0,0.0
0.24903109650989164,0.4122361790586387,1.0,0.0
0.25530534738127,0.41215007294422606,1.0,0.0
0.26158664202123694,0.41205611828884603,1.0,0.0
0.2678787278963745,0.4119522348284528,1.0,0.0
0.2741864641423325,0.4118350076794635,1.0,0.0
0.2805160120839298,0.4116991292088742,1.0,0.0
0.28687450984394675,0.41153690556246764,1.0,0.0
0.2932678887545973,0.4113389065088874,1.0,0.0
0.2996922187357022,0.41110531841434583,1.0,0.0
0.3061189300943766,0.4108656675936901,1.0,0.0
0.3124344185615126,0.411031108185883,1.0,0.0
0.31879332898686535,0.4100116274986758,1.0,0.0
0.3247609920956279,0.4079881766267123,1.0,0.0
0.33095786380120484,0.40617721695404524,1.0,0.0
0.4272141306249614,0.4075256224369409,1.0,0.0
0.4327707137556366,0.41030946753387426,1.0,0.0
0.4392214009471953,0.41068015828568416,1.0,0.0
0.4456184776478756,0.4107577553155265,1.0,0.0
0.4519851364270617,0.4107664801315987,1.0,0.0
0.4583413552279777,0.4107634615102753,1.0,0.0
0.4646719418639255,0.4107824292465249,1.0,0.0
0.47099267154632746,0.41079890134215313,1.0,0.0
0.47730842146368063,0.410812963660566,1.0,0.0
0.4836219199818674,0.41082442587108414,1.0,0.0
0.48993500579812427,0.41083333999841554,1.0,0.0
0.4962492798330854,0.41083993214706527,1.0,0.0
0.5025660056555414,0.41084497423769156,1.0,0.0
0.5088859815380243,0.4108497126009834,1.0,0.0
0.5152095975456081,0.41085553874209674,1.0,0.0
0.5215369645084377,0.4108637372746497,1.0,0.0
0.52786800052834,0.41087539451468647,1.0,0.0
0.5342024919935103,0.41089136022049433,1.0,0.0
0.5405401329080605,0.41091223760750917,1.0,0.0
0.546880550232441,0.41093838356172396,1.0,0.0
0.5532233230351975,0.4109699110440613,1.0,0.0
0.5595680014337209,0.41100669159373754,1.0,0.0
0.565914134915182,0.4110483550951381,1.0,0.0
0.5722612993811329,0.41109430740222447,1.0,0.0
0.5786091145279554,0.41114377014875414,1.0,0.0
0.5849572475347942,0.41119583767262535,1.0,0.0
0.5913054081547212,0.4112495357973757,1.0,0.0
0.5976533422386905,0.4113038697363269,1.0,0.0
0.6040008258201972,0.41135785819829235,1.0,0.0
0.6103476576164075,0.4114105575334185,1.0,0.0
0.6166936471669415,0.41146108493392575,1.0,0.0
0.6230386030590384,0.4115086426562557,1.0,0.0
0.6293823317455254,0.4115525300350132,1.0,0.0
0.6357246477952162,0.4115921339317626,1.0,0.0
0.6420653871701978,0.4116268992539511,1.0,0.0
0.6484044158249815,0.4116562850289552,1.0,0.0
0.6547416243046544,0.41167971696999434,1.0,0.0
0.6610768981705534,0.4116965602960548,1.0,0.0
0.6674100608736878,0.4117061659951653,1.0,0.0
0.6737408436053469,0.4117079475951096,1.0,0.0
0.6800689143189007,0.41170141371441205,1.0,0.0
0.6863939052969348,0.4116862307456875,1.0,0.0
0.6927154649345633,0.411662308890788,1.0,0.0
0.6990333914096737,0.4116298371895283,1.0,0.0
0.7053477978618253,0.4115893205434365,1.0,0.0
0.7116592429616683,0.41154164476567656,1.0,0.0
0.7179687252586712,0.41148878032243763,1.0,0.0
0.7242777956273931,0.41143393551633295,1.0,0.0
0.730586880482803,0.4113794035175766,1.0,0.0
0.7368943314508463,0.411322856137196,1.0,0.0
0.7432010945065398,0.4112656149997788,1.0,0.0
0.7495013727332821,0.41119402409838,1.0,0.0
0.7558001256169892,0.4111037140551531,1.0,0.0
0.7621039392120252,0.41099500541330247,1.0,0.0
0.7684192481198062,0.4108741830121226,1.0,0.0
0.7747491963851352,0.4107510861506757,1.0,0.0
0.7810921683417256,0.41063770875262373,1.0,0.0
0.7874433542469418,0.4105462639711069,1.0,0.0
0.7937846101533139,0.4104995683534283,1.0,0.0
0.8001056160752553,0.41050396951950624,1.0,0.0
0.8063991879686037,0.4105636689951647,1.0,0.0
0.812667827088551,0.410669312476678,1.0,0.0
0.8189185806521002,0.41080837393994585,1.0,0.0
0.8251584693418966,0.41096935037974847,1.0,0.0
0.8313927606889934,0.411143199845467,1.0,0.0
0.8376311319985323,0.41130857323219827,1.0,0.0
0.8438752738544688,0.41144673551128025,1.0,0.0
0.8501215368131914,0.41154275313847394,1.0,0.0
0.8563643313192052,0.41158059443707384,1.0,0.0
0.8625970235114024,0.41153805031848756,1.0,0.0
0.8688174792671801,0.4113806457460881,1.0,0.0
0.8750434622772438,0.41107620593382566,1.0,0.0
0.881390096535595,0.4108123621373196,1.0,0.0
0.8878170815898223,0.41063211308078934,1.0,0.0
0.8942858864547863,0.4105558259712897,1.0,0.0
0.9007508763065004,0.41053175205001524,1.0,0.0
0.9070769209760946,0.41068217051814143,1.0,0.0
0.9133563294117368,0.41078596256624417,1.0,0.0
0.9196093966007874,0.41084415487990156,1.0,0.0
0.9258856363445058,0.4108268209257697,1.0,0.0
0.9322276092809227,0.4107489968112036,1.0,0.0
0.9386318628919524,0.4106808816478603,1.0,0.0
0.9451126118924991,0.4106339371647479,1.0,0.0
0.9516094421484033,0.41047719418201417,1.0,0.0
0.9581804816955057,0.4102523446755596,1.0,0.0
0.964818516661652,0.4102870887805794,1.0,0.0
0.971803289356898,0.4105236254743113,1.0,0.0
0.9781050549234187,0.41012738900863926,1.0,0.0
0.9892165054020289,0.4116323848854942,1.0,0.0
0.10075422625262422,0.41797691582991386,1.0,0.0
0.1076184153477054,0.4184840787640218,1.0,0.0
0.11330982432673854,0.417291299865607,1.0,0.0
0.11955215738201058,0.4174036983073095,1.0,0.0
0.12584292429467292,0.41748222458639483,1.0,0.0
0.13218809098560136,0.4175950949987479,1.0,0.0
0.13855798480090634,0.4177047416432521,1.0,0.0
0.14493614239725622,0.41780340119033665,1.0,0.0
0.1513122249239932,0.417887438413372,1.0,0.0
0.15768061860307941,0.4179563606238703,1.0,0.0
0.16403862959729038,0.41801077017174004,1.0,0.0
0.17038525100948848,0.41805147317115304,1.0,0.0
0.17672043130537357,0.41807918844848535,1.0,0.0
0.18304465979657183,0.41809451909729656,1.0,0.0
0.18935873078826232,0.4180980129033029,1.0,0.0
0.1956636065738927,0.4180902283819247,1.0,0.0
0.20196033874510727,0.4180717722280262,1.0,0.0
0.20825002649775912,0.41804330139719137,1.0,0.0
0.2145338008730803,0.41800549542575705,1.0,0.0
0.22081282456834517,0.41795901266300606,1.0,0.0
0.22708830278922995,0.4179044364642572,1.0,0.0
0.23336150398736194,0.41784221263052146,1.0,0.0
0.2396337943185905,0.41777257219301916,1.0,0.0
0.24590669018545136,0.4176954321925174,1.0,0.0
0.2521819337977581,0.4176102630503512,1.0,0.0
0.2584615986512862,0.41751590521058357,1.0,0.0
0.2647482347385854,0.4174103127603942,1.0,0.0
0.2710450616285936,0.4172902090847863,1.0,0.0
0.2773561993326668,0.4171506951983818,1.0,0.0
0.2836868705335699,0.41698507766072446,1.0,0.0
0.29004341090300667,0.4167859440970479,1.0,0.0
0.2964328260566528,0.4165524121534967,1.0,0.0
0.3028670968041476,0.41630605959227573,1.0,0.0
0.30937023435926087,0.4161944024200183,1.0,0.0
0.31624262713952084,0.4159414835534331,1.0,0.0
0.32300371947592077,0.41418012591016234,1.0,0.0
0.32932430799111356,0.4124292407636423,1.0,0.0
0.33501433658677277,0.41448319047482374,1.0,0.0
0.42974961436325526,0.4155748880882848,1.0,0.0
0.43588898253147257,0.4159505501785256,1.0,0.0
0.4422889420759044,0.4160891731466283,1.0,0.0
0.4487117820661982,0.41612242125697047,1.0,0.0
0.4551302850785843,0.4161200878342781,1.0,0.0
0.46149311689748895,0.4161596660140264,1.0,0.0
0.4678339190482095,0.41618634062259785,1.0,0.0
0.47416122727437715,0.416206409880422,1.0,0.0
0.480480458938107,0.4162213541366916,1.0,0.0
0.48679535920211536,0.41623185282835806,1.0,0.0
0.4931091520590397,0.41623812359198487,1.0,0.0
0.4994243312896165,0.41624103894140724,1.0,0.0
0.5057424598996137,0.41624219961568115,1.0,0.0
0.5120643372624293,0.4162434243057236,1.0,0.0
0.5183902811046764,0.416246362807833,1.0,0.0
0.524720293963621,0.4162524041920428,1.0,0.0
0.5310541739218647,0.4162626480610558,1.0,0.0
0.5373915801962582,0.4162779107531737,1.0,0.0
0.5437320705208161,0.416298739065987,1.0,0.0
0.5500751257754595,0.416325419271695,1.0,0.0
0.5564201739177236,0.4163579793668161,1.0,0.0
0.5627666366077297,0.4163961730066248,1.0,0.0
0.5691139773717019,0.4164394866610119,1.0,0.0
0.5754617354134711,0.41648717824624404,1.0,0.0
0.5818095345329671,0.41653834294181896,1.0,0.0
0.5881570740717803,0.41659198331805103,1.0,0.0
0.594504115223487,0.41664706618630293,1.0,0.0
0.6008504675439672,0.41670256420370433,1.0,0.0
0.6071959755284299,0.4167574861727521,1.0,0.0
0.6135405036486706,0.4168109022080529,1.0,0.0
0.6198839217739472,0.4168619655397185,1.0,0.0
0.626226096123742,0.4169099243789921,1.0,0.0
0.6325668866178653,0.4169541180992701,1.0,0.0
0.6389061469194891,0.4169939579604583,1.0,0.0
0.6452437226289163,0.41702889506516444,1.0,0.0
0.651579443402768,0.4170583844508511,1.0,0.0
0.6579131039699018,0.41708185957796745,1.0,0.0
0.6642444353835081,0.41709874161216853,1.0,0.0
0.6705730999888384,0.4171084738844784,1.0,0.0
0.6768987237218037,0.4171105446676364,1.0,0.0
0.6832209385646097,0.4171045252922756,1.0,0.0
0.6895394444165147,0.4170901214005759,1.0,0.0
0.6958541071560804,0.4170671851042749,1.0,0.0
0.7021650877326383,0.4170357247860938,1.0,0.0
0.7084729921843227,0.4169959877545435,1.0,0.0
0.7147789605322091,0.4169487626052429,1.0,0.0
0.7210850504002885,0.41689601848380564,1.0,0.0
0.7273939810198359,0.41684235226200855,1.0,0.0
0.7337058711887455,0.41679105583377435,1.0,0.0
0.7400165731304802,0.4167362097928526,1.0,0.0
0.7463290518256939,0.41668389675814427,1.0,0.0
0.7526297711467885,0.41660673497754264,1.0,0.0
0.7589297217841612,0.4165014521386413,1.0,0.0
0.765239997858346,0.41637148190192613,1.0,0.0
0.7715704259543369,0.4162290385906255,1.0,0.0
0.7779239239665356,0.41609051104852196,1.0,0.0
0.784300697139132,0.4159696246638936,1.0,0.0
0.7906711040325709,0.4159054620620394,1.0,0.0
0.7970219224231814,0.41589980073705946,1.0,0.0
0.8033394813127347,0.4159577761157214,1.0,0.0
0.8096264681259636,0.4160642328349104,1.0,0.0
0.8158919081308185,0.41620301660162257,1.0,0.0
0.8221443858416783,0.41636237708357565,1.0,0.0
0.8283902621713365,0.4165333278560779,1.0,0.0
0.8346364716908389,0.4167006014156977,1.0,0.0
0.840885571824519,0.4168490911945178,1.0,0.0
0.8471359223808187,0.416965397345338,1.0,0.0
0.8533829695931178,0.4170362219299613,1.0,0.0
0.8596187995230621,0.41704432507634903,1.0,0.0
0.8658324707095953,0.4169573973777713,1.0,0.0
0.8720167513031079,0.4167163599221834,1.0,0.0
0.8781934349584268,0.4162486004110255,1.0,0.0
0.8845896928201344,0.41592329433434416,1.0,0.0
0.8910933955995158,0.41574092604696666,1.0,0.0
0.8976881132345547,0.4156767036271815,1.0,0.0
0.904018725328464,0.4159356886650853,1.0,0.0
0.9102968149235503,0.4161104630301465,1.0,0.0
0.9165217752162427,0.41622616809390456,1.0,0.0
0.9227846992606812,0.41621094490033583,1.0,0.0
0.9291363506826725,0.41607660856511514,1.0,0.0
0.935537089715996,0.4159341832072611,1.0,0.0
0.9420037697491026,0.4157961342144187,1.0,0.0
0.948545274059146,0.41572421171670193,1.0,0.0
0.9550095789993931,0.4154814793123811,1.0,0.0
0.9615237267656203,0.41523118351739907,1.0,0.0
0.9683619005029078,0.4149730065398667,1.0,0.0
0.9756103421858429,0.41580394489435607,1.0,0.0
0.9825941299798023,0.41451418778208426,1.0,0.0
0.08743220935890586,0.4226210744486979,1.0,0.0
0.09719785825439436,0.4223594213049373,1.0,0.0
0.10378985733813863,0.42321372184136935,1.0,0.0
0.11043348305778604,0.42340439423506115,1.0,0.0
0.11648357949673296,0.42283279759686687,1.0,0.0
0.12275675351311147,0.42286832888978804,1.0,0.0
0.12906578677908276,0.42292414324642974,1.0,0.0
0.13540809514265253,0.42300980731918436,1.0,0.0
0.14176745727958426,0.42310108817332903,1.0,0.0
0.14813290779145016,0.4231885344000592,1.0,0.0
0.1544967702064591,0.4232669779067415,1.0,0.0
0.16085432791541904,0.4233341174253957,1.0,0.0
0.16720302669099887,0.42338904218907675,1.0,0.0
0.17354176399170787,0.4234314504143332,1.0,0.0
0.17987036741444629,0.4234613129827518,1.0,0.0
0.18618923703285242,0.42347876624538566,1.0,0.0
0.19249910667178288,0.42348409366936973,1.0,0.0
0.19880089032834686,0.4234777200813928,1.0,0.0
0.20509558954515425,0.4234601892914808,1.0,0.0
0.21138424662021332,0.4234321183973594,1.0,0.0
0.2176679226048275,0.42339414347323584,1.0,0.0
0.22394768800181936,0.42334686020631035,1.0,0.0
0.2302246177413498,0.42329076068309107,1.0,0.0
0.23649979046690728,0.4232261580385549,1.0,0.0
0.24277428934786402,0.423153094632973,1.0,0.0
0.24904919586551943,0.423071228409782,1.0,0.0
0.2553255593374238,0.4229796889514353,1.0,0.0
0.2616043100334607,0.42287689398812006,1.0,0.0
0.2678860487327364,0.42276033351358416,1.0,0.0
0.27417056558765157,0.42262639016381953,1.0,0.0
0.28045577495734614,0.4224704427004726,1.0,0.0
0.2867354646545398,0.42228794746442067,1.0,0.0
0.29299491344277206,0.42207857540498006,1.0,0.0
0.2992051925115962,0.4218535980845088,1.0,0.0
0.30531456390048956,0.42166439665189337,1.0,0.0
0.31130522232029556,0.42141562681751804,1.0,0.0
0.31672103861382545,0.4217378686152122,1.0,0.0
0.321921248351375,0.4199510792223172,1.0,0.0
0.3278439472282284,0.41856024507049305,1.0,0.0
0.33475749638122704,0.42462312942015024,1.0,0.0
0.4251503132999795,0.42362463458049693,1.0,0.0
0.43194586037427235,0.4211407864981983,1.0,0.0
0.4387410522032705,0.4213025025609587,1.0,0.0
0.44536996324590256,0.4214018678462826,1.0,0.0
0.4519155749569618,0.42141426474463634,1.0,0.0
0.4583225640377165,0.4215071098136194,1.0,0.0
0.4646860650124502,0.42155760698821554,1.0,0.0
0.4710244613023669,0.4215915309975344,1.0,0.0
0.4773481197454376,0.4216150285571357,1.0,0.0
0.4836631659203417,0.4216306881691058,1.0,0.0
0.48997472760632843,0.42163897216358476,1.0,0.0
0.4962867506047961,0.4216410247402299,1.0,0.0
0.5026016477579351,0.42163910444464064,1.0,0.0
0.5089206199179612,0.42163575118804725,1.0,0.0
0.5152441724109422,0.4216331681964828,1.0,0.0
0.521572372239676,0.42163316885087515,1.0,0.0
0.527905015010401,0.42163717768729037,1.0,0.0
0.5342417172483565,0.42164627200497024,1.0,0.0
0.540581962366342,0.4216612237943447,1.0,0.0
0.5469251243297972,0.4216825250539781,1.0,0.0
0.5532704858300239,0.4217103944493677,1.0,0.0
0.5596173071789763,0.42174473241120586,1.0,0.0
0.5659649034748158,0.4217851110814728,1.0,0.0
0.5723127023624226,0.42183081190492516,1.0,0.0
0.5786602601887738,0.4218809089531553,1.0,0.0
0.5850072471498267,0.42193435974456467,1.0,0.0
0.5913534249586282,0.4219900738632818,1.0,0.0
0.5976986262749812,0.42204696198817776,1.0,0.0
0.604042736073521,0.4221039712122994,1.0,0.0
0.6103856731643414,0.4221601128981867,1.0,0.0
0.6167273716634964,0.42221448521567884,1.0,0.0
0.6230677645083584,0.42226628707251235,1.0,0.0
0.6294067698670824,0.42231481969678014,1.0,0.0
0.635744279193701,0.4223594747563011,1.0,0.0
0.6420801456014966,0.42239971082923816,1.0,0.0
0.6484141705404767,0.42243502207250766,1.0,0.0
0.6547460894250052,0.4224649110121788,1.0,0.0
0.6610755573416955,0.4224888761749575,1.0,0.0
0.6674021525199257,0.4225064058074846,1.0,0.0
0.6737254180768056,0.42251698139087446,1.0,0.0
0.6800449204658047,0.42252009578519406,1.0,0.0
0.6863603225189956,0.4225152806639168,1.0,0.0
0.6926714769103554,0.4225021258391762,1.0,0.0
0.6989785169461507,0.4224802613999285,1.0,0.0
0.7052819791754547,0.42244936245099346,1.0,0.0
0.7115829750285706,0.422409347787681,1.0,0.0
0.7178834369747862,0.4223605007758272,1.0,0.0
0.724186695213293,0.42230499293181717,1.0,0.0
0.7304974493095516,0.42225056826562013,1.0,0.0
0.7368153649348079,0.4222027546876757,1.0,0.0
0.7431315667706622,0.42214741239480646,1.0,0.0
0.7494559524984551,0.42210411269785486,1.0,0.0
0.7557578891641231,0.42201528597525867,1.0,0.0
0.7620632257807757,0.4218842600441071,1.0,0.0
0.768390295974419,0.42172064745697574,1.0,0.0
0.7747511738643248,0.42154798367565405,1.0,0.0
0.7811593352208136,0.4213793671976505,1.0,0.0
0.7875616744803968,0.4212896919752584,1.0,0.0
0.7939448611912631,0.4212692674689918,1.0,0.0
0.8002852577071008,0.4213292518881666,1.0,0.0
0.8065869598897963,0.4214422818340879,1.0,0.0
0.8128635525171071,0.4215856118329885,1.0,0.0
0.8191261544564513,0.42174650062914515,1.0,0.0
0.8253823366723047,0.42191711986319247,1.0,0.0
0.8316384125418714,0.42208695866232154,1.0,0.0
0.8378970976359831,0.4222436866900598,1.0,0.0
0.8441586636519616,0.42237578469620113,1.0,0.0
0.8504208387698384,0.4224722090042607,1.0,0.0
0.8566779646514159,0.4225214573396511,1.0,0.0
0.8629180140097612,0.422504387666262,1.0,0.0
0.8691191090258374,0.4223728444039995,1.0,0.0
0.8752596555046174,0.4220224952457649,1.0,0.0
0.8813550205810369,0.4212976985773198,1.0,0.0
0.8878574922222632,0.42092211773030114,1.0,0.0
0.8945837708741208,0.42064458623180606,1.0,0.0
0.9009543441486172,0.42113416968902573,1.0,0.0
0.9072451557474916,0.4214012714067036,1.0,0.0
0.9134261346405077,0.4216298442996283,1.0,0.0
0.919654024528877,0.4216256462002768,1.0,0.0
0.9260427482930215,0.42142616875334926,1.0,0.0
0.932458688566656,0.42124087259204335,1.0,0.0
0.9388942043289678,0.4210377228343246,1.0,0.0
0.9453535006179922,0.42086330672399125,1.0,0.0
0.9518407609256486,0.4208963958007777,1.0,0.0
0.95799588943751,0.4206508672741651,1.0,0.0
0.9641007284217091,0.4202306423700162,1.0,0.0
0.970049385149588,0.4199007494801284,1.0,0.0
0.08436053202810412,0.4301401056232575,1.0,0.0
0.08917254012226393,0.42835701064315634,1.0,0.0
0.0945246002236158,0.4278981629364137,1.0,0.0
0.10050318544170457,0.42817615834026457,1.0,0.0
0.10695244596293886,0.4285065768911016,1.0,0.0
0.11344101592868573,0.42855801424824996,1.0,0.0
0.11965550123446284,0.4282852020858959,1.0,0.0
0.12595898139161096,0.4282974592546743,1.0,0.0
0.13228381877490392,0.42834427651676643,1.0,0.0
0.13862688200883358,0.4284168589930073,1.0,0.0
0.14497955432703763,0.42849809662021077,1.0,0.0
0.15133500390723384,0.42857906576573757,1.0,0.0
0.15768798747543278,0.42865428218034995,1.0,0.0
0.16403500752940073,0.42872055973089285,1.0,0.0
0.1703740662069049,0.42877604435717015,1.0,0.0
0.1767043028152162,0.42881965928144755,1.0,0.0
0.1830256441725437,0.42885083391156625,1.0,0.0
0.18933851621429235,0.4288693802126328,1.0,0.0
0.19564363091723577,0.428875419392435,1.0,0.0
0.20194184305673424,0.42886931367763065,1.0,0.0
0.20823407201623623,0.42885158289333736,1.0,0.0
0.21452125770280056,0.4288228285815073,1.0,0.0
0.2208043325449799,0.4287836647058151,1.0,0.0
0.22708419295602417,0.4287346561091773,1.0,0.0
0.23336167057075585,0.42867624906004076,1.0,0.0
0.23963749731129383,0.4286086930972131,1.0,0.0
0.24591224820316804,0.42853195752326534,1.0,0.0
0.25218623271105517,0.4284456462490267,1.0,0.0
0.25845928934505524,0.42834891579340134,1.0,0.0
0.264730408412574,0.4282404210678583,1.0,0.0
0.27099705728409224,0.4281183688823595,1.0,0.0
0.27725401858692084,0.4279808782201733,1.0,0.0
0.2834915382792588,0.4278270617235769,1.0,0.0
0.2896928377702553,0.42765965923541843,1.0,0.0
0.2958325791260124,0.4274888785296811,1.0,0.0
0.3018782039973497,0.4273431302966762,1.0,0.0
0.3078205710047887,0.427195110786344,1.0,0.0
0.3135458066258573,0.4273508452260979,1.0,0.0
0.3194459587966114,0.42679736575699256,1.0,0.0
0.3246721827357448,0.42520538938244173,1.0,0.0
0.3297905293047145,0.4242769870661826,1.0,0.0
0.43118827262336507,0.42657011934566846,1.0,0.0
0.43664207612714906,0.4266824999217918,1.0,0.0
0.4426540894140213,0.4267384502875388,1.0,0.0
0.4490033608873429,0.42668518548691475,1.0,0.0
0.4552956901450776,0.4268501285546348,1.0,0.0
0.46161228063163584,0.4269244995424658,1.0,0.0
0.4679295676303636,0.42697386033193174,1.0,0.0
0.4742419090142504,0.4270082016999556,1.0,0.0
0.4805483498784312,0.4270317183958566,1.0,0.0
0.48685214216993045,0.42704417080993484,1.0,0.0
0.49315725261399224,0.42704654072991666,1.0,0.0
0.49946626760726937,0.4270419121348023,1.0,0.0
0.505780376005977,0.42703386354903056,1.0,0.0
0.5121000456620093,0.4270253464132717,1.0,0.0
0.5184252760747159,0.42701872703236604,1.0,0.0
0.5247557846921903,0.4270158309142959,1.0,0.0
0.531091104949176,0.42701804101398083,1.0,0.0
0.5374306259235209,0.4270263865994872,1.0,0.0
0.5437736009493683,0.4270415994669665,1.0,0.0
0.5501191371632534,0.4270641402638716,1.0,0.0
0.5564662903909655,0.42709409731557,1.0,0.0
0.5628141818996422,0.427131144884073,1.0,0.0
0.569162091703681,0.4271745764470204,1.0,0.0
0.5755094834291044,0.4272234177718779,1.0,0.0
0.581855979002008,0.4272765526487216,1.0,0.0
0.588201325448001,0.42733280913586014,1.0,0.0
0.594545365856509,0.42739101468461593,1.0,0.0
0.6008880168700496,0.42745003529551573,1.0,0.0
0.6072292478151068,0.4275088060768504,1.0,0.0
0.6135690589730949,0.4275663565715596,1.0,0.0
0.619907458538812,0.4276218289055227,1.0,0.0
0.6262444387995686,0.42767448537929953,1.0,0.0
0.6325799522666219,0.42772370363682527,1.0,0.0
0.6389138885195621,0.42776895891240513,1.0,0.0
0.6452460533171879,0.42780979673414565,1.0,0.0
0.6515761505856958,0.4278457990360179,1.0,0.0
0.6579037746403915,0.42787655719366047,1.0,0.0
0.6642284184328519,0.4279016440347882,1.0,0.0
0.6705495073476061,0.4279205729406489,1.0,0.0
0.676866476695461,0.4279327927583271,1.0,0.0
0.6831788647418633,0.42793770020473404,1.0,0.0
0.6894864131099537,0.42793465358685057,1.0,0.0
0.6957891643233354,0.42792299522050314,1.0,0.0
0.7020875280609082,0.4279019984661225,1.0,0.0
0.7083824128672739,0.4278708603996229,1.0,0.0
0.7146755331432273,0.42782887275601067,1.0,0.0
0.7209696607070186,0.42777545051597576,1.0,0.0
0.727269968440386,0.427712988793039,1.0,0.0
0.7335849739808084,0.4276554902090749,1.0,0.0
0.7399136810489169,0.4276129230200788,1.0,0.0
0.7462375703399454,0.4275515464860843,1.0,0.0
0.7525861572093138,0.42752665605212564,1.0,0.0
0.7588897874528131,0.427412444748467,1.0,0.0
0.7652108527475217,0.4272353231731672,1.0,0.0
0.7715722700866506,0.42702119636531644,1.0,0.0
0.7780232906518678,0.4267755480199529,1.0,0.0
0.784461173614984,0.4266524523727161,1.0,0.0
0.7908813792681857,0.42660949443140556,1.0,0.0
0.7972424921616319,0.4266762576217138,1.0,0.0
0.8035530091933079,0.4268040356526149,1.0,0.0
0.8098336167267327,0.42695711861747776,1.0,0.0
0.8161005903064256,0.4271224278853357,1.0,0.0
0.8223626108187082,0.42729422722224836,1.0,0.0
0.8286260387814857,0.42746558917488847,1.0,0.0
0.8348944995439581,0.4276284113945283,1.0,0.0
0.8411685660714185,0.42777159276404797,1.0,0.0
0.8474491387594701,0.42788526136523725,1.0,0.0
0.8537356470555654,0.4279604280526695,1.0,0.0
0.8600236876565208,0.4279888322154112,1.0,0.0
0.866296199879414,0.4279517340972777,1.0,0.0
0.872509267137295,0.4277754929453524,1.0,0.0
0.8786040427946327,0.42727316828466283,1.0,0.0
0.88455699496476,0.426129978876383,1.0,0.0
0.8914761403950502,0.42550007419624963,1.0,0.0
0.8977091219156701,0.4261402379420169,1.0,0.0
0.9041750983584692,0.4266135816572254,1.0,0.0
0.910298489929185,0.42704658412800345,1.0,0.0
0.9164752117217396,0.4271019226662345,1.0,0.0
0.9229318831479778,0.42675767213935656,1.0,0.0
0.9294202560661403,0.42654931180958344,1.0,0.0
0.9358917644550208,0.4263350273280565,1.0,0.0
0.9423169393914548,0.42612038965115034,1.0,0.0
0.9487285252893384,0.42596762427445706,1.0,0.0
0.9552504326172895,0.42628719038210233,1.0,0.0
0.9612690879681928,0.42588297316909174,1.0,0.0
0.9674378323732775,0.4253323697826096,1.0,0.0
0.0847566078666329,0.4355170179459027,1.0,0.0
0.09077400077586358,0.43393598440045233,1.0,0.0
0.09708483593065134,0.4335963790139961,1.0,0.0
0.1035252325254916,0.4336549657820881,1.0,0.0
0.11004982324161858,0.43378737867209227,1.0,0.0
0.1165216032080609,0.43380494892606786,1.0,0.0
0.12283484026904533,0.4336861664870143,1.0,0.0
0.1291671789423561,0.4337025569334059,1.0,0.0
0.13550430511105277,0.4337509264491288,1.0,0.0
0.14184779551085042,0.4338198717283549,1.0,0.0
0.14819444827574912,0.4338973274745342,1.0,0.0
0.15454061971947922,0.43397571145995306,1.0,0.0
0.16088308158752992,0.4340497941358269,1.0,0.0
0.1672195379680265,0.43411602082465683,1.0,0.0
0.1735486889189643,0.4341719945427337,1.0,0.0
0.17987006731270686,0.4342161677371585,1.0,0.0
0.18618379849456446,0.4342476641319614,1.0,0.0
0.19249037401889646,0.43426614848945067,1.0,0.0
0.1987904754726064,0.43427170632017004,1.0,0.0
0.20508487789143945,0.4342647024312994,1.0,0.0
0.21137439157256147,0.43424566993388286,1.0,0.0
0.21765982276607462,0.4342152226134031,1.0,0.0
0.22394192614429215,0.43417399526007555,1.0,0.0
0.23022135817245404,0.43412257811725674,1.0,0.0
0.23649862897699914,0.4340614472788956,1.0,0.0
0.24277403683249188,0.4339909034586544,1.0,0.0
0.24904755583911745,0.4339110339853825,1.0,0.0
0.255318641571934,0.43382170850399737,1.0,0.0
0.261585909674573,0.4337226326240811,1.0,0.0
0.26784663236258305,0.4336135185528876,1.0,0.0
0.27409601217515084,0.433494488468441,1.0,0.0
0.2803262849168029,0.43336689423328084,1.0,0.0
0.2865259742071331,0.43323479476029547,1.0,0.0
0.29268033222240275,0.4331066553883884,1.0,0.0
0.2987738297878843,0.4329988025207346,1.0,0.0
0.30480453848686123,0.4329039198412796,1.0,0.0
0.31073504736369667,0.4329504113752866,1.0,0.0
0.31676118208513954,0.432691178971472,1.0,0.0
0.32266090269416875,0.43187228067076416,1.0,0.0
0.3281506535421846,0.4307345246674111,1.0,0.0
0.33368031912632173,0.43025014301063597,1.0,0.0
0.4339287530501794,0.4325934033094451,1.0,0.0
0.43972094029240594,0.4323651130739972,1.0,0.0
0.44610655778243163,0.4320168120424796,1.0,0.0
0.452304539961918,0.4322411369885437,1.0,0.0
0.45857572054464546,0.4323142478959625,1.0,0.0
0.46486644607998895,0.4323669134366072,1.0,0.0
0.4711617439723804,0.43240771851560594,1.0,0.0
0.47745395321455397,0.4324391807474097,1.0,0.0
0.4837448368212217,0.432457013059872,1.0,0.0
0.490038834903081,0.43246034100079267,1.0,0.0
0.49633874750326196,0.4324529254880231,1.0,0.0
0.5026455142622273,0.43243970692645683,1.0,0.0
0.5089593853546376,0.43242454670390434,1.0,0.0
0.5152801521026082,0.43241047811224403,1.0,0.0
0.5216073591931553,0.43239978845735944,1.0,0.0
0.52794040192002,0.43239419448683414,1.0,0.0
0.5342785485232562,0.43239499935719317,1.0,0.0
0.5406209190693186,0.4324031992978082,1.0,0.0
0.5469664037459727,0.4324195647171586,1.0,0.0
0.5533137984244386,0.4324444359202188,1.0,0.0
0.5596619741740124,0.43247762172653026,1.0,0.0
0.5660100237788268,0.4325184172774756,1.0,0.0
0.572357295247066,0.432565766204179,1.0,0.0
0.578703344617685,0.4326184432464009,1.0,0.0
0.585047887682449,0.4326751640291602,1.0,0.0
0.5913907633047443,0.432734648275151,1.0,0.0
0.5977319062338685,0.43279565732372,1.0,0.0
0.604071327186965,0.4328570266692556,1.0,0.0
0.6104090905988944,0.4329176951524137,1.0,0.0
0.6167452872759926,0.43297672985716384,1.0,0.0
0.6230800012956079,0.4330333421796538,1.0,0.0
0.6294132730600563,0.4330868910267557,1.0,0.0
0.6357450622636978,0.43313687158550285,1.0,0.0
0.6420752143204241,0.4331828893060652,1.0,0.0
0.6484034353974664,0.4332246244595101,1.0,0.0
0.6547292779804561,0.4332617852684345,1.0,0.0
0.6610521525090439,0.4332940648131232,1.0,0.0
0.6673713596904652,0.4333210856663584,1.0,0.0
0.6736861459509508,0.43334231909879445,1.0,0.0
0.6799958302411204,0.43335707896127806,1.0,0.0
0.6862999340802475,0.43336453761452376,1.0,0.0
0.692598289270892,0.4333637533288727,1.0,0.0
0.6988911328102491,0.43335371658133864,1.0,0.0
0.7051791280245746,0.4333332171100571,1.0,0.0
0.7114635446135024,0.43330070285386685,1.0,0.0
0.7177467078814538,0.433254554425968,1.0,0.0
0.7240322634575872,0.43319248689956574,1.0,0.0
0.7303281624493451,0.43311660028649346,1.0,0.0
0.7366503910728667,0.4330530866625738,1.0,0.0
0.7429969839608503,0.43302069495361056,1.0,0.0
0.7493288276792879,0.43293843187825154,1.0,0.0
0.7557278246681686,0.4329525682191942,1.0,0.0
0.7620357649427444,0.4327791812927781,1.0,0.0
0.7683882971752483,0.432528801013997,1.0,0.0
0.7749039768923445,0.43215465733340097,1.0,0.0
0.7813786496884019,0.4319942143305555,1.0,0.0
0.7878430246092969,0.43191561580499765,1.0,0.0
0.7942212307243812,0.43199682335336587,1.0,0.0
0.8005317784850634,0.4321506021676328,1.0,0.0
0.8068068773472744,0.4323219849990751,1.0,0.0
0.8130680217867526,0.4324938503567306,1.0,0.0
0.8193280313457247,0.432667536223551,1.0,0.0
0.825592592587472,0.4328393135137709,1.0,0.0
0.8318653456485052,0.43300407897142285,1.0,0.0
0.8381484593025501,0.4331553642470075,1.0,0.0
0.8444417507610318,0.43328001317242326,1.0,0.0
0.8507504977069591,0.4333683485854616,1.0,0.0
0.8570817186170001,0.43341279889080564,1.0,0.0
0.8634423563866682,0.43341106650273364,1.0,0.0
0.8698233322019543,0.4333493583378336,1.0,0.0
0.8761571811518358,0.43310907044127556,1.0,0.0
0.8823084333035167,0.43234152907366813,1.0,0.0
0.8882983661090912,0.43010411820775707,1.0,0.0
0.8942460256824369,0.4312227839083515,1.0,0.0
0.9007440501835257,0.4313851096090466,1.0,0.0
0.9070619765437197,0.4324365265316262,1.0,0.0
0.9131729394746897,0.43264566049161685,1.0,0.0
0.9198134688388389,0.43207382009654216,1.0,0.0
0.9263703206676805,0.43179116437577714,1.0,0.0
0.9329488336704129,0.43159622635695016,1.0,0.0
0.9394026179297209,0.4314471941039396,1.0,0.0
0.9456744753922266,0.43130053639978333,1.0,0.0
0.95186692154846,0.43116032984467373,1.0,0.0
0.9581504753723766,0.4320851991577536,1.0,0.0
0.07485571094453074,0.4425161285247157,1.0,0.0
0.08120181602588733,0.4408398531762897,1.0,0.0
0.08798593692747593,0.44007638677675326,1.0,0.0
0.09417372176234023,0.4392093207771922,1.0,0.0
0.10047539345562302,0.43899998270512414,1.0,0.0
0.10686655860543647,0.4390154085992745,1.0,0.0
0.11330973133727398,0.4390839536209457,1.0,0.0
0.11972519077801817,0.439104143167889,1.0,0.0
0.12606110987150015,0.43906879074647626,1.0,0.0
0.13239792974429396,0.43909887376327356,1.0,0.0
0.13873495583844364,0.43915354753260516,1.0,0.0
0.14507354899898378,0.4392239507602154,1.0,0.0
0.15141200479612615,0.43930154386078213,1.0,0.0
0.15774802519431433,0.43937997545570545,1.0,0.0
0.16407954721802745,0.4394543189186515,1.0,0.0
0.17040517244842376,0.4395208534673754,1.0,0.0
0.17672423182754274,0.4395769055190799,1.0,0.0
0.183036647695064,0.4396207321775936,1.0,0.0
0.18934273430015805,0.43965139025829436,1.0,0.0
0.19564300702161114,0.4396685860227237,1.0,0.0
0.2019380913033803,0.4396724583746621,1.0,0.0
0.20822866645322965,0.4396634209964236,1.0,0.0
0.21451542927474046,0.4396420460014817,1.0,0.0
0.2207990298120249,0.439609009706877,1.0,0.0
0.2270800113277061,0.4395650265379999,1.0,0.0
0.23335876265720434,0.4395107751047396,1.0,0.0
0.2396354710379628,0.4394468394187889,1.0,0.0
0.245910046005572,0.43937369224221845,1.0,0.0
0.2521819914795083,0.43929172882276285,1.0,0.0
0.2584502080736071,0.4392013644457429,1.0,0.0
0.26471271276048475,0.4391032284537258,1.0,0.0
0.2709662896446692,0.43899850444778543,1.0,0.0
0.27720615495127476,0.43888947357534436,1.0,0.0
0.28342584391021847,0.43878028892898896,1.0,0.0
0.28961774079008,0.438677652769285,1.0,0.0
0.29577441271677146,0.4385916704758618,1.0,0.0
0.3018942410503339,0.43852173262986943,1.0,0.0
0.30796087283861295,0.4385199278971208,1.0,0.0
0.3140581960477137,0.43837753321447887,1.0,0.0
0.3200993762897795,0.4379456242437408,1.0,0.0
0.3258710608796687,0.4371835179561683,1.0,0.0
0.3313334975027697,0.43650527030353325,1.0,0.0
0.3366698755726858,0.43530426365937164,1.0,0.0
0.4362234539151433,0.43821799857440213,1.0,0.0
0.4430190674240397,0.437232058823905,1.0,0.0
0.449239728900316,0.4376612254113814,1.0,0.0
0.4555278987164982,0.43772399510152726,1.0,0.0
0.46181634458567067,0.4377729648784038,1.0,0.0
0.468102644711523,0.43781596028782127,1.0,0.0
0.4743805356403789,0.43785592020226044,1.0,0.0
0.48065499112844134,0.4378808665358414,1.0,0.0
0.4869338443845373,0.4378857599513003,1.0,0.0
0.4932212115410852,0.43787506873962606,1.0,0.0
0.49951782246616316,0.4378557799999792,1.0,0.0
0.505823651606669,0.43783287909219404,1.0,0.0
0.5121381704276293,0.4378102027731463,1.0,0.0
0.5184606581808996,0.43779055361573765,1.0,0.0
0.5247903158266967,0.4377759897567416,1.0,0.0
0.5311262689242013,0.4377680798387698,1.0,0.0
0.5374675060380011,0.4377680858661413,1.0,0.0
0.5438126405647672,0.4377771808536503,1.0,0.0
0.5501601260598313,0.4377960431929013,1.0,0.0
0.5565085123360191,0.43782466881811677,1.0,0.0
0.5628566673373453,0.43786234379950234,1.0,0.0
0.5692038124171531,0.43790788556704335,1.0,0.0
0.5755494286488217,0.43795991969831377,1.0,0.0
0.5818931845725653,0.43801701561986467,1.0,0.0
0.5882348943133233,0.4380777553220736,1.0,0.0
0.5945744925608346,0.4381407717006835,1.0,0.0
0.6009120140323336,0.43820477287444737,1.0,0.0
0.6072475774653728,0.43826857651667545,1.0,0.0
0.6135813582846678,0.4383311439769536,1.0,0.0
0.6199135488247781,0.43839160927353465,1.0,0.0
0.6262443077190735,0.43844929487213913,1.0,0.0
0.632573704675406,0.4385037086943158,1.0,0.0
0.6389016692425094,0.43855452200908,1.0,0.0
0.6452279498665824,0.4386015277738453,1.0,0.0
0.6515520922347742,0.4386445887461573,1.0,0.0
0.6578734354445108,0.43868356097938294,1.0,0.0
0.664191150230039,0.43871822904291674,1.0,0.0
0.670504293087449,0.43874822205886266,1.0,0.0
0.6768118773445652,0.43877286762542644,1.0,0.0
0.6831130734146416,0.4387912083232605,1.0,0.0
0.6894073603380417,0.43880206390980053,1.0,0.0
0.6956946292372096,0.43880408007387484,1.0,0.0
0.7019752787902793,0.43879582473043854,1.0,0.0
0.7082501404517401,0.43877544449195477,1.0,0.0
0.7145206949713613,0.43874031825511983,1.0,0.0
0.7207898290928343,0.4386875155293231,1.0,0.0
0.7270618731128407,0.4386112660062242,1.0,0.0
0.7333488528988426,0.43851155702725564,1.0,0.0
0.7396813083679953,0.4384383113697173,1.0,0.0
0.7460559507459347,0.43842811136876697,1.0,0.0
0.7523897804504655,0.43828448632547656,1.0,0.0
0.7589057571448645,0.438376268201402,1.0,0.0
0.7651979406889061,0.43809331639915544,1.0,0.0
0.7718318673936514,0.4375062209210712,1.0,0.0
0.7783320912021833,0.43731974240787425,1.0,0.0
0.7848491553998519,0.4371803923020222,1.0,0.0
0.7912369807124011,0.4372887362860019,1.0,0.0
0.797534183304669,0.4374842325069512,1.0,0.0
0.8037909999685693,0.437684392720484,1.0,0.0
0.8100352393583728,0.43786972677317787,1.0,0.0
0.816279311365381,0.4380431319366362,1.0,0.0
0.8225357253957113,0.4382133903870724,1.0,0.0
0.8288046172770499,0.4383774241977122,1.0,0.0
0.835086923780274,0.43853029991214654,1.0,0.0
0.8413843894752814,0.4386661223115836,1.0,0.0
0.8476958510716133,0.43876398450226584,1.0,0.0
0.8540362520241693,0.4388117502253611,1.0,0.0
0.8604301766146221,0.438798951736041,1.0,0.0
0.866920964386796,0.4387255567505808,1.0,0.0
0.8735647245002525,0.43857629277296073,1.0,0.0
0.8803603659731397,0.4381067246228433,1.0,0.0
0.8868382111652968,0.4400749266170521,1.0,0.0
0.8972369675995499,0.4363311495193501,1.0,0.0
0.903129563670699,0.4370573985787794,1.0,0.0
0.9097151107575033,0.4382942780580598,1.0,0.0
0.9167112888364016,0.4372555064005631,1.0,0.0
0.9233958021563731,0.4370276855360297,1.0,0.0
0.9300241221170368,0.4367095269699486,1.0,0.0
0.9366692463658645,0.4366538966938239,1.0,0.0
0.9430599801721083,0.43671342911573785,1.0,0.0
0.9491458132875668,0.43663798221766303,1.0,0.0
0.9550233246212797,0.4365500925896257,1.0,0.0
0.07118304589200813,0.44684232766123344,1.0,0.0
0.07853403763565528,0.4465157399419703,1.0,0.0
0.08498877250999219,0.4455106748703238,1.0,0.0
0.09142728527234475,0.44501657436659875,1.0,0.0
0.09762216918843325,0.44453384994001005,1.0,0.0
0.1038900964459622,0.44439103893035325,1.0,0.0
0.1102260522360773,0.44438509056622605,1.0,0.0
0.11660236920525624,0.44442254036690754,1.0,0.0
0.12297170897475167,0.4444473660118518,1.0,0.0
0.12930583083177932,0.44445462989219187,1.0,0.0
0.13563816323872646,0.4444974090231588,1.0,0.0
0.14196966073247916,0.4445591941311817,1.0,0.0
0.14830049345939836,0.44463339181061895,1.0,0.0
0.15462925115692266,0.4447133514960795,1.0,0.0
0.16095434297961447,0.44479334851279256,1.0,0.0
0.16727455142667308,0.4448685530340467,1.0,0.0
0.17358924175575266,0.44493515797255456,1.0,0.0
0.17989830491878622,0.4449904491719686,1.0,0.0
0.18620199035447207,0.44503275527751346,1.0,0.0
0.19250069622866608,0.4450613210373314,1.0,0.0
0.19879491447556158,0.445075993990402,1.0,0.0
0.20508519933757427,0.44507701209257766,1.0,0.0
0.21137215918738825,0.44506484613290903,1.0,0.0
0.21765637281049086,0.44504016764639426,1.0,0.0
0.22393831138305975,0.44500378132727547,1.0,0.0
0.23021829369185665,0.44495653093120535,1.0,0.0
0.23649646839728802,0.44489921800680304,1.0,0.0
0.24277278478118924,0.44483258140953896,1.0,0.0
0.24904693541708872,0.4447573377616738,1.0,0.0
0.25531827043522703,0.44467428085513355,1.0,0.0
0.26158568899627826,0.44458445438747735,1.0,0.0
0.2678475343536762,0.4444894119590798,1.0,0.0
0.2741015600284392,0.44439156385243067,1.0,0.0
0.2803450934617777,0.4442945776461349,1.0,0.0
0.28657559955379713,0.44420362218586873,1.0,0.0
0.2927917284633674,0.444125366866237,1.0,0.0
0.2989962232069674,0.44406145429216487,1.0,0.0
0.305188670298198,0.4440315354471054,1.0,0.0
0.3114161019316718,0.4439333021252253,1.0,0.0
0.31765701154828024,0.44367261669989744,1.0,0.0
0.32382850143095665,0.44320876973618,1.0,0.0
0.3298236982338963,0.4425414643322068,1.0,0.0
0.33587544594387875,0.4415676679411585,1.0,0.0
0.4368964447370389,0.4449993274961603,1.0,0.0
0.44118224362828834,0.4423023904934003,1.0,0.0
0.4466732359200979,0.44320174833725273,1.0,0.0
0.45269088036360644,0.4431939512633184,1.0,0.0
0.4588654435477624,0.4432089448020871,1.0,0.0
0.46510063685269204,0.443239752414309,1.0,0.0
0.47134461964766994,0.44328628018837013,1.0,0.0
0.4775907174542697,0.4433201975864795,1.0,0.0
0.48384662564982045,0.4433271163278145,1.0,0.0
0.4901163868866467,0.44331201880253673,1.0,0.0
0.4963992247583908,0.44328518280051993,1.0,0.0
0.5026943136127742,0.4432529352591257,1.0,0.0
0.5090004898267484,0.4432200773032589,1.0,0.0
0.5153165922525029,0.443189967122824,1.0,0.0
0.5216415464746678,0.44316498145939875,1.0,0.0
0.5279743216845476,0.44314690752942276,1.0,0.0
0.5343138175429152,0.4431372279386526,1.0,0.0
0.5406582786290445,0.4431376632758286,1.0,0.0
0.5470056803939954,0.44314935139258893,1.0,0.0
0.553354136698943,0.4431725333882829,1.0,0.0
0.5597022648815373,0.44320646507111544,1.0,0.0
0.5660491830221315,0.4432497764510665,1.0,0.0
0.5723943125139719,0.4433009018919093,1.0,0.0
0.5787372675114155,0.44335823736931523,1.0,0.0
0.585077810647845,0.44342020068806864,1.0,0.0
0.5914158431878924,0.4434852651046627,1.0,0.0
0.5977513992670414,0.44355198687430053,1.0,0.0
0.6040846289037628,0.44361902529355346,1.0,0.0
0.6104157829848276,0.4436851922944255,1.0,0.0
0.6167451719279753,0.4437494997820504,1.0,0.0
0.6230731031601908,0.4438111963831757,1.0,0.0
0.6293998041510523,0.44386978061935906,1.0,0.0
0.6357253443371872,0.4439249841773927,1.0,0.0
0.6420495711127147,0.4439767292636161,1.0,0.0
0.648372067047253,0.4440250590596291,1.0,0.0
0.654692141094367,0.4440700605366515,1.0,0.0
0.661008837746362,0.44411174115992086,1.0,0.0
0.6673210124835917,0.4441499486900933,1.0,0.0
0.6736274058952109,0.4441842584100319,1.0,0.0
0.6799267151267494,0.44421370457995746,1.0,0.0
0.6862178806973119,0.4442369165550748,1.0,0.0
0.6925002542239082,0.4442522478817664,1.0,0.0
0.6987736854380826,0.44425783835515636,1.0,0.0
0.7050386118376439,0.4442518326036452,1.0,0.0
0.7112957220306859,0.4442316174823541,1.0,0.0
0.7175462418976796,0.44419305052195135,1.0,0.0
0.7237933444230509,0.44413138729963314,1.0,0.0
0.7300412147068974,0.44403372330706936,1.0,0.0
0.7363075960811183,0.4438931917727612,1.0,0.0
0.7426508641244165,0.4438061196612952,1.0,0.0
0.7490704417199007,0.44384293561477217,1.0,0.0
0.755406420506217,0.44351342016709155,1.0,0.0
0.7621161118473251,0.4438428414121698,1.0,0.0
0.7688514135772218,0.44277593044870717,1.0,0.0
0.7753607976151019,0.4426503248743941,1.0,0.0
0.7819343641028762,0.4423960262734745,1.0,0.0
0.7883144075397968,0.4425508557152473,1.0,0.0
0.7945765534403452,0.44280966314780207,1.0,0.0
0.8007964443931371,0.4430506393585234,1.0,0.0
0.8070103303180275,0.44325525722439874,1.0,0.0
0.813226906565726,0.44343642297476293,1.0,0.0
0.8194558344277886,0.4435954141368021,1.0,0.0
0.8257117529372543,0.44375480284253943,1.0,0.0
0.8319844319849153,0.4439073752174628,1.0,0.0
0.8382705371288448,0.44404637846195294,1.0,0.0
0.8445687304828057,0.44416790665083294,1.0,0.0
0.8508644088011182,0.44423513555958755,1.0,0.0
0.8571663064652224,0.44423702299707307,1.0,0.0
0.8634685140802176,0.44416784862454783,1.0,0.0
0.8697304353414171,0.444060403484399,1.0,0.0
0.8757570424944373,0.4439793853610026,1.0,0.0
0.8808851856673072,0.44377409215022523,1.0,0.0
0.9147890457102027,0.442423865039354,1.0,0.0
0.9209385807407879,0.44230805849279853,1.0,0.0
0.9274113449154165,0.44192469938967194,1.0,0.0
0.9339183653390216,0.44160250226613856,1.0,0.0
0.9406292607311705,0.44180753622738894,1.0,0.0
0.9472746833410449,0.4419848274598389,1.0,0.0
0.9536767170481473,0.441822478027926,1.0,0.0
0.06844829725438105,0.45147309146835185,1.0,0.0
0.07529716931553378,0.45127302771758615,1.0,0.0
0.08211603702515605,0.45109320918483503,1.0,0.0
0.08847340053391717,0.4505405132555782,1.0,0.0
0.09478306744112404,0.4501929873077617,1.0,0.0
0.10099418699640883,0.4498948451392631,1.0,0.0
0.10725052254171363,0.4497863339047803,1.0,0.0
0.11355452941045033,0.4497694917409289,1.0,0.0
0.11988951878199296,0.449791365548299,1.0,0.0
0.12622843730238134,0.44981934713041116,1.0,0.0
0.13255448334855924,0.44984896726625495,1.0,0.0
0.13887956818485442,0.44990230673479126,1.0,0.0
0.14520334019606332,0.44997151723431805,1.0,0.0
0.15152490088110748,0.4500509846057477,1.0,0.0
0.15784297245172738,0.45013465481626497,1.0,0.0
0.1641566053969153,0.4502168655541537,1.0,0.0
0.17046538693652505,0.4502927463426083,1.0,0.0
0.1767693775280311,0.4503585683067102,1.0,0.0
0.18306893599583715,0.45041184988514016,1.0,0.0
0.1893644323825936,0.4504513397999537,1.0,0.0
0.1956562629378904,0.45047655760104893,1.0,0.0
0.20194486858738098,0.45048752158428756,1.0,0.0
0.2082308007410191,0.45048452696449537,1.0,0.0
0.21451460628619465,0.4504681813599988,1.0,0.0
0.22079671518112495,0.45043934512171774,1.0,0.0
0.2270773913353652,0.4503990003953754,1.0,0.0
0.2333567496583151,0.4503481171983068,1.0,0.0
0.2396347720492238,0.4502876092854566,1.0,0.0
0.24591130386426674,0.4502183646559318,1.0,0.0
0.2521860426755313,0.4501413267518557,1.0,0.0
0.2584585295072464,0.4500576315915414,1.0,0.0
0.26472816484914763,0.4499687995764921,1.0,0.0
0.2709942937700097,0.44987696024575347,1.0,0.0
0.2772564274048744,0.4497850566554656,1.0,0.0
0.2835147098122118,0.4496968810433202,1.0,0.0
0.2897707114349444,0.44961677407001144,1.0,0.0
0.29602912292757094,0.4495463389058666,1.0,0.0
0.30229574748046467,0.4494915134574677,1.0,0.0
0.3085993908406528,0.4494003611972563,1.0,0.0
0.31493837458766943,0.4492163691356677,1.0,0.0
0.3212733537038942,0.4489098014348131,1.0,0.0
0.3275426448052842,0.4484892976760762,1.0,0.0
0.33367178305191586,0.4475907671160451,1.0,0.0
0.3399180120843658,0.44640199480669945,1.0,0.0
0.4361127126040618,0.4504026480537881,1.0,0.0
0.4427325852919341,0.44852351563715126,1.0,0.0
0.4492925491656564,0.44866847747607974,1.0,0.0
0.4556932952295214,0.4486486294422028,1.0,0.0
0.4620249845656632,0.44866343943007503,1.0,0.0
0.4682943768978284,0.44872381831507785,1.0,0.0
0.4745319315981788,0.448775392203268,1.0,0.0
0.4807696847533467,0.44878765040318375,1.0,0.0
0.4870220090991026,0.44876729372960805,1.0,0.0
0.4932894936412444,0.4487312174052949,1.0,0.0
0.49957189773106847,0.44868760679920855,1.0,0.0
0.505867847347328,0.44864259311858945,1.0,0.0
0.5121758667218917,0.44860017996659607,1.0,0.0
0.5184946640413728,0.44856302446517493,1.0,0.0
0.5248231327611996,0.4485330383882649,1.0,0.0
0.5311602628807979,0.4485117884408418,1.0,0.0
0.5375037988763582,0.4485018100541091,1.0,0.0
0.5438510100043349,0.4485048928890045,1.0,0.0
0.5501993680405257,0.4485215945626239,1.0,0.0
0.5565471990537681,0.4485510392258297,1.0,0.0
0.5628936214558297,0.4485915687520081,1.0,0.0
0.5692380748518329,0.4486413927563506,1.0,0.0
0.5755801392743857,0.4486987282861846,1.0,0.0
0.5819195003861425,0.4487618255197804,1.0,0.0
0.588255972438456,0.44882897582216863,1.0,0.0
0.5945895330855235,0.44889854095092185,1.0,0.0
0.6009203336288715,0.4489689936925527,1.0,0.0
0.6072486713971942,0.4490389406221145,1.0,0.0
0.6135749700541927,0.449107206095062,1.0,0.0
0.6198997096581882,0.4491729003052958,1.0,0.0
0.6262233274024146,0.44923546318170443,1.0,0.0
0.6325461042239127,0.4492946653482403,1.0,0.0
0.6388680610566405,0.44935056203664075,1.0,0.0
0.6451888880299242,0.44940341527029654,1.0,0.0
0.6515079086397496,0.44945358056723034,1.0,0.0
0.6578240977243784,0.44950140243207576,1.0,0.0
0.6641361024989645,0.4495470194670277,1.0,0.0
0.6704423781988527,0.4495902919382889,1.0,0.0
0.6767412946962036,0.4496306543146062,1.0,0.0
0.6830310746400413,0.4496666900829555,1.0,0.0
0.6893102575468678,0.4496964848950077,1.0,0.0
0.6955778808440752,0.44971784371864193,1.0,0.0
0.7018334501576701,0.44972839054154884,1.0,0.0
0.7080768933599414,0.44972614946533906,1.0,0.0
0.714307342348628,0.4497079436632477,1.0,0.0
0.7205231009202053,0.4496678449148804,1.0,0.0
0.7267232781571079,0.44959984531311664,1.0,0.0
0.7329013464342796,0.44947887296306926,1.0,0.0
0.739064434072816,0.4492856747563948,1.0,0.0
0.745279980518253,0.44921519030935697,1.0,0.0
0.7514392550592297,0.44941733696903086,1.0,0.0
0.7570342365623618,0.4487642044415075,1.0,0.0
0.7676761866180389,0.44815135719296506,1.0,0.0
0.7731735103621675,0.448177561511233,1.0,0.0
0.7794244713437771,0.44763072808367393,1.0,0.0
0.7856125387406492,0.44782122431011423,1.0,0.0
0.7917350189450013,0.4481523703935242,1.0,0.0
0.7978576117635668,0.448438963222933,1.0,0.0
0.8040090218520057,0.44866052656494665,1.0,0.0
0.8101803405639942,0.44885135181996616,1.0,0.0
0.8163710964208744,0.44901239421645567,1.0,0.0
0.8225857658632754,0.44914151147579434,1.0,0.0
0.8288480066868272,0.44928846657068444,1.0,0.0
0.8351270292781089,0.4494308151339957,1.0,0.0
0.8414168151956053,0.4495582027745407,1.0,0.0
0.8477183276186244,0.4496755331070612,1.0,0.0
0.8540021027812044,0.4497132922336819,1.0,0.0
0.8603029950815079,0.44967395387682285,1.0,0.0
0.8666462625388872,0.44957118104704447,1.0,0.0
0.8730734221088614,0.4495314138805541,1.0,0.0
0.8795916114597558,0.44978735181508045,1.0,0.0
0.8860996136709665,0.4486464261279021,1.0,0.0
0.9175929418235579,0.4475721971073127,1.0,0.0
0.9245429778544891,0.44712716884111076,1.0,0.0
0.9311850488087596,0.4468712394704341,1.0,0.0
0.9374741247007603,0.4465841437874464,1.0,0.0
0.9443296549801328,0.44687926226144187,1.0,0.0
0.9507866182120027,0.44746298885512736,1.0,0.0
0.06139475534602273,0.458977991593984,1.0,0.0
0.06630458908637198,0.456602907304569,1.0,0.0
0.07262675042158573,0.4564202013726955,1.0,0.0
0.07907667289130019,0.4562429134516254,1.0,0.0
0.08555555009442353,0.4560849664022206,1.0,0.0
0.09183835384766882,0.45573297506797966,1.0,0.0
0.09809053115241789,0.455473809589295,1.0,0.0
0.10430850771163046,0.4552712618060272,1.0,0.0
0.11055998879711793,0.4551835742627401,1.0,0.0
0.1168472919501123,0.45516264504066245,1.0,0.0
0.1231598925729694,0.4551774164102453,1.0,0.0
0.129481055390311,0.4552086672064452,1.0,0.0
0.13579933203750494,0.45525208179193327,1.0,0.0
0.14211689633291313,0.4553153247602005,1.0,0.0
0.14843201977052023,0.4553928365908469,1.0,0.0
0.1547433451408889,0.4554787653264462,1.0,0.0
0.161050052600577,0.4555667703579008,1.0,0.0
0.16735203148136843,0.4556509516079384,1.0,0.0
0.17364969589331178,0.45572652039099953,1.0,0.0
0.17994373963398716,0.4557901069331092,1.0,0.0
0.18623462002958865,0.45583999711983036,1.0,0.0
0.19252268771502457,0.4558753979081743,1.0,0.0
0.19880827504978937,0.45589609968351436,1.0,0.0
0.20509192501855242,0.4559021295625316,1.0,0.0
0.21137421482084376,0.4558939565921696,1.0,0.0
0.21765557400342328,0.4558724685381102,1.0,0.0
0.22393621338781378,0.4558387858962883,1.0,0.0
0.23021618797649807,0.4557940312330689,1.0,0.0
0.23649545973645747,0.45573924537084365,1.0,0.0
0.24277393154798224,0.4556754049960785,1.0,0.0
0.24905148065520039,0.45560348032937337,1.0,0.0
0.2553280011811247,0.455524537055606,1.0,0.0
0.26160347226639985,0.4554398770016171,1.0,0.0
0.2678780835455147,0.4553511905396608,1.0,0.0
0.27415244890647567,0.4552606743128332,1.0,0.0
0.28042795868922643,0.45517098625546826,1.0,0.0
0.28670733767427203,0.45508486347103844,1.0,0.0
0.29299566571227253,0.45500324963805194,1.0,0.0
0.2993001103998716,0.45492664973567415,1.0,0.0
0.3056388871225487,0.45482764284132626,1.0,0.0
0.3120156996150505,0.45467441259734537,1.0,0.0
0.3184100045010359,0.45445162869017625,1.0,0.0
0.3247779583769027,0.4541706633361728,1.0,0.0
0.3310628576029767,0.4537816126741405,1.0,0.0
0.3369289781689355,0.4526615991373859,1.0,0.0
0.3471053614580159,0.4549497441349746,1.0,0.0
0.43535094151810944,0.4560454173107165,1.0,0.0
0.44104796463253554,0.45433502422359046,1.0,0.0
0.4467434284055823,0.4540733041581572,1.0,0.0
0.45288459228934935,0.4540765494864583,1.0,0.0
0.45912254627133975,0.4540721080748475,1.0,0.0
0.46533684093903604,0.4541609195317532,1.0,0.0
0.47152478185261854,0.45424699584514844,1.0,0.0
0.4777224424616249,0.45427158609390234,1.0,0.0
0.4839466310638147,0.4542450403803101,1.0,0.0
0.49019261738989317,0.4541976942542005,1.0,0.0
0.4964585293958726,0.45414017701001413,1.0,0.0
0.5027415658998338,0.45408057547748976,1.0,0.0
0.5090393658519918,0.4540236664308193,1.0,0.0
0.5153502154506484,0.4539723078537751,1.0,0.0
0.5216729727771374,0.4539283577419462,1.0,0.0
0.5280071232840183,0.45389311549031286,1.0,0.0
0.5343496853126019,0.45387046931496017,1.0,0.0
0.5406968267031775,0.45386320020716875,1.0,0.0
0.5470449908658301,0.45387229767549364,1.0,0.0
0.5533921214642413,0.4538965181892759,1.0,0.0
0.559737507163767,0.45393361938211496,1.0,0.0
0.5660808307962945,0.4539815757895321,1.0,0.0
0.5724217396996967,0.45403848455497325,1.0,0.0
0.5787598353410403,0.454102476378749,1.0,0.0
0.5850947762114083,0.45417167898188393,1.0,0.0
0.5914263839982631,0.45424422731855757,1.0,0.0
0.5977547227782423,0.4543183317614716,1.0,0.0
0.6040801102330972,0.45439236113734505,1.0,0.0
0.6104030490687095,0.45446486334712927,1.0,0.0
0.6167241984522849,0.45453471239759907,1.0,0.0
0.6230442529345159,0.45460120007651866,1.0,0.0
0.6293637884186167,0.4546640777593915,1.0,0.0
0.6356831024530262,0.4547235240374511,1.0,0.0
0.6420020869285472,0.4547800429209399,1.0,0.0
0.648320164721084,0.45483433416957797,1.0,0.0
0.6546362757754794,0.4548871169346223,1.0,0.0
0.6609489488970299,0.4549390104365947,1.0,0.0
0.6672563246840174,0.45499021935530765,1.0,0.0
0.6735564721513042,0.455040477047733,1.0,0.0
0.6798473452958196,0.45508910246226053,1.0,0.0
0.6861264303613508,0.4551340493046514,1.0,0.0
0.6923917102020085,0.45517269138252897,1.0,0.0
0.698641833868024,0.45520226144724824,1.0,0.0
0.7048758453829799,0.4552200234971891,1.0,0.0
0.711092912087886,0.4552248625958542,1.0,0.0
0.7172895863104497,0.4552136690380808,1.0,0.0
0.7234600924962699,0.45517846316457233,1.0,0.0
0.7296007113805802,0.45511395264288373,1.0,0.0
0.7356954720990121,0.4549720463271609,1.0,0.0
0.7417603475555908,0.4547142074808425,1.0,0.0
0.7479527544793048,0.45475219922347704,1.0,0.0
0.7541529621241952,0.45525475843027613,1.0,0.0
0.7700112617251188,0.4540827917555045,1.0,0.0
0.7766268594637608,0.4529408383891448,1.0,0.0
0.7828305918215877,0.4531109652393306,1.0,0.0
0.788873994290347,0.4535270659881653,1.0,0.0
0.7949070439003157,0.4538672534484397,1.0,0.0
0.8009955093237747,0.4540968539533995,1.0,0.0
0.8071188194483346,0.45429139855692774,1.0,0.0
0.8132715508996363,0.45445672192655184,1.0,0.0
0.819447614988479,0.4545877539360884,1.0,0.0
0.825651301452889,0.4546690188526102,1.0,0.0
0.8319339209684771,0.454812115751733,1.0,0.0
0.8382200154266854,0.45495165943975496,1.0,0.0
0.8445043883621693,0.45507268929136574,1.0,0.0
0.8507955196565186,0.45520639164859183,1.0,0.0
0.857023992383919,0.4552063935869292,1.0,0.0
0.8632706174801089,0.4551097581450276,1.0,0.0
0.8695439435002302,0.4549584146779006,1.0,0.0
0.8759087358272302,0.45495310486369767,1.0,0.0
0.8821518350190605,0.45585051471462074,1.0,0.0
0.9216624437409894,0.4519440590462086,1.0,0.0
0.9285976829363679,0.45192531730900776,1.0,0.0
0.9347922184801187,0.4523187556611665,1.0,0.0
0.940464319103828,0.4515389254072415,1.0,0.0
0.9458191229254052,0.4528089492761983,1.0,0.0
0.04642671095441796,0.46462150388102047,1.0,0.0
0.052414601143036865,0.4629510228721564,1.0,0.0
0.057827783211335304,0.4630126109100448,1.0,0.0
0.0646198717040508,0.46325658988921153,1.0,0.0
0.07021519616115092,0.4618659421502087,1.0,0.0
0.07637249777511411,0.46163423406651954,1.0,0.0
0.08261476797533296,0.4614540436639778,1.0,0.0
0.08890379993120123,0.46127835336196316,1.0,0.0
0.0951277400132878,0.4610143585485079,1.0,0.0
0.10134899511117551,0.46080754435810606,1.0,0.0
0.10757150563247485,0.46065434152709955,1.0,0.0
0.11382439324002902,0.46057965375871246,1.0,0.0
0.12010721730799181,0.46055802137498664,1.0,0.0
0.1264111329913647,0.46057151159342635,1.0,0.0
0.132723911396704,0.4606082369865872,1.0,0.0
0.1390364186911436,0.4606636202703758,1.0,0.0
0.14534663166884554,0.4607379653039481,1.0,0.0
0.15165234531635213,0.46082518333093114,1.0,0.0
0.15795261010285572,0.4609183175036377,1.0,0.0
0.16424759971367858,0.4610103258292761,1.0,0.0
0.17053823317883893,0.4610952288551965,1.0,0.0
0.17682583417838424,0.4611686118175565,1.0,0.0
0.18311107145174496,0.4612284149290565,1.0,0.0
0.18939429362864071,0.4612736211701072,1.0,0.0
0.1956756860004735,0.4613038552770521,1.0,0.0
0.2019558502788879,0.4613187461224315,1.0,0.0
0.20823549922580004,0.46131851734110785,1.0,0.0
0.2145151358456463,0.461304062360333,1.0,0.0
0.2207949233503028,0.4612766812101718,1.0,0.0
0.2270748221952712,0.4612376746056945,1.0,0.0
0.23335471341714215,0.46118820414766076,1.0,0.0
0.23963445870228747,0.4611293080146776,1.0,0.0
0.2459139608206304,0.46106193767414866,1.0,0.0
0.25219323021238366,0.4609870313273849,1.0,0.0
0.25847246861081524,0.4609056183054043,1.0,0.0
0.26475220333331223,0.4608189226305374,1.0,0.0
0.27103348264181953,0.460728445128995,1.0,0.0
0.277318147454547,0.46063592725172675,1.0,0.0
0.2836092039208972,0.4605430108350678,1.0,0.0
0.28991142739977116,0.460450035796403,1.0,0.0
0.2962315731467213,0.4603555922685689,1.0,0.0
0.30258202420503494,0.46024436110860495,1.0,0.0
0.3089690443215233,0.46009810693687514,1.0,0.0
0.31538775470061353,0.45990933218577873,1.0,0.0
0.3218255556309597,0.4596900713398138,1.0,0.0
0.3282743960451146,0.4594499593789459,1.0,0.0
0.334690706994593,0.459188803070325,1.0,0.0
0.34109143804872777,0.4566564890625429,1.0,0.0
0.3459232117350636,0.4612864916244379,1.0,0.0
0.43844588947171664,0.4605050507801296,1.0,0.0
0.4438933809303037,0.4599989948291026,1.0,0.0
0.4499029428459432,0.4595880558097559,1.0,0.0
0.45618251612179905,0.45949334275167447,1.0,0.0
0.4623926919964056,0.45960290214617155,1.0,0.0
0.4685389016289628,0.4597425388872543,1.0,0.0
0.4746916030708039,0.4597881917163416,1.0,0.0
0.48088474520562113,0.4597516812045788,1.0,0.0
0.48710634461211705,0.459689572329187,1.0,0.0
0.4933535589097138,0.45961448808875616,1.0,0.0
0.4996217594926613,0.459537189246424,1.0,0.0
0.5059074299512023,0.45946322095315795,1.0,0.0
0.5122083920621308,0.45939540827687225,1.0,0.0
0.5185236833751314,0.4593352046968066,1.0,0.0
0.5248543402168688,0.45928276051968286,1.0,0.0
0.5311963033744013,0.4592444379027669,1.0,0.0
0.5375439915119995,0.45922462853563245,1.0,0.0
0.5438921267982932,0.4592249974035657,1.0,0.0
0.5502380838564612,0.4592434751808271,1.0,0.0
0.5565815855247233,0.4592766300058584,1.0,0.0
0.5629228674913946,0.4593219912536035,1.0,0.0
0.5692619794260995,0.4593777470238768,1.0,0.0
0.5755985265878348,0.45944209814505066,1.0,0.0
0.5819319367367977,0.45951310543277196,1.0,0.0
0.588261734004098,0.45958870229034143,1.0,0.0
0.5945877260284268,0.45966676678562446,1.0,0.0
0.6009101185298356,0.4597452802263077,1.0,0.0
0.6072294983547655,0.4598224886800771,1.0,0.0
0.6135466649700059,0.4598968858379799,1.0,0.0
0.6198626003047795,0.45996747346278793,1.0,0.0
0.6261782609492398,0.46003386724177275,1.0,0.0
0.6324943479990084,0.4600963118192074,1.0,0.0
0.6388110958264851,0.46015557649297456,1.0,0.0
0.645128132196249,0.46021276028540353,1.0,0.0
0.6514444533925854,0.46026909531448756,1.0,0.0
0.657758456826819,0.4603256805007123,1.0,0.0
0.6640681099467499,0.4603834000676728,1.0,0.0
0.670371141604665,0.4604422069118058,1.0,0.0
0.6766653037768784,0.46050171035835125,1.0,0.0
0.6829480827223389,0.460561367732979,1.0,0.0
0.6892158727692652,0.4606180913939216,1.0,0.0
0.6954661127416092,0.460668245576553,1.0,0.0
0.7016973803041922,0.4607084959339051,1.0,0.0
0.7079083175461288,0.46073627288282115,1.0,0.0
0.7140972807854403,0.4607533200538666,1.0,0.0
0.7202562545125912,0.4607574149008817,1.0,0.0
0.7263721808442782,0.46073688087358106,1.0,0.0
0.7324374024701995,0.4606899930122272,1.0,0.0
0.7384145188273727,0.46051904680414346,1.0,0.0
0.7443320706293552,0.46014668756162486,1.0,0.0
0.75049851379205,0.460344396948265,1.0,0.0
0.7561514856794265,0.46200497630632076,1.0,0.0
0.7698552261049862,0.4613676974926805,1.0,0.0
0.7741330726693534,0.4580290956639867,1.0,0.0
0.7801983024551643,0.45839109329002986,1.0,0.0
0.786052306877419,0.4589282732959066,1.0,0.0
0.7919296090531114,0.45934484334370895,1.0,0.0
0.7979378406972718,0.459568867465396,1.0,0.0
0.8040120044003989,0.459757206690279,1.0,0.0
0.8101330916670909,0.4599194421955599,1.0,0.0
0.8162835630365177,0.46005944601382587,1.0,0.0
0.8224508145595317,0.46015516043839894,1.0,0.0
0.8286409226824399,0.4601597340011127,1.0,0.0
0.8349702013504429,0.46032790416769753,1.0,0.0
0.8412611519102745,0.46048155793113177,1.0,0.0
0.8475241515148284,0.46060501202424353,1.0,0.0
0.8537951132670365,0.46079900685390895,1.0,0.0
0.8599367186328484,0.46072472946877785,1.0,0.0
0.8661236764580396,0.4605672083846825,1.0,0.0
0.8724036204672659,0.46032020927635625,1.0,0.0
0.8786266547896724,0.46063249021846375,1.0,0.0
0.9254837832186208,0.45623968706254403,1.0,0.0
0.932456496519149,0.45732483361179144,1.0,0.0
0.9363479904205413,0.4614538977229842,1.0,0.0
0.9397998828458555,0.4571143665459716,1.0,0.0
0.04079427355401284,0.46639499560911685,1.0,0.0
0.050338006199185624,0.4688502608318647,1.0,0.0
0.05555426516196747,0.46881152368382617,1.0,0.0
0.061362301008465785,0.468235705127204,1.0,0.0
0.06783426880454609,0.4679972059827519,1.0,0.0
0.07369846519816944,0.4671999584443932,1.0,0.0
0.0797847899518305,0.46697105432264047,1.0,0.0
0.08593448458550014,0.46677135415673326,1.0,0.0
0.09213661642088161,0.4665692184770707,1.0,0.0
0.09833393066040376,0.46634235026353926,1.0,0.0
0.10455077190357222,0.46616239528446035,1.0,0.0
0.11078627219298186,0.4660350846309102,1.0,0.0
0.11705098169789807,0.46596863954691864,1.0,0.0
0.12334038096305251,0.4659499389397651,1.0,0.0
0.129645457087439,0.46596821191689886,1.0,0.0
0.13595583986975462,0.46601497659419844,1.0,0.0
0.14226370046682063,0.4660845547887935,1.0,0.0
0.14856594367682938,0.46617240812475264,1.0,0.0
0.15486112206727146,0.4662705669537016,1.0,0.0
0.1611496535085593,0.46637057886004163,1.0,0.0
0.1674330951528989,0.4664649894824203,1.0,0.0
0.17371384986291571,0.4665479611515429,1.0,0.0
0.17999292072262213,0.4666173238659207,1.0,0.0
0.18627067250308993,0.4666720216692902,1.0,0.0
0.19254698391195366,0.46671171427754427,1.0,0.0
0.19882259445740816,0.46673541635058735,1.0,0.0
0.205098526601856,0.466742925442304,1.0,0.0
0.21137549276833792,0.4667351159700161,1.0,0.0
0.21765362654279344,0.46671357172868566,1.0,0.0
0.22393275790264475,0.4666798490150187,1.0,0.0
0.23021263243420323,0.46663525966161906,1.0,0.0
0.2364929875695,0.46658091700068133,1.0,0.0
0.2427736315529586,0.46651775810095386,1.0,0.0
0.249054519849369,0.46644659884337436,1.0,0.0
0.2553358299527589,0.46636821960832264,1.0,0.0
0.2616180859932459,0.4662834280941098,1.0,0.0
0.26790232662130153,0.46619312148584746,1.0,0.0
0.27419030651331955,0.46609829364083116,1.0,0.0
0.28048471002711206,0.4659998479696026,1.0,0.0
0.2867893622527902,0.4658978506560367,1.0,0.0
0.2931091616669381,0.4657907375631228,1.0,0.0
0.29945096444233776,0.4656699249075594,1.0,0.0
0.30581718432664506,0.4655252672017375,1.0,0.0
0.3122014869977201,0.465353590155057,1.0,0.0
0.3185883757261209,0.46516605448092113,1.0,0.0
0.32495452242484907,0.4649869185688099,1.0,0.0
0.3312449987971371,0.46488706931616164,1.0,0.0
0.3369466022226323,0.4661269817835329,1.0,0.0
0.3400701472320996,0.46205570815954794,1.0,0.0
0.34388366486090854,0.4670626871592194,1.0,0.0
0.4394899940445407,0.46582786392319586,1.0,0.0
0.44636008812035216,0.46513151271859077,1.0,0.0
0.4530261588490433,0.46480268211819065,1.0,0.0
0.4593875265081803,0.4649894323284742,1.0,0.0
0.4655418496875692,0.4652422931309287,1.0,0.0
0.4716606723785926,0.46533946645350766,1.0,0.0
0.47782872022240547,0.46529051298301355,1.0,0.0
0.4840268207123164,0.46521062770436505,1.0,0.0
0.49025539303890936,0.4651137410296472,1.0,0.0
0.49650815768434065,0.465015284121982,1.0,0.0
0.5027803004436684,0.46492165202421565,1.0,0.0
0.509069227638192,0.4648352632164703,1.0,0.0
0.5153745383261331,0.46475660409403285,1.0,0.0
0.5217013104900451,0.46468254516919405,1.0,0.0
0.5280437657119664,0.4646243384943624,1.0,0.0
0.5343935022919298,0.4645890962582507,1.0,0.0
0.5407423031000459,0.46457969435407526,1.0,0.0
0.5470866548641414,0.4645924331309786,1.0,0.0
0.5534271438328642,0.4646215657488592,1.0,0.0
0.559764959839273,0.46466378188734164,1.0,0.0
0.5661009243140732,0.4647172976788262,1.0,0.0
0.5724351354475797,0.46478094347445703,1.0,0.0
0.5787668233314667,0.4648530528955368,1.0,0.0
0.5850950141520317,0.4649314754151649,1.0,0.0
0.5914190061362317,0.4650137631414063,1.0,0.0
0.597738621179591,0.46509735628857496,1.0,0.0
0.6040543402643116,0.4651798990650221,1.0,0.0
0.6103672068819387,0.4652595328230853,1.0,0.0
0.6166784414209237,0.46533473152232124,1.0,0.0
0.6229894547869145,0.4654047788335206,1.0,0.0
0.6293014939076182,0.4654698486453974,1.0,0.0
0.6356153168513181,0.4655309410949822,1.0,0.0
0.6419309338767724,0.46558964955551535,1.0,0.0
0.6482474843261656,0.46564781890120116,1.0,0.0
0.6545633057680906,0.46570728171425274,1.0,0.0
0.660875996613075,0.4657694869306218,1.0,0.0
0.6671833289036212,0.46583509036205434,1.0,0.0
0.6734827367926177,0.46590366532842187,1.0,0.0
0.6797716826721111,0.46597495559328794,1.0,0.0
0.6860473109970456,0.4660489887500947,1.0,0.0
0.6923044713324911,0.4661206213509274,1.0,0.0
0.6985408222267854,0.46618445563303534,1.0,0.0
0.7047559486232945,0.4662370663746037,1.0,0.0
0.7109491203843169,0.46627682501111145,1.0,0.0
0.7171194556664194,0.4663123017030085,1.0,0.0
0.7232524594642664,0.4663430444734472,1.0,0.0
0.7293250176205275,0.4663489104854021,1.0,0.0
0.7353319084587313,0.4663380469064258,1.0,0.0
0.7412064815363915,0.4660996356856548,1.0,0.0
0.747017790279009,0.46549631865772295,1.0,0.0
0.7532336176484207,0.4664142055418426,1.0,0.0
0.7665982904116513,0.46607842836999175,1.0,0.0
0.7729418568024473,0.4673114640803863,1.0,0.0
0.7765823875466737,0.46330591685618744,1.0,0.0
0.7826889899602665,0.46422260312850094,1.0,0.0
0.7886001247321799,0.4648252710800497,1.0,0.0
0.7946580945822636,0.4650484904857846,1.0,0.0
0.800759783084332,0.465229571076373,1.0,0.0
0.8068986880710914,0.4653851489988581,1.0,0.0
0.8130570514818946,0.4655296028552457,1.0,0.0
0.8192216976638964,0.465655687294858,1.0,0.0
0.8253810004880032,0.46571146217155635,1.0,0.0
0.8315438667715186,0.4655819664816064,1.0,0.0
0.8379706917581985,0.4658473334493984,1.0,0.0
0.8442524004010465,0.4660446968080135,1.0,0.0
0.8504597467467429,0.4661736718821246,1.0,0.0
0.8567643641168998,0.46646824463332665,1.0,0.0
0.8628011744681554,0.4662356987137855,1.0,0.0
0.869227192285954,0.46583296452475276,1.0,0.0
0.8754254237689484,0.4658201755418904,1.0,0.0
0.8816398353829786,0.46604909528127236,1.0,0.0
0.9280145465570725,0.46108906858046733,1.0,0.0
0.9311533058515865,0.4645451162339025,1.0,0.0
0.03945400834760221,0.4721692727895682,1.0,0.0
0.0452006914004663,0.4709298529958848,1.0,0.0
0.05131029582704872,0.474513304157169,1.0,0.0
0.05784158468603738,0.47388572167792126,1.0,0.0
0.0644227965244322,0.47316044270252794,1.0,0.0
0.07082961226896968,0.4730404426484878,1.0,0.0
0.07685243492999301,0.4725787871679992,1.0,0.0
0.08293660381887835,0.472351542204987,1.0,0.0
0.08907438299800946,0.4721169055697228,1.0,0.0
0.09525827035189065,0.47189508834641003,1.0,0.0
0.10146594593760945,0.47167959208593035,1.0,0.0
0.10770262327904392,0.4715152018800372,1.0,0.0
0.11396504520737626,0.4714021607555746,1.0,0.0
0.12025219300090342,0.471344763169073,1.0,0.0
0.1265561067597833,0.4713353295413346,1.0,0.0
0.13286753225425466,0.47136636558382167,1.0,0.0
0.13917732430378976,0.47142991975536275,1.0,0.0
0.1454794067937851,0.47151787304437703,1.0,0.0
0.1517717788237235,0.4716215446933965,1.0,0.0
0.1580550653980702,0.4717305203525404,1.0,0.0
0.1643315733185628,0.4718354395811599,1.0,0.0
0.17060558428617179,0.47192818831192906,1.0,0.0
0.1768785568693846,0.47200693416655476,1.0,0.0
0.18315086432544894,0.4720708925461567,1.0,0.0
0.18942164206392723,0.47212025260359164,1.0,0.0
0.19569184096432404,0.4721530134547097,1.0,0.0
0.20196307615233142,0.47216820534687554,1.0,0.0
0.20823651403080953,0.47216662882777627,1.0,0.0
0.21451228918929546,0.47215036012631756,1.0,0.0
0.22079005686842648,0.4721213603835369,1.0,0.0
0.2270693822644328,0.47208115056291416,1.0,0.0
0.233349814647267,0.47203096235958075,1.0,0.0
0.23963098385164017,0.4719717521799205,1.0,0.0
0.2459126825657847,0.47190424964682454,1.0,0.0
0.2521949118132132,0.47182905069618597,1.0,0.0
0.258477991191657,0.47174663986282056,1.0,0.0
0.2647627023146364,0.4716574300747695,1.0,0.0
0.27105044263962597,0.47156180771325723,1.0,0.0
0.2773433482193584,0.47146011128238147,1.0,0.0
0.28364430400015933,0.47135234461930337,1.0,0.0
0.28995658111092876,0.4712376321323228,1.0,0.0
0.29628344635287074,0.47111184668717104,1.0,0.0
0.30262431428556497,0.47097049318081735,1.0,0.0
0.3089715903880054,0.47081408814893494,1.0,0.0
0.3153096290300412,0.47065363097717555,1.0,0.0
0.3216151748236722,0.4705152080034421,1.0,0.0
0.3278481101057603,0.47046635369429923,1.0,0.0
0.3338016986362942,0.47116339192500756,1.0,0.0
0.3400585498122374,0.47161889689223235,1.0,0.0
0.34652113055361006,0.4725193749139858,1.0,0.0
0.35170567322503926,0.4695509093985996,1.0,0.0
0.43840123855523716,0.47169862005736735,1.0,0.0
0.4441225045756316,0.4705000585504857,1.0,0.0
0.45051896656262264,0.47000848108685506,1.0,0.0
0.4567176831480713,0.4702933641323987,1.0,0.0
0.4627275336322691,0.47074738133863214,1.0,0.0
0.46870959045814387,0.4709436032302209,1.0,0.0
0.47481155106396017,0.4708719786368832,1.0,0.0
0.4809655107812027,0.4707678485400668,1.0,0.0
0.4871680631535078,0.47064180801475874,1.0,0.0
0.49340286999266797,0.4705175364588096,1.0,0.0
0.4996595194278537,0.47040170292971895,1.0,0.0
0.505933317166901,0.4702952988650205,1.0,0.0
0.512224150118873,0.4701968659873621,1.0,0.0
0.5185466302751219,0.4700947731778919,1.0,0.0
0.524891780602339,0.47001049257381566,1.0,0.0
0.5312465235107964,0.46995573590489126,1.0,0.0
0.5375975526548545,0.4699356831713694,1.0,0.0
0.5439400025644359,0.469943603981656,1.0,0.0
0.5502761347576407,0.46996947135372175,1.0,0.0
0.556608582221824,0.47000855049792145,1.0,0.0
0.5629393168177694,0.4700589316652047,1.0,0.0
0.5692693244138649,0.4701200567639597,1.0,0.0
0.575598443817302,0.4701916661587862,1.0,0.0
0.5819251092708569,0.47027202865501,1.0,0.0
0.5882476838640015,0.4703584469833664,1.0,0.0
0.5945651882598896,0.47044777006761407,1.0,0.0
0.6008775751063875,0.4705367264096235,1.0,0.0
0.6071858651719626,0.4706225036139601,1.0,0.0
0.6134918779025277,0.47070326850644045,1.0,0.0
0.6197973880840716,0.4707775656055916,1.0,0.0
0.6261043366171586,0.4708452467379613,1.0,0.0
0.632414224578663,0.4709074090153134,1.0,0.0
0.6387276820021771,0.4709661707243693,1.0,0.0
0.6450441906229081,0.47102422559692186,1.0,0.0
0.6513620150522401,0.471084297370132,1.0,0.0
0.6576782651818479,0.47114897994593397,1.0,0.0
0.6639904192266664,0.4712188036849009,1.0,0.0
0.6702965152967402,0.47129435027818406,1.0,0.0
0.6765934202816087,0.471374998158455,1.0,0.0
0.6828784842169585,0.47146074223823353,1.0,0.0
0.6891489979004637,0.4715530614173939,1.0,0.0
0.6953979425969373,0.4716418702692864,1.0,0.0
0.7016245095603161,0.4717194806457306,1.0,0.0
0.7078316249878945,0.4717831719573793,1.0,0.0
0.714020932652365,0.47183330068618196,1.0,0.0
0.7201942988804765,0.47189412317071533,1.0,0.0
0.7263191454879102,0.4719702230418807,1.0,0.0
0.7323316160975697,0.47202761236072227,1.0,0.0
0.738176955578431,0.47211301636059544,1.0,0.0
0.7435882820689111,0.4717820598231543,1.0,0.0
0.7487340342570992,0.47086471699667476,1.0,0.0
0.7648894429578588,0.474985839424245,1.0,0.0
0.7699909987963817,0.47175097746984124,1.0,0.0
0.7791032719822606,0.46914586061260477,1.0,0.0
0.7849995518077773,0.4702212451860791,1.0,0.0
0.7911759953256688,0.4704706045166043,1.0,0.0
0.7973593987393057,0.47066772467357315,1.0,0.0
0.8035600741964554,0.4708242552425596,1.0,0.0
0.8097600301921288,0.47097772314601,1.0,0.0
0.8159462059990724,0.4711283652789535,1.0,0.0
0.8221153727984427,0.47125481617798487,1.0,0.0
0.828250831708022,0.4712582446170636,1.0,0.0
0.8343423374666378,0.4708761480298835,1.0,0.0
0.8409507025701708,0.47140879440189204,1.0,0.0
0.8471411144097858,0.47170747652482126,1.0,0.0
0.8533049172379548,0.4717055130567182,1.0,0.0
0.8597597181215645,0.4722404245612588,1.0,0.0
0.8661795854413945,0.47114529736298283,1.0,0.0
0.8726275980793976,0.47126484098107974,1.0,0.0
0.878314925328374,0.47151446818613935,1.0,0.0
0.8839745088758079,0.4721336195492,1.0,0.0
0.039056998763308814,0.47750711020723047,1.0,0.0
0.045283445366972014,0.47635583021457173,1.0,0.0
0.05504481983390209,0.47932439187646675,1.0,0.0
0.061608975657953285,0.4783835945945125,1.0,0.0
0.06779126334433876,0.4783731915301087,1.0,0.0
0.07392388879085555,0.4783037425996586,1.0,0.0
0.07989496485378206,0.47799969132468123,1.0,0.0
0.08596654195874952,0.47772187361154517,1.0,0.0
0.09210792808567796,0.4774573390157544,1.0,0.0
0.09831215638989224,0.4772120788165177,1.0,0.0
0.10455181273133218,0.47700228053625204,1.0,0.0
0.1108283732861296,0.4768467921529893,1.0,0.0
0.11712848346959283,0.47674774909195977,1.0,0.0
0.1234438151589422,0.47670635283160395,1.0,0.0
0.12976425537054775,0.47671603113772126,1.0,0.0
0.1360812867697423,0.47676996345501144,1.0,0.0
0.14238778953861855,0.4768579149094164,1.0,0.0
0.14868049035057712,0.47696819681714603,1.0,0.0
0.15496031249643394,0.4770880327199681,1.0,0.0
0.16123024267275282,0.4772056409145919,1.0,0.0
0.16749797916796588,0.4773087885954484,1.0,0.0
0.17376554310995512,0.4773968663894348,1.0,0.0
0.1800333436048297,0.47746981132767097,1.0,0.0
0.186298742170117,0.4775294955129982,1.0,0.0
0.19256293675066455,0.47757212192367793,1.0,0.0
0.19882859658795485,0.47759528371794235,1.0,0.0
0.20509778425680852,0.47759955758428874,1.0,0.0
0.21137066690928658,0.47758790924732053,1.0,0.0
0.21764664668297287,0.47756296506080986,1.0,0.0
0.22392506927662,0.47752653374039866,1.0,0.0
0.2302052458854848,0.47748003077678297,1.0,0.0
0.23648657288645006,0.4774244809527476,1.0,0.0
0.24276862636556548,0.47736057062031007,1.0,0.0
0.24905114705921405,0.47728879447975653,1.0,0.0
0.2553341401900383,0.47720942368648595,1.0,0.0
0.2616180077722575,0.4771225155984651,1.0,0.0
0.2679036742866599,0.477027972172338,1.0,0.0
0.2741926695625095,0.47692563021949325,1.0,0.0
0.28048708873065337,0.47681531477455047,1.0,0.0
0.2867892127885183,0.4766968342818313,1.0,0.0
0.293100663695911,0.47656910002743613,1.0,0.0
0.2994198453043092,0.4764315654652807,1.0,0.0
0.305739908616318,0.4762873589113554,1.0,0.0
0.3120483434999119,0.476147015756335,1.0,0.0
0.31832800175911546,0.47603258413859845,1.0,0.0
0.32455593725914056,0.4759956749544678,1.0,0.0
0.3306555733185968,0.476353852281942,1.0,0.0
0.33689717021617094,0.47691066046858027,1.0,0.0
0.342965313467454,0.4772515201246616,1.0,0.0
0.34930942420503397,0.4782999205036955,1.0,0.0
0.4413666857335966,0.4765031317258403,1.0,0.0
0.4478852856400873,0.4752245466860967,1.0,0.0
0.45409549909070196,0.47554508745476204,1.0,0.0
0.4599982093023075,0.4762403041847397,1.0,0.0
0.46581108100902474,0.47665674792399615,1.0,0.0
0.4718103464480639,0.47652227784306694,1.0,0.0
0.47790457334016345,0.4763764783863293,1.0,0.0
0.48407998246688816,0.476203655945374,1.0,0.0
0.4903011325550517,0.476045329514672,1.0,0.0
0.4965446389249406,0.47590504026880986,1.0,0.0
0.5028009746553852,0.47577920314398203,1.0,0.0
0.5090693891520047,0.47566271637890745,1.0,0.0
0.5153873417106299,0.47552259782184036,1.0,0.0
0.5217393448565548,0.4754027279648441,1.0,0.0
0.5281044818110369,0.4753223795904175,1.0,0.0
0.5344606125239849,0.47529111251449196,1.0,0.0
0.5408009733970506,0.4752966277380268,1.0,0.0
0.5471311950987224,0.47532120522944354,1.0,0.0
0.5534560076922683,0.4753581156291579,1.0,0.0
0.5597788084498476,0.47540511455585505,1.0,0.0
0.5661017763934295,0.47546217866621643,1.0,0.0
0.5724257808128193,0.47553022164705444,1.0,0.0
0.5787501703892779,0.47561016045519705,1.0,0.0
0.5850719788887673,0.47569970930040123,1.0,0.0
0.5913885860580782,0.4757950258958847,1.0,0.0
0.5976987655604045,0.47589176634438624,1.0,0.0
0.6040028727406229,0.475985560233294,1.0,0.0
0.6103029532074886,0.4760730517446123,1.0,0.0
0.616602126536793,0.4761528368086687,1.0,0.0
0.622902775988779,0.4762237003898839,1.0,0.0
0.6292074172941745,0.47628655620960136,1.0,0.0
0.6355176103268444,0.4763439720047455,1.0,0.0
0.6418334580287909,0.4763996512750176,1.0,0.0
0.6481533310784414,0.4764577228390796,1.0,0.0
0.6544732226901189,0.4765224143623371,1.0,0.0
0.6607904973027426,0.4765945364103453,1.0,0.0
0.6671031302212742,0.47667354232044434,1.0,0.0
0.673409258385436,0.4767613546079012,1.0,0.0
0.6797046055938545,0.47685657272272286,1.0,0.0
0.6859867170002542,0.4769594358122411,1.0,0.0
0.6922557263126949,0.47707361716413155,1.0,0.0
0.6985006181910901,0.47717965412732394,1.0,0.0
0.7047258989144372,0.4772658315996633,1.0,0.0
0.7109452509388536,0.47733097820260395,1.0,0.0
0.7171729366847799,0.4773764992687391,1.0,0.0
0.7234395849134917,0.4774574202308865,1.0,0.0
0.7297261018259547,0.47758170545282913,1.0,0.0
0.7359909555726057,0.4776732745046143,1.0,0.0
0.7423167965213778,0.477815895120166,1.0,0.0
0.748312632560071,0.47668955643545197,1.0,0.0
0.7717337815170724,0.47732955419510953,1.0,0.0
0.7759218292689994,0.4737762312132927,1.0,0.0
0.7813302814213183,0.47556310292558607,1.0,0.0
0.7875969951217034,0.4758050307951162,1.0,0.0
0.7938640982095378,0.476041745878357,1.0,0.0
0.8001482724816545,0.47621066751111374,1.0,0.0
0.8064108590228217,0.4763817168691861,1.0,0.0
0.812634364649463,0.4765652502202308,1.0,0.0
0.8188214926105355,0.47673744587183525,1.0,0.0
0.8249806553116171,0.4768742844884102,1.0,0.0
0.8310559993679205,0.4768032435738156,1.0,0.0
0.8369472908936322,0.4759416395688378,1.0,0.0
0.8436403703903833,0.47722789413660394,1.0,0.0
0.8494305981636846,0.47751986315843475,1.0,0.0
0.8550073404968509,0.47722283000450405,1.0,0.0
0.8648488848873928,0.47674745385191175,1.0,0.0
0.8706426869770981,0.4761639902927371,1.0,0.0
0.8768813478170161,0.4773822333067549,1.0,0.0
0.8824518049925195,0.47716245758935066,1.0,0.0
0.8889881956480203,0.4787302174396801,1.0,0.0
0.036320182583958985,0.4822645033495779,1.0,0.0
0.043242312099178795,0.4818769588063256,1.0,0.0
0.04962174542042579,0.4808892110907285,1.0,0.0
0.058769717145635246,0.48351724512405947,1.0,0.0
0.0647635472236337,0.4837702888559354,1.0,0.0
0.07075084085000002,0.4838241403890049,1.0,0.0
0.07670522791674127,0.48374946098722355,1.0,0.0
0.08272983170727748,0.4833815715622579,1.0,0.0
0.088856215774534,0.48305873886363804,1.0,0.0
0.09506711897313753,0.48275150206169753,1.0,0.0
0.1013254657343967,0.48249885616660737,1.0,0.0
0.10762355827129143,0.48228740077193966,1.0,0.0
0.11395492800356669,0.4821470252112814,1.0,0.0
0.1202967589983234,0.4820714473227673,1.0,0.0
0.12663866740099533,0.48205863946030036,1.0,0.0
0.13297031532899486,0.48210025468116013,1.0,0.0
0.13928660393036008,0.4821876639505393,1.0,0.0
0.14558340729900093,0.48230641386014766,1.0,0.0
0.15186190458742801,0.482440053774209,1.0,0.0
0.15812505696189189,0.4825743226126315,1.0,0.0
0.16438703719503245,0.48268888515033703,1.0,0.0
0.17065043894669565,0.4827861837058534,1.0,0.0
0.1769160039091076,0.4828673701392745,1.0,0.0
0.18317703946523495,0.4829386524078537,1.0,0.0
0.18943493484388138,0.48299290002145956,1.0,0.0
0.19569417759888605,0.48302495724849026,1.0,0.0
0.20195855075428876,0.48303478322600973,1.0,0.0
0.20822825326202163,0.48302699396424337,1.0,0.0
0.21450226365576577,0.4830053284873707,1.0,0.0
0.22077966923089307,0.48297195775055374,1.0,0.0
0.22705949783758111,0.4829285645790173,1.0,0.0
0.23334087613956053,0.48287629724304343,1.0,0.0
0.23962316126665095,0.48281582601180517,1.0,0.0
0.24590579891472192,0.4827476378839924,1.0,0.0
0.2521884244817285,0.48267190769107,1.0,0.0
0.2584710070879455,0.48258846056755966,1.0,0.0
0.2647539714194955,0.4824968300062099,1.0,0.0
0.2710382622102342,0.4823963951687503,1.0,0.0
0.2773253171388673,0.4822866077968599,1.0,0.0
0.28361681833078395,0.4821673605047878,1.0,0.0
0.28991403804682825,0.48203923185240294,1.0,0.0
0.29621596564578867,0.48190433293464835,1.0,0.0
0.30251771955251616,0.481767630721233,1.0,0.0
0.30881049818690953,0.4816389248506899,1.0,0.0
0.3150829603405642,0.48153576913476054,1.0,0.0
0.3213221538316686,0.48149299325113615,1.0,0.0
0.3275019628882719,0.4816615978740142,1.0,0.0
0.3337574286510992,0.48198587038214113,1.0,0.0
0.34004801013489044,0.4827931691960578,1.0,0.0
0.34564921904133594,0.4829197869381568,1.0,0.0
0.35469808946191306,0.47958794284563905,1.0,0.0
0.4460532773865737,0.48042726805149205,1.0,0.0
0.45194021954165914,0.48074448417795823,1.0,0.0
0.4575907850350995,0.4816836187324113,1.0,0.0
0.4630349322243825,0.4824970579757894,1.0,0.0
0.46887434166082786,0.48232047351901164,1.0,0.0
0.47481220856381584,0.4820578449809328,1.0,0.0
0.4809666154519392,0.4818020628629579,1.0,0.0
0.4871905646816641,0.481593092290766,1.0,0.0
0.49343421224000467,0.48142799362659633,1.0,0.0
0.49967440923533263,0.481289191023402,1.0,0.0
0.505904880674447,0.4811654488412177,1.0,0.0
0.5122183389894963,0.48097056619391576,1.0,0.0
0.5185846710767344,0.4807999951454891,1.0,0.0
0.5249695159960255,0.4806847252568581,1.0,0.0
0.5313354190075911,0.4806424114830426,1.0,0.0
0.5376732800005048,0.4806504192565501,1.0,0.0
0.5439956184892204,0.4806772685987191,1.0,0.0
0.5503102056207404,0.4807141572359401,1.0,0.0
0.5566220111234601,0.480758600222028,1.0,0.0
0.5629343943828151,0.4808108889480634,1.0,0.0
0.5692495115704648,0.48087291693766065,1.0,0.0
0.5755680371727755,0.4809472575526544,1.0,0.0
0.5818887129117112,0.48103655579773685,1.0,0.0
0.5882061475135831,0.48113698896491885,1.0,0.0
0.5945163216615865,0.48124256161502516,1.0,0.0
0.6008179729582562,0.4813470279146794,1.0,0.0
0.6071124146070934,0.48144438915608395,1.0,0.0
0.6134035798642162,0.48153079618774686,1.0,0.0
0.6196967152339048,0.4816063066343369,1.0,0.0
0.6259945576078277,0.4816701443285519,1.0,0.0
0.6323000735190766,0.4817251148018204,1.0,0.0
0.6386144016531826,0.4817760004771616,1.0,0.0
0.6449363175718676,0.481828720934023,1.0,0.0
0.651259841469126,0.481891004960976,1.0,0.0
0.657581791980242,0.48196292139517904,1.0,0.0
0.6639011184970688,0.4820437482301438,1.0,0.0
0.6702150816355535,0.4821336018829341,1.0,0.0
0.6765218014668413,0.4822370098397403,1.0,0.0
0.6828136406181227,0.4823504548857512,1.0,0.0
0.6890919969687936,0.48247067396112187,1.0,0.0
0.6953616359216067,0.48261141191931706,1.0,0.0
0.7015996065961806,0.48273202062943715,1.0,0.0
0.7078191013273233,0.48281374178596387,1.0,0.0
0.7140479093232346,0.48285991472956225,1.0,0.0
0.7203077636946499,0.4828660596906998,1.0,0.0
0.7266623252077081,0.48294616896110154,1.0,0.0
0.7330592824988043,0.4831133290343254,1.0,0.0
0.7393539812866489,0.48317645544604226,1.0,0.0
0.7707378440600106,0.48277050254479265,1.0,0.0
0.7770634754625954,0.48074845988240295,1.0,0.0
0.7837820696892981,0.48098197614601135,1.0,0.0
0.790243856674531,0.48131584546024964,1.0,0.0
0.7966714338060492,0.48151438897588467,1.0,0.0
0.8030292907489258,0.48172068355611597,1.0,0.0
0.8093018524172971,0.4819530652910567,1.0,0.0
0.8155076544940814,0.4821818006042212,1.0,0.0
0.8216719859728755,0.48237455981047106,1.0,0.0
0.8277534946410685,0.4825713403743044,1.0,0.0
0.83352835620552,0.48242480050920367,1.0,0.0
0.8387156006294689,0.4807887536316906,1.0,0.0
0.8462943429975649,0.48387032645092276,1.0,0.0
0.8532643190768374,0.4837485711110587,1.0,0.0
0.8601783543566405,0.47880742124265213,1.0,0.0
0.8677006676861777,0.4821168426306581,1.0,0.0
0.8728771847431616,0.48161582131919306,1.0,0.0
0.8769886135200365,0.48435153575549644,1.0,0.0
0.882604013113032,0.48219491581073626,1.0,0.0
0.02710959262549937,0.48891077554065365,1.0,0.0
0.03405314541470104,0.48783559378174024,1.0,0.0
0.04054952118830117,0.486719887080063,1.0,0.0
0.047485379865883186,0.48633800351534867,1.0,0.0
0.05384286888821243,0.4861685474149604,1.0,0.0
0.06057383166866868,0.48873033643526437,1.0,0.0
0.06701238049072687,0.4891897039766854,1.0,0.0
0.07306115196770784,0.4893831479909307,1.0,0.0
0.07925122108336777,0.4890671143019337,1.0,0.0
0.08545225229833119,0.4886763148035977,1.0,0.0
0.09172841308695129,0.4882972390716783,1.0,0.0
0.0980223651253604,0.4879933728466431,1.0,0.0
0.10435867754339485,0.48772928900274864,1.0,0.0
0.1107214673695895,0.4875259828616939,1.0,0.0
0.11710790593879679,0.4874184797789871,1.0,0.0
0.1234841649539985,0.4873827090350691,1.0,0.0
0.12984173449758454,0.48741532227483136,1.0,0.0
0.13617260439872386,0.487501496362642,1.0,0.0
0.14247755586094307,0.4876311293838974,1.0,0.0
0.14875700658380173,0.48778253239153924,1.0,0.0
0.15501138132274747,0.4879403791957429,1.0,0.0
0.16126757841337744,0.48806760037362684,1.0,0.0
0.16752836842852367,0.4881736032438573,1.0,0.0
0.17379608655487538,0.488260779259481,1.0,0.0
0.1800550740523086,0.4883457161740808,1.0,0.0
0.1863066904796388,0.4884149013602249,1.0,0.0
0.19255852058470876,0.4884579104798919,1.0,0.0
0.19881766702331255,0.48847310630499474,1.0,0.0
0.20508424725240726,0.48846825240185854,1.0,0.0
0.21135643041028257,0.4884489830757314,1.0,0.0
0.21763300714782843,0.4884178370488934,1.0,0.0
0.22391266897597245,0.48837686486405996,1.0,0.0
0.23019424228874605,0.4883273940988772,1.0,0.0
0.23647692803885748,0.4882700565536791,1.0,0.0
0.24275988170052465,0.4882054394747391,1.0,0.0
0.24904234093649236,0.4881337514094676,1.0,0.0
0.25532381766543116,0.4880547030358247,1.0,0.0
0.261604246908946,0.48796755612445625,1.0,0.0
0.2678840522812592,0.4878712922807763,1.0,0.0
0.27416412238352167,0.4877648825112929,1.0,0.0
0.280445692841478,0.48764777136975934,1.0,0.0
0.28673004952959513,0.4875206142189472,1.0,0.0
0.29301759808872013,0.48738668093009196,1.0,0.0
0.2993063529350935,0.4872523727263664,1.0,0.0
0.3055914525011911,0.48712717730670213,1.0,0.0
0.3118667818507573,0.48702474491169456,1.0,0.0
0.3181279503837827,0.48696776629838084,1.0,0.0
0.3243743016459161,0.48702370120596045,1.0,0.0
0.33069700546302827,0.4871631626222276,1.0,0.0
0.33720039982546113,0.4874532956935358,1.0,0.0
0.34422130993193634,0.4887511786025281,1.0,0.0
0.3504806725503082,0.4855106508791848,1.0,0.0
0.4488276127592232,0.4858089957404374,1.0,0.0
0.4547191824831044,0.48684256806119597,1.0,0.0
0.4598802266737436,0.488384248748233,1.0,0.0
0.4657706406458812,0.48822252944849825,1.0,0.0
0.47162276030973427,0.48795194392950964,1.0,0.0
0.47770724642131734,0.48740484635260173,1.0,0.0
0.4840305537906508,0.4871365213912265,1.0,0.0
0.49032011793643365,0.4869505409235716,1.0,0.0
0.4965612149792236,0.4868202734173661,1.0,0.0
0.5027219708690135,0.4867257586617128,1.0,0.0
0.5090317435598871,0.4864455853296159,1.0,0.0
0.5154255917790548,0.48619963609100925,1.0,0.0
0.5218455763338469,0.4860349994526557,1.0,0.0
0.5282280868944602,0.48598351968830067,1.0,0.0
0.5345618834538252,0.48600322456873435,1.0,0.0
0.540873383415345,0.4860379044130894,1.0,0.0
0.547174626755003,0.4860780533505514,1.0,0.0
0.5534721899389973,0.48612185904433225,1.0,0.0
0.5597702667527726,0.4861700104285306,1.0,0.0
0.5660719887397483,0.48622478278120407,1.0,0.0
0.5723796106505902,0.4862899731679746,1.0,0.0
0.5786937421651014,0.486370156282617,1.0,0.0
0.5850126045957308,0.48647104158667864,1.0,0.0
0.5913264460676797,0.48658528129279227,1.0,0.0
0.597629316273358,0.48670302448266095,1.0,0.0
0.6039205414246384,0.48681513197246035,1.0,0.0
0.6102034857829599,0.48691327583338967,1.0,0.0
0.6164854505917263,0.48699357860984255,1.0,0.0
0.6227750951715009,0.4870599162434969,1.0,0.0
0.6290743282399429,0.4871119416559672,1.0,0.0
0.6353862597896555,0.4871555791049579,1.0,0.0
0.6417107691530937,0.4871988093893395,1.0,0.0
0.6480376905068692,0.48725584153761226,1.0,0.0
0.6543637049696704,0.48732583047459865,1.0,0.0
0.660688940906703,0.4874051305990712,1.0,0.0
0.6670117187441902,0.4874964171308102,1.0,0.0
0.6733269887171902,0.4875997303582688,1.0,0.0
0.6796306900446222,0.48772661612436913,1.0,0.0
0.6859152502805177,0.48785896021384845,1.0,0.0
0.692186824795108,0.487994058594822,1.0,0.0
0.698459949017465,0.48817173558496624,1.0,0.0
0.7046820323671985,0.488301851260438,1.0,0.0
0.7108858919764174,0.4883569082005196,1.0,0.0
0.7171275974834127,0.4883540279658479,1.0,0.0
0.723441066775316,0.4882606686100864,1.0,0.0
0.7299912537299499,0.4883032533337274,1.0,0.0
0.736769907583454,0.48847801145279485,1.0,0.0
0.7442121958222356,0.4876393061196628,1.0,0.0
0.7673632658706485,0.49060418851233173,1.0,0.0
0.773881814394873,0.4872405528048798,1.0,0.0
0.7803440287968231,0.4859675369084041,1.0,0.0
0.7867848045226622,0.4865130240511949,1.0,0.0
0.7932716244492407,0.48672954030813653,1.0,0.0
0.7996985271232516,0.4869771213433864,1.0,0.0
0.8060175947003594,0.4872808064279422,1.0,0.0
0.812258734568067,0.48757293453974193,1.0,0.0
0.8185292820199311,0.4877882815572066,1.0,0.0
0.8248771969701681,0.487979903564087,1.0,0.0
0.8313815541356078,0.48822041757443824,1.0,0.0
0.8380051329222552,0.487135586449705,1.0,0.0
0.8747173436033867,0.49044012805766674,1.0,0.0
0.881031624708759,0.4880848195393125,1.0,0.0
0.8863743122183865,0.48756775634838123,1.0,0.0
0.025545624956834552,0.49383803581580704,1.0,0.0
0.031855620639106595,0.4929787016625052,1.0,0.0
0.03823970652093598,0.4921161397944845,1.0,0.0
0.044594062658803335,0.4912214892536481,1.0,0.0
0.051150016514930875,0.4915262359083138,1.0,0.0
0.05655494486913936,0.49252328737682544,1.0,0.0
0.06331989118990194,0.4940929470787189,1.0,0.0
0.0692888067722265,0.49492572985628935,1.0,0.0
0.07565418848139607,0.49462151392671444,1.0,0.0
0.08198943155613007,0.4942729681534479,1.0,0.0
0.08836317334791663,0.49382157370081586,1.0,0.0
0.09469006911531322,0.4934908967213565,1.0,0.0
0.10105723771270347,0.4931619980098675,1.0,0.0
0.1074570648162318,0.4929064986024985,1.0,0.0
0.11386636366276276,0.4927266714428191,1.0,0.0
0.12029726216506788,0.49267661091859444,1.0,0.0
0.12669079233772845,0.49270138760548593,1.0,0.0
0.1330475133414457,0.4927959335832767,1.0,0.0
0.13936091029216796,0.4929362499566751,1.0,0.0
0.14564446525597655,0.49311022176211516,1.0,0.0
0.1518838973129379,0.4933038106897816,1.0,0.0
0.158132709223861,0.49344474755634427,1.0,0.0
0.16439205887873656,0.4935580495364445,1.0,0.0
0.17066997725331895,0.4936452005600064,1.0,0.0
0.17693133131521285,0.4937467908817979,1.0,0.0
0.18317702905448371,0.4938367947364408,1.0,0.0
0.18941986950383222,0.4938948244364355,1.0,0.0
0.19567349645887286,0.4939152836212303,1.0,0.0
0.2019375307946482,0.49391211873491003,1.0,0.0
0.20820846748400676,0.4938942710894751,1.0,0.0
0.21448479002807247,0.49386441270013354,1.0,0.0
0.22076477761000532,0.49382508408615716,1.0,0.0
0.22704690888731177,0.49377785069834046,1.0,0.0
0.23333040187463727,0.4937231663078755,1.0,0.0
0.23961416830379623,0.49366186041531906,1.0,0.0
0.2458970279799254,0.49359434028412896,1.0,0.0
0.25217800944507723,0.4935203263162884,1.0,0.0
0.25845656817646917,0.49343888655019263,1.0,0.0
0.2647326706309684,0.4933486491098825,1.0,0.0
0.2710067582130205,0.49324811199396706,1.0,0.0
0.2772796399321771,0.4931360626233349,1.0,0.0
0.2835524261172849,0.4930123098356425,1.0,0.0
0.2898262790087181,0.4928792088480632,1.0,0.0
0.2961017885826037,0.492743579719925,1.0,0.0
0.30237714762441975,0.49261593578882107,1.0,0.0
0.3086473550163093,0.4925087736009691,1.0,0.0
0.31490536894013066,0.4924380892029073,1.0,0.0
0.32114270410615364,0.49243613862604085,1.0,0.0
0.3273799583671019,0.49248337831706923,1.0,0.0
0.3336223214307332,0.4925538763778377,1.0,0.0
0.3399432736359609,0.4924748874531442,1.0,0.0
0.3495574184917019,0.4919433998498781,1.0,0.0
0.3558294674549388,0.49038601729035936,1.0,0.0
0.45109583135223486,0.4913959275400912,1.0,0.0
0.45567734731256443,0.4938076368860657,1.0,0.0
0.46236389451975135,0.49398399885363126,1.0,0.0
0.4682855327857774,0.49398111108916876,1.0,0.0
0.47445658401182267,0.4932358087977465,1.0,0.0
0.4807162543288144,0.4925420998781148,1.0,0.0
0.4872138155407073,0.49242259928859755,1.0,0.0
0.49349652222362905,0.4923436308066021,1.0,0.0
0.4995127595689477,0.4923856295021841,1.0,0.0
0.5058189440897155,0.4919589117652058,1.0,0.0
0.5122621307946134,0.49159615096040943,1.0,0.0
0.5187409463377581,0.4913599879316997,1.0,0.0
0.5251486710100877,0.4913049316589339,1.0,0.0
0.5314736055959554,0.4913530237103496,1.0,0.0
0.537769293287523,0.4914035519246343,1.0,0.0
0.5440530267317899,0.49145112378987776,1.0,0.0
0.5503327802542347,0.4914968419749341,1.0,0.0
0.5566130254293878,0.491542642353138,1.0,0.0
0.5628970721342962,0.4915908736374406,1.0,0.0
0.5691880745884516,0.49164524306398233,1.0,0.0
0.5754888252084404,0.49171165908132974,1.0,0.0
0.5818002198470238,0.49179731585090897,1.0,0.0
0.5881205353220553,0.4919141259244938,1.0,0.0
0.5944317919225989,0.4920470274094965,1.0,0.0
0.6007255227858638,0.49217939762811064,1.0,0.0
0.6070032528062013,0.4922978773117025,1.0,0.0
0.61327246635993,0.4923910371333146,1.0,0.0
0.6195463755980541,0.492456381672963,1.0,0.0
0.62583884270128,0.49250682549395164,1.0,0.0
0.6321478876836792,0.4925408774689341,1.0,0.0
0.6384773273608765,0.4925690702425436,1.0,0.0
0.6448077441696375,0.49261864688384066,1.0,0.0
0.6511358536214155,0.4926848037575364,1.0,0.0
0.6574664367213748,0.49276040363214574,1.0,0.0
0.6637975689685373,0.4928476020664596,1.0,0.0
0.6701256884354446,0.49295314405525137,1.0,0.0
0.6764334027872261,0.49308046534747146,1.0,0.0
0.6827306738179604,0.49323554136801945,1.0,0.0
0.6890001286670773,0.49338597147119784,1.0,0.0
0.6952557892585408,0.49352923617074346,1.0,0.0
0.7015327855926995,0.493770896852817,1.0,0.0
0.7076962907299296,0.4939072305068987,1.0,0.0
0.7138117971416919,0.49390857190281484,1.0,0.0
0.7199512336885019,0.4938421173126635,1.0,0.0
0.7260821249922182,0.4935917323985837,1.0,0.0
0.732300930257869,0.49366664371011515,1.0,0.0
0.7380319075879447,0.49436735339244275,1.0,0.0
0.7736469371105632,0.49346410800568147,1.0,0.0
0.7786003657032747,0.49149908508911233,1.0,0.0
0.7839969709258772,0.4919175297141392,1.0,0.0
0.7901729042313572,0.49199329405905956,1.0,0.0
0.7964959874325594,0.4921964114661497,1.0,0.0
0.8027544220977986,0.4925708885631823,1.0,0.0
0.8088788816277103,0.49297451517761676,1.0,0.0
0.8149850639830505,0.4932160639814121,1.0,0.0
0.8210341023555341,0.4934166436453845,1.0,0.0
0.8268936215108237,0.49361160665273096,1.0,0.0
0.8323805610224828,0.49406505341779894,1.0,0.0
0.8374478114181136,0.49215078336017415,1.0,0.0
0.8832018847908873,0.49414018450984365,1.0,0.0
0.024791608572633808,0.4997369546213772,1.0,0.0
0.030325270775355444,0.4984582229766204,1.0,0.0
0.03621482419566191,0.4976459562718866,1.0,0.0
0.04224270243560698,0.49667398217488795,1.0,0.0
0.04839720085578773,0.4961229168696587,1.0,0.0
0.052449174531436965,0.5021094576291746,1.0,0.0
0.06513215132741869,0.500265847000204,1.0,0.0
0.07196228835873078,0.4999920432338739,1.0,0.0
0.07848999093340113,0.49976715586822995,1.0,0.0
0.08503182956314481,0.49929062244863454,1.0,0.0
0.0913693929539313,0.4989973150602974,1.0,0.0
0.09775735743715604,0.4986036436728475,1.0,0.0
0.10417686941005228,0.4982741986093685,1.0,0.0
0.11061699252357014,0.4980529493092527,1.0,0.0
0.11704797419576307,0.49790540783662496,1.0,0.0
0.12351233940262916,0.49794730758217454,1.0,0.0
0.1299043741925392,0.4980512083950857,1.0,0.0
0.1362414579631791,0.49822348394843585,1.0,0.0
0.1425251533014259,0.49841436196615524,1.0,0.0
0.14873660821667542,0.49866761181528646,1.0,0.0
0.15497289861374705,0.4988220404590601,1.0,0.0
0.16122990013723976,0.4989399046606948,1.0,0.0
0.16753280997537415,0.4990125249558438,1.0,0.0
0.17380448114427,0.49913491500320706,1.0,0.0
0.18004504038780175,0.49925585362040703,1.0,0.0
0.1862758216329356,0.4993366619046893,1.0,0.0
0.19252370094778037,0.4993621296947676,1.0,0.0
0.1987866399756121,0.4993586968760505,1.0,0.0
0.20505753922419515,0.4993412496033728,1.0,0.0
0.21133470228790094,0.4993116820716197,1.0,0.0
0.21761587945398692,0.499273195282624,1.0,0.0
0.22389908636447944,0.49922767965675297,1.0,0.0
0.23018395242141682,0.4991750047121622,1.0,0.0
0.23646925096285037,0.49911646693155115,1.0,0.0
0.24275335605176177,0.49905291626067055,1.0,0.0
0.24903476192360738,0.4989842367975394,1.0,0.0
0.25531243802720477,0.49890936552077425,1.0,0.0
0.26158596058490374,0.49882658556128695,1.0,0.0
0.2678554571999087,0.49873392233421854,1.0,0.0
0.2741214575763601,0.4986295552200016,1.0,0.0
0.28038487271644436,0.49851222061448863,1.0,0.0
0.28664719682284356,0.49838234270544735,1.0,0.0
0.2929108393066598,0.49824416744343913,1.0,0.0
0.29917904382674304,0.4981083768150222,1.0,0.0
0.30545324690330194,0.49798915651210246,1.0,0.0
0.3117328707993801,0.4979003772317177,1.0,0.0
0.31802024444606125,0.4978591920032449,1.0,0.0
0.32434009376983786,0.49785547425306875,1.0,0.0
0.33073120201585565,0.4978504368744186,1.0,0.0
0.337298054589754,0.49765738789869746,1.0,0.0
0.3441457264610113,0.4962027861893776,1.0,0.0
0.35000216806002005,0.4980957170716454,1.0,0.0
0.3555690161202332,0.5006742815022455,1.0,0.0
0.4510223895238,0.499504387827994,1.0,0.0
0.45831509622920374,0.4984413390742908,1.0,0.0
0.4649108308828262,0.500017832081144,1.0,0.0
0.4713985602493132,0.4991028608284434,1.0,0.0
0.4777231795633705,0.4982978119879471,1.0,0.0
0.483915200805275,0.4975505796201146,1.0,0.0
0.49057351545904515,0.4977661325816948,1.0,0.0
0.49626399109643765,0.49823078623159944,1.0,0.0
0.5025720505412774,0.49752873775609774,1.0,0.0
0.5091012561150394,0.4969787827344296,1.0,0.0
0.5156719065720987,0.49663861181139085,1.0,0.0
0.52211331562536,0.4965926182069433,1.0,0.0
0.528417637063055,0.49669848941885475,1.0,0.0
0.5346890443714724,0.4967756530640339,1.0,0.0
0.5409493171376893,0.496835259977354,1.0,0.0
0.5472069495721591,0.4968853372928829,1.0,0.0
0.5534659715865049,0.4969308014230433,1.0,0.0
0.5597289399162059,0.49697464100094074,1.0,0.0
0.5659985772899147,0.49701958047107575,1.0,0.0
0.572278626387165,0.49707040546855313,1.0,0.0
0.5785731916707947,0.4971357250407999,1.0,0.0
0.5848840556591295,0.49722618577593514,1.0,0.0
0.5912114006187321,0.4973671003221283,1.0,0.0
0.5975210541221687,0.4975266044992497,1.0,0.0
0.6038017768160301,0.49767616461450803,1.0,0.0
0.6100611027126667,0.4977967979587072,1.0,0.0
0.6163147600658606,0.4978733070907536,1.0,0.0
0.6225856877663275,0.49790854376206795,1.0,0.0
0.6288963529513194,0.49793412408721205,1.0,0.0
0.6352375978255115,0.4979388146895952,1.0,0.0
0.6415729402310404,0.4979805275373751,1.0,0.0
0.6478996158627209,0.49804378120934417,1.0,0.0
0.6542324041635078,0.4981110443353109,1.0,0.0
0.6605732882834432,0.4981907625712173,1.0,0.0
0.666916738608931,0.49828732593173297,1.0,0.0
0.673236332641541,0.4984313322978179,1.0,0.0
0.6795295633146204,0.4985791699893171,1.0,0.0
0.6858197697113109,0.49877135998330296,1.0,0.0
0.6920646140448556,0.4989365940649532,1.0,0.0
0.6983001595041477,0.49906847338128557,1.0,0.0
0.7046121450966053,0.49944403025994927,1.0,0.0
0.7106706403168592,0.4995844022427357,1.0,0.0
0.7166511468240242,0.49949765941372276,1.0,0.0
0.7227526385924588,0.499349879591177,1.0,0.0
0.7287217334213416,0.4990041548076917,1.0,0.0
0.7348337703596527,0.4996335655560073,1.0,0.0
0.7732385369908908,0.4990544980614474,1.0,0.0
0.7797359502312406,0.49744350451844954,1.0,0.0
0.7865691999568899,0.49723755788963453,1.0,0.0
0.7932117987448432,0.49738762773526385,1.0,0.0
0.7995445405043865,0.497800154848651,1.0,0.0
0.8056362711032036,0.49838842299431724,1.0,0.0
0.8117514652520297,0.4986999525473134,1.0,0.0
0.8178500516385077,0.49892730720852857,1.0,0.0
0.8238183535085765,0.4992663334071764,1.0,0.0
0.8297583377103167,0.4996209419576669,1.0,0.0
0.8358727454435475,0.4989306707684955,1.0,0.0
0.02272485806547727,0.5050455443356764,1.0,0.0
0.028927230210244886,0.5044176571595584,1.0,0.0
0.03448440617906123,0.5033935290840176,1.0,0.0
0.04039520060178713,0.5023492136757312,1.0,0.0
0.04641772615994427,0.5012755531844808,1.0,0.0
0.06229852723212703,0.5062466244883868,1.0,0.0
0.06868725240033527,0.5051061717888802,1.0,0.0
0.07519555045715857,0.5051733442367636,1.0,0.0
0.08186929951899839,0.504640804414885,1.0,0.0
0.08812542708583153,0.5045410096857466,1.0,0.0
0.0945018348665217,0.5040678509309996,1.0,0.0
0.10092440327078525,0.5036620770053001,1.0,0.0
0.10736154496771615,0.5033604176042317,1.0,0.0
0.11381953840592877,0.5031954531663342,1.0,0.0
0.12023498058885179,0.5030812920635291,1.0,0.0
0.12673598280492668,0.5032564992961129,1.0,0.0
0.13310675803842434,0.5034581217206989,1.0,0.0
0.1394292147609443,0.5037026997095907,1.0,0.0
0.14555872340679205,0.5040368775092794,1.0,0.0
0.15177539552719535,0.5042057519171851,1.0,0.0
0.1580223092591176,0.5043236348982425,1.0,0.0
0.16437802581260916,0.5043490215092176,1.0,0.0
0.17067378609287742,0.5044980340746764,1.0,0.0
0.1769106426272661,0.5046669477500163,1.0,0.0
0.18312285165792613,0.5047853165781881,1.0,0.0
0.18936476024498886,0.5048147267093945,1.0,0.0
0.19562970794723308,0.5048074801851238,1.0,0.0
0.2019027381624186,0.5047895153726744,1.0,0.0
0.20818258655727118,0.5047592685490572,1.0,0.0
0.2144663010523447,0.50472091651025,1.0,0.0
0.2207511217634532,0.5046768910332946,1.0,0.0
0.22703795409361915,0.5046254658894992,1.0,0.0
0.23332563109033774,0.5045688270644126,1.0,0.0
0.23961202200675497,0.5045086741548822,1.0,0.0
0.24589497446959455,0.5044452788755893,1.0,0.0
0.25217291326522473,0.5043775047637576,1.0,0.0
0.2584450557103908,0.5043032504861173,1.0,0.0
0.2647113160291831,0.5042200224685961,1.0,0.0
0.2709720220070569,0.5041254510276978,1.0,0.0
0.27722785059777777,0.5040174712219696,1.0,0.0
0.2834799892819224,0.5038946747182569,1.0,0.0
0.2897308725032705,0.5037577480454571,1.0,0.0
0.2959852043356135,0.5036124636199619,1.0,0.0
0.3022501689484263,0.503473923498028,1.0,0.0
0.30852999822759175,0.5033594140027521,1.0,0.0
0.31482573062510844,0.5032805340479508,1.0,0.0
0.3211479918884327,0.5032291870903131,1.0,0.0
0.3275151786111887,0.503174294351563,1.0,0.0
0.33395536921274915,0.5029943774905984,1.0,0.0
0.34043235182384035,0.5023680155382418,1.0,0.0
0.34613793382874514,0.5024478056388662,1.0,0.0
0.3522165921385905,0.5047865418552403,1.0,0.0
0.35805104542275146,0.5072914063040272,1.0,0.0
0.45924762832970645,0.5036870994097802,1.0,0.0
0.4693873012124344,0.5048885110057724,1.0,0.0
0.4755551949428329,0.5040754215377736,1.0,0.0
0.4815009722860958,0.5034373291167272,1.0,0.0
0.48743056172521915,0.5023254281188688,1.0,0.0
0.4928869880627759,0.5043947002709008,1.0,0.0
0.49927868075266973,0.5031649743178664,1.0,0.0
0.5059680087543128,0.5023250718731501,1.0,0.0
0.5126678856623131,0.5018400200276623,1.0,0.0
0.5191465671290356,0.5018271418214105,1.0,0.0
0.5254054079735481,0.5020405255857219,1.0,0.0
0.5316389423982367,0.5021577873442417,1.0,0.0
0.5378672071644254,0.5022337374736765,1.0,0.0
0.5440971768885519,0.5022897266318928,1.0,0.0
0.550331348831999,0.5023359611395917,1.0,0.0
0.5565706845057936,0.5023774411615376,1.0,0.0
0.5628161804833054,0.5024163504624812,1.0,0.0
0.5690704344360465,0.5024546839639645,1.0,0.0
0.5753386598499364,0.5024981763542057,1.0,0.0
0.5816274506601687,0.5025592562406899,1.0,0.0
0.5879402761256621,0.502652490842229,1.0,0.0
0.5942843015584153,0.5028330064125823,1.0,0.0
0.6005926311179816,0.5030319466949903,1.0,0.0
0.6068521212886238,0.5031999178727865,1.0,0.0
0.613086032792225,0.5033111240745723,1.0,0.0
0.6193256096089379,0.5033483327919036,1.0,0.0
0.6256113206150253,0.5033260007818762,1.0,0.0
0.631994171533946,0.5033025692904985,1.0,0.0
0.6383393818320502,0.5033404052925624,1.0,0.0
0.6446584829283153,0.5034078783521934,1.0,0.0
0.6509875255218209,0.5034641364363271,1.0,0.0
0.6573351635541177,0.5035252504926512,1.0,0.0
0.6637047391384285,0.5036051759311462,1.0,0.0
0.6700323705107837,0.5037559286353899,1.0,0.0
0.676339621417436,0.5039367999865234,1.0,0.0
0.6826087939498576,0.504096434682107,1.0,0.0
0.6888964292351545,0.5043455406281864,1.0,0.0
0.6951074132452921,0.5045083092882298,1.0,0.0
0.7013226883668126,0.5045760356446772,1.0,0.0
0.7077520427615666,0.5052558258693569,1.0,0.0
0.7135436480086955,0.5053977606716081,1.0,0.0
0.7193723152108569,0.5050319043372997,1.0,0.0
0.7251514444788202,0.5050628558091624,1.0,0.0
0.7303241827834046,0.5046210958569968,1.0,0.0
0.7737363591207104,0.5054453720891484,1.0,0.0
0.7785083988371542,0.5035917806241575,1.0,0.0
0.7841880609402875,0.5025014129408873,1.0,0.0
0.7905047592611175,0.5024705962614201,1.0,0.0
0.7967881028069564,0.5030252829200353,1.0,0.0
0.8025712417788737,0.5038179842338208,1.0,0.0
0.8086266662155965,0.5041654253777264,1.0,0.0
0.8147763085056254,0.5043972860300038,1.0,0.0
0.8206065310984997,0.5048539205654069,1.0,0.0
0.8265166370571333,0.5051476218819103,1.0,0.0
0.8321343973041387,0.5052450810324975,1.0,0.0
0.8371646608022106,0.504634546059264,1.0,0.0
0.020525853904129917,0.5095896418584263,1.0,0.0
0.026942764339756068,0.5097052351956973,1.0,0.0
0.03301227470681334,0.5095171983510202,1.0,0.0
0.03855923806357694,0.5080432780139098,1.0,0.0
0.04482615692809464,0.5067202216793257,1.0,0.0
0.05952629836372217,0.5135160843507116,1.0,0.0
0.06568879490423936,0.5106662651751874,1.0,0.0
0.071744348724793,0.5104265380401892,1.0,0.0
0.07888675198537894,0.509800701678512,1.0,0.0
0.08495401032745961,0.5101699357655497,1.0,0.0
0.09131620494579631,0.5095818569100122,1.0,0.0
0.09772866710815656,0.5090794389511399,1.0,0.0
0.10415037593393052,0.5087104007441786,1.0,0.0
0.11058020153186417,0.5084438296430557,1.0,0.0
0.1170271894188813,0.5083779717216156,1.0,0.0
0.12338417070237415,0.5082521277991734,1.0,0.0
0.12995019953015746,0.5086322720285217,1.0,0.0
0.13635815767135767,0.5088834369425749,1.0,0.0
0.1423953731615035,0.5094880550884054,1.0,0.0
0.1485068223667226,0.509596696377847,1.0,0.0
0.15473614764562052,0.5097241625822027,1.0,0.0
0.16119732682660806,0.5096302546033907,1.0,0.0
0.16753978135826045,0.5098158024682438,1.0,0.0
0.17377567059183766,0.510060427443504,1.0,0.0
0.1799551491536163,0.5102450166623193,1.0,0.0
0.18619088379831686,0.5102748159667666,1.0,0.0
0.19246435565171227,0.5102566931163063,1.0,0.0
0.19874322084524437,0.5102378724611526,1.0,0.0
0.2050287532742061,0.510206180499556,1.0,0.0
0.21131706775107356,0.5101675444617335,1.0,0.0
0.21760378266622102,0.5101256025044937,1.0,0.0
0.22389296792142682,0.5100746406661633,1.0,0.0
0.23018386104548588,0.5100186280947326,1.0,0.0
0.2364736984826183,0.5099608415359477,1.0,0.0
0.24275946197086465,0.5099022992325256,1.0,0.0
0.24903889534290471,0.5098418545579202,1.0,0.0
0.2553108629670987,0.5097769157278464,1.0,0.0
0.2615751910889604,0.509704336879002,1.0,0.0
0.26783211183805766,0.5096212319185107,1.0,0.0
0.27408211297124485,0.5095249687899797,1.0,0.0
0.2803260141879679,0.5094131542132483,1.0,0.0
0.2865653707547055,0.5092837200929935,1.0,0.0
0.29280393778098696,0.5091367896594642,1.0,0.0
0.29904945881914863,0.5089793140573544,1.0,0.0
0.30531413147562897,0.5088329821114528,1.0,0.0
0.31160299740851594,0.5087184962570667,1.0,0.0
0.31791403985201333,0.5086344246705462,1.0,0.0
0.32424332251502397,0.5085606250603363,1.0,0.0
0.33057861853998144,0.5084465381905269,1.0,0.0
0.33683260792812925,0.5081814871208555,1.0,0.0
0.342583344325861,0.5083065798601972,1.0,0.0
0.3478937795613781,0.508354645507807,1.0,0.0
0.35281147914181965,0.5114332479017453,1.0,0.0
0.3585327902242236,0.5129664455356483,1.0,0.0
0.4635440273186324,0.5067410169253316,1.0,0.0
0.4742533653281741,0.5097211789219817,1.0,0.0
0.48029373317216334,0.5092448264924505,1.0,0.0
0.48662531103720325,0.5077253023189552,1.0,0.0
0.4911237457510345,0.5113766201099246,1.0,0.0
0.4966735840974196,0.5090567512775553,1.0,0.0
0.5030776270268467,0.5076344111495541,1.0,0.0
0.5098314034482467,0.5069445945995202,1.0,0.0
0.51630684362368,0.5069904899671275,1.0,0.0
0.5224596681147621,0.5073879590584581,1.0,0.0
0.528628223973542,0.5075580932741309,1.0,0.0
0.5348104762110345,0.5076525606736246,1.0,0.0
0.5410048098243931,0.5077138432118385,1.0,0.0
0.5472097874534044,0.5077600386608383,1.0,0.0
0.5534233648721898,0.5077994526698473,1.0,0.0
0.5596438117739484,0.5078352069315171,1.0,0.0
0.5658707918602438,0.5078670914389251,1.0,0.0
0.5721073891139778,0.5078951891455439,1.0,0.0
0.5783615881216477,0.5079263323703955,1.0,0.0
0.5846440871308892,0.507978660311756,1.0,0.0
0.5909605153400895,0.5080687131326651,1.0,0.0
0.597338381672089,0.5083185117835674,1.0,0.0
0.6036425137305014,0.5085781312785501,1.0,0.0
0.6098639643148939,0.5087587663599893,1.0,0.0
0.616064683530243,0.5088322606408,1.0,0.0
0.6223118662102959,0.5087815959965103,1.0,0.0
0.628715408709638,0.5086122989975485,1.0,0.0
0.6351190377081699,0.5086915544458556,1.0,0.0
0.641419753809345,0.5087839355725454,1.0,0.0
0.647734130755954,0.5088296408222189,1.0,0.0
0.6540823988209908,0.5088619640123838,1.0,0.0
0.6604883469969749,0.5088928228739845,1.0,0.0
0.6668301085515072,0.5090688950483999,1.0,0.0
0.6731391593650525,0.5092519014556302,1.0,0.0
0.6794315767551956,0.5094790488931742,1.0,0.0
0.685655498177049,0.5096289511423403,1.0,0.0
0.6919758479999555,0.5099636760470483,1.0,0.0
0.6981576658355046,0.5100766422210434,1.0,0.0
0.7043779130435976,0.5099346112256529,1.0,0.0
0.7111368402175179,0.5113750292922545,1.0,0.0
0.7170280627800063,0.5109354089192352,1.0,0.0
0.7229058415753756,0.5105751997722695,1.0,0.0
0.7768064819710208,0.5108384261578648,1.0,0.0
0.7822300664333692,0.5086621668768108,1.0,0.0
0.7879812549659747,0.5077305724791297,1.0,0.0
0.7942672527440878,0.5079744811152584,1.0,0.0
0.799895361979018,0.5095442855948599,1.0,0.0
0.8055379572658662,0.5096426024363204,1.0,0.0
0.811946884186297,0.5096897768181158,1.0,0.0
0.8178161712045855,0.5105178110272713,1.0,0.0
0.8240489242041669,0.5104761090583617,1.0,0.0
0.8300641761084171,0.5111610971331787,1.0,0.0
0.8355539021813964,0.5111510381664519,1.0,0.0
0.8407695707968931,0.5089561732990193,1.0,0.0
0.02399295285720885,0.5145820769080403,1.0,0.0
0.030259161133856564,0.514852530606608,1.0,0.0
0.03671458361455408,0.5145724824196782,1.0,0.0
0.0420397466083503,0.5123591715621086,1.0,0.0
0.06619166318861122,0.5166090394142004,1.0,0.0
0.07585784957595391,0.5142238892935573,1.0,0.0
0.08177292557859735,0.51588337219257,1.0,0.0
0.08824978140006368,0.5151545074100132,1.0,0.0
0.09465136893990658,0.5145489139936594,1.0,0.0
0.10102164888412274,0.5141043113257254,1.0,0.0
0.10741467236468734,0.5137714802987083,1.0,0.0
0.11378079010915816,0.5135718235772522,1.0,0.0
0.1202095404682616,0.5136350186576666,1.0,0.0
0.12643154693146139,0.5133852870795204,1.0,0.0
0.13336450574747272,0.5139029164040091,1.0,0.0
0.13919939012643884,0.5149083286665681,1.0,0.0
0.1452736799561051,0.5151805365012664,1.0,0.0
0.1512637430003901,0.5151280257511475,1.0,0.0
0.15798847156473908,0.5148131009622272,1.0,0.0
0.16440524048780403,0.5150551234080739,1.0,0.0
0.17064633211563973,0.5154176719325984,1.0,0.0
0.17676180146497353,0.5157251980815614,1.0,0.0
0.18299159207038235,0.515745453977341,1.0,0.0
0.18928755170670636,0.5157017123392416,1.0,0.0
0.19557843500349945,0.5156837111689,1.0,0.0
0.20187449351654826,0.5156503767161238,1.0,0.0
0.20817067735223257,0.5156115970496057,1.0,0.0
0.21445872862651186,0.5155742551723291,1.0,0.0
0.2207500145671734,0.5155230858209893,1.0,0.0
0.22704472634287773,0.515465859485994,1.0,0.0
0.23333918805975282,0.5154087741021728,1.0,0.0
0.23962910532260567,0.515354190739783,1.0,0.0
0.24591127474933333,0.5153010317522224,1.0,0.0
0.2521841762548232,0.5152460009657897,1.0,0.0
0.2584477419055271,0.515185009201156,1.0,0.0
0.2647022654861633,0.5151146311836737,1.0,0.0
0.27094815822520585,0.5150318349168721,1.0,0.0
0.2771859603617413,0.5149337263623918,1.0,0.0
0.2834165638121511,0.5148172634738521,1.0,0.0
0.28964192300402336,0.5146786722030691,1.0,0.0
0.2958676232639874,0.5145162287144792,1.0,0.0
0.30210603479954207,0.5143377164373355,1.0,0.0
0.3083782507601936,0.5141760144775648,1.0,0.0
0.314691878262987,0.5140534649015155,1.0,0.0
0.32103991749284305,0.5139580789662217,1.0,0.0
0.3274221541572978,0.5138583084214211,1.0,0.0
0.33383853461937485,0.5137277523432894,1.0,0.0
0.3402107289943106,0.513824623501842,1.0,0.0
0.34672128698044385,0.5140976064907842,1.0,0.0
0.35332618694638235,0.5174310323808041,1.0,0.0
0.3597474939781875,0.5180446248719012,1.0,0.0
0.36522668523920354,0.5137084158347587,1.0,0.0
0.4680950133541447,0.5109709263875223,1.0,0.0
0.47246243642937397,0.5152919022634108,1.0,0.0
0.478549051309537,0.5152052845576099,1.0,0.0
0.48499477028383814,0.5135214861964663,1.0,0.0
0.49531846967174153,0.5157995064264594,1.0,0.0
0.5007467178574122,0.5133403388409462,1.0,0.0
0.5071175568345705,0.511957171916969,1.0,0.0
0.5135957158468164,0.5120597577760726,1.0,0.0
0.5195700177282161,0.5127549210643221,1.0,0.0
0.525647124111307,0.5129904256418639,1.0,0.0
0.5317701904619107,0.5130995214020123,1.0,0.0
0.5379237233760908,0.5131627059926238,1.0,0.0
0.5440970100484961,0.5132054274954834,1.0,0.0
0.5502844769004189,0.5132407064386735,1.0,0.0
0.5564809467625779,0.5132736182176506,1.0,0.0
0.5626826478580549,0.5133040436065734,1.0,0.0
0.5688883655103119,0.5133275750643638,1.0,0.0
0.5751026673448218,0.5133409326656346,1.0,0.0
0.5813382028793399,0.5133527913150235,1.0,0.0
0.5876114506257437,0.5133903318572541,1.0,0.0
0.5939293723986613,0.51346057747957,1.0,0.0
0.6003701047663479,0.5138392956222947,1.0,0.0
0.6066578131042316,0.5141938083024612,1.0,0.0
0.612804211036963,0.5143594134956765,1.0,0.0
0.6189935597428673,0.5143121430676806,1.0,0.0
0.6254765827425166,0.5139635398987452,1.0,0.0
0.6318453779123548,0.5139295805133962,1.0,0.0
0.6382027183022683,0.5141830037199316,1.0,0.0
0.6444789084011618,0.5142241476585213,1.0,0.0
0.6508136368515542,0.5142154011927084,1.0,0.0
0.6572811726461618,0.5141506893431205,1.0,0.0
0.6636196106528996,0.5143501946493457,1.0,0.0
0.6699457960090632,0.5145668470948357,1.0,0.0
0.6762262646349328,0.5147795280035995,1.0,0.0
0.6824767290576245,0.5150928260082714,1.0,0.0
0.6886097448015219,0.515142057369553,1.0,0.0
0.6949944107273335,0.5156545370519244,1.0,0.0
0.7009321227072044,0.5156819614951019,1.0,0.0
0.7066300783888514,0.5150738667303978,1.0,0.0
0.7159332873382033,0.516871509468641,1.0,0.0
0.7213970989918714,0.5163576483252353,1.0,0.0
0.7281343245601908,0.5143434262925357,1.0,0.0
0.7810261146609481,0.5149938549229374,1.0,0.0
0.7865676859970948,0.5138221566341534,1.0,0.0
0.7918853030234076,0.5128925486519459,1.0,0.0
0.797084707569908,0.5146935303862143,1.0,0.0
0.8030353365139665,0.515994289847558,1.0,0.0
0.808784837828906,0.5146073731363177,1.0,0.0
0.8145705122924533,0.5159868516729474,1.0,0.0
0.8215324975982519,0.5157157462823704,1.0,0.0
0.8276786606658698,0.5162726356469706,1.0,0.0
0.8346515833025553,0.516952728713397,1.0,0.0
0.8412446826935845,0.5146071661118063,1.0,0.0
0.026665619850813563,0.520080154086167,1.0,0.0
0.032986380358333976,0.5197866940210439,1.0,0.0
0.08606226692922489,0.520822775963168,1.0,0.0
0.09210919430951539,0.520162587774179,1.0,0.0
0.09817044543258768,0.5196277461599274,1.0,0.0
0.10439684818852296,0.5191616218675353,1.0,0.0
0.11066659647464525,0.5189287943488038,1.0,0.0
0.1169568359539623,0.5187295005368867,1.0,0.0
0.12344745064985006,0.518980215243664,1.0,0.0
0.12982775272594363,0.517899813252308,1.0,0.0
0.1358396704721315,0.5202970095541649,1.0,0.0
0.14194626074266145,0.5206483119558387,1.0,0.0
0.14783644551525676,0.5210004005259181,1.0,0.0
0.15460353135161709,0.5196659582606259,1.0,0.0
0.16125389355217334,0.5201646994219942,1.0,0.0
0.16752511637638967,0.520695610774522,1.0,0.0
0.17351551113521987,0.5212444745581981,1.0,0.0
0.17974494100568605,0.5212311216130486,1.0,0.0
0.18609533467899111,0.521131090736283,1.0,0.0
0.19240842963562163,0.5211218571458432,1.0,0.0
0.1987228793040373,0.5210880112169021,1.0,0.0
0.2050325043442621,0.5210500386623778,1.0,0.0
0.21131930249127778,0.5210240512445535,1.0,0.0
0.21761100192122476,0.5209723271628938,1.0,0.0
0.22390950695371623,0.5209111338307753,1.0,0.0
0.2302096243188847,0.5208521101461897,1.0,0.0
0.23650503030614525,0.5207999527299564,1.0,0.0
0.24279108296259838,0.5207537549419088,1.0,0.0
0.24906576986508586,0.5207091323795837,1.0,0.0
0.25532944514786754,0.5206604702036716,1.0,0.0
0.26158267923921985,0.5206037266888781,1.0,0.0
0.2678259338815366,0.520535590434355,1.0,0.0
0.2740595323423999,0.5204529877869319,1.0,0.0
0.28028372136603774,0.5203526688499264,1.0,0.0
0.2864991229474095,0.5202303057164134,1.0,0.0
0.2927074330412123,0.5200788167966431,1.0,0.0
0.298915661391691,0.5198928066513938,1.0,0.0
0.3051408432464535,0.5196807090268328,1.0,0.0
0.3114143190528226,0.5194959135342299,1.0,0.0
0.31773197148827503,0.5193688351218594,1.0,0.0
0.32405464219462443,0.5192739207758568,1.0,0.0
0.3303369395519132,0.5191869732658606,1.0,0.0
0.33649418874632003,0.5192168428733733,1.0,0.0
0.34251988880361006,0.5193963613379653,1.0,0.0
0.34826388014304677,0.5196487435309409,1.0,0.0
0.35656914523977795,0.5229955207450977,1.0,0.0
0.3634688461643933,0.5224407000647109,1.0,0.0
0.475798363747407,0.5214112833614231,1.0,0.0
0.48347066860992105,0.5191824216327277,1.0,0.0
0.48956331038476963,0.5180950368034448,1.0,0.0
0.516674382548639,0.518137639055142,1.0,0.0
0.5226483416119047,0.518464097141788,1.0,0.0
0.5287130100988466,0.5185812186693842,1.0,0.0
0.5348305902546963,0.5186367055435559,1.0,0.0
0.5409802509602574,0.5186728936469616,1.0,0.0
0.5471464667780966,0.5187002336805866,1.0,0.0
0.5533236783871001,0.5187283718455156,1.0,0.0
0.5595050999043337,0.5187586602690111,1.0,0.0
0.5656857083275159,0.5187864849122082,1.0,0.0
0.5718638958373926,0.5188007878216245,1.0,0.0
0.5780470985114705,0.5187931574327391,1.0,0.0
0.5842545401023775,0.5187768174321805,1.0,0.0
0.5905115107129715,0.5187917879955614,1.0,0.0
0.596814037580814,0.5188028849033389,1.0,0.0
0.6033626998533385,0.519431317537123,1.0,0.0
0.6095774654695993,0.519944463345616,1.0,0.0
0.6156285833878555,0.5199422633404378,1.0,0.0
0.6223264407289286,0.519264356599429,1.0,0.0
0.6286882152683766,0.5192990509316635,1.0,0.0
0.6348235715744877,0.5193920743683035,1.0,0.0
0.6412671112369601,0.5196919289181734,1.0,0.0
0.647532961749441,0.5196152444829434,1.0,0.0
0.6541122844536337,0.5193570949686995,1.0,0.0
0.6604201261360104,0.5196309870919735,1.0,0.0
0.6667398054657886,0.5198294417926947,1.0,0.0
0.6730688467759897,0.520101203422575,1.0,0.0
0.6792763695316274,0.5203764053559256,1.0,0.0
0.6855532022493115,0.5207705180564536,1.0,0.0
0.6916546492656,0.5204891460107685,1.0,0.0
0.6987227585414025,0.5212865363560533,1.0,0.0
0.7050952648705303,0.5209420055791631,1.0,0.0
0.7109966183515527,0.5184167624997051,1.0,0.0
0.7157954988855155,0.5234086700329479,1.0,0.0
0.7785901405857114,0.5213251514310591,1.0,0.0
0.7849203076209507,0.5195961411635808,1.0,0.0
0.7915653246969989,0.5187490213429788,1.0,0.0
0.798265671380421,0.5204478042087992,1.0,0.0
0.8040628907705684,0.5227291509046418,1.0,0.0
0.8087713161581769,0.5201401579132446,1.0,0.0
0.8186802491035298,0.5203042483705513,1.0,0.0
0.8243711898000172,0.522055161518157,1.0,0.0
0.8302731801320657,0.5213664276654734,1.0,0.0
0.8360918259961491,0.5235386087511096,1.0,0.0
0.8409163981395041,0.5197651183969766,1.0,0.0
0.0897322134768116,0.5259575190477495,1.0,0.0
0.09555394380955129,0.5254770617731163,1.0,0.0
0.10144098408992322,0.5247478682149894,1.0,0.0
0.10743358764284514,0.5244070840194023,1.0,0.0
0.11343650122377573,0.5242567034902728,1.0,0.0
0.11924255619761195,0.524035071815778,1.0,0.0
0.12471990665027856,0.5249848692847658,1.0,0.0
0.12932032149125847,0.5228141410406357,1.0,0.0
0.14368719217866738,0.527103018831476,1.0,0.0
0.15223340021131096,0.5249148501950246,1.0,0.0
0.15802418741410085,0.524901689925722,1.0,0.0
0.1645259093440071,0.5258357562504258,1.0,0.0
0.17019343509716645,0.526846373072783,1.0,0.0
0.17642156026754907,0.5267404615623628,1.0,0.0
0.18288957156724786,0.5265180944932337,1.0,0.0
0.1892368632745987,0.5265434398366086,1.0,0.0
0.19558079153894323,0.5265124916335295,1.0,0.0
0.20191367565671295,0.5264766697967803,1.0,0.0
0.20819200481699277,0.5264778641110889,1.0,0.0
0.21447947431636066,0.5264258230716732,1.0,0.0
0.22078039801013646,0.5263562724388734,1.0,0.0
0.2270867679163667,0.526291041255432,1.0,0.0
0.2333888592822968,0.5262387883922799,1.0,0.0
0.23967971051085424,0.5261988903330778,1.0,0.0
0.2459565500353159,0.5261652258673823,1.0,0.0
0.2522207194282784,0.5261295298285613,1.0,0.0
0.2584733785502868,0.5260870084998965,1.0,0.0
0.26471525663563855,0.5260341778850512,1.0,0.0
0.27094663145480974,0.5259680184289336,1.0,0.0
0.2771672146128757,0.52588556633704,1.0,0.0
0.28337662747631365,0.5257827831489478,1.0,0.0
0.2895747321577998,0.5256533407712922,1.0,0.0
0.2957620818614415,0.5254843217508022,1.0,0.0
0.30194729726555775,0.5252641986296874,1.0,0.0
0.30815419751897105,0.5250023402429628,1.0,0.0
0.31443273081076395,0.5247960445956893,1.0,0.0
0.320760918886104,0.5246916636565592,1.0,0.0
0.32706061272163955,0.5246501422259711,1.0,0.0
0.33326719352600587,0.5246946041914441,1.0,0.0
0.33938466379238036,0.5248697837846339,1.0,0.0
0.3453753997388353,0.5252736122891202,1.0,0.0
0.3512995062715105,0.5245058740459134,1.0,0.0
0.35462137173264047,0.5295846121105484,1.0,0.0
0.5133165687697256,0.5233669043833787,1.0,0.0
0.519397360824024,0.5239185669266276,1.0,0.0
0.5255274396911329,0.5240741803990147,1.0,0.0
0.5316701944065557,0.5241247896927484,1.0,0.0
0.5378287471992483,0.5241495159701567,1.0,0.0
0.5439980329583964,0.5241737268917618,1.0,0.0
0.5501664572473621,0.5241947338378193,1.0,0.0
0.5563362605432774,0.5242239574084259,1.0,0.0
0.5625003103695086,0.524258963502214,1.0,0.0
0.5686526153576532,0.5242891598447247,1.0,0.0
0.5747911734675176,0.5242930001092997,1.0,0.0
0.5809264492599762,0.5242563917887924,1.0,0.0
0.5870916669614692,0.5241984174450717,1.0,0.0
0.5933117916304057,0.5241914783163972,1.0,0.0
0.5995454178785887,0.5240481969491152,1.0,0.0
0.6061882693864559,0.5252207916486126,1.0,0.0
0.6123089749948926,0.5258335417439005,1.0,0.0
0.6193176444353711,0.5243423805703522,1.0,0.0
0.625748256510512,0.5246256059859697,1.0,0.0
0.6315913303542368,0.5250649527338758,1.0,0.0
0.6376244332310912,0.5246866725841441,1.0,0.0
0.6443541837454833,0.5251905428983803,1.0,0.0
0.651045132765925,0.5244664999493699,1.0,0.0
0.6572458189725969,0.5249294193376774,1.0,0.0
0.6635310494214799,0.5251134681572381,1.0,0.0
0.669854277693531,0.5253084568244717,1.0,0.0
0.6760630410036564,0.5257949131691732,1.0,0.0
0.6821253580563161,0.5259965736975628,1.0,0.0
0.6883753831058862,0.5265355091721126,1.0,0.0
0.6942922654558217,0.5251649856317018,1.0,0.0
0.6996119954760461,0.5279124242040181,1.0,0.0
0.7879914614403541,0.5241432663010405,1.0,0.0
0.7905420520150033,0.529970836383088,1.0,0.0
0.7939365165425216,0.5244188939082991,1.0,0.0
0.7998022271352627,0.5269037955093484,1.0,0.0
0.8092734802658452,0.5272565091090202,1.0,0.0
0.8134619977266766,0.5227240275228431,1.0,0.0
0.8188869137320455,0.5260906701268719,1.0,0.0
0.8273515851245192,0.5279130754954375,1.0,0.0
0.08796414996605038,0.5321023554596263,1.0,0.0
0.0931758236431422,0.5314514072588354,1.0,0.0
0.09898978041599646,0.5307076873376744,1.0,0.0
0.10454500419923299,0.5300625857550284,1.0,0.0
0.11051346686691746,0.5297484041381938,1.0,0.0
0.11659232871971732,0.5297308551970343,1.0,0.0
0.12211008799998593,0.5299939877249982,1.0,0.0
0.16048927456638223,0.5298342897382294,1.0,0.0
0.16623204982522452,0.5323840355567119,1.0,0.0
0.17284948149834212,0.5322340807411718,1.0,0.0
0.17965430952832134,0.5317927834434599,1.0,0.0
0.1860593182774339,0.5319306829603228,1.0,0.0
0.19245605234628982,0.5319124072132174,1.0,0.0
0.19883396277067833,0.5318779839227972,1.0,0.0
0.20508829598917397,0.5319417618464602,1.0,0.0
0.2113616662520371,0.5318907268300817,1.0,0.0
0.21766111861383045,0.5318053663796614,1.0,0.0
0.22397341899110226,0.5317267969764121,1.0,0.0
0.230283041353562,0.5316702751670022,1.0,0.0
0.23657917499003125,0.5316355197324273,1.0,0.0
0.24285766478656104,0.5316136340161383,1.0,0.0
0.2491218790665059,0.5315915366261871,1.0,0.0
0.25537396798055695,0.5315635481870904,1.0,0.0
0.2616151938796983,0.5315260945781084,1.0,0.0
0.26784608937187643,0.531476394268746,1.0,0.0
0.274065925054805,0.5314122247463845,1.0,0.0
0.28027347036570077,0.531330238067895,1.0,0.0
0.28646725449675625,0.5312252691943561,1.0,0.0
0.2926458868885859,0.5310880101965417,1.0,0.0
0.2988074243472552,0.5308953432020079,1.0,0.0
0.3049631299215678,0.5306258557669171,1.0,0.0
0.31114739301984734,0.5302908116956309,1.0,0.0
0.31744888920021186,0.5300709134943227,1.0,0.0
0.3238189655443415,0.5300322167444542,1.0,0.0
0.33013380573012074,0.530105234030932,1.0,0.0
0.33637253179200116,0.5302540778827438,1.0,0.0
0.34257924757756514,0.5305766150024228,1.0,0.0
0.34888160736583673,0.5306951399307875,1.0,0.0
0.3524436338731076,0.5362104520913415,1.0,0.0
0.5104701089824555,0.5295524253598971,1.0,0.0
0.5162494599879169,0.5293256761763733,1.0,0.0
0.5223662517544309,0.5295441898352282,1.0,0.0
0.5285202410321408,0.5296166059434078,1.0,0.0
0.5346762384835979,0.5296309454559313,1.0,0.0
0.5408470017789238,0.529642811234275,1.0,0.0
0.5470228173381841,0.5296712093310925,1.0,0.0
0.5531820361695823,0.5296944714033037,1.0,0.0
0.5593367120267673,0.5297349613968386,1.0,0.0
0.5654737980544988,0.5297847720459721,1.0,0.0
0.57158317246866,0.5298243897234923,1.0,0.0
0.5776545910408243,0.5298191302445241,1.0,0.0
0.5837135299683577,0.5297364455818641,1.0,0.0
0.58978288813966,0.5296416098074961,1.0,0.0
0.5958718257703446,0.5296389730037615,1.0,0.0
0.6017366121543084,0.5292146831692136,1.0,0.0
0.6169734034280291,0.5291647482125165,1.0,0.0
0.6232994180136194,0.5296558153023901,1.0,0.0
0.628663063573863,0.531040392695217,1.0,0.0
0.6340855108816585,0.5306920024940901,1.0,0.0
0.640082871528073,0.5295912758133171,1.0,0.0
0.6486017118224194,0.5295532573923415,1.0,0.0
0.6542735673856536,0.5303412478658547,1.0,0.0
0.6603896324035248,0.5304486248548715,1.0,0.0
0.6667158795689859,0.5305443573610729,1.0,0.0
0.6727754928921619,0.5310315127430667,1.0,0.0
0.6787691263327674,0.5317007234315358,1.0,0.0
0.6843707626211506,0.531671282016793,1.0,0.0
0.6899806483345005,0.532951158473216,1.0,0.0
0.6939474423688007,0.5307457671044676,1.0,0.0
0.08408082049642626,0.5366911375028534,1.0,0.0
0.08977625988590822,0.5377804070177975,1.0,0.0
0.09611648279951827,0.5363904003599951,1.0,0.0
0.1018795545718276,0.536371668983909,1.0,0.0
0.10733048469307761,0.5352113495235195,1.0,0.0
0.11378232194708039,0.5348836373272925,1.0,0.0
0.1196725446762667,0.5358262002149172,1.0,0.0
0.16955654458686978,0.5376334676792357,1.0,0.0
0.1766965144430285,0.5368390799293989,1.0,0.0
0.18301087905113275,0.5373045322550952,1.0,0.0
0.1894045296100463,0.5372816725964219,1.0,0.0
0.19584781216011116,0.5372288751893506,1.0,0.0
0.2020362950297794,0.5374292147575382,1.0,0.0
0.20827176167824574,0.53738195820317,1.0,0.0
0.21455918698177806,0.5372670764016584,1.0,0.0
0.22087449034627493,0.5371626617737284,1.0,0.0
0.22719147095007397,0.5370947226314441,1.0,0.0
0.23349257020861386,0.5370630436905075,1.0,0.0
0.23977070148075494,0.5370543899404204,1.0,0.0
0.24603319157756132,0.5370466265420926,1.0,0.0
0.2522835899757124,0.5370332586697881,1.0,0.0
0.2585239263659998,0.5370107284948806,1.0,0.0
0.2647554390076603,0.5369764841560755,1.0,0.0
0.270977105190933,0.5369296889931726,1.0,0.0
0.2771869128851302,0.5368680598819157,1.0,0.0
0.28338203709144916,0.5367877572001278,1.0,0.0
0.2895595153033205,0.5366818449208282,1.0,0.0
0.29571601170650774,0.5365370256070543,1.0,0.0
0.3018442163152578,0.5363119832934893,1.0,0.0
0.3079596628309393,0.5359707204792554,1.0,0.0
0.3141115816780168,0.5355247985265708,1.0,0.0
0.320460958010649,0.5353063017071962,1.0,0.0
0.3269084606151246,0.535392564991243,1.0,0.0
0.3332739831459766,0.5355855777742412,1.0,0.0
0.339543796339764,0.5358065689339226,1.0,0.0
0.3459045377841718,0.5360227266937249,1.0,0.0
0.35847306475311086,0.5376101462253142,1.0,0.0
0.5074647274982084,0.5363691503826247,1.0,0.0
0.5132020977050546,0.5352029947689411,1.0,0.0
0.5192281940861826,0.5350231343740103,1.0,0.0
0.5253869472901732,0.5350980660821926,1.0,0.0
0.5315551749282174,0.5351346824104156,1.0,0.0
0.5377068097067049,0.5351195348404136,1.0,0.0
0.5438836681773197,0.5351282767659241,1.0,0.0
0.5500636952421559,0.535178216006074,1.0,0.0
0.5562031635901399,0.535207911860616,1.0,0.0
0.5623404841763142,0.535270750559511,1.0,0.0
0.5684516707616493,0.5353457924303624,1.0,0.0
0.5745118613710805,0.5354090634943159,1.0,0.0
0.5805512399644062,0.5353601205650562,1.0,0.0
0.586598529658734,0.5352130188045653,1.0,0.0
0.592766515777616,0.5350424777913406,1.0,0.0
0.5990915739166854,0.5350517884010899,1.0,0.0
0.6070462441757654,0.5367526025140512,1.0,0.0
0.6202603971207774,0.5341379343093776,1.0,0.0
0.6256603889219668,0.5364616520309402,1.0,0.0
0.6313722479684725,0.537268367245871,1.0,0.0
0.6375445119578992,0.5351916896110851,1.0,0.0
0.644374221185832,0.5325529652895046,1.0,0.0
0.6503549014985732,0.535660764835467,1.0,0.0
0.6568502868504376,0.5357555191435619,1.0,0.0
0.6635784879809319,0.5356414193519199,1.0,0.0
0.6697260397930337,0.5363518403282199,1.0,0.0
0.6757449180799392,0.5368816921300412,1.0,0.0
0.6819995138178596,0.5377763335007851,1.0,0.0
0.6876193331007074,0.537394616358444,1.0,0.0
0.08416530367972468,0.5417997593324195,1.0,0.0
0.09350615745379098,0.5415377465903707,1.0,0.0
0.09927263168990834,0.5422174363127447,1.0,0.0
0.10499464836324077,0.5419029419589579,1.0,0.0
0.11037237981634045,0.5396809745191514,1.0,0.0
0.11627961580274163,0.5407717150425527,1.0,0.0
0.17368299552249777,0.5413657192768166,1.0,0.0
0.17993690149270086,0.5426458770846149,1.0,0.0
0.18641692166288107,0.5426605559388833,1.0,0.0
0.1929846723293185,0.5424672004645027,1.0,0.0
0.19905992645992254,0.5429587478036426,1.0,0.0
0.20522620169371777,0.5429274209323013,1.0,0.0
0.211484070437906,0.5427583193056776,1.0,0.0
0.21779636711882672,0.5426055994115994,1.0,0.0
0.22411937095391932,0.5425137115654872,1.0,0.0
0.23042427141253757,0.5424812357533303,1.0,0.0
0.2366977050967843,0.5424885460484655,1.0,0.0
0.24295484663693787,0.5424960212513178,1.0,0.0
0.24920088550431282,0.5424971744651912,1.0,0.0
0.25543865079631306,0.5424887030145918,1.0,0.0
0.26167079711999414,0.5424678713311669,1.0,0.0
0.2678961166836353,0.5424360258081083,1.0,0.0
0.2741121653796045,0.542392510368776,1.0,0.0
0.28031463230773335,0.5423353064904937,1.0,0.0
0.2864986984119302,0.5422592343307245,1.0,0.0
0.2926594612476597,0.5421551970070609,1.0,0.0
0.29879038539606834,0.5420053442114122,1.0,0.0
0.3048718502562856,0.541735393006824,1.0,0.0
0.31092696750218163,0.5412899792118382,1.0,0.0
0.31702006212574807,0.5406755171972288,1.0,0.0
0.3234384542914396,0.5404898744244951,1.0,0.0
0.32998336186079885,0.5407744393233886,1.0,0.0
0.3362625731617615,0.541172681894098,1.0,0.0
0.3421004493602038,0.5414483795505353,1.0,0.0
0.34806302286370516,0.5415359047623161,1.0,0.0
0.3534307769982246,0.5429324592920547,1.0,0.0
0.5046395120394634,0.542695191921253,1.0,0.0
0.5105522459991757,0.5414613927884049,1.0,0.0
0.5163850397317442,0.5407560649829964,1.0,0.0
0.5223910177430752,0.5406198117188833,1.0,0.0
0.5285026598761456,0.5406306260125326,1.0,0.0
0.5346458773822046,0.540654378263718,1.0,0.0
0.5407612085030142,0.5405964842750887,1.0,0.0
0.5469429217308106,0.5406108473385791,1.0,0.0
0.5531306388689017,0.5407098324542119,1.0,0.0
0.5592310435744292,0.5407410202165246,1.0,0.0
0.5653539991809594,0.5408360228260282,1.0,0.0
0.5714002159919909,0.540976597668066,1.0,0.0
0.5774283547111365,0.5410085716698343,1.0,0.0
0.5834027122959975,0.5409017133670129,1.0,0.0
0.589478462704113,0.5405680059902188,1.0,0.0
0.5956470447049812,0.540320324830514,1.0,0.0
0.6019808875245234,0.5403459946576551,1.0,0.0
0.6074222788562726,0.5447358842005182,1.0,0.0
0.6289546830887685,0.5437547343404718,1.0,0.0
0.6469864889093327,0.5422420599784015,1.0,0.0
0.6534846154092186,0.5409584161496308,1.0,0.0
0.6605428666194282,0.5404095667583411,1.0,0.0
0.6666417189356482,0.5415246156069714,1.0,0.0
0.6725175671147083,0.5423629210356288,1.0,0.0
0.6784303680280211,0.5425443265487216,1.0,0.0
0.6872249122105067,0.5434705680947641,1.0,0.0
0.08851685488664766,0.5447943953955342,1.0,0.0
0.09448948482386502,0.5468453980115259,1.0,0.0
0.10112006083307866,0.547872694636732,1.0,0.0
0.10644017655835131,0.5478297434477967,1.0,0.0
0.11119627052638013,0.5449596387377698,1.0,0.0
0.17372015437847513,0.5464989922287832,1.0,0.0
0.1792312061710033,0.5482984787246741,1.0,0.0
0.18447160183219313,0.5482229491617838,1.0,0.0
0.19082291801431617,0.5475914324949757,1.0,0.0
0.19644348603918318,0.5485913961020372,1.0,0.0
0.2023525595372168,0.5485997799289821,1.0,0.0
0.20848523141253997,0.5483207049472347,1.0,0.0
0.21475949428347013,0.5480725638193468,1.0,0.0
0.22107745927347575,0.5479321351032163,1.0,0.0
0.227381660699797,0.5478905196727964,1.0,0.0
0.23364147281410755,0.5479188029728882,1.0,0.0
0.23988685605234883,0.5479423877169941,1.0,0.0
0.24612388103657717,0.5479576896126578,1.0,0.0
0.252355424758271,0.547962228468552,1.0,0.0
0.2585867189591101,0.5479517191113571,1.0,0.0
0.2648162000957032,0.5479309521296515,1.0,0.0
0.2710415770936941,0.5479010101248714,1.0,0.0
0.2772574705212826,0.5478629648010369,1.0,0.0
0.2834571068570406,0.5478135939497325,1.0,0.0
0.28963375908782996,0.5477456472826076,1.0,0.0
0.29578085139428767,0.5476481028818758,1.0,0.0
0.3018865889672593,0.5475002559758008,1.0,0.0
0.3079051157252706,0.5471642695135853,1.0,0.0
0.3138794664143252,0.5465667121854337,1.0,0.0
0.3198869370742718,0.5456945206935778,1.0,0.0
0.32647541773159683,0.5455649375226821,1.0,0.0
0.3332436349104349,0.5462353952020003,1.0,0.0
0.33892439089562276,0.5473885051740758,1.0,0.0
0.34437503351828647,0.5471224225461522,1.0,0.0
0.35027285109382256,0.5478085486285901,1.0,0.0
0.4972198363911141,0.5496883543271912,1.0,0.0
0.5022928180616869,0.5480029308437111,1.0,0.0
0.5081541899927506,0.5476689769837212,1.0,0.0
0.5137654111099936,0.5468118925957501,1.0,0.0
0.5195308538272062,0.5463359843426588,1.0,0.0
0.5255067186981269,0.5461882571854435,1.0,0.0
0.5316022832278051,0.5461552898732908,1.0,0.0
0.5377429999098996,0.5461906085289314,1.0,0.0
0.5438041288091615,0.546050074946915,1.0,0.0
0.550018279508078,0.5460872029517173,1.0,0.0
0.5562358260676347,0.5462898618008424,1.0,0.0
0.5622763526151598,0.5462826042444391,1.0,0.0
0.5682983733849369,0.5465187116594502,1.0,0.0
0.5743157916499974,0.5466253815842511,1.0,0.0
0.5801790648528028,0.5467027802255311,1.0,0.0
0.5861106082394061,0.5463438647708241,1.0,0.0
0.5918228060355698,0.54601316349566,1.0,0.0
0.5974208719403546,0.5457201162828211,1.0,0.0
0.6026247491859157,0.5462037166929008,1.0,0.0
0.6135604887737292,0.5480714682748367,1.0,0.0
0.6537286076128619,0.5477587603866318,1.0,0.0
0.6581667350253491,0.5449346003852639,1.0,0.0
0.6639728481785782,0.546552467428472,1.0,0.0
0.669710073747977,0.5478102690945872,1.0,0.0
0.6756547889894946,0.5482603663756664,1.0,0.0
0.09660784404387557,0.5515456436039047,1.0,0.0
0.10348741312525658,0.5544091976369857,1.0,0.0
0.18858532228020478,0.5525009484674565,1.0,0.0
0.1939204731440949,0.5542810089108818,1.0,0.0
0.19954905835624484,0.5545165018825661,1.0,0.0
0.20549881552811453,0.5540332470123224,1.0,0.0
0.21172849095469692,0.5535903118518664,1.0,0.0
0.21805137445019612,0.5533556018638369,1.0,0.0
0.2243625163503313,0.5532890929056657,1.0,0.0
0.2305993660935212,0.5533491460639517,1.0,0.0
0.23682599769711477,0.5533896692940836,1.0,0.0
0.24304853439367569,0.5534183479479651,1.0,0.0
0.2492683739869943,0.5534352538284641,1.0,0.0
0.25549590846752457,0.5534309710118951,1.0,0.0
0.26172834336829126,0.5534162951774305,1.0,0.0
0.2679643606107089,0.5533933845658243,1.0,0.0
0.2741977901083758,0.5533674111516074,1.0,0.0
0.28042090716858864,0.5533387002324323,1.0,0.0
0.28662530932143054,0.5533012869595115,1.0,0.0
0.29280495258586625,0.5532444818079107,1.0,0.0
0.298953631117578,0.5531586306891436,1.0,0.0
0.3050539120531374,0.553025094965861,1.0,0.0
0.3110041554939133,0.5525767612105353,1.0,0.0
0.31690884824471555,0.5517442677458184,1.0,0.0
0.3228609100639421,0.5504225692923748,1.0,0.0
0.32982496303554537,0.5503199859823904,1.0,0.0
0.33597885465023875,0.5527242744831983,1.0,0.0
0.34164252490856684,0.5537251559417999,1.0,0.0
0.3471160636519433,0.5524295462844144,1.0,0.0
0.4923956738154903,0.552861062722766,1.0,0.0
0.4991610882865165,0.554449733342933,1.0,0.0
0.5046510785195878,0.5535077389563805,1.0,0.0
0.5105277441756929,0.5529897075186794,1.0,0.0
0.5163714408616532,0.55227136558749,1.0,0.0
0.5223569649722347,0.5518544868697385,1.0,0.0
0.5284738224944461,0.5516862488470936,1.0,0.0
0.5346520980669158,0.5516465041175364,1.0,0.0
0.540843346919076,0.5517562443628882,1.0,0.0
0.5468065894670908,0.5514407415561858,1.0,0.0
0.5531210126225347,0.5515407611336768,1.0,0.0
0.5595034178559624,0.5519048631785093,1.0,0.0
0.5652040577756781,0.5520078861406166,1.0,0.0
0.5713539347351089,0.5521433412711584,1.0,0.0
0.577208319044929,0.5524745459808419,1.0,0.0
0.5834859250401909,0.5520512291828575,1.0,0.0
0.589386910031412,0.5519373928953331,1.0,0.0
0.5950736262148401,0.5515065710140103,1.0,0.0
0.6010703516547555,0.5514425795541589,1.0,0.0
0.6075384676642088,0.5506457168324983,1.0,0.0
0.6543564937293026,0.553520237318236,1.0,0.0
0.6598129931575231,0.5507505527690794,1.0,0.0
0.6661291085530291,0.5527147755550097,1.0,0.0
0.6733301065974024,0.553336240462869,1.0,0.0
0.19690817151772083,0.5607490987265379,1.0,0.0
0.20250310159372137,0.5600189404822465,1.0,0.0
0.2086688242744526,0.5591865090094822,1.0,0.0
0.21502105103777522,0.5587789853874445,1.0,0.0
0.22136399865959638,0.5586645435122378,1.0,0.0
0.22756533660351025,0.5587830387002808,1.0,0.0
0.2337659315416318,0.5588421040404149,1.0,0.0
0.239968605647632,0.5588829809659553,1.0,0.0
0.24616915554952565,0.5589132612232534,1.0,0.0
0.25238924962017256,0.558910040190969,1.0,0.0
0.2586219502074935,0.5588960040752007,1.0,0.0
0.26486809932812433,0.5588722293122513,1.0,0.0
0.2711199846431377,0.5588494608780503,1.0,0.0
0.27736896274555345,0.5588318192840016,1.0,0.0
0.28360643640455474,0.5588172117711218,1.0,0.0
0.2898269835059463,0.5587923249991409,1.0,0.0
0.29603054066374895,0.5587437691652481,1.0,0.0
0.30222297753543426,0.558667228180513,1.0,0.0
0.30839246008342175,0.5585602233445289,1.0,0.0
0.3143180515342355,0.557876377917083,1.0,0.0
0.49476530353504133,0.5583372709629484,1.0,0.0
0.5008688281588805,0.5597448763215112,1.0,0.0
0.5068013128401153,0.55884223467447,1.0,0.0
0.5129595652857555,0.5582147825092839,1.0,0.0
0.5191015977778131,0.5576071070993323,1.0,0.0
0.5252761391937408,0.557243482925321,1.0,0.0
0.5315131521932703,0.5570992821063243,1.0,0.0
0.5377653662717427,0.5571047716468991,1.0,0.0
0.5440219938997545,0.5574046919402166,1.0,0.0
0.5497326077411478,0.5566778416482523,1.0,0.0
0.5565024264941003,0.556726618770417,1.0,0.0
0.5626213769567309,0.5581625032050435,1.0,0.0
0.5681010573926196,0.5573664169626497,1.0,0.0
0.5739367448193388,0.5581896330431813,1.0,0.0
0.5808393855386471,0.5573388796948617,1.0,0.0
0.5872072794423042,0.5576185499840085,1.0,0.0
0.5928869199418558,0.557663652109143,1.0,0.0
0.598444255479597,0.5567033407068974,1.0,0.0
0.6049617995332935,0.5558788452634684,1.0,0.0
0.6561697449176506,0.5595427334886866,1.0,0.0
0.660663708275776,0.5562084202123084,1.0,0.0
0.6695724610362936,0.5574307272511427,1.0,0.0
0.1991883393164402,0.5664399659215088,1.0,0.0
0.2055083814883206,0.5648877685431564,1.0,0.0
0.21196174338887247,0.5641866461354565,1.0,0.0
0.21838170387894662,0.5639826615852537,1.0,0.0
0.22452702522762194,0.5642226011562247,1.0,0.0
0.2306952225789851,0.5643033344829133,1.0,0.0
0.23687509250501712,0.5643543511313267,1.0,0.0
0.24304564253828612,0.5644033473408994,1.0,0.0
0.24925515767709067,0.5643937670450394,1.0,0.0
0.25548532258447604,0.5643752682440284,1.0,0.0
0.2617413263388979,0.5643418108545998,1.0,0.0
0.2680112891743896,0.5643131742699198,1.0,0.0
0.2742836502708004,0.5642972177419256,1.0,0.0
0.2805477298249111,0.5642955864973659,1.0,0.0
0.2868001974917218,0.5642966348004544,1.0,0.0
0.29303930962230285,0.5642790152992605,1.0,0.0
0.29928329363445866,0.5642191951379933,1.0,0.0
0.305577257770618,0.5641239778202485,1.0,0.0
0.3119680402338095,0.5640430036433706,1.0,0.0
0.31828515820991,0.5678827966692738,1.0,0.0
0.4965247735233299,0.5646806684212753,1.0,0.0
0.5031338721827193,0.5647625364374439,1.0,0.0
0.509481398428226,0.5639304130509468,1.0,0.0
0.5158334238449684,0.5633041011063556,1.0,0.0
0.5221201755228592,0.5628541278985768,1.0,0.0
0.5283629423529531,0.5625517875376078,1.0,0.0
0.5346560039543387,0.5624702201238453,1.0,0.0
0.5409624598293196,0.5625427793140572,1.0,0.0
0.5473435615011574,0.5632318040305091,1.0,0.0
0.5527892084367451,0.5611502748680705,1.0,0.0
0.5587783498330493,0.5626783676747706,1.0,0.0
0.5778245031299688,0.5620031287428533,1.0,0.0
0.5847408184240414,0.5625092218097569,1.0,0.0
0.5913990813408602,0.5635147809348389,1.0,0.0
0.5974421431700775,0.5627661770955875,1.0,0.0
0.6029079946380652,0.560694906139606,1.0,0.0
0.6608853658724234,0.563350001068729,1.0,0.0
0.6649235853768297,0.5596758784105652,1.0,0.0
0.20381118718963828,0.5708115792124853,1.0,0.0
0.20949317259195938,0.5697079432738463,1.0,0.0
0.21566740101621465,0.5692566046604369,1.0,0.0
0.22155484143532372,0.5696993518271494,1.0,0.0
0.2276258627589971,0.5697864412738314,1.0,0.0
0.23376660461661164,0.5698349175147848,1.0,0.0
0.23988299989025236,0.5699165904005502,1.0,0.0
0.2460789537889598,0.5698867116314789,1.0,0.0
0.25230432593092383,0.5698588406745196,1.0,0.0
0.25857432192632185,0.5698053073824627,1.0,0.0
0.2648658844529954,0.5697620434330644,1.0,0.0
0.27116097717443566,0.569740906590393,1.0,0.0
0.2774411915456111,0.5697480428588415,1.0,0.0
0.28370007007114145,0.5697709411775455,1.0,0.0
0.2899202431548437,0.5698019215896216,1.0,0.0
0.2960726485126738,0.56980397726182,1.0,0.0
0.30212469570775646,0.569753303559841,1.0,0.0
0.3080108938353984,0.569705637904058,1.0,0.0
0.31339760531496663,0.5699702809138388,1.0,0.0
0.49201740445751896,0.5709617030009149,1.0,0.0
0.49911672802099066,0.5697998434700114,1.0,0.0
0.5061150400900769,0.5695231827661849,1.0,0.0
0.5126364849086629,0.5688833763482771,1.0,0.0
0.5189696406462255,0.5683902095044665,1.0,0.0
0.5252796816307296,0.568108607930887,1.0,0.0
0.5314469851207779,0.567867623498773,1.0,0.0
0.537635483844806,0.5678964845312078,1.0,0.0
0.5435867948119094,0.5681099270758415,1.0,0.0
0.5492607353209769,0.5697871415472121,1.0,0.0
0.5536707651369844,0.5664298096108189,1.0,0.0
0.5808127245097838,0.5666541122562836,1.0,0.0
0.587810471672606,0.5677221229090144,1.0,0.0
0.5926144847551937,0.571441371283891,1.0,0.0
0.5963584598376267,0.568324230649119,1.0,0.0
0.2078895237979863,0.5760454777862624,1.0,0.0
0.21307519290184423,0.574658690099715,1.0,0.0
0.2183914763406532,0.575280544453737,1.0,0.0
0.22436678158106546,0.5752886608314954,1.0,0.0
0.23055225864178358,0.5753034882220364,1.0,0.0
0.2366173255878762,0.5754611949824124,1.0,0.0
0.24282539773499717,0.5753882631202056,1.0,0.0
0.2490534244278449,0.575348887303307,1.0,0.0
0.25535467915737997,0.5752597191676735,1.0,0.0
0.2616850875643117,0.5751928290432645,1.0,0.0
0.26801793044285066,0.5751597916764075,1.0,0.0
0.2743283327257783,0.5751730711471056,1.0,0.0
0.28062254559449834,0.5752087864191654,1.0,0.0
0.286894180869548,0.5752717297209494,1.0,0.0
0.2931399022028493,0.5753478322746116,1.0,0.0
0.29934288075276205,0.5753799277012753,1.0,0.0
0.30555154867314943,0.5753400575065197,1.0,0.0
0.3118760631550255,0.5755313900312007,1.0,0.0
0.31820058367447845,0.5785472853879423,1.0,0.0
0.49909573386632716,0.5752018943344585,1.0,0.0
0.5043096067028003,0.5748920549726592,1.0,0.0
0.5103091683480018,0.574494926112926,1.0,0.0
0.5162575901599268,0.5740385602538488,1.0,0.0
0.5223297798725484,0.5735390027979714,1.0,0.0
0.5286300540166916,0.5734481434446176,1.0,0.0
0.5346973676894227,0.5732332864874026,1.0,0.0
0.540567436600088,0.5737098407148467,1.0,0.0
0.5457968901878529,0.5742776700584267,1.0,0.0
0.553813335282352,0.5747712030904294,1.0,0.0
0.5773078142520462,0.5741974885535942,1.0,0.0
0.5832749521199404,0.5713281281192827,1.0,0.0
0.5883191220424177,0.5743126323404658,1.0,0.0
0.21337749595281089,0.5804698634086168,1.0,0.0
0.22025354795353222,0.5805615221318007,1.0,0.0
0.22699600774766812,0.5805892199649076,1.0,0.0
0.23312549324471277,0.5810042862884746,1.0,0.0
0.23945461765740766,0.580873478212461,1.0,0.0
0.24570521686899596,0.5808452203713111,1.0,0.0
0.2520665416271352,0.5806949483838407,1.0,0.0
0.25846051179101703,0.5805938689947023,1.0,0.0
0.2648484644753683,0.5805463166762099,1.0,0.0
0.27118546757450906,0.5805706905489473,1.0,0.0
0.27749900577876,0.5806140949055326,1.0,0.0
0.283778294239822,0.580694725661232,1.0,0.0
0.2900198192974353,0.5808077116195947,1.0,0.0
0.2961638639942789,0.5809706739930955,1.0,0.0
0.3020592798434504,0.5810726797754098,1.0,0.0
0.30760453435128804,0.5810698773540665,1.0,0.0
0.3128123884992286,0.5812563957566247,1.0,0.0
0.5014113466437784,0.5809264071465192,1.0,0.0
0.5075680818951319,0.5801191544924624,1.0,0.0
0.5135953061340472,0.5799349501824813,1.0,0.0
0.5194648984009276,0.5792822891687087,1.0,0.0
0.5256138594823808,0.5786048076817157,1.0,0.0
0.5324351167073483,0.5786649323668417,1.0,0.0
0.5384167525116985,0.5788864442692102,1.0,0.0
0.5833498584857382,0.5770107463769539,1.0,0.0
0.2166965908125552,0.5854130662127583,1.0,0.0
0.22371801642487818,0.5854357979616351,1.0,0.0
0.22963676155842633,0.5865427295373756,1.0,0.0
0.23610674756087804,0.5862943960873072,1.0,0.0
0.2423152352295148,0.5863698413433339,1.0,0.0
0.24873602522227292,0.5861066011324663,1.0,0.0
0.2552057059781776,0.5859489873498024,1.0,0.0
0.2616723836608968,0.5858813039471874,1.0,0.0
0.26804393146696565,0.5859399726234847,1.0,0.0
0.2743879552161168,0.585989988440778,1.0,0.0
0.2807007284630795,0.5860815206750645,1.0,0.0
0.28702697957748985,0.5861873491227713,1.0,0.0
0.293376498511307,0.5863696749675242,1.0,0.0
0.2997070093271372,0.5866934508738775,1.0,0.0
0.3057378640585069,0.5869509686640526,1.0,0.0
0.3114281089327611,0.5869865320341505,1.0,0.0
0.49804704448135484,0.5872005282554418,1.0,0.0
0.5045763853473783,0.5855657746734446,1.0,0.0
0.51077969725141,0.5855756933104295,1.0,0.0
0.5168612068576917,0.5853918531252136,1.0,0.0
0.5226939221220867,0.584282312599357,1.0,0.0
0.5292390085948729,0.5829711076636948,1.0,0.0
0.2211086816601191,0.5899398981044847,1.0,0.0
0.22613923786480114,0.5921337855785767,1.0,0.0
0.23289264382618696,0.5916010747616137,1.0,0.0
0.23890193906553572,0.5919837568352269,1.0,0.0
0.24539766990532869,0.5915158516880971,1.0,0.0
0.2519345829531669,0.5912568599839702,1.0,0.0
0.25849180898213053,0.5911385176376943,1.0,0.0
0.2648890689682759,0.5912697105737333,1.0,0.0
0.27126192838204327,0.5913441115963246,1.0,0.0
0.27755503612878046,0.5914574235756203,1.0,0.0
0.2838791666681837,0.5915295615202448,1.0,0.0
0.29027615937179746,0.5916195435129634,1.0,0.0
0.2968356520831421,0.5918083176138962,1.0,0.0
0.3035908105614895,0.5923567072557006,1.0,0.0
0.3100367937318009,0.5927412746260562,1.0,0.0
0.31683411854705856,0.5888116954111874,1.0,0.0
0.4920302955478939,0.5918909196803739,1.0,0.0
0.5028848179113409,0.590920166799549,1.0,0.0
0.5082399891442596,0.591124896879264,1.0,0.0
0.5141836407893566,0.591115087885023,1.0,0.0
0.5203919143411228,0.5906882197642292,1.0,0.0
0.5262815717424248,0.5884661678957022,1.0,0.0
0.23003832725221313,0.5965396360203449,1.0,0.0
0.23552973658075704,0.5978571946044453,1.0,0.0
0.242089660784855,0.5969148247459747,1.0,0.0
0.24870644711295992,0.5965516048945955,1.0,0.0
0.25533783587577785,0.5963088887469076,1.0,0.0
0.2617104618499118,0.5965482041142353,1.0,0.0
0.2681390719720182,0.5966515425614337,1.0,0.0
0.2743917917491759,0.5968731772454908,1.0,0.0
0.280628382123094,0.596928950020411,1.0,0.0
0.2869280624132853,0.5969426963333175,1.0,0.0
0.29340323850379535,0.5968961696142692,1.0,0.0
0.3001554890702636,0.5969581027032235,1.0,0.0
0.3073865354788566,0.5978582782158353,1.0,0.0
0.3144505087616655,0.5986854789174452,1.0,0.0
0.4981503069291035,0.5936507786840071,1.0,0.0
0.5034888297049865,0.5968310439219858,1.0,0.0
0.509566606354708,0.5963985219422537,1.0,0.0
0.5162029701534596,0.596498144678453,1.0,0.0
0.23242003228099412,0.6047385432184333,1.0,0.0
0.23884046675414236,0.6023105543123065,1.0,0.0
0.24552000321959574,0.6017887705734998,1.0,0.0
0.25231406539299894,0.6014250409849461,1.0,0.0
0.2585063946832824,0.6018231581378374,1.0,0.0
0.2650083163650477,0.6018429579324346,1.0,0.0
0.2712386337691313,0.602284885695487,1.0,0.0
0.2773838923294026,0.6024634273773108,1.0,0.0
0.28343261502294975,0.6024487075721607,1.0,0.0
0.2896772730575929,0.6022783498974288,1.0,0.0
0.29600306342179594,0.6020975270032454,1.0,0.0
0.30229959310830873,0.602010486135541,1.0,0.0
0.30811459826225657,0.6036970197190207,1.0,0.0
0.5061086825901678,0.6022518807636686,1.0,0.0
0.5126152224958064,0.6010046786753587,1.0,0.0
0.511731708671728,0.6060132267170439,1.0,0.0
0.24216881960445583,0.6068760191656676,1.0,0.0
0.24934953047671227,0.6062550260573794,1.0,0.0
0.25533286638675545,0.6072731421168758,1.0,0.0
0.26186943254570466,0.6069075717668322,1.0,0.0
0.2680459284367129,0.607557184638548,1.0,0.0
0.2742729533758932,0.6079964580541991,1.0,0.0
0.28008201209921507,0.6082684739955396,1.0,0.0
0.286077291211884,0.6078384588992184,1.0,0.0
0.2923732064551201,0.6075850834835597,1.0,0.0
0.2985352074581665,0.6074611987453367,1.0,0.0
0.3039890454336349,0.6079086607828986,1.0,0.0
0.5000861010722909,0.6059596100310329,1.0,0.0
0.5066779200792929,0.6081594596859365,1.0,0.0
0.5132303302132044,0.6120832380983443,1.0,0.0
0.24225536751428278,0.6139809117330821,1.0,0.0
0.24659555036845995,0.6106090035353609,1.0,0.0
0.2590497045832198,0.6120349007128916,1.0,0.0
0.26478787393759834,0.6127677307113886,1.0,0.0
0.27120552122849484,0.6131348448615688,1.0,0.0
0.27694878441151877,0.6142707323258456,1.0,0.0
0.2828322381982093,0.6137618646425613,1.0,0.0
0.2891438932013354,0.6128790860806778,1.0,0.0
0.29602930183664977,0.6126491405246743,1.0,0.0
0.3023653530164203,0.6133723327050499,1.0,0.0
0.3086749079448111,0.6134570864592761,1.0,0.0
0.251970432764506,0.6126469903081515,1.0,0.0
0.2563129445704637,0.6162687408995305,1.0,0.0
0.2679217487877081,0.6179003625040458,1.0,0.0
0.27326168413536434,0.6197082233725354,1.0,0.0
0.2798305199700358,0.620026215006844,1.0,0.0
0.28615270427942235,0.6185328662153424,1.0,0.0
0.29286965611233085,0.6171866853485792,1.0,0.0
0.29984956099476795,0.6178923369142578,1.0,0.0
0.3055233911701275,0.6203455324413303,1.0,0.0
0.26193392093371676,0.618620509968146,1.0,0.0
0.27833777070724336,0.6272322890129227,1.0,0.0
0.28433230821864763,0.6244637073866623,1.0,0.0
0.29064802963322317,0.6224246932358283,1.0,0.0
0.2966403839409041,0.6218924303414333,1.0,0.0
0.2664948911885309,0.6232454923988167,1.0,0.0
0.2649960307889871,0.6378320377989152,1.0,0.0
0.020268284474760062,0.4956952964720821,1.0,0.0
0.01862457824025762,0.5013696760708134,1.0,0.0
0.762372018987161,0.462373063746256,2.0,1.0
0.7602055825043705,0.4582809059454298,2.0,1.0
0.759964867339616,0.453948032979849,2.0,1.0
0.7628534493166699,0.4498558751790227,2.0,1.0
0.7640570251404424,0.4541887481446035,2.0,1.0
0.7647791706347058,0.4585216211101843,2.0,1.0
0.762372018987161,0.462373063746256,2.0,0.0
0.7602055825043705,0.4582809059454298,2.0,0.0
0.759964867339616,0.453948032979849,2.0,0.0
0.7628534493166699,0.4498558751790227,2.0,0.0
0.7640570251404424,0.4541887481446035,2.0,0.0
0.7647791706347058,0.4585216211101843,2.0,0.0
0.7624407098444507,0.4567541867852813,2.0,0.0
