x,y,region,boundary_flag
0.0814439670965563,0.1753949811013332,1.0,1.0
0.0791972922255145,0.1742716436658123,1.0,1.0
0.0755063263659457,0.1750740275483273,1.0,1.0
0.0727782211653948,0.1733087830067943,1.0,1.0
0.070210592741347,0.1713830616887584,1.0,1.0
0.0684453481998141,0.1697782939237285,1.0,1.0
0.0671615339877902,0.1670501887231777,1.0,1.0
0.0661986733287722,0.1641616067461239,1.0,1.0
0.0653962894462573,0.1611125479925671,1.0,1.0
0.0642729520107363,0.1596682570040402,1.0,1.0
0.0604215093746646,0.1596682570040402,1.0,1.0
0.0570514970681018,0.1598287337805432,1.0,1.0
0.053681484761539,0.1604706408865551,1.0,1.0
0.052879100879024,0.1567475826101033,1.0,1.0
0.053521007985036,0.1516123257620076,1.0,1.0
0.053360531208533,0.1482423134554448,1.0,1.0
0.0551257757500659,0.14423039404287,1.0,1.0
0.0564095899620898,0.1400579978537923,1.0,1.0
0.0589772183861377,0.1366879855472295,1.0,1.0
0.0633100913517184,0.1354041713352056,1.0,1.0
0.0679639178703051,0.1354041713352056,1.0,1.0
0.0713339301768679,0.1352436945587026,1.0,1.0
0.0747039424834307,0.1347622642291936,1.0,1.0
0.0779134780134905,0.1341203571231816,1.0,1.0
0.0791972922255145,0.1315527286991338,1.0,1.0
0.0808020599905444,0.128503669945577,1.0,1.0
0.0832092116380892,0.1246522273095052,1.0,1.0
0.086579223944652,0.1254546111920201,1.0,1.0
0.0905911433572268,0.1264174718510381,1.0,1.0
0.0949240163228075,0.127861762839565,1.0,1.0
0.0976521215233583,0.1297874841576009,1.0,1.0
0.0994173660648913,0.1268989021805471,1.0,1.0
0.1013430873829271,0.1251336576390141,1.0,1.0
0.104071192583478,0.1244917505330022,1.0,1.0
0.1047130996894899,0.1217636453324514,1.0,1.0
0.102947855147957,0.1196132526094212,1.0,1.0
0.1003802267239092,0.1181689616208943,1.0,1.0
0.0976521215233583,0.1151199028673375,1.0,1.0
0.0949240163228075,0.1136756118788106,1.0,1.0
0.0904306665807238,0.1120708441137807,1.0,1.0
0.0851349329561251,0.1117498905607747,1.0,1.0
0.0804811064375384,0.1122313208902837,1.0,1.0
0.0774320476839816,0.1122313208902837,1.0,1.0
0.0737410818244127,0.1109475066782597,1.0,1.0
0.0711734534003649,0.1085403550307149,1.0,1.0
0.069568685635335,0.1050098659476491,1.0,1.0
0.070050115964844,0.1008374697585714,1.0,1.0
0.0663591501052752,0.0993931787700444,1.0,1.0
0.0665196268817782,0.0967613655122305,1.0,1.0
0.0650753358932513,0.0941937370881826,1.0,1.0
0.0620262771396945,0.0927494460996557,1.0,1.0
0.0609029397041736,0.0898608641226019,1.0,1.0
0.0592981719391437,0.0869722821455481,1.0,1.0
0.0564095899620898,0.0860094214865301,1.0,1.0
0.0519162402200061,0.0856884679335241,1.0,1.0
0.0482252743604373,0.0844046537215002,1.0,1.0
0.0450157388303775,0.0826394091799673,1.0,1.0
0.0410038194178027,0.0808741646384345,1.0,1.0
0.0398804819822818,0.0785311978246557,1.0,1.0
0.0390780980997669,0.0772473836126318,1.0,1.0
0.036670946452222,0.0762845229536139,1.0,1.0
0.0345847483576831,0.0756426158476018,1.0,1.0
0.0324985502631443,0.0745192784120809,1.0,1.0
0.0307333057216114,0.07339594097656,1.0,1.0
0.0294494915095874,0.0719516499880331,1.0,1.0
0.0272028166385456,0.0708283125525122,1.0,1.0
0.0246351882144977,0.0676187770224523,1.0,1.0
0.0230304204494678,0.0650511485984045,1.0,1.0
0.0217466062374439,0.0632859040568716,1.0,1.0
0.0190185010368931,0.0632859040568716,1.0,1.0
0.0167718261658512,0.0631254272803686,1.0,1.0
0.0138832441887974,0.0632859040568716,1.0,1.0
0.0114760925412525,0.0620020898448477,1.0,1.0
0.0095503712232166,0.0605577988563208,1.0,1.0
0.0069827427991688,0.0584716007617819,1.0,1.0
0.0052174982576359,0.056706356220249,1.0,1.0
0.0077851266816837,0.056866832996752,1.0,1.0
0.0091658972452991,0.0577955927760842,1.0,1.0
0.0102357424219857,0.0594360220470036,1.0,1.0
0.011091618563335,0.0608624822825858,1.0,1.0
0.0126607248224753,0.0620749734828306,1.0,1.0
0.014443800116953,0.061718358423935,1.0,1.0
0.0160842293878724,0.0611477743297022,1.0,1.0
0.0170827515527799,0.0593646990352245,1.0,1.0
0.0187945038354785,0.0569397166347349,1.0,1.0
0.0200783180475024,0.0545860572460244,1.0,1.0
0.0212194862359681,0.0530882739986631,1.0,1.0
0.0228028579681065,0.05220387561774,1.0,1.0
0.024443287239026,0.0504208003232624,1.0,1.0
0.0267256236159574,0.049493601170134,1.0,1.0
0.0290079599928888,0.049493601170134,1.0,1.0
0.0310050043227038,0.0502781542997042,1.0,1.0
0.0330733716642979,0.0516332915235072,1.0,1.0
0.0344285088881009,0.0527744597119729,1.0,1.0
0.0367108452650324,0.0537016588651013,1.0,1.0
0.0384225975477309,0.0543435659711133,1.0,1.0
0.0394924427244175,0.0552707651242417,1.0,1.0
0.0409902259717787,0.0552850262440285,1.0,1.0
0.0428446242780356,0.0553563492558076,1.0,1.0
0.044485053548955,0.0556416413029241,1.0,1.0
0.0454122527020834,0.0570681015385062,1.0,1.0
0.04648209787877,0.0586372077976466,1.0,1.0
0.0481938501614686,0.0594217609272167,1.0,1.0
0.0499769254559462,0.0589938228565421,1.0,1.0
0.0524019078564359,0.0587085308094257,1.0,1.0
0.0541849831509135,0.0587085308094257,1.0,1.0
0.0566812885631823,0.0586372077976466,1.0,1.0
0.0581790718105435,0.0580666237034137,1.0,1.0
0.0595342090343465,0.0581379467151928,1.0,1.0
0.0609606692699287,0.0583519157505302,1.0,1.0
0.0613172843288242,0.0596357299625541,1.0,1.0
0.0620305144466153,0.0611335132099153,1.0,1.0
0.063171682635081,0.0623460044101601,1.0,1.0
0.065182992437894,0.0628452654926139,1.0,1.0
0.0678932668855001,0.0632018805515094,1.0,1.0
0.0696763421799778,0.0634871725986258,1.0,1.0
0.0725292626511421,0.0640577566928587,1.0,1.0
0.0753108601105272,0.0645570177753124,1.0,1.0
0.0773079044403422,0.064913632834208,1.0,1.0
0.0795189178054945,0.0652702478931035,1.0,1.0
0.081872577194205,0.0645570177753124,1.0,1.0
0.0847254976653693,0.0637724646457423,1.0,1.0
0.087221803077638,0.0632018805515094,1.0,1.0
0.0897751682052934,0.0634301107066336,1.0,1.0
0.091486920487992,0.064999216965774,1.0,1.0
0.0937692568649234,0.0662830311777979,1.0,1.0
0.0959089472182966,0.06770949141338,1.0,1.0
0.0979773145598907,0.0691359516489622,1.0,1.0
0.1000456819014848,0.0690646286371831,1.0,1.0
0.1015434651488461,0.0684940445429502,1.0,1.0
0.1031125714079864,0.0689933056254039,1.0,1.0
0.1041110935728939,0.0702771198374279,1.0,1.0
0.1051809387495805,0.0714182880258936,1.0,1.0
0.1054662307966969,0.0725594562143593,1.0,1.0
0.1066073989851627,0.0719175491083473,1.0,1.0
0.1073919521147328,0.0704197658609861,1.0,1.0
0.1086757663267568,0.0701344738138697,1.0,1.0
0.1111007487272464,0.070348442849207,1.0,1.0
0.1137397001630733,0.0704910888727652,1.0,1.0
0.115522775457551,0.0707050579081025,1.0,1.0
0.1185183419522735,0.0708477039316607,1.0,1.0
0.120872001340984,0.0714896110376727,1.0,1.0
0.1230687535863494,0.071532411809878,1.0,1.0
0.1260643200810719,0.0719603498805527,1.0,1.0
0.1288459175404571,0.0728875490336811,1.0,1.0
0.130129731752481,0.0746706243281587,1.0,1.0
0.1311995769291676,0.0754551774577289,1.0,1.0
0.132768683188308,0.0748845933634961,1.0,1.0
0.1351223425770185,0.0747419473399378,1.0,1.0
0.1368340948597171,0.0751698854106125,1.0,1.0
0.139473046295544,0.0758117925166244,1.0,1.0
0.1413274446018008,0.0760970845637409,1.0,1.0
0.1437524270022904,0.0767389916697528,1.0,1.0
0.145464179284989,0.0772382527522066,1.0,1.0
0.1478891616854786,0.0780228058817767,1.0,1.0
0.1507420821566429,0.0786647129877887,1.0,1.0
0.1512413432390967,0.0820026160087752,1.0,1.0
0.152168542392225,0.0847842134681603,1.0,1.0
0.1530244185335743,0.0872805188804291,1.0,1.0
0.1533382328202645,0.0894630100060076,1.0,1.0
0.1534095558320436,0.0922446074653928,1.0,1.0
0.1533382328202645,0.0947409128776615,1.0,1.0
0.1540514629380556,0.0967379572074765,1.0,1.0
0.1541227859498347,0.1002327847846527,1.0,1.0
0.1541941089616138,0.1033709973029334,1.0,1.0
0.1540514629380556,0.1065092098212141,1.0,1.0
0.1539088169144974,0.109790068363053,1.0,1.0
0.1544794010087302,0.1117015285613021,1.0,1.0
0.1554779231736377,0.1139838649382335,1.0,1.0
0.1569043834092199,0.1156242942091529,1.0,1.0
0.1585448126801393,0.1167654623976186,1.0,1.0
0.1603992109863961,0.1174786925154097,1.0,1.0
0.161640233132637,0.1174073695036306,1.0,1.0
0.1639225695095684,0.1166941393858395,1.0,1.0
0.1655629987804879,0.1159809092680485,1.0,1.0
0.167631366122082,0.1152676791502574,1.0,1.0
0.1697710564754551,0.1145544490324663,1.0,1.0
0.1718394238170493,0.1145544490324663,1.0,1.0
0.1735511760997478,0.114340479997129,1.0,1.0
0.1754055744060046,0.1137698959028962,1.0,1.0
0.1775452647593777,0.1139838649382335,1.0,1.0
0.1803981852305421,0.1139838649382335,1.0,1.0
0.1826091985956944,0.1139838649382335,1.0,1.0
0.1853194730433005,0.1136985728911171,1.0,1.0
0.1887429776086976,0.1132706348204424,1.0,1.0
0.1903120838678379,0.1126287277144304,1.0,1.0
0.1917385441034201,0.1111309444670692,1.0,1.0
0.1937355884332351,0.109633161219708,1.0,1.0
0.1968024779397367,0.1090625771254751,1.0,1.0
0.1990420309573074,0.1084919930312423,1.0,1.0
0.2009677522753433,0.1082067009841258,1.0,1.0
0.2026795045580419,0.1077074399016721,1.0,1.0
0.204177287805403,0.1079214089370094,1.0,1.0
0.20681623924123,0.1084206700194631,1.0,1.0
0.2090272526063824,0.1082780239959049,1.0,1.0
0.2110242969361974,0.1077787629134512,1.0,1.0
0.212807372230675,0.1073508248427765,1.0,1.0
0.2149470625840483,0.1066375947249854,1.0,1.0
0.2178713060669916,0.1057103955718571,1.0,1.0
0.2201536424439231,0.1072795018309974,1.0,1.0
0.2227212708679709,0.1094191921843706,1.0,1.0
0.2252175762802396,0.1112022674788483,1.0,1.0
0.2267153595276009,0.1127000507262095,1.0,1.0
0.2287124038574158,0.1138412189146752,1.0,1.0
0.2302101871047771,0.1155529711973738,1.0,1.0
0.232135908422813,0.1168367854093977,1.0,1.0
0.2336336916701742,0.1181919226332008,1.0,1.0
0.2349888288939773,0.11904779877455,1.0,1.0
0.2372711652709087,0.1179779535978634,1.0,1.0
0.2392682096007237,0.1171220774565142,1.0,1.0
0.2413365769423178,0.1160522322798276,1.0,1.0
0.2430483292250164,0.1153390021620365,1.0,1.0
0.2446887584959358,0.1146257720442454,1.0,1.0
0.2464005107786344,0.1137698959028962,1.0,1.0
0.2484688781202285,0.1129140197615469,1.0,1.0
0.250822537508939,0.1119154975966394,1.0,1.0
0.253461488944766,0.1119154975966394,1.0,1.0
0.2566710244748258,0.1119154975966394,1.0,1.0
0.2597379139813274,0.1119868206084185,1.0,1.0
0.262876126499608,0.1121294666319767,1.0,1.0
0.2661569850414469,0.1125574047026513,1.0,1.0
0.2683109365146071,0.1128426967497677,1.0,1.0
0.2713778260211087,0.1127000507262095,1.0,1.0
0.2730895783038072,0.1118441745848603,1.0,1.0
0.2752292686571804,0.110346391337499,1.0,1.0
0.2774402820223327,0.1091339001372542,1.0,1.0
0.2804358485170553,0.1088486080901378,1.0,1.0
0.2834314150117777,0.1090625771254751,1.0,1.0
0.2859990434358255,0.1094191921843706,1.0,1.0
0.2879960877656405,0.1099184532668244,1.0,1.0
0.2905637161896883,0.1104177143492781,1.0,1.0
0.2933453136490735,0.1117015285613021,1.0,1.0
0.2958416190613423,0.1131993118086633,1.0,1.0
0.2985518935089483,0.1141265109617917,1.0,1.0
0.3011195219329962,0.114982387103141,1.0,1.0
0.3029025972274738,0.1154816481855947,1.0,1.0
0.3064687478164293,0.1152676791502574,1.0,1.0
0.3084372524938257,0.1154103251738156,1.0,1.0
0.3104342968236407,0.1154816481855947,1.0,1.0
0.3127166332005722,0.1152676791502574,1.0,1.0
0.3149276465657245,0.114982387103141,1.0,1.0
0.316568075836644,0.114982387103141,1.0,1.0
0.3181371820957843,0.1134846038557797,1.0,1.0
0.320633487508053,0.1120581436201976,1.0,1.0
0.3227018548496471,0.1111309444670692,1.0,1.0
0.3249841912265785,0.1099184532668244,1.0,1.0
0.3278371116977429,0.1087772850783587,1.0,1.0
0.3301907710864534,0.1075647938781138,1.0,1.0
0.3321164924044892,0.1071368558074392,1.0,1.0
0.334527213685192,0.1067802407485437,1.0,1.0
0.3369521960856815,0.1068515637603228,1.0,1.0
0.3390205634272757,0.1062809796660899,1.0,1.0
0.341231576792428,0.1048545194305078,1.0,1.0
0.3425867140162311,0.1031427671478092,1.0,1.0
0.3440844972635923,0.1022868910064599,1.0,1.0
0.3459388955698491,0.101003076794436,1.0,1.0
0.3470087407465357,0.0997192625824121,1.0,1.0
0.3488631390527925,0.0991486784881792,1.0,1.0
0.3511454754297239,0.0984354483703882,1.0,1.0
0.3531425197595388,0.0980075102997136,1.0,1.0
0.3554248561364703,0.0975082492172598,1.0,1.0
0.3563520552895987,0.0986494174057255,1.0,1.0
0.3574219004662853,0.0995052935470748,1.0,1.0
0.3592049757607629,0.0995052935470748,1.0,1.0
0.3609167280434615,0.0997905855941912,1.0,1.0
0.3626998033379391,0.100289846676645,1.0,1.0
0.3647681706795333,0.1005751387237614,1.0,1.0
0.3669078610329065,0.1008604307708778,1.0,1.0
0.3683343212684886,0.1018589529357853,1.0,1.0
0.3696181354805125,0.1033567361831465,1.0,1.0
0.3704740116218618,0.1048545194305078,1.0,1.0
0.3721287194254128,0.1049258424422869,1.0,1.0
0.3746250248376816,0.1042126123244958,1.0,1.0
0.3772639762735085,0.1037846742538212,1.0,1.0
0.3800455737328937,0.104283935336275,1.0,1.0
0.3831837862511744,0.1048545194305078,1.0,1.0
0.3845389234749775,0.1051398114776242,1.0,1.0
0.3873205209343626,0.1062809796660899,1.0,1.0
0.3901734414055269,0.1087059620665795,1.0,1.0
0.391599901641109,0.1108456524199528,1.0,1.0
0.3935256229591449,0.1134132808440006,1.0,1.0
0.3972344195716584,0.1141978339735708,1.0,1.0
0.3998733710074854,0.1148397410795828,1.0,1.0
0.4027262914786497,0.1153390021620365,1.0,1.0
0.4060071500204886,0.1144118030089081,1.0,1.0
0.4095733006094439,0.1160522322798276,1.0,1.0
0.4113563759039216,0.1169081084211769,1.0,1.0
0.4120268052495073,0.1150537101149201,1.0,1.0
0.413167973437973,0.1127000507262095,1.0,1.0
0.4158354471133738,0.1122007896437558,1.0,1.0
0.4184743985492007,0.1119868206084185,1.0,1.0
0.421327319020365,0.1114162365141856,1.0,1.0
0.4234670093737381,0.1114162365141856,1.0,1.0
0.4254640537035532,0.1114162365141856,1.0,1.0
0.4281743281511592,0.1115588825377438,1.0,1.0
0.4302426954927534,0.1114875595259647,1.0,1.0
0.4327390009050221,0.1102750683257199,1.0,1.0
0.4348073682466162,0.1093478691725915,1.0,1.0
0.4370897046235476,0.1079927319487885,1.0,1.0
0.4407985012360612,0.1065662717132063,1.0,1.0
0.4445072978485746,0.1051398114776242,1.0,1.0
0.4463046516756839,0.1057103955718571,1.0,1.0
0.4487296340761735,0.1057103955718571,1.0,1.0
0.450370063347093,0.106352302677869,1.0,1.0
0.4527237227358036,0.1066375947249854,1.0,1.0
0.4547207670656185,0.1074221478545556,1.0,1.0
0.4575736875367828,0.1079214089370094,1.0,1.0
0.459713377890156,0.1060384709783341,1.0,1.0
0.4609971921021799,0.1040414266485192,1.0,1.0
0.4618530682435292,0.1020443823187042,1.0,1.0
0.4632795284791113,0.099904691965331,1.0,1.0
0.4652765728089263,0.0976223555883996,1.0,1.0
0.4669170020798458,0.095268696199689,1.0,1.0
0.4687714003861026,0.0937709129523278,1.0,1.0
0.470411829657022,0.0922731297049665,1.0,1.0
0.4712677057983713,0.0889922711631277,1.0,1.0
0.4722662279632788,0.0856400896095096,1.0,1.0
0.4749765024108849,0.0844275984092648,1.0,1.0
0.4779720689056074,0.0836430452796946,1.0,1.0
0.4778294228820491,0.0802338192469291,1.0,1.0
0.4778294228820491,0.0779514828699976,1.0,1.0
0.4781147149291656,0.0749559163752751,1.0,1.0
0.4795411751647477,0.0734581331279139,1.0,1.0
0.4812529274474463,0.0713184427745407,1.0,1.0
0.4826080646712494,0.0691787524211675,1.0,1.0
0.4841058479186105,0.0685368453151556,1.0,1.0
0.4879858127942561,0.0686081683269346,1.0,1.0
0.4907674102536413,0.0686081683269346,1.0,1.0
0.4931923926541309,0.0669677390560152,1.0,1.0
0.4951894369839459,0.0656126018322122,1.0,1.0
0.4971864813137609,0.0651133407497584,1.0,1.0
0.4993974946789132,0.0646854026790838,1.0,1.0
0.5013945390087282,0.0641148185848509,1.0,1.0
0.5041048134563343,0.0636155575023972,1.0,1.0
0.5068150879039404,0.0630449734081643,1.0,1.0
0.5091687472926509,0.0625457123257105,1.0,1.0
0.5098819774104419,0.0611905751019075,1.0,1.0
0.5109518225871286,0.0601207299252209,1.0,1.0
0.5122356367991524,0.0583376546307432,1.0,1.0
0.5141613581171883,0.0569825174069402,1.0,1.0
0.5160870794352242,0.0559839952420327,1.0,1.0
0.5181839690163921,0.0550567960889043,1.0,1.0
0.5213221815346728,0.0538443048886595,1.0,1.0
0.5233192258644878,0.0527744597119729,1.0,1.0
0.5253875932060819,0.0518472605588445,1.0,1.0
0.5280265446419088,0.0507060923703788,1.0,1.0
0.5304515270423985,0.0500641852643669,1.0,1.0
0.5330904784782254,0.0498502162290295,1.0,1.0
0.5357294299140524,0.0498502162290295,1.0,1.0
0.5383683813498793,0.0498502162290295,1.0,1.0
0.5406507177268107,0.0498502162290295,1.0,1.0
0.5424337930212884,0.0489230170759011,1.0,1.0
0.5445021603628826,0.0479958179227728,1.0,1.0
0.5466418507162557,0.0472112647932026,1.0,1.0
0.5485675720342916,0.0462840656400742,1.0,1.0
0.5509925544347812,0.0455708355222831,1.0,1.0
0.55348885984705,0.0449289284162711,1.0,1.0
0.5564844263417724,0.0447149593809338,1.0,1.0
0.5592660238011576,0.044857605404492,1.0,1.0
0.5619049752369846,0.0447149593809338,1.0,1.0
0.5641159886021369,0.0447149593809338,1.0,1.0
0.5668262630497429,0.044144375286701,1.0,1.0
0.5697505065326863,0.0434881896480575,1.0,1.0
0.5726747500156297,0.0426323135067082,1.0,1.0
0.5750284094043402,0.04248966748315,1.0,1.0
0.5777386838519463,0.0420617294124754,1.0,1.0
0.5805916043231106,0.0420617294124754,1.0,1.0
0.5838011398531704,0.0420617294124754,1.0,1.0
0.5864400912889973,0.0421330524242544,1.0,1.0
0.5890077197130451,0.0422756984478126,1.0,1.0
0.590862118019302,0.0439874507305112,1.0,1.0
0.5940003305375826,0.0456278800014307,1.0,1.0
0.596924574020526,0.0464124331310009,1.0,1.0
0.5993495564210157,0.0471256632487919,1.0,1.0
0.6011326317154934,0.04648375614278,1.0,1.0
0.6037002601395413,0.0457705260249889,1.0,1.0
0.6060539195282517,0.0452712649425352,1.0,1.0
0.6081936098816249,0.04648375614278,1.0,1.0
0.6105900700425407,0.0486662472683585,1.0,1.0
0.6124444683487975,0.0513051987041855,1.0,1.0
0.6146554817139499,0.0530882739986631,1.0,1.0
0.6168664950791022,0.0562978095287229,1.0,1.0
0.6195054465149291,0.0602205751765738,1.0,1.0
0.622786305056768,0.0640720178126456,1.0,1.0
0.6250686414336994,0.0694212436960786,1.0,1.0
0.6295619911757833,0.0699918277903114,1.0,1.0
0.6312024204467027,0.0699918277903114,1.0,1.0
0.6318015267805093,0.0686224294467215,1.0,1.0
0.6331566640043124,0.0667680311404648,1.0,1.0
0.6350823853223482,0.068265814387826,1.0,1.0
0.6364375225461513,0.0699775666705246,1.0,1.0
0.6383632438641871,0.0716893189532231,1.0,1.0
0.6401463191586648,0.0718319649767813,1.0,1.0
0.6429279166180499,0.0723312260592351,1.0,1.0
0.6457095140774352,0.0727734252496966,1.0,1.0
0.6475639123836918,0.0728447482614757,1.0,1.0
0.6488477265957158,0.0751270846384071,1.0,1.0
0.6499175717724024,0.0768388369211057,1.0,1.0
0.650987416949089,0.0791211732980371,1.0,1.0
0.6523425541728921,0.0800483724511655,1.0,1.0
0.6541969524791488,0.0811752795198443,1.0,1.0
0.6561939968089638,0.0820311556611936,1.0,1.0
0.6580483951152205,0.0828870318025429,1.0,1.0
0.6595461783625819,0.0837429079438922,1.0,1.0
0.6608299925746057,0.0860965673326027,1.0,1.0
0.6624704218455252,0.0878083196153012,1.0,1.0
0.6643961431635611,0.0896627179215581,1.0,1.0
0.665608634363806,0.0913031471924775,1.0,1.0
0.6668924485758299,0.0926582844162805,1.0,1.0
0.6685328778467493,0.0928722534516179,1.0,1.0
0.6706725682001224,0.0925869614045014,1.0,1.0
0.672384320482821,0.0925869614045014,1.0,1.0
0.6741673957772988,0.0925869614045014,1.0,1.0
0.6763070861306719,0.0925156383927223,1.0,1.0
0.6787320685311616,0.0923729923691641,1.0,1.0
0.6811570509316512,0.0927296074280596,1.0,1.0
0.6815849890023258,0.0940847446518626,1.0,1.0
0.6820842500847796,0.0954398818756657,1.0,1.0
0.6829401262261289,0.0966523730759105,1.0,1.0
0.6852937856148394,0.0960104659698986,1.0,1.0
0.6880040600624455,0.0954398818756657,1.0,1.0
0.6891452282509111,0.0950832668167701,1.0,1.0
0.690999626557168,0.0942273906754209,1.0,1.0
0.6928540248634247,0.093014899475176,1.0,1.0
0.6939238700401114,0.0916597622513731,1.0,1.0
0.6955642993110308,0.0901619790040118,1.0,1.0
0.6969907595466129,0.088949487803767,1.0,1.0
0.6980606047232994,0.0874517045564057,1.0,1.0
0.6992730959235444,0.0861678903443818,1.0,1.0
0.7002002950766727,0.0845987840852415,1.0,1.0
0.701698078324034,0.0831723238496593,1.0,1.0
0.7038092812635227,0.0827158461265662,1.0,1.0
0.706662201734687,0.0824305540794498,1.0,1.0
0.7094437991940722,0.0821452620323334,1.0,1.0
0.7123680426770156,0.0817173239616587,1.0,1.0
0.7160768392895291,0.0812893858909841,1.0,1.0
0.7190010827724725,0.0807901248085303,1.0,1.0
0.7208554810787292,0.0806474787849721,1.0,1.0
0.7222106183025323,0.080576155773193,1.0,1.0
0.7250635387736967,0.0800768946907393,1.0,1.0
0.7282017512919773,0.0795063105965064,1.0,1.0
0.7301987956217922,0.0792923415611691,1.0,1.0
0.7328091899923561,0.0788644034904945,1.0,1.0
0.7342356502279382,0.0780798503609243,1.0,1.0
0.736090048534195,0.0775092662666914,1.0,1.0
0.7378731238286727,0.0767960361489004,1.0,1.0
0.7394422300878131,0.0780085273491452,1.0,1.0
0.7414392744176281,0.0790783725258318,1.0,1.0
0.7439355798298968,0.0802195407142975,1.0,1.0
0.7452907170536998,0.0812893858909841,1.0,1.0
0.747501730418852,0.0807901248085303,1.0,1.0
0.7496414207722254,0.0798629256554019,1.0,1.0
0.7509965579960284,0.0792923415611691,1.0,1.0
0.7531362483494015,0.0799199875473942,1.0,1.0
0.754134770514309,0.0809898327240808,1.0,1.0
0.7559178458087867,0.081774385853651,1.0,1.0
0.758128859173939,0.0815604168183136,1.0,1.0
0.7599832574801958,0.0815604168183136,1.0,1.0
0.7614097177157779,0.082487615971442,1.0,1.0
0.7624795628924645,0.0838427531952451,1.0,1.0
0.7636920540927093,0.0847699523483734,1.0,1.0
0.7646192532458377,0.0859111205368392,1.0,1.0
0.7662596825167571,0.0859111205368392,1.0,1.0
0.7680427578112349,0.0849125983719317,1.0,1.0
0.7693978950350379,0.0840567222305824,1.0,1.0
0.7710668813712206,0.0854831824661645,1.0,1.0
0.7724220185950235,0.0872662577606422,1.0,1.0
0.7734918637717101,0.0891919790786781,1.0,1.0
0.7744903859366176,0.0906897623260393,1.0,1.0
0.77670139930177,0.0913316694320513,1.0,1.0
0.7789837356787014,0.0919022535262841,1.0,1.0
0.7813373950674118,0.0923301915969588,1.0,1.0
0.7838337004796806,0.0923301915969588,1.0,1.0
0.7855454527623792,0.0924015146087379,1.0,1.0
0.7869719129979612,0.0916169614791677,1.0,1.0
0.7878277891393106,0.090475793290702,1.0,1.0
0.7889689573277763,0.0894059481140154,1.0,1.0
0.7898961564809047,0.088478748960887,1.0,1.0
0.7909660016575912,0.0870522887253049,1.0,1.0
0.7918218777989406,0.086481704631072,1.0,1.0
0.792749076952069,0.0872662577606422,1.0,1.0
0.7940328911640928,0.0881221339019915,1.0,1.0
0.7947461212818839,0.0890493330551199,1.0,1.0
0.7958872894703496,0.0899052091964691,1.0,1.0
0.7969571346470362,0.0911177003967139,1.0,1.0
0.7983835948826185,0.0914029924438304,1.0,1.0
0.8000953471653169,0.0914029924438304,1.0,1.0
0.802163714506911,0.0916882844909468,1.0,1.0
0.8045173738956215,0.0919735765380632,1.0,1.0
0.8058725111194246,0.0919735765380632,1.0,1.0
0.8072989713550067,0.091830930514505,1.0,1.0
0.8089394006259262,0.0912603464202721,1.0,1.0
0.8104371838732873,0.0907610853378184,1.0,1.0
0.8117923210970904,0.0902618242553647,1.0,1.0
0.8134327503680099,0.0896912401611318,1.0,1.0
0.8150018566271503,0.0890493330551199,1.0,1.0
0.8165709628862906,0.0884074259491079,1.0,1.0
0.818853299263222,0.0874089037842004,1.0,1.0
0.8212782816637118,0.0867669966781884,1.0,1.0
0.8229900339464103,0.0857684745132809,1.0,1.0
0.8249870782762252,0.0846273063248152,1.0,1.0
0.8266275075471448,0.084484660301257,1.0,1.0
0.8289098439240762,0.0851978904190481,1.0,1.0
0.8304076271714373,0.0856258284897227,1.0,1.0
0.8328326095719271,0.086481704631072,1.0,1.0
0.834900976913521,0.0870522887253049,1.0,1.0
0.8371833132904526,0.0872662577606422,1.0,1.0
0.8396510616374582,0.0866243506546302,1.0,1.0
0.8415767829554941,0.08583979752506,1.0,1.0
0.8433598582499716,0.0854118594543854,1.0,1.0
0.845570871615124,0.0852692134308272,1.0,1.0
0.8478532079920554,0.0856258284897227,1.0,1.0
0.8501355443689869,0.0867669966781884,1.0,1.0
0.8519186196634645,0.0876941958313168,1.0,1.0
0.8547002171228497,0.0887640410080034,1.0,1.0
0.8561266773584318,0.0893346251022363,1.0,1.0
0.8584090137353633,0.0901905012435856,1.0,1.0
0.8599781199945036,0.0911890234084931,1.0,1.0
0.8617611952889813,0.0916882844909468,1.0,1.0
0.8635442705834588,0.0915456384673886,1.0,1.0
0.8650420538308202,0.0901905012435856,1.0,1.0
0.8661118990075067,0.0893346251022363,1.0,1.0
0.8675383592430889,0.0882647799255497,1.0,1.0
0.869606726584683,0.087836841854875,1.0,1.0
0.87224567802051,0.0875515498077586,1.0,1.0
0.8739574303032085,0.0877655188430959,1.0,1.0
0.8765250587272564,0.0889780100433407,1.0,1.0
0.8780941649863967,0.0899052091964691,1.0,1.0
0.879591948233758,0.0909750543731557,1.0,1.0
0.8818029615989103,0.0919022535262841,1.0,1.0
0.883657359905167,0.0927581296676334,1.0,1.0
0.8866529263998895,0.0930434217147498,1.0,1.0
0.8885786477179255,0.0936140058089827,1.0,1.0
0.8904330460241822,0.0946553287460955,1.0,1.0
0.8920734752951016,0.0964384040405732,1.0,1.0
0.8939991966131375,0.0977222182525971,1.0,1.0
0.8953115678904247,0.099262784859319,1.0,1.0
0.8970946431849022,0.1005465990713429,1.0,1.0
0.8990916875147172,0.1018304132833669,1.0,1.0
0.9013027008798696,0.1030429044836117,1.0,1.0
0.9027291611154517,0.1036134885778445,1.0,1.0
0.9052254665277204,0.1045406877309729,1.0,1.0
0.9070798648339772,0.1053252408605431,1.0,1.0
0.909005586152013,0.1063950860372297,1.0,1.0
0.9113592455407236,0.1076789002492536,1.0,1.0
0.9135559803732444,0.1091766834966149,1.0,1.0
0.9156243477148384,0.110603143732197,1.0,1.0
0.918049330115328,0.1118156349324418,1.0,1.0
0.9196897593862476,0.1131707721562449,1.0,1.0
0.9218294497396208,0.114597232391827,1.0,1.0
0.9240404631047732,0.1160950156391882,1.0,1.0
0.9261801534581464,0.1178067679218868,1.0,1.0
0.9291043969410896,0.1190905821339107,1.0,1.0
0.9314865437436846,0.1206739669256826,1.0,1.0
0.9341968181912906,0.1206026439139035,1.0,1.0
0.9361938625211056,0.1213158740316946,1.0,1.0
0.9382622298626998,0.1228849802908349,1.0,1.0
0.9406158892514104,0.1250959936559873,1.0,1.0
0.9432548406872372,0.1272356840093605,1.0,1.0
0.9459651151348432,0.1293753743627337,1.0,1.0
0.9480334824764374,0.1315007948898977,1.0,1.0
0.9504584648769272,0.1334265162079335,1.0,1.0
0.953097416312754,0.1357801755966441,1.0,1.0
0.9556650447368018,0.1381338349853546,1.0,1.0
0.9580900271372916,0.1399882332916114,1.0,1.0
0.9602297174906648,0.1419852776214263,1.0,1.0
0.9622267618204796,0.1439109989394622,1.0,1.0
0.9640811601267364,0.1455514282103817,1.0,1.0
0.965864235421214,0.1471918574813011,1.0,1.0
0.9680039257745874,0.1486183177168833,1.0,1.0
0.9700722931161814,0.1511859461409311,1.0,1.0
0.972497275516671,0.1533256364943044,1.0,1.0
0.9750649039407188,0.1551800348005611,1.0,1.0
0.9769906252587548,0.1568917870832597,1.0,1.0
0.97898766958857,0.1586748623777374,1.0,1.0
0.981056036930164,0.1602439686368777,1.0,1.0
0.9828106248107572,0.161741751884239,1.0,1.0
0.984736346128793,0.1638814422376122,1.0,1.0
0.986733390458608,0.1655931945203107,1.0,1.0
0.9884451427413066,0.1675189158383466,1.0,1.0
0.9898716029768888,0.1694446371563825,1.0,1.0
0.99215393935382,0.1710137434155229,1.0,1.0
0.9910840941771336,0.1747082789082495,1.0,1.0
0.9897289569533304,0.178345752508984,1.0,1.0
0.9884451427413066,0.1816979340626019,1.0,1.0
0.986091483352596,0.1846221775455454,1.0,1.0
0.9832385628814316,0.1871898059695932,1.0,1.0
0.980742257469163,0.1881883281345007,1.0,1.0
0.9770334608566494,0.1882596511462798,1.0,1.0
0.9740378943619268,0.1881883281345007,1.0,1.0
0.9704717437729716,0.1881170051227216,1.0,1.0
0.9675759877039126,0.189086996341633,1.0,1.0
0.965151005303423,0.1900141954947614,1.0,1.0
0.962369407844038,0.1907274256125525,1.0,1.0
0.960372363514223,0.1915119787421226,1.0,1.0
0.957733412078396,0.1920825628363555,1.0,1.0
0.9553797526896854,0.1928671159659256,1.0,1.0
0.9525268322185212,0.1935803460837167,1.0,1.0
0.9512430180064972,0.1955060674017526,1.0,1.0
0.9503158188533688,0.1975744347433467,1.0,1.0
0.9493886197002402,0.1993575100378244,1.0,1.0
0.9486040665706702,0.2015685234029767,1.0,1.0
0.9472489293468672,0.2036368907445708,1.0,1.0
0.945751146099506,0.2040648288152454,1.0,1.0
0.9435401327343536,0.2032802756856753,1.0,1.0
0.9409725043103058,0.2027096915914424,1.0,1.0
0.9386188449215952,0.2019964614736513,1.0,1.0
0.9362651855328848,0.2025670455678842,1.0,1.0
0.9341254951795116,0.2027810146032215,1.0,1.0
0.932413742896813,0.2032802756856753,1.0,1.0
0.9301314065198816,0.203779536768129,1.0,1.0
0.9287049462842994,0.2038508597799081,1.0,1.0
0.926993194001601,0.2032089526738961,1.0,1.0
0.9248535036482276,0.2023530765325468,1.0,1.0
0.9236410124479828,0.2016398464147558,1.0,1.0
0.9218579371535052,0.2009979393087438,1.0,1.0
0.9199322158354692,0.2007126472616274,1.0,1.0
0.9192903087294574,0.1995714790731617,1.0,1.0
0.9178638484938751,0.1981450188375796,1.0,1.0
0.9167940033171886,0.1965045895666601,1.0,1.0
0.9156528351287228,0.1962906205313228,1.0,1.0
0.9141550518813616,0.1967898816137765,1.0,1.0
0.9125859456222212,0.1971464966726721,1.0,1.0
0.9105889012924062,0.1977170807669049,1.0,1.0
0.9082352419036958,0.198430310884696,1.0,1.0
0.9061668745621018,0.1992861870260453,1.0,1.0
0.9042839888419604,0.199913824305848,1.0,1.0
0.902572236559262,0.1995572092469525,1.0,1.0
0.900004608135214,0.1987726561173823,1.0,1.0
0.8985068248878528,0.1978454569642539,1.0,1.0
0.8963671345344796,0.1972035498582419,1.0,1.0
0.894013475145769,0.1964903197404509,1.0,1.0
0.8922303998512915,0.195919735646218,1.0,1.0
0.8908752626274884,0.1944932754106359,1.0,1.0
0.8895201254036854,0.1934234302339493,1.0,1.0
0.8883076342034406,0.1917830009630298,1.0,1.0
0.887380435050312,0.1908558018099014,1.0,1.0
0.8858113287911717,0.1908558018099014,1.0,1.0
0.8841708995202523,0.1907844787981223,1.0,1.0
0.8823165012139956,0.1907844787981223,1.0,1.0
0.8808187179666342,0.1909271248216805,1.0,1.0
0.8790356426721567,0.1909984478334596,1.0,1.0
0.8771812443658998,0.1910697708452387,1.0,1.0
0.8761827222009924,0.1909984478334596,1.0,1.0
0.875255523047864,0.1903565407274477,1.0,1.0
0.8742570008829564,0.1892866955507611,1.0,1.0
0.8731871557062698,0.1880742043505163,1.0,1.0
0.8716893724589087,0.1871470051973879,1.0,1.0
0.8707621733057803,0.185934513997143,1.0,1.0
0.8697636511408728,0.1850786378557938,1.0,1.0
0.8688364519877444,0.1836521776202116,1.0,1.0
0.867267345728604,0.1825110094317459,1.0,1.0
0.8661261775401383,0.1813698412432802,1.0,1.0
0.8638438411632069,0.1810845491961638,1.0,1.0
0.8614901817744964,0.1809419031726056,1.0,1.0
0.859992398527135,0.1810132261843847,1.0,1.0
0.8595787389890921,0.1795011818172366,1.0,1.0
0.8586515398359638,0.1777181065227589,1.0,1.0
0.857581694659277,0.1765769383342932,1.0,1.0
0.8555846503294621,0.175792385204723,1.0,1.0
0.8529456988936351,0.1748651860515946,1.0,1.0
0.8517332076933903,0.1742232789455826,1.0,1.0
0.8501069873037237,0.1725828496746632,1.0,1.0
0.8492511111623745,0.1709424204037437,1.0,1.0
0.8473253898443386,0.1689453760739287,1.0,1.0
0.8458989296087565,0.1674475928265675,1.0,1.0
0.8448290844320698,0.1665203936734391,1.0,1.0
0.8434739472082667,0.1657358405438689,1.0,1.0
0.8424041020315802,0.1648799644025197,1.0,1.0
0.8409776417959981,0.1638814422376122,1.0,1.0
0.8396938275839742,0.1626689510373673,1.0,1.0
0.8372688451834844,0.1623836589902509,1.0,1.0
0.834273278688762,0.1623836589902509,1.0,1.0
0.8328753755184429,0.1615563137948977,1.0,1.0
0.8316628843181982,0.1603438225946529,1.0,1.0
0.8303077470943951,0.1592739774179663,1.0,1.0
0.8292379019177085,0.157704871158826,1.0,1.0
0.8275974726467891,0.1567063489939185,1.0,1.0
0.8262423354229861,0.1552085657465572,1.0,1.0
0.8252438132580785,0.1542100435816497,1.0,1.0
0.8233180919400427,0.1527835833460676,1.0,1.0
0.8213923706220068,0.1512858000987063,1.0,1.0
0.8197519413510873,0.1508578620280317,1.0,1.0
0.8177548970212724,0.1505012469691362,1.0,1.0
0.8153299146207827,0.1505012469691362,1.0,1.0
0.8139747773969797,0.1505012469691362,1.0,1.0
0.8117637640318274,0.1506438929926944,1.0,1.0
0.8106939188551407,0.1508578620280317,1.0,1.0
0.8084829054899885,0.1510005080515899,1.0,1.0
0.8070564452544063,0.1519277072047183,1.0,1.0
0.806200569113057,0.1540673975580915,1.0,1.0
0.806200569113057,0.1556365038172319,1.0,1.0
0.8049167549010332,0.1574909021234886,1.0,1.0
0.8032050026183346,0.1594879464533036,1.0,1.0
0.8021066003763848,0.1602011765710947,1.0,1.0
0.8006088171290235,0.1608430836771067,1.0,1.0
0.7991823568934414,0.1619129288537933,1.0,1.0
0.7973279585871846,0.1616276368066769,1.0,1.0
0.7954022372691488,0.1615563137948977,1.0,1.0
0.7940471000453457,0.160415145606432,1.0,1.0
0.79290593185688,0.1587747163355126,1.0,1.0
0.791550794633077,0.157704871158826,1.0,1.0
0.7903383034328322,0.1588460393472917,1.0,1.0
0.789482427291483,0.1605577916299902,1.0,1.0
0.788840520185471,0.1614136677713395,1.0,1.0
0.7880559670559008,0.1624835129480261,1.0,1.0
0.7869861218792141,0.1635533581247127,1.0,1.0
0.7860589227260858,0.1653364334191904,1.0,1.0
0.784846431525841,0.1673334777490054,1.0,1.0
0.7832060022549215,0.1691878760552622,1.0,1.0
0.7813088380021488,0.1696158141259368,1.0,1.0
0.7793831166841129,0.1696871371377159,1.0,1.0
0.7782419484956471,0.169758460149495,1.0,1.0
0.7771007803071814,0.1698297831612741,1.0,1.0
0.7762449041658321,0.1687599379845875,1.0,1.0
0.7745331518831335,0.1682606769021338,1.0,1.0
0.7733919836946679,0.1673334777490054,1.0,1.0
0.7725361075533186,0.1668342166665516,1.0,1.0
0.7701824481646081,0.1676187697961218,1.0,1.0
0.7682567268465721,0.16776141581968,1.0,1.0
0.764761899269396,0.1682606769021338,1.0,1.0
0.7624795628924645,0.1686172919610293,1.0,1.0
0.7592700273624048,0.169116553043483,1.0,1.0
0.7577722441150435,0.1701150752083906,1.0,1.0
0.7555612307498912,0.1696158141259368,1.0,1.0
0.7537068324436343,0.1683319999139129,1.0,1.0
0.7526369872669478,0.1672621547372263,1.0,1.0
0.7506399429371329,0.166406278595877,1.0,1.0
0.7487569875656129,0.1669768626901099,1.0,1.0
0.7462606821533442,0.1674048007607845,1.0,1.0
0.7436930537292963,0.1681893538903547,1.0,1.0
0.7409114562699111,0.1685459689492502,1.0,1.0
0.738129858810526,0.1691878760552622,1.0,1.0
0.7352056153275827,0.1702577212319488,1.0,1.0
0.7322100488328601,0.1699724291848323,1.0,1.0
0.729499774385254,0.1699011061730532,1.0,1.0
0.7263615618669733,0.1693305220788204,1.0,1.0
0.7243645175371585,0.1695444911141577,1.0,1.0
0.7225101192309016,0.1687599379845875,1.0,1.0
0.7191579376772835,0.1689739070199248,1.0,1.0
0.7152351720294327,0.1694731681023786,1.0,1.0
0.7124535745700475,0.1696158141259368,1.0,1.0
0.7100285921695579,0.1701863982201697,1.0,1.0
0.7074609637455102,0.1701863982201697,1.0,1.0
0.7039661361683338,0.1704716902672861,1.0,1.0
0.7016124767796232,0.1705430132790652,1.0,1.0
0.6985028213266057,0.172397411585322,1.0,1.0
0.6963631309732325,0.1733959337502295,1.0,1.0
0.6912278741251368,0.1734672567620086,1.0,1.0
0.6869484934183904,0.1734672567620086,1.0,1.0
0.6843095419825634,0.1728966726677757,1.0,1.0
0.6808147144053872,0.1728966726677757,1.0,1.0
0.6779617939342228,0.1720407965264265,1.0,1.0
0.6770345947810945,0.1708996283379607,1.0,1.0
0.6743956433452676,0.1727540266442175,1.0,1.0
0.67261256805079,0.1742518098915787,1.0,1.0
0.670686846732754,0.1756782701271609,1.0,1.0
0.6691177404736137,0.1766054692802893,1.0,1.0
0.6675486342144733,0.1778179604805341,1.0,1.0
0.6662648200024495,0.1783172215629879,1.0,1.0
0.6641251296490762,0.1784598675865461,1.0,1.0
0.6615575012250283,0.1787451596336625,1.0,1.0
0.6594605768181712,0.1779606065040923,1.0,1.0
0.6572495634530188,0.1770334073509639,1.0,1.0
0.6554664881585411,0.1758922391624982,1.0,1.0
0.6534694438287262,0.1764628232567311,1.0,1.0
0.6517576915460276,0.1770334073509639,1.0,1.0
0.6497606472162126,0.1771760533745221,1.0,1.0
0.6477636028863977,0.1773900224098594,1.0,1.0
0.6454812665094662,0.1776039914451968,1.0,1.0
0.6436981912149885,0.1780319295158714,1.0,1.0
0.6416298238733945,0.1776753144569759,1.0,1.0
0.6382776423197765,0.1740378408562414,1.0,1.0
0.6358526599192867,0.1716128584557518,1.0,1.0
0.6321866640789785,0.1718981505028682,1.0,1.0
0.6298330046902682,0.1723260885735429,1.0,1.0
0.6271227302426621,0.1714702124321936,1.0,1.0
0.6244124557950559,0.170400367255507,1.0,1.0
0.620418367135426,0.1707569823144025,1.0,1.0
0.6157110483580048,0.1713275664086354,1.0,1.0
0.6119309287337122,0.1718981505028682,1.0,1.0
0.6105044684981301,0.1720407965264265,1.0,1.0
0.6092206542861062,0.1703290442437279,1.0,1.0
0.606439056826721,0.1713988894204145,1.0,1.0
0.6031867553501452,0.1725400576088802,1.0,1.0
0.6004764809025391,0.1732532877266712,1.0,1.0
0.5988360516316197,0.173752548809125,1.0,1.0
0.5949132859837688,0.1723260885735429,1.0,1.0
0.5922030115361627,0.1716128584557518,1.0,1.0
0.5880662768529745,0.1698297831612741,1.0,1.0
0.5855699714407058,0.1696158141259368,1.0,1.0
0.5830736660284371,0.1701863982201697,1.0,1.0
0.5798641304983773,0.1706856593026234,1.0,1.0
0.5774391480978877,0.171042274361519,1.0,1.0
0.5748715196738398,0.1702577212319488,1.0,1.0
0.5720185992026755,0.1694731681023786,1.0,1.0
0.5692370017432903,0.1671908317254472,1.0,1.0
0.5675822939397394,0.1682321459561377,1.0,1.0
0.5647293734685751,0.1693733141446034,1.0,1.0
0.5627323291387601,0.1700152212506153,1.0,1.0
0.5601647007147122,0.1708710973919646,1.0,1.0
0.5590235325262465,0.1722975576275467,1.0,1.0
0.557311780243548,0.1734387258160125,1.0,1.0
0.5563132580786404,0.1762203232753976,1.0,1.0
0.5556000279608494,0.1790732437465619,1.0,1.0
0.5550294438666166,0.1813555801234933,1.0,1.0
0.5538882756781508,0.1836379165004248,1.0,1.0
0.5510353552069865,0.1849217307124487,1.0,1.0
0.5486103728064969,0.1862055449244726,1.0,1.0
0.547326558594473,0.1877033281718338,1.0,1.0
0.5463280364295655,0.1899856645487652,1.0,1.0
0.5456861293235535,0.1919827088785802,1.0,1.0
0.5447589301704251,0.1949069523615236,1.0,1.0
0.5432468683904323,0.1974745807855715,1.0,1.0
0.5418917311666294,0.1989723640329327,1.0,1.0
0.5401086558721516,0.2000422092096193,1.0,1.0
0.5382542575658948,0.199828240174282,1.0,1.0
0.5360432442007426,0.1996855941507238,1.0,1.0
0.5342601689062649,0.2001848552331775,1.0,1.0
0.5325484166235663,0.2014686694452014,1.0,1.0
0.5307653413290886,0.2023958685983299,1.0,1.0
0.5289109430228319,0.2031090987161209,1.0,1.0
0.526985221704796,0.2026098376336672,1.0,1.0
0.5252021464103184,0.2015399924569806,1.0,1.0
0.5230624560569451,0.201183377398085,1.0,1.0
0.5200241236157067,0.2075596563924216,1.0,1.0
0.5163866500149722,0.2156191567234607,1.0,1.0
0.5144609286969363,0.2206117675479982,1.0,1.0
0.5106380083004384,0.22380703760506,1.0,1.0
0.5063586275936919,0.2272305421704571,1.0,1.0
0.5012233707455962,0.2275158342175735,1.0,1.0
0.4966586979917334,0.2275158342175735,1.0,1.0
0.4935204854734527,0.2275158342175735,1.0,1.0
0.4892125825271325,0.2302974316769586,1.0,1.0
0.4856464319381771,0.2320091839596572,1.0,1.0
0.4835067415848039,0.2335782902187976,1.0,1.0
0.4805111750900815,0.2355753345486126,1.0,1.0
0.4776582546189172,0.2367878257488574,1.0,1.0
0.4742347500535199,0.2375723788784275,1.0,1.0
0.4712391835587976,0.2382142859844395,1.0,1.0
0.4676730329698421,0.2388561930904515,1.0,1.0
0.4647487894868988,0.2396407462200217,1.0,1.0
0.4603267627565943,0.2406392683849292,1.0,1.0
0.4584010414385583,0.239212808149347,1.0,1.0
0.456831935179418,0.2377150249019858,1.0,1.0
0.4544069527789283,0.2379289939373231,1.0,1.0
0.452195939413776,0.2384282550197768,1.0,1.0
0.4499849260486237,0.237857670925544,1.0,1.0
0.446846713530343,0.2367165027370783,1.0,1.0
0.4434517312045197,0.2350047504543797,1.0,1.0
0.4408127797686927,0.2335782902187976,1.0,1.0
0.4377458902621911,0.232508445042111,1.0,1.0
0.435035615814585,0.2306683122088522,1.0,1.0
0.4338944476261193,0.2286712678790373,1.0,1.0
0.4313981422138505,0.2263889315021059,1.0,1.0
0.4308275581196178,0.2236073340427207,1.0,1.0
0.4296150669193729,0.2207544135715564,1.0,1.0
0.42904448282514,0.2175448780414966,1.0,1.0
0.4272614075306624,0.215119895641007,1.0,1.0
0.4235098101459436,0.2141213734760995,1.0,1.0
0.4192304294391972,0.2137647584172039,1.0,1.0
0.4142378186146597,0.213122851311192,1.0,1.0
0.4098871148961341,0.2126949132405174,1.0,1.0
0.4061783182836205,0.2124096211934009,1.0,1.0
0.4023981986593279,0.2129802052876337,1.0,1.0
0.3986894020468144,0.2152625416645652,1.0,1.0
0.3960504506109874,0.2172595859943802,1.0,1.0
0.391771069904241,0.2183294311710668,1.0,1.0
0.3875630122092737,0.2187573692417414,1.0,1.0
0.3838542155967602,0.2187573692417414,1.0,1.0
0.3816289236989763,0.2181867851475085,1.0,1.0
0.3786333572042538,0.2172595859943802,1.0,1.0
0.3756377907095313,0.2161184178059144,1.0,1.0
0.3722142861441341,0.2146206345585532,1.0,1.0
0.3695753347083072,0.2136934354054248,1.0,1.0
0.3670790292960385,0.2129088822758547,1.0,1.0
0.3650819849662234,0.2114110990284934,1.0,1.0
0.3630136176246294,0.2099846387929113,1.0,1.0
0.3605173122123606,0.2078449484395381,1.0,1.0
0.3589482059532203,0.2054912890508275,1.0,1.0
0.3579496837883128,0.2026383685796633,1.0,1.0
0.3550967633171485,0.2041361518270245,1.0,1.0
0.3522438428459842,0.2049920279683738,1.0,1.0
0.3503181215279484,0.2037082137563499,1.0,1.0
0.348107108162796,0.2052773200154903,1.0,1.0
0.3462527098565393,0.2069177492864097,1.0,1.0
0.3439703734796078,0.2083442095219918,1.0,1.0
0.3417879171797186,0.2073314218840863,1.0,1.0
0.3391489657438917,0.2056909926131668,1.0,1.0
0.3368666293669602,0.2044071784011429,1.0,1.0
0.3338710628722378,0.2027667491302235,1.0,1.0
0.3321593105895393,0.2013402888946413,1.0,1.0
0.3283934346721888,0.2015542579299786,1.0,1.0
0.3258258062481409,0.2019821960006532,1.0,1.0
0.3221170096356274,0.2021961650359906,1.0,1.0
0.3204052573529288,0.1997711826355009,1.0,1.0
0.3180230757246445,0.2001991207061756,1.0,1.0
0.315669416335934,0.200484412753292,1.0,1.0
0.3139576640532354,0.2014829349181995,1.0,1.0
0.311675327676304,0.200484412753292,1.0,1.0
0.3086797611815815,0.1996285366119427,1.0,1.0
0.3054702256515217,0.1986300144470353,1.0,1.0
0.3034018583099276,0.1979167843292442,1.0,1.0
0.3002636457916469,0.1997711826355009,1.0,1.0
0.2973394023087036,0.2010549968475249,1.0,1.0
0.292917375578399,0.2010549968475249,1.0,1.0
0.287639472706745,0.2013402888946413,1.0,1.0
0.2843586141649061,0.2012689658828622,1.0,1.0
0.2794373263521477,0.2010549968475249,1.0,1.0
0.2765130828692043,0.2010549968475249,1.0,1.0
0.2733035473391446,0.2012689658828622,1.0,1.0
0.2700940118090847,0.2013402888946413,1.0,1.0
0.2659144763536912,0.2014116119064204,1.0,1.0
0.261777741670503,0.2013402888946413,1.0,1.0
0.2575696839755357,0.201126319859304,1.0,1.0
0.2542175024219177,0.2026954261184443,1.0,1.0
0.2510079668918579,0.2052630545424922,1.0,1.0
0.2484974003598022,0.20783068296654,1.0,1.0
0.2457871259121962,0.2098990503081341,1.0,1.0
0.2437187585706021,0.2121100636732864,1.0,1.0
0.2407945150876587,0.2121813866850656,1.0,1.0
0.2385121787107273,0.2122527096968446,1.0,1.0
0.2356592582395629,0.212466678732182,1.0,1.0
0.2322357536741659,0.2108975724730416,1.0,1.0
0.2293115101912225,0.2096850812727968,1.0,1.0
0.2259593286376045,0.2082586210372146,1.0,1.0
0.2240336073195685,0.2072600988723072,1.0,1.0
0.2222505320250909,0.2057623156249459,1.0,1.0
0.2195402575774848,0.2029093951537816,1.0,1.0
0.2130498635055862,0.2029093951537816,1.0,1.0
0.2089701907143902,0.2013973464334224,1.0,1.0
0.2064025622903423,0.2000422092096193,1.0,1.0
0.2037636108545154,0.1988297180093745,1.0,1.0
0.2008393673715719,0.1979025188562461,1.0,1.0
0.1983430619593033,0.1966900276560013,1.0,1.0
0.1964173406412674,0.1947643063379654,1.0,1.0
0.1939923582407778,0.1929812310434877,1.0,1.0
0.1929938360758702,0.1919113858668011,1.0,1.0
0.1907828227107179,0.1902709565958817,1.0,1.0
0.1909254687342761,0.1870614210658219,1.0,1.0
0.1904262076518224,0.1862055449244726,1.0,1.0
0.1918526678874045,0.184493792641774,1.0,1.0
0.1927798670405329,0.1832099784297501,1.0,1.0
0.1933504511347658,0.181783518194168,1.0,1.0
0.1924945749934165,0.1801430889232485,1.0,1.0
0.1918526678874045,0.1783600136287708,1.0,1.0
0.1896416545222522,0.1775041374874215,1.0,1.0
0.1877872562159954,0.1766482613460723,1.0,1.0
0.1880725482631119,0.1747225400280364,1.0,1.0
0.1872166721217626,0.1737240178631289,1.0,1.0
0.1833224287134854,0.1725400576088802,1.0,1.0
0.1791856940302973,0.1708283053261816,1.0,1.0
0.1771886497004823,0.1687599379845875,1.0,1.0
0.1754055744060046,0.1659070175134233,1.0,1.0
0.1740504371822016,0.1641952652307247,1.0,1.0
0.1715969238357159,0.1639099731836083,1.0,1.0
0.1691006184234471,0.1633393890893754,1.0,1.0
0.1664616669876202,0.1616989598184559,1.0,1.0
0.1649638837402589,0.1599158845239783,1.0,1.0
0.163038162422223,0.1594166234415245,1.0,1.0
0.1596146578568259,0.1611283757242231,1.0,1.0
0.1569043834092199,0.1629114510187008,1.0,1.0
0.1544794010087302,0.1638386501718291,1.0,1.0
0.1526963257142525,0.1619129288537933,1.0,1.0
0.1480603299486106,0.1658356945016442,1.0,1.0
0.1446653563292096,0.1684746459374711,1.0,1.0
0.1415271438109289,0.1696158141259368,1.0,1.0
0.1371051170806242,0.1693305220788204,1.0,1.0
0.1353220417861466,0.1684746459374711,1.0,1.0
0.1337529355270063,0.1687599379845875,1.0,1.0
0.1313279531265166,0.1735813718395707,1.0,1.0
0.1285463556671315,0.1734387258160125,1.0,1.0
0.1271912184433284,0.1739379868984662,1.0,1.0
0.1256791697229691,0.1770048764049678,1.0,1.0
0.123610802381375,0.1795725048290156,1.0,1.0
0.1225409572046884,0.1823541022884008,1.0,1.0
0.1203299438395361,0.1842085005946576,1.0,1.0
0.1168351162623599,0.1852070227595651,1.0,1.0
0.1135542577205209,0.1859915758891352,1.0,1.0
0.110915306284694,0.1852070227595651,1.0,1.0
0.1074204787075178,0.1850643767360069,1.0,1.0
0.1034977130596669,0.1849930537242278,1.0,1.0
0.100216854517828,0.1848504077006696,1.0,1.0
0.0960658565382472,0.1835665934886456,1.0,1.0
0.0923570599257337,0.1829246863826337,1.0,1.0
0.0885769403014411,0.1819261642177262,1.0,1.0
0.0855813738067186,0.1814982261470515,1.0,1.0
0.0842975595946947,0.1787166286876663,1.0,1.0
0.0830137453826708,0.1763629692989559,1.0,1.0
0.1052237308153635,0.1248249627286577,1.0,2.0
0.1066501910509456,0.125680838870007,1.0,2.0
0.1077200362276322,0.1267506840466936,1.0,2.0
0.1088612044160978,0.1277492062116011,1.0,2.0
0.1105016336870174,0.1286050823529504,1.0,2.0
0.1110008947694712,0.1293896354825205,1.0,2.0
0.1100736956163428,0.12703597609381,1.0,2.0
0.1092891424867726,0.1251102547757741,1.0,2.0
0.107577390204074,0.1247536397168786,1.0,2.0
0.1060082839449337,0.1243970246579831,1.0,2.0
0.4763452216535326,0.0975316520804998,1.0,2.0
0.4781104661950654,0.0978526056335058,1.0,2.0
0.4798757107365984,0.0981735591865118,1.0,2.0
0.4816409552781313,0.0960873610919729,1.0,2.0
0.4829247694901552,0.094803546879949,1.0,2.0
0.4848504908081911,0.094161639773937,1.0,2.0
0.4838876301491731,0.0980130824100088,1.0,2.0
0.4835666765961672,0.1007411876105596,1.0,2.0
0.4813200017251253,0.1025064321520925,1.0,2.0
0.4789128500775804,0.1045926302466314,1.0,2.0
0.4763452216535326,0.1023459553755895,1.0,2.0
0.4747404538885027,0.1005807108340566,1.0,2.0
0.4753823609945147,0.0991364198455297,1.0,2.0
0.014120230837010684,0.0628347720976832,1.0,0.0
0.017087808363468945,0.05986719457122495,1.0,0.0
0.017087808363468945,0.0628347720976832,1.0,0.0
0.020055385889927207,0.05689961704476669,1.0,0.0
0.020055385889927207,0.05986719457122495,1.0,0.0
0.020055385889927207,0.0628347720976832,1.0,0.0
0.023022963416385468,0.05393203951830843,1.0,0.0
0.023022963416385468,0.05689961704476669,1.0,0.0
0.023022963416385468,0.05986719457122495,1.0,0.0
0.023022963416385468,0.0628347720976832,1.0,0.0
0.02599054094284373,0.050964461991850174,1.0,0.0
0.02599054094284373,0.05393203951830843,1.0,0.0
0.02599054094284373,0.05689961704476669,1.0,0.0
0.02599054094284373,0.05986719457122495,1.0,0.0
0.02599054094284373,0.0628347720976832,1.0,0.0
0.02599054094284373,0.06580234962414147,1.0,0.0
0.02599054094284373,0.06876992715059972,1.0,0.0
0.02895811846930199,0.050964461991850174,1.0,0.0
0.02895811846930199,0.05393203951830843,1.0,0.0
0.02895811846930199,0.05689961704476669,1.0,0.0
0.02895811846930199,0.05986719457122495,1.0,0.0
0.02895811846930199,0.0628347720976832,1.0,0.0
0.02895811846930199,0.06580234962414147,1.0,0.0
0.02895811846930199,0.06876992715059972,1.0,0.0
0.031925695995760256,0.050964461991850174,1.0,0.0
0.031925695995760256,0.05393203951830843,1.0,0.0
0.031925695995760256,0.05689961704476669,1.0,0.0
0.031925695995760256,0.05986719457122495,1.0,0.0
0.031925695995760256,0.0628347720976832,1.0,0.0
0.031925695995760256,0.06580234962414147,1.0,0.0
0.031925695995760256,0.06876992715059972,1.0,0.0
0.031925695995760256,0.07173750467705797,1.0,0.0
0.034893273522218514,0.05393203951830843,1.0,0.0
0.034893273522218514,0.05689961704476669,1.0,0.0
0.034893273522218514,0.05986719457122495,1.0,0.0
0.034893273522218514,0.0628347720976832,1.0,0.0
0.034893273522218514,0.06580234962414147,1.0,0.0
0.034893273522218514,0.06876992715059972,1.0,0.0
0.034893273522218514,0.07173750467705797,1.0,0.0
0.034893273522218514,0.07470508220351624,1.0,0.0
0.03786085104867677,0.05689961704476669,1.0,0.0
0.03786085104867677,0.05986719457122495,1.0,0.0
0.03786085104867677,0.0628347720976832,1.0,0.0
0.03786085104867677,0.06580234962414147,1.0,0.0
0.03786085104867677,0.06876992715059972,1.0,0.0
0.03786085104867677,0.07173750467705797,1.0,0.0
0.03786085104867677,0.07470508220351624,1.0,0.0
0.04082842857513504,0.05689961704476669,1.0,0.0
0.04082842857513504,0.05986719457122495,1.0,0.0
0.04082842857513504,0.0628347720976832,1.0,0.0
0.04082842857513504,0.06580234962414147,1.0,0.0
0.04082842857513504,0.06876992715059972,1.0,0.0
0.04082842857513504,0.07173750467705797,1.0,0.0
0.04082842857513504,0.07470508220351624,1.0,0.0
0.04082842857513504,0.0776726597299745,1.0,0.0
0.0437960061015933,0.05689961704476669,1.0,0.0
0.0437960061015933,0.05986719457122495,1.0,0.0
0.0437960061015933,0.0628347720976832,1.0,0.0
0.0437960061015933,0.06580234962414147,1.0,0.0
0.0437960061015933,0.06876992715059972,1.0,0.0
0.0437960061015933,0.07173750467705797,1.0,0.0
0.0437960061015933,0.07470508220351624,1.0,0.0
0.0437960061015933,0.0776726597299745,1.0,0.0
0.0437960061015933,0.08064023725643275,1.0,0.0
0.04676358362805156,0.05986719457122495,1.0,0.0
0.04676358362805156,0.0628347720976832,1.0,0.0
0.04676358362805156,0.06580234962414147,1.0,0.0
0.04676358362805156,0.06876992715059972,1.0,0.0
0.04676358362805156,0.07173750467705797,1.0,0.0
0.04676358362805156,0.07470508220351624,1.0,0.0
0.04676358362805156,0.0776726597299745,1.0,0.0
0.04676358362805156,0.08064023725643275,1.0,0.0
0.04973116115450982,0.05986719457122495,1.0,0.0
0.04973116115450982,0.0628347720976832,1.0,0.0
0.04973116115450982,0.06580234962414147,1.0,0.0
0.04973116115450982,0.06876992715059972,1.0,0.0
0.04973116115450982,0.07173750467705797,1.0,0.0
0.04973116115450982,0.07470508220351624,1.0,0.0
0.04973116115450982,0.0776726597299745,1.0,0.0
0.04973116115450982,0.08064023725643275,1.0,0.0
0.04973116115450982,0.083607814782891,1.0,0.0
0.05269873868096808,0.05986719457122495,1.0,0.0
0.05269873868096808,0.0628347720976832,1.0,0.0
0.05269873868096808,0.06580234962414147,1.0,0.0
0.05269873868096808,0.06876992715059972,1.0,0.0
0.05269873868096808,0.07173750467705797,1.0,0.0
0.05269873868096808,0.07470508220351624,1.0,0.0
0.05269873868096808,0.0776726597299745,1.0,0.0
0.05269873868096808,0.08064023725643275,1.0,0.0
0.05269873868096808,0.083607814782891,1.0,0.0
0.05566631620742635,0.05986719457122495,1.0,0.0
0.05566631620742635,0.0628347720976832,1.0,0.0
0.05566631620742635,0.06580234962414147,1.0,0.0
0.05566631620742635,0.06876992715059972,1.0,0.0
0.05566631620742635,0.07173750467705797,1.0,0.0
0.05566631620742635,0.07470508220351624,1.0,0.0
0.05566631620742635,0.0776726597299745,1.0,0.0
0.05566631620742635,0.08064023725643275,1.0,0.0
0.05566631620742635,0.083607814782891,1.0,0.0
0.05566631620742635,0.14295936531205616,1.0,0.0
0.05566631620742635,0.14592694283851443,1.0,0.0
0.05566631620742635,0.1488945203649727,1.0,0.0
0.05566631620742635,0.15186209789143096,1.0,0.0
0.05566631620742635,0.1548296754178892,1.0,0.0
0.05566631620742635,0.15779725294434746,1.0,0.0
0.058633893733884605,0.05986719457122495,1.0,0.0
0.058633893733884605,0.0628347720976832,1.0,0.0
0.058633893733884605,0.06580234962414147,1.0,0.0
0.058633893733884605,0.06876992715059972,1.0,0.0
0.058633893733884605,0.07173750467705797,1.0,0.0
0.058633893733884605,0.07470508220351624,1.0,0.0
0.058633893733884605,0.0776726597299745,1.0,0.0
0.058633893733884605,0.08064023725643275,1.0,0.0
0.058633893733884605,0.083607814782891,1.0,0.0
0.058633893733884605,0.08657539230934927,1.0,0.0
0.058633893733884605,0.1399917877855979,1.0,0.0
0.058633893733884605,0.14295936531205616,1.0,0.0
0.058633893733884605,0.14592694283851443,1.0,0.0
0.058633893733884605,0.1488945203649727,1.0,0.0
0.058633893733884605,0.15186209789143096,1.0,0.0
0.058633893733884605,0.1548296754178892,1.0,0.0
0.058633893733884605,0.15779725294434746,1.0,0.0
0.06160147126034286,0.0628347720976832,1.0,0.0
0.06160147126034286,0.06580234962414147,1.0,0.0
0.06160147126034286,0.06876992715059972,1.0,0.0
0.06160147126034286,0.07173750467705797,1.0,0.0
0.06160147126034286,0.07470508220351624,1.0,0.0
0.06160147126034286,0.0776726597299745,1.0,0.0
0.06160147126034286,0.08064023725643275,1.0,0.0
0.06160147126034286,0.083607814782891,1.0,0.0
0.06160147126034286,0.08657539230934927,1.0,0.0
0.06160147126034286,0.08954296983580753,1.0,0.0
0.06160147126034286,0.13702421025913966,1.0,0.0
0.06160147126034286,0.1399917877855979,1.0,0.0
0.06160147126034286,0.14295936531205616,1.0,0.0
0.06160147126034286,0.14592694283851443,1.0,0.0
0.06160147126034286,0.1488945203649727,1.0,0.0
0.06160147126034286,0.15186209789143096,1.0,0.0
0.06160147126034286,0.1548296754178892,1.0,0.0
0.06160147126034286,0.15779725294434746,1.0,0.0
0.06456904878680113,0.0628347720976832,1.0,0.0
0.06456904878680113,0.06580234962414147,1.0,0.0
0.06456904878680113,0.06876992715059972,1.0,0.0
0.06456904878680113,0.07173750467705797,1.0,0.0
0.06456904878680113,0.07470508220351624,1.0,0.0
0.06456904878680113,0.0776726597299745,1.0,0.0
0.06456904878680113,0.08064023725643275,1.0,0.0
0.06456904878680113,0.083607814782891,1.0,0.0
0.06456904878680113,0.08657539230934927,1.0,0.0
0.06456904878680113,0.08954296983580753,1.0,0.0
0.06456904878680113,0.09251054736226579,1.0,0.0
0.06456904878680113,0.13702421025913966,1.0,0.0
0.06456904878680113,0.1399917877855979,1.0,0.0
0.06456904878680113,0.14295936531205616,1.0,0.0
0.06456904878680113,0.14592694283851443,1.0,0.0
0.06456904878680113,0.1488945203649727,1.0,0.0
0.06456904878680113,0.15186209789143096,1.0,0.0
0.06456904878680113,0.1548296754178892,1.0,0.0
0.06456904878680113,0.15779725294434746,1.0,0.0
0.06753662631325939,0.06580234962414147,1.0,0.0
0.06753662631325939,0.06876992715059972,1.0,0.0
0.06753662631325939,0.07173750467705797,1.0,0.0
0.06753662631325939,0.07470508220351624,1.0,0.0
0.06753662631325939,0.0776726597299745,1.0,0.0
0.06753662631325939,0.08064023725643275,1.0,0.0
0.06753662631325939,0.083607814782891,1.0,0.0
0.06753662631325939,0.08657539230934927,1.0,0.0
0.06753662631325939,0.08954296983580753,1.0,0.0
0.06753662631325939,0.09251054736226579,1.0,0.0
0.06753662631325939,0.09547812488872404,1.0,0.0
0.06753662631325939,0.0984457024151823,1.0,0.0
0.06753662631325939,0.13702421025913966,1.0,0.0
0.06753662631325939,0.1399917877855979,1.0,0.0
0.06753662631325939,0.14295936531205616,1.0,0.0
0.06753662631325939,0.14592694283851443,1.0,0.0
0.06753662631325939,0.1488945203649727,1.0,0.0
0.06753662631325939,0.15186209789143096,1.0,0.0
0.06753662631325939,0.1548296754178892,1.0,0.0
0.06753662631325939,0.15779725294434746,1.0,0.0
0.06753662631325939,0.16076483047080573,1.0,0.0
0.06753662631325939,0.16373240799726396,1.0,0.0
0.06753662631325939,0.16669998552372223,1.0,0.0
0.07050420383971764,0.06580234962414147,1.0,0.0
0.07050420383971764,0.06876992715059972,1.0,0.0
0.07050420383971764,0.07173750467705797,1.0,0.0
0.07050420383971764,0.07470508220351624,1.0,0.0
0.07050420383971764,0.0776726597299745,1.0,0.0
0.07050420383971764,0.08064023725643275,1.0,0.0
0.07050420383971764,0.083607814782891,1.0,0.0
0.07050420383971764,0.08657539230934927,1.0,0.0
0.07050420383971764,0.08954296983580753,1.0,0.0
0.07050420383971764,0.09251054736226579,1.0,0.0
0.07050420383971764,0.09547812488872404,1.0,0.0
0.07050420383971764,0.0984457024151823,1.0,0.0
0.07050420383971764,0.10141327994164057,1.0,0.0
0.07050420383971764,0.10438085746809882,1.0,0.0
0.07050420383971764,0.13702421025913966,1.0,0.0
0.07050420383971764,0.1399917877855979,1.0,0.0
0.07050420383971764,0.14295936531205616,1.0,0.0
0.07050420383971764,0.14592694283851443,1.0,0.0
0.07050420383971764,0.1488945203649727,1.0,0.0
0.07050420383971764,0.15186209789143096,1.0,0.0
0.07050420383971764,0.1548296754178892,1.0,0.0
0.07050420383971764,0.15779725294434746,1.0,0.0
0.07050420383971764,0.16076483047080573,1.0,0.0
0.07050420383971764,0.16373240799726396,1.0,0.0
0.07050420383971764,0.16669998552372223,1.0,0.0
0.07050420383971764,0.1696675630501805,1.0,0.0
0.07347178136617591,0.06580234962414147,1.0,0.0
0.07347178136617591,0.06876992715059972,1.0,0.0
0.07347178136617591,0.07173750467705797,1.0,0.0
0.07347178136617591,0.07470508220351624,1.0,0.0
0.07347178136617591,0.0776726597299745,1.0,0.0
0.07347178136617591,0.08064023725643275,1.0,0.0
0.07347178136617591,0.083607814782891,1.0,0.0
0.07347178136617591,0.08657539230934927,1.0,0.0
0.07347178136617591,0.08954296983580753,1.0,0.0
0.07347178136617591,0.09251054736226579,1.0,0.0
0.07347178136617591,0.09547812488872404,1.0,0.0
0.07347178136617591,0.0984457024151823,1.0,0.0
0.07347178136617591,0.10141327994164057,1.0,0.0
0.07347178136617591,0.10438085746809882,1.0,0.0
0.07347178136617591,0.10734843499455707,1.0,0.0
0.07347178136617591,0.11031601252101533,1.0,0.0
0.07347178136617591,0.13702421025913966,1.0,0.0
0.07347178136617591,0.1399917877855979,1.0,0.0
0.07347178136617591,0.14295936531205616,1.0,0.0
0.07347178136617591,0.14592694283851443,1.0,0.0
0.07347178136617591,0.1488945203649727,1.0,0.0
0.07347178136617591,0.15186209789143096,1.0,0.0
0.07347178136617591,0.1548296754178892,1.0,0.0
0.07347178136617591,0.15779725294434746,1.0,0.0
0.07347178136617591,0.16076483047080573,1.0,0.0
0.07347178136617591,0.16373240799726396,1.0,0.0
0.07347178136617591,0.16669998552372223,1.0,0.0
0.07347178136617591,0.1696675630501805,1.0,0.0
0.07347178136617591,0.17263514057663876,1.0,0.0
0.07643935889263417,0.06580234962414147,1.0,0.0
0.07643935889263417,0.06876992715059972,1.0,0.0
0.07643935889263417,0.07173750467705797,1.0,0.0
0.07643935889263417,0.07470508220351624,1.0,0.0
0.07643935889263417,0.0776726597299745,1.0,0.0
0.07643935889263417,0.08064023725643275,1.0,0.0
0.07643935889263417,0.083607814782891,1.0,0.0
0.07643935889263417,0.08657539230934927,1.0,0.0
0.07643935889263417,0.08954296983580753,1.0,0.0
0.07643935889263417,0.09251054736226579,1.0,0.0
0.07643935889263417,0.09547812488872404,1.0,0.0
0.07643935889263417,0.0984457024151823,1.0,0.0
0.07643935889263417,0.10141327994164057,1.0,0.0
0.07643935889263417,0.10438085746809882,1.0,0.0
0.07643935889263417,0.10734843499455707,1.0,0.0
0.07643935889263417,0.11031601252101533,1.0,0.0
0.07643935889263417,0.13702421025913966,1.0,0.0
0.07643935889263417,0.1399917877855979,1.0,0.0
0.07643935889263417,0.14295936531205616,1.0,0.0
0.07643935889263417,0.14592694283851443,1.0,0.0
0.07643935889263417,0.1488945203649727,1.0,0.0
0.07643935889263417,0.15186209789143096,1.0,0.0
0.07643935889263417,0.1548296754178892,1.0,0.0
0.07643935889263417,0.15779725294434746,1.0,0.0
0.07643935889263417,0.16076483047080573,1.0,0.0
0.07643935889263417,0.16373240799726396,1.0,0.0
0.07643935889263417,0.16669998552372223,1.0,0.0
0.07643935889263417,0.1696675630501805,1.0,0.0
0.07643935889263417,0.17263514057663876,1.0,0.0
0.07940693641909244,0.06580234962414147,1.0,0.0
0.07940693641909244,0.06876992715059972,1.0,0.0
0.07940693641909244,0.07173750467705797,1.0,0.0
0.07940693641909244,0.07470508220351624,1.0,0.0
0.07940693641909244,0.0776726597299745,1.0,0.0
0.07940693641909244,0.08064023725643275,1.0,0.0
0.07940693641909244,0.083607814782891,1.0,0.0
0.07940693641909244,0.08657539230934927,1.0,0.0
0.07940693641909244,0.08954296983580753,1.0,0.0
0.07940693641909244,0.09251054736226579,1.0,0.0
0.07940693641909244,0.09547812488872404,1.0,0.0
0.07940693641909244,0.0984457024151823,1.0,0.0
0.07940693641909244,0.10141327994164057,1.0,0.0
0.07940693641909244,0.10438085746809882,1.0,0.0
0.07940693641909244,0.10734843499455707,1.0,0.0
0.07940693641909244,0.11031601252101533,1.0,0.0
0.07940693641909244,0.1340566327326814,1.0,0.0
0.07940693641909244,0.13702421025913966,1.0,0.0
0.07940693641909244,0.1399917877855979,1.0,0.0
0.07940693641909244,0.14295936531205616,1.0,0.0
0.07940693641909244,0.14592694283851443,1.0,0.0
0.07940693641909244,0.1488945203649727,1.0,0.0
0.07940693641909244,0.15186209789143096,1.0,0.0
0.07940693641909244,0.1548296754178892,1.0,0.0
0.07940693641909244,0.15779725294434746,1.0,0.0
0.07940693641909244,0.16076483047080573,1.0,0.0
0.07940693641909244,0.16373240799726396,1.0,0.0
0.07940693641909244,0.16669998552372223,1.0,0.0
0.07940693641909244,0.1696675630501805,1.0,0.0
0.07940693641909244,0.17263514057663876,1.0,0.0
0.0823745139455507,0.06580234962414147,1.0,0.0
0.0823745139455507,0.06876992715059972,1.0,0.0
0.0823745139455507,0.07173750467705797,1.0,0.0
0.0823745139455507,0.07470508220351624,1.0,0.0
0.0823745139455507,0.0776726597299745,1.0,0.0
0.0823745139455507,0.08064023725643275,1.0,0.0
0.0823745139455507,0.083607814782891,1.0,0.0
0.0823745139455507,0.08657539230934927,1.0,0.0
0.0823745139455507,0.08954296983580753,1.0,0.0
0.0823745139455507,0.09251054736226579,1.0,0.0
0.0823745139455507,0.09547812488872404,1.0,0.0
0.0823745139455507,0.0984457024151823,1.0,0.0
0.0823745139455507,0.10141327994164057,1.0,0.0
0.0823745139455507,0.10438085746809882,1.0,0.0
0.0823745139455507,0.10734843499455707,1.0,0.0
0.0823745139455507,0.11031601252101533,1.0,0.0
0.0823745139455507,0.1281214776797649,1.0,0.0
0.0823745139455507,0.13108905520622313,1.0,0.0
0.0823745139455507,0.1340566327326814,1.0,0.0
0.0823745139455507,0.13702421025913966,1.0,0.0
0.0823745139455507,0.1399917877855979,1.0,0.0
0.0823745139455507,0.14295936531205616,1.0,0.0
0.0823745139455507,0.14592694283851443,1.0,0.0
0.0823745139455507,0.1488945203649727,1.0,0.0
0.0823745139455507,0.15186209789143096,1.0,0.0
0.0823745139455507,0.1548296754178892,1.0,0.0
0.0823745139455507,0.15779725294434746,1.0,0.0
0.0823745139455507,0.16076483047080573,1.0,0.0
0.0823745139455507,0.16373240799726396,1.0,0.0
0.0823745139455507,0.16669998552372223,1.0,0.0
0.0823745139455507,0.1696675630501805,1.0,0.0
0.0823745139455507,0.17263514057663876,1.0,0.0
0.0823745139455507,0.17560271810309702,1.0,0.0
0.08534209147200895,0.06580234962414147,1.0,0.0
0.08534209147200895,0.06876992715059972,1.0,0.0
0.08534209147200895,0.07173750467705797,1.0,0.0
0.08534209147200895,0.07470508220351624,1.0,0.0
0.08534209147200895,0.0776726597299745,1.0,0.0
0.08534209147200895,0.08064023725643275,1.0,0.0
0.08534209147200895,0.083607814782891,1.0,0.0
0.08534209147200895,0.08657539230934927,1.0,0.0
0.08534209147200895,0.08954296983580753,1.0,0.0
0.08534209147200895,0.09251054736226579,1.0,0.0
0.08534209147200895,0.09547812488872404,1.0,0.0
0.08534209147200895,0.0984457024151823,1.0,0.0
0.08534209147200895,0.10141327994164057,1.0,0.0
0.08534209147200895,0.10438085746809882,1.0,0.0
0.08534209147200895,0.10734843499455707,1.0,0.0
0.08534209147200895,0.11031601252101533,1.0,0.0
0.08534209147200895,0.1281214776797649,1.0,0.0
0.08534209147200895,0.13108905520622313,1.0,0.0
0.08534209147200895,0.1340566327326814,1.0,0.0
0.08534209147200895,0.13702421025913966,1.0,0.0
0.08534209147200895,0.1399917877855979,1.0,0.0
0.08534209147200895,0.14295936531205616,1.0,0.0
0.08534209147200895,0.14592694283851443,1.0,0.0
0.08534209147200895,0.1488945203649727,1.0,0.0
0.08534209147200895,0.15186209789143096,1.0,0.0
0.08534209147200895,0.1548296754178892,1.0,0.0
0.08534209147200895,0.15779725294434746,1.0,0.0
0.08534209147200895,0.16076483047080573,1.0,0.0
0.08534209147200895,0.16373240799726396,1.0,0.0
0.08534209147200895,0.16669998552372223,1.0,0.0
0.08534209147200895,0.1696675630501805,1.0,0.0
0.08534209147200895,0.17263514057663876,1.0,0.0
0.08534209147200895,0.17560271810309702,1.0,0.0
0.08534209147200895,0.17857029562955526,1.0,0.0
0.08830966899846722,0.06580234962414147,1.0,0.0
0.08830966899846722,0.06876992715059972,1.0,0.0
0.08830966899846722,0.07173750467705797,1.0,0.0
0.08830966899846722,0.07470508220351624,1.0,0.0
0.08830966899846722,0.0776726597299745,1.0,0.0
0.08830966899846722,0.08064023725643275,1.0,0.0
0.08830966899846722,0.083607814782891,1.0,0.0
0.08830966899846722,0.08657539230934927,1.0,0.0
0.08830966899846722,0.08954296983580753,1.0,0.0
0.08830966899846722,0.09251054736226579,1.0,0.0
0.08830966899846722,0.09547812488872404,1.0,0.0
0.08830966899846722,0.0984457024151823,1.0,0.0
0.08830966899846722,0.10141327994164057,1.0,0.0
0.08830966899846722,0.10438085746809882,1.0,0.0
0.08830966899846722,0.10734843499455707,1.0,0.0
0.08830966899846722,0.11031601252101533,1.0,0.0
0.08830966899846722,0.1281214776797649,1.0,0.0
0.08830966899846722,0.13108905520622313,1.0,0.0
0.08830966899846722,0.1340566327326814,1.0,0.0
0.08830966899846722,0.13702421025913966,1.0,0.0
0.08830966899846722,0.1399917877855979,1.0,0.0
0.08830966899846722,0.14295936531205616,1.0,0.0
0.08830966899846722,0.14592694283851443,1.0,0.0
0.08830966899846722,0.1488945203649727,1.0,0.0
0.08830966899846722,0.15186209789143096,1.0,0.0
0.08830966899846722,0.1548296754178892,1.0,0.0
0.08830966899846722,0.15779725294434746,1.0,0.0
0.08830966899846722,0.16076483047080573,1.0,0.0
0.08830966899846722,0.16373240799726396,1.0,0.0
0.08830966899846722,0.16669998552372223,1.0,0.0
0.08830966899846722,0.1696675630501805,1.0,0.0
0.08830966899846722,0.17263514057663876,1.0,0.0
0.08830966899846722,0.17560271810309702,1.0,0.0
0.08830966899846722,0.17857029562955526,1.0,0.0
0.08830966899846722,0.18153787315601352,1.0,0.0
0.09127724652492548,0.06580234962414147,1.0,0.0
0.09127724652492548,0.06876992715059972,1.0,0.0
0.09127724652492548,0.07173750467705797,1.0,0.0
0.09127724652492548,0.07470508220351624,1.0,0.0
0.09127724652492548,0.0776726597299745,1.0,0.0
0.09127724652492548,0.08064023725643275,1.0,0.0
0.09127724652492548,0.083607814782891,1.0,0.0
0.09127724652492548,0.08657539230934927,1.0,0.0
0.09127724652492548,0.08954296983580753,1.0,0.0
0.09127724652492548,0.09251054736226579,1.0,0.0
0.09127724652492548,0.09547812488872404,1.0,0.0
0.09127724652492548,0.0984457024151823,1.0,0.0
0.09127724652492548,0.10141327994164057,1.0,0.0
0.09127724652492548,0.10438085746809882,1.0,0.0
0.09127724652492548,0.10734843499455707,1.0,0.0
0.09127724652492548,0.11031601252101533,1.0,0.0
0.09127724652492548,0.1281214776797649,1.0,0.0
0.09127724652492548,0.13108905520622313,1.0,0.0
0.09127724652492548,0.1340566327326814,1.0,0.0
0.09127724652492548,0.13702421025913966,1.0,0.0
0.09127724652492548,0.1399917877855979,1.0,0.0
0.09127724652492548,0.14295936531205616,1.0,0.0
0.09127724652492548,0.14592694283851443,1.0,0.0
0.09127724652492548,0.1488945203649727,1.0,0.0
0.09127724652492548,0.15186209789143096,1.0,0.0
0.09127724652492548,0.1548296754178892,1.0,0.0
0.09127724652492548,0.15779725294434746,1.0,0.0
0.09127724652492548,0.16076483047080573,1.0,0.0
0.09127724652492548,0.16373240799726396,1.0,0.0
0.09127724652492548,0.16669998552372223,1.0,0.0
0.09127724652492548,0.1696675630501805,1.0,0.0
0.09127724652492548,0.17263514057663876,1.0,0.0
0.09127724652492548,0.17560271810309702,1.0,0.0
0.09127724652492548,0.17857029562955526,1.0,0.0
0.09127724652492548,0.18153787315601352,1.0,0.0
0.09424482405138374,0.06876992715059972,1.0,0.0
0.09424482405138374,0.07173750467705797,1.0,0.0
0.09424482405138374,0.07470508220351624,1.0,0.0
0.09424482405138374,0.0776726597299745,1.0,0.0
0.09424482405138374,0.08064023725643275,1.0,0.0
0.09424482405138374,0.083607814782891,1.0,0.0
0.09424482405138374,0.08657539230934927,1.0,0.0
0.09424482405138374,0.08954296983580753,1.0,0.0
0.09424482405138374,0.09251054736226579,1.0,0.0
0.09424482405138374,0.09547812488872404,1.0,0.0
0.09424482405138374,0.0984457024151823,1.0,0.0
0.09424482405138374,0.10141327994164057,1.0,0.0
0.09424482405138374,0.10438085746809882,1.0,0.0
0.09424482405138374,0.10734843499455707,1.0,0.0
0.09424482405138374,0.11031601252101533,1.0,0.0
0.09424482405138374,0.1132835900474736,1.0,0.0
0.09424482405138374,0.1281214776797649,1.0,0.0
0.09424482405138374,0.13108905520622313,1.0,0.0
0.09424482405138374,0.1340566327326814,1.0,0.0
0.09424482405138374,0.13702421025913966,1.0,0.0
0.09424482405138374,0.1399917877855979,1.0,0.0
0.09424482405138374,0.14295936531205616,1.0,0.0
0.09424482405138374,0.14592694283851443,1.0,0.0
0.09424482405138374,0.1488945203649727,1.0,0.0
0.09424482405138374,0.15186209789143096,1.0,0.0
0.09424482405138374,0.1548296754178892,1.0,0.0
0.09424482405138374,0.15779725294434746,1.0,0.0
0.09424482405138374,0.16076483047080573,1.0,0.0
0.09424482405138374,0.16373240799726396,1.0,0.0
0.09424482405138374,0.16669998552372223,1.0,0.0
0.09424482405138374,0.1696675630501805,1.0,0.0
0.09424482405138374,0.17263514057663876,1.0,0.0
0.09424482405138374,0.17560271810309702,1.0,0.0
0.09424482405138374,0.17857029562955526,1.0,0.0
0.09424482405138374,0.18153787315601352,1.0,0.0
0.097212401577842,0.06876992715059972,1.0,0.0
0.097212401577842,0.07173750467705797,1.0,0.0
0.097212401577842,0.07470508220351624,1.0,0.0
0.097212401577842,0.0776726597299745,1.0,0.0
0.097212401577842,0.08064023725643275,1.0,0.0
0.097212401577842,0.083607814782891,1.0,0.0
0.097212401577842,0.08657539230934927,1.0,0.0
0.097212401577842,0.08954296983580753,1.0,0.0
0.097212401577842,0.09251054736226579,1.0,0.0
0.097212401577842,0.09547812488872404,1.0,0.0
0.097212401577842,0.0984457024151823,1.0,0.0
0.097212401577842,0.10141327994164057,1.0,0.0
0.097212401577842,0.10438085746809882,1.0,0.0
0.097212401577842,0.10734843499455707,1.0,0.0
0.097212401577842,0.11031601252101533,1.0,0.0
0.097212401577842,0.1132835900474736,1.0,0.0
0.097212401577842,0.13108905520622313,1.0,0.0
0.097212401577842,0.1340566327326814,1.0,0.0
0.097212401577842,0.13702421025913966,1.0,0.0
0.097212401577842,0.1399917877855979,1.0,0.0
0.097212401577842,0.14295936531205616,1.0,0.0
0.097212401577842,0.14592694283851443,1.0,0.0
0.097212401577842,0.1488945203649727,1.0,0.0
0.097212401577842,0.15186209789143096,1.0,0.0
0.097212401577842,0.1548296754178892,1.0,0.0
0.097212401577842,0.15779725294434746,1.0,0.0
0.097212401577842,0.16076483047080573,1.0,0.0
0.097212401577842,0.16373240799726396,1.0,0.0
0.097212401577842,0.16669998552372223,1.0,0.0
0.097212401577842,0.1696675630501805,1.0,0.0
0.097212401577842,0.17263514057663876,1.0,0.0
0.097212401577842,0.17560271810309702,1.0,0.0
0.097212401577842,0.17857029562955526,1.0,0.0
0.097212401577842,0.18153787315601352,1.0,0.0
0.10017997910430027,0.07173750467705797,1.0,0.0
0.10017997910430027,0.07470508220351624,1.0,0.0
0.10017997910430027,0.0776726597299745,1.0,0.0
0.10017997910430027,0.08064023725643275,1.0,0.0
0.10017997910430027,0.083607814782891,1.0,0.0
0.10017997910430027,0.08657539230934927,1.0,0.0
0.10017997910430027,0.08954296983580753,1.0,0.0
0.10017997910430027,0.09251054736226579,1.0,0.0
0.10017997910430027,0.09547812488872404,1.0,0.0
0.10017997910430027,0.0984457024151823,1.0,0.0
0.10017997910430027,0.10141327994164057,1.0,0.0
0.10017997910430027,0.10438085746809882,1.0,0.0
0.10017997910430027,0.10734843499455707,1.0,0.0
0.10017997910430027,0.11031601252101533,1.0,0.0
0.10017997910430027,0.1132835900474736,1.0,0.0
0.10017997910430027,0.11625116757393185,1.0,0.0
0.10017997910430027,0.1281214776797649,1.0,0.0
0.10017997910430027,0.13108905520622313,1.0,0.0
0.10017997910430027,0.1340566327326814,1.0,0.0
0.10017997910430027,0.13702421025913966,1.0,0.0
0.10017997910430027,0.1399917877855979,1.0,0.0
0.10017997910430027,0.14295936531205616,1.0,0.0
0.10017997910430027,0.14592694283851443,1.0,0.0
0.10017997910430027,0.1488945203649727,1.0,0.0
0.10017997910430027,0.15186209789143096,1.0,0.0
0.10017997910430027,0.1548296754178892,1.0,0.0
0.10017997910430027,0.15779725294434746,1.0,0.0
0.10017997910430027,0.16076483047080573,1.0,0.0
0.10017997910430027,0.16373240799726396,1.0,0.0
0.10017997910430027,0.16669998552372223,1.0,0.0
0.10017997910430027,0.1696675630501805,1.0,0.0
0.10017997910430027,0.17263514057663876,1.0,0.0
0.10017997910430027,0.17560271810309702,1.0,0.0
0.10017997910430027,0.17857029562955526,1.0,0.0
0.10017997910430027,0.18153787315601352,1.0,0.0
0.10017997910430027,0.1845054506824718,1.0,0.0
0.10314755663075853,0.07173750467705797,1.0,0.0
0.10314755663075853,0.07470508220351624,1.0,0.0
0.10314755663075853,0.0776726597299745,1.0,0.0
0.10314755663075853,0.08064023725643275,1.0,0.0
0.10314755663075853,0.083607814782891,1.0,0.0
0.10314755663075853,0.08657539230934927,1.0,0.0
0.10314755663075853,0.08954296983580753,1.0,0.0
0.10314755663075853,0.09251054736226579,1.0,0.0
0.10314755663075853,0.09547812488872404,1.0,0.0
0.10314755663075853,0.0984457024151823,1.0,0.0
0.10314755663075853,0.10141327994164057,1.0,0.0
0.10314755663075853,0.10438085746809882,1.0,0.0
0.10314755663075853,0.10734843499455707,1.0,0.0
0.10314755663075853,0.11031601252101533,1.0,0.0
0.10314755663075853,0.1132835900474736,1.0,0.0
0.10314755663075853,0.11625116757393185,1.0,0.0
0.10314755663075853,0.1192187451003901,1.0,0.0
0.10314755663075853,0.12515390015330663,1.0,0.0
0.10314755663075853,0.1281214776797649,1.0,0.0
0.10314755663075853,0.13108905520622313,1.0,0.0
0.10314755663075853,0.1340566327326814,1.0,0.0
0.10314755663075853,0.13702421025913966,1.0,0.0
0.10314755663075853,0.1399917877855979,1.0,0.0
0.10314755663075853,0.14295936531205616,1.0,0.0
0.10314755663075853,0.14592694283851443,1.0,0.0
0.10314755663075853,0.1488945203649727,1.0,0.0
0.10314755663075853,0.15186209789143096,1.0,0.0
0.10314755663075853,0.1548296754178892,1.0,0.0
0.10314755663075853,0.15779725294434746,1.0,0.0
0.10314755663075853,0.16076483047080573,1.0,0.0
0.10314755663075853,0.16373240799726396,1.0,0.0
0.10314755663075853,0.16669998552372223,1.0,0.0
0.10314755663075853,0.1696675630501805,1.0,0.0
0.10314755663075853,0.17263514057663876,1.0,0.0
0.10314755663075853,0.17560271810309702,1.0,0.0
0.10314755663075853,0.17857029562955526,1.0,0.0
0.10314755663075853,0.18153787315601352,1.0,0.0
0.10314755663075853,0.1845054506824718,1.0,0.0
0.1061151341572168,0.07470508220351624,1.0,0.0
0.1061151341572168,0.0776726597299745,1.0,0.0
0.1061151341572168,0.08064023725643275,1.0,0.0
0.1061151341572168,0.083607814782891,1.0,0.0
0.1061151341572168,0.08657539230934927,1.0,0.0
0.1061151341572168,0.08954296983580753,1.0,0.0
0.1061151341572168,0.09251054736226579,1.0,0.0
0.1061151341572168,0.09547812488872404,1.0,0.0
0.1061151341572168,0.0984457024151823,1.0,0.0
0.1061151341572168,0.10141327994164057,1.0,0.0
0.1061151341572168,0.10438085746809882,1.0,0.0
0.1061151341572168,0.10734843499455707,1.0,0.0
0.1061151341572168,0.11031601252101533,1.0,0.0
0.1061151341572168,0.1132835900474736,1.0,0.0
0.1061151341572168,0.11625116757393185,1.0,0.0
0.1061151341572168,0.1192187451003901,1.0,0.0
0.1061151341572168,0.12218632262684836,1.0,0.0
0.1061151341572168,0.1281214776797649,1.0,0.0
0.1061151341572168,0.13108905520622313,1.0,0.0
0.1061151341572168,0.1340566327326814,1.0,0.0
0.1061151341572168,0.13702421025913966,1.0,0.0
0.1061151341572168,0.1399917877855979,1.0,0.0
0.1061151341572168,0.14295936531205616,1.0,0.0
0.1061151341572168,0.14592694283851443,1.0,0.0
0.1061151341572168,0.1488945203649727,1.0,0.0
0.1061151341572168,0.15186209789143096,1.0,0.0
0.1061151341572168,0.1548296754178892,1.0,0.0
0.1061151341572168,0.15779725294434746,1.0,0.0
0.1061151341572168,0.16076483047080573,1.0,0.0
0.1061151341572168,0.16373240799726396,1.0,0.0
0.1061151341572168,0.16669998552372223,1.0,0.0
0.1061151341572168,0.1696675630501805,1.0,0.0
0.1061151341572168,0.17263514057663876,1.0,0.0
0.1061151341572168,0.17560271810309702,1.0,0.0
0.1061151341572168,0.17857029562955526,1.0,0.0
0.1061151341572168,0.18153787315601352,1.0,0.0
0.1061151341572168,0.1845054506824718,1.0,0.0
0.10908271168367505,0.07173750467705797,1.0,0.0
0.10908271168367505,0.07470508220351624,1.0,0.0
0.10908271168367505,0.0776726597299745,1.0,0.0
0.10908271168367505,0.08064023725643275,1.0,0.0
0.10908271168367505,0.083607814782891,1.0,0.0
0.10908271168367505,0.08657539230934927,1.0,0.0
0.10908271168367505,0.08954296983580753,1.0,0.0
0.10908271168367505,0.09251054736226579,1.0,0.0
0.10908271168367505,0.09547812488872404,1.0,0.0
0.10908271168367505,0.0984457024151823,1.0,0.0
0.10908271168367505,0.10141327994164057,1.0,0.0
0.10908271168367505,0.10438085746809882,1.0,0.0
0.10908271168367505,0.10734843499455707,1.0,0.0
0.10908271168367505,0.11031601252101533,1.0,0.0
0.10908271168367505,0.1132835900474736,1.0,0.0
0.10908271168367505,0.11625116757393185,1.0,0.0
0.10908271168367505,0.1192187451003901,1.0,0.0
0.10908271168367505,0.12218632262684836,1.0,0.0
0.10908271168367505,0.1281214776797649,1.0,0.0
0.10908271168367505,0.13108905520622313,1.0,0.0
0.10908271168367505,0.1340566327326814,1.0,0.0
0.10908271168367505,0.13702421025913966,1.0,0.0
0.10908271168367505,0.1399917877855979,1.0,0.0
0.10908271168367505,0.14295936531205616,1.0,0.0
0.10908271168367505,0.14592694283851443,1.0,0.0
0.10908271168367505,0.1488945203649727,1.0,0.0
0.10908271168367505,0.15186209789143096,1.0,0.0
0.10908271168367505,0.1548296754178892,1.0,0.0
0.10908271168367505,0.15779725294434746,1.0,0.0
0.10908271168367505,0.16076483047080573,1.0,0.0
0.10908271168367505,0.16373240799726396,1.0,0.0
0.10908271168367505,0.16669998552372223,1.0,0.0
0.10908271168367505,0.1696675630501805,1.0,0.0
0.10908271168367505,0.17263514057663876,1.0,0.0
0.10908271168367505,0.17560271810309702,1.0,0.0
0.10908271168367505,0.17857029562955526,1.0,0.0
0.10908271168367505,0.18153787315601352,1.0,0.0
0.10908271168367505,0.1845054506824718,1.0,0.0
0.11205028921013331,0.07173750467705797,1.0,0.0
0.11205028921013331,0.07470508220351624,1.0,0.0
0.11205028921013331,0.0776726597299745,1.0,0.0
0.11205028921013331,0.08064023725643275,1.0,0.0
0.11205028921013331,0.083607814782891,1.0,0.0
0.11205028921013331,0.08657539230934927,1.0,0.0
0.11205028921013331,0.08954296983580753,1.0,0.0
0.11205028921013331,0.09251054736226579,1.0,0.0
0.11205028921013331,0.09547812488872404,1.0,0.0
0.11205028921013331,0.0984457024151823,1.0,0.0
0.11205028921013331,0.10141327994164057,1.0,0.0
0.11205028921013331,0.10438085746809882,1.0,0.0
0.11205028921013331,0.10734843499455707,1.0,0.0
0.11205028921013331,0.11031601252101533,1.0,0.0
0.11205028921013331,0.1132835900474736,1.0,0.0
0.11205028921013331,0.11625116757393185,1.0,0.0
0.11205028921013331,0.1192187451003901,1.0,0.0
0.11205028921013331,0.12218632262684836,1.0,0.0
0.11205028921013331,0.12515390015330663,1.0,0.0
0.11205028921013331,0.1281214776797649,1.0,0.0
0.11205028921013331,0.13108905520622313,1.0,0.0
0.11205028921013331,0.1340566327326814,1.0,0.0
0.11205028921013331,0.13702421025913966,1.0,0.0
0.11205028921013331,0.1399917877855979,1.0,0.0
0.11205028921013331,0.14295936531205616,1.0,0.0
0.11205028921013331,0.14592694283851443,1.0,0.0
0.11205028921013331,0.1488945203649727,1.0,0.0
0.11205028921013331,0.15186209789143096,1.0,0.0
0.11205028921013331,0.1548296754178892,1.0,0.0
0.11205028921013331,0.15779725294434746,1.0,0.0
0.11205028921013331,0.16076483047080573,1.0,0.0
0.11205028921013331,0.16373240799726396,1.0,0.0
0.11205028921013331,0.16669998552372223,1.0,0.0
0.11205028921013331,0.1696675630501805,1.0,0.0
0.11205028921013331,0.17263514057663876,1.0,0.0
0.11205028921013331,0.17560271810309702,1.0,0.0
0.11205028921013331,0.17857029562955526,1.0,0.0
0.11205028921013331,0.18153787315601352,1.0,0.0
0.11205028921013331,0.1845054506824718,1.0,0.0
0.11501786673659158,0.07173750467705797,1.0,0.0
0.11501786673659158,0.07470508220351624,1.0,0.0
0.11501786673659158,0.0776726597299745,1.0,0.0
0.11501786673659158,0.08064023725643275,1.0,0.0
0.11501786673659158,0.083607814782891,1.0,0.0
0.11501786673659158,0.08657539230934927,1.0,0.0
0.11501786673659158,0.08954296983580753,1.0,0.0
0.11501786673659158,0.09251054736226579,1.0,0.0
0.11501786673659158,0.09547812488872404,1.0,0.0
0.11501786673659158,0.0984457024151823,1.0,0.0
0.11501786673659158,0.10141327994164057,1.0,0.0
0.11501786673659158,0.10438085746809882,1.0,0.0
0.11501786673659158,0.10734843499455707,1.0,0.0
0.11501786673659158,0.11031601252101533,1.0,0.0
0.11501786673659158,0.1132835900474736,1.0,0.0
0.11501786673659158,0.11625116757393185,1.0,0.0
0.11501786673659158,0.1192187451003901,1.0,0.0
0.11501786673659158,0.12218632262684836,1.0,0.0
0.11501786673659158,0.12515390015330663,1.0,0.0
0.11501786673659158,0.1281214776797649,1.0,0.0
0.11501786673659158,0.13108905520622313,1.0,0.0
0.11501786673659158,0.1340566327326814,1.0,0.0
0.11501786673659158,0.13702421025913966,1.0,0.0
0.11501786673659158,0.1399917877855979,1.0,0.0
0.11501786673659158,0.14295936531205616,1.0,0.0
0.11501786673659158,0.14592694283851443,1.0,0.0
0.11501786673659158,0.1488945203649727,1.0,0.0
0.11501786673659158,0.15186209789143096,1.0,0.0
0.11501786673659158,0.1548296754178892,1.0,0.0
0.11501786673659158,0.15779725294434746,1.0,0.0
0.11501786673659158,0.16076483047080573,1.0,0.0
0.11501786673659158,0.16373240799726396,1.0,0.0
0.11501786673659158,0.16669998552372223,1.0,0.0
0.11501786673659158,0.1696675630501805,1.0,0.0
0.11501786673659158,0.17263514057663876,1.0,0.0
0.11501786673659158,0.17560271810309702,1.0,0.0
0.11501786673659158,0.17857029562955526,1.0,0.0
0.11501786673659158,0.18153787315601352,1.0,0.0
0.11501786673659158,0.1845054506824718,1.0,0.0
0.11798544426304983,0.07173750467705797,1.0,0.0
0.11798544426304983,0.07470508220351624,1.0,0.0
0.11798544426304983,0.0776726597299745,1.0,0.0
0.11798544426304983,0.08064023725643275,1.0,0.0
0.11798544426304983,0.083607814782891,1.0,0.0
0.11798544426304983,0.08657539230934927,1.0,0.0
0.11798544426304983,0.08954296983580753,1.0,0.0
0.11798544426304983,0.09251054736226579,1.0,0.0
0.11798544426304983,0.09547812488872404,1.0,0.0
0.11798544426304983,0.0984457024151823,1.0,0.0
0.11798544426304983,0.10141327994164057,1.0,0.0
0.11798544426304983,0.10438085746809882,1.0,0.0
0.11798544426304983,0.10734843499455707,1.0,0.0
0.11798544426304983,0.11031601252101533,1.0,0.0
0.11798544426304983,0.1132835900474736,1.0,0.0
0.11798544426304983,0.11625116757393185,1.0,0.0
0.11798544426304983,0.1192187451003901,1.0,0.0
0.11798544426304983,0.12218632262684836,1.0,0.0
0.11798544426304983,0.12515390015330663,1.0,0.0
0.11798544426304983,0.1281214776797649,1.0,0.0
0.11798544426304983,0.13108905520622313,1.0,0.0
0.11798544426304983,0.1340566327326814,1.0,0.0
0.11798544426304983,0.13702421025913966,1.0,0.0
0.11798544426304983,0.1399917877855979,1.0,0.0
0.11798544426304983,0.14295936531205616,1.0,0.0
0.11798544426304983,0.14592694283851443,1.0,0.0
0.11798544426304983,0.1488945203649727,1.0,0.0
0.11798544426304983,0.15186209789143096,1.0,0.0
0.11798544426304983,0.1548296754178892,1.0,0.0
0.11798544426304983,0.15779725294434746,1.0,0.0
0.11798544426304983,0.16076483047080573,1.0,0.0
0.11798544426304983,0.16373240799726396,1.0,0.0
0.11798544426304983,0.16669998552372223,1.0,0.0
0.11798544426304983,0.1696675630501805,1.0,0.0
0.11798544426304983,0.17263514057663876,1.0,0.0
0.11798544426304983,0.17560271810309702,1.0,0.0
0.11798544426304983,0.17857029562955526,1.0,0.0
0.11798544426304983,0.18153787315601352,1.0,0.0
0.11798544426304983,0.1845054506824718,1.0,0.0
0.12095302178950809,0.07173750467705797,1.0,0.0
0.12095302178950809,0.07470508220351624,1.0,0.0
0.12095302178950809,0.0776726597299745,1.0,0.0
0.12095302178950809,0.08064023725643275,1.0,0.0
0.12095302178950809,0.083607814782891,1.0,0.0
0.12095302178950809,0.08657539230934927,1.0,0.0
0.12095302178950809,0.08954296983580753,1.0,0.0
0.12095302178950809,0.09251054736226579,1.0,0.0
0.12095302178950809,0.09547812488872404,1.0,0.0
0.12095302178950809,0.0984457024151823,1.0,0.0
0.12095302178950809,0.10141327994164057,1.0,0.0
0.12095302178950809,0.10438085746809882,1.0,0.0
0.12095302178950809,0.10734843499455707,1.0,0.0
0.12095302178950809,0.11031601252101533,1.0,0.0
0.12095302178950809,0.1132835900474736,1.0,0.0
0.12095302178950809,0.11625116757393185,1.0,0.0
0.12095302178950809,0.1192187451003901,1.0,0.0
0.12095302178950809,0.12218632262684836,1.0,0.0
0.12095302178950809,0.12515390015330663,1.0,0.0
0.12095302178950809,0.1281214776797649,1.0,0.0
0.12095302178950809,0.13108905520622313,1.0,0.0
0.12095302178950809,0.1340566327326814,1.0,0.0
0.12095302178950809,0.13702421025913966,1.0,0.0
0.12095302178950809,0.1399917877855979,1.0,0.0
0.12095302178950809,0.14295936531205616,1.0,0.0
0.12095302178950809,0.14592694283851443,1.0,0.0
0.12095302178950809,0.1488945203649727,1.0,0.0
0.12095302178950809,0.15186209789143096,1.0,0.0
0.12095302178950809,0.1548296754178892,1.0,0.0
0.12095302178950809,0.15779725294434746,1.0,0.0
0.12095302178950809,0.16076483047080573,1.0,0.0
0.12095302178950809,0.16373240799726396,1.0,0.0
0.12095302178950809,0.16669998552372223,1.0,0.0
0.12095302178950809,0.1696675630501805,1.0,0.0
0.12095302178950809,0.17263514057663876,1.0,0.0
0.12095302178950809,0.17560271810309702,1.0,0.0
0.12095302178950809,0.17857029562955526,1.0,0.0
0.12095302178950809,0.18153787315601352,1.0,0.0
0.12392059931596636,0.07173750467705797,1.0,0.0
0.12392059931596636,0.07470508220351624,1.0,0.0
0.12392059931596636,0.0776726597299745,1.0,0.0
0.12392059931596636,0.08064023725643275,1.0,0.0
0.12392059931596636,0.083607814782891,1.0,0.0
0.12392059931596636,0.08657539230934927,1.0,0.0
0.12392059931596636,0.08954296983580753,1.0,0.0
0.12392059931596636,0.09251054736226579,1.0,0.0
0.12392059931596636,0.09547812488872404,1.0,0.0
0.12392059931596636,0.0984457024151823,1.0,0.0
0.12392059931596636,0.10141327994164057,1.0,0.0
0.12392059931596636,0.10438085746809882,1.0,0.0
0.12392059931596636,0.10734843499455707,1.0,0.0
0.12392059931596636,0.11031601252101533,1.0,0.0
0.12392059931596636,0.1132835900474736,1.0,0.0
0.12392059931596636,0.11625116757393185,1.0,0.0
0.12392059931596636,0.1192187451003901,1.0,0.0
0.12392059931596636,0.12218632262684836,1.0,0.0
0.12392059931596636,0.12515390015330663,1.0,0.0
0.12392059931596636,0.1281214776797649,1.0,0.0
0.12392059931596636,0.13108905520622313,1.0,0.0
0.12392059931596636,0.1340566327326814,1.0,0.0
0.12392059931596636,0.13702421025913966,1.0,0.0
0.12392059931596636,0.1399917877855979,1.0,0.0
0.12392059931596636,0.14295936531205616,1.0,0.0
0.12392059931596636,0.14592694283851443,1.0,0.0
0.12392059931596636,0.1488945203649727,1.0,0.0
0.12392059931596636,0.15186209789143096,1.0,0.0
0.12392059931596636,0.1548296754178892,1.0,0.0
0.12392059931596636,0.15779725294434746,1.0,0.0
0.12392059931596636,0.16076483047080573,1.0,0.0
0.12392059931596636,0.16373240799726396,1.0,0.0
0.12392059931596636,0.16669998552372223,1.0,0.0
0.12392059931596636,0.1696675630501805,1.0,0.0
0.12392059931596636,0.17263514057663876,1.0,0.0
0.12392059931596636,0.17560271810309702,1.0,0.0
0.12392059931596636,0.17857029562955526,1.0,0.0
0.12688817684242462,0.07470508220351624,1.0,0.0
0.12688817684242462,0.0776726597299745,1.0,0.0
0.12688817684242462,0.08064023725643275,1.0,0.0
0.12688817684242462,0.083607814782891,1.0,0.0
0.12688817684242462,0.08657539230934927,1.0,0.0
0.12688817684242462,0.08954296983580753,1.0,0.0
0.12688817684242462,0.09251054736226579,1.0,0.0
0.12688817684242462,0.09547812488872404,1.0,0.0
0.12688817684242462,0.0984457024151823,1.0,0.0
0.12688817684242462,0.10141327994164057,1.0,0.0
0.12688817684242462,0.10438085746809882,1.0,0.0
0.12688817684242462,0.10734843499455707,1.0,0.0
0.12688817684242462,0.11031601252101533,1.0,0.0
0.12688817684242462,0.1132835900474736,1.0,0.0
0.12688817684242462,0.11625116757393185,1.0,0.0
0.12688817684242462,0.1192187451003901,1.0,0.0
0.12688817684242462,0.12218632262684836,1.0,0.0
0.12688817684242462,0.12515390015330663,1.0,0.0
0.12688817684242462,0.1281214776797649,1.0,0.0
0.12688817684242462,0.13108905520622313,1.0,0.0
0.12688817684242462,0.1340566327326814,1.0,0.0
0.12688817684242462,0.13702421025913966,1.0,0.0
0.12688817684242462,0.1399917877855979,1.0,0.0
0.12688817684242462,0.14295936531205616,1.0,0.0
0.12688817684242462,0.14592694283851443,1.0,0.0
0.12688817684242462,0.1488945203649727,1.0,0.0
0.12688817684242462,0.15186209789143096,1.0,0.0
0.12688817684242462,0.1548296754178892,1.0,0.0
0.12688817684242462,0.15779725294434746,1.0,0.0
0.12688817684242462,0.16076483047080573,1.0,0.0
0.12688817684242462,0.16373240799726396,1.0,0.0
0.12688817684242462,0.16669998552372223,1.0,0.0
0.12688817684242462,0.1696675630501805,1.0,0.0
0.12688817684242462,0.17263514057663876,1.0,0.0
0.1298557543688829,0.07470508220351624,1.0,0.0
0.1298557543688829,0.0776726597299745,1.0,0.0
0.1298557543688829,0.08064023725643275,1.0,0.0
0.1298557543688829,0.083607814782891,1.0,0.0
0.1298557543688829,0.08657539230934927,1.0,0.0
0.1298557543688829,0.08954296983580753,1.0,0.0
0.1298557543688829,0.09251054736226579,1.0,0.0
0.1298557543688829,0.09547812488872404,1.0,0.0
0.1298557543688829,0.0984457024151823,1.0,0.0
0.1298557543688829,0.10141327994164057,1.0,0.0
0.1298557543688829,0.10438085746809882,1.0,0.0
0.1298557543688829,0.10734843499455707,1.0,0.0
0.1298557543688829,0.11031601252101533,1.0,0.0
0.1298557543688829,0.1132835900474736,1.0,0.0
0.1298557543688829,0.11625116757393185,1.0,0.0
0.1298557543688829,0.1192187451003901,1.0,0.0
0.1298557543688829,0.12218632262684836,1.0,0.0
0.1298557543688829,0.12515390015330663,1.0,0.0
0.1298557543688829,0.1281214776797649,1.0,0.0
0.1298557543688829,0.13108905520622313,1.0,0.0
0.1298557543688829,0.1340566327326814,1.0,0.0
0.1298557543688829,0.13702421025913966,1.0,0.0
0.1298557543688829,0.1399917877855979,1.0,0.0
0.1298557543688829,0.14295936531205616,1.0,0.0
0.1298557543688829,0.14592694283851443,1.0,0.0
0.1298557543688829,0.1488945203649727,1.0,0.0
0.1298557543688829,0.15186209789143096,1.0,0.0
0.1298557543688829,0.1548296754178892,1.0,0.0
0.1298557543688829,0.15779725294434746,1.0,0.0
0.1298557543688829,0.16076483047080573,1.0,0.0
0.1298557543688829,0.16373240799726396,1.0,0.0
0.1298557543688829,0.16669998552372223,1.0,0.0
0.1298557543688829,0.1696675630501805,1.0,0.0
0.1298557543688829,0.17263514057663876,1.0,0.0
0.13282333189534115,0.0776726597299745,1.0,0.0
0.13282333189534115,0.08064023725643275,1.0,0.0
0.13282333189534115,0.083607814782891,1.0,0.0
0.13282333189534115,0.08657539230934927,1.0,0.0
0.13282333189534115,0.08954296983580753,1.0,0.0
0.13282333189534115,0.09251054736226579,1.0,0.0
0.13282333189534115,0.09547812488872404,1.0,0.0
0.13282333189534115,0.0984457024151823,1.0,0.0
0.13282333189534115,0.10141327994164057,1.0,0.0
0.13282333189534115,0.10438085746809882,1.0,0.0
0.13282333189534115,0.10734843499455707,1.0,0.0
0.13282333189534115,0.11031601252101533,1.0,0.0
0.13282333189534115,0.1132835900474736,1.0,0.0
0.13282333189534115,0.11625116757393185,1.0,0.0
0.13282333189534115,0.1192187451003901,1.0,0.0
0.13282333189534115,0.12218632262684836,1.0,0.0
0.13282333189534115,0.12515390015330663,1.0,0.0
0.13282333189534115,0.1281214776797649,1.0,0.0
0.13282333189534115,0.13108905520622313,1.0,0.0
0.13282333189534115,0.1340566327326814,1.0,0.0
0.13282333189534115,0.13702421025913966,1.0,0.0
0.13282333189534115,0.1399917877855979,1.0,0.0
0.13282333189534115,0.14295936531205616,1.0,0.0
0.13282333189534115,0.14592694283851443,1.0,0.0
0.13282333189534115,0.1488945203649727,1.0,0.0
0.13282333189534115,0.15186209789143096,1.0,0.0
0.13282333189534115,0.1548296754178892,1.0,0.0
0.13282333189534115,0.15779725294434746,1.0,0.0
0.13282333189534115,0.16076483047080573,1.0,0.0
0.13282333189534115,0.16373240799726396,1.0,0.0
0.13282333189534115,0.16669998552372223,1.0,0.0
0.13282333189534115,0.1696675630501805,1.0,0.0
0.1357909094217994,0.0776726597299745,1.0,0.0
0.1357909094217994,0.08064023725643275,1.0,0.0
0.1357909094217994,0.083607814782891,1.0,0.0
0.1357909094217994,0.08657539230934927,1.0,0.0
0.1357909094217994,0.08954296983580753,1.0,0.0
0.1357909094217994,0.09251054736226579,1.0,0.0
0.1357909094217994,0.09547812488872404,1.0,0.0
0.1357909094217994,0.0984457024151823,1.0,0.0
0.1357909094217994,0.10141327994164057,1.0,0.0
0.1357909094217994,0.10438085746809882,1.0,0.0
0.1357909094217994,0.10734843499455707,1.0,0.0
0.1357909094217994,0.11031601252101533,1.0,0.0
0.1357909094217994,0.1132835900474736,1.0,0.0
0.1357909094217994,0.11625116757393185,1.0,0.0
0.1357909094217994,0.1192187451003901,1.0,0.0
0.1357909094217994,0.12218632262684836,1.0,0.0
0.1357909094217994,0.12515390015330663,1.0,0.0
0.1357909094217994,0.1281214776797649,1.0,0.0
0.1357909094217994,0.13108905520622313,1.0,0.0
0.1357909094217994,0.1340566327326814,1.0,0.0
0.1357909094217994,0.13702421025913966,1.0,0.0
0.1357909094217994,0.1399917877855979,1.0,0.0
0.1357909094217994,0.14295936531205616,1.0,0.0
0.1357909094217994,0.14592694283851443,1.0,0.0
0.1357909094217994,0.1488945203649727,1.0,0.0
0.1357909094217994,0.15186209789143096,1.0,0.0
0.1357909094217994,0.1548296754178892,1.0,0.0
0.1357909094217994,0.15779725294434746,1.0,0.0
0.1357909094217994,0.16076483047080573,1.0,0.0
0.1357909094217994,0.16373240799726396,1.0,0.0
0.1357909094217994,0.16669998552372223,1.0,0.0
0.13875848694825765,0.0776726597299745,1.0,0.0
0.13875848694825765,0.08064023725643275,1.0,0.0
0.13875848694825765,0.083607814782891,1.0,0.0
0.13875848694825765,0.08657539230934927,1.0,0.0
0.13875848694825765,0.08954296983580753,1.0,0.0
0.13875848694825765,0.09251054736226579,1.0,0.0
0.13875848694825765,0.09547812488872404,1.0,0.0
0.13875848694825765,0.0984457024151823,1.0,0.0
0.13875848694825765,0.10141327994164057,1.0,0.0
0.13875848694825765,0.10438085746809882,1.0,0.0
0.13875848694825765,0.10734843499455707,1.0,0.0
0.13875848694825765,0.11031601252101533,1.0,0.0
0.13875848694825765,0.1132835900474736,1.0,0.0
0.13875848694825765,0.11625116757393185,1.0,0.0
0.13875848694825765,0.1192187451003901,1.0,0.0
0.13875848694825765,0.12218632262684836,1.0,0.0
0.13875848694825765,0.12515390015330663,1.0,0.0
0.13875848694825765,0.1281214776797649,1.0,0.0
0.13875848694825765,0.13108905520622313,1.0,0.0
0.13875848694825765,0.1340566327326814,1.0,0.0
0.13875848694825765,0.13702421025913966,1.0,0.0
0.13875848694825765,0.1399917877855979,1.0,0.0
0.13875848694825765,0.14295936531205616,1.0,0.0
0.13875848694825765,0.14592694283851443,1.0,0.0
0.13875848694825765,0.1488945203649727,1.0,0.0
0.13875848694825765,0.15186209789143096,1.0,0.0
0.13875848694825765,0.1548296754178892,1.0,0.0
0.13875848694825765,0.15779725294434746,1.0,0.0
0.13875848694825765,0.16076483047080573,1.0,0.0
0.13875848694825765,0.16373240799726396,1.0,0.0
0.13875848694825765,0.16669998552372223,1.0,0.0
0.14172606447471592,0.0776726597299745,1.0,0.0
0.14172606447471592,0.08064023725643275,1.0,0.0
0.14172606447471592,0.083607814782891,1.0,0.0
0.14172606447471592,0.08657539230934927,1.0,0.0
0.14172606447471592,0.08954296983580753,1.0,0.0
0.14172606447471592,0.09251054736226579,1.0,0.0
0.14172606447471592,0.09547812488872404,1.0,0.0
0.14172606447471592,0.0984457024151823,1.0,0.0
0.14172606447471592,0.10141327994164057,1.0,0.0
0.14172606447471592,0.10438085746809882,1.0,0.0
0.14172606447471592,0.10734843499455707,1.0,0.0
0.14172606447471592,0.11031601252101533,1.0,0.0
0.14172606447471592,0.1132835900474736,1.0,0.0
0.14172606447471592,0.11625116757393185,1.0,0.0
0.14172606447471592,0.1192187451003901,1.0,0.0
0.14172606447471592,0.12218632262684836,1.0,0.0
0.14172606447471592,0.12515390015330663,1.0,0.0
0.14172606447471592,0.1281214776797649,1.0,0.0
0.14172606447471592,0.13108905520622313,1.0,0.0
0.14172606447471592,0.1340566327326814,1.0,0.0
0.14172606447471592,0.13702421025913966,1.0,0.0
0.14172606447471592,0.1399917877855979,1.0,0.0
0.14172606447471592,0.14295936531205616,1.0,0.0
0.14172606447471592,0.14592694283851443,1.0,0.0
0.14172606447471592,0.1488945203649727,1.0,0.0
0.14172606447471592,0.15186209789143096,1.0,0.0
0.14172606447471592,0.1548296754178892,1.0,0.0
0.14172606447471592,0.15779725294434746,1.0,0.0
0.14172606447471592,0.16076483047080573,1.0,0.0
0.14172606447471592,0.16373240799726396,1.0,0.0
0.14172606447471592,0.16669998552372223,1.0,0.0
0.14469364200117418,0.0776726597299745,1.0,0.0
0.14469364200117418,0.08064023725643275,1.0,0.0
0.14469364200117418,0.083607814782891,1.0,0.0
0.14469364200117418,0.08657539230934927,1.0,0.0
0.14469364200117418,0.08954296983580753,1.0,0.0
0.14469364200117418,0.09251054736226579,1.0,0.0
0.14469364200117418,0.09547812488872404,1.0,0.0
0.14469364200117418,0.0984457024151823,1.0,0.0
0.14469364200117418,0.10141327994164057,1.0,0.0
0.14469364200117418,0.10438085746809882,1.0,0.0
0.14469364200117418,0.10734843499455707,1.0,0.0
0.14469364200117418,0.11031601252101533,1.0,0.0
0.14469364200117418,0.1132835900474736,1.0,0.0
0.14469364200117418,0.11625116757393185,1.0,0.0
0.14469364200117418,0.1192187451003901,1.0,0.0
0.14469364200117418,0.12218632262684836,1.0,0.0
0.14469364200117418,0.12515390015330663,1.0,0.0
0.14469364200117418,0.1281214776797649,1.0,0.0
0.14469364200117418,0.13108905520622313,1.0,0.0
0.14469364200117418,0.1340566327326814,1.0,0.0
0.14469364200117418,0.13702421025913966,1.0,0.0
0.14469364200117418,0.1399917877855979,1.0,0.0
0.14469364200117418,0.14295936531205616,1.0,0.0
0.14469364200117418,0.14592694283851443,1.0,0.0
0.14469364200117418,0.1488945203649727,1.0,0.0
0.14469364200117418,0.15186209789143096,1.0,0.0
0.14469364200117418,0.1548296754178892,1.0,0.0
0.14469364200117418,0.15779725294434746,1.0,0.0
0.14469364200117418,0.16076483047080573,1.0,0.0
0.14469364200117418,0.16373240799726396,1.0,0.0
0.14469364200117418,0.16669998552372223,1.0,0.0
0.14766121952763245,0.08064023725643275,1.0,0.0
0.14766121952763245,0.083607814782891,1.0,0.0
0.14766121952763245,0.08657539230934927,1.0,0.0
0.14766121952763245,0.08954296983580753,1.0,0.0
0.14766121952763245,0.09251054736226579,1.0,0.0
0.14766121952763245,0.09547812488872404,1.0,0.0
0.14766121952763245,0.0984457024151823,1.0,0.0
0.14766121952763245,0.10141327994164057,1.0,0.0
0.14766121952763245,0.10438085746809882,1.0,0.0
0.14766121952763245,0.10734843499455707,1.0,0.0
0.14766121952763245,0.11031601252101533,1.0,0.0
0.14766121952763245,0.1132835900474736,1.0,0.0
0.14766121952763245,0.11625116757393185,1.0,0.0
0.14766121952763245,0.1192187451003901,1.0,0.0
0.14766121952763245,0.12218632262684836,1.0,0.0
0.14766121952763245,0.12515390015330663,1.0,0.0
0.14766121952763245,0.1281214776797649,1.0,0.0
0.14766121952763245,0.13108905520622313,1.0,0.0
0.14766121952763245,0.1340566327326814,1.0,0.0
0.14766121952763245,0.13702421025913966,1.0,0.0
0.14766121952763245,0.1399917877855979,1.0,0.0
0.14766121952763245,0.14295936531205616,1.0,0.0
0.14766121952763245,0.14592694283851443,1.0,0.0
0.14766121952763245,0.1488945203649727,1.0,0.0
0.14766121952763245,0.15186209789143096,1.0,0.0
0.14766121952763245,0.1548296754178892,1.0,0.0
0.14766121952763245,0.15779725294434746,1.0,0.0
0.14766121952763245,0.16076483047080573,1.0,0.0
0.14766121952763245,0.16373240799726396,1.0,0.0
0.1506287970540907,0.08064023725643275,1.0,0.0
0.1506287970540907,0.083607814782891,1.0,0.0
0.1506287970540907,0.08657539230934927,1.0,0.0
0.1506287970540907,0.08954296983580753,1.0,0.0
0.1506287970540907,0.09251054736226579,1.0,0.0
0.1506287970540907,0.09547812488872404,1.0,0.0
0.1506287970540907,0.0984457024151823,1.0,0.0
0.1506287970540907,0.10141327994164057,1.0,0.0
0.1506287970540907,0.10438085746809882,1.0,0.0
0.1506287970540907,0.10734843499455707,1.0,0.0
0.1506287970540907,0.11031601252101533,1.0,0.0
0.1506287970540907,0.1132835900474736,1.0,0.0
0.1506287970540907,0.11625116757393185,1.0,0.0
0.1506287970540907,0.1192187451003901,1.0,0.0
0.1506287970540907,0.12218632262684836,1.0,0.0
0.1506287970540907,0.12515390015330663,1.0,0.0
0.1506287970540907,0.1281214776797649,1.0,0.0
0.1506287970540907,0.13108905520622313,1.0,0.0
0.1506287970540907,0.1340566327326814,1.0,0.0
0.1506287970540907,0.13702421025913966,1.0,0.0
0.1506287970540907,0.1399917877855979,1.0,0.0
0.1506287970540907,0.14295936531205616,1.0,0.0
0.1506287970540907,0.14592694283851443,1.0,0.0
0.1506287970540907,0.1488945203649727,1.0,0.0
0.1506287970540907,0.15186209789143096,1.0,0.0
0.1506287970540907,0.1548296754178892,1.0,0.0
0.1506287970540907,0.15779725294434746,1.0,0.0
0.1506287970540907,0.16076483047080573,1.0,0.0
0.15359637458054898,0.09547812488872404,1.0,0.0
0.15359637458054898,0.0984457024151823,1.0,0.0
0.15359637458054898,0.10141327994164057,1.0,0.0
0.15359637458054898,0.10438085746809882,1.0,0.0
0.15359637458054898,0.10734843499455707,1.0,0.0
0.15359637458054898,0.11031601252101533,1.0,0.0
0.15359637458054898,0.1132835900474736,1.0,0.0
0.15359637458054898,0.11625116757393185,1.0,0.0
0.15359637458054898,0.1192187451003901,1.0,0.0
0.15359637458054898,0.12218632262684836,1.0,0.0
0.15359637458054898,0.12515390015330663,1.0,0.0
0.15359637458054898,0.1281214776797649,1.0,0.0
0.15359637458054898,0.13108905520622313,1.0,0.0
0.15359637458054898,0.1340566327326814,1.0,0.0
0.15359637458054898,0.13702421025913966,1.0,0.0
0.15359637458054898,0.1399917877855979,1.0,0.0
0.15359637458054898,0.14295936531205616,1.0,0.0
0.15359637458054898,0.14592694283851443,1.0,0.0
0.15359637458054898,0.1488945203649727,1.0,0.0
0.15359637458054898,0.15186209789143096,1.0,0.0
0.15359637458054898,0.1548296754178892,1.0,0.0
0.15359637458054898,0.15779725294434746,1.0,0.0
0.15359637458054898,0.16076483047080573,1.0,0.0
0.15656395210700724,0.11625116757393185,1.0,0.0
0.15656395210700724,0.1192187451003901,1.0,0.0
0.15656395210700724,0.12218632262684836,1.0,0.0
0.15656395210700724,0.12515390015330663,1.0,0.0
0.15656395210700724,0.1281214776797649,1.0,0.0
0.15656395210700724,0.13108905520622313,1.0,0.0
0.15656395210700724,0.1340566327326814,1.0,0.0
0.15656395210700724,0.13702421025913966,1.0,0.0
0.15656395210700724,0.1399917877855979,1.0,0.0
0.15656395210700724,0.14295936531205616,1.0,0.0
0.15656395210700724,0.14592694283851443,1.0,0.0
0.15656395210700724,0.1488945203649727,1.0,0.0
0.15656395210700724,0.15186209789143096,1.0,0.0
0.15656395210700724,0.1548296754178892,1.0,0.0
0.15656395210700724,0.15779725294434746,1.0,0.0
0.15656395210700724,0.16076483047080573,1.0,0.0
0.1595315296334655,0.1192187451003901,1.0,0.0
0.1595315296334655,0.12218632262684836,1.0,0.0
0.1595315296334655,0.12515390015330663,1.0,0.0
0.1595315296334655,0.1281214776797649,1.0,0.0
0.1595315296334655,0.13108905520622313,1.0,0.0
0.1595315296334655,0.1340566327326814,1.0,0.0
0.1595315296334655,0.13702421025913966,1.0,0.0
0.1595315296334655,0.1399917877855979,1.0,0.0
0.1595315296334655,0.14295936531205616,1.0,0.0
0.1595315296334655,0.14592694283851443,1.0,0.0
0.1595315296334655,0.1488945203649727,1.0,0.0
0.1595315296334655,0.15186209789143096,1.0,0.0
0.1595315296334655,0.1548296754178892,1.0,0.0
0.1595315296334655,0.15779725294434746,1.0,0.0
0.1595315296334655,0.16076483047080573,1.0,0.0
0.16249910715992374,0.1192187451003901,1.0,0.0
0.16249910715992374,0.12218632262684836,1.0,0.0
0.16249910715992374,0.12515390015330663,1.0,0.0
0.16249910715992374,0.1281214776797649,1.0,0.0
0.16249910715992374,0.13108905520622313,1.0,0.0
0.16249910715992374,0.1340566327326814,1.0,0.0
0.16249910715992374,0.13702421025913966,1.0,0.0
0.16249910715992374,0.1399917877855979,1.0,0.0
0.16249910715992374,0.14295936531205616,1.0,0.0
0.16249910715992374,0.14592694283851443,1.0,0.0
0.16249910715992374,0.1488945203649727,1.0,0.0
0.16249910715992374,0.15186209789143096,1.0,0.0
0.16249910715992374,0.1548296754178892,1.0,0.0
0.16249910715992374,0.15779725294434746,1.0,0.0
0.165466684686382,0.11625116757393185,1.0,0.0
0.165466684686382,0.1192187451003901,1.0,0.0
0.165466684686382,0.12218632262684836,1.0,0.0
0.165466684686382,0.12515390015330663,1.0,0.0
0.165466684686382,0.1281214776797649,1.0,0.0
0.165466684686382,0.13108905520622313,1.0,0.0
0.165466684686382,0.1340566327326814,1.0,0.0
0.165466684686382,0.13702421025913966,1.0,0.0
0.165466684686382,0.1399917877855979,1.0,0.0
0.165466684686382,0.14295936531205616,1.0,0.0
0.165466684686382,0.14592694283851443,1.0,0.0
0.165466684686382,0.1488945203649727,1.0,0.0
0.165466684686382,0.15186209789143096,1.0,0.0
0.165466684686382,0.1548296754178892,1.0,0.0
0.165466684686382,0.15779725294434746,1.0,0.0
0.16843426221284027,0.11625116757393185,1.0,0.0
0.16843426221284027,0.1192187451003901,1.0,0.0
0.16843426221284027,0.12218632262684836,1.0,0.0
0.16843426221284027,0.12515390015330663,1.0,0.0
0.16843426221284027,0.1281214776797649,1.0,0.0
0.16843426221284027,0.13108905520622313,1.0,0.0
0.16843426221284027,0.1340566327326814,1.0,0.0
0.16843426221284027,0.13702421025913966,1.0,0.0
0.16843426221284027,0.1399917877855979,1.0,0.0
0.16843426221284027,0.14295936531205616,1.0,0.0
0.16843426221284027,0.14592694283851443,1.0,0.0
0.16843426221284027,0.1488945203649727,1.0,0.0
0.16843426221284027,0.15186209789143096,1.0,0.0
0.16843426221284027,0.1548296754178892,1.0,0.0
0.16843426221284027,0.15779725294434746,1.0,0.0
0.16843426221284027,0.16076483047080573,1.0,0.0
0.17140183973929854,0.11625116757393185,1.0,0.0
0.17140183973929854,0.1192187451003901,1.0,0.0
0.17140183973929854,0.12218632262684836,1.0,0.0
0.17140183973929854,0.12515390015330663,1.0,0.0
0.17140183973929854,0.1281214776797649,1.0,0.0
0.17140183973929854,0.13108905520622313,1.0,0.0
0.17140183973929854,0.1340566327326814,1.0,0.0
0.17140183973929854,0.13702421025913966,1.0,0.0
0.17140183973929854,0.1399917877855979,1.0,0.0
0.17140183973929854,0.14295936531205616,1.0,0.0
0.17140183973929854,0.14592694283851443,1.0,0.0
0.17140183973929854,0.1488945203649727,1.0,0.0
0.17140183973929854,0.15186209789143096,1.0,0.0
0.17140183973929854,0.1548296754178892,1.0,0.0
0.17140183973929854,0.15779725294434746,1.0,0.0
0.17140183973929854,0.16076483047080573,1.0,0.0
0.17140183973929854,0.16373240799726396,1.0,0.0
0.1743694172657568,0.11625116757393185,1.0,0.0
0.1743694172657568,0.1192187451003901,1.0,0.0
0.1743694172657568,0.12218632262684836,1.0,0.0
0.1743694172657568,0.12515390015330663,1.0,0.0
0.1743694172657568,0.1281214776797649,1.0,0.0
0.1743694172657568,0.13108905520622313,1.0,0.0
0.1743694172657568,0.1340566327326814,1.0,0.0
0.1743694172657568,0.13702421025913966,1.0,0.0
0.1743694172657568,0.1399917877855979,1.0,0.0
0.1743694172657568,0.14295936531205616,1.0,0.0
0.1743694172657568,0.14592694283851443,1.0,0.0
0.1743694172657568,0.1488945203649727,1.0,0.0
0.1743694172657568,0.15186209789143096,1.0,0.0
0.1743694172657568,0.1548296754178892,1.0,0.0
0.1743694172657568,0.15779725294434746,1.0,0.0
0.1743694172657568,0.16076483047080573,1.0,0.0
0.1743694172657568,0.16373240799726396,1.0,0.0
0.17733699479221507,0.11625116757393185,1.0,0.0
0.17733699479221507,0.1192187451003901,1.0,0.0
0.17733699479221507,0.12218632262684836,1.0,0.0
0.17733699479221507,0.12515390015330663,1.0,0.0
0.17733699479221507,0.1281214776797649,1.0,0.0
0.17733699479221507,0.13108905520622313,1.0,0.0
0.17733699479221507,0.1340566327326814,1.0,0.0
0.17733699479221507,0.13702421025913966,1.0,0.0
0.17733699479221507,0.1399917877855979,1.0,0.0
0.17733699479221507,0.14295936531205616,1.0,0.0
0.17733699479221507,0.14592694283851443,1.0,0.0
0.17733699479221507,0.1488945203649727,1.0,0.0
0.17733699479221507,0.15186209789143096,1.0,0.0
0.17733699479221507,0.1548296754178892,1.0,0.0
0.17733699479221507,0.15779725294434746,1.0,0.0
0.17733699479221507,0.16076483047080573,1.0,0.0
0.17733699479221507,0.16373240799726396,1.0,0.0
0.17733699479221507,0.16669998552372223,1.0,0.0
0.18030457231867333,0.11625116757393185,1.0,0.0
0.18030457231867333,0.1192187451003901,1.0,0.0
0.18030457231867333,0.12218632262684836,1.0,0.0
0.18030457231867333,0.12515390015330663,1.0,0.0
0.18030457231867333,0.1281214776797649,1.0,0.0
0.18030457231867333,0.13108905520622313,1.0,0.0
0.18030457231867333,0.1340566327326814,1.0,0.0
0.18030457231867333,0.13702421025913966,1.0,0.0
0.18030457231867333,0.1399917877855979,1.0,0.0
0.18030457231867333,0.14295936531205616,1.0,0.0
0.18030457231867333,0.14592694283851443,1.0,0.0
0.18030457231867333,0.1488945203649727,1.0,0.0
0.18030457231867333,0.15186209789143096,1.0,0.0
0.18030457231867333,0.1548296754178892,1.0,0.0
0.18030457231867333,0.15779725294434746,1.0,0.0
0.18030457231867333,0.16076483047080573,1.0,0.0
0.18030457231867333,0.16373240799726396,1.0,0.0
0.18030457231867333,0.16669998552372223,1.0,0.0
0.18030457231867333,0.1696675630501805,1.0,0.0
0.18327214984513157,0.11625116757393185,1.0,0.0
0.18327214984513157,0.1192187451003901,1.0,0.0
0.18327214984513157,0.12218632262684836,1.0,0.0
0.18327214984513157,0.12515390015330663,1.0,0.0
0.18327214984513157,0.1281214776797649,1.0,0.0
0.18327214984513157,0.13108905520622313,1.0,0.0
0.18327214984513157,0.1340566327326814,1.0,0.0
0.18327214984513157,0.13702421025913966,1.0,0.0
0.18327214984513157,0.1399917877855979,1.0,0.0
0.18327214984513157,0.14295936531205616,1.0,0.0
0.18327214984513157,0.14592694283851443,1.0,0.0
0.18327214984513157,0.1488945203649727,1.0,0.0
0.18327214984513157,0.15186209789143096,1.0,0.0
0.18327214984513157,0.1548296754178892,1.0,0.0
0.18327214984513157,0.15779725294434746,1.0,0.0
0.18327214984513157,0.16076483047080573,1.0,0.0
0.18327214984513157,0.16373240799726396,1.0,0.0
0.18327214984513157,0.16669998552372223,1.0,0.0
0.18327214984513157,0.1696675630501805,1.0,0.0
0.18623972737158984,0.11625116757393185,1.0,0.0
0.18623972737158984,0.1192187451003901,1.0,0.0
0.18623972737158984,0.12218632262684836,1.0,0.0
0.18623972737158984,0.12515390015330663,1.0,0.0
0.18623972737158984,0.1281214776797649,1.0,0.0
0.18623972737158984,0.13108905520622313,1.0,0.0
0.18623972737158984,0.1340566327326814,1.0,0.0
0.18623972737158984,0.13702421025913966,1.0,0.0
0.18623972737158984,0.1399917877855979,1.0,0.0
0.18623972737158984,0.14295936531205616,1.0,0.0
0.18623972737158984,0.14592694283851443,1.0,0.0
0.18623972737158984,0.1488945203649727,1.0,0.0
0.18623972737158984,0.15186209789143096,1.0,0.0
0.18623972737158984,0.1548296754178892,1.0,0.0
0.18623972737158984,0.15779725294434746,1.0,0.0
0.18623972737158984,0.16076483047080573,1.0,0.0
0.18623972737158984,0.16373240799726396,1.0,0.0
0.18623972737158984,0.16669998552372223,1.0,0.0
0.18623972737158984,0.1696675630501805,1.0,0.0
0.18623972737158984,0.17263514057663876,1.0,0.0
0.1892073048980481,0.1132835900474736,1.0,0.0
0.1892073048980481,0.11625116757393185,1.0,0.0
0.1892073048980481,0.1192187451003901,1.0,0.0
0.1892073048980481,0.12218632262684836,1.0,0.0
0.1892073048980481,0.12515390015330663,1.0,0.0
0.1892073048980481,0.1281214776797649,1.0,0.0
0.1892073048980481,0.13108905520622313,1.0,0.0
0.1892073048980481,0.1340566327326814,1.0,0.0
0.1892073048980481,0.13702421025913966,1.0,0.0
0.1892073048980481,0.1399917877855979,1.0,0.0
0.1892073048980481,0.14295936531205616,1.0,0.0
0.1892073048980481,0.14592694283851443,1.0,0.0
0.1892073048980481,0.1488945203649727,1.0,0.0
0.1892073048980481,0.15186209789143096,1.0,0.0
0.1892073048980481,0.1548296754178892,1.0,0.0
0.1892073048980481,0.15779725294434746,1.0,0.0
0.1892073048980481,0.16076483047080573,1.0,0.0
0.1892073048980481,0.16373240799726396,1.0,0.0
0.1892073048980481,0.16669998552372223,1.0,0.0
0.1892073048980481,0.1696675630501805,1.0,0.0
0.1892073048980481,0.17263514057663876,1.0,0.0
0.1892073048980481,0.17560271810309702,1.0,0.0
0.19217488242450637,0.1132835900474736,1.0,0.0
0.19217488242450637,0.11625116757393185,1.0,0.0
0.19217488242450637,0.1192187451003901,1.0,0.0
0.19217488242450637,0.12218632262684836,1.0,0.0
0.19217488242450637,0.12515390015330663,1.0,0.0
0.19217488242450637,0.1281214776797649,1.0,0.0
0.19217488242450637,0.13108905520622313,1.0,0.0
0.19217488242450637,0.1340566327326814,1.0,0.0
0.19217488242450637,0.13702421025913966,1.0,0.0
0.19217488242450637,0.1399917877855979,1.0,0.0
0.19217488242450637,0.14295936531205616,1.0,0.0
0.19217488242450637,0.14592694283851443,1.0,0.0
0.19217488242450637,0.1488945203649727,1.0,0.0
0.19217488242450637,0.15186209789143096,1.0,0.0
0.19217488242450637,0.1548296754178892,1.0,0.0
0.19217488242450637,0.15779725294434746,1.0,0.0
0.19217488242450637,0.16076483047080573,1.0,0.0
0.19217488242450637,0.16373240799726396,1.0,0.0
0.19217488242450637,0.16669998552372223,1.0,0.0
0.19217488242450637,0.1696675630501805,1.0,0.0
0.19217488242450637,0.17263514057663876,1.0,0.0
0.19217488242450637,0.17560271810309702,1.0,0.0
0.19217488242450637,0.17857029562955526,1.0,0.0
0.19217488242450637,0.1845054506824718,1.0,0.0
0.19217488242450637,0.18747302820893003,1.0,0.0
0.19217488242450637,0.1904406057353883,1.0,0.0
0.19514245995096463,0.11031601252101533,1.0,0.0
0.19514245995096463,0.1132835900474736,1.0,0.0
0.19514245995096463,0.11625116757393185,1.0,0.0
0.19514245995096463,0.1192187451003901,1.0,0.0
0.19514245995096463,0.12218632262684836,1.0,0.0
0.19514245995096463,0.12515390015330663,1.0,0.0
0.19514245995096463,0.1281214776797649,1.0,0.0
0.19514245995096463,0.13108905520622313,1.0,0.0
0.19514245995096463,0.1340566327326814,1.0,0.0
0.19514245995096463,0.13702421025913966,1.0,0.0
0.19514245995096463,0.1399917877855979,1.0,0.0
0.19514245995096463,0.14295936531205616,1.0,0.0
0.19514245995096463,0.14592694283851443,1.0,0.0
0.19514245995096463,0.1488945203649727,1.0,0.0
0.19514245995096463,0.15186209789143096,1.0,0.0
0.19514245995096463,0.1548296754178892,1.0,0.0
0.19514245995096463,0.15779725294434746,1.0,0.0
0.19514245995096463,0.16076483047080573,1.0,0.0
0.19514245995096463,0.16373240799726396,1.0,0.0
0.19514245995096463,0.16669998552372223,1.0,0.0
0.19514245995096463,0.1696675630501805,1.0,0.0
0.19514245995096463,0.17263514057663876,1.0,0.0
0.19514245995096463,0.17560271810309702,1.0,0.0
0.19514245995096463,0.17857029562955526,1.0,0.0
0.19514245995096463,0.18153787315601352,1.0,0.0
0.19514245995096463,0.1845054506824718,1.0,0.0
0.19514245995096463,0.18747302820893003,1.0,0.0
0.19514245995096463,0.1904406057353883,1.0,0.0
0.19514245995096463,0.19340818326184656,1.0,0.0
0.1981100374774229,0.11031601252101533,1.0,0.0
0.1981100374774229,0.1132835900474736,1.0,0.0
0.1981100374774229,0.11625116757393185,1.0,0.0
0.1981100374774229,0.1192187451003901,1.0,0.0
0.1981100374774229,0.12218632262684836,1.0,0.0
0.1981100374774229,0.12515390015330663,1.0,0.0
0.1981100374774229,0.1281214776797649,1.0,0.0
0.1981100374774229,0.13108905520622313,1.0,0.0
0.1981100374774229,0.1340566327326814,1.0,0.0
0.1981100374774229,0.13702421025913966,1.0,0.0
0.1981100374774229,0.1399917877855979,1.0,0.0
0.1981100374774229,0.14295936531205616,1.0,0.0
0.1981100374774229,0.14592694283851443,1.0,0.0
0.1981100374774229,0.1488945203649727,1.0,0.0
0.1981100374774229,0.15186209789143096,1.0,0.0
0.1981100374774229,0.1548296754178892,1.0,0.0
0.1981100374774229,0.15779725294434746,1.0,0.0
0.1981100374774229,0.16076483047080573,1.0,0.0
0.1981100374774229,0.16373240799726396,1.0,0.0
0.1981100374774229,0.16669998552372223,1.0,0.0
0.1981100374774229,0.1696675630501805,1.0,0.0
0.1981100374774229,0.17263514057663876,1.0,0.0
0.1981100374774229,0.17560271810309702,1.0,0.0
0.1981100374774229,0.17857029562955526,1.0,0.0
0.1981100374774229,0.18153787315601352,1.0,0.0
0.1981100374774229,0.1845054506824718,1.0,0.0
0.1981100374774229,0.18747302820893003,1.0,0.0
0.1981100374774229,0.1904406057353883,1.0,0.0
0.1981100374774229,0.19340818326184656,1.0,0.0
0.1981100374774229,0.19637576078830482,1.0,0.0
0.20107761500388116,0.11031601252101533,1.0,0.0
0.20107761500388116,0.1132835900474736,1.0,0.0
0.20107761500388116,0.11625116757393185,1.0,0.0
0.20107761500388116,0.1192187451003901,1.0,0.0
0.20107761500388116,0.12218632262684836,1.0,0.0
0.20107761500388116,0.12515390015330663,1.0,0.0
0.20107761500388116,0.1281214776797649,1.0,0.0
0.20107761500388116,0.13108905520622313,1.0,0.0
0.20107761500388116,0.1340566327326814,1.0,0.0
0.20107761500388116,0.13702421025913966,1.0,0.0
0.20107761500388116,0.1399917877855979,1.0,0.0
0.20107761500388116,0.14295936531205616,1.0,0.0
0.20107761500388116,0.14592694283851443,1.0,0.0
0.20107761500388116,0.1488945203649727,1.0,0.0
0.20107761500388116,0.15186209789143096,1.0,0.0
0.20107761500388116,0.1548296754178892,1.0,0.0
0.20107761500388116,0.15779725294434746,1.0,0.0
0.20107761500388116,0.16076483047080573,1.0,0.0
0.20107761500388116,0.16373240799726396,1.0,0.0
0.20107761500388116,0.16669998552372223,1.0,0.0
0.20107761500388116,0.1696675630501805,1.0,0.0
0.20107761500388116,0.17263514057663876,1.0,0.0
0.20107761500388116,0.17560271810309702,1.0,0.0
0.20107761500388116,0.17857029562955526,1.0,0.0
0.20107761500388116,0.18153787315601352,1.0,0.0
0.20107761500388116,0.1845054506824718,1.0,0.0
0.20107761500388116,0.18747302820893003,1.0,0.0
0.20107761500388116,0.1904406057353883,1.0,0.0
0.20107761500388116,0.19340818326184656,1.0,0.0
0.20107761500388116,0.19637576078830482,1.0,0.0
0.20404519253033943,0.11031601252101533,1.0,0.0
0.20404519253033943,0.1132835900474736,1.0,0.0
0.20404519253033943,0.11625116757393185,1.0,0.0
0.20404519253033943,0.1192187451003901,1.0,0.0
0.20404519253033943,0.12218632262684836,1.0,0.0
0.20404519253033943,0.12515390015330663,1.0,0.0
0.20404519253033943,0.1281214776797649,1.0,0.0
0.20404519253033943,0.13108905520622313,1.0,0.0
0.20404519253033943,0.1340566327326814,1.0,0.0
0.20404519253033943,0.13702421025913966,1.0,0.0
0.20404519253033943,0.1399917877855979,1.0,0.0
0.20404519253033943,0.14295936531205616,1.0,0.0
0.20404519253033943,0.14592694283851443,1.0,0.0
0.20404519253033943,0.1488945203649727,1.0,0.0
0.20404519253033943,0.15186209789143096,1.0,0.0
0.20404519253033943,0.1548296754178892,1.0,0.0
0.20404519253033943,0.15779725294434746,1.0,0.0
0.20404519253033943,0.16076483047080573,1.0,0.0
0.20404519253033943,0.16373240799726396,1.0,0.0
0.20404519253033943,0.16669998552372223,1.0,0.0
0.20404519253033943,0.1696675630501805,1.0,0.0
0.20404519253033943,0.17263514057663876,1.0,0.0
0.20404519253033943,0.17560271810309702,1.0,0.0
0.20404519253033943,0.17857029562955526,1.0,0.0
0.20404519253033943,0.18153787315601352,1.0,0.0
0.20404519253033943,0.1845054506824718,1.0,0.0
0.20404519253033943,0.18747302820893003,1.0,0.0
0.20404519253033943,0.1904406057353883,1.0,0.0
0.20404519253033943,0.19340818326184656,1.0,0.0
0.20404519253033943,0.19637576078830482,1.0,0.0
0.2070127700567977,0.11031601252101533,1.0,0.0
0.2070127700567977,0.1132835900474736,1.0,0.0
0.2070127700567977,0.11625116757393185,1.0,0.0
0.2070127700567977,0.1192187451003901,1.0,0.0
0.2070127700567977,0.12218632262684836,1.0,0.0
0.2070127700567977,0.12515390015330663,1.0,0.0
0.2070127700567977,0.1281214776797649,1.0,0.0
0.2070127700567977,0.13108905520622313,1.0,0.0
0.2070127700567977,0.1340566327326814,1.0,0.0
0.2070127700567977,0.13702421025913966,1.0,0.0
0.2070127700567977,0.1399917877855979,1.0,0.0
0.2070127700567977,0.14295936531205616,1.0,0.0
0.2070127700567977,0.14592694283851443,1.0,0.0
0.2070127700567977,0.1488945203649727,1.0,0.0
0.2070127700567977,0.15186209789143096,1.0,0.0
0.2070127700567977,0.1548296754178892,1.0,0.0
0.2070127700567977,0.15779725294434746,1.0,0.0
0.2070127700567977,0.16076483047080573,1.0,0.0
0.2070127700567977,0.16373240799726396,1.0,0.0
0.2070127700567977,0.16669998552372223,1.0,0.0
0.2070127700567977,0.1696675630501805,1.0,0.0
0.2070127700567977,0.17263514057663876,1.0,0.0
0.2070127700567977,0.17560271810309702,1.0,0.0
0.2070127700567977,0.17857029562955526,1.0,0.0
0.2070127700567977,0.18153787315601352,1.0,0.0
0.2070127700567977,0.1845054506824718,1.0,0.0
0.2070127700567977,0.18747302820893003,1.0,0.0
0.2070127700567977,0.1904406057353883,1.0,0.0
0.2070127700567977,0.19340818326184656,1.0,0.0
0.2070127700567977,0.19637576078830482,1.0,0.0
0.2070127700567977,0.19934333831476309,1.0,0.0
0.20998034758325593,0.11031601252101533,1.0,0.0
0.20998034758325593,0.1132835900474736,1.0,0.0
0.20998034758325593,0.11625116757393185,1.0,0.0
0.20998034758325593,0.1192187451003901,1.0,0.0
0.20998034758325593,0.12218632262684836,1.0,0.0
0.20998034758325593,0.12515390015330663,1.0,0.0
0.20998034758325593,0.1281214776797649,1.0,0.0
0.20998034758325593,0.13108905520622313,1.0,0.0
0.20998034758325593,0.1340566327326814,1.0,0.0
0.20998034758325593,0.13702421025913966,1.0,0.0
0.20998034758325593,0.1399917877855979,1.0,0.0
0.20998034758325593,0.14295936531205616,1.0,0.0
0.20998034758325593,0.14592694283851443,1.0,0.0
0.20998034758325593,0.1488945203649727,1.0,0.0
0.20998034758325593,0.15186209789143096,1.0,0.0
0.20998034758325593,0.1548296754178892,1.0,0.0
0.20998034758325593,0.15779725294434746,1.0,0.0
0.20998034758325593,0.16076483047080573,1.0,0.0
0.20998034758325593,0.16373240799726396,1.0,0.0
0.20998034758325593,0.16669998552372223,1.0,0.0
0.20998034758325593,0.1696675630501805,1.0,0.0
0.20998034758325593,0.17263514057663876,1.0,0.0
0.20998034758325593,0.17560271810309702,1.0,0.0
0.20998034758325593,0.17857029562955526,1.0,0.0
0.20998034758325593,0.18153787315601352,1.0,0.0
0.20998034758325593,0.1845054506824718,1.0,0.0
0.20998034758325593,0.18747302820893003,1.0,0.0
0.20998034758325593,0.1904406057353883,1.0,0.0
0.20998034758325593,0.19340818326184656,1.0,0.0
0.20998034758325593,0.19637576078830482,1.0,0.0
0.20998034758325593,0.19934333831476309,1.0,0.0
0.2129479251097142,0.10734843499455707,1.0,0.0
0.2129479251097142,0.11031601252101533,1.0,0.0
0.2129479251097142,0.1132835900474736,1.0,0.0
0.2129479251097142,0.11625116757393185,1.0,0.0
0.2129479251097142,0.1192187451003901,1.0,0.0
0.2129479251097142,0.12218632262684836,1.0,0.0
0.2129479251097142,0.12515390015330663,1.0,0.0
0.2129479251097142,0.1281214776797649,1.0,0.0
0.2129479251097142,0.13108905520622313,1.0,0.0
0.2129479251097142,0.1340566327326814,1.0,0.0
0.2129479251097142,0.13702421025913966,1.0,0.0
0.2129479251097142,0.1399917877855979,1.0,0.0
0.2129479251097142,0.14295936531205616,1.0,0.0
0.2129479251097142,0.14592694283851443,1.0,0.0
0.2129479251097142,0.1488945203649727,1.0,0.0
0.2129479251097142,0.15186209789143096,1.0,0.0
0.2129479251097142,0.1548296754178892,1.0,0.0
0.2129479251097142,0.15779725294434746,1.0,0.0
0.2129479251097142,0.16076483047080573,1.0,0.0
0.2129479251097142,0.16373240799726396,1.0,0.0
0.2129479251097142,0.16669998552372223,1.0,0.0
0.2129479251097142,0.1696675630501805,1.0,0.0
0.2129479251097142,0.17263514057663876,1.0,0.0
0.2129479251097142,0.17560271810309702,1.0,0.0
0.2129479251097142,0.17857029562955526,1.0,0.0
0.2129479251097142,0.18153787315601352,1.0,0.0
0.2129479251097142,0.1845054506824718,1.0,0.0
0.2129479251097142,0.18747302820893003,1.0,0.0
0.2129479251097142,0.1904406057353883,1.0,0.0
0.2129479251097142,0.19340818326184656,1.0,0.0
0.2129479251097142,0.19637576078830482,1.0,0.0
0.2129479251097142,0.19934333831476309,1.0,0.0
0.2129479251097142,0.20231091584122132,1.0,0.0
0.21591550263617246,0.10734843499455707,1.0,0.0
0.21591550263617246,0.11031601252101533,1.0,0.0
0.21591550263617246,0.1132835900474736,1.0,0.0
0.21591550263617246,0.11625116757393185,1.0,0.0
0.21591550263617246,0.1192187451003901,1.0,0.0
0.21591550263617246,0.12218632262684836,1.0,0.0
0.21591550263617246,0.12515390015330663,1.0,0.0
0.21591550263617246,0.1281214776797649,1.0,0.0
0.21591550263617246,0.13108905520622313,1.0,0.0
0.21591550263617246,0.1340566327326814,1.0,0.0
0.21591550263617246,0.13702421025913966,1.0,0.0
0.21591550263617246,0.1399917877855979,1.0,0.0
0.21591550263617246,0.14295936531205616,1.0,0.0
0.21591550263617246,0.14592694283851443,1.0,0.0
0.21591550263617246,0.1488945203649727,1.0,0.0
0.21591550263617246,0.15186209789143096,1.0,0.0
0.21591550263617246,0.1548296754178892,1.0,0.0
0.21591550263617246,0.15779725294434746,1.0,0.0
0.21591550263617246,0.16076483047080573,1.0,0.0
0.21591550263617246,0.16373240799726396,1.0,0.0
0.21591550263617246,0.16669998552372223,1.0,0.0
0.21591550263617246,0.1696675630501805,1.0,0.0
0.21591550263617246,0.17263514057663876,1.0,0.0
0.21591550263617246,0.17560271810309702,1.0,0.0
0.21591550263617246,0.17857029562955526,1.0,0.0
0.21591550263617246,0.18153787315601352,1.0,0.0
0.21591550263617246,0.1845054506824718,1.0,0.0
0.21591550263617246,0.18747302820893003,1.0,0.0
0.21591550263617246,0.1904406057353883,1.0,0.0
0.21591550263617246,0.19340818326184656,1.0,0.0
0.21591550263617246,0.19637576078830482,1.0,0.0
0.21591550263617246,0.19934333831476309,1.0,0.0
0.21591550263617246,0.20231091584122132,1.0,0.0
0.21888308016263072,0.10734843499455707,1.0,0.0
0.21888308016263072,0.11031601252101533,1.0,0.0
0.21888308016263072,0.1132835900474736,1.0,0.0
0.21888308016263072,0.11625116757393185,1.0,0.0
0.21888308016263072,0.1192187451003901,1.0,0.0
0.21888308016263072,0.12218632262684836,1.0,0.0
0.21888308016263072,0.12515390015330663,1.0,0.0
0.21888308016263072,0.1281214776797649,1.0,0.0
0.21888308016263072,0.13108905520622313,1.0,0.0
0.21888308016263072,0.1340566327326814,1.0,0.0
0.21888308016263072,0.13702421025913966,1.0,0.0
0.21888308016263072,0.1399917877855979,1.0,0.0
0.21888308016263072,0.14295936531205616,1.0,0.0
0.21888308016263072,0.14592694283851443,1.0,0.0
0.21888308016263072,0.1488945203649727,1.0,0.0
0.21888308016263072,0.15186209789143096,1.0,0.0
0.21888308016263072,0.1548296754178892,1.0,0.0
0.21888308016263072,0.15779725294434746,1.0,0.0
0.21888308016263072,0.16076483047080573,1.0,0.0
0.21888308016263072,0.16373240799726396,1.0,0.0
0.21888308016263072,0.16669998552372223,1.0,0.0
0.21888308016263072,0.1696675630501805,1.0,0.0
0.21888308016263072,0.17263514057663876,1.0,0.0
0.21888308016263072,0.17560271810309702,1.0,0.0
0.21888308016263072,0.17857029562955526,1.0,0.0
0.21888308016263072,0.18153787315601352,1.0,0.0
0.21888308016263072,0.1845054506824718,1.0,0.0
0.21888308016263072,0.18747302820893003,1.0,0.0
0.21888308016263072,0.1904406057353883,1.0,0.0
0.21888308016263072,0.19340818326184656,1.0,0.0
0.21888308016263072,0.19637576078830482,1.0,0.0
0.21888308016263072,0.19934333831476309,1.0,0.0
0.21888308016263072,0.20231091584122132,1.0,0.0
0.221850657689089,0.11031601252101533,1.0,0.0
0.221850657689089,0.1132835900474736,1.0,0.0
0.221850657689089,0.11625116757393185,1.0,0.0
0.221850657689089,0.1192187451003901,1.0,0.0
0.221850657689089,0.12218632262684836,1.0,0.0
0.221850657689089,0.12515390015330663,1.0,0.0
0.221850657689089,0.1281214776797649,1.0,0.0
0.221850657689089,0.13108905520622313,1.0,0.0
0.221850657689089,0.1340566327326814,1.0,0.0
0.221850657689089,0.13702421025913966,1.0,0.0
0.221850657689089,0.1399917877855979,1.0,0.0
0.221850657689089,0.14295936531205616,1.0,0.0
0.221850657689089,0.14592694283851443,1.0,0.0
0.221850657689089,0.1488945203649727,1.0,0.0
0.221850657689089,0.15186209789143096,1.0,0.0
0.221850657689089,0.1548296754178892,1.0,0.0
0.221850657689089,0.15779725294434746,1.0,0.0
0.221850657689089,0.16076483047080573,1.0,0.0
0.221850657689089,0.16373240799726396,1.0,0.0
0.221850657689089,0.16669998552372223,1.0,0.0
0.221850657689089,0.1696675630501805,1.0,0.0
0.221850657689089,0.17263514057663876,1.0,0.0
0.221850657689089,0.17560271810309702,1.0,0.0
0.221850657689089,0.17857029562955526,1.0,0.0
0.221850657689089,0.18153787315601352,1.0,0.0
0.221850657689089,0.1845054506824718,1.0,0.0
0.221850657689089,0.18747302820893003,1.0,0.0
0.221850657689089,0.1904406057353883,1.0,0.0
0.221850657689089,0.19340818326184656,1.0,0.0
0.221850657689089,0.19637576078830482,1.0,0.0
0.221850657689089,0.19934333831476309,1.0,0.0
0.221850657689089,0.20231091584122132,1.0,0.0
0.221850657689089,0.2052784933676796,1.0,0.0
0.22481823521554725,0.1132835900474736,1.0,0.0
0.22481823521554725,0.11625116757393185,1.0,0.0
0.22481823521554725,0.1192187451003901,1.0,0.0
0.22481823521554725,0.12218632262684836,1.0,0.0
0.22481823521554725,0.12515390015330663,1.0,0.0
0.22481823521554725,0.1281214776797649,1.0,0.0
0.22481823521554725,0.13108905520622313,1.0,0.0
0.22481823521554725,0.1340566327326814,1.0,0.0
0.22481823521554725,0.13702421025913966,1.0,0.0
0.22481823521554725,0.1399917877855979,1.0,0.0
0.22481823521554725,0.14295936531205616,1.0,0.0
0.22481823521554725,0.14592694283851443,1.0,0.0
0.22481823521554725,0.1488945203649727,1.0,0.0
0.22481823521554725,0.15186209789143096,1.0,0.0
0.22481823521554725,0.1548296754178892,1.0,0.0
0.22481823521554725,0.15779725294434746,1.0,0.0
0.22481823521554725,0.16076483047080573,1.0,0.0
0.22481823521554725,0.16373240799726396,1.0,0.0
0.22481823521554725,0.16669998552372223,1.0,0.0
0.22481823521554725,0.1696675630501805,1.0,0.0
0.22481823521554725,0.17263514057663876,1.0,0.0
0.22481823521554725,0.17560271810309702,1.0,0.0
0.22481823521554725,0.17857029562955526,1.0,0.0
0.22481823521554725,0.18153787315601352,1.0,0.0
0.22481823521554725,0.1845054506824718,1.0,0.0
0.22481823521554725,0.18747302820893003,1.0,0.0
0.22481823521554725,0.1904406057353883,1.0,0.0
0.22481823521554725,0.19340818326184656,1.0,0.0
0.22481823521554725,0.19637576078830482,1.0,0.0
0.22481823521554725,0.19934333831476309,1.0,0.0
0.22481823521554725,0.20231091584122132,1.0,0.0
0.22481823521554725,0.2052784933676796,1.0,0.0
0.22778581274200552,0.11625116757393185,1.0,0.0
0.22778581274200552,0.1192187451003901,1.0,0.0
0.22778581274200552,0.12218632262684836,1.0,0.0
0.22778581274200552,0.12515390015330663,1.0,0.0
0.22778581274200552,0.1281214776797649,1.0,0.0
0.22778581274200552,0.13108905520622313,1.0,0.0
0.22778581274200552,0.1340566327326814,1.0,0.0
0.22778581274200552,0.13702421025913966,1.0,0.0
0.22778581274200552,0.1399917877855979,1.0,0.0
0.22778581274200552,0.14295936531205616,1.0,0.0
0.22778581274200552,0.14592694283851443,1.0,0.0
0.22778581274200552,0.1488945203649727,1.0,0.0
0.22778581274200552,0.15186209789143096,1.0,0.0
0.22778581274200552,0.1548296754178892,1.0,0.0
0.22778581274200552,0.15779725294434746,1.0,0.0
0.22778581274200552,0.16076483047080573,1.0,0.0
0.22778581274200552,0.16373240799726396,1.0,0.0
0.22778581274200552,0.16669998552372223,1.0,0.0
0.22778581274200552,0.1696675630501805,1.0,0.0
0.22778581274200552,0.17263514057663876,1.0,0.0
0.22778581274200552,0.17560271810309702,1.0,0.0
0.22778581274200552,0.17857029562955526,1.0,0.0
0.22778581274200552,0.18153787315601352,1.0,0.0
0.22778581274200552,0.1845054506824718,1.0,0.0
0.22778581274200552,0.18747302820893003,1.0,0.0
0.22778581274200552,0.1904406057353883,1.0,0.0
0.22778581274200552,0.19340818326184656,1.0,0.0
0.22778581274200552,0.19637576078830482,1.0,0.0
0.22778581274200552,0.19934333831476309,1.0,0.0
0.22778581274200552,0.20231091584122132,1.0,0.0
0.22778581274200552,0.2052784933676796,1.0,0.0
0.22778581274200552,0.20824607089413785,1.0,0.0
0.23075339026846375,0.11625116757393185,1.0,0.0
0.23075339026846375,0.1192187451003901,1.0,0.0
0.23075339026846375,0.12218632262684836,1.0,0.0
0.23075339026846375,0.12515390015330663,1.0,0.0
0.23075339026846375,0.1281214776797649,1.0,0.0
0.23075339026846375,0.13108905520622313,1.0,0.0
0.23075339026846375,0.1340566327326814,1.0,0.0
0.23075339026846375,0.13702421025913966,1.0,0.0
0.23075339026846375,0.1399917877855979,1.0,0.0
0.23075339026846375,0.14295936531205616,1.0,0.0
0.23075339026846375,0.14592694283851443,1.0,0.0
0.23075339026846375,0.1488945203649727,1.0,0.0
0.23075339026846375,0.15186209789143096,1.0,0.0
0.23075339026846375,0.1548296754178892,1.0,0.0
0.23075339026846375,0.15779725294434746,1.0,0.0
0.23075339026846375,0.16076483047080573,1.0,0.0
0.23075339026846375,0.16373240799726396,1.0,0.0
0.23075339026846375,0.16669998552372223,1.0,0.0
0.23075339026846375,0.1696675630501805,1.0,0.0
0.23075339026846375,0.17263514057663876,1.0,0.0
0.23075339026846375,0.17560271810309702,1.0,0.0
0.23075339026846375,0.17857029562955526,1.0,0.0
0.23075339026846375,0.18153787315601352,1.0,0.0
0.23075339026846375,0.1845054506824718,1.0,0.0
0.23075339026846375,0.18747302820893003,1.0,0.0
0.23075339026846375,0.1904406057353883,1.0,0.0
0.23075339026846375,0.19340818326184656,1.0,0.0
0.23075339026846375,0.19637576078830482,1.0,0.0
0.23075339026846375,0.19934333831476309,1.0,0.0
0.23075339026846375,0.20231091584122132,1.0,0.0
0.23075339026846375,0.2052784933676796,1.0,0.0
0.23075339026846375,0.20824607089413785,1.0,0.0
0.23372096779492202,0.1192187451003901,1.0,0.0
0.23372096779492202,0.12218632262684836,1.0,0.0
0.23372096779492202,0.12515390015330663,1.0,0.0
0.23372096779492202,0.1281214776797649,1.0,0.0
0.23372096779492202,0.13108905520622313,1.0,0.0
0.23372096779492202,0.1340566327326814,1.0,0.0
0.23372096779492202,0.13702421025913966,1.0,0.0
0.23372096779492202,0.1399917877855979,1.0,0.0
0.23372096779492202,0.14295936531205616,1.0,0.0
0.23372096779492202,0.14592694283851443,1.0,0.0
0.23372096779492202,0.1488945203649727,1.0,0.0
0.23372096779492202,0.15186209789143096,1.0,0.0
0.23372096779492202,0.1548296754178892,1.0,0.0
0.23372096779492202,0.15779725294434746,1.0,0.0
0.23372096779492202,0.16076483047080573,1.0,0.0
0.23372096779492202,0.16373240799726396,1.0,0.0
0.23372096779492202,0.16669998552372223,1.0,0.0
0.23372096779492202,0.1696675630501805,1.0,0.0
0.23372096779492202,0.17263514057663876,1.0,0.0
0.23372096779492202,0.17560271810309702,1.0,0.0
0.23372096779492202,0.17857029562955526,1.0,0.0
0.23372096779492202,0.18153787315601352,1.0,0.0
0.23372096779492202,0.1845054506824718,1.0,0.0
0.23372096779492202,0.18747302820893003,1.0,0.0
0.23372096779492202,0.1904406057353883,1.0,0.0
0.23372096779492202,0.19340818326184656,1.0,0.0
0.23372096779492202,0.19637576078830482,1.0,0.0
0.23372096779492202,0.19934333831476309,1.0,0.0
0.23372096779492202,0.20231091584122132,1.0,0.0
0.23372096779492202,0.2052784933676796,1.0,0.0
0.23372096779492202,0.20824607089413785,1.0,0.0
0.23372096779492202,0.2112136484205961,1.0,0.0
0.23668854532138028,0.1192187451003901,1.0,0.0
0.23668854532138028,0.12218632262684836,1.0,0.0
0.23668854532138028,0.12515390015330663,1.0,0.0
0.23668854532138028,0.1281214776797649,1.0,0.0
0.23668854532138028,0.13108905520622313,1.0,0.0
0.23668854532138028,0.1340566327326814,1.0,0.0
0.23668854532138028,0.13702421025913966,1.0,0.0
0.23668854532138028,0.1399917877855979,1.0,0.0
0.23668854532138028,0.14295936531205616,1.0,0.0
0.23668854532138028,0.14592694283851443,1.0,0.0
0.23668854532138028,0.1488945203649727,1.0,0.0
0.23668854532138028,0.15186209789143096,1.0,0.0
0.23668854532138028,0.1548296754178892,1.0,0.0
0.23668854532138028,0.15779725294434746,1.0,0.0
0.23668854532138028,0.16076483047080573,1.0,0.0
0.23668854532138028,0.16373240799726396,1.0,0.0
0.23668854532138028,0.16669998552372223,1.0,0.0
0.23668854532138028,0.1696675630501805,1.0,0.0
0.23668854532138028,0.17263514057663876,1.0,0.0
0.23668854532138028,0.17560271810309702,1.0,0.0
0.23668854532138028,0.17857029562955526,1.0,0.0
0.23668854532138028,0.18153787315601352,1.0,0.0
0.23668854532138028,0.1845054506824718,1.0,0.0
0.23668854532138028,0.18747302820893003,1.0,0.0
0.23668854532138028,0.1904406057353883,1.0,0.0
0.23668854532138028,0.19340818326184656,1.0,0.0
0.23668854532138028,0.19637576078830482,1.0,0.0
0.23668854532138028,0.19934333831476309,1.0,0.0
0.23668854532138028,0.20231091584122132,1.0,0.0
0.23668854532138028,0.2052784933676796,1.0,0.0
0.23668854532138028,0.20824607089413785,1.0,0.0
0.23668854532138028,0.2112136484205961,1.0,0.0
0.23965612284783855,0.1192187451003901,1.0,0.0
0.23965612284783855,0.12218632262684836,1.0,0.0
0.23965612284783855,0.12515390015330663,1.0,0.0
0.23965612284783855,0.1281214776797649,1.0,0.0
0.23965612284783855,0.13108905520622313,1.0,0.0
0.23965612284783855,0.1340566327326814,1.0,0.0
0.23965612284783855,0.13702421025913966,1.0,0.0
0.23965612284783855,0.1399917877855979,1.0,0.0
0.23965612284783855,0.14295936531205616,1.0,0.0
0.23965612284783855,0.14592694283851443,1.0,0.0
0.23965612284783855,0.1488945203649727,1.0,0.0
0.23965612284783855,0.15186209789143096,1.0,0.0
0.23965612284783855,0.1548296754178892,1.0,0.0
0.23965612284783855,0.15779725294434746,1.0,0.0
0.23965612284783855,0.16076483047080573,1.0,0.0
0.23965612284783855,0.16373240799726396,1.0,0.0
0.23965612284783855,0.16669998552372223,1.0,0.0
0.23965612284783855,0.1696675630501805,1.0,0.0
0.23965612284783855,0.17263514057663876,1.0,0.0
0.23965612284783855,0.17560271810309702,1.0,0.0
0.23965612284783855,0.17857029562955526,1.0,0.0
0.23965612284783855,0.18153787315601352,1.0,0.0
0.23965612284783855,0.1845054506824718,1.0,0.0
0.23965612284783855,0.18747302820893003,1.0,0.0
0.23965612284783855,0.1904406057353883,1.0,0.0
0.23965612284783855,0.19340818326184656,1.0,0.0
0.23965612284783855,0.19637576078830482,1.0,0.0
0.23965612284783855,0.19934333831476309,1.0,0.0
0.23965612284783855,0.20231091584122132,1.0,0.0
0.23965612284783855,0.2052784933676796,1.0,0.0
0.23965612284783855,0.20824607089413785,1.0,0.0
0.23965612284783855,0.2112136484205961,1.0,0.0
0.2426237003742968,0.11625116757393185,1.0,0.0
0.2426237003742968,0.1192187451003901,1.0,0.0
0.2426237003742968,0.12218632262684836,1.0,0.0
0.2426237003742968,0.12515390015330663,1.0,0.0
0.2426237003742968,0.1281214776797649,1.0,0.0
0.2426237003742968,0.13108905520622313,1.0,0.0
0.2426237003742968,0.1340566327326814,1.0,0.0
0.2426237003742968,0.13702421025913966,1.0,0.0
0.2426237003742968,0.1399917877855979,1.0,0.0
0.2426237003742968,0.14295936531205616,1.0,0.0
0.2426237003742968,0.14592694283851443,1.0,0.0
0.2426237003742968,0.1488945203649727,1.0,0.0
0.2426237003742968,0.15186209789143096,1.0,0.0
0.2426237003742968,0.1548296754178892,1.0,0.0
0.2426237003742968,0.15779725294434746,1.0,0.0
0.2426237003742968,0.16076483047080573,1.0,0.0
0.2426237003742968,0.16373240799726396,1.0,0.0
0.2426237003742968,0.16669998552372223,1.0,0.0
0.2426237003742968,0.1696675630501805,1.0,0.0
0.2426237003742968,0.17263514057663876,1.0,0.0
0.2426237003742968,0.17560271810309702,1.0,0.0
0.2426237003742968,0.17857029562955526,1.0,0.0
0.2426237003742968,0.18153787315601352,1.0,0.0
0.2426237003742968,0.1845054506824718,1.0,0.0
0.2426237003742968,0.18747302820893003,1.0,0.0
0.2426237003742968,0.1904406057353883,1.0,0.0
0.2426237003742968,0.19340818326184656,1.0,0.0
0.2426237003742968,0.19637576078830482,1.0,0.0
0.2426237003742968,0.19934333831476309,1.0,0.0
0.2426237003742968,0.20231091584122132,1.0,0.0
0.2426237003742968,0.2052784933676796,1.0,0.0
0.2426237003742968,0.20824607089413785,1.0,0.0
0.2426237003742968,0.2112136484205961,1.0,0.0
0.24559127790075508,0.11625116757393185,1.0,0.0
0.24559127790075508,0.1192187451003901,1.0,0.0
0.24559127790075508,0.12218632262684836,1.0,0.0
0.24559127790075508,0.12515390015330663,1.0,0.0
0.24559127790075508,0.1281214776797649,1.0,0.0
0.24559127790075508,0.13108905520622313,1.0,0.0
0.24559127790075508,0.1340566327326814,1.0,0.0
0.24559127790075508,0.13702421025913966,1.0,0.0
0.24559127790075508,0.1399917877855979,1.0,0.0
0.24559127790075508,0.14295936531205616,1.0,0.0
0.24559127790075508,0.14592694283851443,1.0,0.0
0.24559127790075508,0.1488945203649727,1.0,0.0
0.24559127790075508,0.15186209789143096,1.0,0.0
0.24559127790075508,0.1548296754178892,1.0,0.0
0.24559127790075508,0.15779725294434746,1.0,0.0
0.24559127790075508,0.16076483047080573,1.0,0.0
0.24559127790075508,0.16373240799726396,1.0,0.0
0.24559127790075508,0.16669998552372223,1.0,0.0
0.24559127790075508,0.1696675630501805,1.0,0.0
0.24559127790075508,0.17263514057663876,1.0,0.0
0.24559127790075508,0.17560271810309702,1.0,0.0
0.24559127790075508,0.17857029562955526,1.0,0.0
0.24559127790075508,0.18153787315601352,1.0,0.0
0.24559127790075508,0.1845054506824718,1.0,0.0
0.24559127790075508,0.18747302820893003,1.0,0.0
0.24559127790075508,0.1904406057353883,1.0,0.0
0.24559127790075508,0.19340818326184656,1.0,0.0
0.24559127790075508,0.19637576078830482,1.0,0.0
0.24559127790075508,0.19934333831476309,1.0,0.0
0.24559127790075508,0.20231091584122132,1.0,0.0
0.24559127790075508,0.2052784933676796,1.0,0.0
0.24559127790075508,0.20824607089413785,1.0,0.0
0.24855885542721334,0.1132835900474736,1.0,0.0
0.24855885542721334,0.11625116757393185,1.0,0.0
0.24855885542721334,0.1192187451003901,1.0,0.0
0.24855885542721334,0.12218632262684836,1.0,0.0
0.24855885542721334,0.12515390015330663,1.0,0.0
0.24855885542721334,0.1281214776797649,1.0,0.0
0.24855885542721334,0.13108905520622313,1.0,0.0
0.24855885542721334,0.1340566327326814,1.0,0.0
0.24855885542721334,0.13702421025913966,1.0,0.0
0.24855885542721334,0.1399917877855979,1.0,0.0
0.24855885542721334,0.14295936531205616,1.0,0.0
0.24855885542721334,0.14592694283851443,1.0,0.0
0.24855885542721334,0.1488945203649727,1.0,0.0
0.24855885542721334,0.15186209789143096,1.0,0.0
0.24855885542721334,0.1548296754178892,1.0,0.0
0.24855885542721334,0.15779725294434746,1.0,0.0
0.24855885542721334,0.16076483047080573,1.0,0.0
0.24855885542721334,0.16373240799726396,1.0,0.0
0.24855885542721334,0.16669998552372223,1.0,0.0
0.24855885542721334,0.1696675630501805,1.0,0.0
0.24855885542721334,0.17263514057663876,1.0,0.0
0.24855885542721334,0.17560271810309702,1.0,0.0
0.24855885542721334,0.17857029562955526,1.0,0.0
0.24855885542721334,0.18153787315601352,1.0,0.0
0.24855885542721334,0.1845054506824718,1.0,0.0
0.24855885542721334,0.18747302820893003,1.0,0.0
0.24855885542721334,0.1904406057353883,1.0,0.0
0.24855885542721334,0.19340818326184656,1.0,0.0
0.24855885542721334,0.19637576078830482,1.0,0.0
0.24855885542721334,0.19934333831476309,1.0,0.0
0.24855885542721334,0.20231091584122132,1.0,0.0
0.24855885542721334,0.2052784933676796,1.0,0.0
0.2515264329536716,0.1132835900474736,1.0,0.0
0.2515264329536716,0.11625116757393185,1.0,0.0
0.2515264329536716,0.1192187451003901,1.0,0.0
0.2515264329536716,0.12218632262684836,1.0,0.0
0.2515264329536716,0.12515390015330663,1.0,0.0
0.2515264329536716,0.1281214776797649,1.0,0.0
0.2515264329536716,0.13108905520622313,1.0,0.0
0.2515264329536716,0.1340566327326814,1.0,0.0
0.2515264329536716,0.13702421025913966,1.0,0.0
0.2515264329536716,0.1399917877855979,1.0,0.0
0.2515264329536716,0.14295936531205616,1.0,0.0
0.2515264329536716,0.14592694283851443,1.0,0.0
0.2515264329536716,0.1488945203649727,1.0,0.0
0.2515264329536716,0.15186209789143096,1.0,0.0
0.2515264329536716,0.1548296754178892,1.0,0.0
0.2515264329536716,0.15779725294434746,1.0,0.0
0.2515264329536716,0.16076483047080573,1.0,0.0
0.2515264329536716,0.16373240799726396,1.0,0.0
0.2515264329536716,0.16669998552372223,1.0,0.0
0.2515264329536716,0.1696675630501805,1.0,0.0
0.2515264329536716,0.17263514057663876,1.0,0.0
0.2515264329536716,0.17560271810309702,1.0,0.0
0.2515264329536716,0.17857029562955526,1.0,0.0
0.2515264329536716,0.18153787315601352,1.0,0.0
0.2515264329536716,0.1845054506824718,1.0,0.0
0.2515264329536716,0.18747302820893003,1.0,0.0
0.2515264329536716,0.1904406057353883,1.0,0.0
0.2515264329536716,0.19340818326184656,1.0,0.0
0.2515264329536716,0.19637576078830482,1.0,0.0
0.2515264329536716,0.19934333831476309,1.0,0.0
0.2515264329536716,0.20231091584122132,1.0,0.0
0.2544940104801299,0.1132835900474736,1.0,0.0
0.2544940104801299,0.11625116757393185,1.0,0.0
0.2544940104801299,0.1192187451003901,1.0,0.0
0.2544940104801299,0.12218632262684836,1.0,0.0
0.2544940104801299,0.12515390015330663,1.0,0.0
0.2544940104801299,0.1281214776797649,1.0,0.0
0.2544940104801299,0.13108905520622313,1.0,0.0
0.2544940104801299,0.1340566327326814,1.0,0.0
0.2544940104801299,0.13702421025913966,1.0,0.0
0.2544940104801299,0.1399917877855979,1.0,0.0
0.2544940104801299,0.14295936531205616,1.0,0.0
0.2544940104801299,0.14592694283851443,1.0,0.0
0.2544940104801299,0.1488945203649727,1.0,0.0
0.2544940104801299,0.15186209789143096,1.0,0.0
0.2544940104801299,0.1548296754178892,1.0,0.0
0.2544940104801299,0.15779725294434746,1.0,0.0
0.2544940104801299,0.16076483047080573,1.0,0.0
0.2544940104801299,0.16373240799726396,1.0,0.0
0.2544940104801299,0.16669998552372223,1.0,0.0
0.2544940104801299,0.1696675630501805,1.0,0.0
0.2544940104801299,0.17263514057663876,1.0,0.0
0.2544940104801299,0.17560271810309702,1.0,0.0
0.2544940104801299,0.17857029562955526,1.0,0.0
0.2544940104801299,0.18153787315601352,1.0,0.0
0.2544940104801299,0.1845054506824718,1.0,0.0
0.2544940104801299,0.18747302820893003,1.0,0.0
0.2544940104801299,0.1904406057353883,1.0,0.0
0.2544940104801299,0.19340818326184656,1.0,0.0
0.2544940104801299,0.19637576078830482,1.0,0.0
0.2544940104801299,0.19934333831476309,1.0,0.0
0.2544940104801299,0.20231091584122132,1.0,0.0
0.25746158800658814,0.1132835900474736,1.0,0.0
0.25746158800658814,0.11625116757393185,1.0,0.0
0.25746158800658814,0.1192187451003901,1.0,0.0
0.25746158800658814,0.12218632262684836,1.0,0.0
0.25746158800658814,0.12515390015330663,1.0,0.0
0.25746158800658814,0.1281214776797649,1.0,0.0
0.25746158800658814,0.13108905520622313,1.0,0.0
0.25746158800658814,0.1340566327326814,1.0,0.0
0.25746158800658814,0.13702421025913966,1.0,0.0
0.25746158800658814,0.1399917877855979,1.0,0.0
0.25746158800658814,0.14295936531205616,1.0,0.0
0.25746158800658814,0.14592694283851443,1.0,0.0
0.25746158800658814,0.1488945203649727,1.0,0.0
0.25746158800658814,0.15186209789143096,1.0,0.0
0.25746158800658814,0.1548296754178892,1.0,0.0
0.25746158800658814,0.15779725294434746,1.0,0.0
0.25746158800658814,0.16076483047080573,1.0,0.0
0.25746158800658814,0.16373240799726396,1.0,0.0
0.25746158800658814,0.16669998552372223,1.0,0.0
0.25746158800658814,0.1696675630501805,1.0,0.0
0.25746158800658814,0.17263514057663876,1.0,0.0
0.25746158800658814,0.17560271810309702,1.0,0.0
0.25746158800658814,0.17857029562955526,1.0,0.0
0.25746158800658814,0.18153787315601352,1.0,0.0
0.25746158800658814,0.1845054506824718,1.0,0.0
0.25746158800658814,0.18747302820893003,1.0,0.0
0.25746158800658814,0.1904406057353883,1.0,0.0
0.25746158800658814,0.19340818326184656,1.0,0.0
0.25746158800658814,0.19637576078830482,1.0,0.0
0.25746158800658814,0.19934333831476309,1.0,0.0
0.2604291655330464,0.1132835900474736,1.0,0.0
0.2604291655330464,0.11625116757393185,1.0,0.0
0.2604291655330464,0.1192187451003901,1.0,0.0
0.2604291655330464,0.12218632262684836,1.0,0.0
0.2604291655330464,0.12515390015330663,1.0,0.0
0.2604291655330464,0.1281214776797649,1.0,0.0
0.2604291655330464,0.13108905520622313,1.0,0.0
0.2604291655330464,0.1340566327326814,1.0,0.0
0.2604291655330464,0.13702421025913966,1.0,0.0
0.2604291655330464,0.1399917877855979,1.0,0.0
0.2604291655330464,0.14295936531205616,1.0,0.0
0.2604291655330464,0.14592694283851443,1.0,0.0
0.2604291655330464,0.1488945203649727,1.0,0.0
0.2604291655330464,0.15186209789143096,1.0,0.0
0.2604291655330464,0.1548296754178892,1.0,0.0
0.2604291655330464,0.15779725294434746,1.0,0.0
0.2604291655330464,0.16076483047080573,1.0,0.0
0.2604291655330464,0.16373240799726396,1.0,0.0
0.2604291655330464,0.16669998552372223,1.0,0.0
0.2604291655330464,0.1696675630501805,1.0,0.0
0.2604291655330464,0.17263514057663876,1.0,0.0
0.2604291655330464,0.17560271810309702,1.0,0.0
0.2604291655330464,0.17857029562955526,1.0,0.0
0.2604291655330464,0.18153787315601352,1.0,0.0
0.2604291655330464,0.1845054506824718,1.0,0.0
0.2604291655330464,0.18747302820893003,1.0,0.0
0.2604291655330464,0.1904406057353883,1.0,0.0
0.2604291655330464,0.19340818326184656,1.0,0.0
0.2604291655330464,0.19637576078830482,1.0,0.0
0.2604291655330464,0.19934333831476309,1.0,0.0
0.26339674305950467,0.1132835900474736,1.0,0.0
0.26339674305950467,0.11625116757393185,1.0,0.0
0.26339674305950467,0.1192187451003901,1.0,0.0
0.26339674305950467,0.12218632262684836,1.0,0.0
0.26339674305950467,0.12515390015330663,1.0,0.0
0.26339674305950467,0.1281214776797649,1.0,0.0
0.26339674305950467,0.13108905520622313,1.0,0.0
0.26339674305950467,0.1340566327326814,1.0,0.0
0.26339674305950467,0.13702421025913966,1.0,0.0
0.26339674305950467,0.1399917877855979,1.0,0.0
0.26339674305950467,0.14295936531205616,1.0,0.0
0.26339674305950467,0.14592694283851443,1.0,0.0
0.26339674305950467,0.1488945203649727,1.0,0.0
0.26339674305950467,0.15186209789143096,1.0,0.0
0.26339674305950467,0.1548296754178892,1.0,0.0
0.26339674305950467,0.15779725294434746,1.0,0.0
0.26339674305950467,0.16076483047080573,1.0,0.0
0.26339674305950467,0.16373240799726396,1.0,0.0
0.26339674305950467,0.16669998552372223,1.0,0.0
0.26339674305950467,0.1696675630501805,1.0,0.0
0.26339674305950467,0.17263514057663876,1.0,0.0
0.26339674305950467,0.17560271810309702,1.0,0.0
0.26339674305950467,0.17857029562955526,1.0,0.0
0.26339674305950467,0.18153787315601352,1.0,0.0
0.26339674305950467,0.1845054506824718,1.0,0.0
0.26339674305950467,0.18747302820893003,1.0,0.0
0.26339674305950467,0.1904406057353883,1.0,0.0
0.26339674305950467,0.19340818326184656,1.0,0.0
0.26339674305950467,0.19637576078830482,1.0,0.0
0.26339674305950467,0.19934333831476309,1.0,0.0
0.26636432058596293,0.1132835900474736,1.0,0.0
0.26636432058596293,0.11625116757393185,1.0,0.0
0.26636432058596293,0.1192187451003901,1.0,0.0
0.26636432058596293,0.12218632262684836,1.0,0.0
0.26636432058596293,0.12515390015330663,1.0,0.0
0.26636432058596293,0.1281214776797649,1.0,0.0
0.26636432058596293,0.13108905520622313,1.0,0.0
0.26636432058596293,0.1340566327326814,1.0,0.0
0.26636432058596293,0.13702421025913966,1.0,0.0
0.26636432058596293,0.1399917877855979,1.0,0.0
0.26636432058596293,0.14295936531205616,1.0,0.0
0.26636432058596293,0.14592694283851443,1.0,0.0
0.26636432058596293,0.1488945203649727,1.0,0.0
0.26636432058596293,0.15186209789143096,1.0,0.0
0.26636432058596293,0.1548296754178892,1.0,0.0
0.26636432058596293,0.15779725294434746,1.0,0.0
0.26636432058596293,0.16076483047080573,1.0,0.0
0.26636432058596293,0.16373240799726396,1.0,0.0
0.26636432058596293,0.16669998552372223,1.0,0.0
0.26636432058596293,0.1696675630501805,1.0,0.0
0.26636432058596293,0.17263514057663876,1.0,0.0
0.26636432058596293,0.17560271810309702,1.0,0.0
0.26636432058596293,0.17857029562955526,1.0,0.0
0.26636432058596293,0.18153787315601352,1.0,0.0
0.26636432058596293,0.1845054506824718,1.0,0.0
0.26636432058596293,0.18747302820893003,1.0,0.0
0.26636432058596293,0.1904406057353883,1.0,0.0
0.26636432058596293,0.19340818326184656,1.0,0.0
0.26636432058596293,0.19637576078830482,1.0,0.0
0.26636432058596293,0.19934333831476309,1.0,0.0
0.26933189811242114,0.1132835900474736,1.0,0.0
0.26933189811242114,0.11625116757393185,1.0,0.0
0.26933189811242114,0.1192187451003901,1.0,0.0
0.26933189811242114,0.12218632262684836,1.0,0.0
0.26933189811242114,0.12515390015330663,1.0,0.0
0.26933189811242114,0.1281214776797649,1.0,0.0
0.26933189811242114,0.13108905520622313,1.0,0.0
0.26933189811242114,0.1340566327326814,1.0,0.0
0.26933189811242114,0.13702421025913966,1.0,0.0
0.26933189811242114,0.1399917877855979,1.0,0.0
0.26933189811242114,0.14295936531205616,1.0,0.0
0.26933189811242114,0.14592694283851443,1.0,0.0
0.26933189811242114,0.1488945203649727,1.0,0.0
0.26933189811242114,0.15186209789143096,1.0,0.0
0.26933189811242114,0.1548296754178892,1.0,0.0
0.26933189811242114,0.15779725294434746,1.0,0.0
0.26933189811242114,0.16076483047080573,1.0,0.0
0.26933189811242114,0.16373240799726396,1.0,0.0
0.26933189811242114,0.16669998552372223,1.0,0.0
0.26933189811242114,0.1696675630501805,1.0,0.0
0.26933189811242114,0.17263514057663876,1.0,0.0
0.26933189811242114,0.17560271810309702,1.0,0.0
0.26933189811242114,0.17857029562955526,1.0,0.0
0.26933189811242114,0.18153787315601352,1.0,0.0
0.26933189811242114,0.1845054506824718,1.0,0.0
0.26933189811242114,0.18747302820893003,1.0,0.0
0.26933189811242114,0.1904406057353883,1.0,0.0
0.26933189811242114,0.19340818326184656,1.0,0.0
0.26933189811242114,0.19637576078830482,1.0,0.0
0.26933189811242114,0.19934333831476309,1.0,0.0
0.2722994756388794,0.1132835900474736,1.0,0.0
0.2722994756388794,0.11625116757393185,1.0,0.0
0.2722994756388794,0.1192187451003901,1.0,0.0
0.2722994756388794,0.12218632262684836,1.0,0.0
0.2722994756388794,0.12515390015330663,1.0,0.0
0.2722994756388794,0.1281214776797649,1.0,0.0
0.2722994756388794,0.13108905520622313,1.0,0.0
0.2722994756388794,0.1340566327326814,1.0,0.0
0.2722994756388794,0.13702421025913966,1.0,0.0
0.2722994756388794,0.1399917877855979,1.0,0.0
0.2722994756388794,0.14295936531205616,1.0,0.0
0.2722994756388794,0.14592694283851443,1.0,0.0
0.2722994756388794,0.1488945203649727,1.0,0.0
0.2722994756388794,0.15186209789143096,1.0,0.0
0.2722994756388794,0.1548296754178892,1.0,0.0
0.2722994756388794,0.15779725294434746,1.0,0.0
0.2722994756388794,0.16076483047080573,1.0,0.0
0.2722994756388794,0.16373240799726396,1.0,0.0
0.2722994756388794,0.16669998552372223,1.0,0.0
0.2722994756388794,0.1696675630501805,1.0,0.0
0.2722994756388794,0.17263514057663876,1.0,0.0
0.2722994756388794,0.17560271810309702,1.0,0.0
0.2722994756388794,0.17857029562955526,1.0,0.0
0.2722994756388794,0.18153787315601352,1.0,0.0
0.2722994756388794,0.1845054506824718,1.0,0.0
0.2722994756388794,0.18747302820893003,1.0,0.0
0.2722994756388794,0.1904406057353883,1.0,0.0
0.2722994756388794,0.19340818326184656,1.0,0.0
0.2722994756388794,0.19637576078830482,1.0,0.0
0.2722994756388794,0.19934333831476309,1.0,0.0
0.27526705316533767,0.1132835900474736,1.0,0.0
0.27526705316533767,0.11625116757393185,1.0,0.0
0.27526705316533767,0.1192187451003901,1.0,0.0
0.27526705316533767,0.12218632262684836,1.0,0.0
0.27526705316533767,0.12515390015330663,1.0,0.0
0.27526705316533767,0.1281214776797649,1.0,0.0
0.27526705316533767,0.13108905520622313,1.0,0.0
0.27526705316533767,0.1340566327326814,1.0,0.0
0.27526705316533767,0.13702421025913966,1.0,0.0
0.27526705316533767,0.1399917877855979,1.0,0.0
0.27526705316533767,0.14295936531205616,1.0,0.0
0.27526705316533767,0.14592694283851443,1.0,0.0
0.27526705316533767,0.1488945203649727,1.0,0.0
0.27526705316533767,0.15186209789143096,1.0,0.0
0.27526705316533767,0.1548296754178892,1.0,0.0
0.27526705316533767,0.15779725294434746,1.0,0.0
0.27526705316533767,0.16076483047080573,1.0,0.0
0.27526705316533767,0.16373240799726396,1.0,0.0
0.27526705316533767,0.16669998552372223,1.0,0.0
0.27526705316533767,0.1696675630501805,1.0,0.0
0.27526705316533767,0.17263514057663876,1.0,0.0
0.27526705316533767,0.17560271810309702,1.0,0.0
0.27526705316533767,0.17857029562955526,1.0,0.0
0.27526705316533767,0.18153787315601352,1.0,0.0
0.27526705316533767,0.1845054506824718,1.0,0.0
0.27526705316533767,0.18747302820893003,1.0,0.0
0.27526705316533767,0.1904406057353883,1.0,0.0
0.27526705316533767,0.19340818326184656,1.0,0.0
0.27526705316533767,0.19637576078830482,1.0,0.0
0.27526705316533767,0.19934333831476309,1.0,0.0
0.27823463069179594,0.11031601252101533,1.0,0.0
0.27823463069179594,0.1132835900474736,1.0,0.0
0.27823463069179594,0.11625116757393185,1.0,0.0
0.27823463069179594,0.1192187451003901,1.0,0.0
0.27823463069179594,0.12218632262684836,1.0,0.0
0.27823463069179594,0.12515390015330663,1.0,0.0
0.27823463069179594,0.1281214776797649,1.0,0.0
0.27823463069179594,0.13108905520622313,1.0,0.0
0.27823463069179594,0.1340566327326814,1.0,0.0
0.27823463069179594,0.13702421025913966,1.0,0.0
0.27823463069179594,0.1399917877855979,1.0,0.0
0.27823463069179594,0.14295936531205616,1.0,0.0
0.27823463069179594,0.14592694283851443,1.0,0.0
0.27823463069179594,0.1488945203649727,1.0,0.0
0.27823463069179594,0.15186209789143096,1.0,0.0
0.27823463069179594,0.1548296754178892,1.0,0.0
0.27823463069179594,0.15779725294434746,1.0,0.0
0.27823463069179594,0.16076483047080573,1.0,0.0
0.27823463069179594,0.16373240799726396,1.0,0.0
0.27823463069179594,0.16669998552372223,1.0,0.0
0.27823463069179594,0.1696675630501805,1.0,0.0
0.27823463069179594,0.17263514057663876,1.0,0.0
0.27823463069179594,0.17560271810309702,1.0,0.0
0.27823463069179594,0.17857029562955526,1.0,0.0
0.27823463069179594,0.18153787315601352,1.0,0.0
0.27823463069179594,0.1845054506824718,1.0,0.0
0.27823463069179594,0.18747302820893003,1.0,0.0
0.27823463069179594,0.1904406057353883,1.0,0.0
0.27823463069179594,0.19340818326184656,1.0,0.0
0.27823463069179594,0.19637576078830482,1.0,0.0
0.27823463069179594,0.19934333831476309,1.0,0.0
0.2812022082182542,0.11031601252101533,1.0,0.0
0.2812022082182542,0.1132835900474736,1.0,0.0
0.2812022082182542,0.11625116757393185,1.0,0.0
0.2812022082182542,0.1192187451003901,1.0,0.0
0.2812022082182542,0.12218632262684836,1.0,0.0
0.2812022082182542,0.12515390015330663,1.0,0.0
0.2812022082182542,0.1281214776797649,1.0,0.0
0.2812022082182542,0.13108905520622313,1.0,0.0
0.2812022082182542,0.1340566327326814,1.0,0.0
0.2812022082182542,0.13702421025913966,1.0,0.0
0.2812022082182542,0.1399917877855979,1.0,0.0
0.2812022082182542,0.14295936531205616,1.0,0.0
0.2812022082182542,0.14592694283851443,1.0,0.0
0.2812022082182542,0.1488945203649727,1.0,0.0
0.2812022082182542,0.15186209789143096,1.0,0.0
0.2812022082182542,0.1548296754178892,1.0,0.0
0.2812022082182542,0.15779725294434746,1.0,0.0
0.2812022082182542,0.16076483047080573,1.0,0.0
0.2812022082182542,0.16373240799726396,1.0,0.0
0.2812022082182542,0.16669998552372223,1.0,0.0
0.2812022082182542,0.1696675630501805,1.0,0.0
0.2812022082182542,0.17263514057663876,1.0,0.0
0.2812022082182542,0.17560271810309702,1.0,0.0
0.2812022082182542,0.17857029562955526,1.0,0.0
0.2812022082182542,0.18153787315601352,1.0,0.0
0.2812022082182542,0.1845054506824718,1.0,0.0
0.2812022082182542,0.18747302820893003,1.0,0.0
0.2812022082182542,0.1904406057353883,1.0,0.0
0.2812022082182542,0.19340818326184656,1.0,0.0
0.2812022082182542,0.19637576078830482,1.0,0.0
0.2812022082182542,0.19934333831476309,1.0,0.0
0.28416978574471247,0.11031601252101533,1.0,0.0
0.28416978574471247,0.1132835900474736,1.0,0.0
0.28416978574471247,0.11625116757393185,1.0,0.0
0.28416978574471247,0.1192187451003901,1.0,0.0
0.28416978574471247,0.12218632262684836,1.0,0.0
0.28416978574471247,0.12515390015330663,1.0,0.0
0.28416978574471247,0.1281214776797649,1.0,0.0
0.28416978574471247,0.13108905520622313,1.0,0.0
0.28416978574471247,0.1340566327326814,1.0,0.0
0.28416978574471247,0.13702421025913966,1.0,0.0
0.28416978574471247,0.1399917877855979,1.0,0.0
0.28416978574471247,0.14295936531205616,1.0,0.0
0.28416978574471247,0.14592694283851443,1.0,0.0
0.28416978574471247,0.1488945203649727,1.0,0.0
0.28416978574471247,0.15186209789143096,1.0,0.0
0.28416978574471247,0.1548296754178892,1.0,0.0
0.28416978574471247,0.15779725294434746,1.0,0.0
0.28416978574471247,0.16076483047080573,1.0,0.0
0.28416978574471247,0.16373240799726396,1.0,0.0
0.28416978574471247,0.16669998552372223,1.0,0.0
0.28416978574471247,0.1696675630501805,1.0,0.0
0.28416978574471247,0.17263514057663876,1.0,0.0
0.28416978574471247,0.17560271810309702,1.0,0.0
0.28416978574471247,0.17857029562955526,1.0,0.0
0.28416978574471247,0.18153787315601352,1.0,0.0
0.28416978574471247,0.1845054506824718,1.0,0.0
0.28416978574471247,0.18747302820893003,1.0,0.0
0.28416978574471247,0.1904406057353883,1.0,0.0
0.28416978574471247,0.19340818326184656,1.0,0.0
0.28416978574471247,0.19637576078830482,1.0,0.0
0.28416978574471247,0.19934333831476309,1.0,0.0
0.28713736327117073,0.11031601252101533,1.0,0.0
0.28713736327117073,0.1132835900474736,1.0,0.0
0.28713736327117073,0.11625116757393185,1.0,0.0
0.28713736327117073,0.1192187451003901,1.0,0.0
0.28713736327117073,0.12218632262684836,1.0,0.0
0.28713736327117073,0.12515390015330663,1.0,0.0
0.28713736327117073,0.1281214776797649,1.0,0.0
0.28713736327117073,0.13108905520622313,1.0,0.0
0.28713736327117073,0.1340566327326814,1.0,0.0
0.28713736327117073,0.13702421025913966,1.0,0.0
0.28713736327117073,0.1399917877855979,1.0,0.0
0.28713736327117073,0.14295936531205616,1.0,0.0
0.28713736327117073,0.14592694283851443,1.0,0.0
0.28713736327117073,0.1488945203649727,1.0,0.0
0.28713736327117073,0.15186209789143096,1.0,0.0
0.28713736327117073,0.1548296754178892,1.0,0.0
0.28713736327117073,0.15779725294434746,1.0,0.0
0.28713736327117073,0.16076483047080573,1.0,0.0
0.28713736327117073,0.16373240799726396,1.0,0.0
0.28713736327117073,0.16669998552372223,1.0,0.0
0.28713736327117073,0.1696675630501805,1.0,0.0
0.28713736327117073,0.17263514057663876,1.0,0.0
0.28713736327117073,0.17560271810309702,1.0,0.0
0.28713736327117073,0.17857029562955526,1.0,0.0
0.28713736327117073,0.18153787315601352,1.0,0.0
0.28713736327117073,0.1845054506824718,1.0,0.0
0.28713736327117073,0.18747302820893003,1.0,0.0
0.28713736327117073,0.1904406057353883,1.0,0.0
0.28713736327117073,0.19340818326184656,1.0,0.0
0.28713736327117073,0.19637576078830482,1.0,0.0
0.28713736327117073,0.19934333831476309,1.0,0.0
0.290104940797629,0.1132835900474736,1.0,0.0
0.290104940797629,0.11625116757393185,1.0,0.0
0.290104940797629,0.1192187451003901,1.0,0.0
0.290104940797629,0.12218632262684836,1.0,0.0
0.290104940797629,0.12515390015330663,1.0,0.0
0.290104940797629,0.1281214776797649,1.0,0.0
0.290104940797629,0.13108905520622313,1.0,0.0
0.290104940797629,0.1340566327326814,1.0,0.0
0.290104940797629,0.13702421025913966,1.0,0.0
0.290104940797629,0.1399917877855979,1.0,0.0
0.290104940797629,0.14295936531205616,1.0,0.0
0.290104940797629,0.14592694283851443,1.0,0.0
0.290104940797629,0.1488945203649727,1.0,0.0
0.290104940797629,0.15186209789143096,1.0,0.0
0.290104940797629,0.1548296754178892,1.0,0.0
0.290104940797629,0.15779725294434746,1.0,0.0
0.290104940797629,0.16076483047080573,1.0,0.0
0.290104940797629,0.16373240799726396,1.0,0.0
0.290104940797629,0.16669998552372223,1.0,0.0
0.290104940797629,0.1696675630501805,1.0,0.0
0.290104940797629,0.17263514057663876,1.0,0.0
0.290104940797629,0.17560271810309702,1.0,0.0
0.290104940797629,0.17857029562955526,1.0,0.0
0.290104940797629,0.18153787315601352,1.0,0.0
0.290104940797629,0.1845054506824718,1.0,0.0
0.290104940797629,0.18747302820893003,1.0,0.0
0.290104940797629,0.1904406057353883,1.0,0.0
0.290104940797629,0.19340818326184656,1.0,0.0
0.290104940797629,0.19637576078830482,1.0,0.0
0.290104940797629,0.19934333831476309,1.0,0.0
0.29307251832408726,0.1132835900474736,1.0,0.0
0.29307251832408726,0.11625116757393185,1.0,0.0
0.29307251832408726,0.1192187451003901,1.0,0.0
0.29307251832408726,0.12218632262684836,1.0,0.0
0.29307251832408726,0.12515390015330663,1.0,0.0
0.29307251832408726,0.1281214776797649,1.0,0.0
0.29307251832408726,0.13108905520622313,1.0,0.0
0.29307251832408726,0.1340566327326814,1.0,0.0
0.29307251832408726,0.13702421025913966,1.0,0.0
0.29307251832408726,0.1399917877855979,1.0,0.0
0.29307251832408726,0.14295936531205616,1.0,0.0
0.29307251832408726,0.14592694283851443,1.0,0.0
0.29307251832408726,0.1488945203649727,1.0,0.0
0.29307251832408726,0.15186209789143096,1.0,0.0
0.29307251832408726,0.1548296754178892,1.0,0.0
0.29307251832408726,0.15779725294434746,1.0,0.0
0.29307251832408726,0.16076483047080573,1.0,0.0
0.29307251832408726,0.16373240799726396,1.0,0.0
0.29307251832408726,0.16669998552372223,1.0,0.0
0.29307251832408726,0.1696675630501805,1.0,0.0
0.29307251832408726,0.17263514057663876,1.0,0.0
0.29307251832408726,0.17560271810309702,1.0,0.0
0.29307251832408726,0.17857029562955526,1.0,0.0
0.29307251832408726,0.18153787315601352,1.0,0.0
0.29307251832408726,0.1845054506824718,1.0,0.0
0.29307251832408726,0.18747302820893003,1.0,0.0
0.29307251832408726,0.1904406057353883,1.0,0.0
0.29307251832408726,0.19340818326184656,1.0,0.0
0.29307251832408726,0.19637576078830482,1.0,0.0
0.29307251832408726,0.19934333831476309,1.0,0.0
0.2960400958505455,0.1132835900474736,1.0,0.0
0.2960400958505455,0.11625116757393185,1.0,0.0
0.2960400958505455,0.1192187451003901,1.0,0.0
0.2960400958505455,0.12218632262684836,1.0,0.0
0.2960400958505455,0.12515390015330663,1.0,0.0
0.2960400958505455,0.1281214776797649,1.0,0.0
0.2960400958505455,0.13108905520622313,1.0,0.0
0.2960400958505455,0.1340566327326814,1.0,0.0
0.2960400958505455,0.13702421025913966,1.0,0.0
0.2960400958505455,0.1399917877855979,1.0,0.0
0.2960400958505455,0.14295936531205616,1.0,0.0
0.2960400958505455,0.14592694283851443,1.0,0.0
0.2960400958505455,0.1488945203649727,1.0,0.0
0.2960400958505455,0.15186209789143096,1.0,0.0
0.2960400958505455,0.1548296754178892,1.0,0.0
0.2960400958505455,0.15779725294434746,1.0,0.0
0.2960400958505455,0.16076483047080573,1.0,0.0
0.2960400958505455,0.16373240799726396,1.0,0.0
0.2960400958505455,0.16669998552372223,1.0,0.0
0.2960400958505455,0.1696675630501805,1.0,0.0
0.2960400958505455,0.17263514057663876,1.0,0.0
0.2960400958505455,0.17560271810309702,1.0,0.0
0.2960400958505455,0.17857029562955526,1.0,0.0
0.2960400958505455,0.18153787315601352,1.0,0.0
0.2960400958505455,0.1845054506824718,1.0,0.0
0.2960400958505455,0.18747302820893003,1.0,0.0
0.2960400958505455,0.1904406057353883,1.0,0.0
0.2960400958505455,0.19340818326184656,1.0,0.0
0.2960400958505455,0.19637576078830482,1.0,0.0
0.2960400958505455,0.19934333831476309,1.0,0.0
0.2990076733770038,0.11625116757393185,1.0,0.0
0.2990076733770038,0.1192187451003901,1.0,0.0
0.2990076733770038,0.12218632262684836,1.0,0.0
0.2990076733770038,0.12515390015330663,1.0,0.0
0.2990076733770038,0.1281214776797649,1.0,0.0
0.2990076733770038,0.13108905520622313,1.0,0.0
0.2990076733770038,0.1340566327326814,1.0,0.0
0.2990076733770038,0.13702421025913966,1.0,0.0
0.2990076733770038,0.1399917877855979,1.0,0.0
0.2990076733770038,0.14295936531205616,1.0,0.0
0.2990076733770038,0.14592694283851443,1.0,0.0
0.2990076733770038,0.1488945203649727,1.0,0.0
0.2990076733770038,0.15186209789143096,1.0,0.0
0.2990076733770038,0.1548296754178892,1.0,0.0
0.2990076733770038,0.15779725294434746,1.0,0.0
0.2990076733770038,0.16076483047080573,1.0,0.0
0.2990076733770038,0.16373240799726396,1.0,0.0
0.2990076733770038,0.16669998552372223,1.0,0.0
0.2990076733770038,0.1696675630501805,1.0,0.0
0.2990076733770038,0.17263514057663876,1.0,0.0
0.2990076733770038,0.17560271810309702,1.0,0.0
0.2990076733770038,0.17857029562955526,1.0,0.0
0.2990076733770038,0.18153787315601352,1.0,0.0
0.2990076733770038,0.1845054506824718,1.0,0.0
0.2990076733770038,0.18747302820893003,1.0,0.0
0.2990076733770038,0.1904406057353883,1.0,0.0
0.2990076733770038,0.19340818326184656,1.0,0.0
0.2990076733770038,0.19637576078830482,1.0,0.0
0.2990076733770038,0.19934333831476309,1.0,0.0
0.30197525090346206,0.11625116757393185,1.0,0.0
0.30197525090346206,0.1192187451003901,1.0,0.0
0.30197525090346206,0.12218632262684836,1.0,0.0
0.30197525090346206,0.12515390015330663,1.0,0.0
0.30197525090346206,0.1281214776797649,1.0,0.0
0.30197525090346206,0.13108905520622313,1.0,0.0
0.30197525090346206,0.1340566327326814,1.0,0.0
0.30197525090346206,0.13702421025913966,1.0,0.0
0.30197525090346206,0.1399917877855979,1.0,0.0
0.30197525090346206,0.14295936531205616,1.0,0.0
0.30197525090346206,0.14592694283851443,1.0,0.0
0.30197525090346206,0.1488945203649727,1.0,0.0
0.30197525090346206,0.15186209789143096,1.0,0.0
0.30197525090346206,0.1548296754178892,1.0,0.0
0.30197525090346206,0.15779725294434746,1.0,0.0
0.30197525090346206,0.16076483047080573,1.0,0.0
0.30197525090346206,0.16373240799726396,1.0,0.0
0.30197525090346206,0.16669998552372223,1.0,0.0
0.30197525090346206,0.1696675630501805,1.0,0.0
0.30197525090346206,0.17263514057663876,1.0,0.0
0.30197525090346206,0.17560271810309702,1.0,0.0
0.30197525090346206,0.17857029562955526,1.0,0.0
0.30197525090346206,0.18153787315601352,1.0,0.0
0.30197525090346206,0.1845054506824718,1.0,0.0
0.30197525090346206,0.18747302820893003,1.0,0.0
0.30197525090346206,0.1904406057353883,1.0,0.0
0.30197525090346206,0.19340818326184656,1.0,0.0
0.30197525090346206,0.19637576078830482,1.0,0.0
0.3049428284299203,0.11625116757393185,1.0,0.0
0.3049428284299203,0.1192187451003901,1.0,0.0
0.3049428284299203,0.12218632262684836,1.0,0.0
0.3049428284299203,0.12515390015330663,1.0,0.0
0.3049428284299203,0.1281214776797649,1.0,0.0
0.3049428284299203,0.13108905520622313,1.0,0.0
0.3049428284299203,0.1340566327326814,1.0,0.0
0.3049428284299203,0.13702421025913966,1.0,0.0
0.3049428284299203,0.1399917877855979,1.0,0.0
0.3049428284299203,0.14295936531205616,1.0,0.0
0.3049428284299203,0.14592694283851443,1.0,0.0
0.3049428284299203,0.1488945203649727,1.0,0.0
0.3049428284299203,0.15186209789143096,1.0,0.0
0.3049428284299203,0.1548296754178892,1.0,0.0
0.3049428284299203,0.15779725294434746,1.0,0.0
0.3049428284299203,0.16076483047080573,1.0,0.0
0.3049428284299203,0.16373240799726396,1.0,0.0
0.3049428284299203,0.16669998552372223,1.0,0.0
0.3049428284299203,0.1696675630501805,1.0,0.0
0.3049428284299203,0.17263514057663876,1.0,0.0
0.3049428284299203,0.17560271810309702,1.0,0.0
0.3049428284299203,0.17857029562955526,1.0,0.0
0.3049428284299203,0.18153787315601352,1.0,0.0
0.3049428284299203,0.1845054506824718,1.0,0.0
0.3049428284299203,0.18747302820893003,1.0,0.0
0.3049428284299203,0.1904406057353883,1.0,0.0
0.3049428284299203,0.19340818326184656,1.0,0.0
0.3049428284299203,0.19637576078830482,1.0,0.0
0.3079104059563786,0.11625116757393185,1.0,0.0
0.3079104059563786,0.1192187451003901,1.0,0.0
0.3079104059563786,0.12218632262684836,1.0,0.0
0.3079104059563786,0.12515390015330663,1.0,0.0
0.3079104059563786,0.1281214776797649,1.0,0.0
0.3079104059563786,0.13108905520622313,1.0,0.0
0.3079104059563786,0.1340566327326814,1.0,0.0
0.3079104059563786,0.13702421025913966,1.0,0.0
0.3079104059563786,0.1399917877855979,1.0,0.0
0.3079104059563786,0.14295936531205616,1.0,0.0
0.3079104059563786,0.14592694283851443,1.0,0.0
0.3079104059563786,0.1488945203649727,1.0,0.0
0.3079104059563786,0.15186209789143096,1.0,0.0
0.3079104059563786,0.1548296754178892,1.0,0.0
0.3079104059563786,0.15779725294434746,1.0,0.0
0.3079104059563786,0.16076483047080573,1.0,0.0
0.3079104059563786,0.16373240799726396,1.0,0.0
0.3079104059563786,0.16669998552372223,1.0,0.0
0.3079104059563786,0.1696675630501805,1.0,0.0
0.3079104059563786,0.17263514057663876,1.0,0.0
0.3079104059563786,0.17560271810309702,1.0,0.0
0.3079104059563786,0.17857029562955526,1.0,0.0
0.3079104059563786,0.18153787315601352,1.0,0.0
0.3079104059563786,0.1845054506824718,1.0,0.0
0.3079104059563786,0.18747302820893003,1.0,0.0
0.3079104059563786,0.1904406057353883,1.0,0.0
0.3079104059563786,0.19340818326184656,1.0,0.0
0.3079104059563786,0.19637576078830482,1.0,0.0
0.3079104059563786,0.19934333831476309,1.0,0.0
0.31087798348283685,0.11625116757393185,1.0,0.0
0.31087798348283685,0.1192187451003901,1.0,0.0
0.31087798348283685,0.12218632262684836,1.0,0.0
0.31087798348283685,0.12515390015330663,1.0,0.0
0.31087798348283685,0.1281214776797649,1.0,0.0
0.31087798348283685,0.13108905520622313,1.0,0.0
0.31087798348283685,0.1340566327326814,1.0,0.0
0.31087798348283685,0.13702421025913966,1.0,0.0
0.31087798348283685,0.1399917877855979,1.0,0.0
0.31087798348283685,0.14295936531205616,1.0,0.0
0.31087798348283685,0.14592694283851443,1.0,0.0
0.31087798348283685,0.1488945203649727,1.0,0.0
0.31087798348283685,0.15186209789143096,1.0,0.0
0.31087798348283685,0.1548296754178892,1.0,0.0
0.31087798348283685,0.15779725294434746,1.0,0.0
0.31087798348283685,0.16076483047080573,1.0,0.0
0.31087798348283685,0.16373240799726396,1.0,0.0
0.31087798348283685,0.16669998552372223,1.0,0.0
0.31087798348283685,0.1696675630501805,1.0,0.0
0.31087798348283685,0.17263514057663876,1.0,0.0
0.31087798348283685,0.17560271810309702,1.0,0.0
0.31087798348283685,0.17857029562955526,1.0,0.0
0.31087798348283685,0.18153787315601352,1.0,0.0
0.31087798348283685,0.1845054506824718,1.0,0.0
0.31087798348283685,0.18747302820893003,1.0,0.0
0.31087798348283685,0.1904406057353883,1.0,0.0
0.31087798348283685,0.19340818326184656,1.0,0.0
0.31087798348283685,0.19637576078830482,1.0,0.0
0.31087798348283685,0.19934333831476309,1.0,0.0
0.31384556100929506,0.11625116757393185,1.0,0.0
0.31384556100929506,0.1192187451003901,1.0,0.0
0.31384556100929506,0.12218632262684836,1.0,0.0
0.31384556100929506,0.12515390015330663,1.0,0.0
0.31384556100929506,0.1281214776797649,1.0,0.0
0.31384556100929506,0.13108905520622313,1.0,0.0
0.31384556100929506,0.1340566327326814,1.0,0.0
0.31384556100929506,0.13702421025913966,1.0,0.0
0.31384556100929506,0.1399917877855979,1.0,0.0
0.31384556100929506,0.14295936531205616,1.0,0.0
0.31384556100929506,0.14592694283851443,1.0,0.0
0.31384556100929506,0.1488945203649727,1.0,0.0
0.31384556100929506,0.15186209789143096,1.0,0.0
0.31384556100929506,0.1548296754178892,1.0,0.0
0.31384556100929506,0.15779725294434746,1.0,0.0
0.31384556100929506,0.16076483047080573,1.0,0.0
0.31384556100929506,0.16373240799726396,1.0,0.0
0.31384556100929506,0.16669998552372223,1.0,0.0
0.31384556100929506,0.1696675630501805,1.0,0.0
0.31384556100929506,0.17263514057663876,1.0,0.0
0.31384556100929506,0.17560271810309702,1.0,0.0
0.31384556100929506,0.17857029562955526,1.0,0.0
0.31384556100929506,0.18153787315601352,1.0,0.0
0.31384556100929506,0.1845054506824718,1.0,0.0
0.31384556100929506,0.18747302820893003,1.0,0.0
0.31384556100929506,0.1904406057353883,1.0,0.0
0.31384556100929506,0.19340818326184656,1.0,0.0
0.31384556100929506,0.19637576078830482,1.0,0.0
0.31384556100929506,0.19934333831476309,1.0,0.0
0.3168131385357533,0.11625116757393185,1.0,0.0
0.3168131385357533,0.1192187451003901,1.0,0.0
0.3168131385357533,0.12218632262684836,1.0,0.0
0.3168131385357533,0.12515390015330663,1.0,0.0
0.3168131385357533,0.1281214776797649,1.0,0.0
0.3168131385357533,0.13108905520622313,1.0,0.0
0.3168131385357533,0.1340566327326814,1.0,0.0
0.3168131385357533,0.13702421025913966,1.0,0.0
0.3168131385357533,0.1399917877855979,1.0,0.0
0.3168131385357533,0.14295936531205616,1.0,0.0
0.3168131385357533,0.14592694283851443,1.0,0.0
0.3168131385357533,0.1488945203649727,1.0,0.0
0.3168131385357533,0.15186209789143096,1.0,0.0
0.3168131385357533,0.1548296754178892,1.0,0.0
0.3168131385357533,0.15779725294434746,1.0,0.0
0.3168131385357533,0.16076483047080573,1.0,0.0
0.3168131385357533,0.16373240799726396,1.0,0.0
0.3168131385357533,0.16669998552372223,1.0,0.0
0.3168131385357533,0.1696675630501805,1.0,0.0
0.3168131385357533,0.17263514057663876,1.0,0.0
0.3168131385357533,0.17560271810309702,1.0,0.0
0.3168131385357533,0.17857029562955526,1.0,0.0
0.3168131385357533,0.18153787315601352,1.0,0.0
0.3168131385357533,0.1845054506824718,1.0,0.0
0.3168131385357533,0.18747302820893003,1.0,0.0
0.3168131385357533,0.1904406057353883,1.0,0.0
0.3168131385357533,0.19340818326184656,1.0,0.0
0.3168131385357533,0.19637576078830482,1.0,0.0
0.3168131385357533,0.19934333831476309,1.0,0.0
0.3197807160622116,0.1132835900474736,1.0,0.0
0.3197807160622116,0.11625116757393185,1.0,0.0
0.3197807160622116,0.1192187451003901,1.0,0.0
0.3197807160622116,0.12218632262684836,1.0,0.0
0.3197807160622116,0.12515390015330663,1.0,0.0
0.3197807160622116,0.1281214776797649,1.0,0.0
0.3197807160622116,0.13108905520622313,1.0,0.0
0.3197807160622116,0.1340566327326814,1.0,0.0
0.3197807160622116,0.13702421025913966,1.0,0.0
0.3197807160622116,0.1399917877855979,1.0,0.0
0.3197807160622116,0.14295936531205616,1.0,0.0
0.3197807160622116,0.14592694283851443,1.0,0.0
0.3197807160622116,0.1488945203649727,1.0,0.0
0.3197807160622116,0.15186209789143096,1.0,0.0
0.3197807160622116,0.1548296754178892,1.0,0.0
0.3197807160622116,0.15779725294434746,1.0,0.0
0.3197807160622116,0.16076483047080573,1.0,0.0
0.3197807160622116,0.16373240799726396,1.0,0.0
0.3197807160622116,0.16669998552372223,1.0,0.0
0.3197807160622116,0.1696675630501805,1.0,0.0
0.3197807160622116,0.17263514057663876,1.0,0.0
0.3197807160622116,0.17560271810309702,1.0,0.0
0.3197807160622116,0.17857029562955526,1.0,0.0
0.3197807160622116,0.18153787315601352,1.0,0.0
0.3197807160622116,0.1845054506824718,1.0,0.0
0.3197807160622116,0.18747302820893003,1.0,0.0
0.3197807160622116,0.1904406057353883,1.0,0.0
0.3197807160622116,0.19340818326184656,1.0,0.0
0.3197807160622116,0.19637576078830482,1.0,0.0
0.3197807160622116,0.19934333831476309,1.0,0.0
0.32274829358866985,0.1132835900474736,1.0,0.0
0.32274829358866985,0.11625116757393185,1.0,0.0
0.32274829358866985,0.1192187451003901,1.0,0.0
0.32274829358866985,0.12218632262684836,1.0,0.0
0.32274829358866985,0.12515390015330663,1.0,0.0
0.32274829358866985,0.1281214776797649,1.0,0.0
0.32274829358866985,0.13108905520622313,1.0,0.0
0.32274829358866985,0.1340566327326814,1.0,0.0
0.32274829358866985,0.13702421025913966,1.0,0.0
0.32274829358866985,0.1399917877855979,1.0,0.0
0.32274829358866985,0.14295936531205616,1.0,0.0
0.32274829358866985,0.14592694283851443,1.0,0.0
0.32274829358866985,0.1488945203649727,1.0,0.0
0.32274829358866985,0.15186209789143096,1.0,0.0
0.32274829358866985,0.1548296754178892,1.0,0.0
0.32274829358866985,0.15779725294434746,1.0,0.0
0.32274829358866985,0.16076483047080573,1.0,0.0
0.32274829358866985,0.16373240799726396,1.0,0.0
0.32274829358866985,0.16669998552372223,1.0,0.0
0.32274829358866985,0.1696675630501805,1.0,0.0
0.32274829358866985,0.17263514057663876,1.0,0.0
0.32274829358866985,0.17560271810309702,1.0,0.0
0.32274829358866985,0.17857029562955526,1.0,0.0
0.32274829358866985,0.18153787315601352,1.0,0.0
0.32274829358866985,0.1845054506824718,1.0,0.0
0.32274829358866985,0.18747302820893003,1.0,0.0
0.32274829358866985,0.1904406057353883,1.0,0.0
0.32274829358866985,0.19340818326184656,1.0,0.0
0.32274829358866985,0.19637576078830482,1.0,0.0
0.32274829358866985,0.19934333831476309,1.0,0.0
0.3257158711151281,0.11031601252101533,1.0,0.0
0.3257158711151281,0.1132835900474736,1.0,0.0
0.3257158711151281,0.11625116757393185,1.0,0.0
0.3257158711151281,0.1192187451003901,1.0,0.0
0.3257158711151281,0.12218632262684836,1.0,0.0
0.3257158711151281,0.12515390015330663,1.0,0.0
0.3257158711151281,0.1281214776797649,1.0,0.0
0.3257158711151281,0.13108905520622313,1.0,0.0
0.3257158711151281,0.1340566327326814,1.0,0.0
0.3257158711151281,0.13702421025913966,1.0,0.0
0.3257158711151281,0.1399917877855979,1.0,0.0
0.3257158711151281,0.14295936531205616,1.0,0.0
0.3257158711151281,0.14592694283851443,1.0,0.0
0.3257158711151281,0.1488945203649727,1.0,0.0
0.3257158711151281,0.15186209789143096,1.0,0.0
0.3257158711151281,0.1548296754178892,1.0,0.0
0.3257158711151281,0.15779725294434746,1.0,0.0
0.3257158711151281,0.16076483047080573,1.0,0.0
0.3257158711151281,0.16373240799726396,1.0,0.0
0.3257158711151281,0.16669998552372223,1.0,0.0
0.3257158711151281,0.1696675630501805,1.0,0.0
0.3257158711151281,0.17263514057663876,1.0,0.0
0.3257158711151281,0.17560271810309702,1.0,0.0
0.3257158711151281,0.17857029562955526,1.0,0.0
0.3257158711151281,0.18153787315601352,1.0,0.0
0.3257158711151281,0.1845054506824718,1.0,0.0
0.3257158711151281,0.18747302820893003,1.0,0.0
0.3257158711151281,0.1904406057353883,1.0,0.0
0.3257158711151281,0.19340818326184656,1.0,0.0
0.3257158711151281,0.19637576078830482,1.0,0.0
0.3257158711151281,0.19934333831476309,1.0,0.0
0.3286834486415864,0.11031601252101533,1.0,0.0
0.3286834486415864,0.1132835900474736,1.0,0.0
0.3286834486415864,0.11625116757393185,1.0,0.0
0.3286834486415864,0.1192187451003901,1.0,0.0
0.3286834486415864,0.12218632262684836,1.0,0.0
0.3286834486415864,0.12515390015330663,1.0,0.0
0.3286834486415864,0.1281214776797649,1.0,0.0
0.3286834486415864,0.13108905520622313,1.0,0.0
0.3286834486415864,0.1340566327326814,1.0,0.0
0.3286834486415864,0.13702421025913966,1.0,0.0
0.3286834486415864,0.1399917877855979,1.0,0.0
0.3286834486415864,0.14295936531205616,1.0,0.0
0.3286834486415864,0.14592694283851443,1.0,0.0
0.3286834486415864,0.1488945203649727,1.0,0.0
0.3286834486415864,0.15186209789143096,1.0,0.0
0.3286834486415864,0.1548296754178892,1.0,0.0
0.3286834486415864,0.15779725294434746,1.0,0.0
0.3286834486415864,0.16076483047080573,1.0,0.0
0.3286834486415864,0.16373240799726396,1.0,0.0
0.3286834486415864,0.16669998552372223,1.0,0.0
0.3286834486415864,0.1696675630501805,1.0,0.0
0.3286834486415864,0.17263514057663876,1.0,0.0
0.3286834486415864,0.17560271810309702,1.0,0.0
0.3286834486415864,0.17857029562955526,1.0,0.0
0.3286834486415864,0.18153787315601352,1.0,0.0
0.3286834486415864,0.1845054506824718,1.0,0.0
0.3286834486415864,0.18747302820893003,1.0,0.0
0.3286834486415864,0.1904406057353883,1.0,0.0
0.3286834486415864,0.19340818326184656,1.0,0.0
0.3286834486415864,0.19637576078830482,1.0,0.0
0.3286834486415864,0.19934333831476309,1.0,0.0
0.33165102616804465,0.10734843499455707,1.0,0.0
0.33165102616804465,0.11031601252101533,1.0,0.0
0.33165102616804465,0.1132835900474736,1.0,0.0
0.33165102616804465,0.11625116757393185,1.0,0.0
0.33165102616804465,0.1192187451003901,1.0,0.0
0.33165102616804465,0.12218632262684836,1.0,0.0
0.33165102616804465,0.12515390015330663,1.0,0.0
0.33165102616804465,0.1281214776797649,1.0,0.0
0.33165102616804465,0.13108905520622313,1.0,0.0
0.33165102616804465,0.1340566327326814,1.0,0.0
0.33165102616804465,0.13702421025913966,1.0,0.0
0.33165102616804465,0.1399917877855979,1.0,0.0
0.33165102616804465,0.14295936531205616,1.0,0.0
0.33165102616804465,0.14592694283851443,1.0,0.0
0.33165102616804465,0.1488945203649727,1.0,0.0
0.33165102616804465,0.15186209789143096,1.0,0.0
0.33165102616804465,0.1548296754178892,1.0,0.0
0.33165102616804465,0.15779725294434746,1.0,0.0
0.33165102616804465,0.16076483047080573,1.0,0.0
0.33165102616804465,0.16373240799726396,1.0,0.0
0.33165102616804465,0.16669998552372223,1.0,0.0
0.33165102616804465,0.1696675630501805,1.0,0.0
0.33165102616804465,0.17263514057663876,1.0,0.0
0.33165102616804465,0.17560271810309702,1.0,0.0
0.33165102616804465,0.17857029562955526,1.0,0.0
0.33165102616804465,0.18153787315601352,1.0,0.0
0.33165102616804465,0.1845054506824718,1.0,0.0
0.33165102616804465,0.18747302820893003,1.0,0.0
0.33165102616804465,0.1904406057353883,1.0,0.0
0.33165102616804465,0.19340818326184656,1.0,0.0
0.33165102616804465,0.19637576078830482,1.0,0.0
0.33165102616804465,0.19934333831476309,1.0,0.0
0.3346186036945029,0.10734843499455707,1.0,0.0
0.3346186036945029,0.11031601252101533,1.0,0.0
0.3346186036945029,0.1132835900474736,1.0,0.0
0.3346186036945029,0.11625116757393185,1.0,0.0
0.3346186036945029,0.1192187451003901,1.0,0.0
0.3346186036945029,0.12218632262684836,1.0,0.0
0.3346186036945029,0.12515390015330663,1.0,0.0
0.3346186036945029,0.1281214776797649,1.0,0.0
0.3346186036945029,0.13108905520622313,1.0,0.0
0.3346186036945029,0.1340566327326814,1.0,0.0
0.3346186036945029,0.13702421025913966,1.0,0.0
0.3346186036945029,0.1399917877855979,1.0,0.0
0.3346186036945029,0.14295936531205616,1.0,0.0
0.3346186036945029,0.14592694283851443,1.0,0.0
0.3346186036945029,0.1488945203649727,1.0,0.0
0.3346186036945029,0.15186209789143096,1.0,0.0
0.3346186036945029,0.1548296754178892,1.0,0.0
0.3346186036945029,0.15779725294434746,1.0,0.0
0.3346186036945029,0.16076483047080573,1.0,0.0
0.3346186036945029,0.16373240799726396,1.0,0.0
0.3346186036945029,0.16669998552372223,1.0,0.0
0.3346186036945029,0.1696675630501805,1.0,0.0
0.3346186036945029,0.17263514057663876,1.0,0.0
0.3346186036945029,0.17560271810309702,1.0,0.0
0.3346186036945029,0.17857029562955526,1.0,0.0
0.3346186036945029,0.18153787315601352,1.0,0.0
0.3346186036945029,0.1845054506824718,1.0,0.0
0.3346186036945029,0.18747302820893003,1.0,0.0
0.3346186036945029,0.1904406057353883,1.0,0.0
0.3346186036945029,0.19340818326184656,1.0,0.0
0.3346186036945029,0.19637576078830482,1.0,0.0
0.3346186036945029,0.19934333831476309,1.0,0.0
0.3346186036945029,0.20231091584122132,1.0,0.0
0.3375861812209612,0.10734843499455707,1.0,0.0
0.3375861812209612,0.11031601252101533,1.0,0.0
0.3375861812209612,0.1132835900474736,1.0,0.0
0.3375861812209612,0.11625116757393185,1.0,0.0
0.3375861812209612,0.1192187451003901,1.0,0.0
0.3375861812209612,0.12218632262684836,1.0,0.0
0.3375861812209612,0.12515390015330663,1.0,0.0
0.3375861812209612,0.1281214776797649,1.0,0.0
0.3375861812209612,0.13108905520622313,1.0,0.0
0.3375861812209612,0.1340566327326814,1.0,0.0
0.3375861812209612,0.13702421025913966,1.0,0.0
0.3375861812209612,0.1399917877855979,1.0,0.0
0.3375861812209612,0.14295936531205616,1.0,0.0
0.3375861812209612,0.14592694283851443,1.0,0.0
0.3375861812209612,0.1488945203649727,1.0,0.0
0.3375861812209612,0.15186209789143096,1.0,0.0
0.3375861812209612,0.1548296754178892,1.0,0.0
0.3375861812209612,0.15779725294434746,1.0,0.0
0.3375861812209612,0.16076483047080573,1.0,0.0
0.3375861812209612,0.16373240799726396,1.0,0.0
0.3375861812209612,0.16669998552372223,1.0,0.0
0.3375861812209612,0.1696675630501805,1.0,0.0
0.3375861812209612,0.17263514057663876,1.0,0.0
0.3375861812209612,0.17560271810309702,1.0,0.0
0.3375861812209612,0.17857029562955526,1.0,0.0
0.3375861812209612,0.18153787315601352,1.0,0.0
0.3375861812209612,0.1845054506824718,1.0,0.0
0.3375861812209612,0.18747302820893003,1.0,0.0
0.3375861812209612,0.1904406057353883,1.0,0.0
0.3375861812209612,0.19340818326184656,1.0,0.0
0.3375861812209612,0.19637576078830482,1.0,0.0
0.3375861812209612,0.19934333831476309,1.0,0.0
0.3375861812209612,0.20231091584122132,1.0,0.0
0.34055375874741944,0.10734843499455707,1.0,0.0
0.34055375874741944,0.11031601252101533,1.0,0.0
0.34055375874741944,0.1132835900474736,1.0,0.0
0.34055375874741944,0.11625116757393185,1.0,0.0
0.34055375874741944,0.1192187451003901,1.0,0.0
0.34055375874741944,0.12218632262684836,1.0,0.0
0.34055375874741944,0.12515390015330663,1.0,0.0
0.34055375874741944,0.1281214776797649,1.0,0.0
0.34055375874741944,0.13108905520622313,1.0,0.0
0.34055375874741944,0.1340566327326814,1.0,0.0
0.34055375874741944,0.13702421025913966,1.0,0.0
0.34055375874741944,0.1399917877855979,1.0,0.0
0.34055375874741944,0.14295936531205616,1.0,0.0
0.34055375874741944,0.14592694283851443,1.0,0.0
0.34055375874741944,0.1488945203649727,1.0,0.0
0.34055375874741944,0.15186209789143096,1.0,0.0
0.34055375874741944,0.1548296754178892,1.0,0.0
0.34055375874741944,0.15779725294434746,1.0,0.0
0.34055375874741944,0.16076483047080573,1.0,0.0
0.34055375874741944,0.16373240799726396,1.0,0.0
0.34055375874741944,0.16669998552372223,1.0,0.0
0.34055375874741944,0.1696675630501805,1.0,0.0
0.34055375874741944,0.17263514057663876,1.0,0.0
0.34055375874741944,0.17560271810309702,1.0,0.0
0.34055375874741944,0.17857029562955526,1.0,0.0
0.34055375874741944,0.18153787315601352,1.0,0.0
0.34055375874741944,0.1845054506824718,1.0,0.0
0.34055375874741944,0.18747302820893003,1.0,0.0
0.34055375874741944,0.1904406057353883,1.0,0.0
0.34055375874741944,0.19340818326184656,1.0,0.0
0.34055375874741944,0.19637576078830482,1.0,0.0
0.34055375874741944,0.19934333831476309,1.0,0.0
0.34055375874741944,0.20231091584122132,1.0,0.0
0.34055375874741944,0.2052784933676796,1.0,0.0
0.3435213362738777,0.10438085746809882,1.0,0.0
0.3435213362738777,0.10734843499455707,1.0,0.0
0.3435213362738777,0.11031601252101533,1.0,0.0
0.3435213362738777,0.1132835900474736,1.0,0.0
0.3435213362738777,0.11625116757393185,1.0,0.0
0.3435213362738777,0.1192187451003901,1.0,0.0
0.3435213362738777,0.12218632262684836,1.0,0.0
0.3435213362738777,0.12515390015330663,1.0,0.0
0.3435213362738777,0.1281214776797649,1.0,0.0
0.3435213362738777,0.13108905520622313,1.0,0.0
0.3435213362738777,0.1340566327326814,1.0,0.0
0.3435213362738777,0.13702421025913966,1.0,0.0
0.3435213362738777,0.1399917877855979,1.0,0.0
0.3435213362738777,0.14295936531205616,1.0,0.0
0.3435213362738777,0.14592694283851443,1.0,0.0
0.3435213362738777,0.1488945203649727,1.0,0.0
0.3435213362738777,0.15186209789143096,1.0,0.0
0.3435213362738777,0.1548296754178892,1.0,0.0
0.3435213362738777,0.15779725294434746,1.0,0.0
0.3435213362738777,0.16076483047080573,1.0,0.0
0.3435213362738777,0.16373240799726396,1.0,0.0
0.3435213362738777,0.16669998552372223,1.0,0.0
0.3435213362738777,0.1696675630501805,1.0,0.0
0.3435213362738777,0.17263514057663876,1.0,0.0
0.3435213362738777,0.17560271810309702,1.0,0.0
0.3435213362738777,0.17857029562955526,1.0,0.0
0.3435213362738777,0.18153787315601352,1.0,0.0
0.3435213362738777,0.1845054506824718,1.0,0.0
0.3435213362738777,0.18747302820893003,1.0,0.0
0.3435213362738777,0.1904406057353883,1.0,0.0
0.3435213362738777,0.19340818326184656,1.0,0.0
0.3435213362738777,0.19637576078830482,1.0,0.0
0.3435213362738777,0.19934333831476309,1.0,0.0
0.3435213362738777,0.20231091584122132,1.0,0.0
0.3435213362738777,0.2052784933676796,1.0,0.0
0.346488913800336,0.10141327994164057,1.0,0.0
0.346488913800336,0.10438085746809882,1.0,0.0
0.346488913800336,0.10734843499455707,1.0,0.0
0.346488913800336,0.11031601252101533,1.0,0.0
0.346488913800336,0.1132835900474736,1.0,0.0
0.346488913800336,0.11625116757393185,1.0,0.0
0.346488913800336,0.1192187451003901,1.0,0.0
0.346488913800336,0.12218632262684836,1.0,0.0
0.346488913800336,0.12515390015330663,1.0,0.0
0.346488913800336,0.1281214776797649,1.0,0.0
0.346488913800336,0.13108905520622313,1.0,0.0
0.346488913800336,0.1340566327326814,1.0,0.0
0.346488913800336,0.13702421025913966,1.0,0.0
0.346488913800336,0.1399917877855979,1.0,0.0
0.346488913800336,0.14295936531205616,1.0,0.0
0.346488913800336,0.14592694283851443,1.0,0.0
0.346488913800336,0.1488945203649727,1.0,0.0
0.346488913800336,0.15186209789143096,1.0,0.0
0.346488913800336,0.1548296754178892,1.0,0.0
0.346488913800336,0.15779725294434746,1.0,0.0
0.346488913800336,0.16076483047080573,1.0,0.0
0.346488913800336,0.16373240799726396,1.0,0.0
0.346488913800336,0.16669998552372223,1.0,0.0
0.346488913800336,0.1696675630501805,1.0,0.0
0.346488913800336,0.17263514057663876,1.0,0.0
0.346488913800336,0.17560271810309702,1.0,0.0
0.346488913800336,0.17857029562955526,1.0,0.0
0.346488913800336,0.18153787315601352,1.0,0.0
0.346488913800336,0.1845054506824718,1.0,0.0
0.346488913800336,0.18747302820893003,1.0,0.0
0.346488913800336,0.1904406057353883,1.0,0.0
0.346488913800336,0.19340818326184656,1.0,0.0
0.346488913800336,0.19637576078830482,1.0,0.0
0.346488913800336,0.19934333831476309,1.0,0.0
0.346488913800336,0.20231091584122132,1.0,0.0
0.346488913800336,0.2052784933676796,1.0,0.0
0.34945649132679424,0.10141327994164057,1.0,0.0
0.34945649132679424,0.10438085746809882,1.0,0.0
0.34945649132679424,0.10734843499455707,1.0,0.0
0.34945649132679424,0.11031601252101533,1.0,0.0
0.34945649132679424,0.1132835900474736,1.0,0.0
0.34945649132679424,0.11625116757393185,1.0,0.0
0.34945649132679424,0.1192187451003901,1.0,0.0
0.34945649132679424,0.12218632262684836,1.0,0.0
0.34945649132679424,0.12515390015330663,1.0,0.0
0.34945649132679424,0.1281214776797649,1.0,0.0
0.34945649132679424,0.13108905520622313,1.0,0.0
0.34945649132679424,0.1340566327326814,1.0,0.0
0.34945649132679424,0.13702421025913966,1.0,0.0
0.34945649132679424,0.1399917877855979,1.0,0.0
0.34945649132679424,0.14295936531205616,1.0,0.0
0.34945649132679424,0.14592694283851443,1.0,0.0
0.34945649132679424,0.1488945203649727,1.0,0.0
0.34945649132679424,0.15186209789143096,1.0,0.0
0.34945649132679424,0.1548296754178892,1.0,0.0
0.34945649132679424,0.15779725294434746,1.0,0.0
0.34945649132679424,0.16076483047080573,1.0,0.0
0.34945649132679424,0.16373240799726396,1.0,0.0
0.34945649132679424,0.16669998552372223,1.0,0.0
0.34945649132679424,0.1696675630501805,1.0,0.0
0.34945649132679424,0.17263514057663876,1.0,0.0
0.34945649132679424,0.17560271810309702,1.0,0.0
0.34945649132679424,0.17857029562955526,1.0,0.0
0.34945649132679424,0.18153787315601352,1.0,0.0
0.34945649132679424,0.1845054506824718,1.0,0.0
0.34945649132679424,0.18747302820893003,1.0,0.0
0.34945649132679424,0.1904406057353883,1.0,0.0
0.34945649132679424,0.19340818326184656,1.0,0.0
0.34945649132679424,0.19637576078830482,1.0,0.0
0.34945649132679424,0.19934333831476309,1.0,0.0
0.34945649132679424,0.20231091584122132,1.0,0.0
0.3524240688532525,0.0984457024151823,1.0,0.0
0.3524240688532525,0.10141327994164057,1.0,0.0
0.3524240688532525,0.10438085746809882,1.0,0.0
0.3524240688532525,0.10734843499455707,1.0,0.0
0.3524240688532525,0.11031601252101533,1.0,0.0
0.3524240688532525,0.1132835900474736,1.0,0.0
0.3524240688532525,0.11625116757393185,1.0,0.0
0.3524240688532525,0.1192187451003901,1.0,0.0
0.3524240688532525,0.12218632262684836,1.0,0.0
0.3524240688532525,0.12515390015330663,1.0,0.0
0.3524240688532525,0.1281214776797649,1.0,0.0
0.3524240688532525,0.13108905520622313,1.0,0.0
0.3524240688532525,0.1340566327326814,1.0,0.0
0.3524240688532525,0.13702421025913966,1.0,0.0
0.3524240688532525,0.1399917877855979,1.0,0.0
0.3524240688532525,0.14295936531205616,1.0,0.0
0.3524240688532525,0.14592694283851443,1.0,0.0
0.3524240688532525,0.1488945203649727,1.0,0.0
0.3524240688532525,0.15186209789143096,1.0,0.0
0.3524240688532525,0.1548296754178892,1.0,0.0
0.3524240688532525,0.15779725294434746,1.0,0.0
0.3524240688532525,0.16076483047080573,1.0,0.0
0.3524240688532525,0.16373240799726396,1.0,0.0
0.3524240688532525,0.16669998552372223,1.0,0.0
0.3524240688532525,0.1696675630501805,1.0,0.0
0.3524240688532525,0.17263514057663876,1.0,0.0
0.3524240688532525,0.17560271810309702,1.0,0.0
0.3524240688532525,0.17857029562955526,1.0,0.0
0.3524240688532525,0.18153787315601352,1.0,0.0
0.3524240688532525,0.1845054506824718,1.0,0.0
0.3524240688532525,0.18747302820893003,1.0,0.0
0.3524240688532525,0.1904406057353883,1.0,0.0
0.3524240688532525,0.19340818326184656,1.0,0.0
0.3524240688532525,0.19637576078830482,1.0,0.0
0.3524240688532525,0.19934333831476309,1.0,0.0
0.3524240688532525,0.20231091584122132,1.0,0.0
0.35539164637971077,0.0984457024151823,1.0,0.0
0.35539164637971077,0.10141327994164057,1.0,0.0
0.35539164637971077,0.10438085746809882,1.0,0.0
0.35539164637971077,0.10734843499455707,1.0,0.0
0.35539164637971077,0.11031601252101533,1.0,0.0
0.35539164637971077,0.1132835900474736,1.0,0.0
0.35539164637971077,0.11625116757393185,1.0,0.0
0.35539164637971077,0.1192187451003901,1.0,0.0
0.35539164637971077,0.12218632262684836,1.0,0.0
0.35539164637971077,0.12515390015330663,1.0,0.0
0.35539164637971077,0.1281214776797649,1.0,0.0
0.35539164637971077,0.13108905520622313,1.0,0.0
0.35539164637971077,0.1340566327326814,1.0,0.0
0.35539164637971077,0.13702421025913966,1.0,0.0
0.35539164637971077,0.1399917877855979,1.0,0.0
0.35539164637971077,0.14295936531205616,1.0,0.0
0.35539164637971077,0.14592694283851443,1.0,0.0
0.35539164637971077,0.1488945203649727,1.0,0.0
0.35539164637971077,0.15186209789143096,1.0,0.0
0.35539164637971077,0.1548296754178892,1.0,0.0
0.35539164637971077,0.15779725294434746,1.0,0.0
0.35539164637971077,0.16076483047080573,1.0,0.0
0.35539164637971077,0.16373240799726396,1.0,0.0
0.35539164637971077,0.16669998552372223,1.0,0.0
0.35539164637971077,0.1696675630501805,1.0,0.0
0.35539164637971077,0.17263514057663876,1.0,0.0
0.35539164637971077,0.17560271810309702,1.0,0.0
0.35539164637971077,0.17857029562955526,1.0,0.0
0.35539164637971077,0.18153787315601352,1.0,0.0
0.35539164637971077,0.1845054506824718,1.0,0.0
0.35539164637971077,0.18747302820893003,1.0,0.0
0.35539164637971077,0.1904406057353883,1.0,0.0
0.35539164637971077,0.19340818326184656,1.0,0.0
0.35539164637971077,0.19637576078830482,1.0,0.0
0.35539164637971077,0.19934333831476309,1.0,0.0
0.35539164637971077,0.20231091584122132,1.0,0.0
0.35835922390616903,0.10141327994164057,1.0,0.0
0.35835922390616903,0.10438085746809882,1.0,0.0
0.35835922390616903,0.10734843499455707,1.0,0.0
0.35835922390616903,0.11031601252101533,1.0,0.0
0.35835922390616903,0.1132835900474736,1.0,0.0
0.35835922390616903,0.11625116757393185,1.0,0.0
0.35835922390616903,0.1192187451003901,1.0,0.0
0.35835922390616903,0.12218632262684836,1.0,0.0
0.35835922390616903,0.12515390015330663,1.0,0.0
0.35835922390616903,0.1281214776797649,1.0,0.0
0.35835922390616903,0.13108905520622313,1.0,0.0
0.35835922390616903,0.1340566327326814,1.0,0.0
0.35835922390616903,0.13702421025913966,1.0,0.0
0.35835922390616903,0.1399917877855979,1.0,0.0
0.35835922390616903,0.14295936531205616,1.0,0.0
0.35835922390616903,0.14592694283851443,1.0,0.0
0.35835922390616903,0.1488945203649727,1.0,0.0
0.35835922390616903,0.15186209789143096,1.0,0.0
0.35835922390616903,0.1548296754178892,1.0,0.0
0.35835922390616903,0.15779725294434746,1.0,0.0
0.35835922390616903,0.16076483047080573,1.0,0.0
0.35835922390616903,0.16373240799726396,1.0,0.0
0.35835922390616903,0.16669998552372223,1.0,0.0
0.35835922390616903,0.1696675630501805,1.0,0.0
0.35835922390616903,0.17263514057663876,1.0,0.0
0.35835922390616903,0.17560271810309702,1.0,0.0
0.35835922390616903,0.17857029562955526,1.0,0.0
0.35835922390616903,0.18153787315601352,1.0,0.0
0.35835922390616903,0.1845054506824718,1.0,0.0
0.35835922390616903,0.18747302820893003,1.0,0.0
0.35835922390616903,0.1904406057353883,1.0,0.0
0.35835922390616903,0.19340818326184656,1.0,0.0
0.35835922390616903,0.19637576078830482,1.0,0.0
0.35835922390616903,0.19934333831476309,1.0,0.0
0.35835922390616903,0.20231091584122132,1.0,0.0
0.3613268014326273,0.10141327994164057,1.0,0.0
0.3613268014326273,0.10438085746809882,1.0,0.0
0.3613268014326273,0.10734843499455707,1.0,0.0
0.3613268014326273,0.11031601252101533,1.0,0.0
0.3613268014326273,0.1132835900474736,1.0,0.0
0.3613268014326273,0.11625116757393185,1.0,0.0
0.3613268014326273,0.1192187451003901,1.0,0.0
0.3613268014326273,0.12218632262684836,1.0,0.0
0.3613268014326273,0.12515390015330663,1.0,0.0
0.3613268014326273,0.1281214776797649,1.0,0.0
0.3613268014326273,0.13108905520622313,1.0,0.0
0.3613268014326273,0.1340566327326814,1.0,0.0
0.3613268014326273,0.13702421025913966,1.0,0.0
0.3613268014326273,0.1399917877855979,1.0,0.0
0.3613268014326273,0.14295936531205616,1.0,0.0
0.3613268014326273,0.14592694283851443,1.0,0.0
0.3613268014326273,0.1488945203649727,1.0,0.0
0.3613268014326273,0.15186209789143096,1.0,0.0
0.3613268014326273,0.1548296754178892,1.0,0.0
0.3613268014326273,0.15779725294434746,1.0,0.0
0.3613268014326273,0.16076483047080573,1.0,0.0
0.3613268014326273,0.16373240799726396,1.0,0.0
0.3613268014326273,0.16669998552372223,1.0,0.0
0.3613268014326273,0.1696675630501805,1.0,0.0
0.3613268014326273,0.17263514057663876,1.0,0.0
0.3613268014326273,0.17560271810309702,1.0,0.0
0.3613268014326273,0.17857029562955526,1.0,0.0
0.3613268014326273,0.18153787315601352,1.0,0.0
0.3613268014326273,0.1845054506824718,1.0,0.0
0.3613268014326273,0.18747302820893003,1.0,0.0
0.3613268014326273,0.1904406057353883,1.0,0.0
0.3613268014326273,0.19340818326184656,1.0,0.0
0.3613268014326273,0.19637576078830482,1.0,0.0
0.3613268014326273,0.19934333831476309,1.0,0.0
0.3613268014326273,0.20231091584122132,1.0,0.0
0.3613268014326273,0.2052784933676796,1.0,0.0
0.3613268014326273,0.20824607089413785,1.0,0.0
0.3642943789590855,0.10141327994164057,1.0,0.0
0.3642943789590855,0.10438085746809882,1.0,0.0
0.3642943789590855,0.10734843499455707,1.0,0.0
0.3642943789590855,0.11031601252101533,1.0,0.0
0.3642943789590855,0.1132835900474736,1.0,0.0
0.3642943789590855,0.11625116757393185,1.0,0.0
0.3642943789590855,0.1192187451003901,1.0,0.0
0.3642943789590855,0.12218632262684836,1.0,0.0
0.3642943789590855,0.12515390015330663,1.0,0.0
0.3642943789590855,0.1281214776797649,1.0,0.0
0.3642943789590855,0.13108905520622313,1.0,0.0
0.3642943789590855,0.1340566327326814,1.0,0.0
0.3642943789590855,0.13702421025913966,1.0,0.0
0.3642943789590855,0.1399917877855979,1.0,0.0
0.3642943789590855,0.14295936531205616,1.0,0.0
0.3642943789590855,0.14592694283851443,1.0,0.0
0.3642943789590855,0.1488945203649727,1.0,0.0
0.3642943789590855,0.15186209789143096,1.0,0.0
0.3642943789590855,0.1548296754178892,1.0,0.0
0.3642943789590855,0.15779725294434746,1.0,0.0
0.3642943789590855,0.16076483047080573,1.0,0.0
0.3642943789590855,0.16373240799726396,1.0,0.0
0.3642943789590855,0.16669998552372223,1.0,0.0
0.3642943789590855,0.1696675630501805,1.0,0.0
0.3642943789590855,0.17263514057663876,1.0,0.0
0.3642943789590855,0.17560271810309702,1.0,0.0
0.3642943789590855,0.17857029562955526,1.0,0.0
0.3642943789590855,0.18153787315601352,1.0,0.0
0.3642943789590855,0.1845054506824718,1.0,0.0
0.3642943789590855,0.18747302820893003,1.0,0.0
0.3642943789590855,0.1904406057353883,1.0,0.0
0.3642943789590855,0.19340818326184656,1.0,0.0
0.3642943789590855,0.19637576078830482,1.0,0.0
0.3642943789590855,0.19934333831476309,1.0,0.0
0.3642943789590855,0.20231091584122132,1.0,0.0
0.3642943789590855,0.2052784933676796,1.0,0.0
0.3642943789590855,0.20824607089413785,1.0,0.0
0.3672619564855438,0.10141327994164057,1.0,0.0
0.3672619564855438,0.10438085746809882,1.0,0.0
0.3672619564855438,0.10734843499455707,1.0,0.0
0.3672619564855438,0.11031601252101533,1.0,0.0
0.3672619564855438,0.1132835900474736,1.0,0.0
0.3672619564855438,0.11625116757393185,1.0,0.0
0.3672619564855438,0.1192187451003901,1.0,0.0
0.3672619564855438,0.12218632262684836,1.0,0.0
0.3672619564855438,0.12515390015330663,1.0,0.0
0.3672619564855438,0.1281214776797649,1.0,0.0
0.3672619564855438,0.13108905520622313,1.0,0.0
0.3672619564855438,0.1340566327326814,1.0,0.0
0.3672619564855438,0.13702421025913966,1.0,0.0
0.3672619564855438,0.1399917877855979,1.0,0.0
0.3672619564855438,0.14295936531205616,1.0,0.0
0.3672619564855438,0.14592694283851443,1.0,0.0
0.3672619564855438,0.1488945203649727,1.0,0.0
0.3672619564855438,0.15186209789143096,1.0,0.0
0.3672619564855438,0.1548296754178892,1.0,0.0
0.3672619564855438,0.15779725294434746,1.0,0.0
0.3672619564855438,0.16076483047080573,1.0,0.0
0.3672619564855438,0.16373240799726396,1.0,0.0
0.3672619564855438,0.16669998552372223,1.0,0.0
0.3672619564855438,0.1696675630501805,1.0,0.0
0.3672619564855438,0.17263514057663876,1.0,0.0
0.3672619564855438,0.17560271810309702,1.0,0.0
0.3672619564855438,0.17857029562955526,1.0,0.0
0.3672619564855438,0.18153787315601352,1.0,0.0
0.3672619564855438,0.1845054506824718,1.0,0.0
0.3672619564855438,0.18747302820893003,1.0,0.0
0.3672619564855438,0.1904406057353883,1.0,0.0
0.3672619564855438,0.19340818326184656,1.0,0.0
0.3672619564855438,0.19637576078830482,1.0,0.0
0.3672619564855438,0.19934333831476309,1.0,0.0
0.3672619564855438,0.20231091584122132,1.0,0.0
0.3672619564855438,0.2052784933676796,1.0,0.0
0.3672619564855438,0.20824607089413785,1.0,0.0
0.3672619564855438,0.2112136484205961,1.0,0.0
0.37022953401200204,0.10734843499455707,1.0,0.0
0.37022953401200204,0.11031601252101533,1.0,0.0
0.37022953401200204,0.1132835900474736,1.0,0.0
0.37022953401200204,0.11625116757393185,1.0,0.0
0.37022953401200204,0.1192187451003901,1.0,0.0
0.37022953401200204,0.12218632262684836,1.0,0.0
0.37022953401200204,0.12515390015330663,1.0,0.0
0.37022953401200204,0.1281214776797649,1.0,0.0
0.37022953401200204,0.13108905520622313,1.0,0.0
0.37022953401200204,0.1340566327326814,1.0,0.0
0.37022953401200204,0.13702421025913966,1.0,0.0
0.37022953401200204,0.1399917877855979,1.0,0.0
0.37022953401200204,0.14295936531205616,1.0,0.0
0.37022953401200204,0.14592694283851443,1.0,0.0
0.37022953401200204,0.1488945203649727,1.0,0.0
0.37022953401200204,0.15186209789143096,1.0,0.0
0.37022953401200204,0.1548296754178892,1.0,0.0
0.37022953401200204,0.15779725294434746,1.0,0.0
0.37022953401200204,0.16076483047080573,1.0,0.0
0.37022953401200204,0.16373240799726396,1.0,0.0
0.37022953401200204,0.16669998552372223,1.0,0.0
0.37022953401200204,0.1696675630501805,1.0,0.0
0.37022953401200204,0.17263514057663876,1.0,0.0
0.37022953401200204,0.17560271810309702,1.0,0.0
0.37022953401200204,0.17857029562955526,1.0,0.0
0.37022953401200204,0.18153787315601352,1.0,0.0
0.37022953401200204,0.1845054506824718,1.0,0.0
0.37022953401200204,0.18747302820893003,1.0,0.0
0.37022953401200204,0.1904406057353883,1.0,0.0
0.37022953401200204,0.19340818326184656,1.0,0.0
0.37022953401200204,0.19637576078830482,1.0,0.0
0.37022953401200204,0.19934333831476309,1.0,0.0
0.37022953401200204,0.20231091584122132,1.0,0.0
0.37022953401200204,0.2052784933676796,1.0,0.0
0.37022953401200204,0.20824607089413785,1.0,0.0
0.37022953401200204,0.2112136484205961,1.0,0.0
0.3731971115384603,0.10734843499455707,1.0,0.0
0.3731971115384603,0.11031601252101533,1.0,0.0
0.3731971115384603,0.1132835900474736,1.0,0.0
0.3731971115384603,0.11625116757393185,1.0,0.0
0.3731971115384603,0.1192187451003901,1.0,0.0
0.3731971115384603,0.12218632262684836,1.0,0.0
0.3731971115384603,0.12515390015330663,1.0,0.0
0.3731971115384603,0.1281214776797649,1.0,0.0
0.3731971115384603,0.13108905520622313,1.0,0.0
0.3731971115384603,0.1340566327326814,1.0,0.0
0.3731971115384603,0.13702421025913966,1.0,0.0
0.3731971115384603,0.1399917877855979,1.0,0.0
0.3731971115384603,0.14295936531205616,1.0,0.0
0.3731971115384603,0.14592694283851443,1.0,0.0
0.3731971115384603,0.1488945203649727,1.0,0.0
0.3731971115384603,0.15186209789143096,1.0,0.0
0.3731971115384603,0.1548296754178892,1.0,0.0
0.3731971115384603,0.15779725294434746,1.0,0.0
0.3731971115384603,0.16076483047080573,1.0,0.0
0.3731971115384603,0.16373240799726396,1.0,0.0
0.3731971115384603,0.16669998552372223,1.0,0.0
0.3731971115384603,0.1696675630501805,1.0,0.0
0.3731971115384603,0.17263514057663876,1.0,0.0
0.3731971115384603,0.17560271810309702,1.0,0.0
0.3731971115384603,0.17857029562955526,1.0,0.0
0.3731971115384603,0.18153787315601352,1.0,0.0
0.3731971115384603,0.1845054506824718,1.0,0.0
0.3731971115384603,0.18747302820893003,1.0,0.0
0.3731971115384603,0.1904406057353883,1.0,0.0
0.3731971115384603,0.19340818326184656,1.0,0.0
0.3731971115384603,0.19637576078830482,1.0,0.0
0.3731971115384603,0.19934333831476309,1.0,0.0
0.3731971115384603,0.20231091584122132,1.0,0.0
0.3731971115384603,0.2052784933676796,1.0,0.0
0.3731971115384603,0.20824607089413785,1.0,0.0
0.3731971115384603,0.2112136484205961,1.0,0.0
0.3731971115384603,0.21418122594705435,1.0,0.0
0.37616468906491857,0.10438085746809882,1.0,0.0
0.37616468906491857,0.10734843499455707,1.0,0.0
0.37616468906491857,0.11031601252101533,1.0,0.0
0.37616468906491857,0.1132835900474736,1.0,0.0
0.37616468906491857,0.11625116757393185,1.0,0.0
0.37616468906491857,0.1192187451003901,1.0,0.0
0.37616468906491857,0.12218632262684836,1.0,0.0
0.37616468906491857,0.12515390015330663,1.0,0.0
0.37616468906491857,0.1281214776797649,1.0,0.0
0.37616468906491857,0.13108905520622313,1.0,0.0
0.37616468906491857,0.1340566327326814,1.0,0.0
0.37616468906491857,0.13702421025913966,1.0,0.0
0.37616468906491857,0.1399917877855979,1.0,0.0
0.37616468906491857,0.14295936531205616,1.0,0.0
0.37616468906491857,0.14592694283851443,1.0,0.0
0.37616468906491857,0.1488945203649727,1.0,0.0
0.37616468906491857,0.15186209789143096,1.0,0.0
0.37616468906491857,0.1548296754178892,1.0,0.0
0.37616468906491857,0.15779725294434746,1.0,0.0
0.37616468906491857,0.16076483047080573,1.0,0.0
0.37616468906491857,0.16373240799726396,1.0,0.0
0.37616468906491857,0.16669998552372223,1.0,0.0
0.37616468906491857,0.1696675630501805,1.0,0.0
0.37616468906491857,0.17263514057663876,1.0,0.0
0.37616468906491857,0.17560271810309702,1.0,0.0
0.37616468906491857,0.17857029562955526,1.0,0.0
0.37616468906491857,0.18153787315601352,1.0,0.0
0.37616468906491857,0.1845054506824718,1.0,0.0
0.37616468906491857,0.18747302820893003,1.0,0.0
0.37616468906491857,0.1904406057353883,1.0,0.0
0.37616468906491857,0.19340818326184656,1.0,0.0
0.37616468906491857,0.19637576078830482,1.0,0.0
0.37616468906491857,0.19934333831476309,1.0,0.0
0.37616468906491857,0.20231091584122132,1.0,0.0
0.37616468906491857,0.2052784933676796,1.0,0.0
0.37616468906491857,0.20824607089413785,1.0,0.0
0.37616468906491857,0.2112136484205961,1.0,0.0
0.37616468906491857,0.21418122594705435,1.0,0.0
0.37913226659137683,0.10438085746809882,1.0,0.0
0.37913226659137683,0.10734843499455707,1.0,0.0
0.37913226659137683,0.11031601252101533,1.0,0.0
0.37913226659137683,0.1132835900474736,1.0,0.0
0.37913226659137683,0.11625116757393185,1.0,0.0
0.37913226659137683,0.1192187451003901,1.0,0.0
0.37913226659137683,0.12218632262684836,1.0,0.0
0.37913226659137683,0.12515390015330663,1.0,0.0
0.37913226659137683,0.1281214776797649,1.0,0.0
0.37913226659137683,0.13108905520622313,1.0,0.0
0.37913226659137683,0.1340566327326814,1.0,0.0
0.37913226659137683,0.13702421025913966,1.0,0.0
0.37913226659137683,0.1399917877855979,1.0,0.0
0.37913226659137683,0.14295936531205616,1.0,0.0
0.37913226659137683,0.14592694283851443,1.0,0.0
0.37913226659137683,0.1488945203649727,1.0,0.0
0.37913226659137683,0.15186209789143096,1.0,0.0
0.37913226659137683,0.1548296754178892,1.0,0.0
0.37913226659137683,0.15779725294434746,1.0,0.0
0.37913226659137683,0.16076483047080573,1.0,0.0
0.37913226659137683,0.16373240799726396,1.0,0.0
0.37913226659137683,0.16669998552372223,1.0,0.0
0.37913226659137683,0.1696675630501805,1.0,0.0
0.37913226659137683,0.17263514057663876,1.0,0.0
0.37913226659137683,0.17560271810309702,1.0,0.0
0.37913226659137683,0.17857029562955526,1.0,0.0
0.37913226659137683,0.18153787315601352,1.0,0.0
0.37913226659137683,0.1845054506824718,1.0,0.0
0.37913226659137683,0.18747302820893003,1.0,0.0
0.37913226659137683,0.1904406057353883,1.0,0.0
0.37913226659137683,0.19340818326184656,1.0,0.0
0.37913226659137683,0.19637576078830482,1.0,0.0
0.37913226659137683,0.19934333831476309,1.0,0.0
0.37913226659137683,0.20231091584122132,1.0,0.0
0.37913226659137683,0.2052784933676796,1.0,0.0
0.37913226659137683,0.20824607089413785,1.0,0.0
0.37913226659137683,0.2112136484205961,1.0,0.0
0.37913226659137683,0.21418122594705435,1.0,0.0
0.37913226659137683,0.21714880347351262,1.0,0.0
0.3820998441178351,0.10734843499455707,1.0,0.0
0.3820998441178351,0.11031601252101533,1.0,0.0
0.3820998441178351,0.1132835900474736,1.0,0.0
0.3820998441178351,0.11625116757393185,1.0,0.0
0.3820998441178351,0.1192187451003901,1.0,0.0
0.3820998441178351,0.12218632262684836,1.0,0.0
0.3820998441178351,0.12515390015330663,1.0,0.0
0.3820998441178351,0.1281214776797649,1.0,0.0
0.3820998441178351,0.13108905520622313,1.0,0.0
0.3820998441178351,0.1340566327326814,1.0,0.0
0.3820998441178351,0.13702421025913966,1.0,0.0
0.3820998441178351,0.1399917877855979,1.0,0.0
0.3820998441178351,0.14295936531205616,1.0,0.0
0.3820998441178351,0.14592694283851443,1.0,0.0
0.3820998441178351,0.1488945203649727,1.0,0.0
0.3820998441178351,0.15186209789143096,1.0,0.0
0.3820998441178351,0.1548296754178892,1.0,0.0
0.3820998441178351,0.15779725294434746,1.0,0.0
0.3820998441178351,0.16076483047080573,1.0,0.0
0.3820998441178351,0.16373240799726396,1.0,0.0
0.3820998441178351,0.16669998552372223,1.0,0.0
0.3820998441178351,0.1696675630501805,1.0,0.0
0.3820998441178351,0.17263514057663876,1.0,0.0
0.3820998441178351,0.17560271810309702,1.0,0.0
0.3820998441178351,0.17857029562955526,1.0,0.0
0.3820998441178351,0.18153787315601352,1.0,0.0
0.3820998441178351,0.1845054506824718,1.0,0.0
0.3820998441178351,0.18747302820893003,1.0,0.0
0.3820998441178351,0.1904406057353883,1.0,0.0
0.3820998441178351,0.19340818326184656,1.0,0.0
0.3820998441178351,0.19637576078830482,1.0,0.0
0.3820998441178351,0.19934333831476309,1.0,0.0
0.3820998441178351,0.20231091584122132,1.0,0.0
0.3820998441178351,0.2052784933676796,1.0,0.0
0.3820998441178351,0.20824607089413785,1.0,0.0
0.3820998441178351,0.2112136484205961,1.0,0.0
0.3820998441178351,0.21418122594705435,1.0,0.0
0.3820998441178351,0.21714880347351262,1.0,0.0
0.38506742164429336,0.10734843499455707,1.0,0.0
0.38506742164429336,0.11031601252101533,1.0,0.0
0.38506742164429336,0.1132835900474736,1.0,0.0
0.38506742164429336,0.11625116757393185,1.0,0.0
0.38506742164429336,0.1192187451003901,1.0,0.0
0.38506742164429336,0.12218632262684836,1.0,0.0
0.38506742164429336,0.12515390015330663,1.0,0.0
0.38506742164429336,0.1281214776797649,1.0,0.0
0.38506742164429336,0.13108905520622313,1.0,0.0
0.38506742164429336,0.1340566327326814,1.0,0.0
0.38506742164429336,0.13702421025913966,1.0,0.0
0.38506742164429336,0.1399917877855979,1.0,0.0
0.38506742164429336,0.14295936531205616,1.0,0.0
0.38506742164429336,0.14592694283851443,1.0,0.0
0.38506742164429336,0.1488945203649727,1.0,0.0
0.38506742164429336,0.15186209789143096,1.0,0.0
0.38506742164429336,0.1548296754178892,1.0,0.0
0.38506742164429336,0.15779725294434746,1.0,0.0
0.38506742164429336,0.16076483047080573,1.0,0.0
0.38506742164429336,0.16373240799726396,1.0,0.0
0.38506742164429336,0.16669998552372223,1.0,0.0
0.38506742164429336,0.1696675630501805,1.0,0.0
0.38506742164429336,0.17263514057663876,1.0,0.0
0.38506742164429336,0.17560271810309702,1.0,0.0
0.38506742164429336,0.17857029562955526,1.0,0.0
0.38506742164429336,0.18153787315601352,1.0,0.0
0.38506742164429336,0.1845054506824718,1.0,0.0
0.38506742164429336,0.18747302820893003,1.0,0.0
0.38506742164429336,0.1904406057353883,1.0,0.0
0.38506742164429336,0.19340818326184656,1.0,0.0
0.38506742164429336,0.19637576078830482,1.0,0.0
0.38506742164429336,0.19934333831476309,1.0,0.0
0.38506742164429336,0.20231091584122132,1.0,0.0
0.38506742164429336,0.2052784933676796,1.0,0.0
0.38506742164429336,0.20824607089413785,1.0,0.0
0.38506742164429336,0.2112136484205961,1.0,0.0
0.38506742164429336,0.21418122594705435,1.0,0.0
0.38506742164429336,0.21714880347351262,1.0,0.0
0.3880349991707516,0.10734843499455707,1.0,0.0
0.3880349991707516,0.11031601252101533,1.0,0.0
0.3880349991707516,0.1132835900474736,1.0,0.0
0.3880349991707516,0.11625116757393185,1.0,0.0
0.3880349991707516,0.1192187451003901,1.0,0.0
0.3880349991707516,0.12218632262684836,1.0,0.0
0.3880349991707516,0.12515390015330663,1.0,0.0
0.3880349991707516,0.1281214776797649,1.0,0.0
0.3880349991707516,0.13108905520622313,1.0,0.0
0.3880349991707516,0.1340566327326814,1.0,0.0
0.3880349991707516,0.13702421025913966,1.0,0.0
0.3880349991707516,0.1399917877855979,1.0,0.0
0.3880349991707516,0.14295936531205616,1.0,0.0
0.3880349991707516,0.14592694283851443,1.0,0.0
0.3880349991707516,0.1488945203649727,1.0,0.0
0.3880349991707516,0.15186209789143096,1.0,0.0
0.3880349991707516,0.1548296754178892,1.0,0.0
0.3880349991707516,0.15779725294434746,1.0,0.0
0.3880349991707516,0.16076483047080573,1.0,0.0
0.3880349991707516,0.16373240799726396,1.0,0.0
0.3880349991707516,0.16669998552372223,1.0,0.0
0.3880349991707516,0.1696675630501805,1.0,0.0
0.3880349991707516,0.17263514057663876,1.0,0.0
0.3880349991707516,0.17560271810309702,1.0,0.0
0.3880349991707516,0.17857029562955526,1.0,0.0
0.3880349991707516,0.18153787315601352,1.0,0.0
0.3880349991707516,0.1845054506824718,1.0,0.0
0.3880349991707516,0.18747302820893003,1.0,0.0
0.3880349991707516,0.1904406057353883,1.0,0.0
0.3880349991707516,0.19340818326184656,1.0,0.0
0.3880349991707516,0.19637576078830482,1.0,0.0
0.3880349991707516,0.19934333831476309,1.0,0.0
0.3880349991707516,0.20231091584122132,1.0,0.0
0.3880349991707516,0.2052784933676796,1.0,0.0
0.3880349991707516,0.20824607089413785,1.0,0.0
0.3880349991707516,0.2112136484205961,1.0,0.0
0.3880349991707516,0.21418122594705435,1.0,0.0
0.3880349991707516,0.21714880347351262,1.0,0.0
0.3910025766972099,0.11031601252101533,1.0,0.0
0.3910025766972099,0.1132835900474736,1.0,0.0
0.3910025766972099,0.11625116757393185,1.0,0.0
0.3910025766972099,0.1192187451003901,1.0,0.0
0.3910025766972099,0.12218632262684836,1.0,0.0
0.3910025766972099,0.12515390015330663,1.0,0.0
0.3910025766972099,0.1281214776797649,1.0,0.0
0.3910025766972099,0.13108905520622313,1.0,0.0
0.3910025766972099,0.1340566327326814,1.0,0.0
0.3910025766972099,0.13702421025913966,1.0,0.0
0.3910025766972099,0.1399917877855979,1.0,0.0
0.3910025766972099,0.14295936531205616,1.0,0.0
0.3910025766972099,0.14592694283851443,1.0,0.0
0.3910025766972099,0.1488945203649727,1.0,0.0
0.3910025766972099,0.15186209789143096,1.0,0.0
0.3910025766972099,0.1548296754178892,1.0,0.0
0.3910025766972099,0.15779725294434746,1.0,0.0
0.3910025766972099,0.16076483047080573,1.0,0.0
0.3910025766972099,0.16373240799726396,1.0,0.0
0.3910025766972099,0.16669998552372223,1.0,0.0
0.3910025766972099,0.1696675630501805,1.0,0.0
0.3910025766972099,0.17263514057663876,1.0,0.0
0.3910025766972099,0.17560271810309702,1.0,0.0
0.3910025766972099,0.17857029562955526,1.0,0.0
0.3910025766972099,0.18153787315601352,1.0,0.0
0.3910025766972099,0.1845054506824718,1.0,0.0
0.3910025766972099,0.18747302820893003,1.0,0.0
0.3910025766972099,0.1904406057353883,1.0,0.0
0.3910025766972099,0.19340818326184656,1.0,0.0
0.3910025766972099,0.19637576078830482,1.0,0.0
0.3910025766972099,0.19934333831476309,1.0,0.0
0.3910025766972099,0.20231091584122132,1.0,0.0
0.3910025766972099,0.2052784933676796,1.0,0.0
0.3910025766972099,0.20824607089413785,1.0,0.0
0.3910025766972099,0.2112136484205961,1.0,0.0
0.3910025766972099,0.21418122594705435,1.0,0.0
0.3910025766972099,0.21714880347351262,1.0,0.0
0.39397015422366816,0.11625116757393185,1.0,0.0
0.39397015422366816,0.1192187451003901,1.0,0.0
0.39397015422366816,0.12218632262684836,1.0,0.0
0.39397015422366816,0.12515390015330663,1.0,0.0
0.39397015422366816,0.1281214776797649,1.0,0.0
0.39397015422366816,0.13108905520622313,1.0,0.0
0.39397015422366816,0.1340566327326814,1.0,0.0
0.39397015422366816,0.13702421025913966,1.0,0.0
0.39397015422366816,0.1399917877855979,1.0,0.0
0.39397015422366816,0.14295936531205616,1.0,0.0
0.39397015422366816,0.14592694283851443,1.0,0.0
0.39397015422366816,0.1488945203649727,1.0,0.0
0.39397015422366816,0.15186209789143096,1.0,0.0
0.39397015422366816,0.1548296754178892,1.0,0.0
0.39397015422366816,0.15779725294434746,1.0,0.0
0.39397015422366816,0.16076483047080573,1.0,0.0
0.39397015422366816,0.16373240799726396,1.0,0.0
0.39397015422366816,0.16669998552372223,1.0,0.0
0.39397015422366816,0.1696675630501805,1.0,0.0
0.39397015422366816,0.17263514057663876,1.0,0.0
0.39397015422366816,0.17560271810309702,1.0,0.0
0.39397015422366816,0.17857029562955526,1.0,0.0
0.39397015422366816,0.18153787315601352,1.0,0.0
0.39397015422366816,0.1845054506824718,1.0,0.0
0.39397015422366816,0.18747302820893003,1.0,0.0
0.39397015422366816,0.1904406057353883,1.0,0.0
0.39397015422366816,0.19340818326184656,1.0,0.0
0.39397015422366816,0.19637576078830482,1.0,0.0
0.39397015422366816,0.19934333831476309,1.0,0.0
0.39397015422366816,0.20231091584122132,1.0,0.0
0.39397015422366816,0.2052784933676796,1.0,0.0
0.39397015422366816,0.20824607089413785,1.0,0.0
0.39397015422366816,0.2112136484205961,1.0,0.0
0.39397015422366816,0.21418122594705435,1.0,0.0
0.39397015422366816,0.21714880347351262,1.0,0.0
0.3969377317501264,0.11625116757393185,1.0,0.0
0.3969377317501264,0.1192187451003901,1.0,0.0
0.3969377317501264,0.12218632262684836,1.0,0.0
0.3969377317501264,0.12515390015330663,1.0,0.0
0.3969377317501264,0.1281214776797649,1.0,0.0
0.3969377317501264,0.13108905520622313,1.0,0.0
0.3969377317501264,0.1340566327326814,1.0,0.0
0.3969377317501264,0.13702421025913966,1.0,0.0
0.3969377317501264,0.1399917877855979,1.0,0.0
0.3969377317501264,0.14295936531205616,1.0,0.0
0.3969377317501264,0.14592694283851443,1.0,0.0
0.3969377317501264,0.1488945203649727,1.0,0.0
0.3969377317501264,0.15186209789143096,1.0,0.0
0.3969377317501264,0.1548296754178892,1.0,0.0
0.3969377317501264,0.15779725294434746,1.0,0.0
0.3969377317501264,0.16076483047080573,1.0,0.0
0.3969377317501264,0.16373240799726396,1.0,0.0
0.3969377317501264,0.16669998552372223,1.0,0.0
0.3969377317501264,0.1696675630501805,1.0,0.0
0.3969377317501264,0.17263514057663876,1.0,0.0
0.3969377317501264,0.17560271810309702,1.0,0.0
0.3969377317501264,0.17857029562955526,1.0,0.0
0.3969377317501264,0.18153787315601352,1.0,0.0
0.3969377317501264,0.1845054506824718,1.0,0.0
0.3969377317501264,0.18747302820893003,1.0,0.0
0.3969377317501264,0.1904406057353883,1.0,0.0
0.3969377317501264,0.19340818326184656,1.0,0.0
0.3969377317501264,0.19637576078830482,1.0,0.0
0.3969377317501264,0.19934333831476309,1.0,0.0
0.3969377317501264,0.20231091584122132,1.0,0.0
0.3969377317501264,0.2052784933676796,1.0,0.0
0.3969377317501264,0.20824607089413785,1.0,0.0
0.3969377317501264,0.2112136484205961,1.0,0.0
0.3969377317501264,0.21418122594705435,1.0,0.0
0.3999053092765847,0.11625116757393185,1.0,0.0
0.3999053092765847,0.1192187451003901,1.0,0.0
0.3999053092765847,0.12218632262684836,1.0,0.0
0.3999053092765847,0.12515390015330663,1.0,0.0
0.3999053092765847,0.1281214776797649,1.0,0.0
0.3999053092765847,0.13108905520622313,1.0,0.0
0.3999053092765847,0.1340566327326814,1.0,0.0
0.3999053092765847,0.13702421025913966,1.0,0.0
0.3999053092765847,0.1399917877855979,1.0,0.0
0.3999053092765847,0.14295936531205616,1.0,0.0
0.3999053092765847,0.14592694283851443,1.0,0.0
0.3999053092765847,0.1488945203649727,1.0,0.0
0.3999053092765847,0.15186209789143096,1.0,0.0
0.3999053092765847,0.1548296754178892,1.0,0.0
0.3999053092765847,0.15779725294434746,1.0,0.0
0.3999053092765847,0.16076483047080573,1.0,0.0
0.3999053092765847,0.16373240799726396,1.0,0.0
0.3999053092765847,0.16669998552372223,1.0,0.0
0.3999053092765847,0.1696675630501805,1.0,0.0
0.3999053092765847,0.17263514057663876,1.0,0.0
0.3999053092765847,0.17560271810309702,1.0,0.0
0.3999053092765847,0.17857029562955526,1.0,0.0
0.3999053092765847,0.18153787315601352,1.0,0.0
0.3999053092765847,0.1845054506824718,1.0,0.0
0.3999053092765847,0.18747302820893003,1.0,0.0
0.3999053092765847,0.1904406057353883,1.0,0.0
0.3999053092765847,0.19340818326184656,1.0,0.0
0.3999053092765847,0.19637576078830482,1.0,0.0
0.3999053092765847,0.19934333831476309,1.0,0.0
0.3999053092765847,0.20231091584122132,1.0,0.0
0.3999053092765847,0.2052784933676796,1.0,0.0
0.3999053092765847,0.20824607089413785,1.0,0.0
0.3999053092765847,0.2112136484205961,1.0,0.0
0.3999053092765847,0.21418122594705435,1.0,0.0
0.40287288680304295,0.11625116757393185,1.0,0.0
0.40287288680304295,0.1192187451003901,1.0,0.0
0.40287288680304295,0.12218632262684836,1.0,0.0
0.40287288680304295,0.12515390015330663,1.0,0.0
0.40287288680304295,0.1281214776797649,1.0,0.0
0.40287288680304295,0.13108905520622313,1.0,0.0
0.40287288680304295,0.1340566327326814,1.0,0.0
0.40287288680304295,0.13702421025913966,1.0,0.0
0.40287288680304295,0.1399917877855979,1.0,0.0
0.40287288680304295,0.14295936531205616,1.0,0.0
0.40287288680304295,0.14592694283851443,1.0,0.0
0.40287288680304295,0.1488945203649727,1.0,0.0
0.40287288680304295,0.15186209789143096,1.0,0.0
0.40287288680304295,0.1548296754178892,1.0,0.0
0.40287288680304295,0.15779725294434746,1.0,0.0
0.40287288680304295,0.16076483047080573,1.0,0.0
0.40287288680304295,0.16373240799726396,1.0,0.0
0.40287288680304295,0.16669998552372223,1.0,0.0
0.40287288680304295,0.1696675630501805,1.0,0.0
0.40287288680304295,0.17263514057663876,1.0,0.0
0.40287288680304295,0.17560271810309702,1.0,0.0
0.40287288680304295,0.17857029562955526,1.0,0.0
0.40287288680304295,0.18153787315601352,1.0,0.0
0.40287288680304295,0.1845054506824718,1.0,0.0
0.40287288680304295,0.18747302820893003,1.0,0.0
0.40287288680304295,0.1904406057353883,1.0,0.0
0.40287288680304295,0.19340818326184656,1.0,0.0
0.40287288680304295,0.19637576078830482,1.0,0.0
0.40287288680304295,0.19934333831476309,1.0,0.0
0.40287288680304295,0.20231091584122132,1.0,0.0
0.40287288680304295,0.2052784933676796,1.0,0.0
0.40287288680304295,0.20824607089413785,1.0,0.0
0.40287288680304295,0.2112136484205961,1.0,0.0
0.4058404643295012,0.11625116757393185,1.0,0.0
0.4058404643295012,0.1192187451003901,1.0,0.0
0.4058404643295012,0.12218632262684836,1.0,0.0
0.4058404643295012,0.12515390015330663,1.0,0.0
0.4058404643295012,0.1281214776797649,1.0,0.0
0.4058404643295012,0.13108905520622313,1.0,0.0
0.4058404643295012,0.1340566327326814,1.0,0.0
0.4058404643295012,0.13702421025913966,1.0,0.0
0.4058404643295012,0.1399917877855979,1.0,0.0
0.4058404643295012,0.14295936531205616,1.0,0.0
0.4058404643295012,0.14592694283851443,1.0,0.0
0.4058404643295012,0.1488945203649727,1.0,0.0
0.4058404643295012,0.15186209789143096,1.0,0.0
0.4058404643295012,0.1548296754178892,1.0,0.0
0.4058404643295012,0.15779725294434746,1.0,0.0
0.4058404643295012,0.16076483047080573,1.0,0.0
0.4058404643295012,0.16373240799726396,1.0,0.0
0.4058404643295012,0.16669998552372223,1.0,0.0
0.4058404643295012,0.1696675630501805,1.0,0.0
0.4058404643295012,0.17263514057663876,1.0,0.0
0.4058404643295012,0.17560271810309702,1.0,0.0
0.4058404643295012,0.17857029562955526,1.0,0.0
0.4058404643295012,0.18153787315601352,1.0,0.0
0.4058404643295012,0.1845054506824718,1.0,0.0
0.4058404643295012,0.18747302820893003,1.0,0.0
0.4058404643295012,0.1904406057353883,1.0,0.0
0.4058404643295012,0.19340818326184656,1.0,0.0
0.4058404643295012,0.19637576078830482,1.0,0.0
0.4058404643295012,0.19934333831476309,1.0,0.0
0.4058404643295012,0.20231091584122132,1.0,0.0
0.4058404643295012,0.2052784933676796,1.0,0.0
0.4058404643295012,0.20824607089413785,1.0,0.0
0.4058404643295012,0.2112136484205961,1.0,0.0
0.4088080418559594,0.11625116757393185,1.0,0.0
0.4088080418559594,0.1192187451003901,1.0,0.0
0.4088080418559594,0.12218632262684836,1.0,0.0
0.4088080418559594,0.12515390015330663,1.0,0.0
0.4088080418559594,0.1281214776797649,1.0,0.0
0.4088080418559594,0.13108905520622313,1.0,0.0
0.4088080418559594,0.1340566327326814,1.0,0.0
0.4088080418559594,0.13702421025913966,1.0,0.0
0.4088080418559594,0.1399917877855979,1.0,0.0
0.4088080418559594,0.14295936531205616,1.0,0.0
0.4088080418559594,0.14592694283851443,1.0,0.0
0.4088080418559594,0.1488945203649727,1.0,0.0
0.4088080418559594,0.15186209789143096,1.0,0.0
0.4088080418559594,0.1548296754178892,1.0,0.0
0.4088080418559594,0.15779725294434746,1.0,0.0
0.4088080418559594,0.16076483047080573,1.0,0.0
0.4088080418559594,0.16373240799726396,1.0,0.0
0.4088080418559594,0.16669998552372223,1.0,0.0
0.4088080418559594,0.1696675630501805,1.0,0.0
0.4088080418559594,0.17263514057663876,1.0,0.0
0.4088080418559594,0.17560271810309702,1.0,0.0
0.4088080418559594,0.17857029562955526,1.0,0.0
0.4088080418559594,0.18153787315601352,1.0,0.0
0.4088080418559594,0.1845054506824718,1.0,0.0
0.4088080418559594,0.18747302820893003,1.0,0.0
0.4088080418559594,0.1904406057353883,1.0,0.0
0.4088080418559594,0.19340818326184656,1.0,0.0
0.4088080418559594,0.19637576078830482,1.0,0.0
0.4088080418559594,0.19934333831476309,1.0,0.0
0.4088080418559594,0.20231091584122132,1.0,0.0
0.4088080418559594,0.2052784933676796,1.0,0.0
0.4088080418559594,0.20824607089413785,1.0,0.0
0.4088080418559594,0.2112136484205961,1.0,0.0
0.4117756193824177,0.11625116757393185,1.0,0.0
0.4117756193824177,0.1192187451003901,1.0,0.0
0.4117756193824177,0.12218632262684836,1.0,0.0
0.4117756193824177,0.12515390015330663,1.0,0.0
0.4117756193824177,0.1281214776797649,1.0,0.0
0.4117756193824177,0.13108905520622313,1.0,0.0
0.4117756193824177,0.1340566327326814,1.0,0.0
0.4117756193824177,0.13702421025913966,1.0,0.0
0.4117756193824177,0.1399917877855979,1.0,0.0
0.4117756193824177,0.14295936531205616,1.0,0.0
0.4117756193824177,0.14592694283851443,1.0,0.0
0.4117756193824177,0.1488945203649727,1.0,0.0
0.4117756193824177,0.15186209789143096,1.0,0.0
0.4117756193824177,0.1548296754178892,1.0,0.0
0.4117756193824177,0.15779725294434746,1.0,0.0
0.4117756193824177,0.16076483047080573,1.0,0.0
0.4117756193824177,0.16373240799726396,1.0,0.0
0.4117756193824177,0.16669998552372223,1.0,0.0
0.4117756193824177,0.1696675630501805,1.0,0.0
0.4117756193824177,0.17263514057663876,1.0,0.0
0.4117756193824177,0.17560271810309702,1.0,0.0
0.4117756193824177,0.17857029562955526,1.0,0.0
0.4117756193824177,0.18153787315601352,1.0,0.0
0.4117756193824177,0.1845054506824718,1.0,0.0
0.4117756193824177,0.18747302820893003,1.0,0.0
0.4117756193824177,0.1904406057353883,1.0,0.0
0.4117756193824177,0.19340818326184656,1.0,0.0
0.4117756193824177,0.19637576078830482,1.0,0.0
0.4117756193824177,0.19934333831476309,1.0,0.0
0.4117756193824177,0.20231091584122132,1.0,0.0
0.4117756193824177,0.2052784933676796,1.0,0.0
0.4117756193824177,0.20824607089413785,1.0,0.0
0.4117756193824177,0.2112136484205961,1.0,0.0
0.41474319690887596,0.1132835900474736,1.0,0.0
0.41474319690887596,0.11625116757393185,1.0,0.0
0.41474319690887596,0.1192187451003901,1.0,0.0
0.41474319690887596,0.12218632262684836,1.0,0.0
0.41474319690887596,0.12515390015330663,1.0,0.0
0.41474319690887596,0.1281214776797649,1.0,0.0
0.41474319690887596,0.13108905520622313,1.0,0.0
0.41474319690887596,0.1340566327326814,1.0,0.0
0.41474319690887596,0.13702421025913966,1.0,0.0
0.41474319690887596,0.1399917877855979,1.0,0.0
0.41474319690887596,0.14295936531205616,1.0,0.0
0.41474319690887596,0.14592694283851443,1.0,0.0
0.41474319690887596,0.1488945203649727,1.0,0.0
0.41474319690887596,0.15186209789143096,1.0,0.0
0.41474319690887596,0.1548296754178892,1.0,0.0
0.41474319690887596,0.15779725294434746,1.0,0.0
0.41474319690887596,0.16076483047080573,1.0,0.0
0.41474319690887596,0.16373240799726396,1.0,0.0
0.41474319690887596,0.16669998552372223,1.0,0.0
0.41474319690887596,0.1696675630501805,1.0,0.0
0.41474319690887596,0.17263514057663876,1.0,0.0
0.41474319690887596,0.17560271810309702,1.0,0.0
0.41474319690887596,0.17857029562955526,1.0,0.0
0.41474319690887596,0.18153787315601352,1.0,0.0
0.41474319690887596,0.1845054506824718,1.0,0.0
0.41474319690887596,0.18747302820893003,1.0,0.0
0.41474319690887596,0.1904406057353883,1.0,0.0
0.41474319690887596,0.19340818326184656,1.0,0.0
0.41474319690887596,0.19637576078830482,1.0,0.0
0.41474319690887596,0.19934333831476309,1.0,0.0
0.41474319690887596,0.20231091584122132,1.0,0.0
0.41474319690887596,0.2052784933676796,1.0,0.0
0.41474319690887596,0.20824607089413785,1.0,0.0
0.41474319690887596,0.2112136484205961,1.0,0.0
0.4177107744353342,0.1132835900474736,1.0,0.0
0.4177107744353342,0.11625116757393185,1.0,0.0
0.4177107744353342,0.1192187451003901,1.0,0.0
0.4177107744353342,0.12218632262684836,1.0,0.0
0.4177107744353342,0.12515390015330663,1.0,0.0
0.4177107744353342,0.1281214776797649,1.0,0.0
0.4177107744353342,0.13108905520622313,1.0,0.0
0.4177107744353342,0.1340566327326814,1.0,0.0
0.4177107744353342,0.13702421025913966,1.0,0.0
0.4177107744353342,0.1399917877855979,1.0,0.0
0.4177107744353342,0.14295936531205616,1.0,0.0
0.4177107744353342,0.14592694283851443,1.0,0.0
0.4177107744353342,0.1488945203649727,1.0,0.0
0.4177107744353342,0.15186209789143096,1.0,0.0
0.4177107744353342,0.1548296754178892,1.0,0.0
0.4177107744353342,0.15779725294434746,1.0,0.0
0.4177107744353342,0.16076483047080573,1.0,0.0
0.4177107744353342,0.16373240799726396,1.0,0.0
0.4177107744353342,0.16669998552372223,1.0,0.0
0.4177107744353342,0.1696675630501805,1.0,0.0
0.4177107744353342,0.17263514057663876,1.0,0.0
0.4177107744353342,0.17560271810309702,1.0,0.0
0.4177107744353342,0.17857029562955526,1.0,0.0
0.4177107744353342,0.18153787315601352,1.0,0.0
0.4177107744353342,0.1845054506824718,1.0,0.0
0.4177107744353342,0.18747302820893003,1.0,0.0
0.4177107744353342,0.1904406057353883,1.0,0.0
0.4177107744353342,0.19340818326184656,1.0,0.0
0.4177107744353342,0.19637576078830482,1.0,0.0
0.4177107744353342,0.19934333831476309,1.0,0.0
0.4177107744353342,0.20231091584122132,1.0,0.0
0.4177107744353342,0.2052784933676796,1.0,0.0
0.4177107744353342,0.20824607089413785,1.0,0.0
0.4177107744353342,0.2112136484205961,1.0,0.0
0.4206783519617925,0.1132835900474736,1.0,0.0
0.4206783519617925,0.11625116757393185,1.0,0.0
0.4206783519617925,0.1192187451003901,1.0,0.0
0.4206783519617925,0.12218632262684836,1.0,0.0
0.4206783519617925,0.12515390015330663,1.0,0.0
0.4206783519617925,0.1281214776797649,1.0,0.0
0.4206783519617925,0.13108905520622313,1.0,0.0
0.4206783519617925,0.1340566327326814,1.0,0.0
0.4206783519617925,0.13702421025913966,1.0,0.0
0.4206783519617925,0.1399917877855979,1.0,0.0
0.4206783519617925,0.14295936531205616,1.0,0.0
0.4206783519617925,0.14592694283851443,1.0,0.0
0.4206783519617925,0.1488945203649727,1.0,0.0
0.4206783519617925,0.15186209789143096,1.0,0.0
0.4206783519617925,0.1548296754178892,1.0,0.0
0.4206783519617925,0.15779725294434746,1.0,0.0
0.4206783519617925,0.16076483047080573,1.0,0.0
0.4206783519617925,0.16373240799726396,1.0,0.0
0.4206783519617925,0.16669998552372223,1.0,0.0
0.4206783519617925,0.1696675630501805,1.0,0.0
0.4206783519617925,0.17263514057663876,1.0,0.0
0.4206783519617925,0.17560271810309702,1.0,0.0
0.4206783519617925,0.17857029562955526,1.0,0.0
0.4206783519617925,0.18153787315601352,1.0,0.0
0.4206783519617925,0.1845054506824718,1.0,0.0
0.4206783519617925,0.18747302820893003,1.0,0.0
0.4206783519617925,0.1904406057353883,1.0,0.0
0.4206783519617925,0.19340818326184656,1.0,0.0
0.4206783519617925,0.19637576078830482,1.0,0.0
0.4206783519617925,0.19934333831476309,1.0,0.0
0.4206783519617925,0.20231091584122132,1.0,0.0
0.4206783519617925,0.2052784933676796,1.0,0.0
0.4206783519617925,0.20824607089413785,1.0,0.0
0.4206783519617925,0.2112136484205961,1.0,0.0
0.42364592948825075,0.1132835900474736,1.0,0.0
0.42364592948825075,0.11625116757393185,1.0,0.0
0.42364592948825075,0.1192187451003901,1.0,0.0
0.42364592948825075,0.12218632262684836,1.0,0.0
0.42364592948825075,0.12515390015330663,1.0,0.0
0.42364592948825075,0.1281214776797649,1.0,0.0
0.42364592948825075,0.13108905520622313,1.0,0.0
0.42364592948825075,0.1340566327326814,1.0,0.0
0.42364592948825075,0.13702421025913966,1.0,0.0
0.42364592948825075,0.1399917877855979,1.0,0.0
0.42364592948825075,0.14295936531205616,1.0,0.0
0.42364592948825075,0.14592694283851443,1.0,0.0
0.42364592948825075,0.1488945203649727,1.0,0.0
0.42364592948825075,0.15186209789143096,1.0,0.0
0.42364592948825075,0.1548296754178892,1.0,0.0
0.42364592948825075,0.15779725294434746,1.0,0.0
0.42364592948825075,0.16076483047080573,1.0,0.0
0.42364592948825075,0.16373240799726396,1.0,0.0
0.42364592948825075,0.16669998552372223,1.0,0.0
0.42364592948825075,0.1696675630501805,1.0,0.0
0.42364592948825075,0.17263514057663876,1.0,0.0
0.42364592948825075,0.17560271810309702,1.0,0.0
0.42364592948825075,0.17857029562955526,1.0,0.0
0.42364592948825075,0.18153787315601352,1.0,0.0
0.42364592948825075,0.1845054506824718,1.0,0.0
0.42364592948825075,0.18747302820893003,1.0,0.0
0.42364592948825075,0.1904406057353883,1.0,0.0
0.42364592948825075,0.19340818326184656,1.0,0.0
0.42364592948825075,0.19637576078830482,1.0,0.0
0.42364592948825075,0.19934333831476309,1.0,0.0
0.42364592948825075,0.20231091584122132,1.0,0.0
0.42364592948825075,0.2052784933676796,1.0,0.0
0.42364592948825075,0.20824607089413785,1.0,0.0
0.42364592948825075,0.2112136484205961,1.0,0.0
0.426613507014709,0.1132835900474736,1.0,0.0
0.426613507014709,0.11625116757393185,1.0,0.0
0.426613507014709,0.1192187451003901,1.0,0.0
0.426613507014709,0.12218632262684836,1.0,0.0
0.426613507014709,0.12515390015330663,1.0,0.0
0.426613507014709,0.1281214776797649,1.0,0.0
0.426613507014709,0.13108905520622313,1.0,0.0
0.426613507014709,0.1340566327326814,1.0,0.0
0.426613507014709,0.13702421025913966,1.0,0.0
0.426613507014709,0.1399917877855979,1.0,0.0
0.426613507014709,0.14295936531205616,1.0,0.0
0.426613507014709,0.14592694283851443,1.0,0.0
0.426613507014709,0.1488945203649727,1.0,0.0
0.426613507014709,0.15186209789143096,1.0,0.0
0.426613507014709,0.1548296754178892,1.0,0.0
0.426613507014709,0.15779725294434746,1.0,0.0
0.426613507014709,0.16076483047080573,1.0,0.0
0.426613507014709,0.16373240799726396,1.0,0.0
0.426613507014709,0.16669998552372223,1.0,0.0
0.426613507014709,0.1696675630501805,1.0,0.0
0.426613507014709,0.17263514057663876,1.0,0.0
0.426613507014709,0.17560271810309702,1.0,0.0
0.426613507014709,0.17857029562955526,1.0,0.0
0.426613507014709,0.18153787315601352,1.0,0.0
0.426613507014709,0.1845054506824718,1.0,0.0
0.426613507014709,0.18747302820893003,1.0,0.0
0.426613507014709,0.1904406057353883,1.0,0.0
0.426613507014709,0.19340818326184656,1.0,0.0
0.426613507014709,0.19637576078830482,1.0,0.0
0.426613507014709,0.19934333831476309,1.0,0.0
0.426613507014709,0.20231091584122132,1.0,0.0
0.426613507014709,0.2052784933676796,1.0,0.0
0.426613507014709,0.20824607089413785,1.0,0.0
0.426613507014709,0.2112136484205961,1.0,0.0
0.426613507014709,0.21418122594705435,1.0,0.0
0.4295810845411673,0.1132835900474736,1.0,0.0
0.4295810845411673,0.11625116757393185,1.0,0.0
0.4295810845411673,0.1192187451003901,1.0,0.0
0.4295810845411673,0.12218632262684836,1.0,0.0
0.4295810845411673,0.12515390015330663,1.0,0.0
0.4295810845411673,0.1281214776797649,1.0,0.0
0.4295810845411673,0.13108905520622313,1.0,0.0
0.4295810845411673,0.1340566327326814,1.0,0.0
0.4295810845411673,0.13702421025913966,1.0,0.0
0.4295810845411673,0.1399917877855979,1.0,0.0
0.4295810845411673,0.14295936531205616,1.0,0.0
0.4295810845411673,0.14592694283851443,1.0,0.0
0.4295810845411673,0.1488945203649727,1.0,0.0
0.4295810845411673,0.15186209789143096,1.0,0.0
0.4295810845411673,0.1548296754178892,1.0,0.0
0.4295810845411673,0.15779725294434746,1.0,0.0
0.4295810845411673,0.16076483047080573,1.0,0.0
0.4295810845411673,0.16373240799726396,1.0,0.0
0.4295810845411673,0.16669998552372223,1.0,0.0
0.4295810845411673,0.1696675630501805,1.0,0.0
0.4295810845411673,0.17263514057663876,1.0,0.0
0.4295810845411673,0.17560271810309702,1.0,0.0
0.4295810845411673,0.17857029562955526,1.0,0.0
0.4295810845411673,0.18153787315601352,1.0,0.0
0.4295810845411673,0.1845054506824718,1.0,0.0
0.4295810845411673,0.18747302820893003,1.0,0.0
0.4295810845411673,0.1904406057353883,1.0,0.0
0.4295810845411673,0.19340818326184656,1.0,0.0
0.4295810845411673,0.19637576078830482,1.0,0.0
0.4295810845411673,0.19934333831476309,1.0,0.0
0.4295810845411673,0.20231091584122132,1.0,0.0
0.4295810845411673,0.2052784933676796,1.0,0.0
0.4295810845411673,0.20824607089413785,1.0,0.0
0.4295810845411673,0.2112136484205961,1.0,0.0
0.4295810845411673,0.21418122594705435,1.0,0.0
0.4295810845411673,0.21714880347351262,1.0,0.0
0.4295810845411673,0.22011638099997088,1.0,0.0
0.43254866206762554,0.1132835900474736,1.0,0.0
0.43254866206762554,0.11625116757393185,1.0,0.0
0.43254866206762554,0.1192187451003901,1.0,0.0
0.43254866206762554,0.12218632262684836,1.0,0.0
0.43254866206762554,0.12515390015330663,1.0,0.0
0.43254866206762554,0.1281214776797649,1.0,0.0
0.43254866206762554,0.13108905520622313,1.0,0.0
0.43254866206762554,0.1340566327326814,1.0,0.0
0.43254866206762554,0.13702421025913966,1.0,0.0
0.43254866206762554,0.1399917877855979,1.0,0.0
0.43254866206762554,0.14295936531205616,1.0,0.0
0.43254866206762554,0.14592694283851443,1.0,0.0
0.43254866206762554,0.1488945203649727,1.0,0.0
0.43254866206762554,0.15186209789143096,1.0,0.0
0.43254866206762554,0.1548296754178892,1.0,0.0
0.43254866206762554,0.15779725294434746,1.0,0.0
0.43254866206762554,0.16076483047080573,1.0,0.0
0.43254866206762554,0.16373240799726396,1.0,0.0
0.43254866206762554,0.16669998552372223,1.0,0.0
0.43254866206762554,0.1696675630501805,1.0,0.0
0.43254866206762554,0.17263514057663876,1.0,0.0
0.43254866206762554,0.17560271810309702,1.0,0.0
0.43254866206762554,0.17857029562955526,1.0,0.0
0.43254866206762554,0.18153787315601352,1.0,0.0
0.43254866206762554,0.1845054506824718,1.0,0.0
0.43254866206762554,0.18747302820893003,1.0,0.0
0.43254866206762554,0.1904406057353883,1.0,0.0
0.43254866206762554,0.19340818326184656,1.0,0.0
0.43254866206762554,0.19637576078830482,1.0,0.0
0.43254866206762554,0.19934333831476309,1.0,0.0
0.43254866206762554,0.20231091584122132,1.0,0.0
0.43254866206762554,0.2052784933676796,1.0,0.0
0.43254866206762554,0.20824607089413785,1.0,0.0
0.43254866206762554,0.2112136484205961,1.0,0.0
0.43254866206762554,0.21418122594705435,1.0,0.0
0.43254866206762554,0.21714880347351262,1.0,0.0
0.43254866206762554,0.22011638099997088,1.0,0.0
0.43254866206762554,0.22308395852642915,1.0,0.0
0.43254866206762554,0.2260515360528874,1.0,0.0
0.4355162395940838,0.11031601252101533,1.0,0.0
0.4355162395940838,0.1132835900474736,1.0,0.0
0.4355162395940838,0.11625116757393185,1.0,0.0
0.4355162395940838,0.1192187451003901,1.0,0.0
0.4355162395940838,0.12218632262684836,1.0,0.0
0.4355162395940838,0.12515390015330663,1.0,0.0
0.4355162395940838,0.1281214776797649,1.0,0.0
0.4355162395940838,0.13108905520622313,1.0,0.0
0.4355162395940838,0.1340566327326814,1.0,0.0
0.4355162395940838,0.13702421025913966,1.0,0.0
0.4355162395940838,0.1399917877855979,1.0,0.0
0.4355162395940838,0.14295936531205616,1.0,0.0
0.4355162395940838,0.14592694283851443,1.0,0.0
0.4355162395940838,0.1488945203649727,1.0,0.0
0.4355162395940838,0.15186209789143096,1.0,0.0
0.4355162395940838,0.1548296754178892,1.0,0.0
0.4355162395940838,0.15779725294434746,1.0,0.0
0.4355162395940838,0.16076483047080573,1.0,0.0
0.4355162395940838,0.16373240799726396,1.0,0.0
0.4355162395940838,0.16669998552372223,1.0,0.0
0.4355162395940838,0.1696675630501805,1.0,0.0
0.4355162395940838,0.17263514057663876,1.0,0.0
0.4355162395940838,0.17560271810309702,1.0,0.0
0.4355162395940838,0.17857029562955526,1.0,0.0
0.4355162395940838,0.18153787315601352,1.0,0.0
0.4355162395940838,0.1845054506824718,1.0,0.0
0.4355162395940838,0.18747302820893003,1.0,0.0
0.4355162395940838,0.1904406057353883,1.0,0.0
0.4355162395940838,0.19340818326184656,1.0,0.0
0.4355162395940838,0.19637576078830482,1.0,0.0
0.4355162395940838,0.19934333831476309,1.0,0.0
0.4355162395940838,0.20231091584122132,1.0,0.0
0.4355162395940838,0.2052784933676796,1.0,0.0
0.4355162395940838,0.20824607089413785,1.0,0.0
0.4355162395940838,0.2112136484205961,1.0,0.0
0.4355162395940838,0.21418122594705435,1.0,0.0
0.4355162395940838,0.21714880347351262,1.0,0.0
0.4355162395940838,0.22011638099997088,1.0,0.0
0.4355162395940838,0.22308395852642915,1.0,0.0
0.4355162395940838,0.2260515360528874,1.0,0.0
0.4355162395940838,0.22901911357934565,1.0,0.0
0.4384838171205421,0.11031601252101533,1.0,0.0
0.4384838171205421,0.1132835900474736,1.0,0.0
0.4384838171205421,0.11625116757393185,1.0,0.0
0.4384838171205421,0.1192187451003901,1.0,0.0
0.4384838171205421,0.12218632262684836,1.0,0.0
0.4384838171205421,0.12515390015330663,1.0,0.0
0.4384838171205421,0.1281214776797649,1.0,0.0
0.4384838171205421,0.13108905520622313,1.0,0.0
0.4384838171205421,0.1340566327326814,1.0,0.0
0.4384838171205421,0.13702421025913966,1.0,0.0
0.4384838171205421,0.1399917877855979,1.0,0.0
0.4384838171205421,0.14295936531205616,1.0,0.0
0.4384838171205421,0.14592694283851443,1.0,0.0
0.4384838171205421,0.1488945203649727,1.0,0.0
0.4384838171205421,0.15186209789143096,1.0,0.0
0.4384838171205421,0.1548296754178892,1.0,0.0
0.4384838171205421,0.15779725294434746,1.0,0.0
0.4384838171205421,0.16076483047080573,1.0,0.0
0.4384838171205421,0.16373240799726396,1.0,0.0
0.4384838171205421,0.16669998552372223,1.0,0.0
0.4384838171205421,0.1696675630501805,1.0,0.0
0.4384838171205421,0.17263514057663876,1.0,0.0
0.4384838171205421,0.17560271810309702,1.0,0.0
0.4384838171205421,0.17857029562955526,1.0,0.0
0.4384838171205421,0.18153787315601352,1.0,0.0
0.4384838171205421,0.1845054506824718,1.0,0.0
0.4384838171205421,0.18747302820893003,1.0,0.0
0.4384838171205421,0.1904406057353883,1.0,0.0
0.4384838171205421,0.19340818326184656,1.0,0.0
0.4384838171205421,0.19637576078830482,1.0,0.0
0.4384838171205421,0.19934333831476309,1.0,0.0
0.4384838171205421,0.20231091584122132,1.0,0.0
0.4384838171205421,0.2052784933676796,1.0,0.0
0.4384838171205421,0.20824607089413785,1.0,0.0
0.4384838171205421,0.2112136484205961,1.0,0.0
0.4384838171205421,0.21418122594705435,1.0,0.0
0.4384838171205421,0.21714880347351262,1.0,0.0
0.4384838171205421,0.22011638099997088,1.0,0.0
0.4384838171205421,0.22308395852642915,1.0,0.0
0.4384838171205421,0.2260515360528874,1.0,0.0
0.4384838171205421,0.22901911357934565,1.0,0.0
0.4384838171205421,0.23198669110580392,1.0,0.0
0.44145139464700034,0.10734843499455707,1.0,0.0
0.44145139464700034,0.11031601252101533,1.0,0.0
0.44145139464700034,0.1132835900474736,1.0,0.0
0.44145139464700034,0.11625116757393185,1.0,0.0
0.44145139464700034,0.1192187451003901,1.0,0.0
0.44145139464700034,0.12218632262684836,1.0,0.0
0.44145139464700034,0.12515390015330663,1.0,0.0
0.44145139464700034,0.1281214776797649,1.0,0.0
0.44145139464700034,0.13108905520622313,1.0,0.0
0.44145139464700034,0.1340566327326814,1.0,0.0
0.44145139464700034,0.13702421025913966,1.0,0.0
0.44145139464700034,0.1399917877855979,1.0,0.0
0.44145139464700034,0.14295936531205616,1.0,0.0
0.44145139464700034,0.14592694283851443,1.0,0.0
0.44145139464700034,0.1488945203649727,1.0,0.0
0.44145139464700034,0.15186209789143096,1.0,0.0
0.44145139464700034,0.1548296754178892,1.0,0.0
0.44145139464700034,0.15779725294434746,1.0,0.0
0.44145139464700034,0.16076483047080573,1.0,0.0
0.44145139464700034,0.16373240799726396,1.0,0.0
0.44145139464700034,0.16669998552372223,1.0,0.0
0.44145139464700034,0.1696675630501805,1.0,0.0
0.44145139464700034,0.17263514057663876,1.0,0.0
0.44145139464700034,0.17560271810309702,1.0,0.0
0.44145139464700034,0.17857029562955526,1.0,0.0
0.44145139464700034,0.18153787315601352,1.0,0.0
0.44145139464700034,0.1845054506824718,1.0,0.0
0.44145139464700034,0.18747302820893003,1.0,0.0
0.44145139464700034,0.1904406057353883,1.0,0.0
0.44145139464700034,0.19340818326184656,1.0,0.0
0.44145139464700034,0.19637576078830482,1.0,0.0
0.44145139464700034,0.19934333831476309,1.0,0.0
0.44145139464700034,0.20231091584122132,1.0,0.0
0.44145139464700034,0.2052784933676796,1.0,0.0
0.44145139464700034,0.20824607089413785,1.0,0.0
0.44145139464700034,0.2112136484205961,1.0,0.0
0.44145139464700034,0.21418122594705435,1.0,0.0
0.44145139464700034,0.21714880347351262,1.0,0.0
0.44145139464700034,0.22011638099997088,1.0,0.0
0.44145139464700034,0.22308395852642915,1.0,0.0
0.44145139464700034,0.2260515360528874,1.0,0.0
0.44145139464700034,0.22901911357934565,1.0,0.0
0.44145139464700034,0.23198669110580392,1.0,0.0
0.4444189721734586,0.10734843499455707,1.0,0.0
0.4444189721734586,0.11031601252101533,1.0,0.0
0.4444189721734586,0.1132835900474736,1.0,0.0
0.4444189721734586,0.11625116757393185,1.0,0.0
0.4444189721734586,0.1192187451003901,1.0,0.0
0.4444189721734586,0.12218632262684836,1.0,0.0
0.4444189721734586,0.12515390015330663,1.0,0.0
0.4444189721734586,0.1281214776797649,1.0,0.0
0.4444189721734586,0.13108905520622313,1.0,0.0
0.4444189721734586,0.1340566327326814,1.0,0.0
0.4444189721734586,0.13702421025913966,1.0,0.0
0.4444189721734586,0.1399917877855979,1.0,0.0
0.4444189721734586,0.14295936531205616,1.0,0.0
0.4444189721734586,0.14592694283851443,1.0,0.0
0.4444189721734586,0.1488945203649727,1.0,0.0
0.4444189721734586,0.15186209789143096,1.0,0.0
0.4444189721734586,0.1548296754178892,1.0,0.0
0.4444189721734586,0.15779725294434746,1.0,0.0
0.4444189721734586,0.16076483047080573,1.0,0.0
0.4444189721734586,0.16373240799726396,1.0,0.0
0.4444189721734586,0.16669998552372223,1.0,0.0
0.4444189721734586,0.1696675630501805,1.0,0.0
0.4444189721734586,0.17263514057663876,1.0,0.0
0.4444189721734586,0.17560271810309702,1.0,0.0
0.4444189721734586,0.17857029562955526,1.0,0.0
0.4444189721734586,0.18153787315601352,1.0,0.0
0.4444189721734586,0.1845054506824718,1.0,0.0
0.4444189721734586,0.18747302820893003,1.0,0.0
0.4444189721734586,0.1904406057353883,1.0,0.0
0.4444189721734586,0.19340818326184656,1.0,0.0
0.4444189721734586,0.19637576078830482,1.0,0.0
0.4444189721734586,0.19934333831476309,1.0,0.0
0.4444189721734586,0.20231091584122132,1.0,0.0
0.4444189721734586,0.2052784933676796,1.0,0.0
0.4444189721734586,0.20824607089413785,1.0,0.0
0.4444189721734586,0.2112136484205961,1.0,0.0
0.4444189721734586,0.21418122594705435,1.0,0.0
0.4444189721734586,0.21714880347351262,1.0,0.0
0.4444189721734586,0.22011638099997088,1.0,0.0
0.4444189721734586,0.22308395852642915,1.0,0.0
0.4444189721734586,0.2260515360528874,1.0,0.0
0.4444189721734586,0.22901911357934565,1.0,0.0
0.4444189721734586,0.23198669110580392,1.0,0.0
0.4444189721734586,0.23495426863226215,1.0,0.0
0.44738654969991687,0.10734843499455707,1.0,0.0
0.44738654969991687,0.11031601252101533,1.0,0.0
0.44738654969991687,0.1132835900474736,1.0,0.0
0.44738654969991687,0.11625116757393185,1.0,0.0
0.44738654969991687,0.1192187451003901,1.0,0.0
0.44738654969991687,0.12218632262684836,1.0,0.0
0.44738654969991687,0.12515390015330663,1.0,0.0
0.44738654969991687,0.1281214776797649,1.0,0.0
0.44738654969991687,0.13108905520622313,1.0,0.0
0.44738654969991687,0.1340566327326814,1.0,0.0
0.44738654969991687,0.13702421025913966,1.0,0.0
0.44738654969991687,0.1399917877855979,1.0,0.0
0.44738654969991687,0.14295936531205616,1.0,0.0
0.44738654969991687,0.14592694283851443,1.0,0.0
0.44738654969991687,0.1488945203649727,1.0,0.0
0.44738654969991687,0.15186209789143096,1.0,0.0
0.44738654969991687,0.1548296754178892,1.0,0.0
0.44738654969991687,0.15779725294434746,1.0,0.0
0.44738654969991687,0.16076483047080573,1.0,0.0
0.44738654969991687,0.16373240799726396,1.0,0.0
0.44738654969991687,0.16669998552372223,1.0,0.0
0.44738654969991687,0.1696675630501805,1.0,0.0
0.44738654969991687,0.17263514057663876,1.0,0.0
0.44738654969991687,0.17560271810309702,1.0,0.0
0.44738654969991687,0.17857029562955526,1.0,0.0
0.44738654969991687,0.18153787315601352,1.0,0.0
0.44738654969991687,0.1845054506824718,1.0,0.0
0.44738654969991687,0.18747302820893003,1.0,0.0
0.44738654969991687,0.1904406057353883,1.0,0.0
0.44738654969991687,0.19340818326184656,1.0,0.0
0.44738654969991687,0.19637576078830482,1.0,0.0
0.44738654969991687,0.19934333831476309,1.0,0.0
0.44738654969991687,0.20231091584122132,1.0,0.0
0.44738654969991687,0.2052784933676796,1.0,0.0
0.44738654969991687,0.20824607089413785,1.0,0.0
0.44738654969991687,0.2112136484205961,1.0,0.0
0.44738654969991687,0.21418122594705435,1.0,0.0
0.44738654969991687,0.21714880347351262,1.0,0.0
0.44738654969991687,0.22011638099997088,1.0,0.0
0.44738654969991687,0.22308395852642915,1.0,0.0
0.44738654969991687,0.2260515360528874,1.0,0.0
0.44738654969991687,0.22901911357934565,1.0,0.0
0.44738654969991687,0.23198669110580392,1.0,0.0
0.44738654969991687,0.23495426863226215,1.0,0.0
0.45035412722637513,0.10734843499455707,1.0,0.0
0.45035412722637513,0.11031601252101533,1.0,0.0
0.45035412722637513,0.1132835900474736,1.0,0.0
0.45035412722637513,0.11625116757393185,1.0,0.0
0.45035412722637513,0.1192187451003901,1.0,0.0
0.45035412722637513,0.12218632262684836,1.0,0.0
0.45035412722637513,0.12515390015330663,1.0,0.0
0.45035412722637513,0.1281214776797649,1.0,0.0
0.45035412722637513,0.13108905520622313,1.0,0.0
0.45035412722637513,0.1340566327326814,1.0,0.0
0.45035412722637513,0.13702421025913966,1.0,0.0
0.45035412722637513,0.1399917877855979,1.0,0.0
0.45035412722637513,0.14295936531205616,1.0,0.0
0.45035412722637513,0.14592694283851443,1.0,0.0
0.45035412722637513,0.1488945203649727,1.0,0.0
0.45035412722637513,0.15186209789143096,1.0,0.0
0.45035412722637513,0.1548296754178892,1.0,0.0
0.45035412722637513,0.15779725294434746,1.0,0.0
0.45035412722637513,0.16076483047080573,1.0,0.0
0.45035412722637513,0.16373240799726396,1.0,0.0
0.45035412722637513,0.16669998552372223,1.0,0.0
0.45035412722637513,0.1696675630501805,1.0,0.0
0.45035412722637513,0.17263514057663876,1.0,0.0
0.45035412722637513,0.17560271810309702,1.0,0.0
0.45035412722637513,0.17857029562955526,1.0,0.0
0.45035412722637513,0.18153787315601352,1.0,0.0
0.45035412722637513,0.1845054506824718,1.0,0.0
0.45035412722637513,0.18747302820893003,1.0,0.0
0.45035412722637513,0.1904406057353883,1.0,0.0
0.45035412722637513,0.19340818326184656,1.0,0.0
0.45035412722637513,0.19637576078830482,1.0,0.0
0.45035412722637513,0.19934333831476309,1.0,0.0
0.45035412722637513,0.20231091584122132,1.0,0.0
0.45035412722637513,0.2052784933676796,1.0,0.0
0.45035412722637513,0.20824607089413785,1.0,0.0
0.45035412722637513,0.2112136484205961,1.0,0.0
0.45035412722637513,0.21418122594705435,1.0,0.0
0.45035412722637513,0.21714880347351262,1.0,0.0
0.45035412722637513,0.22011638099997088,1.0,0.0
0.45035412722637513,0.22308395852642915,1.0,0.0
0.45035412722637513,0.2260515360528874,1.0,0.0
0.45035412722637513,0.22901911357934565,1.0,0.0
0.45035412722637513,0.23198669110580392,1.0,0.0
0.45035412722637513,0.23495426863226215,1.0,0.0
0.45035412722637513,0.23792184615872042,1.0,0.0
0.4533217047528334,0.10734843499455707,1.0,0.0
0.4533217047528334,0.11031601252101533,1.0,0.0
0.4533217047528334,0.1132835900474736,1.0,0.0
0.4533217047528334,0.11625116757393185,1.0,0.0
0.4533217047528334,0.1192187451003901,1.0,0.0
0.4533217047528334,0.12218632262684836,1.0,0.0
0.4533217047528334,0.12515390015330663,1.0,0.0
0.4533217047528334,0.1281214776797649,1.0,0.0
0.4533217047528334,0.13108905520622313,1.0,0.0
0.4533217047528334,0.1340566327326814,1.0,0.0
0.4533217047528334,0.13702421025913966,1.0,0.0
0.4533217047528334,0.1399917877855979,1.0,0.0
0.4533217047528334,0.14295936531205616,1.0,0.0
0.4533217047528334,0.14592694283851443,1.0,0.0
0.4533217047528334,0.1488945203649727,1.0,0.0
0.4533217047528334,0.15186209789143096,1.0,0.0
0.4533217047528334,0.1548296754178892,1.0,0.0
0.4533217047528334,0.15779725294434746,1.0,0.0
0.4533217047528334,0.16076483047080573,1.0,0.0
0.4533217047528334,0.16373240799726396,1.0,0.0
0.4533217047528334,0.16669998552372223,1.0,0.0
0.4533217047528334,0.1696675630501805,1.0,0.0
0.4533217047528334,0.17263514057663876,1.0,0.0
0.4533217047528334,0.17560271810309702,1.0,0.0
0.4533217047528334,0.17857029562955526,1.0,0.0
0.4533217047528334,0.18153787315601352,1.0,0.0
0.4533217047528334,0.1845054506824718,1.0,0.0
0.4533217047528334,0.18747302820893003,1.0,0.0
0.4533217047528334,0.1904406057353883,1.0,0.0
0.4533217047528334,0.19340818326184656,1.0,0.0
0.4533217047528334,0.19637576078830482,1.0,0.0
0.4533217047528334,0.19934333831476309,1.0,0.0
0.4533217047528334,0.20231091584122132,1.0,0.0
0.4533217047528334,0.2052784933676796,1.0,0.0
0.4533217047528334,0.20824607089413785,1.0,0.0
0.4533217047528334,0.2112136484205961,1.0,0.0
0.4533217047528334,0.21418122594705435,1.0,0.0
0.4533217047528334,0.21714880347351262,1.0,0.0
0.4533217047528334,0.22011638099997088,1.0,0.0
0.4533217047528334,0.22308395852642915,1.0,0.0
0.4533217047528334,0.2260515360528874,1.0,0.0
0.4533217047528334,0.22901911357934565,1.0,0.0
0.4533217047528334,0.23198669110580392,1.0,0.0
0.4533217047528334,0.23495426863226215,1.0,0.0
0.4533217047528334,0.23792184615872042,1.0,0.0
0.45628928227929166,0.11031601252101533,1.0,0.0
0.45628928227929166,0.1132835900474736,1.0,0.0
0.45628928227929166,0.11625116757393185,1.0,0.0
0.45628928227929166,0.1192187451003901,1.0,0.0
0.45628928227929166,0.12218632262684836,1.0,0.0
0.45628928227929166,0.12515390015330663,1.0,0.0
0.45628928227929166,0.1281214776797649,1.0,0.0
0.45628928227929166,0.13108905520622313,1.0,0.0
0.45628928227929166,0.1340566327326814,1.0,0.0
0.45628928227929166,0.13702421025913966,1.0,0.0
0.45628928227929166,0.1399917877855979,1.0,0.0
0.45628928227929166,0.14295936531205616,1.0,0.0
0.45628928227929166,0.14592694283851443,1.0,0.0
0.45628928227929166,0.1488945203649727,1.0,0.0
0.45628928227929166,0.15186209789143096,1.0,0.0
0.45628928227929166,0.1548296754178892,1.0,0.0
0.45628928227929166,0.15779725294434746,1.0,0.0
0.45628928227929166,0.16076483047080573,1.0,0.0
0.45628928227929166,0.16373240799726396,1.0,0.0
0.45628928227929166,0.16669998552372223,1.0,0.0
0.45628928227929166,0.1696675630501805,1.0,0.0
0.45628928227929166,0.17263514057663876,1.0,0.0
0.45628928227929166,0.17560271810309702,1.0,0.0
0.45628928227929166,0.17857029562955526,1.0,0.0
0.45628928227929166,0.18153787315601352,1.0,0.0
0.45628928227929166,0.1845054506824718,1.0,0.0
0.45628928227929166,0.18747302820893003,1.0,0.0
0.45628928227929166,0.1904406057353883,1.0,0.0
0.45628928227929166,0.19340818326184656,1.0,0.0
0.45628928227929166,0.19637576078830482,1.0,0.0
0.45628928227929166,0.19934333831476309,1.0,0.0
0.45628928227929166,0.20231091584122132,1.0,0.0
0.45628928227929166,0.2052784933676796,1.0,0.0
0.45628928227929166,0.20824607089413785,1.0,0.0
0.45628928227929166,0.2112136484205961,1.0,0.0
0.45628928227929166,0.21418122594705435,1.0,0.0
0.45628928227929166,0.21714880347351262,1.0,0.0
0.45628928227929166,0.22011638099997088,1.0,0.0
0.45628928227929166,0.22308395852642915,1.0,0.0
0.45628928227929166,0.2260515360528874,1.0,0.0
0.45628928227929166,0.22901911357934565,1.0,0.0
0.45628928227929166,0.23198669110580392,1.0,0.0
0.45628928227929166,0.23495426863226215,1.0,0.0
0.4592568598057499,0.10734843499455707,1.0,0.0
0.4592568598057499,0.11031601252101533,1.0,0.0
0.4592568598057499,0.1132835900474736,1.0,0.0
0.4592568598057499,0.11625116757393185,1.0,0.0
0.4592568598057499,0.1192187451003901,1.0,0.0
0.4592568598057499,0.12218632262684836,1.0,0.0
0.4592568598057499,0.12515390015330663,1.0,0.0
0.4592568598057499,0.1281214776797649,1.0,0.0
0.4592568598057499,0.13108905520622313,1.0,0.0
0.4592568598057499,0.1340566327326814,1.0,0.0
0.4592568598057499,0.13702421025913966,1.0,0.0
0.4592568598057499,0.1399917877855979,1.0,0.0
0.4592568598057499,0.14295936531205616,1.0,0.0
0.4592568598057499,0.14592694283851443,1.0,0.0
0.4592568598057499,0.1488945203649727,1.0,0.0
0.4592568598057499,0.15186209789143096,1.0,0.0
0.4592568598057499,0.1548296754178892,1.0,0.0
0.4592568598057499,0.15779725294434746,1.0,0.0
0.4592568598057499,0.16076483047080573,1.0,0.0
0.4592568598057499,0.16373240799726396,1.0,0.0
0.4592568598057499,0.16669998552372223,1.0,0.0
0.4592568598057499,0.1696675630501805,1.0,0.0
0.4592568598057499,0.17263514057663876,1.0,0.0
0.4592568598057499,0.17560271810309702,1.0,0.0
0.4592568598057499,0.17857029562955526,1.0,0.0
0.4592568598057499,0.18153787315601352,1.0,0.0
0.4592568598057499,0.1845054506824718,1.0,0.0
0.4592568598057499,0.18747302820893003,1.0,0.0
0.4592568598057499,0.1904406057353883,1.0,0.0
0.4592568598057499,0.19340818326184656,1.0,0.0
0.4592568598057499,0.19637576078830482,1.0,0.0
0.4592568598057499,0.19934333831476309,1.0,0.0
0.4592568598057499,0.20231091584122132,1.0,0.0
0.4592568598057499,0.2052784933676796,1.0,0.0
0.4592568598057499,0.20824607089413785,1.0,0.0
0.4592568598057499,0.2112136484205961,1.0,0.0
0.4592568598057499,0.21418122594705435,1.0,0.0
0.4592568598057499,0.21714880347351262,1.0,0.0
0.4592568598057499,0.22011638099997088,1.0,0.0
0.4592568598057499,0.22308395852642915,1.0,0.0
0.4592568598057499,0.2260515360528874,1.0,0.0
0.4592568598057499,0.22901911357934565,1.0,0.0
0.4592568598057499,0.23198669110580392,1.0,0.0
0.4592568598057499,0.23495426863226215,1.0,0.0
0.4592568598057499,0.23792184615872042,1.0,0.0
0.46222443733220814,0.10438085746809882,1.0,0.0
0.46222443733220814,0.10734843499455707,1.0,0.0
0.46222443733220814,0.11031601252101533,1.0,0.0
0.46222443733220814,0.1132835900474736,1.0,0.0
0.46222443733220814,0.11625116757393185,1.0,0.0
0.46222443733220814,0.1192187451003901,1.0,0.0
0.46222443733220814,0.12218632262684836,1.0,0.0
0.46222443733220814,0.12515390015330663,1.0,0.0
0.46222443733220814,0.1281214776797649,1.0,0.0
0.46222443733220814,0.13108905520622313,1.0,0.0
0.46222443733220814,0.1340566327326814,1.0,0.0
0.46222443733220814,0.13702421025913966,1.0,0.0
0.46222443733220814,0.1399917877855979,1.0,0.0
0.46222443733220814,0.14295936531205616,1.0,0.0
0.46222443733220814,0.14592694283851443,1.0,0.0
0.46222443733220814,0.1488945203649727,1.0,0.0
0.46222443733220814,0.15186209789143096,1.0,0.0
0.46222443733220814,0.1548296754178892,1.0,0.0
0.46222443733220814,0.15779725294434746,1.0,0.0
0.46222443733220814,0.16076483047080573,1.0,0.0
0.46222443733220814,0.16373240799726396,1.0,0.0
0.46222443733220814,0.16669998552372223,1.0,0.0
0.46222443733220814,0.1696675630501805,1.0,0.0
0.46222443733220814,0.17263514057663876,1.0,0.0
0.46222443733220814,0.17560271810309702,1.0,0.0
0.46222443733220814,0.17857029562955526,1.0,0.0
0.46222443733220814,0.18153787315601352,1.0,0.0
0.46222443733220814,0.1845054506824718,1.0,0.0
0.46222443733220814,0.18747302820893003,1.0,0.0
0.46222443733220814,0.1904406057353883,1.0,0.0
0.46222443733220814,0.19340818326184656,1.0,0.0
0.46222443733220814,0.19637576078830482,1.0,0.0
0.46222443733220814,0.19934333831476309,1.0,0.0
0.46222443733220814,0.20231091584122132,1.0,0.0
0.46222443733220814,0.2052784933676796,1.0,0.0
0.46222443733220814,0.20824607089413785,1.0,0.0
0.46222443733220814,0.2112136484205961,1.0,0.0
0.46222443733220814,0.21418122594705435,1.0,0.0
0.46222443733220814,0.21714880347351262,1.0,0.0
0.46222443733220814,0.22011638099997088,1.0,0.0
0.46222443733220814,0.22308395852642915,1.0,0.0
0.46222443733220814,0.2260515360528874,1.0,0.0
0.46222443733220814,0.22901911357934565,1.0,0.0
0.46222443733220814,0.23198669110580392,1.0,0.0
0.46222443733220814,0.23495426863226215,1.0,0.0
0.46222443733220814,0.23792184615872042,1.0,0.0
0.4651920148586664,0.0984457024151823,1.0,0.0
0.4651920148586664,0.10141327994164057,1.0,0.0
0.4651920148586664,0.10438085746809882,1.0,0.0
0.4651920148586664,0.10734843499455707,1.0,0.0
0.4651920148586664,0.11031601252101533,1.0,0.0
0.4651920148586664,0.1132835900474736,1.0,0.0
0.4651920148586664,0.11625116757393185,1.0,0.0
0.4651920148586664,0.1192187451003901,1.0,0.0
0.4651920148586664,0.12218632262684836,1.0,0.0
0.4651920148586664,0.12515390015330663,1.0,0.0
0.4651920148586664,0.1281214776797649,1.0,0.0
0.4651920148586664,0.13108905520622313,1.0,0.0
0.4651920148586664,0.1340566327326814,1.0,0.0
0.4651920148586664,0.13702421025913966,1.0,0.0
0.4651920148586664,0.1399917877855979,1.0,0.0
0.4651920148586664,0.14295936531205616,1.0,0.0
0.4651920148586664,0.14592694283851443,1.0,0.0
0.4651920148586664,0.1488945203649727,1.0,0.0
0.4651920148586664,0.15186209789143096,1.0,0.0
0.4651920148586664,0.1548296754178892,1.0,0.0
0.4651920148586664,0.15779725294434746,1.0,0.0
0.4651920148586664,0.16076483047080573,1.0,0.0
0.4651920148586664,0.16373240799726396,1.0,0.0
0.4651920148586664,0.16669998552372223,1.0,0.0
0.4651920148586664,0.1696675630501805,1.0,0.0
0.4651920148586664,0.17263514057663876,1.0,0.0
0.4651920148586664,0.17560271810309702,1.0,0.0
0.4651920148586664,0.17857029562955526,1.0,0.0
0.4651920148586664,0.18153787315601352,1.0,0.0
0.4651920148586664,0.1845054506824718,1.0,0.0
0.4651920148586664,0.18747302820893003,1.0,0.0
0.4651920148586664,0.1904406057353883,1.0,0.0
0.4651920148586664,0.19340818326184656,1.0,0.0
0.4651920148586664,0.19637576078830482,1.0,0.0
0.4651920148586664,0.19934333831476309,1.0,0.0
0.4651920148586664,0.20231091584122132,1.0,0.0
0.4651920148586664,0.2052784933676796,1.0,0.0
0.4651920148586664,0.20824607089413785,1.0,0.0
0.4651920148586664,0.2112136484205961,1.0,0.0
0.4651920148586664,0.21418122594705435,1.0,0.0
0.4651920148586664,0.21714880347351262,1.0,0.0
0.4651920148586664,0.22011638099997088,1.0,0.0
0.4651920148586664,0.22308395852642915,1.0,0.0
0.4651920148586664,0.2260515360528874,1.0,0.0
0.4651920148586664,0.22901911357934565,1.0,0.0
0.4651920148586664,0.23198669110580392,1.0,0.0
0.4651920148586664,0.23495426863226215,1.0,0.0
0.4651920148586664,0.23792184615872042,1.0,0.0
0.46815959238512467,0.09547812488872404,1.0,0.0
0.46815959238512467,0.0984457024151823,1.0,0.0
0.46815959238512467,0.10141327994164057,1.0,0.0
0.46815959238512467,0.10438085746809882,1.0,0.0
0.46815959238512467,0.10734843499455707,1.0,0.0
0.46815959238512467,0.11031601252101533,1.0,0.0
0.46815959238512467,0.1132835900474736,1.0,0.0
0.46815959238512467,0.11625116757393185,1.0,0.0
0.46815959238512467,0.1192187451003901,1.0,0.0
0.46815959238512467,0.12218632262684836,1.0,0.0
0.46815959238512467,0.12515390015330663,1.0,0.0
0.46815959238512467,0.1281214776797649,1.0,0.0
0.46815959238512467,0.13108905520622313,1.0,0.0
0.46815959238512467,0.1340566327326814,1.0,0.0
0.46815959238512467,0.13702421025913966,1.0,0.0
0.46815959238512467,0.1399917877855979,1.0,0.0
0.46815959238512467,0.14295936531205616,1.0,0.0
0.46815959238512467,0.14592694283851443,1.0,0.0
0.46815959238512467,0.1488945203649727,1.0,0.0
0.46815959238512467,0.15186209789143096,1.0,0.0
0.46815959238512467,0.1548296754178892,1.0,0.0
0.46815959238512467,0.15779725294434746,1.0,0.0
0.46815959238512467,0.16076483047080573,1.0,0.0
0.46815959238512467,0.16373240799726396,1.0,0.0
0.46815959238512467,0.16669998552372223,1.0,0.0
0.46815959238512467,0.1696675630501805,1.0,0.0
0.46815959238512467,0.17263514057663876,1.0,0.0
0.46815959238512467,0.17560271810309702,1.0,0.0
0.46815959238512467,0.17857029562955526,1.0,0.0
0.46815959238512467,0.18153787315601352,1.0,0.0
0.46815959238512467,0.1845054506824718,1.0,0.0
0.46815959238512467,0.18747302820893003,1.0,0.0
0.46815959238512467,0.1904406057353883,1.0,0.0
0.46815959238512467,0.19340818326184656,1.0,0.0
0.46815959238512467,0.19637576078830482,1.0,0.0
0.46815959238512467,0.19934333831476309,1.0,0.0
0.46815959238512467,0.20231091584122132,1.0,0.0
0.46815959238512467,0.2052784933676796,1.0,0.0
0.46815959238512467,0.20824607089413785,1.0,0.0
0.46815959238512467,0.2112136484205961,1.0,0.0
0.46815959238512467,0.21418122594705435,1.0,0.0
0.46815959238512467,0.21714880347351262,1.0,0.0
0.46815959238512467,0.22011638099997088,1.0,0.0
0.46815959238512467,0.22308395852642915,1.0,0.0
0.46815959238512467,0.2260515360528874,1.0,0.0
0.46815959238512467,0.22901911357934565,1.0,0.0
0.46815959238512467,0.23198669110580392,1.0,0.0
0.46815959238512467,0.23495426863226215,1.0,0.0
0.46815959238512467,0.23792184615872042,1.0,0.0
0.47112716991158293,0.08954296983580753,1.0,0.0
0.47112716991158293,0.09251054736226579,1.0,0.0
0.47112716991158293,0.09547812488872404,1.0,0.0
0.47112716991158293,0.0984457024151823,1.0,0.0
0.47112716991158293,0.10141327994164057,1.0,0.0
0.47112716991158293,0.10438085746809882,1.0,0.0
0.47112716991158293,0.10734843499455707,1.0,0.0
0.47112716991158293,0.11031601252101533,1.0,0.0
0.47112716991158293,0.1132835900474736,1.0,0.0
0.47112716991158293,0.11625116757393185,1.0,0.0
0.47112716991158293,0.1192187451003901,1.0,0.0
0.47112716991158293,0.12218632262684836,1.0,0.0
0.47112716991158293,0.12515390015330663,1.0,0.0
0.47112716991158293,0.1281214776797649,1.0,0.0
0.47112716991158293,0.13108905520622313,1.0,0.0
0.47112716991158293,0.1340566327326814,1.0,0.0
0.47112716991158293,0.13702421025913966,1.0,0.0
0.47112716991158293,0.1399917877855979,1.0,0.0
0.47112716991158293,0.14295936531205616,1.0,0.0
0.47112716991158293,0.14592694283851443,1.0,0.0
0.47112716991158293,0.1488945203649727,1.0,0.0
0.47112716991158293,0.15186209789143096,1.0,0.0
0.47112716991158293,0.1548296754178892,1.0,0.0
0.47112716991158293,0.15779725294434746,1.0,0.0
0.47112716991158293,0.16076483047080573,1.0,0.0
0.47112716991158293,0.16373240799726396,1.0,0.0
0.47112716991158293,0.16669998552372223,1.0,0.0
0.47112716991158293,0.1696675630501805,1.0,0.0
0.47112716991158293,0.17263514057663876,1.0,0.0
0.47112716991158293,0.17560271810309702,1.0,0.0
0.47112716991158293,0.17857029562955526,1.0,0.0
0.47112716991158293,0.18153787315601352,1.0,0.0
0.47112716991158293,0.1845054506824718,1.0,0.0
0.47112716991158293,0.18747302820893003,1.0,0.0
0.47112716991158293,0.1904406057353883,1.0,0.0
0.47112716991158293,0.19340818326184656,1.0,0.0
0.47112716991158293,0.19637576078830482,1.0,0.0
0.47112716991158293,0.19934333831476309,1.0,0.0
0.47112716991158293,0.20231091584122132,1.0,0.0
0.47112716991158293,0.2052784933676796,1.0,0.0
0.47112716991158293,0.20824607089413785,1.0,0.0
0.47112716991158293,0.2112136484205961,1.0,0.0
0.47112716991158293,0.21418122594705435,1.0,0.0
0.47112716991158293,0.21714880347351262,1.0,0.0
0.47112716991158293,0.22011638099997088,1.0,0.0
0.47112716991158293,0.22308395852642915,1.0,0.0
0.47112716991158293,0.2260515360528874,1.0,0.0
0.47112716991158293,0.22901911357934565,1.0,0.0
0.47112716991158293,0.23198669110580392,1.0,0.0
0.47112716991158293,0.23495426863226215,1.0,0.0
0.47112716991158293,0.23792184615872042,1.0,0.0
0.4740947474380412,0.08657539230934927,1.0,0.0
0.4740947474380412,0.08954296983580753,1.0,0.0
0.4740947474380412,0.09251054736226579,1.0,0.0
0.4740947474380412,0.09547812488872404,1.0,0.0
0.4740947474380412,0.0984457024151823,1.0,0.0
0.4740947474380412,0.10141327994164057,1.0,0.0
0.4740947474380412,0.10438085746809882,1.0,0.0
0.4740947474380412,0.10734843499455707,1.0,0.0
0.4740947474380412,0.11031601252101533,1.0,0.0
0.4740947474380412,0.1132835900474736,1.0,0.0
0.4740947474380412,0.11625116757393185,1.0,0.0
0.4740947474380412,0.1192187451003901,1.0,0.0
0.4740947474380412,0.12218632262684836,1.0,0.0
0.4740947474380412,0.12515390015330663,1.0,0.0
0.4740947474380412,0.1281214776797649,1.0,0.0
0.4740947474380412,0.13108905520622313,1.0,0.0
0.4740947474380412,0.1340566327326814,1.0,0.0
0.4740947474380412,0.13702421025913966,1.0,0.0
0.4740947474380412,0.1399917877855979,1.0,0.0
0.4740947474380412,0.14295936531205616,1.0,0.0
0.4740947474380412,0.14592694283851443,1.0,0.0
0.4740947474380412,0.1488945203649727,1.0,0.0
0.4740947474380412,0.15186209789143096,1.0,0.0
0.4740947474380412,0.1548296754178892,1.0,0.0
0.4740947474380412,0.15779725294434746,1.0,0.0
0.4740947474380412,0.16076483047080573,1.0,0.0
0.4740947474380412,0.16373240799726396,1.0,0.0
0.4740947474380412,0.16669998552372223,1.0,0.0
0.4740947474380412,0.1696675630501805,1.0,0.0
0.4740947474380412,0.17263514057663876,1.0,0.0
0.4740947474380412,0.17560271810309702,1.0,0.0
0.4740947474380412,0.17857029562955526,1.0,0.0
0.4740947474380412,0.18153787315601352,1.0,0.0
0.4740947474380412,0.1845054506824718,1.0,0.0
0.4740947474380412,0.18747302820893003,1.0,0.0
0.4740947474380412,0.1904406057353883,1.0,0.0
0.4740947474380412,0.19340818326184656,1.0,0.0
0.4740947474380412,0.19637576078830482,1.0,0.0
0.4740947474380412,0.19934333831476309,1.0,0.0
0.4740947474380412,0.20231091584122132,1.0,0.0
0.4740947474380412,0.2052784933676796,1.0,0.0
0.4740947474380412,0.20824607089413785,1.0,0.0
0.4740947474380412,0.2112136484205961,1.0,0.0
0.4740947474380412,0.21418122594705435,1.0,0.0
0.4740947474380412,0.21714880347351262,1.0,0.0
0.4740947474380412,0.22011638099997088,1.0,0.0
0.4740947474380412,0.22308395852642915,1.0,0.0
0.4740947474380412,0.2260515360528874,1.0,0.0
0.4740947474380412,0.22901911357934565,1.0,0.0
0.4740947474380412,0.23198669110580392,1.0,0.0
0.4740947474380412,0.23495426863226215,1.0,0.0
0.47706232496449946,0.08657539230934927,1.0,0.0
0.47706232496449946,0.08954296983580753,1.0,0.0
0.47706232496449946,0.09251054736226579,1.0,0.0
0.47706232496449946,0.09547812488872404,1.0,0.0
0.47706232496449946,0.10438085746809882,1.0,0.0
0.47706232496449946,0.10734843499455707,1.0,0.0
0.47706232496449946,0.11031601252101533,1.0,0.0
0.47706232496449946,0.1132835900474736,1.0,0.0
0.47706232496449946,0.11625116757393185,1.0,0.0
0.47706232496449946,0.1192187451003901,1.0,0.0
0.47706232496449946,0.12218632262684836,1.0,0.0
0.47706232496449946,0.12515390015330663,1.0,0.0
0.47706232496449946,0.1281214776797649,1.0,0.0
0.47706232496449946,0.13108905520622313,1.0,0.0
0.47706232496449946,0.1340566327326814,1.0,0.0
0.47706232496449946,0.13702421025913966,1.0,0.0
0.47706232496449946,0.1399917877855979,1.0,0.0
0.47706232496449946,0.14295936531205616,1.0,0.0
0.47706232496449946,0.14592694283851443,1.0,0.0
0.47706232496449946,0.1488945203649727,1.0,0.0
0.47706232496449946,0.15186209789143096,1.0,0.0
0.47706232496449946,0.1548296754178892,1.0,0.0
0.47706232496449946,0.15779725294434746,1.0,0.0
0.47706232496449946,0.16076483047080573,1.0,0.0
0.47706232496449946,0.16373240799726396,1.0,0.0
0.47706232496449946,0.16669998552372223,1.0,0.0
0.47706232496449946,0.1696675630501805,1.0,0.0
0.47706232496449946,0.17263514057663876,1.0,0.0
0.47706232496449946,0.17560271810309702,1.0,0.0
0.47706232496449946,0.17857029562955526,1.0,0.0
0.47706232496449946,0.18153787315601352,1.0,0.0
0.47706232496449946,0.1845054506824718,1.0,0.0
0.47706232496449946,0.18747302820893003,1.0,0.0
0.47706232496449946,0.1904406057353883,1.0,0.0
0.47706232496449946,0.19340818326184656,1.0,0.0
0.47706232496449946,0.19637576078830482,1.0,0.0
0.47706232496449946,0.19934333831476309,1.0,0.0
0.47706232496449946,0.20231091584122132,1.0,0.0
0.47706232496449946,0.2052784933676796,1.0,0.0
0.47706232496449946,0.20824607089413785,1.0,0.0
0.47706232496449946,0.2112136484205961,1.0,0.0
0.47706232496449946,0.21418122594705435,1.0,0.0
0.47706232496449946,0.21714880347351262,1.0,0.0
0.47706232496449946,0.22011638099997088,1.0,0.0
0.47706232496449946,0.22308395852642915,1.0,0.0
0.47706232496449946,0.2260515360528874,1.0,0.0
0.47706232496449946,0.22901911357934565,1.0,0.0
0.47706232496449946,0.23198669110580392,1.0,0.0
0.47706232496449946,0.23495426863226215,1.0,0.0
0.4800299024909577,0.07470508220351624,1.0,0.0
0.4800299024909577,0.0776726597299745,1.0,0.0
0.4800299024909577,0.08064023725643275,1.0,0.0
0.4800299024909577,0.083607814782891,1.0,0.0
0.4800299024909577,0.08657539230934927,1.0,0.0
0.4800299024909577,0.08954296983580753,1.0,0.0
0.4800299024909577,0.09251054736226579,1.0,0.0
0.4800299024909577,0.09547812488872404,1.0,0.0
0.4800299024909577,0.10438085746809882,1.0,0.0
0.4800299024909577,0.10734843499455707,1.0,0.0
0.4800299024909577,0.11031601252101533,1.0,0.0
0.4800299024909577,0.1132835900474736,1.0,0.0
0.4800299024909577,0.11625116757393185,1.0,0.0
0.4800299024909577,0.1192187451003901,1.0,0.0
0.4800299024909577,0.12218632262684836,1.0,0.0
0.4800299024909577,0.12515390015330663,1.0,0.0
0.4800299024909577,0.1281214776797649,1.0,0.0
0.4800299024909577,0.13108905520622313,1.0,0.0
0.4800299024909577,0.1340566327326814,1.0,0.0
0.4800299024909577,0.13702421025913966,1.0,0.0
0.4800299024909577,0.1399917877855979,1.0,0.0
0.4800299024909577,0.14295936531205616,1.0,0.0
0.4800299024909577,0.14592694283851443,1.0,0.0
0.4800299024909577,0.1488945203649727,1.0,0.0
0.4800299024909577,0.15186209789143096,1.0,0.0
0.4800299024909577,0.1548296754178892,1.0,0.0
0.4800299024909577,0.15779725294434746,1.0,0.0
0.4800299024909577,0.16076483047080573,1.0,0.0
0.4800299024909577,0.16373240799726396,1.0,0.0
0.4800299024909577,0.16669998552372223,1.0,0.0
0.4800299024909577,0.1696675630501805,1.0,0.0
0.4800299024909577,0.17263514057663876,1.0,0.0
0.4800299024909577,0.17560271810309702,1.0,0.0
0.4800299024909577,0.17857029562955526,1.0,0.0
0.4800299024909577,0.18153787315601352,1.0,0.0
0.4800299024909577,0.1845054506824718,1.0,0.0
0.4800299024909577,0.18747302820893003,1.0,0.0
0.4800299024909577,0.1904406057353883,1.0,0.0
0.4800299024909577,0.19340818326184656,1.0,0.0
0.4800299024909577,0.19637576078830482,1.0,0.0
0.4800299024909577,0.19934333831476309,1.0,0.0
0.4800299024909577,0.20231091584122132,1.0,0.0
0.4800299024909577,0.2052784933676796,1.0,0.0
0.4800299024909577,0.20824607089413785,1.0,0.0
0.4800299024909577,0.2112136484205961,1.0,0.0
0.4800299024909577,0.21418122594705435,1.0,0.0
0.4800299024909577,0.21714880347351262,1.0,0.0
0.4800299024909577,0.22011638099997088,1.0,0.0
0.4800299024909577,0.22308395852642915,1.0,0.0
0.4800299024909577,0.2260515360528874,1.0,0.0
0.4800299024909577,0.22901911357934565,1.0,0.0
0.4800299024909577,0.23198669110580392,1.0,0.0
0.4800299024909577,0.23495426863226215,1.0,0.0
0.482997480017416,0.07173750467705797,1.0,0.0
0.482997480017416,0.07470508220351624,1.0,0.0
0.482997480017416,0.0776726597299745,1.0,0.0
0.482997480017416,0.08064023725643275,1.0,0.0
0.482997480017416,0.083607814782891,1.0,0.0
0.482997480017416,0.08657539230934927,1.0,0.0
0.482997480017416,0.08954296983580753,1.0,0.0
0.482997480017416,0.09251054736226579,1.0,0.0
0.482997480017416,0.10141327994164057,1.0,0.0
0.482997480017416,0.10438085746809882,1.0,0.0
0.482997480017416,0.10734843499455707,1.0,0.0
0.482997480017416,0.11031601252101533,1.0,0.0
0.482997480017416,0.1132835900474736,1.0,0.0
0.482997480017416,0.11625116757393185,1.0,0.0
0.482997480017416,0.1192187451003901,1.0,0.0
0.482997480017416,0.12218632262684836,1.0,0.0
0.482997480017416,0.12515390015330663,1.0,0.0
0.482997480017416,0.1281214776797649,1.0,0.0
0.482997480017416,0.13108905520622313,1.0,0.0
0.482997480017416,0.1340566327326814,1.0,0.0
0.482997480017416,0.13702421025913966,1.0,0.0
0.482997480017416,0.1399917877855979,1.0,0.0
0.482997480017416,0.14295936531205616,1.0,0.0
0.482997480017416,0.14592694283851443,1.0,0.0
0.482997480017416,0.1488945203649727,1.0,0.0
0.482997480017416,0.15186209789143096,1.0,0.0
0.482997480017416,0.1548296754178892,1.0,0.0
0.482997480017416,0.15779725294434746,1.0,0.0
0.482997480017416,0.16076483047080573,1.0,0.0
0.482997480017416,0.16373240799726396,1.0,0.0
0.482997480017416,0.16669998552372223,1.0,0.0
0.482997480017416,0.1696675630501805,1.0,0.0
0.482997480017416,0.17263514057663876,1.0,0.0
0.482997480017416,0.17560271810309702,1.0,0.0
0.482997480017416,0.17857029562955526,1.0,0.0
0.482997480017416,0.18153787315601352,1.0,0.0
0.482997480017416,0.1845054506824718,1.0,0.0
0.482997480017416,0.18747302820893003,1.0,0.0
0.482997480017416,0.1904406057353883,1.0,0.0
0.482997480017416,0.19340818326184656,1.0,0.0
0.482997480017416,0.19637576078830482,1.0,0.0
0.482997480017416,0.19934333831476309,1.0,0.0
0.482997480017416,0.20231091584122132,1.0,0.0
0.482997480017416,0.2052784933676796,1.0,0.0
0.482997480017416,0.20824607089413785,1.0,0.0
0.482997480017416,0.2112136484205961,1.0,0.0
0.482997480017416,0.21418122594705435,1.0,0.0
0.482997480017416,0.21714880347351262,1.0,0.0
0.482997480017416,0.22011638099997088,1.0,0.0
0.482997480017416,0.22308395852642915,1.0,0.0
0.482997480017416,0.2260515360528874,1.0,0.0
0.482997480017416,0.22901911357934565,1.0,0.0
0.482997480017416,0.23198669110580392,1.0,0.0
0.48596505754387426,0.06876992715059972,1.0,0.0
0.48596505754387426,0.07173750467705797,1.0,0.0
0.48596505754387426,0.07470508220351624,1.0,0.0
0.48596505754387426,0.0776726597299745,1.0,0.0
0.48596505754387426,0.08064023725643275,1.0,0.0
0.48596505754387426,0.083607814782891,1.0,0.0
0.48596505754387426,0.08657539230934927,1.0,0.0
0.48596505754387426,0.08954296983580753,1.0,0.0
0.48596505754387426,0.09251054736226579,1.0,0.0
0.48596505754387426,0.09547812488872404,1.0,0.0
0.48596505754387426,0.0984457024151823,1.0,0.0
0.48596505754387426,0.10141327994164057,1.0,0.0
0.48596505754387426,0.10438085746809882,1.0,0.0
0.48596505754387426,0.10734843499455707,1.0,0.0
0.48596505754387426,0.11031601252101533,1.0,0.0
0.48596505754387426,0.1132835900474736,1.0,0.0
0.48596505754387426,0.11625116757393185,1.0,0.0
0.48596505754387426,0.1192187451003901,1.0,0.0
0.48596505754387426,0.12218632262684836,1.0,0.0
0.48596505754387426,0.12515390015330663,1.0,0.0
0.48596505754387426,0.1281214776797649,1.0,0.0
0.48596505754387426,0.13108905520622313,1.0,0.0
0.48596505754387426,0.1340566327326814,1.0,0.0
0.48596505754387426,0.13702421025913966,1.0,0.0
0.48596505754387426,0.1399917877855979,1.0,0.0
0.48596505754387426,0.14295936531205616,1.0,0.0
0.48596505754387426,0.14592694283851443,1.0,0.0
0.48596505754387426,0.1488945203649727,1.0,0.0
0.48596505754387426,0.15186209789143096,1.0,0.0
0.48596505754387426,0.1548296754178892,1.0,0.0
0.48596505754387426,0.15779725294434746,1.0,0.0
0.48596505754387426,0.16076483047080573,1.0,0.0
0.48596505754387426,0.16373240799726396,1.0,0.0
0.48596505754387426,0.16669998552372223,1.0,0.0
0.48596505754387426,0.1696675630501805,1.0,0.0
0.48596505754387426,0.17263514057663876,1.0,0.0
0.48596505754387426,0.17560271810309702,1.0,0.0
0.48596505754387426,0.17857029562955526,1.0,0.0
0.48596505754387426,0.18153787315601352,1.0,0.0
0.48596505754387426,0.1845054506824718,1.0,0.0
0.48596505754387426,0.18747302820893003,1.0,0.0
0.48596505754387426,0.1904406057353883,1.0,0.0
0.48596505754387426,0.19340818326184656,1.0,0.0
0.48596505754387426,0.19637576078830482,1.0,0.0
0.48596505754387426,0.19934333831476309,1.0,0.0
0.48596505754387426,0.20231091584122132,1.0,0.0
0.48596505754387426,0.2052784933676796,1.0,0.0
0.48596505754387426,0.20824607089413785,1.0,0.0
0.48596505754387426,0.2112136484205961,1.0,0.0
0.48596505754387426,0.21418122594705435,1.0,0.0
0.48596505754387426,0.21714880347351262,1.0,0.0
0.48596505754387426,0.22011638099997088,1.0,0.0
0.48596505754387426,0.22308395852642915,1.0,0.0
0.48596505754387426,0.2260515360528874,1.0,0.0
0.48596505754387426,0.22901911357934565,1.0,0.0
0.4889326350703325,0.06876992715059972,1.0,0.0
0.4889326350703325,0.07173750467705797,1.0,0.0
0.4889326350703325,0.07470508220351624,1.0,0.0
0.4889326350703325,0.0776726597299745,1.0,0.0
0.4889326350703325,0.08064023725643275,1.0,0.0
0.4889326350703325,0.083607814782891,1.0,0.0
0.4889326350703325,0.08657539230934927,1.0,0.0
0.4889326350703325,0.08954296983580753,1.0,0.0
0.4889326350703325,0.09251054736226579,1.0,0.0
0.4889326350703325,0.09547812488872404,1.0,0.0
0.4889326350703325,0.0984457024151823,1.0,0.0
0.4889326350703325,0.10141327994164057,1.0,0.0
0.4889326350703325,0.10438085746809882,1.0,0.0
0.4889326350703325,0.10734843499455707,1.0,0.0
0.4889326350703325,0.11031601252101533,1.0,0.0
0.4889326350703325,0.1132835900474736,1.0,0.0
0.4889326350703325,0.11625116757393185,1.0,0.0
0.4889326350703325,0.1192187451003901,1.0,0.0
0.4889326350703325,0.12218632262684836,1.0,0.0
0.4889326350703325,0.12515390015330663,1.0,0.0
0.4889326350703325,0.1281214776797649,1.0,0.0
0.4889326350703325,0.13108905520622313,1.0,0.0
0.4889326350703325,0.1340566327326814,1.0,0.0
0.4889326350703325,0.13702421025913966,1.0,0.0
0.4889326350703325,0.1399917877855979,1.0,0.0
0.4889326350703325,0.14295936531205616,1.0,0.0
0.4889326350703325,0.14592694283851443,1.0,0.0
0.4889326350703325,0.1488945203649727,1.0,0.0
0.4889326350703325,0.15186209789143096,1.0,0.0
0.4889326350703325,0.1548296754178892,1.0,0.0
0.4889326350703325,0.15779725294434746,1.0,0.0
0.4889326350703325,0.16076483047080573,1.0,0.0
0.4889326350703325,0.16373240799726396,1.0,0.0
0.4889326350703325,0.16669998552372223,1.0,0.0
0.4889326350703325,0.1696675630501805,1.0,0.0
0.4889326350703325,0.17263514057663876,1.0,0.0
0.4889326350703325,0.17560271810309702,1.0,0.0
0.4889326350703325,0.17857029562955526,1.0,0.0
0.4889326350703325,0.18153787315601352,1.0,0.0
0.4889326350703325,0.1845054506824718,1.0,0.0
0.4889326350703325,0.18747302820893003,1.0,0.0
0.4889326350703325,0.1904406057353883,1.0,0.0
0.4889326350703325,0.19340818326184656,1.0,0.0
0.4889326350703325,0.19637576078830482,1.0,0.0
0.4889326350703325,0.19934333831476309,1.0,0.0
0.4889326350703325,0.20231091584122132,1.0,0.0
0.4889326350703325,0.2052784933676796,1.0,0.0
0.4889326350703325,0.20824607089413785,1.0,0.0
0.4889326350703325,0.2112136484205961,1.0,0.0
0.4889326350703325,0.21418122594705435,1.0,0.0
0.4889326350703325,0.21714880347351262,1.0,0.0
0.4889326350703325,0.22011638099997088,1.0,0.0
0.4889326350703325,0.22308395852642915,1.0,0.0
0.4889326350703325,0.2260515360528874,1.0,0.0
0.4889326350703325,0.22901911357934565,1.0,0.0
0.4919002125967908,0.06876992715059972,1.0,0.0
0.4919002125967908,0.07173750467705797,1.0,0.0
0.4919002125967908,0.07470508220351624,1.0,0.0
0.4919002125967908,0.0776726597299745,1.0,0.0
0.4919002125967908,0.08064023725643275,1.0,0.0
0.4919002125967908,0.083607814782891,1.0,0.0
0.4919002125967908,0.08657539230934927,1.0,0.0
0.4919002125967908,0.08954296983580753,1.0,0.0
0.4919002125967908,0.09251054736226579,1.0,0.0
0.4919002125967908,0.09547812488872404,1.0,0.0
0.4919002125967908,0.0984457024151823,1.0,0.0
0.4919002125967908,0.10141327994164057,1.0,0.0
0.4919002125967908,0.10438085746809882,1.0,0.0
0.4919002125967908,0.10734843499455707,1.0,0.0
0.4919002125967908,0.11031601252101533,1.0,0.0
0.4919002125967908,0.1132835900474736,1.0,0.0
0.4919002125967908,0.11625116757393185,1.0,0.0
0.4919002125967908,0.1192187451003901,1.0,0.0
0.4919002125967908,0.12218632262684836,1.0,0.0
0.4919002125967908,0.12515390015330663,1.0,0.0
0.4919002125967908,0.1281214776797649,1.0,0.0
0.4919002125967908,0.13108905520622313,1.0,0.0
0.4919002125967908,0.1340566327326814,1.0,0.0
0.4919002125967908,0.13702421025913966,1.0,0.0
0.4919002125967908,0.1399917877855979,1.0,0.0
0.4919002125967908,0.14295936531205616,1.0,0.0
0.4919002125967908,0.14592694283851443,1.0,0.0
0.4919002125967908,0.1488945203649727,1.0,0.0
0.4919002125967908,0.15186209789143096,1.0,0.0
0.4919002125967908,0.1548296754178892,1.0,0.0
0.4919002125967908,0.15779725294434746,1.0,0.0
0.4919002125967908,0.16076483047080573,1.0,0.0
0.4919002125967908,0.16373240799726396,1.0,0.0
0.4919002125967908,0.16669998552372223,1.0,0.0
0.4919002125967908,0.1696675630501805,1.0,0.0
0.4919002125967908,0.17263514057663876,1.0,0.0
0.4919002125967908,0.17560271810309702,1.0,0.0
0.4919002125967908,0.17857029562955526,1.0,0.0
0.4919002125967908,0.18153787315601352,1.0,0.0
0.4919002125967908,0.1845054506824718,1.0,0.0
0.4919002125967908,0.18747302820893003,1.0,0.0
0.4919002125967908,0.1904406057353883,1.0,0.0
0.4919002125967908,0.19340818326184656,1.0,0.0
0.4919002125967908,0.19637576078830482,1.0,0.0
0.4919002125967908,0.19934333831476309,1.0,0.0
0.4919002125967908,0.20231091584122132,1.0,0.0
0.4919002125967908,0.2052784933676796,1.0,0.0
0.4919002125967908,0.20824607089413785,1.0,0.0
0.4919002125967908,0.2112136484205961,1.0,0.0
0.4919002125967908,0.21418122594705435,1.0,0.0
0.4919002125967908,0.21714880347351262,1.0,0.0
0.4919002125967908,0.22011638099997088,1.0,0.0
0.4919002125967908,0.22308395852642915,1.0,0.0
0.4919002125967908,0.2260515360528874,1.0,0.0
0.49486779012324905,0.06876992715059972,1.0,0.0
0.49486779012324905,0.07173750467705797,1.0,0.0
0.49486779012324905,0.07470508220351624,1.0,0.0
0.49486779012324905,0.0776726597299745,1.0,0.0
0.49486779012324905,0.08064023725643275,1.0,0.0
0.49486779012324905,0.083607814782891,1.0,0.0
0.49486779012324905,0.08657539230934927,1.0,0.0
0.49486779012324905,0.08954296983580753,1.0,0.0
0.49486779012324905,0.09251054736226579,1.0,0.0
0.49486779012324905,0.09547812488872404,1.0,0.0
0.49486779012324905,0.0984457024151823,1.0,0.0
0.49486779012324905,0.10141327994164057,1.0,0.0
0.49486779012324905,0.10438085746809882,1.0,0.0
0.49486779012324905,0.10734843499455707,1.0,0.0
0.49486779012324905,0.11031601252101533,1.0,0.0
0.49486779012324905,0.1132835900474736,1.0,0.0
0.49486779012324905,0.11625116757393185,1.0,0.0
0.49486779012324905,0.1192187451003901,1.0,0.0
0.49486779012324905,0.12218632262684836,1.0,0.0
0.49486779012324905,0.12515390015330663,1.0,0.0
0.49486779012324905,0.1281214776797649,1.0,0.0
0.49486779012324905,0.13108905520622313,1.0,0.0
0.49486779012324905,0.1340566327326814,1.0,0.0
0.49486779012324905,0.13702421025913966,1.0,0.0
0.49486779012324905,0.1399917877855979,1.0,0.0
0.49486779012324905,0.14295936531205616,1.0,0.0
0.49486779012324905,0.14592694283851443,1.0,0.0
0.49486779012324905,0.1488945203649727,1.0,0.0
0.49486779012324905,0.15186209789143096,1.0,0.0
0.49486779012324905,0.1548296754178892,1.0,0.0
0.49486779012324905,0.15779725294434746,1.0,0.0
0.49486779012324905,0.16076483047080573,1.0,0.0
0.49486779012324905,0.16373240799726396,1.0,0.0
0.49486779012324905,0.16669998552372223,1.0,0.0
0.49486779012324905,0.1696675630501805,1.0,0.0
0.49486779012324905,0.17263514057663876,1.0,0.0
0.49486779012324905,0.17560271810309702,1.0,0.0
0.49486779012324905,0.17857029562955526,1.0,0.0
0.49486779012324905,0.18153787315601352,1.0,0.0
0.49486779012324905,0.1845054506824718,1.0,0.0
0.49486779012324905,0.18747302820893003,1.0,0.0
0.49486779012324905,0.1904406057353883,1.0,0.0
0.49486779012324905,0.19340818326184656,1.0,0.0
0.49486779012324905,0.19637576078830482,1.0,0.0
0.49486779012324905,0.19934333831476309,1.0,0.0
0.49486779012324905,0.20231091584122132,1.0,0.0
0.49486779012324905,0.2052784933676796,1.0,0.0
0.49486779012324905,0.20824607089413785,1.0,0.0
0.49486779012324905,0.2112136484205961,1.0,0.0
0.49486779012324905,0.21418122594705435,1.0,0.0
0.49486779012324905,0.21714880347351262,1.0,0.0
0.49486779012324905,0.22011638099997088,1.0,0.0
0.49486779012324905,0.22308395852642915,1.0,0.0
0.49486779012324905,0.2260515360528874,1.0,0.0
0.4978353676497073,0.06580234962414147,1.0,0.0
0.4978353676497073,0.06876992715059972,1.0,0.0
0.4978353676497073,0.07173750467705797,1.0,0.0
0.4978353676497073,0.07470508220351624,1.0,0.0
0.4978353676497073,0.0776726597299745,1.0,0.0
0.4978353676497073,0.08064023725643275,1.0,0.0
0.4978353676497073,0.083607814782891,1.0,0.0
0.4978353676497073,0.08657539230934927,1.0,0.0
0.4978353676497073,0.08954296983580753,1.0,0.0
0.4978353676497073,0.09251054736226579,1.0,0.0
0.4978353676497073,0.09547812488872404,1.0,0.0
0.4978353676497073,0.0984457024151823,1.0,0.0
0.4978353676497073,0.10141327994164057,1.0,0.0
0.4978353676497073,0.10438085746809882,1.0,0.0
0.4978353676497073,0.10734843499455707,1.0,0.0
0.4978353676497073,0.11031601252101533,1.0,0.0
0.4978353676497073,0.1132835900474736,1.0,0.0
0.4978353676497073,0.11625116757393185,1.0,0.0
0.4978353676497073,0.1192187451003901,1.0,0.0
0.4978353676497073,0.12218632262684836,1.0,0.0
0.4978353676497073,0.12515390015330663,1.0,0.0
0.4978353676497073,0.1281214776797649,1.0,0.0
0.4978353676497073,0.13108905520622313,1.0,0.0
0.4978353676497073,0.1340566327326814,1.0,0.0
0.4978353676497073,0.13702421025913966,1.0,0.0
0.4978353676497073,0.1399917877855979,1.0,0.0
0.4978353676497073,0.14295936531205616,1.0,0.0
0.4978353676497073,0.14592694283851443,1.0,0.0
0.4978353676497073,0.1488945203649727,1.0,0.0
0.4978353676497073,0.15186209789143096,1.0,0.0
0.4978353676497073,0.1548296754178892,1.0,0.0
0.4978353676497073,0.15779725294434746,1.0,0.0
0.4978353676497073,0.16076483047080573,1.0,0.0
0.4978353676497073,0.16373240799726396,1.0,0.0
0.4978353676497073,0.16669998552372223,1.0,0.0
0.4978353676497073,0.1696675630501805,1.0,0.0
0.4978353676497073,0.17263514057663876,1.0,0.0
0.4978353676497073,0.17560271810309702,1.0,0.0
0.4978353676497073,0.17857029562955526,1.0,0.0
0.4978353676497073,0.18153787315601352,1.0,0.0
0.4978353676497073,0.1845054506824718,1.0,0.0
0.4978353676497073,0.18747302820893003,1.0,0.0
0.4978353676497073,0.1904406057353883,1.0,0.0
0.4978353676497073,0.19340818326184656,1.0,0.0
0.4978353676497073,0.19637576078830482,1.0,0.0
0.4978353676497073,0.19934333831476309,1.0,0.0
0.4978353676497073,0.20231091584122132,1.0,0.0
0.4978353676497073,0.2052784933676796,1.0,0.0
0.4978353676497073,0.20824607089413785,1.0,0.0
0.4978353676497073,0.2112136484205961,1.0,0.0
0.4978353676497073,0.21418122594705435,1.0,0.0
0.4978353676497073,0.21714880347351262,1.0,0.0
0.4978353676497073,0.22011638099997088,1.0,0.0
0.4978353676497073,0.22308395852642915,1.0,0.0
0.4978353676497073,0.2260515360528874,1.0,0.0
0.5008029451761655,0.06580234962414147,1.0,0.0
0.5008029451761655,0.06876992715059972,1.0,0.0
0.5008029451761655,0.07173750467705797,1.0,0.0
0.5008029451761655,0.07470508220351624,1.0,0.0
0.5008029451761655,0.0776726597299745,1.0,0.0
0.5008029451761655,0.08064023725643275,1.0,0.0
0.5008029451761655,0.083607814782891,1.0,0.0
0.5008029451761655,0.08657539230934927,1.0,0.0
0.5008029451761655,0.08954296983580753,1.0,0.0
0.5008029451761655,0.09251054736226579,1.0,0.0
0.5008029451761655,0.09547812488872404,1.0,0.0
0.5008029451761655,0.0984457024151823,1.0,0.0
0.5008029451761655,0.10141327994164057,1.0,0.0
0.5008029451761655,0.10438085746809882,1.0,0.0
0.5008029451761655,0.10734843499455707,1.0,0.0
0.5008029451761655,0.11031601252101533,1.0,0.0
0.5008029451761655,0.1132835900474736,1.0,0.0
0.5008029451761655,0.11625116757393185,1.0,0.0
0.5008029451761655,0.1192187451003901,1.0,0.0
0.5008029451761655,0.12218632262684836,1.0,0.0
0.5008029451761655,0.12515390015330663,1.0,0.0
0.5008029451761655,0.1281214776797649,1.0,0.0
0.5008029451761655,0.13108905520622313,1.0,0.0
0.5008029451761655,0.1340566327326814,1.0,0.0
0.5008029451761655,0.13702421025913966,1.0,0.0
0.5008029451761655,0.1399917877855979,1.0,0.0
0.5008029451761655,0.14295936531205616,1.0,0.0
0.5008029451761655,0.14592694283851443,1.0,0.0
0.5008029451761655,0.1488945203649727,1.0,0.0
0.5008029451761655,0.15186209789143096,1.0,0.0
0.5008029451761655,0.1548296754178892,1.0,0.0
0.5008029451761655,0.15779725294434746,1.0,0.0
0.5008029451761655,0.16076483047080573,1.0,0.0
0.5008029451761655,0.16373240799726396,1.0,0.0
0.5008029451761655,0.16669998552372223,1.0,0.0
0.5008029451761655,0.1696675630501805,1.0,0.0
0.5008029451761655,0.17263514057663876,1.0,0.0
0.5008029451761655,0.17560271810309702,1.0,0.0
0.5008029451761655,0.17857029562955526,1.0,0.0
0.5008029451761655,0.18153787315601352,1.0,0.0
0.5008029451761655,0.1845054506824718,1.0,0.0
0.5008029451761655,0.18747302820893003,1.0,0.0
0.5008029451761655,0.1904406057353883,1.0,0.0
0.5008029451761655,0.19340818326184656,1.0,0.0
0.5008029451761655,0.19637576078830482,1.0,0.0
0.5008029451761655,0.19934333831476309,1.0,0.0
0.5008029451761655,0.20231091584122132,1.0,0.0
0.5008029451761655,0.2052784933676796,1.0,0.0
0.5008029451761655,0.20824607089413785,1.0,0.0
0.5008029451761655,0.2112136484205961,1.0,0.0
0.5008029451761655,0.21418122594705435,1.0,0.0
0.5008029451761655,0.21714880347351262,1.0,0.0
0.5008029451761655,0.22011638099997088,1.0,0.0
0.5008029451761655,0.22308395852642915,1.0,0.0
0.5008029451761655,0.2260515360528874,1.0,0.0
0.5037705227026238,0.06580234962414147,1.0,0.0
0.5037705227026238,0.06876992715059972,1.0,0.0
0.5037705227026238,0.07173750467705797,1.0,0.0
0.5037705227026238,0.07470508220351624,1.0,0.0
0.5037705227026238,0.0776726597299745,1.0,0.0
0.5037705227026238,0.08064023725643275,1.0,0.0
0.5037705227026238,0.083607814782891,1.0,0.0
0.5037705227026238,0.08657539230934927,1.0,0.0
0.5037705227026238,0.08954296983580753,1.0,0.0
0.5037705227026238,0.09251054736226579,1.0,0.0
0.5037705227026238,0.09547812488872404,1.0,0.0
0.5037705227026238,0.0984457024151823,1.0,0.0
0.5037705227026238,0.10141327994164057,1.0,0.0
0.5037705227026238,0.10438085746809882,1.0,0.0
0.5037705227026238,0.10734843499455707,1.0,0.0
0.5037705227026238,0.11031601252101533,1.0,0.0
0.5037705227026238,0.1132835900474736,1.0,0.0
0.5037705227026238,0.11625116757393185,1.0,0.0
0.5037705227026238,0.1192187451003901,1.0,0.0
0.5037705227026238,0.12218632262684836,1.0,0.0
0.5037705227026238,0.12515390015330663,1.0,0.0
0.5037705227026238,0.1281214776797649,1.0,0.0
0.5037705227026238,0.13108905520622313,1.0,0.0
0.5037705227026238,0.1340566327326814,1.0,0.0
0.5037705227026238,0.13702421025913966,1.0,0.0
0.5037705227026238,0.1399917877855979,1.0,0.0
0.5037705227026238,0.14295936531205616,1.0,0.0
0.5037705227026238,0.14592694283851443,1.0,0.0
0.5037705227026238,0.1488945203649727,1.0,0.0
0.5037705227026238,0.15186209789143096,1.0,0.0
0.5037705227026238,0.1548296754178892,1.0,0.0
0.5037705227026238,0.15779725294434746,1.0,0.0
0.5037705227026238,0.16076483047080573,1.0,0.0
0.5037705227026238,0.16373240799726396,1.0,0.0
0.5037705227026238,0.16669998552372223,1.0,0.0
0.5037705227026238,0.1696675630501805,1.0,0.0
0.5037705227026238,0.17263514057663876,1.0,0.0
0.5037705227026238,0.17560271810309702,1.0,0.0
0.5037705227026238,0.17857029562955526,1.0,0.0
0.5037705227026238,0.18153787315601352,1.0,0.0
0.5037705227026238,0.1845054506824718,1.0,0.0
0.5037705227026238,0.18747302820893003,1.0,0.0
0.5037705227026238,0.1904406057353883,1.0,0.0
0.5037705227026238,0.19340818326184656,1.0,0.0
0.5037705227026238,0.19637576078830482,1.0,0.0
0.5037705227026238,0.19934333831476309,1.0,0.0
0.5037705227026238,0.20231091584122132,1.0,0.0
0.5037705227026238,0.2052784933676796,1.0,0.0
0.5037705227026238,0.20824607089413785,1.0,0.0
0.5037705227026238,0.2112136484205961,1.0,0.0
0.5037705227026238,0.21418122594705435,1.0,0.0
0.5037705227026238,0.21714880347351262,1.0,0.0
0.5037705227026238,0.22011638099997088,1.0,0.0
0.5037705227026238,0.22308395852642915,1.0,0.0
0.5037705227026238,0.2260515360528874,1.0,0.0
0.5067381002290821,0.06580234962414147,1.0,0.0
0.5067381002290821,0.06876992715059972,1.0,0.0
0.5067381002290821,0.07173750467705797,1.0,0.0
0.5067381002290821,0.07470508220351624,1.0,0.0
0.5067381002290821,0.0776726597299745,1.0,0.0
0.5067381002290821,0.08064023725643275,1.0,0.0
0.5067381002290821,0.083607814782891,1.0,0.0
0.5067381002290821,0.08657539230934927,1.0,0.0
0.5067381002290821,0.08954296983580753,1.0,0.0
0.5067381002290821,0.09251054736226579,1.0,0.0
0.5067381002290821,0.09547812488872404,1.0,0.0
0.5067381002290821,0.0984457024151823,1.0,0.0
0.5067381002290821,0.10141327994164057,1.0,0.0
0.5067381002290821,0.10438085746809882,1.0,0.0
0.5067381002290821,0.10734843499455707,1.0,0.0
0.5067381002290821,0.11031601252101533,1.0,0.0
0.5067381002290821,0.1132835900474736,1.0,0.0
0.5067381002290821,0.11625116757393185,1.0,0.0
0.5067381002290821,0.1192187451003901,1.0,0.0
0.5067381002290821,0.12218632262684836,1.0,0.0
0.5067381002290821,0.12515390015330663,1.0,0.0
0.5067381002290821,0.1281214776797649,1.0,0.0
0.5067381002290821,0.13108905520622313,1.0,0.0
0.5067381002290821,0.1340566327326814,1.0,0.0
0.5067381002290821,0.13702421025913966,1.0,0.0
0.5067381002290821,0.1399917877855979,1.0,0.0
0.5067381002290821,0.14295936531205616,1.0,0.0
0.5067381002290821,0.14592694283851443,1.0,0.0
0.5067381002290821,0.1488945203649727,1.0,0.0
0.5067381002290821,0.15186209789143096,1.0,0.0
0.5067381002290821,0.1548296754178892,1.0,0.0
0.5067381002290821,0.15779725294434746,1.0,0.0
0.5067381002290821,0.16076483047080573,1.0,0.0
0.5067381002290821,0.16373240799726396,1.0,0.0
0.5067381002290821,0.16669998552372223,1.0,0.0
0.5067381002290821,0.1696675630501805,1.0,0.0
0.5067381002290821,0.17263514057663876,1.0,0.0
0.5067381002290821,0.17560271810309702,1.0,0.0
0.5067381002290821,0.17857029562955526,1.0,0.0
0.5067381002290821,0.18153787315601352,1.0,0.0
0.5067381002290821,0.1845054506824718,1.0,0.0
0.5067381002290821,0.18747302820893003,1.0,0.0
0.5067381002290821,0.1904406057353883,1.0,0.0
0.5067381002290821,0.19340818326184656,1.0,0.0
0.5067381002290821,0.19637576078830482,1.0,0.0
0.5067381002290821,0.19934333831476309,1.0,0.0
0.5067381002290821,0.20231091584122132,1.0,0.0
0.5067381002290821,0.2052784933676796,1.0,0.0
0.5067381002290821,0.20824607089413785,1.0,0.0
0.5067381002290821,0.2112136484205961,1.0,0.0
0.5067381002290821,0.21418122594705435,1.0,0.0
0.5067381002290821,0.21714880347351262,1.0,0.0
0.5067381002290821,0.22011638099997088,1.0,0.0
0.5067381002290821,0.22308395852642915,1.0,0.0
0.5067381002290821,0.2260515360528874,1.0,0.0
0.5097056777555403,0.0628347720976832,1.0,0.0
0.5097056777555403,0.06580234962414147,1.0,0.0
0.5097056777555403,0.06876992715059972,1.0,0.0
0.5097056777555403,0.07173750467705797,1.0,0.0
0.5097056777555403,0.07470508220351624,1.0,0.0
0.5097056777555403,0.0776726597299745,1.0,0.0
0.5097056777555403,0.08064023725643275,1.0,0.0
0.5097056777555403,0.083607814782891,1.0,0.0
0.5097056777555403,0.08657539230934927,1.0,0.0
0.5097056777555403,0.08954296983580753,1.0,0.0
0.5097056777555403,0.09251054736226579,1.0,0.0
0.5097056777555403,0.09547812488872404,1.0,0.0
0.5097056777555403,0.0984457024151823,1.0,0.0
0.5097056777555403,0.10141327994164057,1.0,0.0
0.5097056777555403,0.10438085746809882,1.0,0.0
0.5097056777555403,0.10734843499455707,1.0,0.0
0.5097056777555403,0.11031601252101533,1.0,0.0
0.5097056777555403,0.1132835900474736,1.0,0.0
0.5097056777555403,0.11625116757393185,1.0,0.0
0.5097056777555403,0.1192187451003901,1.0,0.0
0.5097056777555403,0.12218632262684836,1.0,0.0
0.5097056777555403,0.12515390015330663,1.0,0.0
0.5097056777555403,0.1281214776797649,1.0,0.0
0.5097056777555403,0.13108905520622313,1.0,0.0
0.5097056777555403,0.1340566327326814,1.0,0.0
0.5097056777555403,0.13702421025913966,1.0,0.0
0.5097056777555403,0.1399917877855979,1.0,0.0
0.5097056777555403,0.14295936531205616,1.0,0.0
0.5097056777555403,0.14592694283851443,1.0,0.0
0.5097056777555403,0.1488945203649727,1.0,0.0
0.5097056777555403,0.15186209789143096,1.0,0.0
0.5097056777555403,0.1548296754178892,1.0,0.0
0.5097056777555403,0.15779725294434746,1.0,0.0
0.5097056777555403,0.16076483047080573,1.0,0.0
0.5097056777555403,0.16373240799726396,1.0,0.0
0.5097056777555403,0.16669998552372223,1.0,0.0
0.5097056777555403,0.1696675630501805,1.0,0.0
0.5097056777555403,0.17263514057663876,1.0,0.0
0.5097056777555403,0.17560271810309702,1.0,0.0
0.5097056777555403,0.17857029562955526,1.0,0.0
0.5097056777555403,0.18153787315601352,1.0,0.0
0.5097056777555403,0.1845054506824718,1.0,0.0
0.5097056777555403,0.18747302820893003,1.0,0.0
0.5097056777555403,0.1904406057353883,1.0,0.0
0.5097056777555403,0.19340818326184656,1.0,0.0
0.5097056777555403,0.19637576078830482,1.0,0.0
0.5097056777555403,0.19934333831476309,1.0,0.0
0.5097056777555403,0.20231091584122132,1.0,0.0
0.5097056777555403,0.2052784933676796,1.0,0.0
0.5097056777555403,0.20824607089413785,1.0,0.0
0.5097056777555403,0.2112136484205961,1.0,0.0
0.5097056777555403,0.21418122594705435,1.0,0.0
0.5097056777555403,0.21714880347351262,1.0,0.0
0.5097056777555403,0.22011638099997088,1.0,0.0
0.5097056777555403,0.22308395852642915,1.0,0.0
0.5126732552819986,0.05986719457122495,1.0,0.0
0.5126732552819986,0.0628347720976832,1.0,0.0
0.5126732552819986,0.06580234962414147,1.0,0.0
0.5126732552819986,0.06876992715059972,1.0,0.0
0.5126732552819986,0.07173750467705797,1.0,0.0
0.5126732552819986,0.07470508220351624,1.0,0.0
0.5126732552819986,0.0776726597299745,1.0,0.0
0.5126732552819986,0.08064023725643275,1.0,0.0
0.5126732552819986,0.083607814782891,1.0,0.0
0.5126732552819986,0.08657539230934927,1.0,0.0
0.5126732552819986,0.08954296983580753,1.0,0.0
0.5126732552819986,0.09251054736226579,1.0,0.0
0.5126732552819986,0.09547812488872404,1.0,0.0
0.5126732552819986,0.0984457024151823,1.0,0.0
0.5126732552819986,0.10141327994164057,1.0,0.0
0.5126732552819986,0.10438085746809882,1.0,0.0
0.5126732552819986,0.10734843499455707,1.0,0.0
0.5126732552819986,0.11031601252101533,1.0,0.0
0.5126732552819986,0.1132835900474736,1.0,0.0
0.5126732552819986,0.11625116757393185,1.0,0.0
0.5126732552819986,0.1192187451003901,1.0,0.0
0.5126732552819986,0.12218632262684836,1.0,0.0
0.5126732552819986,0.12515390015330663,1.0,0.0
0.5126732552819986,0.1281214776797649,1.0,0.0
0.5126732552819986,0.13108905520622313,1.0,0.0
0.5126732552819986,0.1340566327326814,1.0,0.0
0.5126732552819986,0.13702421025913966,1.0,0.0
0.5126732552819986,0.1399917877855979,1.0,0.0
0.5126732552819986,0.14295936531205616,1.0,0.0
0.5126732552819986,0.14592694283851443,1.0,0.0
0.5126732552819986,0.1488945203649727,1.0,0.0
0.5126732552819986,0.15186209789143096,1.0,0.0
0.5126732552819986,0.1548296754178892,1.0,0.0
0.5126732552819986,0.15779725294434746,1.0,0.0
0.5126732552819986,0.16076483047080573,1.0,0.0
0.5126732552819986,0.16373240799726396,1.0,0.0
0.5126732552819986,0.16669998552372223,1.0,0.0
0.5126732552819986,0.1696675630501805,1.0,0.0
0.5126732552819986,0.17263514057663876,1.0,0.0
0.5126732552819986,0.17560271810309702,1.0,0.0
0.5126732552819986,0.17857029562955526,1.0,0.0
0.5126732552819986,0.18153787315601352,1.0,0.0
0.5126732552819986,0.1845054506824718,1.0,0.0
0.5126732552819986,0.18747302820893003,1.0,0.0
0.5126732552819986,0.1904406057353883,1.0,0.0
0.5126732552819986,0.19340818326184656,1.0,0.0
0.5126732552819986,0.19637576078830482,1.0,0.0
0.5126732552819986,0.19934333831476309,1.0,0.0
0.5126732552819986,0.20231091584122132,1.0,0.0
0.5126732552819986,0.2052784933676796,1.0,0.0
0.5126732552819986,0.20824607089413785,1.0,0.0
0.5126732552819986,0.2112136484205961,1.0,0.0
0.5126732552819986,0.21418122594705435,1.0,0.0
0.5126732552819986,0.21714880347351262,1.0,0.0
0.5126732552819986,0.22011638099997088,1.0,0.0
0.5156408328084569,0.05689961704476669,1.0,0.0
0.5156408328084569,0.05986719457122495,1.0,0.0
0.5156408328084569,0.0628347720976832,1.0,0.0
0.5156408328084569,0.06580234962414147,1.0,0.0
0.5156408328084569,0.06876992715059972,1.0,0.0
0.5156408328084569,0.07173750467705797,1.0,0.0
0.5156408328084569,0.07470508220351624,1.0,0.0
0.5156408328084569,0.0776726597299745,1.0,0.0
0.5156408328084569,0.08064023725643275,1.0,0.0
0.5156408328084569,0.083607814782891,1.0,0.0
0.5156408328084569,0.08657539230934927,1.0,0.0
0.5156408328084569,0.08954296983580753,1.0,0.0
0.5156408328084569,0.09251054736226579,1.0,0.0
0.5156408328084569,0.09547812488872404,1.0,0.0
0.5156408328084569,0.0984457024151823,1.0,0.0
0.5156408328084569,0.10141327994164057,1.0,0.0
0.5156408328084569,0.10438085746809882,1.0,0.0
0.5156408328084569,0.10734843499455707,1.0,0.0
0.5156408328084569,0.11031601252101533,1.0,0.0
0.5156408328084569,0.1132835900474736,1.0,0.0
0.5156408328084569,0.11625116757393185,1.0,0.0
0.5156408328084569,0.1192187451003901,1.0,0.0
0.5156408328084569,0.12218632262684836,1.0,0.0
0.5156408328084569,0.12515390015330663,1.0,0.0
0.5156408328084569,0.1281214776797649,1.0,0.0
0.5156408328084569,0.13108905520622313,1.0,0.0
0.5156408328084569,0.1340566327326814,1.0,0.0
0.5156408328084569,0.13702421025913966,1.0,0.0
0.5156408328084569,0.1399917877855979,1.0,0.0
0.5156408328084569,0.14295936531205616,1.0,0.0
0.5156408328084569,0.14592694283851443,1.0,0.0
0.5156408328084569,0.1488945203649727,1.0,0.0
0.5156408328084569,0.15186209789143096,1.0,0.0
0.5156408328084569,0.1548296754178892,1.0,0.0
0.5156408328084569,0.15779725294434746,1.0,0.0
0.5156408328084569,0.16076483047080573,1.0,0.0
0.5156408328084569,0.16373240799726396,1.0,0.0
0.5156408328084569,0.16669998552372223,1.0,0.0
0.5156408328084569,0.1696675630501805,1.0,0.0
0.5156408328084569,0.17263514057663876,1.0,0.0
0.5156408328084569,0.17560271810309702,1.0,0.0
0.5156408328084569,0.17857029562955526,1.0,0.0
0.5156408328084569,0.18153787315601352,1.0,0.0
0.5156408328084569,0.1845054506824718,1.0,0.0
0.5156408328084569,0.18747302820893003,1.0,0.0
0.5156408328084569,0.1904406057353883,1.0,0.0
0.5156408328084569,0.19340818326184656,1.0,0.0
0.5156408328084569,0.19637576078830482,1.0,0.0
0.5156408328084569,0.19934333831476309,1.0,0.0
0.5156408328084569,0.20231091584122132,1.0,0.0
0.5156408328084569,0.2052784933676796,1.0,0.0
0.5156408328084569,0.20824607089413785,1.0,0.0
0.5156408328084569,0.2112136484205961,1.0,0.0
0.5156408328084569,0.21418122594705435,1.0,0.0
0.5156408328084569,0.21714880347351262,1.0,0.0
0.5186084103349151,0.05689961704476669,1.0,0.0
0.5186084103349151,0.05986719457122495,1.0,0.0
0.5186084103349151,0.0628347720976832,1.0,0.0
0.5186084103349151,0.06580234962414147,1.0,0.0
0.5186084103349151,0.06876992715059972,1.0,0.0
0.5186084103349151,0.07173750467705797,1.0,0.0
0.5186084103349151,0.07470508220351624,1.0,0.0
0.5186084103349151,0.0776726597299745,1.0,0.0
0.5186084103349151,0.08064023725643275,1.0,0.0
0.5186084103349151,0.083607814782891,1.0,0.0
0.5186084103349151,0.08657539230934927,1.0,0.0
0.5186084103349151,0.08954296983580753,1.0,0.0
0.5186084103349151,0.09251054736226579,1.0,0.0
0.5186084103349151,0.09547812488872404,1.0,0.0
0.5186084103349151,0.0984457024151823,1.0,0.0
0.5186084103349151,0.10141327994164057,1.0,0.0
0.5186084103349151,0.10438085746809882,1.0,0.0
0.5186084103349151,0.10734843499455707,1.0,0.0
0.5186084103349151,0.11031601252101533,1.0,0.0
0.5186084103349151,0.1132835900474736,1.0,0.0
0.5186084103349151,0.11625116757393185,1.0,0.0
0.5186084103349151,0.1192187451003901,1.0,0.0
0.5186084103349151,0.12218632262684836,1.0,0.0
0.5186084103349151,0.12515390015330663,1.0,0.0
0.5186084103349151,0.1281214776797649,1.0,0.0
0.5186084103349151,0.13108905520622313,1.0,0.0
0.5186084103349151,0.1340566327326814,1.0,0.0
0.5186084103349151,0.13702421025913966,1.0,0.0
0.5186084103349151,0.1399917877855979,1.0,0.0
0.5186084103349151,0.14295936531205616,1.0,0.0
0.5186084103349151,0.14592694283851443,1.0,0.0
0.5186084103349151,0.1488945203649727,1.0,0.0
0.5186084103349151,0.15186209789143096,1.0,0.0
0.5186084103349151,0.1548296754178892,1.0,0.0
0.5186084103349151,0.15779725294434746,1.0,0.0
0.5186084103349151,0.16076483047080573,1.0,0.0
0.5186084103349151,0.16373240799726396,1.0,0.0
0.5186084103349151,0.16669998552372223,1.0,0.0
0.5186084103349151,0.1696675630501805,1.0,0.0
0.5186084103349151,0.17263514057663876,1.0,0.0
0.5186084103349151,0.17560271810309702,1.0,0.0
0.5186084103349151,0.17857029562955526,1.0,0.0
0.5186084103349151,0.18153787315601352,1.0,0.0
0.5186084103349151,0.1845054506824718,1.0,0.0
0.5186084103349151,0.18747302820893003,1.0,0.0
0.5186084103349151,0.1904406057353883,1.0,0.0
0.5186084103349151,0.19340818326184656,1.0,0.0
0.5186084103349151,0.19637576078830482,1.0,0.0
0.5186084103349151,0.19934333831476309,1.0,0.0
0.5186084103349151,0.20231091584122132,1.0,0.0
0.5186084103349151,0.2052784933676796,1.0,0.0
0.5186084103349151,0.20824607089413785,1.0,0.0
0.5215759878613734,0.05393203951830843,1.0,0.0
0.5215759878613734,0.05689961704476669,1.0,0.0
0.5215759878613734,0.05986719457122495,1.0,0.0
0.5215759878613734,0.0628347720976832,1.0,0.0
0.5215759878613734,0.06580234962414147,1.0,0.0
0.5215759878613734,0.06876992715059972,1.0,0.0
0.5215759878613734,0.07173750467705797,1.0,0.0
0.5215759878613734,0.07470508220351624,1.0,0.0
0.5215759878613734,0.0776726597299745,1.0,0.0
0.5215759878613734,0.08064023725643275,1.0,0.0
0.5215759878613734,0.083607814782891,1.0,0.0
0.5215759878613734,0.08657539230934927,1.0,0.0
0.5215759878613734,0.08954296983580753,1.0,0.0
0.5215759878613734,0.09251054736226579,1.0,0.0
0.5215759878613734,0.09547812488872404,1.0,0.0
0.5215759878613734,0.0984457024151823,1.0,0.0
0.5215759878613734,0.10141327994164057,1.0,0.0
0.5215759878613734,0.10438085746809882,1.0,0.0
0.5215759878613734,0.10734843499455707,1.0,0.0
0.5215759878613734,0.11031601252101533,1.0,0.0
0.5215759878613734,0.1132835900474736,1.0,0.0
0.5215759878613734,0.11625116757393185,1.0,0.0
0.5215759878613734,0.1192187451003901,1.0,0.0
0.5215759878613734,0.12218632262684836,1.0,0.0
0.5215759878613734,0.12515390015330663,1.0,0.0
0.5215759878613734,0.1281214776797649,1.0,0.0
0.5215759878613734,0.13108905520622313,1.0,0.0
0.5215759878613734,0.1340566327326814,1.0,0.0
0.5215759878613734,0.13702421025913966,1.0,0.0
0.5215759878613734,0.1399917877855979,1.0,0.0
0.5215759878613734,0.14295936531205616,1.0,0.0
0.5215759878613734,0.14592694283851443,1.0,0.0
0.5215759878613734,0.1488945203649727,1.0,0.0
0.5215759878613734,0.15186209789143096,1.0,0.0
0.5215759878613734,0.1548296754178892,1.0,0.0
0.5215759878613734,0.15779725294434746,1.0,0.0
0.5215759878613734,0.16076483047080573,1.0,0.0
0.5215759878613734,0.16373240799726396,1.0,0.0
0.5215759878613734,0.16669998552372223,1.0,0.0
0.5215759878613734,0.1696675630501805,1.0,0.0
0.5215759878613734,0.17263514057663876,1.0,0.0
0.5215759878613734,0.17560271810309702,1.0,0.0
0.5215759878613734,0.17857029562955526,1.0,0.0
0.5215759878613734,0.18153787315601352,1.0,0.0
0.5215759878613734,0.1845054506824718,1.0,0.0
0.5215759878613734,0.18747302820893003,1.0,0.0
0.5215759878613734,0.1904406057353883,1.0,0.0
0.5215759878613734,0.19340818326184656,1.0,0.0
0.5215759878613734,0.19637576078830482,1.0,0.0
0.5215759878613734,0.19934333831476309,1.0,0.0
0.5215759878613734,0.20231091584122132,1.0,0.0
0.5245435653878316,0.05393203951830843,1.0,0.0
0.5245435653878316,0.05689961704476669,1.0,0.0
0.5245435653878316,0.05986719457122495,1.0,0.0
0.5245435653878316,0.0628347720976832,1.0,0.0
0.5245435653878316,0.06580234962414147,1.0,0.0
0.5245435653878316,0.06876992715059972,1.0,0.0
0.5245435653878316,0.07173750467705797,1.0,0.0
0.5245435653878316,0.07470508220351624,1.0,0.0
0.5245435653878316,0.0776726597299745,1.0,0.0
0.5245435653878316,0.08064023725643275,1.0,0.0
0.5245435653878316,0.083607814782891,1.0,0.0
0.5245435653878316,0.08657539230934927,1.0,0.0
0.5245435653878316,0.08954296983580753,1.0,0.0
0.5245435653878316,0.09251054736226579,1.0,0.0
0.5245435653878316,0.09547812488872404,1.0,0.0
0.5245435653878316,0.0984457024151823,1.0,0.0
0.5245435653878316,0.10141327994164057,1.0,0.0
0.5245435653878316,0.10438085746809882,1.0,0.0
0.5245435653878316,0.10734843499455707,1.0,0.0
0.5245435653878316,0.11031601252101533,1.0,0.0
0.5245435653878316,0.1132835900474736,1.0,0.0
0.5245435653878316,0.11625116757393185,1.0,0.0
0.5245435653878316,0.1192187451003901,1.0,0.0
0.5245435653878316,0.12218632262684836,1.0,0.0
0.5245435653878316,0.12515390015330663,1.0,0.0
0.5245435653878316,0.1281214776797649,1.0,0.0
0.5245435653878316,0.13108905520622313,1.0,0.0
0.5245435653878316,0.1340566327326814,1.0,0.0
0.5245435653878316,0.13702421025913966,1.0,0.0
0.5245435653878316,0.1399917877855979,1.0,0.0
0.5245435653878316,0.14295936531205616,1.0,0.0
0.5245435653878316,0.14592694283851443,1.0,0.0
0.5245435653878316,0.1488945203649727,1.0,0.0
0.5245435653878316,0.15186209789143096,1.0,0.0
0.5245435653878316,0.1548296754178892,1.0,0.0
0.5245435653878316,0.15779725294434746,1.0,0.0
0.5245435653878316,0.16076483047080573,1.0,0.0
0.5245435653878316,0.16373240799726396,1.0,0.0
0.5245435653878316,0.16669998552372223,1.0,0.0
0.5245435653878316,0.1696675630501805,1.0,0.0
0.5245435653878316,0.17263514057663876,1.0,0.0
0.5245435653878316,0.17560271810309702,1.0,0.0
0.5245435653878316,0.17857029562955526,1.0,0.0
0.5245435653878316,0.18153787315601352,1.0,0.0
0.5245435653878316,0.1845054506824718,1.0,0.0
0.5245435653878316,0.18747302820893003,1.0,0.0
0.5245435653878316,0.1904406057353883,1.0,0.0
0.5245435653878316,0.19340818326184656,1.0,0.0
0.5245435653878316,0.19637576078830482,1.0,0.0
0.5245435653878316,0.19934333831476309,1.0,0.0
0.5275111429142899,0.050964461991850174,1.0,0.0
0.5275111429142899,0.05393203951830843,1.0,0.0
0.5275111429142899,0.05689961704476669,1.0,0.0
0.5275111429142899,0.05986719457122495,1.0,0.0
0.5275111429142899,0.0628347720976832,1.0,0.0
0.5275111429142899,0.06580234962414147,1.0,0.0
0.5275111429142899,0.06876992715059972,1.0,0.0
0.5275111429142899,0.07173750467705797,1.0,0.0
0.5275111429142899,0.07470508220351624,1.0,0.0
0.5275111429142899,0.0776726597299745,1.0,0.0
0.5275111429142899,0.08064023725643275,1.0,0.0
0.5275111429142899,0.083607814782891,1.0,0.0
0.5275111429142899,0.08657539230934927,1.0,0.0
0.5275111429142899,0.08954296983580753,1.0,0.0
0.5275111429142899,0.09251054736226579,1.0,0.0
0.5275111429142899,0.09547812488872404,1.0,0.0
0.5275111429142899,0.0984457024151823,1.0,0.0
0.5275111429142899,0.10141327994164057,1.0,0.0
0.5275111429142899,0.10438085746809882,1.0,0.0
0.5275111429142899,0.10734843499455707,1.0,0.0
0.5275111429142899,0.11031601252101533,1.0,0.0
0.5275111429142899,0.1132835900474736,1.0,0.0
0.5275111429142899,0.11625116757393185,1.0,0.0
0.5275111429142899,0.1192187451003901,1.0,0.0
0.5275111429142899,0.12218632262684836,1.0,0.0
0.5275111429142899,0.12515390015330663,1.0,0.0
0.5275111429142899,0.1281214776797649,1.0,0.0
0.5275111429142899,0.13108905520622313,1.0,0.0
0.5275111429142899,0.1340566327326814,1.0,0.0
0.5275111429142899,0.13702421025913966,1.0,0.0
0.5275111429142899,0.1399917877855979,1.0,0.0
0.5275111429142899,0.14295936531205616,1.0,0.0
0.5275111429142899,0.14592694283851443,1.0,0.0
0.5275111429142899,0.1488945203649727,1.0,0.0
0.5275111429142899,0.15186209789143096,1.0,0.0
0.5275111429142899,0.1548296754178892,1.0,0.0
0.5275111429142899,0.15779725294434746,1.0,0.0
0.5275111429142899,0.16076483047080573,1.0,0.0
0.5275111429142899,0.16373240799726396,1.0,0.0
0.5275111429142899,0.16669998552372223,1.0,0.0
0.5275111429142899,0.1696675630501805,1.0,0.0
0.5275111429142899,0.17263514057663876,1.0,0.0
0.5275111429142899,0.17560271810309702,1.0,0.0
0.5275111429142899,0.17857029562955526,1.0,0.0
0.5275111429142899,0.18153787315601352,1.0,0.0
0.5275111429142899,0.1845054506824718,1.0,0.0
0.5275111429142899,0.18747302820893003,1.0,0.0
0.5275111429142899,0.1904406057353883,1.0,0.0
0.5275111429142899,0.19340818326184656,1.0,0.0
0.5275111429142899,0.19637576078830482,1.0,0.0
0.5275111429142899,0.19934333831476309,1.0,0.0
0.5275111429142899,0.20231091584122132,1.0,0.0
0.5304787204407482,0.050964461991850174,1.0,0.0
0.5304787204407482,0.05393203951830843,1.0,0.0
0.5304787204407482,0.05689961704476669,1.0,0.0
0.5304787204407482,0.05986719457122495,1.0,0.0
0.5304787204407482,0.0628347720976832,1.0,0.0
0.5304787204407482,0.06580234962414147,1.0,0.0
0.5304787204407482,0.06876992715059972,1.0,0.0
0.5304787204407482,0.07173750467705797,1.0,0.0
0.5304787204407482,0.07470508220351624,1.0,0.0
0.5304787204407482,0.0776726597299745,1.0,0.0
0.5304787204407482,0.08064023725643275,1.0,0.0
0.5304787204407482,0.083607814782891,1.0,0.0
0.5304787204407482,0.08657539230934927,1.0,0.0
0.5304787204407482,0.08954296983580753,1.0,0.0
0.5304787204407482,0.09251054736226579,1.0,0.0
0.5304787204407482,0.09547812488872404,1.0,0.0
0.5304787204407482,0.0984457024151823,1.0,0.0
0.5304787204407482,0.10141327994164057,1.0,0.0
0.5304787204407482,0.10438085746809882,1.0,0.0
0.5304787204407482,0.10734843499455707,1.0,0.0
0.5304787204407482,0.11031601252101533,1.0,0.0
0.5304787204407482,0.1132835900474736,1.0,0.0
0.5304787204407482,0.11625116757393185,1.0,0.0
0.5304787204407482,0.1192187451003901,1.0,0.0
0.5304787204407482,0.12218632262684836,1.0,0.0
0.5304787204407482,0.12515390015330663,1.0,0.0
0.5304787204407482,0.1281214776797649,1.0,0.0
0.5304787204407482,0.13108905520622313,1.0,0.0
0.5304787204407482,0.1340566327326814,1.0,0.0
0.5304787204407482,0.13702421025913966,1.0,0.0
0.5304787204407482,0.1399917877855979,1.0,0.0
0.5304787204407482,0.14295936531205616,1.0,0.0
0.5304787204407482,0.14592694283851443,1.0,0.0
0.5304787204407482,0.1488945203649727,1.0,0.0
0.5304787204407482,0.15186209789143096,1.0,0.0
0.5304787204407482,0.1548296754178892,1.0,0.0
0.5304787204407482,0.15779725294434746,1.0,0.0
0.5304787204407482,0.16076483047080573,1.0,0.0
0.5304787204407482,0.16373240799726396,1.0,0.0
0.5304787204407482,0.16669998552372223,1.0,0.0
0.5304787204407482,0.1696675630501805,1.0,0.0
0.5304787204407482,0.17263514057663876,1.0,0.0
0.5304787204407482,0.17560271810309702,1.0,0.0
0.5304787204407482,0.17857029562955526,1.0,0.0
0.5304787204407482,0.18153787315601352,1.0,0.0
0.5304787204407482,0.1845054506824718,1.0,0.0
0.5304787204407482,0.18747302820893003,1.0,0.0
0.5304787204407482,0.1904406057353883,1.0,0.0
0.5304787204407482,0.19340818326184656,1.0,0.0
0.5304787204407482,0.19637576078830482,1.0,0.0
0.5304787204407482,0.19934333831476309,1.0,0.0
0.5304787204407482,0.20231091584122132,1.0,0.0
0.5334462979672064,0.050964461991850174,1.0,0.0
0.5334462979672064,0.05393203951830843,1.0,0.0
0.5334462979672064,0.05689961704476669,1.0,0.0
0.5334462979672064,0.05986719457122495,1.0,0.0
0.5334462979672064,0.0628347720976832,1.0,0.0
0.5334462979672064,0.06580234962414147,1.0,0.0
0.5334462979672064,0.06876992715059972,1.0,0.0
0.5334462979672064,0.07173750467705797,1.0,0.0
0.5334462979672064,0.07470508220351624,1.0,0.0
0.5334462979672064,0.0776726597299745,1.0,0.0
0.5334462979672064,0.08064023725643275,1.0,0.0
0.5334462979672064,0.083607814782891,1.0,0.0
0.5334462979672064,0.08657539230934927,1.0,0.0
0.5334462979672064,0.08954296983580753,1.0,0.0
0.5334462979672064,0.09251054736226579,1.0,0.0
0.5334462979672064,0.09547812488872404,1.0,0.0
0.5334462979672064,0.0984457024151823,1.0,0.0
0.5334462979672064,0.10141327994164057,1.0,0.0
0.5334462979672064,0.10438085746809882,1.0,0.0
0.5334462979672064,0.10734843499455707,1.0,0.0
0.5334462979672064,0.11031601252101533,1.0,0.0
0.5334462979672064,0.1132835900474736,1.0,0.0
0.5334462979672064,0.11625116757393185,1.0,0.0
0.5334462979672064,0.1192187451003901,1.0,0.0
0.5334462979672064,0.12218632262684836,1.0,0.0
0.5334462979672064,0.12515390015330663,1.0,0.0
0.5334462979672064,0.1281214776797649,1.0,0.0
0.5334462979672064,0.13108905520622313,1.0,0.0
0.5334462979672064,0.1340566327326814,1.0,0.0
0.5334462979672064,0.13702421025913966,1.0,0.0
0.5334462979672064,0.1399917877855979,1.0,0.0
0.5334462979672064,0.14295936531205616,1.0,0.0
0.5334462979672064,0.14592694283851443,1.0,0.0
0.5334462979672064,0.1488945203649727,1.0,0.0
0.5334462979672064,0.15186209789143096,1.0,0.0
0.5334462979672064,0.1548296754178892,1.0,0.0
0.5334462979672064,0.15779725294434746,1.0,0.0
0.5334462979672064,0.16076483047080573,1.0,0.0
0.5334462979672064,0.16373240799726396,1.0,0.0
0.5334462979672064,0.16669998552372223,1.0,0.0
0.5334462979672064,0.1696675630501805,1.0,0.0
0.5334462979672064,0.17263514057663876,1.0,0.0
0.5334462979672064,0.17560271810309702,1.0,0.0
0.5334462979672064,0.17857029562955526,1.0,0.0
0.5334462979672064,0.18153787315601352,1.0,0.0
0.5334462979672064,0.1845054506824718,1.0,0.0
0.5334462979672064,0.18747302820893003,1.0,0.0
0.5334462979672064,0.1904406057353883,1.0,0.0
0.5334462979672064,0.19340818326184656,1.0,0.0
0.5334462979672064,0.19637576078830482,1.0,0.0
0.5334462979672064,0.19934333831476309,1.0,0.0
0.5364138754936647,0.050964461991850174,1.0,0.0
0.5364138754936647,0.05393203951830843,1.0,0.0
0.5364138754936647,0.05689961704476669,1.0,0.0
0.5364138754936647,0.05986719457122495,1.0,0.0
0.5364138754936647,0.0628347720976832,1.0,0.0
0.5364138754936647,0.06580234962414147,1.0,0.0
0.5364138754936647,0.06876992715059972,1.0,0.0
0.5364138754936647,0.07173750467705797,1.0,0.0
0.5364138754936647,0.07470508220351624,1.0,0.0
0.5364138754936647,0.0776726597299745,1.0,0.0
0.5364138754936647,0.08064023725643275,1.0,0.0
0.5364138754936647,0.083607814782891,1.0,0.0
0.5364138754936647,0.08657539230934927,1.0,0.0
0.5364138754936647,0.08954296983580753,1.0,0.0
0.5364138754936647,0.09251054736226579,1.0,0.0
0.5364138754936647,0.09547812488872404,1.0,0.0
0.5364138754936647,0.0984457024151823,1.0,0.0
0.5364138754936647,0.10141327994164057,1.0,0.0
0.5364138754936647,0.10438085746809882,1.0,0.0
0.5364138754936647,0.10734843499455707,1.0,0.0
0.5364138754936647,0.11031601252101533,1.0,0.0
0.5364138754936647,0.1132835900474736,1.0,0.0
0.5364138754936647,0.11625116757393185,1.0,0.0
0.5364138754936647,0.1192187451003901,1.0,0.0
0.5364138754936647,0.12218632262684836,1.0,0.0
0.5364138754936647,0.12515390015330663,1.0,0.0
0.5364138754936647,0.1281214776797649,1.0,0.0
0.5364138754936647,0.13108905520622313,1.0,0.0
0.5364138754936647,0.1340566327326814,1.0,0.0
0.5364138754936647,0.13702421025913966,1.0,0.0
0.5364138754936647,0.1399917877855979,1.0,0.0
0.5364138754936647,0.14295936531205616,1.0,0.0
0.5364138754936647,0.14592694283851443,1.0,0.0
0.5364138754936647,0.1488945203649727,1.0,0.0
0.5364138754936647,0.15186209789143096,1.0,0.0
0.5364138754936647,0.1548296754178892,1.0,0.0
0.5364138754936647,0.15779725294434746,1.0,0.0
0.5364138754936647,0.16076483047080573,1.0,0.0
0.5364138754936647,0.16373240799726396,1.0,0.0
0.5364138754936647,0.16669998552372223,1.0,0.0
0.5364138754936647,0.1696675630501805,1.0,0.0
0.5364138754936647,0.17263514057663876,1.0,0.0
0.5364138754936647,0.17560271810309702,1.0,0.0
0.5364138754936647,0.17857029562955526,1.0,0.0
0.5364138754936647,0.18153787315601352,1.0,0.0
0.5364138754936647,0.1845054506824718,1.0,0.0
0.5364138754936647,0.18747302820893003,1.0,0.0
0.5364138754936647,0.1904406057353883,1.0,0.0
0.5364138754936647,0.19340818326184656,1.0,0.0
0.5364138754936647,0.19637576078830482,1.0,0.0
0.5364138754936647,0.19934333831476309,1.0,0.0
0.539381453020123,0.050964461991850174,1.0,0.0
0.539381453020123,0.05393203951830843,1.0,0.0
0.539381453020123,0.05689961704476669,1.0,0.0
0.539381453020123,0.05986719457122495,1.0,0.0
0.539381453020123,0.0628347720976832,1.0,0.0
0.539381453020123,0.06580234962414147,1.0,0.0
0.539381453020123,0.06876992715059972,1.0,0.0
0.539381453020123,0.07173750467705797,1.0,0.0
0.539381453020123,0.07470508220351624,1.0,0.0
0.539381453020123,0.0776726597299745,1.0,0.0
0.539381453020123,0.08064023725643275,1.0,0.0
0.539381453020123,0.083607814782891,1.0,0.0
0.539381453020123,0.08657539230934927,1.0,0.0
0.539381453020123,0.08954296983580753,1.0,0.0
0.539381453020123,0.09251054736226579,1.0,0.0
0.539381453020123,0.09547812488872404,1.0,0.0
0.539381453020123,0.0984457024151823,1.0,0.0
0.539381453020123,0.10141327994164057,1.0,0.0
0.539381453020123,0.10438085746809882,1.0,0.0
0.539381453020123,0.10734843499455707,1.0,0.0
0.539381453020123,0.11031601252101533,1.0,0.0
0.539381453020123,0.1132835900474736,1.0,0.0
0.539381453020123,0.11625116757393185,1.0,0.0
0.539381453020123,0.1192187451003901,1.0,0.0
0.539381453020123,0.12218632262684836,1.0,0.0
0.539381453020123,0.12515390015330663,1.0,0.0
0.539381453020123,0.1281214776797649,1.0,0.0
0.539381453020123,0.13108905520622313,1.0,0.0
0.539381453020123,0.1340566327326814,1.0,0.0
0.539381453020123,0.13702421025913966,1.0,0.0
0.539381453020123,0.1399917877855979,1.0,0.0
0.539381453020123,0.14295936531205616,1.0,0.0
0.539381453020123,0.14592694283851443,1.0,0.0
0.539381453020123,0.1488945203649727,1.0,0.0
0.539381453020123,0.15186209789143096,1.0,0.0
0.539381453020123,0.1548296754178892,1.0,0.0
0.539381453020123,0.15779725294434746,1.0,0.0
0.539381453020123,0.16076483047080573,1.0,0.0
0.539381453020123,0.16373240799726396,1.0,0.0
0.539381453020123,0.16669998552372223,1.0,0.0
0.539381453020123,0.1696675630501805,1.0,0.0
0.539381453020123,0.17263514057663876,1.0,0.0
0.539381453020123,0.17560271810309702,1.0,0.0
0.539381453020123,0.17857029562955526,1.0,0.0
0.539381453020123,0.18153787315601352,1.0,0.0
0.539381453020123,0.1845054506824718,1.0,0.0
0.539381453020123,0.18747302820893003,1.0,0.0
0.539381453020123,0.1904406057353883,1.0,0.0
0.539381453020123,0.19340818326184656,1.0,0.0
0.539381453020123,0.19637576078830482,1.0,0.0
0.539381453020123,0.19934333831476309,1.0,0.0
0.5423490305465812,0.050964461991850174,1.0,0.0
0.5423490305465812,0.05393203951830843,1.0,0.0
0.5423490305465812,0.05689961704476669,1.0,0.0
0.5423490305465812,0.05986719457122495,1.0,0.0
0.5423490305465812,0.0628347720976832,1.0,0.0
0.5423490305465812,0.06580234962414147,1.0,0.0
0.5423490305465812,0.06876992715059972,1.0,0.0
0.5423490305465812,0.07173750467705797,1.0,0.0
0.5423490305465812,0.07470508220351624,1.0,0.0
0.5423490305465812,0.0776726597299745,1.0,0.0
0.5423490305465812,0.08064023725643275,1.0,0.0
0.5423490305465812,0.083607814782891,1.0,0.0
0.5423490305465812,0.08657539230934927,1.0,0.0
0.5423490305465812,0.08954296983580753,1.0,0.0
0.5423490305465812,0.09251054736226579,1.0,0.0
0.5423490305465812,0.09547812488872404,1.0,0.0
0.5423490305465812,0.0984457024151823,1.0,0.0
0.5423490305465812,0.10141327994164057,1.0,0.0
0.5423490305465812,0.10438085746809882,1.0,0.0
0.5423490305465812,0.10734843499455707,1.0,0.0
0.5423490305465812,0.11031601252101533,1.0,0.0
0.5423490305465812,0.1132835900474736,1.0,0.0
0.5423490305465812,0.11625116757393185,1.0,0.0
0.5423490305465812,0.1192187451003901,1.0,0.0
0.5423490305465812,0.12218632262684836,1.0,0.0
0.5423490305465812,0.12515390015330663,1.0,0.0
0.5423490305465812,0.1281214776797649,1.0,0.0
0.5423490305465812,0.13108905520622313,1.0,0.0
0.5423490305465812,0.1340566327326814,1.0,0.0
0.5423490305465812,0.13702421025913966,1.0,0.0
0.5423490305465812,0.1399917877855979,1.0,0.0
0.5423490305465812,0.14295936531205616,1.0,0.0
0.5423490305465812,0.14592694283851443,1.0,0.0
0.5423490305465812,0.1488945203649727,1.0,0.0
0.5423490305465812,0.15186209789143096,1.0,0.0
0.5423490305465812,0.1548296754178892,1.0,0.0
0.5423490305465812,0.15779725294434746,1.0,0.0
0.5423490305465812,0.16076483047080573,1.0,0.0
0.5423490305465812,0.16373240799726396,1.0,0.0
0.5423490305465812,0.16669998552372223,1.0,0.0
0.5423490305465812,0.1696675630501805,1.0,0.0
0.5423490305465812,0.17263514057663876,1.0,0.0
0.5423490305465812,0.17560271810309702,1.0,0.0
0.5423490305465812,0.17857029562955526,1.0,0.0
0.5423490305465812,0.18153787315601352,1.0,0.0
0.5423490305465812,0.1845054506824718,1.0,0.0
0.5423490305465812,0.18747302820893003,1.0,0.0
0.5423490305465812,0.1904406057353883,1.0,0.0
0.5423490305465812,0.19340818326184656,1.0,0.0
0.5423490305465812,0.19637576078830482,1.0,0.0
0.5453166080730395,0.047996884465391916,1.0,0.0
0.5453166080730395,0.050964461991850174,1.0,0.0
0.5453166080730395,0.05393203951830843,1.0,0.0
0.5453166080730395,0.05689961704476669,1.0,0.0
0.5453166080730395,0.05986719457122495,1.0,0.0
0.5453166080730395,0.0628347720976832,1.0,0.0
0.5453166080730395,0.06580234962414147,1.0,0.0
0.5453166080730395,0.06876992715059972,1.0,0.0
0.5453166080730395,0.07173750467705797,1.0,0.0
0.5453166080730395,0.07470508220351624,1.0,0.0
0.5453166080730395,0.0776726597299745,1.0,0.0
0.5453166080730395,0.08064023725643275,1.0,0.0
0.5453166080730395,0.083607814782891,1.0,0.0
0.5453166080730395,0.08657539230934927,1.0,0.0
0.5453166080730395,0.08954296983580753,1.0,0.0
0.5453166080730395,0.09251054736226579,1.0,0.0
0.5453166080730395,0.09547812488872404,1.0,0.0
0.5453166080730395,0.0984457024151823,1.0,0.0
0.5453166080730395,0.10141327994164057,1.0,0.0
0.5453166080730395,0.10438085746809882,1.0,0.0
0.5453166080730395,0.10734843499455707,1.0,0.0
0.5453166080730395,0.11031601252101533,1.0,0.0
0.5453166080730395,0.1132835900474736,1.0,0.0
0.5453166080730395,0.11625116757393185,1.0,0.0
0.5453166080730395,0.1192187451003901,1.0,0.0
0.5453166080730395,0.12218632262684836,1.0,0.0
0.5453166080730395,0.12515390015330663,1.0,0.0
0.5453166080730395,0.1281214776797649,1.0,0.0
0.5453166080730395,0.13108905520622313,1.0,0.0
0.5453166080730395,0.1340566327326814,1.0,0.0
0.5453166080730395,0.13702421025913966,1.0,0.0
0.5453166080730395,0.1399917877855979,1.0,0.0
0.5453166080730395,0.14295936531205616,1.0,0.0
0.5453166080730395,0.14592694283851443,1.0,0.0
0.5453166080730395,0.1488945203649727,1.0,0.0
0.5453166080730395,0.15186209789143096,1.0,0.0
0.5453166080730395,0.1548296754178892,1.0,0.0
0.5453166080730395,0.15779725294434746,1.0,0.0
0.5453166080730395,0.16076483047080573,1.0,0.0
0.5453166080730395,0.16373240799726396,1.0,0.0
0.5453166080730395,0.16669998552372223,1.0,0.0
0.5453166080730395,0.1696675630501805,1.0,0.0
0.5453166080730395,0.17263514057663876,1.0,0.0
0.5453166080730395,0.17560271810309702,1.0,0.0
0.5453166080730395,0.17857029562955526,1.0,0.0
0.5453166080730395,0.18153787315601352,1.0,0.0
0.5453166080730395,0.1845054506824718,1.0,0.0
0.5453166080730395,0.18747302820893003,1.0,0.0
0.5453166080730395,0.1904406057353883,1.0,0.0
0.5482841855994978,0.047996884465391916,1.0,0.0
0.5482841855994978,0.050964461991850174,1.0,0.0
0.5482841855994978,0.05393203951830843,1.0,0.0
0.5482841855994978,0.05689961704476669,1.0,0.0
0.5482841855994978,0.05986719457122495,1.0,0.0
0.5482841855994978,0.0628347720976832,1.0,0.0
0.5482841855994978,0.06580234962414147,1.0,0.0
0.5482841855994978,0.06876992715059972,1.0,0.0
0.5482841855994978,0.07173750467705797,1.0,0.0
0.5482841855994978,0.07470508220351624,1.0,0.0
0.5482841855994978,0.0776726597299745,1.0,0.0
0.5482841855994978,0.08064023725643275,1.0,0.0
0.5482841855994978,0.083607814782891,1.0,0.0
0.5482841855994978,0.08657539230934927,1.0,0.0
0.5482841855994978,0.08954296983580753,1.0,0.0
0.5482841855994978,0.09251054736226579,1.0,0.0
0.5482841855994978,0.09547812488872404,1.0,0.0
0.5482841855994978,0.0984457024151823,1.0,0.0
0.5482841855994978,0.10141327994164057,1.0,0.0
0.5482841855994978,0.10438085746809882,1.0,0.0
0.5482841855994978,0.10734843499455707,1.0,0.0
0.5482841855994978,0.11031601252101533,1.0,0.0
0.5482841855994978,0.1132835900474736,1.0,0.0
0.5482841855994978,0.11625116757393185,1.0,0.0
0.5482841855994978,0.1192187451003901,1.0,0.0
0.5482841855994978,0.12218632262684836,1.0,0.0
0.5482841855994978,0.12515390015330663,1.0,0.0
0.5482841855994978,0.1281214776797649,1.0,0.0
0.5482841855994978,0.13108905520622313,1.0,0.0
0.5482841855994978,0.1340566327326814,1.0,0.0
0.5482841855994978,0.13702421025913966,1.0,0.0
0.5482841855994978,0.1399917877855979,1.0,0.0
0.5482841855994978,0.14295936531205616,1.0,0.0
0.5482841855994978,0.14592694283851443,1.0,0.0
0.5482841855994978,0.1488945203649727,1.0,0.0
0.5482841855994978,0.15186209789143096,1.0,0.0
0.5482841855994978,0.1548296754178892,1.0,0.0
0.5482841855994978,0.15779725294434746,1.0,0.0
0.5482841855994978,0.16076483047080573,1.0,0.0
0.5482841855994978,0.16373240799726396,1.0,0.0
0.5482841855994978,0.16669998552372223,1.0,0.0
0.5482841855994978,0.1696675630501805,1.0,0.0
0.5482841855994978,0.17263514057663876,1.0,0.0
0.5482841855994978,0.17560271810309702,1.0,0.0
0.5482841855994978,0.17857029562955526,1.0,0.0
0.5482841855994978,0.18153787315601352,1.0,0.0
0.5482841855994978,0.1845054506824718,1.0,0.0
0.551251763125956,0.047996884465391916,1.0,0.0
0.551251763125956,0.050964461991850174,1.0,0.0
0.551251763125956,0.05393203951830843,1.0,0.0
0.551251763125956,0.05689961704476669,1.0,0.0
0.551251763125956,0.05986719457122495,1.0,0.0
0.551251763125956,0.0628347720976832,1.0,0.0
0.551251763125956,0.06580234962414147,1.0,0.0
0.551251763125956,0.06876992715059972,1.0,0.0
0.551251763125956,0.07173750467705797,1.0,0.0
0.551251763125956,0.07470508220351624,1.0,0.0
0.551251763125956,0.0776726597299745,1.0,0.0
0.551251763125956,0.08064023725643275,1.0,0.0
0.551251763125956,0.083607814782891,1.0,0.0
0.551251763125956,0.08657539230934927,1.0,0.0
0.551251763125956,0.08954296983580753,1.0,0.0
0.551251763125956,0.09251054736226579,1.0,0.0
0.551251763125956,0.09547812488872404,1.0,0.0
0.551251763125956,0.0984457024151823,1.0,0.0
0.551251763125956,0.10141327994164057,1.0,0.0
0.551251763125956,0.10438085746809882,1.0,0.0
0.551251763125956,0.10734843499455707,1.0,0.0
0.551251763125956,0.11031601252101533,1.0,0.0
0.551251763125956,0.1132835900474736,1.0,0.0
0.551251763125956,0.11625116757393185,1.0,0.0
0.551251763125956,0.1192187451003901,1.0,0.0
0.551251763125956,0.12218632262684836,1.0,0.0
0.551251763125956,0.12515390015330663,1.0,0.0
0.551251763125956,0.1281214776797649,1.0,0.0
0.551251763125956,0.13108905520622313,1.0,0.0
0.551251763125956,0.1340566327326814,1.0,0.0
0.551251763125956,0.13702421025913966,1.0,0.0
0.551251763125956,0.1399917877855979,1.0,0.0
0.551251763125956,0.14295936531205616,1.0,0.0
0.551251763125956,0.14592694283851443,1.0,0.0
0.551251763125956,0.1488945203649727,1.0,0.0
0.551251763125956,0.15186209789143096,1.0,0.0
0.551251763125956,0.1548296754178892,1.0,0.0
0.551251763125956,0.15779725294434746,1.0,0.0
0.551251763125956,0.16076483047080573,1.0,0.0
0.551251763125956,0.16373240799726396,1.0,0.0
0.551251763125956,0.16669998552372223,1.0,0.0
0.551251763125956,0.1696675630501805,1.0,0.0
0.551251763125956,0.17263514057663876,1.0,0.0
0.551251763125956,0.17560271810309702,1.0,0.0
0.551251763125956,0.17857029562955526,1.0,0.0
0.551251763125956,0.18153787315601352,1.0,0.0
0.551251763125956,0.1845054506824718,1.0,0.0
0.5542193406524143,0.04502930693893366,1.0,0.0
0.5542193406524143,0.047996884465391916,1.0,0.0
0.5542193406524143,0.050964461991850174,1.0,0.0
0.5542193406524143,0.05393203951830843,1.0,0.0
0.5542193406524143,0.05689961704476669,1.0,0.0
0.5542193406524143,0.05986719457122495,1.0,0.0
0.5542193406524143,0.0628347720976832,1.0,0.0
0.5542193406524143,0.06580234962414147,1.0,0.0
0.5542193406524143,0.06876992715059972,1.0,0.0
0.5542193406524143,0.07173750467705797,1.0,0.0
0.5542193406524143,0.07470508220351624,1.0,0.0
0.5542193406524143,0.0776726597299745,1.0,0.0
0.5542193406524143,0.08064023725643275,1.0,0.0
0.5542193406524143,0.083607814782891,1.0,0.0
0.5542193406524143,0.08657539230934927,1.0,0.0
0.5542193406524143,0.08954296983580753,1.0,0.0
0.5542193406524143,0.09251054736226579,1.0,0.0
0.5542193406524143,0.09547812488872404,1.0,0.0
0.5542193406524143,0.0984457024151823,1.0,0.0
0.5542193406524143,0.10141327994164057,1.0,0.0
0.5542193406524143,0.10438085746809882,1.0,0.0
0.5542193406524143,0.10734843499455707,1.0,0.0
0.5542193406524143,0.11031601252101533,1.0,0.0
0.5542193406524143,0.1132835900474736,1.0,0.0
0.5542193406524143,0.11625116757393185,1.0,0.0
0.5542193406524143,0.1192187451003901,1.0,0.0
0.5542193406524143,0.12218632262684836,1.0,0.0
0.5542193406524143,0.12515390015330663,1.0,0.0
0.5542193406524143,0.1281214776797649,1.0,0.0
0.5542193406524143,0.13108905520622313,1.0,0.0
0.5542193406524143,0.1340566327326814,1.0,0.0
0.5542193406524143,0.13702421025913966,1.0,0.0
0.5542193406524143,0.1399917877855979,1.0,0.0
0.5542193406524143,0.14295936531205616,1.0,0.0
0.5542193406524143,0.14592694283851443,1.0,0.0
0.5542193406524143,0.1488945203649727,1.0,0.0
0.5542193406524143,0.15186209789143096,1.0,0.0
0.5542193406524143,0.1548296754178892,1.0,0.0
0.5542193406524143,0.15779725294434746,1.0,0.0
0.5542193406524143,0.16076483047080573,1.0,0.0
0.5542193406524143,0.16373240799726396,1.0,0.0
0.5542193406524143,0.16669998552372223,1.0,0.0
0.5542193406524143,0.1696675630501805,1.0,0.0
0.5542193406524143,0.17263514057663876,1.0,0.0
0.5542193406524143,0.17560271810309702,1.0,0.0
0.5542193406524143,0.17857029562955526,1.0,0.0
0.5542193406524143,0.18153787315601352,1.0,0.0
0.5571869181788726,0.04502930693893366,1.0,0.0
0.5571869181788726,0.047996884465391916,1.0,0.0
0.5571869181788726,0.050964461991850174,1.0,0.0
0.5571869181788726,0.05393203951830843,1.0,0.0
0.5571869181788726,0.05689961704476669,1.0,0.0
0.5571869181788726,0.05986719457122495,1.0,0.0
0.5571869181788726,0.0628347720976832,1.0,0.0
0.5571869181788726,0.06580234962414147,1.0,0.0
0.5571869181788726,0.06876992715059972,1.0,0.0
0.5571869181788726,0.07173750467705797,1.0,0.0
0.5571869181788726,0.07470508220351624,1.0,0.0
0.5571869181788726,0.0776726597299745,1.0,0.0
0.5571869181788726,0.08064023725643275,1.0,0.0
0.5571869181788726,0.083607814782891,1.0,0.0
0.5571869181788726,0.08657539230934927,1.0,0.0
0.5571869181788726,0.08954296983580753,1.0,0.0
0.5571869181788726,0.09251054736226579,1.0,0.0
0.5571869181788726,0.09547812488872404,1.0,0.0
0.5571869181788726,0.0984457024151823,1.0,0.0
0.5571869181788726,0.10141327994164057,1.0,0.0
0.5571869181788726,0.10438085746809882,1.0,0.0
0.5571869181788726,0.10734843499455707,1.0,0.0
0.5571869181788726,0.11031601252101533,1.0,0.0
0.5571869181788726,0.1132835900474736,1.0,0.0
0.5571869181788726,0.11625116757393185,1.0,0.0
0.5571869181788726,0.1192187451003901,1.0,0.0
0.5571869181788726,0.12218632262684836,1.0,0.0
0.5571869181788726,0.12515390015330663,1.0,0.0
0.5571869181788726,0.1281214776797649,1.0,0.0
0.5571869181788726,0.13108905520622313,1.0,0.0
0.5571869181788726,0.1340566327326814,1.0,0.0
0.5571869181788726,0.13702421025913966,1.0,0.0
0.5571869181788726,0.1399917877855979,1.0,0.0
0.5571869181788726,0.14295936531205616,1.0,0.0
0.5571869181788726,0.14592694283851443,1.0,0.0
0.5571869181788726,0.1488945203649727,1.0,0.0
0.5571869181788726,0.15186209789143096,1.0,0.0
0.5571869181788726,0.1548296754178892,1.0,0.0
0.5571869181788726,0.15779725294434746,1.0,0.0
0.5571869181788726,0.16076483047080573,1.0,0.0
0.5571869181788726,0.16373240799726396,1.0,0.0
0.5571869181788726,0.16669998552372223,1.0,0.0
0.5571869181788726,0.1696675630501805,1.0,0.0
0.5571869181788726,0.17263514057663876,1.0,0.0
0.5601544957053308,0.04502930693893366,1.0,0.0
0.5601544957053308,0.047996884465391916,1.0,0.0
0.5601544957053308,0.050964461991850174,1.0,0.0
0.5601544957053308,0.05393203951830843,1.0,0.0
0.5601544957053308,0.05689961704476669,1.0,0.0
0.5601544957053308,0.05986719457122495,1.0,0.0
0.5601544957053308,0.0628347720976832,1.0,0.0
0.5601544957053308,0.06580234962414147,1.0,0.0
0.5601544957053308,0.06876992715059972,1.0,0.0
0.5601544957053308,0.07173750467705797,1.0,0.0
0.5601544957053308,0.07470508220351624,1.0,0.0
0.5601544957053308,0.0776726597299745,1.0,0.0
0.5601544957053308,0.08064023725643275,1.0,0.0
0.5601544957053308,0.083607814782891,1.0,0.0
0.5601544957053308,0.08657539230934927,1.0,0.0
0.5601544957053308,0.08954296983580753,1.0,0.0
0.5601544957053308,0.09251054736226579,1.0,0.0
0.5601544957053308,0.09547812488872404,1.0,0.0
0.5601544957053308,0.0984457024151823,1.0,0.0
0.5601544957053308,0.10141327994164057,1.0,0.0
0.5601544957053308,0.10438085746809882,1.0,0.0
0.5601544957053308,0.10734843499455707,1.0,0.0
0.5601544957053308,0.11031601252101533,1.0,0.0
0.5601544957053308,0.1132835900474736,1.0,0.0
0.5601544957053308,0.11625116757393185,1.0,0.0
0.5601544957053308,0.1192187451003901,1.0,0.0
0.5601544957053308,0.12218632262684836,1.0,0.0
0.5601544957053308,0.12515390015330663,1.0,0.0
0.5601544957053308,0.1281214776797649,1.0,0.0
0.5601544957053308,0.13108905520622313,1.0,0.0
0.5601544957053308,0.1340566327326814,1.0,0.0
0.5601544957053308,0.13702421025913966,1.0,0.0
0.5601544957053308,0.1399917877855979,1.0,0.0
0.5601544957053308,0.14295936531205616,1.0,0.0
0.5601544957053308,0.14592694283851443,1.0,0.0
0.5601544957053308,0.1488945203649727,1.0,0.0
0.5601544957053308,0.15186209789143096,1.0,0.0
0.5601544957053308,0.1548296754178892,1.0,0.0
0.5601544957053308,0.15779725294434746,1.0,0.0
0.5601544957053308,0.16076483047080573,1.0,0.0
0.5601544957053308,0.16373240799726396,1.0,0.0
0.5601544957053308,0.16669998552372223,1.0,0.0
0.5601544957053308,0.1696675630501805,1.0,0.0
0.5631220732317891,0.04502930693893366,1.0,0.0
0.5631220732317891,0.047996884465391916,1.0,0.0
0.5631220732317891,0.050964461991850174,1.0,0.0
0.5631220732317891,0.05393203951830843,1.0,0.0
0.5631220732317891,0.05689961704476669,1.0,0.0
0.5631220732317891,0.05986719457122495,1.0,0.0
0.5631220732317891,0.0628347720976832,1.0,0.0
0.5631220732317891,0.06580234962414147,1.0,0.0
0.5631220732317891,0.06876992715059972,1.0,0.0
0.5631220732317891,0.07173750467705797,1.0,0.0
0.5631220732317891,0.07470508220351624,1.0,0.0
0.5631220732317891,0.0776726597299745,1.0,0.0
0.5631220732317891,0.08064023725643275,1.0,0.0
0.5631220732317891,0.083607814782891,1.0,0.0
0.5631220732317891,0.08657539230934927,1.0,0.0
0.5631220732317891,0.08954296983580753,1.0,0.0
0.5631220732317891,0.09251054736226579,1.0,0.0
0.5631220732317891,0.09547812488872404,1.0,0.0
0.5631220732317891,0.0984457024151823,1.0,0.0
0.5631220732317891,0.10141327994164057,1.0,0.0
0.5631220732317891,0.10438085746809882,1.0,0.0
0.5631220732317891,0.10734843499455707,1.0,0.0
0.5631220732317891,0.11031601252101533,1.0,0.0
0.5631220732317891,0.1132835900474736,1.0,0.0
0.5631220732317891,0.11625116757393185,1.0,0.0
0.5631220732317891,0.1192187451003901,1.0,0.0
0.5631220732317891,0.12218632262684836,1.0,0.0
0.5631220732317891,0.12515390015330663,1.0,0.0
0.5631220732317891,0.1281214776797649,1.0,0.0
0.5631220732317891,0.13108905520622313,1.0,0.0
0.5631220732317891,0.1340566327326814,1.0,0.0
0.5631220732317891,0.13702421025913966,1.0,0.0
0.5631220732317891,0.1399917877855979,1.0,0.0
0.5631220732317891,0.14295936531205616,1.0,0.0
0.5631220732317891,0.14592694283851443,1.0,0.0
0.5631220732317891,0.1488945203649727,1.0,0.0
0.5631220732317891,0.15186209789143096,1.0,0.0
0.5631220732317891,0.1548296754178892,1.0,0.0
0.5631220732317891,0.15779725294434746,1.0,0.0
0.5631220732317891,0.16076483047080573,1.0,0.0
0.5631220732317891,0.16373240799726396,1.0,0.0
0.5631220732317891,0.16669998552372223,1.0,0.0
0.5631220732317891,0.1696675630501805,1.0,0.0
0.5660896507582474,0.04502930693893366,1.0,0.0
0.5660896507582474,0.047996884465391916,1.0,0.0
0.5660896507582474,0.050964461991850174,1.0,0.0
0.5660896507582474,0.05393203951830843,1.0,0.0
0.5660896507582474,0.05689961704476669,1.0,0.0
0.5660896507582474,0.05986719457122495,1.0,0.0
0.5660896507582474,0.0628347720976832,1.0,0.0
0.5660896507582474,0.06580234962414147,1.0,0.0
0.5660896507582474,0.06876992715059972,1.0,0.0
0.5660896507582474,0.07173750467705797,1.0,0.0
0.5660896507582474,0.07470508220351624,1.0,0.0
0.5660896507582474,0.0776726597299745,1.0,0.0
0.5660896507582474,0.08064023725643275,1.0,0.0
0.5660896507582474,0.083607814782891,1.0,0.0
0.5660896507582474,0.08657539230934927,1.0,0.0
0.5660896507582474,0.08954296983580753,1.0,0.0
0.5660896507582474,0.09251054736226579,1.0,0.0
0.5660896507582474,0.09547812488872404,1.0,0.0
0.5660896507582474,0.0984457024151823,1.0,0.0
0.5660896507582474,0.10141327994164057,1.0,0.0
0.5660896507582474,0.10438085746809882,1.0,0.0
0.5660896507582474,0.10734843499455707,1.0,0.0
0.5660896507582474,0.11031601252101533,1.0,0.0
0.5660896507582474,0.1132835900474736,1.0,0.0
0.5660896507582474,0.11625116757393185,1.0,0.0
0.5660896507582474,0.1192187451003901,1.0,0.0
0.5660896507582474,0.12218632262684836,1.0,0.0
0.5660896507582474,0.12515390015330663,1.0,0.0
0.5660896507582474,0.1281214776797649,1.0,0.0
0.5660896507582474,0.13108905520622313,1.0,0.0
0.5660896507582474,0.1340566327326814,1.0,0.0
0.5660896507582474,0.13702421025913966,1.0,0.0
0.5660896507582474,0.1399917877855979,1.0,0.0
0.5660896507582474,0.14295936531205616,1.0,0.0
0.5660896507582474,0.14592694283851443,1.0,0.0
0.5660896507582474,0.1488945203649727,1.0,0.0
0.5660896507582474,0.15186209789143096,1.0,0.0
0.5660896507582474,0.1548296754178892,1.0,0.0
0.5660896507582474,0.15779725294434746,1.0,0.0
0.5660896507582474,0.16076483047080573,1.0,0.0
0.5660896507582474,0.16373240799726396,1.0,0.0
0.5660896507582474,0.16669998552372223,1.0,0.0
0.5690572282847056,0.04502930693893366,1.0,0.0
0.5690572282847056,0.047996884465391916,1.0,0.0
0.5690572282847056,0.050964461991850174,1.0,0.0
0.5690572282847056,0.05393203951830843,1.0,0.0
0.5690572282847056,0.05689961704476669,1.0,0.0
0.5690572282847056,0.05986719457122495,1.0,0.0
0.5690572282847056,0.0628347720976832,1.0,0.0
0.5690572282847056,0.06580234962414147,1.0,0.0
0.5690572282847056,0.06876992715059972,1.0,0.0
0.5690572282847056,0.07173750467705797,1.0,0.0
0.5690572282847056,0.07470508220351624,1.0,0.0
0.5690572282847056,0.0776726597299745,1.0,0.0
0.5690572282847056,0.08064023725643275,1.0,0.0
0.5690572282847056,0.083607814782891,1.0,0.0
0.5690572282847056,0.08657539230934927,1.0,0.0
0.5690572282847056,0.08954296983580753,1.0,0.0
0.5690572282847056,0.09251054736226579,1.0,0.0
0.5690572282847056,0.09547812488872404,1.0,0.0
0.5690572282847056,0.0984457024151823,1.0,0.0
0.5690572282847056,0.10141327994164057,1.0,0.0
0.5690572282847056,0.10438085746809882,1.0,0.0
0.5690572282847056,0.10734843499455707,1.0,0.0
0.5690572282847056,0.11031601252101533,1.0,0.0
0.5690572282847056,0.1132835900474736,1.0,0.0
0.5690572282847056,0.11625116757393185,1.0,0.0
0.5690572282847056,0.1192187451003901,1.0,0.0
0.5690572282847056,0.12218632262684836,1.0,0.0
0.5690572282847056,0.12515390015330663,1.0,0.0
0.5690572282847056,0.1281214776797649,1.0,0.0
0.5690572282847056,0.13108905520622313,1.0,0.0
0.5690572282847056,0.1340566327326814,1.0,0.0
0.5690572282847056,0.13702421025913966,1.0,0.0
0.5690572282847056,0.1399917877855979,1.0,0.0
0.5690572282847056,0.14295936531205616,1.0,0.0
0.5690572282847056,0.14592694283851443,1.0,0.0
0.5690572282847056,0.1488945203649727,1.0,0.0
0.5690572282847056,0.15186209789143096,1.0,0.0
0.5690572282847056,0.1548296754178892,1.0,0.0
0.5690572282847056,0.15779725294434746,1.0,0.0
0.5690572282847056,0.16076483047080573,1.0,0.0
0.5690572282847056,0.16373240799726396,1.0,0.0
0.5690572282847056,0.16669998552372223,1.0,0.0
0.5720248058111639,0.04502930693893366,1.0,0.0
0.5720248058111639,0.047996884465391916,1.0,0.0
0.5720248058111639,0.050964461991850174,1.0,0.0
0.5720248058111639,0.05393203951830843,1.0,0.0
0.5720248058111639,0.05689961704476669,1.0,0.0
0.5720248058111639,0.05986719457122495,1.0,0.0
0.5720248058111639,0.0628347720976832,1.0,0.0
0.5720248058111639,0.06580234962414147,1.0,0.0
0.5720248058111639,0.06876992715059972,1.0,0.0
0.5720248058111639,0.07173750467705797,1.0,0.0
0.5720248058111639,0.07470508220351624,1.0,0.0
0.5720248058111639,0.0776726597299745,1.0,0.0
0.5720248058111639,0.08064023725643275,1.0,0.0
0.5720248058111639,0.083607814782891,1.0,0.0
0.5720248058111639,0.08657539230934927,1.0,0.0
0.5720248058111639,0.08954296983580753,1.0,0.0
0.5720248058111639,0.09251054736226579,1.0,0.0
0.5720248058111639,0.09547812488872404,1.0,0.0
0.5720248058111639,0.0984457024151823,1.0,0.0
0.5720248058111639,0.10141327994164057,1.0,0.0
0.5720248058111639,0.10438085746809882,1.0,0.0
0.5720248058111639,0.10734843499455707,1.0,0.0
0.5720248058111639,0.11031601252101533,1.0,0.0
0.5720248058111639,0.1132835900474736,1.0,0.0
0.5720248058111639,0.11625116757393185,1.0,0.0
0.5720248058111639,0.1192187451003901,1.0,0.0
0.5720248058111639,0.12218632262684836,1.0,0.0
0.5720248058111639,0.12515390015330663,1.0,0.0
0.5720248058111639,0.1281214776797649,1.0,0.0
0.5720248058111639,0.13108905520622313,1.0,0.0
0.5720248058111639,0.1340566327326814,1.0,0.0
0.5720248058111639,0.13702421025913966,1.0,0.0
0.5720248058111639,0.1399917877855979,1.0,0.0
0.5720248058111639,0.14295936531205616,1.0,0.0
0.5720248058111639,0.14592694283851443,1.0,0.0
0.5720248058111639,0.1488945203649727,1.0,0.0
0.5720248058111639,0.15186209789143096,1.0,0.0
0.5720248058111639,0.1548296754178892,1.0,0.0
0.5720248058111639,0.15779725294434746,1.0,0.0
0.5720248058111639,0.16076483047080573,1.0,0.0
0.5720248058111639,0.16373240799726396,1.0,0.0
0.5720248058111639,0.16669998552372223,1.0,0.0
0.574992383337622,0.04502930693893366,1.0,0.0
0.574992383337622,0.047996884465391916,1.0,0.0
0.574992383337622,0.050964461991850174,1.0,0.0
0.574992383337622,0.05393203951830843,1.0,0.0
0.574992383337622,0.05689961704476669,1.0,0.0
0.574992383337622,0.05986719457122495,1.0,0.0
0.574992383337622,0.0628347720976832,1.0,0.0
0.574992383337622,0.06580234962414147,1.0,0.0
0.574992383337622,0.06876992715059972,1.0,0.0
0.574992383337622,0.07173750467705797,1.0,0.0
0.574992383337622,0.07470508220351624,1.0,0.0
0.574992383337622,0.0776726597299745,1.0,0.0
0.574992383337622,0.08064023725643275,1.0,0.0
0.574992383337622,0.083607814782891,1.0,0.0
0.574992383337622,0.08657539230934927,1.0,0.0
0.574992383337622,0.08954296983580753,1.0,0.0
0.574992383337622,0.09251054736226579,1.0,0.0
0.574992383337622,0.09547812488872404,1.0,0.0
0.574992383337622,0.0984457024151823,1.0,0.0
0.574992383337622,0.10141327994164057,1.0,0.0
0.574992383337622,0.10438085746809882,1.0,0.0
0.574992383337622,0.10734843499455707,1.0,0.0
0.574992383337622,0.11031601252101533,1.0,0.0
0.574992383337622,0.1132835900474736,1.0,0.0
0.574992383337622,0.11625116757393185,1.0,0.0
0.574992383337622,0.1192187451003901,1.0,0.0
0.574992383337622,0.12218632262684836,1.0,0.0
0.574992383337622,0.12515390015330663,1.0,0.0
0.574992383337622,0.1281214776797649,1.0,0.0
0.574992383337622,0.13108905520622313,1.0,0.0
0.574992383337622,0.1340566327326814,1.0,0.0
0.574992383337622,0.13702421025913966,1.0,0.0
0.574992383337622,0.1399917877855979,1.0,0.0
0.574992383337622,0.14295936531205616,1.0,0.0
0.574992383337622,0.14592694283851443,1.0,0.0
0.574992383337622,0.1488945203649727,1.0,0.0
0.574992383337622,0.15186209789143096,1.0,0.0
0.574992383337622,0.1548296754178892,1.0,0.0
0.574992383337622,0.15779725294434746,1.0,0.0
0.574992383337622,0.16076483047080573,1.0,0.0
0.574992383337622,0.16373240799726396,1.0,0.0
0.574992383337622,0.16669998552372223,1.0,0.0
0.574992383337622,0.1696675630501805,1.0,0.0
0.5779599608640803,0.04502930693893366,1.0,0.0
0.5779599608640803,0.047996884465391916,1.0,0.0
0.5779599608640803,0.050964461991850174,1.0,0.0
0.5779599608640803,0.05393203951830843,1.0,0.0
0.5779599608640803,0.05689961704476669,1.0,0.0
0.5779599608640803,0.05986719457122495,1.0,0.0
0.5779599608640803,0.0628347720976832,1.0,0.0
0.5779599608640803,0.06580234962414147,1.0,0.0
0.5779599608640803,0.06876992715059972,1.0,0.0
0.5779599608640803,0.07173750467705797,1.0,0.0
0.5779599608640803,0.07470508220351624,1.0,0.0
0.5779599608640803,0.0776726597299745,1.0,0.0
0.5779599608640803,0.08064023725643275,1.0,0.0
0.5779599608640803,0.083607814782891,1.0,0.0
0.5779599608640803,0.08657539230934927,1.0,0.0
0.5779599608640803,0.08954296983580753,1.0,0.0
0.5779599608640803,0.09251054736226579,1.0,0.0
0.5779599608640803,0.09547812488872404,1.0,0.0
0.5779599608640803,0.0984457024151823,1.0,0.0
0.5779599608640803,0.10141327994164057,1.0,0.0
0.5779599608640803,0.10438085746809882,1.0,0.0
0.5779599608640803,0.10734843499455707,1.0,0.0
0.5779599608640803,0.11031601252101533,1.0,0.0
0.5779599608640803,0.1132835900474736,1.0,0.0
0.5779599608640803,0.11625116757393185,1.0,0.0
0.5779599608640803,0.1192187451003901,1.0,0.0
0.5779599608640803,0.12218632262684836,1.0,0.0
0.5779599608640803,0.12515390015330663,1.0,0.0
0.5779599608640803,0.1281214776797649,1.0,0.0
0.5779599608640803,0.13108905520622313,1.0,0.0
0.5779599608640803,0.1340566327326814,1.0,0.0
0.5779599608640803,0.13702421025913966,1.0,0.0
0.5779599608640803,0.1399917877855979,1.0,0.0
0.5779599608640803,0.14295936531205616,1.0,0.0
0.5779599608640803,0.14592694283851443,1.0,0.0
0.5779599608640803,0.1488945203649727,1.0,0.0
0.5779599608640803,0.15186209789143096,1.0,0.0
0.5779599608640803,0.1548296754178892,1.0,0.0
0.5779599608640803,0.15779725294434746,1.0,0.0
0.5779599608640803,0.16076483047080573,1.0,0.0
0.5779599608640803,0.16373240799726396,1.0,0.0
0.5779599608640803,0.16669998552372223,1.0,0.0
0.5779599608640803,0.1696675630501805,1.0,0.0
0.5809275383905386,0.04502930693893366,1.0,0.0
0.5809275383905386,0.047996884465391916,1.0,0.0
0.5809275383905386,0.050964461991850174,1.0,0.0
0.5809275383905386,0.05393203951830843,1.0,0.0
0.5809275383905386,0.05689961704476669,1.0,0.0
0.5809275383905386,0.05986719457122495,1.0,0.0
0.5809275383905386,0.0628347720976832,1.0,0.0
0.5809275383905386,0.06580234962414147,1.0,0.0
0.5809275383905386,0.06876992715059972,1.0,0.0
0.5809275383905386,0.07173750467705797,1.0,0.0
0.5809275383905386,0.07470508220351624,1.0,0.0
0.5809275383905386,0.0776726597299745,1.0,0.0
0.5809275383905386,0.08064023725643275,1.0,0.0
0.5809275383905386,0.083607814782891,1.0,0.0
0.5809275383905386,0.08657539230934927,1.0,0.0
0.5809275383905386,0.08954296983580753,1.0,0.0
0.5809275383905386,0.09251054736226579,1.0,0.0
0.5809275383905386,0.09547812488872404,1.0,0.0
0.5809275383905386,0.0984457024151823,1.0,0.0
0.5809275383905386,0.10141327994164057,1.0,0.0
0.5809275383905386,0.10438085746809882,1.0,0.0
0.5809275383905386,0.10734843499455707,1.0,0.0
0.5809275383905386,0.11031601252101533,1.0,0.0
0.5809275383905386,0.1132835900474736,1.0,0.0
0.5809275383905386,0.11625116757393185,1.0,0.0
0.5809275383905386,0.1192187451003901,1.0,0.0
0.5809275383905386,0.12218632262684836,1.0,0.0
0.5809275383905386,0.12515390015330663,1.0,0.0
0.5809275383905386,0.1281214776797649,1.0,0.0
0.5809275383905386,0.13108905520622313,1.0,0.0
0.5809275383905386,0.1340566327326814,1.0,0.0
0.5809275383905386,0.13702421025913966,1.0,0.0
0.5809275383905386,0.1399917877855979,1.0,0.0
0.5809275383905386,0.14295936531205616,1.0,0.0
0.5809275383905386,0.14592694283851443,1.0,0.0
0.5809275383905386,0.1488945203649727,1.0,0.0
0.5809275383905386,0.15186209789143096,1.0,0.0
0.5809275383905386,0.1548296754178892,1.0,0.0
0.5809275383905386,0.15779725294434746,1.0,0.0
0.5809275383905386,0.16076483047080573,1.0,0.0
0.5809275383905386,0.16373240799726396,1.0,0.0
0.5809275383905386,0.16669998552372223,1.0,0.0
0.5809275383905386,0.1696675630501805,1.0,0.0
0.5838951159169968,0.04502930693893366,1.0,0.0
0.5838951159169968,0.047996884465391916,1.0,0.0
0.5838951159169968,0.050964461991850174,1.0,0.0
0.5838951159169968,0.05393203951830843,1.0,0.0
0.5838951159169968,0.05689961704476669,1.0,0.0
0.5838951159169968,0.05986719457122495,1.0,0.0
0.5838951159169968,0.0628347720976832,1.0,0.0
0.5838951159169968,0.06580234962414147,1.0,0.0
0.5838951159169968,0.06876992715059972,1.0,0.0
0.5838951159169968,0.07173750467705797,1.0,0.0
0.5838951159169968,0.07470508220351624,1.0,0.0
0.5838951159169968,0.0776726597299745,1.0,0.0
0.5838951159169968,0.08064023725643275,1.0,0.0
0.5838951159169968,0.083607814782891,1.0,0.0
0.5838951159169968,0.08657539230934927,1.0,0.0
0.5838951159169968,0.08954296983580753,1.0,0.0
0.5838951159169968,0.09251054736226579,1.0,0.0
0.5838951159169968,0.09547812488872404,1.0,0.0
0.5838951159169968,0.0984457024151823,1.0,0.0
0.5838951159169968,0.10141327994164057,1.0,0.0
0.5838951159169968,0.10438085746809882,1.0,0.0
0.5838951159169968,0.10734843499455707,1.0,0.0
0.5838951159169968,0.11031601252101533,1.0,0.0
0.5838951159169968,0.1132835900474736,1.0,0.0
0.5838951159169968,0.11625116757393185,1.0,0.0
0.5838951159169968,0.1192187451003901,1.0,0.0
0.5838951159169968,0.12218632262684836,1.0,0.0
0.5838951159169968,0.12515390015330663,1.0,0.0
0.5838951159169968,0.1281214776797649,1.0,0.0
0.5838951159169968,0.13108905520622313,1.0,0.0
0.5838951159169968,0.1340566327326814,1.0,0.0
0.5838951159169968,0.13702421025913966,1.0,0.0
0.5838951159169968,0.1399917877855979,1.0,0.0
0.5838951159169968,0.14295936531205616,1.0,0.0
0.5838951159169968,0.14592694283851443,1.0,0.0
0.5838951159169968,0.1488945203649727,1.0,0.0
0.5838951159169968,0.15186209789143096,1.0,0.0
0.5838951159169968,0.1548296754178892,1.0,0.0
0.5838951159169968,0.15779725294434746,1.0,0.0
0.5838951159169968,0.16076483047080573,1.0,0.0
0.5838951159169968,0.16373240799726396,1.0,0.0
0.5838951159169968,0.16669998552372223,1.0,0.0
0.5838951159169968,0.1696675630501805,1.0,0.0
0.5868626934434551,0.04502930693893366,1.0,0.0
0.5868626934434551,0.047996884465391916,1.0,0.0
0.5868626934434551,0.050964461991850174,1.0,0.0
0.5868626934434551,0.05393203951830843,1.0,0.0
0.5868626934434551,0.05689961704476669,1.0,0.0
0.5868626934434551,0.05986719457122495,1.0,0.0
0.5868626934434551,0.0628347720976832,1.0,0.0
0.5868626934434551,0.06580234962414147,1.0,0.0
0.5868626934434551,0.06876992715059972,1.0,0.0
0.5868626934434551,0.07173750467705797,1.0,0.0
0.5868626934434551,0.07470508220351624,1.0,0.0
0.5868626934434551,0.0776726597299745,1.0,0.0
0.5868626934434551,0.08064023725643275,1.0,0.0
0.5868626934434551,0.083607814782891,1.0,0.0
0.5868626934434551,0.08657539230934927,1.0,0.0
0.5868626934434551,0.08954296983580753,1.0,0.0
0.5868626934434551,0.09251054736226579,1.0,0.0
0.5868626934434551,0.09547812488872404,1.0,0.0
0.5868626934434551,0.0984457024151823,1.0,0.0
0.5868626934434551,0.10141327994164057,1.0,0.0
0.5868626934434551,0.10438085746809882,1.0,0.0
0.5868626934434551,0.10734843499455707,1.0,0.0
0.5868626934434551,0.11031601252101533,1.0,0.0
0.5868626934434551,0.1132835900474736,1.0,0.0
0.5868626934434551,0.11625116757393185,1.0,0.0
0.5868626934434551,0.1192187451003901,1.0,0.0
0.5868626934434551,0.12218632262684836,1.0,0.0
0.5868626934434551,0.12515390015330663,1.0,0.0
0.5868626934434551,0.1281214776797649,1.0,0.0
0.5868626934434551,0.13108905520622313,1.0,0.0
0.5868626934434551,0.1340566327326814,1.0,0.0
0.5868626934434551,0.13702421025913966,1.0,0.0
0.5868626934434551,0.1399917877855979,1.0,0.0
0.5868626934434551,0.14295936531205616,1.0,0.0
0.5868626934434551,0.14592694283851443,1.0,0.0
0.5868626934434551,0.1488945203649727,1.0,0.0
0.5868626934434551,0.15186209789143096,1.0,0.0
0.5868626934434551,0.1548296754178892,1.0,0.0
0.5868626934434551,0.15779725294434746,1.0,0.0
0.5868626934434551,0.16076483047080573,1.0,0.0
0.5868626934434551,0.16373240799726396,1.0,0.0
0.5868626934434551,0.16669998552372223,1.0,0.0
0.5868626934434551,0.1696675630501805,1.0,0.0
0.5898302709699134,0.04502930693893366,1.0,0.0
0.5898302709699134,0.047996884465391916,1.0,0.0
0.5898302709699134,0.050964461991850174,1.0,0.0
0.5898302709699134,0.05393203951830843,1.0,0.0
0.5898302709699134,0.05689961704476669,1.0,0.0
0.5898302709699134,0.05986719457122495,1.0,0.0
0.5898302709699134,0.0628347720976832,1.0,0.0
0.5898302709699134,0.06580234962414147,1.0,0.0
0.5898302709699134,0.06876992715059972,1.0,0.0
0.5898302709699134,0.07173750467705797,1.0,0.0
0.5898302709699134,0.07470508220351624,1.0,0.0
0.5898302709699134,0.0776726597299745,1.0,0.0
0.5898302709699134,0.08064023725643275,1.0,0.0
0.5898302709699134,0.083607814782891,1.0,0.0
0.5898302709699134,0.08657539230934927,1.0,0.0
0.5898302709699134,0.08954296983580753,1.0,0.0
0.5898302709699134,0.09251054736226579,1.0,0.0
0.5898302709699134,0.09547812488872404,1.0,0.0
0.5898302709699134,0.0984457024151823,1.0,0.0
0.5898302709699134,0.10141327994164057,1.0,0.0
0.5898302709699134,0.10438085746809882,1.0,0.0
0.5898302709699134,0.10734843499455707,1.0,0.0
0.5898302709699134,0.11031601252101533,1.0,0.0
0.5898302709699134,0.1132835900474736,1.0,0.0
0.5898302709699134,0.11625116757393185,1.0,0.0
0.5898302709699134,0.1192187451003901,1.0,0.0
0.5898302709699134,0.12218632262684836,1.0,0.0
0.5898302709699134,0.12515390015330663,1.0,0.0
0.5898302709699134,0.1281214776797649,1.0,0.0
0.5898302709699134,0.13108905520622313,1.0,0.0
0.5898302709699134,0.1340566327326814,1.0,0.0
0.5898302709699134,0.13702421025913966,1.0,0.0
0.5898302709699134,0.1399917877855979,1.0,0.0
0.5898302709699134,0.14295936531205616,1.0,0.0
0.5898302709699134,0.14592694283851443,1.0,0.0
0.5898302709699134,0.1488945203649727,1.0,0.0
0.5898302709699134,0.15186209789143096,1.0,0.0
0.5898302709699134,0.1548296754178892,1.0,0.0
0.5898302709699134,0.15779725294434746,1.0,0.0
0.5898302709699134,0.16076483047080573,1.0,0.0
0.5898302709699134,0.16373240799726396,1.0,0.0
0.5898302709699134,0.16669998552372223,1.0,0.0
0.5898302709699134,0.1696675630501805,1.0,0.0
0.5927978484963716,0.04502930693893366,1.0,0.0
0.5927978484963716,0.047996884465391916,1.0,0.0
0.5927978484963716,0.050964461991850174,1.0,0.0
0.5927978484963716,0.05393203951830843,1.0,0.0
0.5927978484963716,0.05689961704476669,1.0,0.0
0.5927978484963716,0.05986719457122495,1.0,0.0
0.5927978484963716,0.0628347720976832,1.0,0.0
0.5927978484963716,0.06580234962414147,1.0,0.0
0.5927978484963716,0.06876992715059972,1.0,0.0
0.5927978484963716,0.07173750467705797,1.0,0.0
0.5927978484963716,0.07470508220351624,1.0,0.0
0.5927978484963716,0.0776726597299745,1.0,0.0
0.5927978484963716,0.08064023725643275,1.0,0.0
0.5927978484963716,0.083607814782891,1.0,0.0
0.5927978484963716,0.08657539230934927,1.0,0.0
0.5927978484963716,0.08954296983580753,1.0,0.0
0.5927978484963716,0.09251054736226579,1.0,0.0
0.5927978484963716,0.09547812488872404,1.0,0.0
0.5927978484963716,0.0984457024151823,1.0,0.0
0.5927978484963716,0.10141327994164057,1.0,0.0
0.5927978484963716,0.10438085746809882,1.0,0.0
0.5927978484963716,0.10734843499455707,1.0,0.0
0.5927978484963716,0.11031601252101533,1.0,0.0
0.5927978484963716,0.1132835900474736,1.0,0.0
0.5927978484963716,0.11625116757393185,1.0,0.0
0.5927978484963716,0.1192187451003901,1.0,0.0
0.5927978484963716,0.12218632262684836,1.0,0.0
0.5927978484963716,0.12515390015330663,1.0,0.0
0.5927978484963716,0.1281214776797649,1.0,0.0
0.5927978484963716,0.13108905520622313,1.0,0.0
0.5927978484963716,0.1340566327326814,1.0,0.0
0.5927978484963716,0.13702421025913966,1.0,0.0
0.5927978484963716,0.1399917877855979,1.0,0.0
0.5927978484963716,0.14295936531205616,1.0,0.0
0.5927978484963716,0.14592694283851443,1.0,0.0
0.5927978484963716,0.1488945203649727,1.0,0.0
0.5927978484963716,0.15186209789143096,1.0,0.0
0.5927978484963716,0.1548296754178892,1.0,0.0
0.5927978484963716,0.15779725294434746,1.0,0.0
0.5927978484963716,0.16076483047080573,1.0,0.0
0.5927978484963716,0.16373240799726396,1.0,0.0
0.5927978484963716,0.16669998552372223,1.0,0.0
0.5927978484963716,0.1696675630501805,1.0,0.0
0.5957654260228299,0.047996884465391916,1.0,0.0
0.5957654260228299,0.050964461991850174,1.0,0.0
0.5957654260228299,0.05393203951830843,1.0,0.0
0.5957654260228299,0.05689961704476669,1.0,0.0
0.5957654260228299,0.05986719457122495,1.0,0.0
0.5957654260228299,0.0628347720976832,1.0,0.0
0.5957654260228299,0.06580234962414147,1.0,0.0
0.5957654260228299,0.06876992715059972,1.0,0.0
0.5957654260228299,0.07173750467705797,1.0,0.0
0.5957654260228299,0.07470508220351624,1.0,0.0
0.5957654260228299,0.0776726597299745,1.0,0.0
0.5957654260228299,0.08064023725643275,1.0,0.0
0.5957654260228299,0.083607814782891,1.0,0.0
0.5957654260228299,0.08657539230934927,1.0,0.0
0.5957654260228299,0.08954296983580753,1.0,0.0
0.5957654260228299,0.09251054736226579,1.0,0.0
0.5957654260228299,0.09547812488872404,1.0,0.0
0.5957654260228299,0.0984457024151823,1.0,0.0
0.5957654260228299,0.10141327994164057,1.0,0.0
0.5957654260228299,0.10438085746809882,1.0,0.0
0.5957654260228299,0.10734843499455707,1.0,0.0
0.5957654260228299,0.11031601252101533,1.0,0.0
0.5957654260228299,0.1132835900474736,1.0,0.0
0.5957654260228299,0.11625116757393185,1.0,0.0
0.5957654260228299,0.1192187451003901,1.0,0.0
0.5957654260228299,0.12218632262684836,1.0,0.0
0.5957654260228299,0.12515390015330663,1.0,0.0
0.5957654260228299,0.1281214776797649,1.0,0.0
0.5957654260228299,0.13108905520622313,1.0,0.0
0.5957654260228299,0.1340566327326814,1.0,0.0
0.5957654260228299,0.13702421025913966,1.0,0.0
0.5957654260228299,0.1399917877855979,1.0,0.0
0.5957654260228299,0.14295936531205616,1.0,0.0
0.5957654260228299,0.14592694283851443,1.0,0.0
0.5957654260228299,0.1488945203649727,1.0,0.0
0.5957654260228299,0.15186209789143096,1.0,0.0
0.5957654260228299,0.1548296754178892,1.0,0.0
0.5957654260228299,0.15779725294434746,1.0,0.0
0.5957654260228299,0.16076483047080573,1.0,0.0
0.5957654260228299,0.16373240799726396,1.0,0.0
0.5957654260228299,0.16669998552372223,1.0,0.0
0.5957654260228299,0.1696675630501805,1.0,0.0
0.5957654260228299,0.17263514057663876,1.0,0.0
0.5987330035492882,0.047996884465391916,1.0,0.0
0.5987330035492882,0.050964461991850174,1.0,0.0
0.5987330035492882,0.05393203951830843,1.0,0.0
0.5987330035492882,0.05689961704476669,1.0,0.0
0.5987330035492882,0.05986719457122495,1.0,0.0
0.5987330035492882,0.0628347720976832,1.0,0.0
0.5987330035492882,0.06580234962414147,1.0,0.0
0.5987330035492882,0.06876992715059972,1.0,0.0
0.5987330035492882,0.07173750467705797,1.0,0.0
0.5987330035492882,0.07470508220351624,1.0,0.0
0.5987330035492882,0.0776726597299745,1.0,0.0
0.5987330035492882,0.08064023725643275,1.0,0.0
0.5987330035492882,0.083607814782891,1.0,0.0
0.5987330035492882,0.08657539230934927,1.0,0.0
0.5987330035492882,0.08954296983580753,1.0,0.0
0.5987330035492882,0.09251054736226579,1.0,0.0
0.5987330035492882,0.09547812488872404,1.0,0.0
0.5987330035492882,0.0984457024151823,1.0,0.0
0.5987330035492882,0.10141327994164057,1.0,0.0
0.5987330035492882,0.10438085746809882,1.0,0.0
0.5987330035492882,0.10734843499455707,1.0,0.0
0.5987330035492882,0.11031601252101533,1.0,0.0
0.5987330035492882,0.1132835900474736,1.0,0.0
0.5987330035492882,0.11625116757393185,1.0,0.0
0.5987330035492882,0.1192187451003901,1.0,0.0
0.5987330035492882,0.12218632262684836,1.0,0.0
0.5987330035492882,0.12515390015330663,1.0,0.0
0.5987330035492882,0.1281214776797649,1.0,0.0
0.5987330035492882,0.13108905520622313,1.0,0.0
0.5987330035492882,0.1340566327326814,1.0,0.0
0.5987330035492882,0.13702421025913966,1.0,0.0
0.5987330035492882,0.1399917877855979,1.0,0.0
0.5987330035492882,0.14295936531205616,1.0,0.0
0.5987330035492882,0.14592694283851443,1.0,0.0
0.5987330035492882,0.1488945203649727,1.0,0.0
0.5987330035492882,0.15186209789143096,1.0,0.0
0.5987330035492882,0.1548296754178892,1.0,0.0
0.5987330035492882,0.15779725294434746,1.0,0.0
0.5987330035492882,0.16076483047080573,1.0,0.0
0.5987330035492882,0.16373240799726396,1.0,0.0
0.5987330035492882,0.16669998552372223,1.0,0.0
0.5987330035492882,0.1696675630501805,1.0,0.0
0.5987330035492882,0.17263514057663876,1.0,0.0
0.6017005810757464,0.047996884465391916,1.0,0.0
0.6017005810757464,0.050964461991850174,1.0,0.0
0.6017005810757464,0.05393203951830843,1.0,0.0
0.6017005810757464,0.05689961704476669,1.0,0.0
0.6017005810757464,0.05986719457122495,1.0,0.0
0.6017005810757464,0.0628347720976832,1.0,0.0
0.6017005810757464,0.06580234962414147,1.0,0.0
0.6017005810757464,0.06876992715059972,1.0,0.0
0.6017005810757464,0.07173750467705797,1.0,0.0
0.6017005810757464,0.07470508220351624,1.0,0.0
0.6017005810757464,0.0776726597299745,1.0,0.0
0.6017005810757464,0.08064023725643275,1.0,0.0
0.6017005810757464,0.083607814782891,1.0,0.0
0.6017005810757464,0.08657539230934927,1.0,0.0
0.6017005810757464,0.08954296983580753,1.0,0.0
0.6017005810757464,0.09251054736226579,1.0,0.0
0.6017005810757464,0.09547812488872404,1.0,0.0
0.6017005810757464,0.0984457024151823,1.0,0.0
0.6017005810757464,0.10141327994164057,1.0,0.0
0.6017005810757464,0.10438085746809882,1.0,0.0
0.6017005810757464,0.10734843499455707,1.0,0.0
0.6017005810757464,0.11031601252101533,1.0,0.0
0.6017005810757464,0.1132835900474736,1.0,0.0
0.6017005810757464,0.11625116757393185,1.0,0.0
0.6017005810757464,0.1192187451003901,1.0,0.0
0.6017005810757464,0.12218632262684836,1.0,0.0
0.6017005810757464,0.12515390015330663,1.0,0.0
0.6017005810757464,0.1281214776797649,1.0,0.0
0.6017005810757464,0.13108905520622313,1.0,0.0
0.6017005810757464,0.1340566327326814,1.0,0.0
0.6017005810757464,0.13702421025913966,1.0,0.0
0.6017005810757464,0.1399917877855979,1.0,0.0
0.6017005810757464,0.14295936531205616,1.0,0.0
0.6017005810757464,0.14592694283851443,1.0,0.0
0.6017005810757464,0.1488945203649727,1.0,0.0
0.6017005810757464,0.15186209789143096,1.0,0.0
0.6017005810757464,0.1548296754178892,1.0,0.0
0.6017005810757464,0.15779725294434746,1.0,0.0
0.6017005810757464,0.16076483047080573,1.0,0.0
0.6017005810757464,0.16373240799726396,1.0,0.0
0.6017005810757464,0.16669998552372223,1.0,0.0
0.6017005810757464,0.1696675630501805,1.0,0.0
0.6017005810757464,0.17263514057663876,1.0,0.0
0.6046681586022047,0.047996884465391916,1.0,0.0
0.6046681586022047,0.050964461991850174,1.0,0.0
0.6046681586022047,0.05393203951830843,1.0,0.0
0.6046681586022047,0.05689961704476669,1.0,0.0
0.6046681586022047,0.05986719457122495,1.0,0.0
0.6046681586022047,0.0628347720976832,1.0,0.0
0.6046681586022047,0.06580234962414147,1.0,0.0
0.6046681586022047,0.06876992715059972,1.0,0.0
0.6046681586022047,0.07173750467705797,1.0,0.0
0.6046681586022047,0.07470508220351624,1.0,0.0
0.6046681586022047,0.0776726597299745,1.0,0.0
0.6046681586022047,0.08064023725643275,1.0,0.0
0.6046681586022047,0.083607814782891,1.0,0.0
0.6046681586022047,0.08657539230934927,1.0,0.0
0.6046681586022047,0.08954296983580753,1.0,0.0
0.6046681586022047,0.09251054736226579,1.0,0.0
0.6046681586022047,0.09547812488872404,1.0,0.0
0.6046681586022047,0.0984457024151823,1.0,0.0
0.6046681586022047,0.10141327994164057,1.0,0.0
0.6046681586022047,0.10438085746809882,1.0,0.0
0.6046681586022047,0.10734843499455707,1.0,0.0
0.6046681586022047,0.11031601252101533,1.0,0.0
0.6046681586022047,0.1132835900474736,1.0,0.0
0.6046681586022047,0.11625116757393185,1.0,0.0
0.6046681586022047,0.1192187451003901,1.0,0.0
0.6046681586022047,0.12218632262684836,1.0,0.0
0.6046681586022047,0.12515390015330663,1.0,0.0
0.6046681586022047,0.1281214776797649,1.0,0.0
0.6046681586022047,0.13108905520622313,1.0,0.0
0.6046681586022047,0.1340566327326814,1.0,0.0
0.6046681586022047,0.13702421025913966,1.0,0.0
0.6046681586022047,0.1399917877855979,1.0,0.0
0.6046681586022047,0.14295936531205616,1.0,0.0
0.6046681586022047,0.14592694283851443,1.0,0.0
0.6046681586022047,0.1488945203649727,1.0,0.0
0.6046681586022047,0.15186209789143096,1.0,0.0
0.6046681586022047,0.1548296754178892,1.0,0.0
0.6046681586022047,0.15779725294434746,1.0,0.0
0.6046681586022047,0.16076483047080573,1.0,0.0
0.6046681586022047,0.16373240799726396,1.0,0.0
0.6046681586022047,0.16669998552372223,1.0,0.0
0.6046681586022047,0.1696675630501805,1.0,0.0
0.607635736128663,0.047996884465391916,1.0,0.0
0.607635736128663,0.050964461991850174,1.0,0.0
0.607635736128663,0.05393203951830843,1.0,0.0
0.607635736128663,0.05689961704476669,1.0,0.0
0.607635736128663,0.05986719457122495,1.0,0.0
0.607635736128663,0.0628347720976832,1.0,0.0
0.607635736128663,0.06580234962414147,1.0,0.0
0.607635736128663,0.06876992715059972,1.0,0.0
0.607635736128663,0.07173750467705797,1.0,0.0
0.607635736128663,0.07470508220351624,1.0,0.0
0.607635736128663,0.0776726597299745,1.0,0.0
0.607635736128663,0.08064023725643275,1.0,0.0
0.607635736128663,0.083607814782891,1.0,0.0
0.607635736128663,0.08657539230934927,1.0,0.0
0.607635736128663,0.08954296983580753,1.0,0.0
0.607635736128663,0.09251054736226579,1.0,0.0
0.607635736128663,0.09547812488872404,1.0,0.0
0.607635736128663,0.0984457024151823,1.0,0.0
0.607635736128663,0.10141327994164057,1.0,0.0
0.607635736128663,0.10438085746809882,1.0,0.0
0.607635736128663,0.10734843499455707,1.0,0.0
0.607635736128663,0.11031601252101533,1.0,0.0
0.607635736128663,0.1132835900474736,1.0,0.0
0.607635736128663,0.11625116757393185,1.0,0.0
0.607635736128663,0.1192187451003901,1.0,0.0
0.607635736128663,0.12218632262684836,1.0,0.0
0.607635736128663,0.12515390015330663,1.0,0.0
0.607635736128663,0.1281214776797649,1.0,0.0
0.607635736128663,0.13108905520622313,1.0,0.0
0.607635736128663,0.1340566327326814,1.0,0.0
0.607635736128663,0.13702421025913966,1.0,0.0
0.607635736128663,0.1399917877855979,1.0,0.0
0.607635736128663,0.14295936531205616,1.0,0.0
0.607635736128663,0.14592694283851443,1.0,0.0
0.607635736128663,0.1488945203649727,1.0,0.0
0.607635736128663,0.15186209789143096,1.0,0.0
0.607635736128663,0.1548296754178892,1.0,0.0
0.607635736128663,0.15779725294434746,1.0,0.0
0.607635736128663,0.16076483047080573,1.0,0.0
0.607635736128663,0.16373240799726396,1.0,0.0
0.607635736128663,0.16669998552372223,1.0,0.0
0.607635736128663,0.1696675630501805,1.0,0.0
0.6106033136551212,0.050964461991850174,1.0,0.0
0.6106033136551212,0.05393203951830843,1.0,0.0
0.6106033136551212,0.05689961704476669,1.0,0.0
0.6106033136551212,0.05986719457122495,1.0,0.0
0.6106033136551212,0.0628347720976832,1.0,0.0
0.6106033136551212,0.06580234962414147,1.0,0.0
0.6106033136551212,0.06876992715059972,1.0,0.0
0.6106033136551212,0.07173750467705797,1.0,0.0
0.6106033136551212,0.07470508220351624,1.0,0.0
0.6106033136551212,0.0776726597299745,1.0,0.0
0.6106033136551212,0.08064023725643275,1.0,0.0
0.6106033136551212,0.083607814782891,1.0,0.0
0.6106033136551212,0.08657539230934927,1.0,0.0
0.6106033136551212,0.08954296983580753,1.0,0.0
0.6106033136551212,0.09251054736226579,1.0,0.0
0.6106033136551212,0.09547812488872404,1.0,0.0
0.6106033136551212,0.0984457024151823,1.0,0.0
0.6106033136551212,0.10141327994164057,1.0,0.0
0.6106033136551212,0.10438085746809882,1.0,0.0
0.6106033136551212,0.10734843499455707,1.0,0.0
0.6106033136551212,0.11031601252101533,1.0,0.0
0.6106033136551212,0.1132835900474736,1.0,0.0
0.6106033136551212,0.11625116757393185,1.0,0.0
0.6106033136551212,0.1192187451003901,1.0,0.0
0.6106033136551212,0.12218632262684836,1.0,0.0
0.6106033136551212,0.12515390015330663,1.0,0.0
0.6106033136551212,0.1281214776797649,1.0,0.0
0.6106033136551212,0.13108905520622313,1.0,0.0
0.6106033136551212,0.1340566327326814,1.0,0.0
0.6106033136551212,0.13702421025913966,1.0,0.0
0.6106033136551212,0.1399917877855979,1.0,0.0
0.6106033136551212,0.14295936531205616,1.0,0.0
0.6106033136551212,0.14592694283851443,1.0,0.0
0.6106033136551212,0.1488945203649727,1.0,0.0
0.6106033136551212,0.15186209789143096,1.0,0.0
0.6106033136551212,0.1548296754178892,1.0,0.0
0.6106033136551212,0.15779725294434746,1.0,0.0
0.6106033136551212,0.16076483047080573,1.0,0.0
0.6106033136551212,0.16373240799726396,1.0,0.0
0.6106033136551212,0.16669998552372223,1.0,0.0
0.6106033136551212,0.1696675630501805,1.0,0.0
0.6135708911815795,0.05393203951830843,1.0,0.0
0.6135708911815795,0.05689961704476669,1.0,0.0
0.6135708911815795,0.05986719457122495,1.0,0.0
0.6135708911815795,0.0628347720976832,1.0,0.0
0.6135708911815795,0.06580234962414147,1.0,0.0
0.6135708911815795,0.06876992715059972,1.0,0.0
0.6135708911815795,0.07173750467705797,1.0,0.0
0.6135708911815795,0.07470508220351624,1.0,0.0
0.6135708911815795,0.0776726597299745,1.0,0.0
0.6135708911815795,0.08064023725643275,1.0,0.0
0.6135708911815795,0.083607814782891,1.0,0.0
0.6135708911815795,0.08657539230934927,1.0,0.0
0.6135708911815795,0.08954296983580753,1.0,0.0
0.6135708911815795,0.09251054736226579,1.0,0.0
0.6135708911815795,0.09547812488872404,1.0,0.0
0.6135708911815795,0.0984457024151823,1.0,0.0
0.6135708911815795,0.10141327994164057,1.0,0.0
0.6135708911815795,0.10438085746809882,1.0,0.0
0.6135708911815795,0.10734843499455707,1.0,0.0
0.6135708911815795,0.11031601252101533,1.0,0.0
0.6135708911815795,0.1132835900474736,1.0,0.0
0.6135708911815795,0.11625116757393185,1.0,0.0
0.6135708911815795,0.1192187451003901,1.0,0.0
0.6135708911815795,0.12218632262684836,1.0,0.0
0.6135708911815795,0.12515390015330663,1.0,0.0
0.6135708911815795,0.1281214776797649,1.0,0.0
0.6135708911815795,0.13108905520622313,1.0,0.0
0.6135708911815795,0.1340566327326814,1.0,0.0
0.6135708911815795,0.13702421025913966,1.0,0.0
0.6135708911815795,0.1399917877855979,1.0,0.0
0.6135708911815795,0.14295936531205616,1.0,0.0
0.6135708911815795,0.14592694283851443,1.0,0.0
0.6135708911815795,0.1488945203649727,1.0,0.0
0.6135708911815795,0.15186209789143096,1.0,0.0
0.6135708911815795,0.1548296754178892,1.0,0.0
0.6135708911815795,0.15779725294434746,1.0,0.0
0.6135708911815795,0.16076483047080573,1.0,0.0
0.6135708911815795,0.16373240799726396,1.0,0.0
0.6135708911815795,0.16669998552372223,1.0,0.0
0.6135708911815795,0.1696675630501805,1.0,0.0
0.6165384687080377,0.05689961704476669,1.0,0.0
0.6165384687080377,0.05986719457122495,1.0,0.0
0.6165384687080377,0.0628347720976832,1.0,0.0
0.6165384687080377,0.06580234962414147,1.0,0.0
0.6165384687080377,0.06876992715059972,1.0,0.0
0.6165384687080377,0.07173750467705797,1.0,0.0
0.6165384687080377,0.07470508220351624,1.0,0.0
0.6165384687080377,0.0776726597299745,1.0,0.0
0.6165384687080377,0.08064023725643275,1.0,0.0
0.6165384687080377,0.083607814782891,1.0,0.0
0.6165384687080377,0.08657539230934927,1.0,0.0
0.6165384687080377,0.08954296983580753,1.0,0.0
0.6165384687080377,0.09251054736226579,1.0,0.0
0.6165384687080377,0.09547812488872404,1.0,0.0
0.6165384687080377,0.0984457024151823,1.0,0.0
0.6165384687080377,0.10141327994164057,1.0,0.0
0.6165384687080377,0.10438085746809882,1.0,0.0
0.6165384687080377,0.10734843499455707,1.0,0.0
0.6165384687080377,0.11031601252101533,1.0,0.0
0.6165384687080377,0.1132835900474736,1.0,0.0
0.6165384687080377,0.11625116757393185,1.0,0.0
0.6165384687080377,0.1192187451003901,1.0,0.0
0.6165384687080377,0.12218632262684836,1.0,0.0
0.6165384687080377,0.12515390015330663,1.0,0.0
0.6165384687080377,0.1281214776797649,1.0,0.0
0.6165384687080377,0.13108905520622313,1.0,0.0
0.6165384687080377,0.1340566327326814,1.0,0.0
0.6165384687080377,0.13702421025913966,1.0,0.0
0.6165384687080377,0.1399917877855979,1.0,0.0
0.6165384687080377,0.14295936531205616,1.0,0.0
0.6165384687080377,0.14592694283851443,1.0,0.0
0.6165384687080377,0.1488945203649727,1.0,0.0
0.6165384687080377,0.15186209789143096,1.0,0.0
0.6165384687080377,0.1548296754178892,1.0,0.0
0.6165384687080377,0.15779725294434746,1.0,0.0
0.6165384687080377,0.16076483047080573,1.0,0.0
0.6165384687080377,0.16373240799726396,1.0,0.0
0.6165384687080377,0.16669998552372223,1.0,0.0
0.6165384687080377,0.1696675630501805,1.0,0.0
0.619506046234496,0.0628347720976832,1.0,0.0
0.619506046234496,0.06580234962414147,1.0,0.0
0.619506046234496,0.06876992715059972,1.0,0.0
0.619506046234496,0.07173750467705797,1.0,0.0
0.619506046234496,0.07470508220351624,1.0,0.0
0.619506046234496,0.0776726597299745,1.0,0.0
0.619506046234496,0.08064023725643275,1.0,0.0
0.619506046234496,0.083607814782891,1.0,0.0
0.619506046234496,0.08657539230934927,1.0,0.0
0.619506046234496,0.08954296983580753,1.0,0.0
0.619506046234496,0.09251054736226579,1.0,0.0
0.619506046234496,0.09547812488872404,1.0,0.0
0.619506046234496,0.0984457024151823,1.0,0.0
0.619506046234496,0.10141327994164057,1.0,0.0
0.619506046234496,0.10438085746809882,1.0,0.0
0.619506046234496,0.10734843499455707,1.0,0.0
0.619506046234496,0.11031601252101533,1.0,0.0
0.619506046234496,0.1132835900474736,1.0,0.0
0.619506046234496,0.11625116757393185,1.0,0.0
0.619506046234496,0.1192187451003901,1.0,0.0
0.619506046234496,0.12218632262684836,1.0,0.0
0.619506046234496,0.12515390015330663,1.0,0.0
0.619506046234496,0.1281214776797649,1.0,0.0
0.619506046234496,0.13108905520622313,1.0,0.0
0.619506046234496,0.1340566327326814,1.0,0.0
0.619506046234496,0.13702421025913966,1.0,0.0
0.619506046234496,0.1399917877855979,1.0,0.0
0.619506046234496,0.14295936531205616,1.0,0.0
0.619506046234496,0.14592694283851443,1.0,0.0
0.619506046234496,0.1488945203649727,1.0,0.0
0.619506046234496,0.15186209789143096,1.0,0.0
0.619506046234496,0.1548296754178892,1.0,0.0
0.619506046234496,0.15779725294434746,1.0,0.0
0.619506046234496,0.16076483047080573,1.0,0.0
0.619506046234496,0.16373240799726396,1.0,0.0
0.619506046234496,0.16669998552372223,1.0,0.0
0.619506046234496,0.1696675630501805,1.0,0.0
0.6224736237609543,0.06580234962414147,1.0,0.0
0.6224736237609543,0.06876992715059972,1.0,0.0
0.6224736237609543,0.07173750467705797,1.0,0.0
0.6224736237609543,0.07470508220351624,1.0,0.0
0.6224736237609543,0.0776726597299745,1.0,0.0
0.6224736237609543,0.08064023725643275,1.0,0.0
0.6224736237609543,0.083607814782891,1.0,0.0
0.6224736237609543,0.08657539230934927,1.0,0.0
0.6224736237609543,0.08954296983580753,1.0,0.0
0.6224736237609543,0.09251054736226579,1.0,0.0
0.6224736237609543,0.09547812488872404,1.0,0.0
0.6224736237609543,0.0984457024151823,1.0,0.0
0.6224736237609543,0.10141327994164057,1.0,0.0
0.6224736237609543,0.10438085746809882,1.0,0.0
0.6224736237609543,0.10734843499455707,1.0,0.0
0.6224736237609543,0.11031601252101533,1.0,0.0
0.6224736237609543,0.1132835900474736,1.0,0.0
0.6224736237609543,0.11625116757393185,1.0,0.0
0.6224736237609543,0.1192187451003901,1.0,0.0
0.6224736237609543,0.12218632262684836,1.0,0.0
0.6224736237609543,0.12515390015330663,1.0,0.0
0.6224736237609543,0.1281214776797649,1.0,0.0
0.6224736237609543,0.13108905520622313,1.0,0.0
0.6224736237609543,0.1340566327326814,1.0,0.0
0.6224736237609543,0.13702421025913966,1.0,0.0
0.6224736237609543,0.1399917877855979,1.0,0.0
0.6224736237609543,0.14295936531205616,1.0,0.0
0.6224736237609543,0.14592694283851443,1.0,0.0
0.6224736237609543,0.1488945203649727,1.0,0.0
0.6224736237609543,0.15186209789143096,1.0,0.0
0.6224736237609543,0.1548296754178892,1.0,0.0
0.6224736237609543,0.15779725294434746,1.0,0.0
0.6224736237609543,0.16076483047080573,1.0,0.0
0.6224736237609543,0.16373240799726396,1.0,0.0
0.6224736237609543,0.16669998552372223,1.0,0.0
0.6224736237609543,0.1696675630501805,1.0,0.0
0.6254412012874125,0.07173750467705797,1.0,0.0
0.6254412012874125,0.07470508220351624,1.0,0.0
0.6254412012874125,0.0776726597299745,1.0,0.0
0.6254412012874125,0.08064023725643275,1.0,0.0
0.6254412012874125,0.083607814782891,1.0,0.0
0.6254412012874125,0.08657539230934927,1.0,0.0
0.6254412012874125,0.08954296983580753,1.0,0.0
0.6254412012874125,0.09251054736226579,1.0,0.0
0.6254412012874125,0.09547812488872404,1.0,0.0
0.6254412012874125,0.0984457024151823,1.0,0.0
0.6254412012874125,0.10141327994164057,1.0,0.0
0.6254412012874125,0.10438085746809882,1.0,0.0
0.6254412012874125,0.10734843499455707,1.0,0.0
0.6254412012874125,0.11031601252101533,1.0,0.0
0.6254412012874125,0.1132835900474736,1.0,0.0
0.6254412012874125,0.11625116757393185,1.0,0.0
0.6254412012874125,0.1192187451003901,1.0,0.0
0.6254412012874125,0.12218632262684836,1.0,0.0
0.6254412012874125,0.12515390015330663,1.0,0.0
0.6254412012874125,0.1281214776797649,1.0,0.0
0.6254412012874125,0.13108905520622313,1.0,0.0
0.6254412012874125,0.1340566327326814,1.0,0.0
0.6254412012874125,0.13702421025913966,1.0,0.0
0.6254412012874125,0.1399917877855979,1.0,0.0
0.6254412012874125,0.14295936531205616,1.0,0.0
0.6254412012874125,0.14592694283851443,1.0,0.0
0.6254412012874125,0.1488945203649727,1.0,0.0
0.6254412012874125,0.15186209789143096,1.0,0.0
0.6254412012874125,0.1548296754178892,1.0,0.0
0.6254412012874125,0.15779725294434746,1.0,0.0
0.6254412012874125,0.16076483047080573,1.0,0.0
0.6254412012874125,0.16373240799726396,1.0,0.0
0.6254412012874125,0.16669998552372223,1.0,0.0
0.6254412012874125,0.1696675630501805,1.0,0.0
0.6284087788138708,0.07173750467705797,1.0,0.0
0.6284087788138708,0.07470508220351624,1.0,0.0
0.6284087788138708,0.0776726597299745,1.0,0.0
0.6284087788138708,0.08064023725643275,1.0,0.0
0.6284087788138708,0.083607814782891,1.0,0.0
0.6284087788138708,0.08657539230934927,1.0,0.0
0.6284087788138708,0.08954296983580753,1.0,0.0
0.6284087788138708,0.09251054736226579,1.0,0.0
0.6284087788138708,0.09547812488872404,1.0,0.0
0.6284087788138708,0.0984457024151823,1.0,0.0
0.6284087788138708,0.10141327994164057,1.0,0.0
0.6284087788138708,0.10438085746809882,1.0,0.0
0.6284087788138708,0.10734843499455707,1.0,0.0
0.6284087788138708,0.11031601252101533,1.0,0.0
0.6284087788138708,0.1132835900474736,1.0,0.0
0.6284087788138708,0.11625116757393185,1.0,0.0
0.6284087788138708,0.1192187451003901,1.0,0.0
0.6284087788138708,0.12218632262684836,1.0,0.0
0.6284087788138708,0.12515390015330663,1.0,0.0
0.6284087788138708,0.1281214776797649,1.0,0.0
0.6284087788138708,0.13108905520622313,1.0,0.0
0.6284087788138708,0.1340566327326814,1.0,0.0
0.6284087788138708,0.13702421025913966,1.0,0.0
0.6284087788138708,0.1399917877855979,1.0,0.0
0.6284087788138708,0.14295936531205616,1.0,0.0
0.6284087788138708,0.14592694283851443,1.0,0.0
0.6284087788138708,0.1488945203649727,1.0,0.0
0.6284087788138708,0.15186209789143096,1.0,0.0
0.6284087788138708,0.1548296754178892,1.0,0.0
0.6284087788138708,0.15779725294434746,1.0,0.0
0.6284087788138708,0.16076483047080573,1.0,0.0
0.6284087788138708,0.16373240799726396,1.0,0.0
0.6284087788138708,0.16669998552372223,1.0,0.0
0.6284087788138708,0.1696675630501805,1.0,0.0
0.6313763563403291,0.07173750467705797,1.0,0.0
0.6313763563403291,0.07470508220351624,1.0,0.0
0.6313763563403291,0.0776726597299745,1.0,0.0
0.6313763563403291,0.08064023725643275,1.0,0.0
0.6313763563403291,0.083607814782891,1.0,0.0
0.6313763563403291,0.08657539230934927,1.0,0.0
0.6313763563403291,0.08954296983580753,1.0,0.0
0.6313763563403291,0.09251054736226579,1.0,0.0
0.6313763563403291,0.09547812488872404,1.0,0.0
0.6313763563403291,0.0984457024151823,1.0,0.0
0.6313763563403291,0.10141327994164057,1.0,0.0
0.6313763563403291,0.10438085746809882,1.0,0.0
0.6313763563403291,0.10734843499455707,1.0,0.0
0.6313763563403291,0.11031601252101533,1.0,0.0
0.6313763563403291,0.1132835900474736,1.0,0.0
0.6313763563403291,0.11625116757393185,1.0,0.0
0.6313763563403291,0.1192187451003901,1.0,0.0
0.6313763563403291,0.12218632262684836,1.0,0.0
0.6313763563403291,0.12515390015330663,1.0,0.0
0.6313763563403291,0.1281214776797649,1.0,0.0
0.6313763563403291,0.13108905520622313,1.0,0.0
0.6313763563403291,0.1340566327326814,1.0,0.0
0.6313763563403291,0.13702421025913966,1.0,0.0
0.6313763563403291,0.1399917877855979,1.0,0.0
0.6313763563403291,0.14295936531205616,1.0,0.0
0.6313763563403291,0.14592694283851443,1.0,0.0
0.6313763563403291,0.1488945203649727,1.0,0.0
0.6313763563403291,0.15186209789143096,1.0,0.0
0.6313763563403291,0.1548296754178892,1.0,0.0
0.6313763563403291,0.15779725294434746,1.0,0.0
0.6313763563403291,0.16076483047080573,1.0,0.0
0.6313763563403291,0.16373240799726396,1.0,0.0
0.6313763563403291,0.16669998552372223,1.0,0.0
0.6313763563403291,0.1696675630501805,1.0,0.0
0.6343439338667873,0.06876992715059972,1.0,0.0
0.6343439338667873,0.07173750467705797,1.0,0.0
0.6343439338667873,0.07470508220351624,1.0,0.0
0.6343439338667873,0.0776726597299745,1.0,0.0
0.6343439338667873,0.08064023725643275,1.0,0.0
0.6343439338667873,0.083607814782891,1.0,0.0
0.6343439338667873,0.08657539230934927,1.0,0.0
0.6343439338667873,0.08954296983580753,1.0,0.0
0.6343439338667873,0.09251054736226579,1.0,0.0
0.6343439338667873,0.09547812488872404,1.0,0.0
0.6343439338667873,0.0984457024151823,1.0,0.0
0.6343439338667873,0.10141327994164057,1.0,0.0
0.6343439338667873,0.10438085746809882,1.0,0.0
0.6343439338667873,0.10734843499455707,1.0,0.0
0.6343439338667873,0.11031601252101533,1.0,0.0
0.6343439338667873,0.1132835900474736,1.0,0.0
0.6343439338667873,0.11625116757393185,1.0,0.0
0.6343439338667873,0.1192187451003901,1.0,0.0
0.6343439338667873,0.12218632262684836,1.0,0.0
0.6343439338667873,0.12515390015330663,1.0,0.0
0.6343439338667873,0.1281214776797649,1.0,0.0
0.6343439338667873,0.13108905520622313,1.0,0.0
0.6343439338667873,0.1340566327326814,1.0,0.0
0.6343439338667873,0.13702421025913966,1.0,0.0
0.6343439338667873,0.1399917877855979,1.0,0.0
0.6343439338667873,0.14295936531205616,1.0,0.0
0.6343439338667873,0.14592694283851443,1.0,0.0
0.6343439338667873,0.1488945203649727,1.0,0.0
0.6343439338667873,0.15186209789143096,1.0,0.0
0.6343439338667873,0.1548296754178892,1.0,0.0
0.6343439338667873,0.15779725294434746,1.0,0.0
0.6343439338667873,0.16076483047080573,1.0,0.0
0.6343439338667873,0.16373240799726396,1.0,0.0
0.6343439338667873,0.16669998552372223,1.0,0.0
0.6343439338667873,0.1696675630501805,1.0,0.0
0.6373115113932456,0.07173750467705797,1.0,0.0
0.6373115113932456,0.07470508220351624,1.0,0.0
0.6373115113932456,0.0776726597299745,1.0,0.0
0.6373115113932456,0.08064023725643275,1.0,0.0
0.6373115113932456,0.083607814782891,1.0,0.0
0.6373115113932456,0.08657539230934927,1.0,0.0
0.6373115113932456,0.08954296983580753,1.0,0.0
0.6373115113932456,0.09251054736226579,1.0,0.0
0.6373115113932456,0.09547812488872404,1.0,0.0
0.6373115113932456,0.0984457024151823,1.0,0.0
0.6373115113932456,0.10141327994164057,1.0,0.0
0.6373115113932456,0.10438085746809882,1.0,0.0
0.6373115113932456,0.10734843499455707,1.0,0.0
0.6373115113932456,0.11031601252101533,1.0,0.0
0.6373115113932456,0.1132835900474736,1.0,0.0
0.6373115113932456,0.11625116757393185,1.0,0.0
0.6373115113932456,0.1192187451003901,1.0,0.0
0.6373115113932456,0.12218632262684836,1.0,0.0
0.6373115113932456,0.12515390015330663,1.0,0.0
0.6373115113932456,0.1281214776797649,1.0,0.0
0.6373115113932456,0.13108905520622313,1.0,0.0
0.6373115113932456,0.1340566327326814,1.0,0.0
0.6373115113932456,0.13702421025913966,1.0,0.0
0.6373115113932456,0.1399917877855979,1.0,0.0
0.6373115113932456,0.14295936531205616,1.0,0.0
0.6373115113932456,0.14592694283851443,1.0,0.0
0.6373115113932456,0.1488945203649727,1.0,0.0
0.6373115113932456,0.15186209789143096,1.0,0.0
0.6373115113932456,0.1548296754178892,1.0,0.0
0.6373115113932456,0.15779725294434746,1.0,0.0
0.6373115113932456,0.16076483047080573,1.0,0.0
0.6373115113932456,0.16373240799726396,1.0,0.0
0.6373115113932456,0.16669998552372223,1.0,0.0
0.6373115113932456,0.1696675630501805,1.0,0.0
0.6373115113932456,0.17263514057663876,1.0,0.0
0.6402790889197039,0.07470508220351624,1.0,0.0
0.6402790889197039,0.0776726597299745,1.0,0.0
0.6402790889197039,0.08064023725643275,1.0,0.0
0.6402790889197039,0.083607814782891,1.0,0.0
0.6402790889197039,0.08657539230934927,1.0,0.0
0.6402790889197039,0.08954296983580753,1.0,0.0
0.6402790889197039,0.09251054736226579,1.0,0.0
0.6402790889197039,0.09547812488872404,1.0,0.0
0.6402790889197039,0.0984457024151823,1.0,0.0
0.6402790889197039,0.10141327994164057,1.0,0.0
0.6402790889197039,0.10438085746809882,1.0,0.0
0.6402790889197039,0.10734843499455707,1.0,0.0
0.6402790889197039,0.11031601252101533,1.0,0.0
0.6402790889197039,0.1132835900474736,1.0,0.0
0.6402790889197039,0.11625116757393185,1.0,0.0
0.6402790889197039,0.1192187451003901,1.0,0.0
0.6402790889197039,0.12218632262684836,1.0,0.0
0.6402790889197039,0.12515390015330663,1.0,0.0
0.6402790889197039,0.1281214776797649,1.0,0.0
0.6402790889197039,0.13108905520622313,1.0,0.0
0.6402790889197039,0.1340566327326814,1.0,0.0
0.6402790889197039,0.13702421025913966,1.0,0.0
0.6402790889197039,0.1399917877855979,1.0,0.0
0.6402790889197039,0.14295936531205616,1.0,0.0
0.6402790889197039,0.14592694283851443,1.0,0.0
0.6402790889197039,0.1488945203649727,1.0,0.0
0.6402790889197039,0.15186209789143096,1.0,0.0
0.6402790889197039,0.1548296754178892,1.0,0.0
0.6402790889197039,0.15779725294434746,1.0,0.0
0.6402790889197039,0.16076483047080573,1.0,0.0
0.6402790889197039,0.16373240799726396,1.0,0.0
0.6402790889197039,0.16669998552372223,1.0,0.0
0.6402790889197039,0.1696675630501805,1.0,0.0
0.6402790889197039,0.17263514057663876,1.0,0.0
0.6402790889197039,0.17560271810309702,1.0,0.0
0.6432466664461621,0.07470508220351624,1.0,0.0
0.6432466664461621,0.0776726597299745,1.0,0.0
0.6432466664461621,0.08064023725643275,1.0,0.0
0.6432466664461621,0.083607814782891,1.0,0.0
0.6432466664461621,0.08657539230934927,1.0,0.0
0.6432466664461621,0.08954296983580753,1.0,0.0
0.6432466664461621,0.09251054736226579,1.0,0.0
0.6432466664461621,0.09547812488872404,1.0,0.0
0.6432466664461621,0.0984457024151823,1.0,0.0
0.6432466664461621,0.10141327994164057,1.0,0.0
0.6432466664461621,0.10438085746809882,1.0,0.0
0.6432466664461621,0.10734843499455707,1.0,0.0
0.6432466664461621,0.11031601252101533,1.0,0.0
0.6432466664461621,0.1132835900474736,1.0,0.0
0.6432466664461621,0.11625116757393185,1.0,0.0
0.6432466664461621,0.1192187451003901,1.0,0.0
0.6432466664461621,0.12218632262684836,1.0,0.0
0.6432466664461621,0.12515390015330663,1.0,0.0
0.6432466664461621,0.1281214776797649,1.0,0.0
0.6432466664461621,0.13108905520622313,1.0,0.0
0.6432466664461621,0.1340566327326814,1.0,0.0
0.6432466664461621,0.13702421025913966,1.0,0.0
0.6432466664461621,0.1399917877855979,1.0,0.0
0.6432466664461621,0.14295936531205616,1.0,0.0
0.6432466664461621,0.14592694283851443,1.0,0.0
0.6432466664461621,0.1488945203649727,1.0,0.0
0.6432466664461621,0.15186209789143096,1.0,0.0
0.6432466664461621,0.1548296754178892,1.0,0.0
0.6432466664461621,0.15779725294434746,1.0,0.0
0.6432466664461621,0.16076483047080573,1.0,0.0
0.6432466664461621,0.16373240799726396,1.0,0.0
0.6432466664461621,0.16669998552372223,1.0,0.0
0.6432466664461621,0.1696675630501805,1.0,0.0
0.6432466664461621,0.17263514057663876,1.0,0.0
0.6432466664461621,0.17560271810309702,1.0,0.0
0.6462142439726204,0.07470508220351624,1.0,0.0
0.6462142439726204,0.0776726597299745,1.0,0.0
0.6462142439726204,0.08064023725643275,1.0,0.0
0.6462142439726204,0.083607814782891,1.0,0.0
0.6462142439726204,0.08657539230934927,1.0,0.0
0.6462142439726204,0.08954296983580753,1.0,0.0
0.6462142439726204,0.09251054736226579,1.0,0.0
0.6462142439726204,0.09547812488872404,1.0,0.0
0.6462142439726204,0.0984457024151823,1.0,0.0
0.6462142439726204,0.10141327994164057,1.0,0.0
0.6462142439726204,0.10438085746809882,1.0,0.0
0.6462142439726204,0.10734843499455707,1.0,0.0
0.6462142439726204,0.11031601252101533,1.0,0.0
0.6462142439726204,0.1132835900474736,1.0,0.0
0.6462142439726204,0.11625116757393185,1.0,0.0
0.6462142439726204,0.1192187451003901,1.0,0.0
0.6462142439726204,0.12218632262684836,1.0,0.0
0.6462142439726204,0.12515390015330663,1.0,0.0
0.6462142439726204,0.1281214776797649,1.0,0.0
0.6462142439726204,0.13108905520622313,1.0,0.0
0.6462142439726204,0.1340566327326814,1.0,0.0
0.6462142439726204,0.13702421025913966,1.0,0.0
0.6462142439726204,0.1399917877855979,1.0,0.0
0.6462142439726204,0.14295936531205616,1.0,0.0
0.6462142439726204,0.14592694283851443,1.0,0.0
0.6462142439726204,0.1488945203649727,1.0,0.0
0.6462142439726204,0.15186209789143096,1.0,0.0
0.6462142439726204,0.1548296754178892,1.0,0.0
0.6462142439726204,0.15779725294434746,1.0,0.0
0.6462142439726204,0.16076483047080573,1.0,0.0
0.6462142439726204,0.16373240799726396,1.0,0.0
0.6462142439726204,0.16669998552372223,1.0,0.0
0.6462142439726204,0.1696675630501805,1.0,0.0
0.6462142439726204,0.17263514057663876,1.0,0.0
0.6462142439726204,0.17560271810309702,1.0,0.0
0.6491818214990787,0.0776726597299745,1.0,0.0
0.6491818214990787,0.08064023725643275,1.0,0.0
0.6491818214990787,0.083607814782891,1.0,0.0
0.6491818214990787,0.08657539230934927,1.0,0.0
0.6491818214990787,0.08954296983580753,1.0,0.0
0.6491818214990787,0.09251054736226579,1.0,0.0
0.6491818214990787,0.09547812488872404,1.0,0.0
0.6491818214990787,0.0984457024151823,1.0,0.0
0.6491818214990787,0.10141327994164057,1.0,0.0
0.6491818214990787,0.10438085746809882,1.0,0.0
0.6491818214990787,0.10734843499455707,1.0,0.0
0.6491818214990787,0.11031601252101533,1.0,0.0
0.6491818214990787,0.1132835900474736,1.0,0.0
0.6491818214990787,0.11625116757393185,1.0,0.0
0.6491818214990787,0.1192187451003901,1.0,0.0
0.6491818214990787,0.12218632262684836,1.0,0.0
0.6491818214990787,0.12515390015330663,1.0,0.0
0.6491818214990787,0.1281214776797649,1.0,0.0
0.6491818214990787,0.13108905520622313,1.0,0.0
0.6491818214990787,0.1340566327326814,1.0,0.0
0.6491818214990787,0.13702421025913966,1.0,0.0
0.6491818214990787,0.1399917877855979,1.0,0.0
0.6491818214990787,0.14295936531205616,1.0,0.0
0.6491818214990787,0.14592694283851443,1.0,0.0
0.6491818214990787,0.1488945203649727,1.0,0.0
0.6491818214990787,0.15186209789143096,1.0,0.0
0.6491818214990787,0.1548296754178892,1.0,0.0
0.6491818214990787,0.15779725294434746,1.0,0.0
0.6491818214990787,0.16076483047080573,1.0,0.0
0.6491818214990787,0.16373240799726396,1.0,0.0
0.6491818214990787,0.16669998552372223,1.0,0.0
0.6491818214990787,0.1696675630501805,1.0,0.0
0.6491818214990787,0.17263514057663876,1.0,0.0
0.6491818214990787,0.17560271810309702,1.0,0.0
0.6521493990255369,0.08064023725643275,1.0,0.0
0.6521493990255369,0.083607814782891,1.0,0.0
0.6521493990255369,0.08657539230934927,1.0,0.0
0.6521493990255369,0.08954296983580753,1.0,0.0
0.6521493990255369,0.09251054736226579,1.0,0.0
0.6521493990255369,0.09547812488872404,1.0,0.0
0.6521493990255369,0.0984457024151823,1.0,0.0
0.6521493990255369,0.10141327994164057,1.0,0.0
0.6521493990255369,0.10438085746809882,1.0,0.0
0.6521493990255369,0.10734843499455707,1.0,0.0
0.6521493990255369,0.11031601252101533,1.0,0.0
0.6521493990255369,0.1132835900474736,1.0,0.0
0.6521493990255369,0.11625116757393185,1.0,0.0
0.6521493990255369,0.1192187451003901,1.0,0.0
0.6521493990255369,0.12218632262684836,1.0,0.0
0.6521493990255369,0.12515390015330663,1.0,0.0
0.6521493990255369,0.1281214776797649,1.0,0.0
0.6521493990255369,0.13108905520622313,1.0,0.0
0.6521493990255369,0.1340566327326814,1.0,0.0
0.6521493990255369,0.13702421025913966,1.0,0.0
0.6521493990255369,0.1399917877855979,1.0,0.0
0.6521493990255369,0.14295936531205616,1.0,0.0
0.6521493990255369,0.14592694283851443,1.0,0.0
0.6521493990255369,0.1488945203649727,1.0,0.0
0.6521493990255369,0.15186209789143096,1.0,0.0
0.6521493990255369,0.1548296754178892,1.0,0.0
0.6521493990255369,0.15779725294434746,1.0,0.0
0.6521493990255369,0.16076483047080573,1.0,0.0
0.6521493990255369,0.16373240799726396,1.0,0.0
0.6521493990255369,0.16669998552372223,1.0,0.0
0.6521493990255369,0.1696675630501805,1.0,0.0
0.6521493990255369,0.17263514057663876,1.0,0.0
0.6521493990255369,0.17560271810309702,1.0,0.0
0.6551169765519952,0.083607814782891,1.0,0.0
0.6551169765519952,0.08657539230934927,1.0,0.0
0.6551169765519952,0.08954296983580753,1.0,0.0
0.6551169765519952,0.09251054736226579,1.0,0.0
0.6551169765519952,0.09547812488872404,1.0,0.0
0.6551169765519952,0.0984457024151823,1.0,0.0
0.6551169765519952,0.10141327994164057,1.0,0.0
0.6551169765519952,0.10438085746809882,1.0,0.0
0.6551169765519952,0.10734843499455707,1.0,0.0
0.6551169765519952,0.11031601252101533,1.0,0.0
0.6551169765519952,0.1132835900474736,1.0,0.0
0.6551169765519952,0.11625116757393185,1.0,0.0
0.6551169765519952,0.1192187451003901,1.0,0.0
0.6551169765519952,0.12218632262684836,1.0,0.0
0.6551169765519952,0.12515390015330663,1.0,0.0
0.6551169765519952,0.1281214776797649,1.0,0.0
0.6551169765519952,0.13108905520622313,1.0,0.0
0.6551169765519952,0.1340566327326814,1.0,0.0
0.6551169765519952,0.13702421025913966,1.0,0.0
0.6551169765519952,0.1399917877855979,1.0,0.0
0.6551169765519952,0.14295936531205616,1.0,0.0
0.6551169765519952,0.14592694283851443,1.0,0.0
0.6551169765519952,0.1488945203649727,1.0,0.0
0.6551169765519952,0.15186209789143096,1.0,0.0
0.6551169765519952,0.1548296754178892,1.0,0.0
0.6551169765519952,0.15779725294434746,1.0,0.0
0.6551169765519952,0.16076483047080573,1.0,0.0
0.6551169765519952,0.16373240799726396,1.0,0.0
0.6551169765519952,0.16669998552372223,1.0,0.0
0.6551169765519952,0.1696675630501805,1.0,0.0
0.6551169765519952,0.17263514057663876,1.0,0.0
0.6551169765519952,0.17560271810309702,1.0,0.0
0.6580845540784535,0.083607814782891,1.0,0.0
0.6580845540784535,0.08657539230934927,1.0,0.0
0.6580845540784535,0.08954296983580753,1.0,0.0
0.6580845540784535,0.09251054736226579,1.0,0.0
0.6580845540784535,0.09547812488872404,1.0,0.0
0.6580845540784535,0.0984457024151823,1.0,0.0
0.6580845540784535,0.10141327994164057,1.0,0.0
0.6580845540784535,0.10438085746809882,1.0,0.0
0.6580845540784535,0.10734843499455707,1.0,0.0
0.6580845540784535,0.11031601252101533,1.0,0.0
0.6580845540784535,0.1132835900474736,1.0,0.0
0.6580845540784535,0.11625116757393185,1.0,0.0
0.6580845540784535,0.1192187451003901,1.0,0.0
0.6580845540784535,0.12218632262684836,1.0,0.0
0.6580845540784535,0.12515390015330663,1.0,0.0
0.6580845540784535,0.1281214776797649,1.0,0.0
0.6580845540784535,0.13108905520622313,1.0,0.0
0.6580845540784535,0.1340566327326814,1.0,0.0
0.6580845540784535,0.13702421025913966,1.0,0.0
0.6580845540784535,0.1399917877855979,1.0,0.0
0.6580845540784535,0.14295936531205616,1.0,0.0
0.6580845540784535,0.14592694283851443,1.0,0.0
0.6580845540784535,0.1488945203649727,1.0,0.0
0.6580845540784535,0.15186209789143096,1.0,0.0
0.6580845540784535,0.1548296754178892,1.0,0.0
0.6580845540784535,0.15779725294434746,1.0,0.0
0.6580845540784535,0.16076483047080573,1.0,0.0
0.6580845540784535,0.16373240799726396,1.0,0.0
0.6580845540784535,0.16669998552372223,1.0,0.0
0.6580845540784535,0.1696675630501805,1.0,0.0
0.6580845540784535,0.17263514057663876,1.0,0.0
0.6580845540784535,0.17560271810309702,1.0,0.0
0.6610521316049117,0.08657539230934927,1.0,0.0
0.6610521316049117,0.08954296983580753,1.0,0.0
0.6610521316049117,0.09251054736226579,1.0,0.0
0.6610521316049117,0.09547812488872404,1.0,0.0
0.6610521316049117,0.0984457024151823,1.0,0.0
0.6610521316049117,0.10141327994164057,1.0,0.0
0.6610521316049117,0.10438085746809882,1.0,0.0
0.6610521316049117,0.10734843499455707,1.0,0.0
0.6610521316049117,0.11031601252101533,1.0,0.0
0.6610521316049117,0.1132835900474736,1.0,0.0
0.6610521316049117,0.11625116757393185,1.0,0.0
0.6610521316049117,0.1192187451003901,1.0,0.0
0.6610521316049117,0.12218632262684836,1.0,0.0
0.6610521316049117,0.12515390015330663,1.0,0.0
0.6610521316049117,0.1281214776797649,1.0,0.0
0.6610521316049117,0.13108905520622313,1.0,0.0
0.6610521316049117,0.1340566327326814,1.0,0.0
0.6610521316049117,0.13702421025913966,1.0,0.0
0.6610521316049117,0.1399917877855979,1.0,0.0
0.6610521316049117,0.14295936531205616,1.0,0.0
0.6610521316049117,0.14592694283851443,1.0,0.0
0.6610521316049117,0.1488945203649727,1.0,0.0
0.6610521316049117,0.15186209789143096,1.0,0.0
0.6610521316049117,0.1548296754178892,1.0,0.0
0.6610521316049117,0.15779725294434746,1.0,0.0
0.6610521316049117,0.16076483047080573,1.0,0.0
0.6610521316049117,0.16373240799726396,1.0,0.0
0.6610521316049117,0.16669998552372223,1.0,0.0
0.6610521316049117,0.1696675630501805,1.0,0.0
0.6610521316049117,0.17263514057663876,1.0,0.0
0.6610521316049117,0.17560271810309702,1.0,0.0
0.66401970913137,0.08954296983580753,1.0,0.0
0.66401970913137,0.09251054736226579,1.0,0.0
0.66401970913137,0.09547812488872404,1.0,0.0
0.66401970913137,0.0984457024151823,1.0,0.0
0.66401970913137,0.10141327994164057,1.0,0.0
0.66401970913137,0.10438085746809882,1.0,0.0
0.66401970913137,0.10734843499455707,1.0,0.0
0.66401970913137,0.11031601252101533,1.0,0.0
0.66401970913137,0.1132835900474736,1.0,0.0
0.66401970913137,0.11625116757393185,1.0,0.0
0.66401970913137,0.1192187451003901,1.0,0.0
0.66401970913137,0.12218632262684836,1.0,0.0
0.66401970913137,0.12515390015330663,1.0,0.0
0.66401970913137,0.1281214776797649,1.0,0.0
0.66401970913137,0.13108905520622313,1.0,0.0
0.66401970913137,0.1340566327326814,1.0,0.0
0.66401970913137,0.13702421025913966,1.0,0.0
0.66401970913137,0.1399917877855979,1.0,0.0
0.66401970913137,0.14295936531205616,1.0,0.0
0.66401970913137,0.14592694283851443,1.0,0.0
0.66401970913137,0.1488945203649727,1.0,0.0
0.66401970913137,0.15186209789143096,1.0,0.0
0.66401970913137,0.1548296754178892,1.0,0.0
0.66401970913137,0.15779725294434746,1.0,0.0
0.66401970913137,0.16076483047080573,1.0,0.0
0.66401970913137,0.16373240799726396,1.0,0.0
0.66401970913137,0.16669998552372223,1.0,0.0
0.66401970913137,0.1696675630501805,1.0,0.0
0.66401970913137,0.17263514057663876,1.0,0.0
0.66401970913137,0.17560271810309702,1.0,0.0
0.6669872866578282,0.09547812488872404,1.0,0.0
0.6669872866578282,0.0984457024151823,1.0,0.0
0.6669872866578282,0.10141327994164057,1.0,0.0
0.6669872866578282,0.10438085746809882,1.0,0.0
0.6669872866578282,0.10734843499455707,1.0,0.0
0.6669872866578282,0.11031601252101533,1.0,0.0
0.6669872866578282,0.1132835900474736,1.0,0.0
0.6669872866578282,0.11625116757393185,1.0,0.0
0.6669872866578282,0.1192187451003901,1.0,0.0
0.6669872866578282,0.12218632262684836,1.0,0.0
0.6669872866578282,0.12515390015330663,1.0,0.0
0.6669872866578282,0.1281214776797649,1.0,0.0
0.6669872866578282,0.13108905520622313,1.0,0.0
0.6669872866578282,0.1340566327326814,1.0,0.0
0.6669872866578282,0.13702421025913966,1.0,0.0
0.6669872866578282,0.1399917877855979,1.0,0.0
0.6669872866578282,0.14295936531205616,1.0,0.0
0.6669872866578282,0.14592694283851443,1.0,0.0
0.6669872866578282,0.1488945203649727,1.0,0.0
0.6669872866578282,0.15186209789143096,1.0,0.0
0.6669872866578282,0.1548296754178892,1.0,0.0
0.6669872866578282,0.15779725294434746,1.0,0.0
0.6669872866578282,0.16076483047080573,1.0,0.0
0.6669872866578282,0.16373240799726396,1.0,0.0
0.6669872866578282,0.16669998552372223,1.0,0.0
0.6669872866578282,0.1696675630501805,1.0,0.0
0.6669872866578282,0.17263514057663876,1.0,0.0
0.6669872866578282,0.17560271810309702,1.0,0.0
0.6699548641842865,0.09547812488872404,1.0,0.0
0.6699548641842865,0.0984457024151823,1.0,0.0
0.6699548641842865,0.10141327994164057,1.0,0.0
0.6699548641842865,0.10438085746809882,1.0,0.0
0.6699548641842865,0.10734843499455707,1.0,0.0
0.6699548641842865,0.11031601252101533,1.0,0.0
0.6699548641842865,0.1132835900474736,1.0,0.0
0.6699548641842865,0.11625116757393185,1.0,0.0
0.6699548641842865,0.1192187451003901,1.0,0.0
0.6699548641842865,0.12218632262684836,1.0,0.0
0.6699548641842865,0.12515390015330663,1.0,0.0
0.6699548641842865,0.1281214776797649,1.0,0.0
0.6699548641842865,0.13108905520622313,1.0,0.0
0.6699548641842865,0.1340566327326814,1.0,0.0
0.6699548641842865,0.13702421025913966,1.0,0.0
0.6699548641842865,0.1399917877855979,1.0,0.0
0.6699548641842865,0.14295936531205616,1.0,0.0
0.6699548641842865,0.14592694283851443,1.0,0.0
0.6699548641842865,0.1488945203649727,1.0,0.0
0.6699548641842865,0.15186209789143096,1.0,0.0
0.6699548641842865,0.1548296754178892,1.0,0.0
0.6699548641842865,0.15779725294434746,1.0,0.0
0.6699548641842865,0.16076483047080573,1.0,0.0
0.6699548641842865,0.16373240799726396,1.0,0.0
0.6699548641842865,0.16669998552372223,1.0,0.0
0.6699548641842865,0.1696675630501805,1.0,0.0
0.6699548641842865,0.17263514057663876,1.0,0.0
0.6699548641842865,0.17560271810309702,1.0,0.0
0.6729224417107447,0.09547812488872404,1.0,0.0
0.6729224417107447,0.0984457024151823,1.0,0.0
0.6729224417107447,0.10141327994164057,1.0,0.0
0.6729224417107447,0.10438085746809882,1.0,0.0
0.6729224417107447,0.10734843499455707,1.0,0.0
0.6729224417107447,0.11031601252101533,1.0,0.0
0.6729224417107447,0.1132835900474736,1.0,0.0
0.6729224417107447,0.11625116757393185,1.0,0.0
0.6729224417107447,0.1192187451003901,1.0,0.0
0.6729224417107447,0.12218632262684836,1.0,0.0
0.6729224417107447,0.12515390015330663,1.0,0.0
0.6729224417107447,0.1281214776797649,1.0,0.0
0.6729224417107447,0.13108905520622313,1.0,0.0
0.6729224417107447,0.1340566327326814,1.0,0.0
0.6729224417107447,0.13702421025913966,1.0,0.0
0.6729224417107447,0.1399917877855979,1.0,0.0
0.6729224417107447,0.14295936531205616,1.0,0.0
0.6729224417107447,0.14592694283851443,1.0,0.0
0.6729224417107447,0.1488945203649727,1.0,0.0
0.6729224417107447,0.15186209789143096,1.0,0.0
0.6729224417107447,0.1548296754178892,1.0,0.0
0.6729224417107447,0.15779725294434746,1.0,0.0
0.6729224417107447,0.16076483047080573,1.0,0.0
0.6729224417107447,0.16373240799726396,1.0,0.0
0.6729224417107447,0.16669998552372223,1.0,0.0
0.6729224417107447,0.1696675630501805,1.0,0.0
0.6729224417107447,0.17263514057663876,1.0,0.0
0.6758900192372029,0.09547812488872404,1.0,0.0
0.6758900192372029,0.0984457024151823,1.0,0.0
0.6758900192372029,0.10141327994164057,1.0,0.0
0.6758900192372029,0.10438085746809882,1.0,0.0
0.6758900192372029,0.10734843499455707,1.0,0.0
0.6758900192372029,0.11031601252101533,1.0,0.0
0.6758900192372029,0.1132835900474736,1.0,0.0
0.6758900192372029,0.11625116757393185,1.0,0.0
0.6758900192372029,0.1192187451003901,1.0,0.0
0.6758900192372029,0.12218632262684836,1.0,0.0
0.6758900192372029,0.12515390015330663,1.0,0.0
0.6758900192372029,0.1281214776797649,1.0,0.0
0.6758900192372029,0.13108905520622313,1.0,0.0
0.6758900192372029,0.1340566327326814,1.0,0.0
0.6758900192372029,0.13702421025913966,1.0,0.0
0.6758900192372029,0.1399917877855979,1.0,0.0
0.6758900192372029,0.14295936531205616,1.0,0.0
0.6758900192372029,0.14592694283851443,1.0,0.0
0.6758900192372029,0.1488945203649727,1.0,0.0
0.6758900192372029,0.15186209789143096,1.0,0.0
0.6758900192372029,0.1548296754178892,1.0,0.0
0.6758900192372029,0.15779725294434746,1.0,0.0
0.6758900192372029,0.16076483047080573,1.0,0.0
0.6758900192372029,0.16373240799726396,1.0,0.0
0.6758900192372029,0.16669998552372223,1.0,0.0
0.6758900192372029,0.1696675630501805,1.0,0.0
0.6788575967636612,0.09251054736226579,1.0,0.0
0.6788575967636612,0.09547812488872404,1.0,0.0
0.6788575967636612,0.0984457024151823,1.0,0.0
0.6788575967636612,0.10141327994164057,1.0,0.0
0.6788575967636612,0.10438085746809882,1.0,0.0
0.6788575967636612,0.10734843499455707,1.0,0.0
0.6788575967636612,0.11031601252101533,1.0,0.0
0.6788575967636612,0.1132835900474736,1.0,0.0
0.6788575967636612,0.11625116757393185,1.0,0.0
0.6788575967636612,0.1192187451003901,1.0,0.0
0.6788575967636612,0.12218632262684836,1.0,0.0
0.6788575967636612,0.12515390015330663,1.0,0.0
0.6788575967636612,0.1281214776797649,1.0,0.0
0.6788575967636612,0.13108905520622313,1.0,0.0
0.6788575967636612,0.1340566327326814,1.0,0.0
0.6788575967636612,0.13702421025913966,1.0,0.0
0.6788575967636612,0.1399917877855979,1.0,0.0
0.6788575967636612,0.14295936531205616,1.0,0.0
0.6788575967636612,0.14592694283851443,1.0,0.0
0.6788575967636612,0.1488945203649727,1.0,0.0
0.6788575967636612,0.15186209789143096,1.0,0.0
0.6788575967636612,0.1548296754178892,1.0,0.0
0.6788575967636612,0.15779725294434746,1.0,0.0
0.6788575967636612,0.16076483047080573,1.0,0.0
0.6788575967636612,0.16373240799726396,1.0,0.0
0.6788575967636612,0.16669998552372223,1.0,0.0
0.6788575967636612,0.1696675630501805,1.0,0.0
0.6818251742901195,0.09547812488872404,1.0,0.0
0.6818251742901195,0.0984457024151823,1.0,0.0
0.6818251742901195,0.10141327994164057,1.0,0.0
0.6818251742901195,0.10438085746809882,1.0,0.0
0.6818251742901195,0.10734843499455707,1.0,0.0
0.6818251742901195,0.11031601252101533,1.0,0.0
0.6818251742901195,0.1132835900474736,1.0,0.0
0.6818251742901195,0.11625116757393185,1.0,0.0
0.6818251742901195,0.1192187451003901,1.0,0.0
0.6818251742901195,0.12218632262684836,1.0,0.0
0.6818251742901195,0.12515390015330663,1.0,0.0
0.6818251742901195,0.1281214776797649,1.0,0.0
0.6818251742901195,0.13108905520622313,1.0,0.0
0.6818251742901195,0.1340566327326814,1.0,0.0
0.6818251742901195,0.13702421025913966,1.0,0.0
0.6818251742901195,0.1399917877855979,1.0,0.0
0.6818251742901195,0.14295936531205616,1.0,0.0
0.6818251742901195,0.14592694283851443,1.0,0.0
0.6818251742901195,0.1488945203649727,1.0,0.0
0.6818251742901195,0.15186209789143096,1.0,0.0
0.6818251742901195,0.1548296754178892,1.0,0.0
0.6818251742901195,0.15779725294434746,1.0,0.0
0.6818251742901195,0.16076483047080573,1.0,0.0
0.6818251742901195,0.16373240799726396,1.0,0.0
0.6818251742901195,0.16669998552372223,1.0,0.0
0.6818251742901195,0.1696675630501805,1.0,0.0
0.6818251742901195,0.17263514057663876,1.0,0.0
0.6847927518165777,0.0984457024151823,1.0,0.0
0.6847927518165777,0.10141327994164057,1.0,0.0
0.6847927518165777,0.10438085746809882,1.0,0.0
0.6847927518165777,0.10734843499455707,1.0,0.0
0.6847927518165777,0.11031601252101533,1.0,0.0
0.6847927518165777,0.1132835900474736,1.0,0.0
0.6847927518165777,0.11625116757393185,1.0,0.0
0.6847927518165777,0.1192187451003901,1.0,0.0
0.6847927518165777,0.12218632262684836,1.0,0.0
0.6847927518165777,0.12515390015330663,1.0,0.0
0.6847927518165777,0.1281214776797649,1.0,0.0
0.6847927518165777,0.13108905520622313,1.0,0.0
0.6847927518165777,0.1340566327326814,1.0,0.0
0.6847927518165777,0.13702421025913966,1.0,0.0
0.6847927518165777,0.1399917877855979,1.0,0.0
0.6847927518165777,0.14295936531205616,1.0,0.0
0.6847927518165777,0.14592694283851443,1.0,0.0
0.6847927518165777,0.1488945203649727,1.0,0.0
0.6847927518165777,0.15186209789143096,1.0,0.0
0.6847927518165777,0.1548296754178892,1.0,0.0
0.6847927518165777,0.15779725294434746,1.0,0.0
0.6847927518165777,0.16076483047080573,1.0,0.0
0.6847927518165777,0.16373240799726396,1.0,0.0
0.6847927518165777,0.16669998552372223,1.0,0.0
0.6847927518165777,0.1696675630501805,1.0,0.0
0.6847927518165777,0.17263514057663876,1.0,0.0
0.687760329343036,0.0984457024151823,1.0,0.0
0.687760329343036,0.10141327994164057,1.0,0.0
0.687760329343036,0.10438085746809882,1.0,0.0
0.687760329343036,0.10734843499455707,1.0,0.0
0.687760329343036,0.11031601252101533,1.0,0.0
0.687760329343036,0.1132835900474736,1.0,0.0
0.687760329343036,0.11625116757393185,1.0,0.0
0.687760329343036,0.1192187451003901,1.0,0.0
0.687760329343036,0.12218632262684836,1.0,0.0
0.687760329343036,0.12515390015330663,1.0,0.0
0.687760329343036,0.1281214776797649,1.0,0.0
0.687760329343036,0.13108905520622313,1.0,0.0
0.687760329343036,0.1340566327326814,1.0,0.0
0.687760329343036,0.13702421025913966,1.0,0.0
0.687760329343036,0.1399917877855979,1.0,0.0
0.687760329343036,0.14295936531205616,1.0,0.0
0.687760329343036,0.14592694283851443,1.0,0.0
0.687760329343036,0.1488945203649727,1.0,0.0
0.687760329343036,0.15186209789143096,1.0,0.0
0.687760329343036,0.1548296754178892,1.0,0.0
0.687760329343036,0.15779725294434746,1.0,0.0
0.687760329343036,0.16076483047080573,1.0,0.0
0.687760329343036,0.16373240799726396,1.0,0.0
0.687760329343036,0.16669998552372223,1.0,0.0
0.687760329343036,0.1696675630501805,1.0,0.0
0.687760329343036,0.17263514057663876,1.0,0.0
0.6907279068694943,0.09547812488872404,1.0,0.0
0.6907279068694943,0.0984457024151823,1.0,0.0
0.6907279068694943,0.10141327994164057,1.0,0.0
0.6907279068694943,0.10438085746809882,1.0,0.0
0.6907279068694943,0.10734843499455707,1.0,0.0
0.6907279068694943,0.11031601252101533,1.0,0.0
0.6907279068694943,0.1132835900474736,1.0,0.0
0.6907279068694943,0.11625116757393185,1.0,0.0
0.6907279068694943,0.1192187451003901,1.0,0.0
0.6907279068694943,0.12218632262684836,1.0,0.0
0.6907279068694943,0.12515390015330663,1.0,0.0
0.6907279068694943,0.1281214776797649,1.0,0.0
0.6907279068694943,0.13108905520622313,1.0,0.0
0.6907279068694943,0.1340566327326814,1.0,0.0
0.6907279068694943,0.13702421025913966,1.0,0.0
0.6907279068694943,0.1399917877855979,1.0,0.0
0.6907279068694943,0.14295936531205616,1.0,0.0
0.6907279068694943,0.14592694283851443,1.0,0.0
0.6907279068694943,0.1488945203649727,1.0,0.0
0.6907279068694943,0.15186209789143096,1.0,0.0
0.6907279068694943,0.1548296754178892,1.0,0.0
0.6907279068694943,0.15779725294434746,1.0,0.0
0.6907279068694943,0.16076483047080573,1.0,0.0
0.6907279068694943,0.16373240799726396,1.0,0.0
0.6907279068694943,0.16669998552372223,1.0,0.0
0.6907279068694943,0.1696675630501805,1.0,0.0
0.6907279068694943,0.17263514057663876,1.0,0.0
0.6936954843959525,0.09251054736226579,1.0,0.0
0.6936954843959525,0.09547812488872404,1.0,0.0
0.6936954843959525,0.0984457024151823,1.0,0.0
0.6936954843959525,0.10141327994164057,1.0,0.0
0.6936954843959525,0.10438085746809882,1.0,0.0
0.6936954843959525,0.10734843499455707,1.0,0.0
0.6936954843959525,0.11031601252101533,1.0,0.0
0.6936954843959525,0.1132835900474736,1.0,0.0
0.6936954843959525,0.11625116757393185,1.0,0.0
0.6936954843959525,0.1192187451003901,1.0,0.0
0.6936954843959525,0.12218632262684836,1.0,0.0
0.6936954843959525,0.12515390015330663,1.0,0.0
0.6936954843959525,0.1281214776797649,1.0,0.0
0.6936954843959525,0.13108905520622313,1.0,0.0
0.6936954843959525,0.1340566327326814,1.0,0.0
0.6936954843959525,0.13702421025913966,1.0,0.0
0.6936954843959525,0.1399917877855979,1.0,0.0
0.6936954843959525,0.14295936531205616,1.0,0.0
0.6936954843959525,0.14592694283851443,1.0,0.0
0.6936954843959525,0.1488945203649727,1.0,0.0
0.6936954843959525,0.15186209789143096,1.0,0.0
0.6936954843959525,0.1548296754178892,1.0,0.0
0.6936954843959525,0.15779725294434746,1.0,0.0
0.6936954843959525,0.16076483047080573,1.0,0.0
0.6936954843959525,0.16373240799726396,1.0,0.0
0.6936954843959525,0.16669998552372223,1.0,0.0
0.6936954843959525,0.1696675630501805,1.0,0.0
0.6936954843959525,0.17263514057663876,1.0,0.0
0.6966630619224108,0.08954296983580753,1.0,0.0
0.6966630619224108,0.09251054736226579,1.0,0.0
0.6966630619224108,0.09547812488872404,1.0,0.0
0.6966630619224108,0.0984457024151823,1.0,0.0
0.6966630619224108,0.10141327994164057,1.0,0.0
0.6966630619224108,0.10438085746809882,1.0,0.0
0.6966630619224108,0.10734843499455707,1.0,0.0
0.6966630619224108,0.11031601252101533,1.0,0.0
0.6966630619224108,0.1132835900474736,1.0,0.0
0.6966630619224108,0.11625116757393185,1.0,0.0
0.6966630619224108,0.1192187451003901,1.0,0.0
0.6966630619224108,0.12218632262684836,1.0,0.0
0.6966630619224108,0.12515390015330663,1.0,0.0
0.6966630619224108,0.1281214776797649,1.0,0.0
0.6966630619224108,0.13108905520622313,1.0,0.0
0.6966630619224108,0.1340566327326814,1.0,0.0
0.6966630619224108,0.13702421025913966,1.0,0.0
0.6966630619224108,0.1399917877855979,1.0,0.0
0.6966630619224108,0.14295936531205616,1.0,0.0
0.6966630619224108,0.14592694283851443,1.0,0.0
0.6966630619224108,0.1488945203649727,1.0,0.0
0.6966630619224108,0.15186209789143096,1.0,0.0
0.6966630619224108,0.1548296754178892,1.0,0.0
0.6966630619224108,0.15779725294434746,1.0,0.0
0.6966630619224108,0.16076483047080573,1.0,0.0
0.6966630619224108,0.16373240799726396,1.0,0.0
0.6966630619224108,0.16669998552372223,1.0,0.0
0.6966630619224108,0.1696675630501805,1.0,0.0
0.6966630619224108,0.17263514057663876,1.0,0.0
0.699630639448869,0.08657539230934927,1.0,0.0
0.699630639448869,0.08954296983580753,1.0,0.0
0.699630639448869,0.09251054736226579,1.0,0.0
0.699630639448869,0.09547812488872404,1.0,0.0
0.699630639448869,0.0984457024151823,1.0,0.0
0.699630639448869,0.10141327994164057,1.0,0.0
0.699630639448869,0.10438085746809882,1.0,0.0
0.699630639448869,0.10734843499455707,1.0,0.0
0.699630639448869,0.11031601252101533,1.0,0.0
0.699630639448869,0.1132835900474736,1.0,0.0
0.699630639448869,0.11625116757393185,1.0,0.0
0.699630639448869,0.1192187451003901,1.0,0.0
0.699630639448869,0.12218632262684836,1.0,0.0
0.699630639448869,0.12515390015330663,1.0,0.0
0.699630639448869,0.1281214776797649,1.0,0.0
0.699630639448869,0.13108905520622313,1.0,0.0
0.699630639448869,0.1340566327326814,1.0,0.0
0.699630639448869,0.13702421025913966,1.0,0.0
0.699630639448869,0.1399917877855979,1.0,0.0
0.699630639448869,0.14295936531205616,1.0,0.0
0.699630639448869,0.14592694283851443,1.0,0.0
0.699630639448869,0.1488945203649727,1.0,0.0
0.699630639448869,0.15186209789143096,1.0,0.0
0.699630639448869,0.1548296754178892,1.0,0.0
0.699630639448869,0.15779725294434746,1.0,0.0
0.699630639448869,0.16076483047080573,1.0,0.0
0.699630639448869,0.16373240799726396,1.0,0.0
0.699630639448869,0.16669998552372223,1.0,0.0
0.699630639448869,0.1696675630501805,1.0,0.0
0.7025982169753273,0.083607814782891,1.0,0.0
0.7025982169753273,0.08657539230934927,1.0,0.0
0.7025982169753273,0.08954296983580753,1.0,0.0
0.7025982169753273,0.09251054736226579,1.0,0.0
0.7025982169753273,0.09547812488872404,1.0,0.0
0.7025982169753273,0.0984457024151823,1.0,0.0
0.7025982169753273,0.10141327994164057,1.0,0.0
0.7025982169753273,0.10438085746809882,1.0,0.0
0.7025982169753273,0.10734843499455707,1.0,0.0
0.7025982169753273,0.11031601252101533,1.0,0.0
0.7025982169753273,0.1132835900474736,1.0,0.0
0.7025982169753273,0.11625116757393185,1.0,0.0
0.7025982169753273,0.1192187451003901,1.0,0.0
0.7025982169753273,0.12218632262684836,1.0,0.0
0.7025982169753273,0.12515390015330663,1.0,0.0
0.7025982169753273,0.1281214776797649,1.0,0.0
0.7025982169753273,0.13108905520622313,1.0,0.0
0.7025982169753273,0.1340566327326814,1.0,0.0
0.7025982169753273,0.13702421025913966,1.0,0.0
0.7025982169753273,0.1399917877855979,1.0,0.0
0.7025982169753273,0.14295936531205616,1.0,0.0
0.7025982169753273,0.14592694283851443,1.0,0.0
0.7025982169753273,0.1488945203649727,1.0,0.0
0.7025982169753273,0.15186209789143096,1.0,0.0
0.7025982169753273,0.1548296754178892,1.0,0.0
0.7025982169753273,0.15779725294434746,1.0,0.0
0.7025982169753273,0.16076483047080573,1.0,0.0
0.7025982169753273,0.16373240799726396,1.0,0.0
0.7025982169753273,0.16669998552372223,1.0,0.0
0.7025982169753273,0.1696675630501805,1.0,0.0
0.7055657945017856,0.083607814782891,1.0,0.0
0.7055657945017856,0.08657539230934927,1.0,0.0
0.7055657945017856,0.08954296983580753,1.0,0.0
0.7055657945017856,0.09251054736226579,1.0,0.0
0.7055657945017856,0.09547812488872404,1.0,0.0
0.7055657945017856,0.0984457024151823,1.0,0.0
0.7055657945017856,0.10141327994164057,1.0,0.0
0.7055657945017856,0.10438085746809882,1.0,0.0
0.7055657945017856,0.10734843499455707,1.0,0.0
0.7055657945017856,0.11031601252101533,1.0,0.0
0.7055657945017856,0.1132835900474736,1.0,0.0
0.7055657945017856,0.11625116757393185,1.0,0.0
0.7055657945017856,0.1192187451003901,1.0,0.0
0.7055657945017856,0.12218632262684836,1.0,0.0
0.7055657945017856,0.12515390015330663,1.0,0.0
0.7055657945017856,0.1281214776797649,1.0,0.0
0.7055657945017856,0.13108905520622313,1.0,0.0
0.7055657945017856,0.1340566327326814,1.0,0.0
0.7055657945017856,0.13702421025913966,1.0,0.0
0.7055657945017856,0.1399917877855979,1.0,0.0
0.7055657945017856,0.14295936531205616,1.0,0.0
0.7055657945017856,0.14592694283851443,1.0,0.0
0.7055657945017856,0.1488945203649727,1.0,0.0
0.7055657945017856,0.15186209789143096,1.0,0.0
0.7055657945017856,0.1548296754178892,1.0,0.0
0.7055657945017856,0.15779725294434746,1.0,0.0
0.7055657945017856,0.16076483047080573,1.0,0.0
0.7055657945017856,0.16373240799726396,1.0,0.0
0.7055657945017856,0.16669998552372223,1.0,0.0
0.7055657945017856,0.1696675630501805,1.0,0.0
0.7085333720282438,0.083607814782891,1.0,0.0
0.7085333720282438,0.08657539230934927,1.0,0.0
0.7085333720282438,0.08954296983580753,1.0,0.0
0.7085333720282438,0.09251054736226579,1.0,0.0
0.7085333720282438,0.09547812488872404,1.0,0.0
0.7085333720282438,0.0984457024151823,1.0,0.0
0.7085333720282438,0.10141327994164057,1.0,0.0
0.7085333720282438,0.10438085746809882,1.0,0.0
0.7085333720282438,0.10734843499455707,1.0,0.0
0.7085333720282438,0.11031601252101533,1.0,0.0
0.7085333720282438,0.1132835900474736,1.0,0.0
0.7085333720282438,0.11625116757393185,1.0,0.0
0.7085333720282438,0.1192187451003901,1.0,0.0
0.7085333720282438,0.12218632262684836,1.0,0.0
0.7085333720282438,0.12515390015330663,1.0,0.0
0.7085333720282438,0.1281214776797649,1.0,0.0
0.7085333720282438,0.13108905520622313,1.0,0.0
0.7085333720282438,0.1340566327326814,1.0,0.0
0.7085333720282438,0.13702421025913966,1.0,0.0
0.7085333720282438,0.1399917877855979,1.0,0.0
0.7085333720282438,0.14295936531205616,1.0,0.0
0.7085333720282438,0.14592694283851443,1.0,0.0
0.7085333720282438,0.1488945203649727,1.0,0.0
0.7085333720282438,0.15186209789143096,1.0,0.0
0.7085333720282438,0.1548296754178892,1.0,0.0
0.7085333720282438,0.15779725294434746,1.0,0.0
0.7085333720282438,0.16076483047080573,1.0,0.0
0.7085333720282438,0.16373240799726396,1.0,0.0
0.7085333720282438,0.16669998552372223,1.0,0.0
0.7085333720282438,0.1696675630501805,1.0,0.0
0.7115009495547021,0.083607814782891,1.0,0.0
0.7115009495547021,0.08657539230934927,1.0,0.0
0.7115009495547021,0.08954296983580753,1.0,0.0
0.7115009495547021,0.09251054736226579,1.0,0.0
0.7115009495547021,0.09547812488872404,1.0,0.0
0.7115009495547021,0.0984457024151823,1.0,0.0
0.7115009495547021,0.10141327994164057,1.0,0.0
0.7115009495547021,0.10438085746809882,1.0,0.0
0.7115009495547021,0.10734843499455707,1.0,0.0
0.7115009495547021,0.11031601252101533,1.0,0.0
0.7115009495547021,0.1132835900474736,1.0,0.0
0.7115009495547021,0.11625116757393185,1.0,0.0
0.7115009495547021,0.1192187451003901,1.0,0.0
0.7115009495547021,0.12218632262684836,1.0,0.0
0.7115009495547021,0.12515390015330663,1.0,0.0
0.7115009495547021,0.1281214776797649,1.0,0.0
0.7115009495547021,0.13108905520622313,1.0,0.0
0.7115009495547021,0.1340566327326814,1.0,0.0
0.7115009495547021,0.13702421025913966,1.0,0.0
0.7115009495547021,0.1399917877855979,1.0,0.0
0.7115009495547021,0.14295936531205616,1.0,0.0
0.7115009495547021,0.14592694283851443,1.0,0.0
0.7115009495547021,0.1488945203649727,1.0,0.0
0.7115009495547021,0.15186209789143096,1.0,0.0
0.7115009495547021,0.1548296754178892,1.0,0.0
0.7115009495547021,0.15779725294434746,1.0,0.0
0.7115009495547021,0.16076483047080573,1.0,0.0
0.7115009495547021,0.16373240799726396,1.0,0.0
0.7115009495547021,0.16669998552372223,1.0,0.0
0.7115009495547021,0.1696675630501805,1.0,0.0
0.7144685270811604,0.083607814782891,1.0,0.0
0.7144685270811604,0.08657539230934927,1.0,0.0
0.7144685270811604,0.08954296983580753,1.0,0.0
0.7144685270811604,0.09251054736226579,1.0,0.0
0.7144685270811604,0.09547812488872404,1.0,0.0
0.7144685270811604,0.0984457024151823,1.0,0.0
0.7144685270811604,0.10141327994164057,1.0,0.0
0.7144685270811604,0.10438085746809882,1.0,0.0
0.7144685270811604,0.10734843499455707,1.0,0.0
0.7144685270811604,0.11031601252101533,1.0,0.0
0.7144685270811604,0.1132835900474736,1.0,0.0
0.7144685270811604,0.11625116757393185,1.0,0.0
0.7144685270811604,0.1192187451003901,1.0,0.0
0.7144685270811604,0.12218632262684836,1.0,0.0
0.7144685270811604,0.12515390015330663,1.0,0.0
0.7144685270811604,0.1281214776797649,1.0,0.0
0.7144685270811604,0.13108905520622313,1.0,0.0
0.7144685270811604,0.1340566327326814,1.0,0.0
0.7144685270811604,0.13702421025913966,1.0,0.0
0.7144685270811604,0.1399917877855979,1.0,0.0
0.7144685270811604,0.14295936531205616,1.0,0.0
0.7144685270811604,0.14592694283851443,1.0,0.0
0.7144685270811604,0.1488945203649727,1.0,0.0
0.7144685270811604,0.15186209789143096,1.0,0.0
0.7144685270811604,0.1548296754178892,1.0,0.0
0.7144685270811604,0.15779725294434746,1.0,0.0
0.7144685270811604,0.16076483047080573,1.0,0.0
0.7144685270811604,0.16373240799726396,1.0,0.0
0.7144685270811604,0.16669998552372223,1.0,0.0
0.7174361046076186,0.083607814782891,1.0,0.0
0.7174361046076186,0.08657539230934927,1.0,0.0
0.7174361046076186,0.08954296983580753,1.0,0.0
0.7174361046076186,0.09251054736226579,1.0,0.0
0.7174361046076186,0.09547812488872404,1.0,0.0
0.7174361046076186,0.0984457024151823,1.0,0.0
0.7174361046076186,0.10141327994164057,1.0,0.0
0.7174361046076186,0.10438085746809882,1.0,0.0
0.7174361046076186,0.10734843499455707,1.0,0.0
0.7174361046076186,0.11031601252101533,1.0,0.0
0.7174361046076186,0.1132835900474736,1.0,0.0
0.7174361046076186,0.11625116757393185,1.0,0.0
0.7174361046076186,0.1192187451003901,1.0,0.0
0.7174361046076186,0.12218632262684836,1.0,0.0
0.7174361046076186,0.12515390015330663,1.0,0.0
0.7174361046076186,0.1281214776797649,1.0,0.0
0.7174361046076186,0.13108905520622313,1.0,0.0
0.7174361046076186,0.1340566327326814,1.0,0.0
0.7174361046076186,0.13702421025913966,1.0,0.0
0.7174361046076186,0.1399917877855979,1.0,0.0
0.7174361046076186,0.14295936531205616,1.0,0.0
0.7174361046076186,0.14592694283851443,1.0,0.0
0.7174361046076186,0.1488945203649727,1.0,0.0
0.7174361046076186,0.15186209789143096,1.0,0.0
0.7174361046076186,0.1548296754178892,1.0,0.0
0.7174361046076186,0.15779725294434746,1.0,0.0
0.7174361046076186,0.16076483047080573,1.0,0.0
0.7174361046076186,0.16373240799726396,1.0,0.0
0.7174361046076186,0.16669998552372223,1.0,0.0
0.7204036821340769,0.083607814782891,1.0,0.0
0.7204036821340769,0.08657539230934927,1.0,0.0
0.7204036821340769,0.08954296983580753,1.0,0.0
0.7204036821340769,0.09251054736226579,1.0,0.0
0.7204036821340769,0.09547812488872404,1.0,0.0
0.7204036821340769,0.0984457024151823,1.0,0.0
0.7204036821340769,0.10141327994164057,1.0,0.0
0.7204036821340769,0.10438085746809882,1.0,0.0
0.7204036821340769,0.10734843499455707,1.0,0.0
0.7204036821340769,0.11031601252101533,1.0,0.0
0.7204036821340769,0.1132835900474736,1.0,0.0
0.7204036821340769,0.11625116757393185,1.0,0.0
0.7204036821340769,0.1192187451003901,1.0,0.0
0.7204036821340769,0.12218632262684836,1.0,0.0
0.7204036821340769,0.12515390015330663,1.0,0.0
0.7204036821340769,0.1281214776797649,1.0,0.0
0.7204036821340769,0.13108905520622313,1.0,0.0
0.7204036821340769,0.1340566327326814,1.0,0.0
0.7204036821340769,0.13702421025913966,1.0,0.0
0.7204036821340769,0.1399917877855979,1.0,0.0
0.7204036821340769,0.14295936531205616,1.0,0.0
0.7204036821340769,0.14592694283851443,1.0,0.0
0.7204036821340769,0.1488945203649727,1.0,0.0
0.7204036821340769,0.15186209789143096,1.0,0.0
0.7204036821340769,0.1548296754178892,1.0,0.0
0.7204036821340769,0.15779725294434746,1.0,0.0
0.7204036821340769,0.16076483047080573,1.0,0.0
0.7204036821340769,0.16373240799726396,1.0,0.0
0.7204036821340769,0.16669998552372223,1.0,0.0
0.7233712596605352,0.08064023725643275,1.0,0.0
0.7233712596605352,0.083607814782891,1.0,0.0
0.7233712596605352,0.08657539230934927,1.0,0.0
0.7233712596605352,0.08954296983580753,1.0,0.0
0.7233712596605352,0.09251054736226579,1.0,0.0
0.7233712596605352,0.09547812488872404,1.0,0.0
0.7233712596605352,0.0984457024151823,1.0,0.0
0.7233712596605352,0.10141327994164057,1.0,0.0
0.7233712596605352,0.10438085746809882,1.0,0.0
0.7233712596605352,0.10734843499455707,1.0,0.0
0.7233712596605352,0.11031601252101533,1.0,0.0
0.7233712596605352,0.1132835900474736,1.0,0.0
0.7233712596605352,0.11625116757393185,1.0,0.0
0.7233712596605352,0.1192187451003901,1.0,0.0
0.7233712596605352,0.12218632262684836,1.0,0.0
0.7233712596605352,0.12515390015330663,1.0,0.0
0.7233712596605352,0.1281214776797649,1.0,0.0
0.7233712596605352,0.13108905520622313,1.0,0.0
0.7233712596605352,0.1340566327326814,1.0,0.0
0.7233712596605352,0.13702421025913966,1.0,0.0
0.7233712596605352,0.1399917877855979,1.0,0.0
0.7233712596605352,0.14295936531205616,1.0,0.0
0.7233712596605352,0.14592694283851443,1.0,0.0
0.7233712596605352,0.1488945203649727,1.0,0.0
0.7233712596605352,0.15186209789143096,1.0,0.0
0.7233712596605352,0.1548296754178892,1.0,0.0
0.7233712596605352,0.15779725294434746,1.0,0.0
0.7233712596605352,0.16076483047080573,1.0,0.0
0.7233712596605352,0.16373240799726396,1.0,0.0
0.7233712596605352,0.16669998552372223,1.0,0.0
0.7263388371869934,0.08064023725643275,1.0,0.0
0.7263388371869934,0.083607814782891,1.0,0.0
0.7263388371869934,0.08657539230934927,1.0,0.0
0.7263388371869934,0.08954296983580753,1.0,0.0
0.7263388371869934,0.09251054736226579,1.0,0.0
0.7263388371869934,0.09547812488872404,1.0,0.0
0.7263388371869934,0.0984457024151823,1.0,0.0
0.7263388371869934,0.10141327994164057,1.0,0.0
0.7263388371869934,0.10438085746809882,1.0,0.0
0.7263388371869934,0.10734843499455707,1.0,0.0
0.7263388371869934,0.11031601252101533,1.0,0.0
0.7263388371869934,0.1132835900474736,1.0,0.0
0.7263388371869934,0.11625116757393185,1.0,0.0
0.7263388371869934,0.1192187451003901,1.0,0.0
0.7263388371869934,0.12218632262684836,1.0,0.0
0.7263388371869934,0.12515390015330663,1.0,0.0
0.7263388371869934,0.1281214776797649,1.0,0.0
0.7263388371869934,0.13108905520622313,1.0,0.0
0.7263388371869934,0.1340566327326814,1.0,0.0
0.7263388371869934,0.13702421025913966,1.0,0.0
0.7263388371869934,0.1399917877855979,1.0,0.0
0.7263388371869934,0.14295936531205616,1.0,0.0
0.7263388371869934,0.14592694283851443,1.0,0.0
0.7263388371869934,0.1488945203649727,1.0,0.0
0.7263388371869934,0.15186209789143096,1.0,0.0
0.7263388371869934,0.1548296754178892,1.0,0.0
0.7263388371869934,0.15779725294434746,1.0,0.0
0.7263388371869934,0.16076483047080573,1.0,0.0
0.7263388371869934,0.16373240799726396,1.0,0.0
0.7263388371869934,0.16669998552372223,1.0,0.0
0.7293064147134517,0.08064023725643275,1.0,0.0
0.7293064147134517,0.083607814782891,1.0,0.0
0.7293064147134517,0.08657539230934927,1.0,0.0
0.7293064147134517,0.08954296983580753,1.0,0.0
0.7293064147134517,0.09251054736226579,1.0,0.0
0.7293064147134517,0.09547812488872404,1.0,0.0
0.7293064147134517,0.0984457024151823,1.0,0.0
0.7293064147134517,0.10141327994164057,1.0,0.0
0.7293064147134517,0.10438085746809882,1.0,0.0
0.7293064147134517,0.10734843499455707,1.0,0.0
0.7293064147134517,0.11031601252101533,1.0,0.0
0.7293064147134517,0.1132835900474736,1.0,0.0
0.7293064147134517,0.11625116757393185,1.0,0.0
0.7293064147134517,0.1192187451003901,1.0,0.0
0.7293064147134517,0.12218632262684836,1.0,0.0
0.7293064147134517,0.12515390015330663,1.0,0.0
0.7293064147134517,0.1281214776797649,1.0,0.0
0.7293064147134517,0.13108905520622313,1.0,0.0
0.7293064147134517,0.1340566327326814,1.0,0.0
0.7293064147134517,0.13702421025913966,1.0,0.0
0.7293064147134517,0.1399917877855979,1.0,0.0
0.7293064147134517,0.14295936531205616,1.0,0.0
0.7293064147134517,0.14592694283851443,1.0,0.0
0.7293064147134517,0.1488945203649727,1.0,0.0
0.7293064147134517,0.15186209789143096,1.0,0.0
0.7293064147134517,0.1548296754178892,1.0,0.0
0.7293064147134517,0.15779725294434746,1.0,0.0
0.7293064147134517,0.16076483047080573,1.0,0.0
0.7293064147134517,0.16373240799726396,1.0,0.0
0.7293064147134517,0.16669998552372223,1.0,0.0
0.7293064147134517,0.1696675630501805,1.0,0.0
0.73227399223991,0.08064023725643275,1.0,0.0
0.73227399223991,0.083607814782891,1.0,0.0
0.73227399223991,0.08657539230934927,1.0,0.0
0.73227399223991,0.08954296983580753,1.0,0.0
0.73227399223991,0.09251054736226579,1.0,0.0
0.73227399223991,0.09547812488872404,1.0,0.0
0.73227399223991,0.0984457024151823,1.0,0.0
0.73227399223991,0.10141327994164057,1.0,0.0
0.73227399223991,0.10438085746809882,1.0,0.0
0.73227399223991,0.10734843499455707,1.0,0.0
0.73227399223991,0.11031601252101533,1.0,0.0
0.73227399223991,0.1132835900474736,1.0,0.0
0.73227399223991,0.11625116757393185,1.0,0.0
0.73227399223991,0.1192187451003901,1.0,0.0
0.73227399223991,0.12218632262684836,1.0,0.0
0.73227399223991,0.12515390015330663,1.0,0.0
0.73227399223991,0.1281214776797649,1.0,0.0
0.73227399223991,0.13108905520622313,1.0,0.0
0.73227399223991,0.1340566327326814,1.0,0.0
0.73227399223991,0.13702421025913966,1.0,0.0
0.73227399223991,0.1399917877855979,1.0,0.0
0.73227399223991,0.14295936531205616,1.0,0.0
0.73227399223991,0.14592694283851443,1.0,0.0
0.73227399223991,0.1488945203649727,1.0,0.0
0.73227399223991,0.15186209789143096,1.0,0.0
0.73227399223991,0.1548296754178892,1.0,0.0
0.73227399223991,0.15779725294434746,1.0,0.0
0.73227399223991,0.16076483047080573,1.0,0.0
0.73227399223991,0.16373240799726396,1.0,0.0
0.73227399223991,0.16669998552372223,1.0,0.0
0.73227399223991,0.1696675630501805,1.0,0.0
0.7352415697663682,0.08064023725643275,1.0,0.0
0.7352415697663682,0.083607814782891,1.0,0.0
0.7352415697663682,0.08657539230934927,1.0,0.0
0.7352415697663682,0.08954296983580753,1.0,0.0
0.7352415697663682,0.09251054736226579,1.0,0.0
0.7352415697663682,0.09547812488872404,1.0,0.0
0.7352415697663682,0.0984457024151823,1.0,0.0
0.7352415697663682,0.10141327994164057,1.0,0.0
0.7352415697663682,0.10438085746809882,1.0,0.0
0.7352415697663682,0.10734843499455707,1.0,0.0
0.7352415697663682,0.11031601252101533,1.0,0.0
0.7352415697663682,0.1132835900474736,1.0,0.0
0.7352415697663682,0.11625116757393185,1.0,0.0
0.7352415697663682,0.1192187451003901,1.0,0.0
0.7352415697663682,0.12218632262684836,1.0,0.0
0.7352415697663682,0.12515390015330663,1.0,0.0
0.7352415697663682,0.1281214776797649,1.0,0.0
0.7352415697663682,0.13108905520622313,1.0,0.0
0.7352415697663682,0.1340566327326814,1.0,0.0
0.7352415697663682,0.13702421025913966,1.0,0.0
0.7352415697663682,0.1399917877855979,1.0,0.0
0.7352415697663682,0.14295936531205616,1.0,0.0
0.7352415697663682,0.14592694283851443,1.0,0.0
0.7352415697663682,0.1488945203649727,1.0,0.0
0.7352415697663682,0.15186209789143096,1.0,0.0
0.7352415697663682,0.1548296754178892,1.0,0.0
0.7352415697663682,0.15779725294434746,1.0,0.0
0.7352415697663682,0.16076483047080573,1.0,0.0
0.7352415697663682,0.16373240799726396,1.0,0.0
0.7352415697663682,0.16669998552372223,1.0,0.0
0.7352415697663682,0.1696675630501805,1.0,0.0
0.7382091472928265,0.0776726597299745,1.0,0.0
0.7382091472928265,0.08064023725643275,1.0,0.0
0.7382091472928265,0.083607814782891,1.0,0.0
0.7382091472928265,0.08657539230934927,1.0,0.0
0.7382091472928265,0.08954296983580753,1.0,0.0
0.7382091472928265,0.09251054736226579,1.0,0.0
0.7382091472928265,0.09547812488872404,1.0,0.0
0.7382091472928265,0.0984457024151823,1.0,0.0
0.7382091472928265,0.10141327994164057,1.0,0.0
0.7382091472928265,0.10438085746809882,1.0,0.0
0.7382091472928265,0.10734843499455707,1.0,0.0
0.7382091472928265,0.11031601252101533,1.0,0.0
0.7382091472928265,0.1132835900474736,1.0,0.0
0.7382091472928265,0.11625116757393185,1.0,0.0
0.7382091472928265,0.1192187451003901,1.0,0.0
0.7382091472928265,0.12218632262684836,1.0,0.0
0.7382091472928265,0.12515390015330663,1.0,0.0
0.7382091472928265,0.1281214776797649,1.0,0.0
0.7382091472928265,0.13108905520622313,1.0,0.0
0.7382091472928265,0.1340566327326814,1.0,0.0
0.7382091472928265,0.13702421025913966,1.0,0.0
0.7382091472928265,0.1399917877855979,1.0,0.0
0.7382091472928265,0.14295936531205616,1.0,0.0
0.7382091472928265,0.14592694283851443,1.0,0.0
0.7382091472928265,0.1488945203649727,1.0,0.0
0.7382091472928265,0.15186209789143096,1.0,0.0
0.7382091472928265,0.1548296754178892,1.0,0.0
0.7382091472928265,0.15779725294434746,1.0,0.0
0.7382091472928265,0.16076483047080573,1.0,0.0
0.7382091472928265,0.16373240799726396,1.0,0.0
0.7382091472928265,0.16669998552372223,1.0,0.0
0.7411767248192848,0.08064023725643275,1.0,0.0
0.7411767248192848,0.083607814782891,1.0,0.0
0.7411767248192848,0.08657539230934927,1.0,0.0
0.7411767248192848,0.08954296983580753,1.0,0.0
0.7411767248192848,0.09251054736226579,1.0,0.0
0.7411767248192848,0.09547812488872404,1.0,0.0
0.7411767248192848,0.0984457024151823,1.0,0.0
0.7411767248192848,0.10141327994164057,1.0,0.0
0.7411767248192848,0.10438085746809882,1.0,0.0
0.7411767248192848,0.10734843499455707,1.0,0.0
0.7411767248192848,0.11031601252101533,1.0,0.0
0.7411767248192848,0.1132835900474736,1.0,0.0
0.7411767248192848,0.11625116757393185,1.0,0.0
0.7411767248192848,0.1192187451003901,1.0,0.0
0.7411767248192848,0.12218632262684836,1.0,0.0
0.7411767248192848,0.12515390015330663,1.0,0.0
0.7411767248192848,0.1281214776797649,1.0,0.0
0.7411767248192848,0.13108905520622313,1.0,0.0
0.7411767248192848,0.1340566327326814,1.0,0.0
0.7411767248192848,0.13702421025913966,1.0,0.0
0.7411767248192848,0.1399917877855979,1.0,0.0
0.7411767248192848,0.14295936531205616,1.0,0.0
0.7411767248192848,0.14592694283851443,1.0,0.0
0.7411767248192848,0.1488945203649727,1.0,0.0
0.7411767248192848,0.15186209789143096,1.0,0.0
0.7411767248192848,0.1548296754178892,1.0,0.0
0.7411767248192848,0.15779725294434746,1.0,0.0
0.7411767248192848,0.16076483047080573,1.0,0.0
0.7411767248192848,0.16373240799726396,1.0,0.0
0.7411767248192848,0.16669998552372223,1.0,0.0
0.744144302345743,0.08064023725643275,1.0,0.0
0.744144302345743,0.083607814782891,1.0,0.0
0.744144302345743,0.08657539230934927,1.0,0.0
0.744144302345743,0.08954296983580753,1.0,0.0
0.744144302345743,0.09251054736226579,1.0,0.0
0.744144302345743,0.09547812488872404,1.0,0.0
0.744144302345743,0.0984457024151823,1.0,0.0
0.744144302345743,0.10141327994164057,1.0,0.0
0.744144302345743,0.10438085746809882,1.0,0.0
0.744144302345743,0.10734843499455707,1.0,0.0
0.744144302345743,0.11031601252101533,1.0,0.0
0.744144302345743,0.1132835900474736,1.0,0.0
0.744144302345743,0.11625116757393185,1.0,0.0
0.744144302345743,0.1192187451003901,1.0,0.0
0.744144302345743,0.12218632262684836,1.0,0.0
0.744144302345743,0.12515390015330663,1.0,0.0
0.744144302345743,0.1281214776797649,1.0,0.0
0.744144302345743,0.13108905520622313,1.0,0.0
0.744144302345743,0.1340566327326814,1.0,0.0
0.744144302345743,0.13702421025913966,1.0,0.0
0.744144302345743,0.1399917877855979,1.0,0.0
0.744144302345743,0.14295936531205616,1.0,0.0
0.744144302345743,0.14592694283851443,1.0,0.0
0.744144302345743,0.1488945203649727,1.0,0.0
0.744144302345743,0.15186209789143096,1.0,0.0
0.744144302345743,0.1548296754178892,1.0,0.0
0.744144302345743,0.15779725294434746,1.0,0.0
0.744144302345743,0.16076483047080573,1.0,0.0
0.744144302345743,0.16373240799726396,1.0,0.0
0.744144302345743,0.16669998552372223,1.0,0.0
0.7471118798722013,0.083607814782891,1.0,0.0
0.7471118798722013,0.08657539230934927,1.0,0.0
0.7471118798722013,0.08954296983580753,1.0,0.0
0.7471118798722013,0.09251054736226579,1.0,0.0
0.7471118798722013,0.09547812488872404,1.0,0.0
0.7471118798722013,0.0984457024151823,1.0,0.0
0.7471118798722013,0.10141327994164057,1.0,0.0
0.7471118798722013,0.10438085746809882,1.0,0.0
0.7471118798722013,0.10734843499455707,1.0,0.0
0.7471118798722013,0.11031601252101533,1.0,0.0
0.7471118798722013,0.1132835900474736,1.0,0.0
0.7471118798722013,0.11625116757393185,1.0,0.0
0.7471118798722013,0.1192187451003901,1.0,0.0
0.7471118798722013,0.12218632262684836,1.0,0.0
0.7471118798722013,0.12515390015330663,1.0,0.0
0.7471118798722013,0.1281214776797649,1.0,0.0
0.7471118798722013,0.13108905520622313,1.0,0.0
0.7471118798722013,0.1340566327326814,1.0,0.0
0.7471118798722013,0.13702421025913966,1.0,0.0
0.7471118798722013,0.1399917877855979,1.0,0.0
0.7471118798722013,0.14295936531205616,1.0,0.0
0.7471118798722013,0.14592694283851443,1.0,0.0
0.7471118798722013,0.1488945203649727,1.0,0.0
0.7471118798722013,0.15186209789143096,1.0,0.0
0.7471118798722013,0.1548296754178892,1.0,0.0
0.7471118798722013,0.15779725294434746,1.0,0.0
0.7471118798722013,0.16076483047080573,1.0,0.0
0.7471118798722013,0.16373240799726396,1.0,0.0
0.7471118798722013,0.16669998552372223,1.0,0.0
0.7500794573986596,0.08064023725643275,1.0,0.0
0.7500794573986596,0.083607814782891,1.0,0.0
0.7500794573986596,0.08657539230934927,1.0,0.0
0.7500794573986596,0.08954296983580753,1.0,0.0
0.7500794573986596,0.09251054736226579,1.0,0.0
0.7500794573986596,0.09547812488872404,1.0,0.0
0.7500794573986596,0.0984457024151823,1.0,0.0
0.7500794573986596,0.10141327994164057,1.0,0.0
0.7500794573986596,0.10438085746809882,1.0,0.0
0.7500794573986596,0.10734843499455707,1.0,0.0
0.7500794573986596,0.11031601252101533,1.0,0.0
0.7500794573986596,0.1132835900474736,1.0,0.0
0.7500794573986596,0.11625116757393185,1.0,0.0
0.7500794573986596,0.1192187451003901,1.0,0.0
0.7500794573986596,0.12218632262684836,1.0,0.0
0.7500794573986596,0.12515390015330663,1.0,0.0
0.7500794573986596,0.1281214776797649,1.0,0.0
0.7500794573986596,0.13108905520622313,1.0,0.0
0.7500794573986596,0.1340566327326814,1.0,0.0
0.7500794573986596,0.13702421025913966,1.0,0.0
0.7500794573986596,0.1399917877855979,1.0,0.0
0.7500794573986596,0.14295936531205616,1.0,0.0
0.7500794573986596,0.14592694283851443,1.0,0.0
0.7500794573986596,0.1488945203649727,1.0,0.0
0.7500794573986596,0.15186209789143096,1.0,0.0
0.7500794573986596,0.1548296754178892,1.0,0.0
0.7500794573986596,0.15779725294434746,1.0,0.0
0.7500794573986596,0.16076483047080573,1.0,0.0
0.7500794573986596,0.16373240799726396,1.0,0.0
0.7530470349251178,0.08064023725643275,1.0,0.0
0.7530470349251178,0.083607814782891,1.0,0.0
0.7530470349251178,0.08657539230934927,1.0,0.0
0.7530470349251178,0.08954296983580753,1.0,0.0
0.7530470349251178,0.09251054736226579,1.0,0.0
0.7530470349251178,0.09547812488872404,1.0,0.0
0.7530470349251178,0.0984457024151823,1.0,0.0
0.7530470349251178,0.10141327994164057,1.0,0.0
0.7530470349251178,0.10438085746809882,1.0,0.0
0.7530470349251178,0.10734843499455707,1.0,0.0
0.7530470349251178,0.11031601252101533,1.0,0.0
0.7530470349251178,0.1132835900474736,1.0,0.0
0.7530470349251178,0.11625116757393185,1.0,0.0
0.7530470349251178,0.1192187451003901,1.0,0.0
0.7530470349251178,0.12218632262684836,1.0,0.0
0.7530470349251178,0.12515390015330663,1.0,0.0
0.7530470349251178,0.1281214776797649,1.0,0.0
0.7530470349251178,0.13108905520622313,1.0,0.0
0.7530470349251178,0.1340566327326814,1.0,0.0
0.7530470349251178,0.13702421025913966,1.0,0.0
0.7530470349251178,0.1399917877855979,1.0,0.0
0.7530470349251178,0.14295936531205616,1.0,0.0
0.7530470349251178,0.14592694283851443,1.0,0.0
0.7530470349251178,0.1488945203649727,1.0,0.0
0.7530470349251178,0.15186209789143096,1.0,0.0
0.7530470349251178,0.1548296754178892,1.0,0.0
0.7530470349251178,0.15779725294434746,1.0,0.0
0.7530470349251178,0.16076483047080573,1.0,0.0
0.7530470349251178,0.16373240799726396,1.0,0.0
0.7530470349251178,0.16669998552372223,1.0,0.0
0.7560146124515761,0.083607814782891,1.0,0.0
0.7560146124515761,0.08657539230934927,1.0,0.0
0.7560146124515761,0.08954296983580753,1.0,0.0
0.7560146124515761,0.09251054736226579,1.0,0.0
0.7560146124515761,0.09547812488872404,1.0,0.0
0.7560146124515761,0.0984457024151823,1.0,0.0
0.7560146124515761,0.10141327994164057,1.0,0.0
0.7560146124515761,0.10438085746809882,1.0,0.0
0.7560146124515761,0.10734843499455707,1.0,0.0
0.7560146124515761,0.11031601252101533,1.0,0.0
0.7560146124515761,0.1132835900474736,1.0,0.0
0.7560146124515761,0.11625116757393185,1.0,0.0
0.7560146124515761,0.1192187451003901,1.0,0.0
0.7560146124515761,0.12218632262684836,1.0,0.0
0.7560146124515761,0.12515390015330663,1.0,0.0
0.7560146124515761,0.1281214776797649,1.0,0.0
0.7560146124515761,0.13108905520622313,1.0,0.0
0.7560146124515761,0.1340566327326814,1.0,0.0
0.7560146124515761,0.13702421025913966,1.0,0.0
0.7560146124515761,0.1399917877855979,1.0,0.0
0.7560146124515761,0.14295936531205616,1.0,0.0
0.7560146124515761,0.14592694283851443,1.0,0.0
0.7560146124515761,0.1488945203649727,1.0,0.0
0.7560146124515761,0.15186209789143096,1.0,0.0
0.7560146124515761,0.1548296754178892,1.0,0.0
0.7560146124515761,0.15779725294434746,1.0,0.0
0.7560146124515761,0.16076483047080573,1.0,0.0
0.7560146124515761,0.16373240799726396,1.0,0.0
0.7560146124515761,0.16669998552372223,1.0,0.0
0.7560146124515761,0.1696675630501805,1.0,0.0
0.7589821899780343,0.083607814782891,1.0,0.0
0.7589821899780343,0.08657539230934927,1.0,0.0
0.7589821899780343,0.08954296983580753,1.0,0.0
0.7589821899780343,0.09251054736226579,1.0,0.0
0.7589821899780343,0.09547812488872404,1.0,0.0
0.7589821899780343,0.0984457024151823,1.0,0.0
0.7589821899780343,0.10141327994164057,1.0,0.0
0.7589821899780343,0.10438085746809882,1.0,0.0
0.7589821899780343,0.10734843499455707,1.0,0.0
0.7589821899780343,0.11031601252101533,1.0,0.0
0.7589821899780343,0.1132835900474736,1.0,0.0
0.7589821899780343,0.11625116757393185,1.0,0.0
0.7589821899780343,0.1192187451003901,1.0,0.0
0.7589821899780343,0.12218632262684836,1.0,0.0
0.7589821899780343,0.12515390015330663,1.0,0.0
0.7589821899780343,0.1281214776797649,1.0,0.0
0.7589821899780343,0.13108905520622313,1.0,0.0
0.7589821899780343,0.1340566327326814,1.0,0.0
0.7589821899780343,0.13702421025913966,1.0,0.0
0.7589821899780343,0.1399917877855979,1.0,0.0
0.7589821899780343,0.14295936531205616,1.0,0.0
0.7589821899780343,0.14592694283851443,1.0,0.0
0.7589821899780343,0.1488945203649727,1.0,0.0
0.7589821899780343,0.15186209789143096,1.0,0.0
0.7589821899780343,0.1548296754178892,1.0,0.0
0.7589821899780343,0.15779725294434746,1.0,0.0
0.7589821899780343,0.16076483047080573,1.0,0.0
0.7589821899780343,0.16373240799726396,1.0,0.0
0.7589821899780343,0.16669998552372223,1.0,0.0
0.7619497675044926,0.083607814782891,1.0,0.0
0.7619497675044926,0.08657539230934927,1.0,0.0
0.7619497675044926,0.08954296983580753,1.0,0.0
0.7619497675044926,0.09251054736226579,1.0,0.0
0.7619497675044926,0.09547812488872404,1.0,0.0
0.7619497675044926,0.0984457024151823,1.0,0.0
0.7619497675044926,0.10141327994164057,1.0,0.0
0.7619497675044926,0.10438085746809882,1.0,0.0
0.7619497675044926,0.10734843499455707,1.0,0.0
0.7619497675044926,0.11031601252101533,1.0,0.0
0.7619497675044926,0.1132835900474736,1.0,0.0
0.7619497675044926,0.11625116757393185,1.0,0.0
0.7619497675044926,0.1192187451003901,1.0,0.0
0.7619497675044926,0.12218632262684836,1.0,0.0
0.7619497675044926,0.12515390015330663,1.0,0.0
0.7619497675044926,0.1281214776797649,1.0,0.0
0.7619497675044926,0.13108905520622313,1.0,0.0
0.7619497675044926,0.1340566327326814,1.0,0.0
0.7619497675044926,0.13702421025913966,1.0,0.0
0.7619497675044926,0.1399917877855979,1.0,0.0
0.7619497675044926,0.14295936531205616,1.0,0.0
0.7619497675044926,0.14592694283851443,1.0,0.0
0.7619497675044926,0.1488945203649727,1.0,0.0
0.7619497675044926,0.15186209789143096,1.0,0.0
0.7619497675044926,0.1548296754178892,1.0,0.0
0.7619497675044926,0.15779725294434746,1.0,0.0
0.7619497675044926,0.16076483047080573,1.0,0.0
0.7619497675044926,0.16373240799726396,1.0,0.0
0.7619497675044926,0.16669998552372223,1.0,0.0
0.7649173450309508,0.08657539230934927,1.0,0.0
0.7649173450309508,0.08954296983580753,1.0,0.0
0.7649173450309508,0.09251054736226579,1.0,0.0
0.7649173450309508,0.09547812488872404,1.0,0.0
0.7649173450309508,0.0984457024151823,1.0,0.0
0.7649173450309508,0.10141327994164057,1.0,0.0
0.7649173450309508,0.10438085746809882,1.0,0.0
0.7649173450309508,0.10734843499455707,1.0,0.0
0.7649173450309508,0.11031601252101533,1.0,0.0
0.7649173450309508,0.1132835900474736,1.0,0.0
0.7649173450309508,0.11625116757393185,1.0,0.0
0.7649173450309508,0.1192187451003901,1.0,0.0
0.7649173450309508,0.12218632262684836,1.0,0.0
0.7649173450309508,0.12515390015330663,1.0,0.0
0.7649173450309508,0.1281214776797649,1.0,0.0
0.7649173450309508,0.13108905520622313,1.0,0.0
0.7649173450309508,0.1340566327326814,1.0,0.0
0.7649173450309508,0.13702421025913966,1.0,0.0
0.7649173450309508,0.1399917877855979,1.0,0.0
0.7649173450309508,0.14295936531205616,1.0,0.0
0.7649173450309508,0.14592694283851443,1.0,0.0
0.7649173450309508,0.1488945203649727,1.0,0.0
0.7649173450309508,0.15186209789143096,1.0,0.0
0.7649173450309508,0.1548296754178892,1.0,0.0
0.7649173450309508,0.15779725294434746,1.0,0.0
0.7649173450309508,0.16076483047080573,1.0,0.0
0.7649173450309508,0.16373240799726396,1.0,0.0
0.7649173450309508,0.16669998552372223,1.0,0.0
0.767884922557409,0.08657539230934927,1.0,0.0
0.767884922557409,0.08954296983580753,1.0,0.0
0.767884922557409,0.09251054736226579,1.0,0.0
0.767884922557409,0.09547812488872404,1.0,0.0
0.767884922557409,0.0984457024151823,1.0,0.0
0.767884922557409,0.10141327994164057,1.0,0.0
0.767884922557409,0.10438085746809882,1.0,0.0
0.767884922557409,0.10734843499455707,1.0,0.0
0.767884922557409,0.11031601252101533,1.0,0.0
0.767884922557409,0.1132835900474736,1.0,0.0
0.767884922557409,0.11625116757393185,1.0,0.0
0.767884922557409,0.1192187451003901,1.0,0.0
0.767884922557409,0.12218632262684836,1.0,0.0
0.767884922557409,0.12515390015330663,1.0,0.0
0.767884922557409,0.1281214776797649,1.0,0.0
0.767884922557409,0.13108905520622313,1.0,0.0
0.767884922557409,0.1340566327326814,1.0,0.0
0.767884922557409,0.13702421025913966,1.0,0.0
0.767884922557409,0.1399917877855979,1.0,0.0
0.767884922557409,0.14295936531205616,1.0,0.0
0.767884922557409,0.14592694283851443,1.0,0.0
0.767884922557409,0.1488945203649727,1.0,0.0
0.767884922557409,0.15186209789143096,1.0,0.0
0.767884922557409,0.1548296754178892,1.0,0.0
0.767884922557409,0.15779725294434746,1.0,0.0
0.767884922557409,0.16076483047080573,1.0,0.0
0.767884922557409,0.16373240799726396,1.0,0.0
0.767884922557409,0.16669998552372223,1.0,0.0
0.7708525000838673,0.08657539230934927,1.0,0.0
0.7708525000838673,0.08954296983580753,1.0,0.0
0.7708525000838673,0.09251054736226579,1.0,0.0
0.7708525000838673,0.09547812488872404,1.0,0.0
0.7708525000838673,0.0984457024151823,1.0,0.0
0.7708525000838673,0.10141327994164057,1.0,0.0
0.7708525000838673,0.10438085746809882,1.0,0.0
0.7708525000838673,0.10734843499455707,1.0,0.0
0.7708525000838673,0.11031601252101533,1.0,0.0
0.7708525000838673,0.1132835900474736,1.0,0.0
0.7708525000838673,0.11625116757393185,1.0,0.0
0.7708525000838673,0.1192187451003901,1.0,0.0
0.7708525000838673,0.12218632262684836,1.0,0.0
0.7708525000838673,0.12515390015330663,1.0,0.0
0.7708525000838673,0.1281214776797649,1.0,0.0
0.7708525000838673,0.13108905520622313,1.0,0.0
0.7708525000838673,0.1340566327326814,1.0,0.0
0.7708525000838673,0.13702421025913966,1.0,0.0
0.7708525000838673,0.1399917877855979,1.0,0.0
0.7708525000838673,0.14295936531205616,1.0,0.0
0.7708525000838673,0.14592694283851443,1.0,0.0
0.7708525000838673,0.1488945203649727,1.0,0.0
0.7708525000838673,0.15186209789143096,1.0,0.0
0.7708525000838673,0.1548296754178892,1.0,0.0
0.7708525000838673,0.15779725294434746,1.0,0.0
0.7708525000838673,0.16076483047080573,1.0,0.0
0.7708525000838673,0.16373240799726396,1.0,0.0
0.7708525000838673,0.16669998552372223,1.0,0.0
0.7738200776103256,0.09251054736226579,1.0,0.0
0.7738200776103256,0.09547812488872404,1.0,0.0
0.7738200776103256,0.0984457024151823,1.0,0.0
0.7738200776103256,0.10141327994164057,1.0,0.0
0.7738200776103256,0.10438085746809882,1.0,0.0
0.7738200776103256,0.10734843499455707,1.0,0.0
0.7738200776103256,0.11031601252101533,1.0,0.0
0.7738200776103256,0.1132835900474736,1.0,0.0
0.7738200776103256,0.11625116757393185,1.0,0.0
0.7738200776103256,0.1192187451003901,1.0,0.0
0.7738200776103256,0.12218632262684836,1.0,0.0
0.7738200776103256,0.12515390015330663,1.0,0.0
0.7738200776103256,0.1281214776797649,1.0,0.0
0.7738200776103256,0.13108905520622313,1.0,0.0
0.7738200776103256,0.1340566327326814,1.0,0.0
0.7738200776103256,0.13702421025913966,1.0,0.0
0.7738200776103256,0.1399917877855979,1.0,0.0
0.7738200776103256,0.14295936531205616,1.0,0.0
0.7738200776103256,0.14592694283851443,1.0,0.0
0.7738200776103256,0.1488945203649727,1.0,0.0
0.7738200776103256,0.15186209789143096,1.0,0.0
0.7738200776103256,0.1548296754178892,1.0,0.0
0.7738200776103256,0.15779725294434746,1.0,0.0
0.7738200776103256,0.16076483047080573,1.0,0.0
0.7738200776103256,0.16373240799726396,1.0,0.0
0.7738200776103256,0.16669998552372223,1.0,0.0
0.7767876551367838,0.09251054736226579,1.0,0.0
0.7767876551367838,0.09547812488872404,1.0,0.0
0.7767876551367838,0.0984457024151823,1.0,0.0
0.7767876551367838,0.10141327994164057,1.0,0.0
0.7767876551367838,0.10438085746809882,1.0,0.0
0.7767876551367838,0.10734843499455707,1.0,0.0
0.7767876551367838,0.11031601252101533,1.0,0.0
0.7767876551367838,0.1132835900474736,1.0,0.0
0.7767876551367838,0.11625116757393185,1.0,0.0
0.7767876551367838,0.1192187451003901,1.0,0.0
0.7767876551367838,0.12218632262684836,1.0,0.0
0.7767876551367838,0.12515390015330663,1.0,0.0
0.7767876551367838,0.1281214776797649,1.0,0.0
0.7767876551367838,0.13108905520622313,1.0,0.0
0.7767876551367838,0.1340566327326814,1.0,0.0
0.7767876551367838,0.13702421025913966,1.0,0.0
0.7767876551367838,0.1399917877855979,1.0,0.0
0.7767876551367838,0.14295936531205616,1.0,0.0
0.7767876551367838,0.14592694283851443,1.0,0.0
0.7767876551367838,0.1488945203649727,1.0,0.0
0.7767876551367838,0.15186209789143096,1.0,0.0
0.7767876551367838,0.1548296754178892,1.0,0.0
0.7767876551367838,0.15779725294434746,1.0,0.0
0.7767876551367838,0.16076483047080573,1.0,0.0
0.7767876551367838,0.16373240799726396,1.0,0.0
0.7767876551367838,0.16669998552372223,1.0,0.0
0.7797552326632421,0.09251054736226579,1.0,0.0
0.7797552326632421,0.09547812488872404,1.0,0.0
0.7797552326632421,0.0984457024151823,1.0,0.0
0.7797552326632421,0.10141327994164057,1.0,0.0
0.7797552326632421,0.10438085746809882,1.0,0.0
0.7797552326632421,0.10734843499455707,1.0,0.0
0.7797552326632421,0.11031601252101533,1.0,0.0
0.7797552326632421,0.1132835900474736,1.0,0.0
0.7797552326632421,0.11625116757393185,1.0,0.0
0.7797552326632421,0.1192187451003901,1.0,0.0
0.7797552326632421,0.12218632262684836,1.0,0.0
0.7797552326632421,0.12515390015330663,1.0,0.0
0.7797552326632421,0.1281214776797649,1.0,0.0
0.7797552326632421,0.13108905520622313,1.0,0.0
0.7797552326632421,0.1340566327326814,1.0,0.0
0.7797552326632421,0.13702421025913966,1.0,0.0
0.7797552326632421,0.1399917877855979,1.0,0.0
0.7797552326632421,0.14295936531205616,1.0,0.0
0.7797552326632421,0.14592694283851443,1.0,0.0
0.7797552326632421,0.1488945203649727,1.0,0.0
0.7797552326632421,0.15186209789143096,1.0,0.0
0.7797552326632421,0.1548296754178892,1.0,0.0
0.7797552326632421,0.15779725294434746,1.0,0.0
0.7797552326632421,0.16076483047080573,1.0,0.0
0.7797552326632421,0.16373240799726396,1.0,0.0
0.7797552326632421,0.16669998552372223,1.0,0.0
0.7797552326632421,0.1696675630501805,1.0,0.0
0.7827228101897004,0.09251054736226579,1.0,0.0
0.7827228101897004,0.09547812488872404,1.0,0.0
0.7827228101897004,0.0984457024151823,1.0,0.0
0.7827228101897004,0.10141327994164057,1.0,0.0
0.7827228101897004,0.10438085746809882,1.0,0.0
0.7827228101897004,0.10734843499455707,1.0,0.0
0.7827228101897004,0.11031601252101533,1.0,0.0
0.7827228101897004,0.1132835900474736,1.0,0.0
0.7827228101897004,0.11625116757393185,1.0,0.0
0.7827228101897004,0.1192187451003901,1.0,0.0
0.7827228101897004,0.12218632262684836,1.0,0.0
0.7827228101897004,0.12515390015330663,1.0,0.0
0.7827228101897004,0.1281214776797649,1.0,0.0
0.7827228101897004,0.13108905520622313,1.0,0.0
0.7827228101897004,0.1340566327326814,1.0,0.0
0.7827228101897004,0.13702421025913966,1.0,0.0
0.7827228101897004,0.1399917877855979,1.0,0.0
0.7827228101897004,0.14295936531205616,1.0,0.0
0.7827228101897004,0.14592694283851443,1.0,0.0
0.7827228101897004,0.1488945203649727,1.0,0.0
0.7827228101897004,0.15186209789143096,1.0,0.0
0.7827228101897004,0.1548296754178892,1.0,0.0
0.7827228101897004,0.15779725294434746,1.0,0.0
0.7827228101897004,0.16076483047080573,1.0,0.0
0.7827228101897004,0.16373240799726396,1.0,0.0
0.7827228101897004,0.16669998552372223,1.0,0.0
0.7856903877161586,0.09251054736226579,1.0,0.0
0.7856903877161586,0.09547812488872404,1.0,0.0
0.7856903877161586,0.0984457024151823,1.0,0.0
0.7856903877161586,0.10141327994164057,1.0,0.0
0.7856903877161586,0.10438085746809882,1.0,0.0
0.7856903877161586,0.10734843499455707,1.0,0.0
0.7856903877161586,0.11031601252101533,1.0,0.0
0.7856903877161586,0.1132835900474736,1.0,0.0
0.7856903877161586,0.11625116757393185,1.0,0.0
0.7856903877161586,0.1192187451003901,1.0,0.0
0.7856903877161586,0.12218632262684836,1.0,0.0
0.7856903877161586,0.12515390015330663,1.0,0.0
0.7856903877161586,0.1281214776797649,1.0,0.0
0.7856903877161586,0.13108905520622313,1.0,0.0
0.7856903877161586,0.1340566327326814,1.0,0.0
0.7856903877161586,0.13702421025913966,1.0,0.0
0.7856903877161586,0.1399917877855979,1.0,0.0
0.7856903877161586,0.14295936531205616,1.0,0.0
0.7856903877161586,0.14592694283851443,1.0,0.0
0.7856903877161586,0.1488945203649727,1.0,0.0
0.7856903877161586,0.15186209789143096,1.0,0.0
0.7856903877161586,0.1548296754178892,1.0,0.0
0.7856903877161586,0.15779725294434746,1.0,0.0
0.7856903877161586,0.16076483047080573,1.0,0.0
0.7856903877161586,0.16373240799726396,1.0,0.0
0.7886579652426169,0.09251054736226579,1.0,0.0
0.7886579652426169,0.09547812488872404,1.0,0.0
0.7886579652426169,0.0984457024151823,1.0,0.0
0.7886579652426169,0.10141327994164057,1.0,0.0
0.7886579652426169,0.10438085746809882,1.0,0.0
0.7886579652426169,0.10734843499455707,1.0,0.0
0.7886579652426169,0.11031601252101533,1.0,0.0
0.7886579652426169,0.1132835900474736,1.0,0.0
0.7886579652426169,0.11625116757393185,1.0,0.0
0.7886579652426169,0.1192187451003901,1.0,0.0
0.7886579652426169,0.12218632262684836,1.0,0.0
0.7886579652426169,0.12515390015330663,1.0,0.0
0.7886579652426169,0.1281214776797649,1.0,0.0
0.7886579652426169,0.13108905520622313,1.0,0.0
0.7886579652426169,0.1340566327326814,1.0,0.0
0.7886579652426169,0.13702421025913966,1.0,0.0
0.7886579652426169,0.1399917877855979,1.0,0.0
0.7886579652426169,0.14295936531205616,1.0,0.0
0.7886579652426169,0.14592694283851443,1.0,0.0
0.7886579652426169,0.1488945203649727,1.0,0.0
0.7886579652426169,0.15186209789143096,1.0,0.0
0.7886579652426169,0.1548296754178892,1.0,0.0
0.7886579652426169,0.15779725294434746,1.0,0.0
0.7886579652426169,0.16076483047080573,1.0,0.0
0.7916255427690752,0.08954296983580753,1.0,0.0
0.7916255427690752,0.09251054736226579,1.0,0.0
0.7916255427690752,0.09547812488872404,1.0,0.0
0.7916255427690752,0.0984457024151823,1.0,0.0
0.7916255427690752,0.10141327994164057,1.0,0.0
0.7916255427690752,0.10438085746809882,1.0,0.0
0.7916255427690752,0.10734843499455707,1.0,0.0
0.7916255427690752,0.11031601252101533,1.0,0.0
0.7916255427690752,0.1132835900474736,1.0,0.0
0.7916255427690752,0.11625116757393185,1.0,0.0
0.7916255427690752,0.1192187451003901,1.0,0.0
0.7916255427690752,0.12218632262684836,1.0,0.0
0.7916255427690752,0.12515390015330663,1.0,0.0
0.7916255427690752,0.1281214776797649,1.0,0.0
0.7916255427690752,0.13108905520622313,1.0,0.0
0.7916255427690752,0.1340566327326814,1.0,0.0
0.7916255427690752,0.13702421025913966,1.0,0.0
0.7916255427690752,0.1399917877855979,1.0,0.0
0.7916255427690752,0.14295936531205616,1.0,0.0
0.7916255427690752,0.14592694283851443,1.0,0.0
0.7916255427690752,0.1488945203649727,1.0,0.0
0.7916255427690752,0.15186209789143096,1.0,0.0
0.7916255427690752,0.1548296754178892,1.0,0.0
0.7945931202955334,0.08954296983580753,1.0,0.0
0.7945931202955334,0.09251054736226579,1.0,0.0
0.7945931202955334,0.09547812488872404,1.0,0.0
0.7945931202955334,0.0984457024151823,1.0,0.0
0.7945931202955334,0.10141327994164057,1.0,0.0
0.7945931202955334,0.10438085746809882,1.0,0.0
0.7945931202955334,0.10734843499455707,1.0,0.0
0.7945931202955334,0.11031601252101533,1.0,0.0
0.7945931202955334,0.1132835900474736,1.0,0.0
0.7945931202955334,0.11625116757393185,1.0,0.0
0.7945931202955334,0.1192187451003901,1.0,0.0
0.7945931202955334,0.12218632262684836,1.0,0.0
0.7945931202955334,0.12515390015330663,1.0,0.0
0.7945931202955334,0.1281214776797649,1.0,0.0
0.7945931202955334,0.13108905520622313,1.0,0.0
0.7945931202955334,0.1340566327326814,1.0,0.0
0.7945931202955334,0.13702421025913966,1.0,0.0
0.7945931202955334,0.1399917877855979,1.0,0.0
0.7945931202955334,0.14295936531205616,1.0,0.0
0.7945931202955334,0.14592694283851443,1.0,0.0
0.7945931202955334,0.1488945203649727,1.0,0.0
0.7945931202955334,0.15186209789143096,1.0,0.0
0.7945931202955334,0.1548296754178892,1.0,0.0
0.7945931202955334,0.15779725294434746,1.0,0.0
0.7945931202955334,0.16076483047080573,1.0,0.0
0.7975606978219917,0.09251054736226579,1.0,0.0
0.7975606978219917,0.09547812488872404,1.0,0.0
0.7975606978219917,0.0984457024151823,1.0,0.0
0.7975606978219917,0.10141327994164057,1.0,0.0
0.7975606978219917,0.10438085746809882,1.0,0.0
0.7975606978219917,0.10734843499455707,1.0,0.0
0.7975606978219917,0.11031601252101533,1.0,0.0
0.7975606978219917,0.1132835900474736,1.0,0.0
0.7975606978219917,0.11625116757393185,1.0,0.0
0.7975606978219917,0.1192187451003901,1.0,0.0
0.7975606978219917,0.12218632262684836,1.0,0.0
0.7975606978219917,0.12515390015330663,1.0,0.0
0.7975606978219917,0.1281214776797649,1.0,0.0
0.7975606978219917,0.13108905520622313,1.0,0.0
0.7975606978219917,0.1340566327326814,1.0,0.0
0.7975606978219917,0.13702421025913966,1.0,0.0
0.7975606978219917,0.1399917877855979,1.0,0.0
0.7975606978219917,0.14295936531205616,1.0,0.0
0.7975606978219917,0.14592694283851443,1.0,0.0
0.7975606978219917,0.1488945203649727,1.0,0.0
0.7975606978219917,0.15186209789143096,1.0,0.0
0.7975606978219917,0.1548296754178892,1.0,0.0
0.7975606978219917,0.15779725294434746,1.0,0.0
0.7975606978219917,0.16076483047080573,1.0,0.0
0.80052827534845,0.09251054736226579,1.0,0.0
0.80052827534845,0.09547812488872404,1.0,0.0
0.80052827534845,0.0984457024151823,1.0,0.0
0.80052827534845,0.10141327994164057,1.0,0.0
0.80052827534845,0.10438085746809882,1.0,0.0
0.80052827534845,0.10734843499455707,1.0,0.0
0.80052827534845,0.11031601252101533,1.0,0.0
0.80052827534845,0.1132835900474736,1.0,0.0
0.80052827534845,0.11625116757393185,1.0,0.0
0.80052827534845,0.1192187451003901,1.0,0.0
0.80052827534845,0.12218632262684836,1.0,0.0
0.80052827534845,0.12515390015330663,1.0,0.0
0.80052827534845,0.1281214776797649,1.0,0.0
0.80052827534845,0.13108905520622313,1.0,0.0
0.80052827534845,0.1340566327326814,1.0,0.0
0.80052827534845,0.13702421025913966,1.0,0.0
0.80052827534845,0.1399917877855979,1.0,0.0
0.80052827534845,0.14295936531205616,1.0,0.0
0.80052827534845,0.14592694283851443,1.0,0.0
0.80052827534845,0.1488945203649727,1.0,0.0
0.80052827534845,0.15186209789143096,1.0,0.0
0.80052827534845,0.1548296754178892,1.0,0.0
0.80052827534845,0.15779725294434746,1.0,0.0
0.80052827534845,0.16076483047080573,1.0,0.0
0.8034958528749082,0.09251054736226579,1.0,0.0
0.8034958528749082,0.09547812488872404,1.0,0.0
0.8034958528749082,0.0984457024151823,1.0,0.0
0.8034958528749082,0.10141327994164057,1.0,0.0
0.8034958528749082,0.10438085746809882,1.0,0.0
0.8034958528749082,0.10734843499455707,1.0,0.0
0.8034958528749082,0.11031601252101533,1.0,0.0
0.8034958528749082,0.1132835900474736,1.0,0.0
0.8034958528749082,0.11625116757393185,1.0,0.0
0.8034958528749082,0.1192187451003901,1.0,0.0
0.8034958528749082,0.12218632262684836,1.0,0.0
0.8034958528749082,0.12515390015330663,1.0,0.0
0.8034958528749082,0.1281214776797649,1.0,0.0
0.8034958528749082,0.13108905520622313,1.0,0.0
0.8034958528749082,0.1340566327326814,1.0,0.0
0.8034958528749082,0.13702421025913966,1.0,0.0
0.8034958528749082,0.1399917877855979,1.0,0.0
0.8034958528749082,0.14295936531205616,1.0,0.0
0.8034958528749082,0.14592694283851443,1.0,0.0
0.8034958528749082,0.1488945203649727,1.0,0.0
0.8034958528749082,0.15186209789143096,1.0,0.0
0.8034958528749082,0.1548296754178892,1.0,0.0
0.8034958528749082,0.15779725294434746,1.0,0.0
0.8064634304013665,0.09251054736226579,1.0,0.0
0.8064634304013665,0.09547812488872404,1.0,0.0
0.8064634304013665,0.0984457024151823,1.0,0.0
0.8064634304013665,0.10141327994164057,1.0,0.0
0.8064634304013665,0.10438085746809882,1.0,0.0
0.8064634304013665,0.10734843499455707,1.0,0.0
0.8064634304013665,0.11031601252101533,1.0,0.0
0.8064634304013665,0.1132835900474736,1.0,0.0
0.8064634304013665,0.11625116757393185,1.0,0.0
0.8064634304013665,0.1192187451003901,1.0,0.0
0.8064634304013665,0.12218632262684836,1.0,0.0
0.8064634304013665,0.12515390015330663,1.0,0.0
0.8064634304013665,0.1281214776797649,1.0,0.0
0.8064634304013665,0.13108905520622313,1.0,0.0
0.8064634304013665,0.1340566327326814,1.0,0.0
0.8064634304013665,0.13702421025913966,1.0,0.0
0.8064634304013665,0.1399917877855979,1.0,0.0
0.8064634304013665,0.14295936531205616,1.0,0.0
0.8064634304013665,0.14592694283851443,1.0,0.0
0.8064634304013665,0.1488945203649727,1.0,0.0
0.8064634304013665,0.15186209789143096,1.0,0.0
0.8094310079278247,0.09251054736226579,1.0,0.0
0.8094310079278247,0.09547812488872404,1.0,0.0
0.8094310079278247,0.0984457024151823,1.0,0.0
0.8094310079278247,0.10141327994164057,1.0,0.0
0.8094310079278247,0.10438085746809882,1.0,0.0
0.8094310079278247,0.10734843499455707,1.0,0.0
0.8094310079278247,0.11031601252101533,1.0,0.0
0.8094310079278247,0.1132835900474736,1.0,0.0
0.8094310079278247,0.11625116757393185,1.0,0.0
0.8094310079278247,0.1192187451003901,1.0,0.0
0.8094310079278247,0.12218632262684836,1.0,0.0
0.8094310079278247,0.12515390015330663,1.0,0.0
0.8094310079278247,0.1281214776797649,1.0,0.0
0.8094310079278247,0.13108905520622313,1.0,0.0
0.8094310079278247,0.1340566327326814,1.0,0.0
0.8094310079278247,0.13702421025913966,1.0,0.0
0.8094310079278247,0.1399917877855979,1.0,0.0
0.8094310079278247,0.14295936531205616,1.0,0.0
0.8094310079278247,0.14592694283851443,1.0,0.0
0.8094310079278247,0.1488945203649727,1.0,0.0
0.812398585454283,0.09251054736226579,1.0,0.0
0.812398585454283,0.09547812488872404,1.0,0.0
0.812398585454283,0.0984457024151823,1.0,0.0
0.812398585454283,0.10141327994164057,1.0,0.0
0.812398585454283,0.10438085746809882,1.0,0.0
0.812398585454283,0.10734843499455707,1.0,0.0
0.812398585454283,0.11031601252101533,1.0,0.0
0.812398585454283,0.1132835900474736,1.0,0.0
0.812398585454283,0.11625116757393185,1.0,0.0
0.812398585454283,0.1192187451003901,1.0,0.0
0.812398585454283,0.12218632262684836,1.0,0.0
0.812398585454283,0.12515390015330663,1.0,0.0
0.812398585454283,0.1281214776797649,1.0,0.0
0.812398585454283,0.13108905520622313,1.0,0.0
0.812398585454283,0.1340566327326814,1.0,0.0
0.812398585454283,0.13702421025913966,1.0,0.0
0.812398585454283,0.1399917877855979,1.0,0.0
0.812398585454283,0.14295936531205616,1.0,0.0
0.812398585454283,0.14592694283851443,1.0,0.0
0.812398585454283,0.1488945203649727,1.0,0.0
0.8153661629807413,0.08954296983580753,1.0,0.0
0.8153661629807413,0.09251054736226579,1.0,0.0
0.8153661629807413,0.09547812488872404,1.0,0.0
0.8153661629807413,0.0984457024151823,1.0,0.0
0.8153661629807413,0.10141327994164057,1.0,0.0
0.8153661629807413,0.10438085746809882,1.0,0.0
0.8153661629807413,0.10734843499455707,1.0,0.0
0.8153661629807413,0.11031601252101533,1.0,0.0
0.8153661629807413,0.1132835900474736,1.0,0.0
0.8153661629807413,0.11625116757393185,1.0,0.0
0.8153661629807413,0.1192187451003901,1.0,0.0
0.8153661629807413,0.12218632262684836,1.0,0.0
0.8153661629807413,0.12515390015330663,1.0,0.0
0.8153661629807413,0.1281214776797649,1.0,0.0
0.8153661629807413,0.13108905520622313,1.0,0.0
0.8153661629807413,0.1340566327326814,1.0,0.0
0.8153661629807413,0.13702421025913966,1.0,0.0
0.8153661629807413,0.1399917877855979,1.0,0.0
0.8153661629807413,0.14295936531205616,1.0,0.0
0.8153661629807413,0.14592694283851443,1.0,0.0
0.8153661629807413,0.1488945203649727,1.0,0.0
0.8183337405071995,0.08954296983580753,1.0,0.0
0.8183337405071995,0.09251054736226579,1.0,0.0
0.8183337405071995,0.09547812488872404,1.0,0.0
0.8183337405071995,0.0984457024151823,1.0,0.0
0.8183337405071995,0.10141327994164057,1.0,0.0
0.8183337405071995,0.10438085746809882,1.0,0.0
0.8183337405071995,0.10734843499455707,1.0,0.0
0.8183337405071995,0.11031601252101533,1.0,0.0
0.8183337405071995,0.1132835900474736,1.0,0.0
0.8183337405071995,0.11625116757393185,1.0,0.0
0.8183337405071995,0.1192187451003901,1.0,0.0
0.8183337405071995,0.12218632262684836,1.0,0.0
0.8183337405071995,0.12515390015330663,1.0,0.0
0.8183337405071995,0.1281214776797649,1.0,0.0
0.8183337405071995,0.13108905520622313,1.0,0.0
0.8183337405071995,0.1340566327326814,1.0,0.0
0.8183337405071995,0.13702421025913966,1.0,0.0
0.8183337405071995,0.1399917877855979,1.0,0.0
0.8183337405071995,0.14295936531205616,1.0,0.0
0.8183337405071995,0.14592694283851443,1.0,0.0
0.8183337405071995,0.1488945203649727,1.0,0.0
0.8213013180336578,0.08954296983580753,1.0,0.0
0.8213013180336578,0.09251054736226579,1.0,0.0
0.8213013180336578,0.09547812488872404,1.0,0.0
0.8213013180336578,0.0984457024151823,1.0,0.0
0.8213013180336578,0.10141327994164057,1.0,0.0
0.8213013180336578,0.10438085746809882,1.0,0.0
0.8213013180336578,0.10734843499455707,1.0,0.0
0.8213013180336578,0.11031601252101533,1.0,0.0
0.8213013180336578,0.1132835900474736,1.0,0.0
0.8213013180336578,0.11625116757393185,1.0,0.0
0.8213013180336578,0.1192187451003901,1.0,0.0
0.8213013180336578,0.12218632262684836,1.0,0.0
0.8213013180336578,0.12515390015330663,1.0,0.0
0.8213013180336578,0.1281214776797649,1.0,0.0
0.8213013180336578,0.13108905520622313,1.0,0.0
0.8213013180336578,0.1340566327326814,1.0,0.0
0.8213013180336578,0.13702421025913966,1.0,0.0
0.8213013180336578,0.1399917877855979,1.0,0.0
0.8213013180336578,0.14295936531205616,1.0,0.0
0.8213013180336578,0.14592694283851443,1.0,0.0
0.8213013180336578,0.1488945203649727,1.0,0.0
0.8242688955601161,0.08657539230934927,1.0,0.0
0.8242688955601161,0.08954296983580753,1.0,0.0
0.8242688955601161,0.09251054736226579,1.0,0.0
0.8242688955601161,0.09547812488872404,1.0,0.0
0.8242688955601161,0.0984457024151823,1.0,0.0
0.8242688955601161,0.10141327994164057,1.0,0.0
0.8242688955601161,0.10438085746809882,1.0,0.0
0.8242688955601161,0.10734843499455707,1.0,0.0
0.8242688955601161,0.11031601252101533,1.0,0.0
0.8242688955601161,0.1132835900474736,1.0,0.0
0.8242688955601161,0.11625116757393185,1.0,0.0
0.8242688955601161,0.1192187451003901,1.0,0.0
0.8242688955601161,0.12218632262684836,1.0,0.0
0.8242688955601161,0.12515390015330663,1.0,0.0
0.8242688955601161,0.1281214776797649,1.0,0.0
0.8242688955601161,0.13108905520622313,1.0,0.0
0.8242688955601161,0.1340566327326814,1.0,0.0
0.8242688955601161,0.13702421025913966,1.0,0.0
0.8242688955601161,0.1399917877855979,1.0,0.0
0.8242688955601161,0.14295936531205616,1.0,0.0
0.8242688955601161,0.14592694283851443,1.0,0.0
0.8242688955601161,0.1488945203649727,1.0,0.0
0.8242688955601161,0.15186209789143096,1.0,0.0
0.8272364730865743,0.08657539230934927,1.0,0.0
0.8272364730865743,0.08954296983580753,1.0,0.0
0.8272364730865743,0.09251054736226579,1.0,0.0
0.8272364730865743,0.09547812488872404,1.0,0.0
0.8272364730865743,0.0984457024151823,1.0,0.0
0.8272364730865743,0.10141327994164057,1.0,0.0
0.8272364730865743,0.10438085746809882,1.0,0.0
0.8272364730865743,0.10734843499455707,1.0,0.0
0.8272364730865743,0.11031601252101533,1.0,0.0
0.8272364730865743,0.1132835900474736,1.0,0.0
0.8272364730865743,0.11625116757393185,1.0,0.0
0.8272364730865743,0.1192187451003901,1.0,0.0
0.8272364730865743,0.12218632262684836,1.0,0.0
0.8272364730865743,0.12515390015330663,1.0,0.0
0.8272364730865743,0.1281214776797649,1.0,0.0
0.8272364730865743,0.13108905520622313,1.0,0.0
0.8272364730865743,0.1340566327326814,1.0,0.0
0.8272364730865743,0.13702421025913966,1.0,0.0
0.8272364730865743,0.1399917877855979,1.0,0.0
0.8272364730865743,0.14295936531205616,1.0,0.0
0.8272364730865743,0.14592694283851443,1.0,0.0
0.8272364730865743,0.1488945203649727,1.0,0.0
0.8272364730865743,0.15186209789143096,1.0,0.0
0.8272364730865743,0.1548296754178892,1.0,0.0
0.8302040506130326,0.08657539230934927,1.0,0.0
0.8302040506130326,0.08954296983580753,1.0,0.0
0.8302040506130326,0.09251054736226579,1.0,0.0
0.8302040506130326,0.09547812488872404,1.0,0.0
0.8302040506130326,0.0984457024151823,1.0,0.0
0.8302040506130326,0.10141327994164057,1.0,0.0
0.8302040506130326,0.10438085746809882,1.0,0.0
0.8302040506130326,0.10734843499455707,1.0,0.0
0.8302040506130326,0.11031601252101533,1.0,0.0
0.8302040506130326,0.1132835900474736,1.0,0.0
0.8302040506130326,0.11625116757393185,1.0,0.0
0.8302040506130326,0.1192187451003901,1.0,0.0
0.8302040506130326,0.12218632262684836,1.0,0.0
0.8302040506130326,0.12515390015330663,1.0,0.0
0.8302040506130326,0.1281214776797649,1.0,0.0
0.8302040506130326,0.13108905520622313,1.0,0.0
0.8302040506130326,0.1340566327326814,1.0,0.0
0.8302040506130326,0.13702421025913966,1.0,0.0
0.8302040506130326,0.1399917877855979,1.0,0.0
0.8302040506130326,0.14295936531205616,1.0,0.0
0.8302040506130326,0.14592694283851443,1.0,0.0
0.8302040506130326,0.1488945203649727,1.0,0.0
0.8302040506130326,0.15186209789143096,1.0,0.0
0.8302040506130326,0.1548296754178892,1.0,0.0
0.8302040506130326,0.15779725294434746,1.0,0.0
0.8331716281394909,0.08657539230934927,1.0,0.0
0.8331716281394909,0.08954296983580753,1.0,0.0
0.8331716281394909,0.09251054736226579,1.0,0.0
0.8331716281394909,0.09547812488872404,1.0,0.0
0.8331716281394909,0.0984457024151823,1.0,0.0
0.8331716281394909,0.10141327994164057,1.0,0.0
0.8331716281394909,0.10438085746809882,1.0,0.0
0.8331716281394909,0.10734843499455707,1.0,0.0
0.8331716281394909,0.11031601252101533,1.0,0.0
0.8331716281394909,0.1132835900474736,1.0,0.0
0.8331716281394909,0.11625116757393185,1.0,0.0
0.8331716281394909,0.1192187451003901,1.0,0.0
0.8331716281394909,0.12218632262684836,1.0,0.0
0.8331716281394909,0.12515390015330663,1.0,0.0
0.8331716281394909,0.1281214776797649,1.0,0.0
0.8331716281394909,0.13108905520622313,1.0,0.0
0.8331716281394909,0.1340566327326814,1.0,0.0
0.8331716281394909,0.13702421025913966,1.0,0.0
0.8331716281394909,0.1399917877855979,1.0,0.0
0.8331716281394909,0.14295936531205616,1.0,0.0
0.8331716281394909,0.14592694283851443,1.0,0.0
0.8331716281394909,0.1488945203649727,1.0,0.0
0.8331716281394909,0.15186209789143096,1.0,0.0
0.8331716281394909,0.1548296754178892,1.0,0.0
0.8331716281394909,0.15779725294434746,1.0,0.0
0.8331716281394909,0.16076483047080573,1.0,0.0
0.8361392056659491,0.08954296983580753,1.0,0.0
0.8361392056659491,0.09251054736226579,1.0,0.0
0.8361392056659491,0.09547812488872404,1.0,0.0
0.8361392056659491,0.0984457024151823,1.0,0.0
0.8361392056659491,0.10141327994164057,1.0,0.0
0.8361392056659491,0.10438085746809882,1.0,0.0
0.8361392056659491,0.10734843499455707,1.0,0.0
0.8361392056659491,0.11031601252101533,1.0,0.0
0.8361392056659491,0.1132835900474736,1.0,0.0
0.8361392056659491,0.11625116757393185,1.0,0.0
0.8361392056659491,0.1192187451003901,1.0,0.0
0.8361392056659491,0.12218632262684836,1.0,0.0
0.8361392056659491,0.12515390015330663,1.0,0.0
0.8361392056659491,0.1281214776797649,1.0,0.0
0.8361392056659491,0.13108905520622313,1.0,0.0
0.8361392056659491,0.1340566327326814,1.0,0.0
0.8361392056659491,0.13702421025913966,1.0,0.0
0.8361392056659491,0.1399917877855979,1.0,0.0
0.8361392056659491,0.14295936531205616,1.0,0.0
0.8361392056659491,0.14592694283851443,1.0,0.0
0.8361392056659491,0.1488945203649727,1.0,0.0
0.8361392056659491,0.15186209789143096,1.0,0.0
0.8361392056659491,0.1548296754178892,1.0,0.0
0.8361392056659491,0.15779725294434746,1.0,0.0
0.8361392056659491,0.16076483047080573,1.0,0.0
0.8391067831924074,0.08954296983580753,1.0,0.0
0.8391067831924074,0.09251054736226579,1.0,0.0
0.8391067831924074,0.09547812488872404,1.0,0.0
0.8391067831924074,0.0984457024151823,1.0,0.0
0.8391067831924074,0.10141327994164057,1.0,0.0
0.8391067831924074,0.10438085746809882,1.0,0.0
0.8391067831924074,0.10734843499455707,1.0,0.0
0.8391067831924074,0.11031601252101533,1.0,0.0
0.8391067831924074,0.1132835900474736,1.0,0.0
0.8391067831924074,0.11625116757393185,1.0,0.0
0.8391067831924074,0.1192187451003901,1.0,0.0
0.8391067831924074,0.12218632262684836,1.0,0.0
0.8391067831924074,0.12515390015330663,1.0,0.0
0.8391067831924074,0.1281214776797649,1.0,0.0
0.8391067831924074,0.13108905520622313,1.0,0.0
0.8391067831924074,0.1340566327326814,1.0,0.0
0.8391067831924074,0.13702421025913966,1.0,0.0
0.8391067831924074,0.1399917877855979,1.0,0.0
0.8391067831924074,0.14295936531205616,1.0,0.0
0.8391067831924074,0.14592694283851443,1.0,0.0
0.8391067831924074,0.1488945203649727,1.0,0.0
0.8391067831924074,0.15186209789143096,1.0,0.0
0.8391067831924074,0.1548296754178892,1.0,0.0
0.8391067831924074,0.15779725294434746,1.0,0.0
0.8391067831924074,0.16076483047080573,1.0,0.0
0.8420743607188657,0.08657539230934927,1.0,0.0
0.8420743607188657,0.08954296983580753,1.0,0.0
0.8420743607188657,0.09251054736226579,1.0,0.0
0.8420743607188657,0.09547812488872404,1.0,0.0
0.8420743607188657,0.0984457024151823,1.0,0.0
0.8420743607188657,0.10141327994164057,1.0,0.0
0.8420743607188657,0.10438085746809882,1.0,0.0
0.8420743607188657,0.10734843499455707,1.0,0.0
0.8420743607188657,0.11031601252101533,1.0,0.0
0.8420743607188657,0.1132835900474736,1.0,0.0
0.8420743607188657,0.11625116757393185,1.0,0.0
0.8420743607188657,0.1192187451003901,1.0,0.0
0.8420743607188657,0.12218632262684836,1.0,0.0
0.8420743607188657,0.12515390015330663,1.0,0.0
0.8420743607188657,0.1281214776797649,1.0,0.0
0.8420743607188657,0.13108905520622313,1.0,0.0
0.8420743607188657,0.1340566327326814,1.0,0.0
0.8420743607188657,0.13702421025913966,1.0,0.0
0.8420743607188657,0.1399917877855979,1.0,0.0
0.8420743607188657,0.14295936531205616,1.0,0.0
0.8420743607188657,0.14592694283851443,1.0,0.0
0.8420743607188657,0.1488945203649727,1.0,0.0
0.8420743607188657,0.15186209789143096,1.0,0.0
0.8420743607188657,0.1548296754178892,1.0,0.0
0.8420743607188657,0.15779725294434746,1.0,0.0
0.8420743607188657,0.16076483047080573,1.0,0.0
0.8420743607188657,0.16373240799726396,1.0,0.0
0.8450419382453239,0.08657539230934927,1.0,0.0
0.8450419382453239,0.08954296983580753,1.0,0.0
0.8450419382453239,0.09251054736226579,1.0,0.0
0.8450419382453239,0.09547812488872404,1.0,0.0
0.8450419382453239,0.0984457024151823,1.0,0.0
0.8450419382453239,0.10141327994164057,1.0,0.0
0.8450419382453239,0.10438085746809882,1.0,0.0
0.8450419382453239,0.10734843499455707,1.0,0.0
0.8450419382453239,0.11031601252101533,1.0,0.0
0.8450419382453239,0.1132835900474736,1.0,0.0
0.8450419382453239,0.11625116757393185,1.0,0.0
0.8450419382453239,0.1192187451003901,1.0,0.0
0.8450419382453239,0.12218632262684836,1.0,0.0
0.8450419382453239,0.12515390015330663,1.0,0.0
0.8450419382453239,0.1281214776797649,1.0,0.0
0.8450419382453239,0.13108905520622313,1.0,0.0
0.8450419382453239,0.1340566327326814,1.0,0.0
0.8450419382453239,0.13702421025913966,1.0,0.0
0.8450419382453239,0.1399917877855979,1.0,0.0
0.8450419382453239,0.14295936531205616,1.0,0.0
0.8450419382453239,0.14592694283851443,1.0,0.0
0.8450419382453239,0.1488945203649727,1.0,0.0
0.8450419382453239,0.15186209789143096,1.0,0.0
0.8450419382453239,0.1548296754178892,1.0,0.0
0.8450419382453239,0.15779725294434746,1.0,0.0
0.8450419382453239,0.16076483047080573,1.0,0.0
0.8450419382453239,0.16373240799726396,1.0,0.0
0.8450419382453239,0.16669998552372223,1.0,0.0
0.8480095157717822,0.08657539230934927,1.0,0.0
0.8480095157717822,0.08954296983580753,1.0,0.0
0.8480095157717822,0.09251054736226579,1.0,0.0
0.8480095157717822,0.09547812488872404,1.0,0.0
0.8480095157717822,0.0984457024151823,1.0,0.0
0.8480095157717822,0.10141327994164057,1.0,0.0
0.8480095157717822,0.10438085746809882,1.0,0.0
0.8480095157717822,0.10734843499455707,1.0,0.0
0.8480095157717822,0.11031601252101533,1.0,0.0
0.8480095157717822,0.1132835900474736,1.0,0.0
0.8480095157717822,0.11625116757393185,1.0,0.0
0.8480095157717822,0.1192187451003901,1.0,0.0
0.8480095157717822,0.12218632262684836,1.0,0.0
0.8480095157717822,0.12515390015330663,1.0,0.0
0.8480095157717822,0.1281214776797649,1.0,0.0
0.8480095157717822,0.13108905520622313,1.0,0.0
0.8480095157717822,0.1340566327326814,1.0,0.0
0.8480095157717822,0.13702421025913966,1.0,0.0
0.8480095157717822,0.1399917877855979,1.0,0.0
0.8480095157717822,0.14295936531205616,1.0,0.0
0.8480095157717822,0.14592694283851443,1.0,0.0
0.8480095157717822,0.1488945203649727,1.0,0.0
0.8480095157717822,0.15186209789143096,1.0,0.0
0.8480095157717822,0.1548296754178892,1.0,0.0
0.8480095157717822,0.15779725294434746,1.0,0.0
0.8480095157717822,0.16076483047080573,1.0,0.0
0.8480095157717822,0.16373240799726396,1.0,0.0
0.8480095157717822,0.16669998552372223,1.0,0.0
0.8509770932982405,0.08954296983580753,1.0,0.0
0.8509770932982405,0.09251054736226579,1.0,0.0
0.8509770932982405,0.09547812488872404,1.0,0.0
0.8509770932982405,0.0984457024151823,1.0,0.0
0.8509770932982405,0.10141327994164057,1.0,0.0
0.8509770932982405,0.10438085746809882,1.0,0.0
0.8509770932982405,0.10734843499455707,1.0,0.0
0.8509770932982405,0.11031601252101533,1.0,0.0
0.8509770932982405,0.1132835900474736,1.0,0.0
0.8509770932982405,0.11625116757393185,1.0,0.0
0.8509770932982405,0.1192187451003901,1.0,0.0
0.8509770932982405,0.12218632262684836,1.0,0.0
0.8509770932982405,0.12515390015330663,1.0,0.0
0.8509770932982405,0.1281214776797649,1.0,0.0
0.8509770932982405,0.13108905520622313,1.0,0.0
0.8509770932982405,0.1340566327326814,1.0,0.0
0.8509770932982405,0.13702421025913966,1.0,0.0
0.8509770932982405,0.1399917877855979,1.0,0.0
0.8509770932982405,0.14295936531205616,1.0,0.0
0.8509770932982405,0.14592694283851443,1.0,0.0
0.8509770932982405,0.1488945203649727,1.0,0.0
0.8509770932982405,0.15186209789143096,1.0,0.0
0.8509770932982405,0.1548296754178892,1.0,0.0
0.8509770932982405,0.15779725294434746,1.0,0.0
0.8509770932982405,0.16076483047080573,1.0,0.0
0.8509770932982405,0.16373240799726396,1.0,0.0
0.8509770932982405,0.16669998552372223,1.0,0.0
0.8509770932982405,0.1696675630501805,1.0,0.0
0.8509770932982405,0.17263514057663876,1.0,0.0
0.8539446708246987,0.08954296983580753,1.0,0.0
0.8539446708246987,0.09251054736226579,1.0,0.0
0.8539446708246987,0.09547812488872404,1.0,0.0
0.8539446708246987,0.0984457024151823,1.0,0.0
0.8539446708246987,0.10141327994164057,1.0,0.0
0.8539446708246987,0.10438085746809882,1.0,0.0
0.8539446708246987,0.10734843499455707,1.0,0.0
0.8539446708246987,0.11031601252101533,1.0,0.0
0.8539446708246987,0.1132835900474736,1.0,0.0
0.8539446708246987,0.11625116757393185,1.0,0.0
0.8539446708246987,0.1192187451003901,1.0,0.0
0.8539446708246987,0.12218632262684836,1.0,0.0
0.8539446708246987,0.12515390015330663,1.0,0.0
0.8539446708246987,0.1281214776797649,1.0,0.0
0.8539446708246987,0.13108905520622313,1.0,0.0
0.8539446708246987,0.1340566327326814,1.0,0.0
0.8539446708246987,0.13702421025913966,1.0,0.0
0.8539446708246987,0.1399917877855979,1.0,0.0
0.8539446708246987,0.14295936531205616,1.0,0.0
0.8539446708246987,0.14592694283851443,1.0,0.0
0.8539446708246987,0.1488945203649727,1.0,0.0
0.8539446708246987,0.15186209789143096,1.0,0.0
0.8539446708246987,0.1548296754178892,1.0,0.0
0.8539446708246987,0.15779725294434746,1.0,0.0
0.8539446708246987,0.16076483047080573,1.0,0.0
0.8539446708246987,0.16373240799726396,1.0,0.0
0.8539446708246987,0.16669998552372223,1.0,0.0
0.8539446708246987,0.1696675630501805,1.0,0.0
0.8539446708246987,0.17263514057663876,1.0,0.0
0.856912248351157,0.09251054736226579,1.0,0.0
0.856912248351157,0.09547812488872404,1.0,0.0
0.856912248351157,0.0984457024151823,1.0,0.0
0.856912248351157,0.10141327994164057,1.0,0.0
0.856912248351157,0.10438085746809882,1.0,0.0
0.856912248351157,0.10734843499455707,1.0,0.0
0.856912248351157,0.11031601252101533,1.0,0.0
0.856912248351157,0.1132835900474736,1.0,0.0
0.856912248351157,0.11625116757393185,1.0,0.0
0.856912248351157,0.1192187451003901,1.0,0.0
0.856912248351157,0.12218632262684836,1.0,0.0
0.856912248351157,0.12515390015330663,1.0,0.0
0.856912248351157,0.1281214776797649,1.0,0.0
0.856912248351157,0.13108905520622313,1.0,0.0
0.856912248351157,0.1340566327326814,1.0,0.0
0.856912248351157,0.13702421025913966,1.0,0.0
0.856912248351157,0.1399917877855979,1.0,0.0
0.856912248351157,0.14295936531205616,1.0,0.0
0.856912248351157,0.14592694283851443,1.0,0.0
0.856912248351157,0.1488945203649727,1.0,0.0
0.856912248351157,0.15186209789143096,1.0,0.0
0.856912248351157,0.1548296754178892,1.0,0.0
0.856912248351157,0.15779725294434746,1.0,0.0
0.856912248351157,0.16076483047080573,1.0,0.0
0.856912248351157,0.16373240799726396,1.0,0.0
0.856912248351157,0.16669998552372223,1.0,0.0
0.856912248351157,0.1696675630501805,1.0,0.0
0.856912248351157,0.17263514057663876,1.0,0.0
0.856912248351157,0.17560271810309702,1.0,0.0
0.8598798258776152,0.09251054736226579,1.0,0.0
0.8598798258776152,0.09547812488872404,1.0,0.0
0.8598798258776152,0.0984457024151823,1.0,0.0
0.8598798258776152,0.10141327994164057,1.0,0.0
0.8598798258776152,0.10438085746809882,1.0,0.0
0.8598798258776152,0.10734843499455707,1.0,0.0
0.8598798258776152,0.11031601252101533,1.0,0.0
0.8598798258776152,0.1132835900474736,1.0,0.0
0.8598798258776152,0.11625116757393185,1.0,0.0
0.8598798258776152,0.1192187451003901,1.0,0.0
0.8598798258776152,0.12218632262684836,1.0,0.0
0.8598798258776152,0.12515390015330663,1.0,0.0
0.8598798258776152,0.1281214776797649,1.0,0.0
0.8598798258776152,0.13108905520622313,1.0,0.0
0.8598798258776152,0.1340566327326814,1.0,0.0
0.8598798258776152,0.13702421025913966,1.0,0.0
0.8598798258776152,0.1399917877855979,1.0,0.0
0.8598798258776152,0.14295936531205616,1.0,0.0
0.8598798258776152,0.14592694283851443,1.0,0.0
0.8598798258776152,0.1488945203649727,1.0,0.0
0.8598798258776152,0.15186209789143096,1.0,0.0
0.8598798258776152,0.1548296754178892,1.0,0.0
0.8598798258776152,0.15779725294434746,1.0,0.0
0.8598798258776152,0.16076483047080573,1.0,0.0
0.8598798258776152,0.16373240799726396,1.0,0.0
0.8598798258776152,0.16669998552372223,1.0,0.0
0.8598798258776152,0.1696675630501805,1.0,0.0
0.8598798258776152,0.17263514057663876,1.0,0.0
0.8598798258776152,0.17560271810309702,1.0,0.0
0.8598798258776152,0.17857029562955526,1.0,0.0
0.8628474034040734,0.09251054736226579,1.0,0.0
0.8628474034040734,0.09547812488872404,1.0,0.0
0.8628474034040734,0.0984457024151823,1.0,0.0
0.8628474034040734,0.10141327994164057,1.0,0.0
0.8628474034040734,0.10438085746809882,1.0,0.0
0.8628474034040734,0.10734843499455707,1.0,0.0
0.8628474034040734,0.11031601252101533,1.0,0.0
0.8628474034040734,0.1132835900474736,1.0,0.0
0.8628474034040734,0.11625116757393185,1.0,0.0
0.8628474034040734,0.1192187451003901,1.0,0.0
0.8628474034040734,0.12218632262684836,1.0,0.0
0.8628474034040734,0.12515390015330663,1.0,0.0
0.8628474034040734,0.1281214776797649,1.0,0.0
0.8628474034040734,0.13108905520622313,1.0,0.0
0.8628474034040734,0.1340566327326814,1.0,0.0
0.8628474034040734,0.13702421025913966,1.0,0.0
0.8628474034040734,0.1399917877855979,1.0,0.0
0.8628474034040734,0.14295936531205616,1.0,0.0
0.8628474034040734,0.14592694283851443,1.0,0.0
0.8628474034040734,0.1488945203649727,1.0,0.0
0.8628474034040734,0.15186209789143096,1.0,0.0
0.8628474034040734,0.1548296754178892,1.0,0.0
0.8628474034040734,0.15779725294434746,1.0,0.0
0.8628474034040734,0.16076483047080573,1.0,0.0
0.8628474034040734,0.16373240799726396,1.0,0.0
0.8628474034040734,0.16669998552372223,1.0,0.0
0.8628474034040734,0.1696675630501805,1.0,0.0
0.8628474034040734,0.17263514057663876,1.0,0.0
0.8628474034040734,0.17560271810309702,1.0,0.0
0.8628474034040734,0.17857029562955526,1.0,0.0
0.8658149809305317,0.09251054736226579,1.0,0.0
0.8658149809305317,0.09547812488872404,1.0,0.0
0.8658149809305317,0.0984457024151823,1.0,0.0
0.8658149809305317,0.10141327994164057,1.0,0.0
0.8658149809305317,0.10438085746809882,1.0,0.0
0.8658149809305317,0.10734843499455707,1.0,0.0
0.8658149809305317,0.11031601252101533,1.0,0.0
0.8658149809305317,0.1132835900474736,1.0,0.0
0.8658149809305317,0.11625116757393185,1.0,0.0
0.8658149809305317,0.1192187451003901,1.0,0.0
0.8658149809305317,0.12218632262684836,1.0,0.0
0.8658149809305317,0.12515390015330663,1.0,0.0
0.8658149809305317,0.1281214776797649,1.0,0.0
0.8658149809305317,0.13108905520622313,1.0,0.0
0.8658149809305317,0.1340566327326814,1.0,0.0
0.8658149809305317,0.13702421025913966,1.0,0.0
0.8658149809305317,0.1399917877855979,1.0,0.0
0.8658149809305317,0.14295936531205616,1.0,0.0
0.8658149809305317,0.14592694283851443,1.0,0.0
0.8658149809305317,0.1488945203649727,1.0,0.0
0.8658149809305317,0.15186209789143096,1.0,0.0
0.8658149809305317,0.1548296754178892,1.0,0.0
0.8658149809305317,0.15779725294434746,1.0,0.0
0.8658149809305317,0.16076483047080573,1.0,0.0
0.8658149809305317,0.16373240799726396,1.0,0.0
0.8658149809305317,0.16669998552372223,1.0,0.0
0.8658149809305317,0.1696675630501805,1.0,0.0
0.8658149809305317,0.17263514057663876,1.0,0.0
0.8658149809305317,0.17560271810309702,1.0,0.0
0.8658149809305317,0.17857029562955526,1.0,0.0
0.8687825584569899,0.08954296983580753,1.0,0.0
0.8687825584569899,0.09251054736226579,1.0,0.0
0.8687825584569899,0.09547812488872404,1.0,0.0
0.8687825584569899,0.0984457024151823,1.0,0.0
0.8687825584569899,0.10141327994164057,1.0,0.0
0.8687825584569899,0.10438085746809882,1.0,0.0
0.8687825584569899,0.10734843499455707,1.0,0.0
0.8687825584569899,0.11031601252101533,1.0,0.0
0.8687825584569899,0.1132835900474736,1.0,0.0
0.8687825584569899,0.11625116757393185,1.0,0.0
0.8687825584569899,0.1192187451003901,1.0,0.0
0.8687825584569899,0.12218632262684836,1.0,0.0
0.8687825584569899,0.12515390015330663,1.0,0.0
0.8687825584569899,0.1281214776797649,1.0,0.0
0.8687825584569899,0.13108905520622313,1.0,0.0
0.8687825584569899,0.1340566327326814,1.0,0.0
0.8687825584569899,0.13702421025913966,1.0,0.0
0.8687825584569899,0.1399917877855979,1.0,0.0
0.8687825584569899,0.14295936531205616,1.0,0.0
0.8687825584569899,0.14592694283851443,1.0,0.0
0.8687825584569899,0.1488945203649727,1.0,0.0
0.8687825584569899,0.15186209789143096,1.0,0.0
0.8687825584569899,0.1548296754178892,1.0,0.0
0.8687825584569899,0.15779725294434746,1.0,0.0
0.8687825584569899,0.16076483047080573,1.0,0.0
0.8687825584569899,0.16373240799726396,1.0,0.0
0.8687825584569899,0.16669998552372223,1.0,0.0
0.8687825584569899,0.1696675630501805,1.0,0.0
0.8687825584569899,0.17263514057663876,1.0,0.0
0.8687825584569899,0.17560271810309702,1.0,0.0
0.8687825584569899,0.17857029562955526,1.0,0.0
0.8687825584569899,0.18153787315601352,1.0,0.0
0.8717501359834482,0.08954296983580753,1.0,0.0
0.8717501359834482,0.09251054736226579,1.0,0.0
0.8717501359834482,0.09547812488872404,1.0,0.0
0.8717501359834482,0.0984457024151823,1.0,0.0
0.8717501359834482,0.10141327994164057,1.0,0.0
0.8717501359834482,0.10438085746809882,1.0,0.0
0.8717501359834482,0.10734843499455707,1.0,0.0
0.8717501359834482,0.11031601252101533,1.0,0.0
0.8717501359834482,0.1132835900474736,1.0,0.0
0.8717501359834482,0.11625116757393185,1.0,0.0
0.8717501359834482,0.1192187451003901,1.0,0.0
0.8717501359834482,0.12218632262684836,1.0,0.0
0.8717501359834482,0.12515390015330663,1.0,0.0
0.8717501359834482,0.1281214776797649,1.0,0.0
0.8717501359834482,0.13108905520622313,1.0,0.0
0.8717501359834482,0.1340566327326814,1.0,0.0
0.8717501359834482,0.13702421025913966,1.0,0.0
0.8717501359834482,0.1399917877855979,1.0,0.0
0.8717501359834482,0.14295936531205616,1.0,0.0
0.8717501359834482,0.14592694283851443,1.0,0.0
0.8717501359834482,0.1488945203649727,1.0,0.0
0.8717501359834482,0.15186209789143096,1.0,0.0
0.8717501359834482,0.1548296754178892,1.0,0.0
0.8717501359834482,0.15779725294434746,1.0,0.0
0.8717501359834482,0.16076483047080573,1.0,0.0
0.8717501359834482,0.16373240799726396,1.0,0.0
0.8717501359834482,0.16669998552372223,1.0,0.0
0.8717501359834482,0.1696675630501805,1.0,0.0
0.8717501359834482,0.17263514057663876,1.0,0.0
0.8717501359834482,0.17560271810309702,1.0,0.0
0.8717501359834482,0.17857029562955526,1.0,0.0
0.8717501359834482,0.18153787315601352,1.0,0.0
0.8717501359834482,0.1845054506824718,1.0,0.0
0.8747177135099065,0.08954296983580753,1.0,0.0
0.8747177135099065,0.09251054736226579,1.0,0.0
0.8747177135099065,0.09547812488872404,1.0,0.0
0.8747177135099065,0.0984457024151823,1.0,0.0
0.8747177135099065,0.10141327994164057,1.0,0.0
0.8747177135099065,0.10438085746809882,1.0,0.0
0.8747177135099065,0.10734843499455707,1.0,0.0
0.8747177135099065,0.11031601252101533,1.0,0.0
0.8747177135099065,0.1132835900474736,1.0,0.0
0.8747177135099065,0.11625116757393185,1.0,0.0
0.8747177135099065,0.1192187451003901,1.0,0.0
0.8747177135099065,0.12218632262684836,1.0,0.0
0.8747177135099065,0.12515390015330663,1.0,0.0
0.8747177135099065,0.1281214776797649,1.0,0.0
0.8747177135099065,0.13108905520622313,1.0,0.0
0.8747177135099065,0.1340566327326814,1.0,0.0
0.8747177135099065,0.13702421025913966,1.0,0.0
0.8747177135099065,0.1399917877855979,1.0,0.0
0.8747177135099065,0.14295936531205616,1.0,0.0
0.8747177135099065,0.14592694283851443,1.0,0.0
0.8747177135099065,0.1488945203649727,1.0,0.0
0.8747177135099065,0.15186209789143096,1.0,0.0
0.8747177135099065,0.1548296754178892,1.0,0.0
0.8747177135099065,0.15779725294434746,1.0,0.0
0.8747177135099065,0.16076483047080573,1.0,0.0
0.8747177135099065,0.16373240799726396,1.0,0.0
0.8747177135099065,0.16669998552372223,1.0,0.0
0.8747177135099065,0.1696675630501805,1.0,0.0
0.8747177135099065,0.17263514057663876,1.0,0.0
0.8747177135099065,0.17560271810309702,1.0,0.0
0.8747177135099065,0.17857029562955526,1.0,0.0
0.8747177135099065,0.18153787315601352,1.0,0.0
0.8747177135099065,0.1845054506824718,1.0,0.0
0.8747177135099065,0.18747302820893003,1.0,0.0
0.8776852910363647,0.09251054736226579,1.0,0.0
0.8776852910363647,0.09547812488872404,1.0,0.0
0.8776852910363647,0.0984457024151823,1.0,0.0
0.8776852910363647,0.10141327994164057,1.0,0.0
0.8776852910363647,0.10438085746809882,1.0,0.0
0.8776852910363647,0.10734843499455707,1.0,0.0
0.8776852910363647,0.11031601252101533,1.0,0.0
0.8776852910363647,0.1132835900474736,1.0,0.0
0.8776852910363647,0.11625116757393185,1.0,0.0
0.8776852910363647,0.1192187451003901,1.0,0.0
0.8776852910363647,0.12218632262684836,1.0,0.0
0.8776852910363647,0.12515390015330663,1.0,0.0
0.8776852910363647,0.1281214776797649,1.0,0.0
0.8776852910363647,0.13108905520622313,1.0,0.0
0.8776852910363647,0.1340566327326814,1.0,0.0
0.8776852910363647,0.13702421025913966,1.0,0.0
0.8776852910363647,0.1399917877855979,1.0,0.0
0.8776852910363647,0.14295936531205616,1.0,0.0
0.8776852910363647,0.14592694283851443,1.0,0.0
0.8776852910363647,0.1488945203649727,1.0,0.0
0.8776852910363647,0.15186209789143096,1.0,0.0
0.8776852910363647,0.1548296754178892,1.0,0.0
0.8776852910363647,0.15779725294434746,1.0,0.0
0.8776852910363647,0.16076483047080573,1.0,0.0
0.8776852910363647,0.16373240799726396,1.0,0.0
0.8776852910363647,0.16669998552372223,1.0,0.0
0.8776852910363647,0.1696675630501805,1.0,0.0
0.8776852910363647,0.17263514057663876,1.0,0.0
0.8776852910363647,0.17560271810309702,1.0,0.0
0.8776852910363647,0.17857029562955526,1.0,0.0
0.8776852910363647,0.18153787315601352,1.0,0.0
0.8776852910363647,0.1845054506824718,1.0,0.0
0.8776852910363647,0.18747302820893003,1.0,0.0
0.8776852910363647,0.1904406057353883,1.0,0.0
0.880652868562823,0.09251054736226579,1.0,0.0
0.880652868562823,0.09547812488872404,1.0,0.0
0.880652868562823,0.0984457024151823,1.0,0.0
0.880652868562823,0.10141327994164057,1.0,0.0
0.880652868562823,0.10438085746809882,1.0,0.0
0.880652868562823,0.10734843499455707,1.0,0.0
0.880652868562823,0.11031601252101533,1.0,0.0
0.880652868562823,0.1132835900474736,1.0,0.0
0.880652868562823,0.11625116757393185,1.0,0.0
0.880652868562823,0.1192187451003901,1.0,0.0
0.880652868562823,0.12218632262684836,1.0,0.0
0.880652868562823,0.12515390015330663,1.0,0.0
0.880652868562823,0.1281214776797649,1.0,0.0
0.880652868562823,0.13108905520622313,1.0,0.0
0.880652868562823,0.1340566327326814,1.0,0.0
0.880652868562823,0.13702421025913966,1.0,0.0
0.880652868562823,0.1399917877855979,1.0,0.0
0.880652868562823,0.14295936531205616,1.0,0.0
0.880652868562823,0.14592694283851443,1.0,0.0
0.880652868562823,0.1488945203649727,1.0,0.0
0.880652868562823,0.15186209789143096,1.0,0.0
0.880652868562823,0.1548296754178892,1.0,0.0
0.880652868562823,0.15779725294434746,1.0,0.0
0.880652868562823,0.16076483047080573,1.0,0.0
0.880652868562823,0.16373240799726396,1.0,0.0
0.880652868562823,0.16669998552372223,1.0,0.0
0.880652868562823,0.1696675630501805,1.0,0.0
0.880652868562823,0.17263514057663876,1.0,0.0
0.880652868562823,0.17560271810309702,1.0,0.0
0.880652868562823,0.17857029562955526,1.0,0.0
0.880652868562823,0.18153787315601352,1.0,0.0
0.880652868562823,0.1845054506824718,1.0,0.0
0.880652868562823,0.18747302820893003,1.0,0.0
0.880652868562823,0.1904406057353883,1.0,0.0
0.8836204460892813,0.09547812488872404,1.0,0.0
0.8836204460892813,0.0984457024151823,1.0,0.0
0.8836204460892813,0.10141327994164057,1.0,0.0
0.8836204460892813,0.10438085746809882,1.0,0.0
0.8836204460892813,0.10734843499455707,1.0,0.0
0.8836204460892813,0.11031601252101533,1.0,0.0
0.8836204460892813,0.1132835900474736,1.0,0.0
0.8836204460892813,0.11625116757393185,1.0,0.0
0.8836204460892813,0.1192187451003901,1.0,0.0
0.8836204460892813,0.12218632262684836,1.0,0.0
0.8836204460892813,0.12515390015330663,1.0,0.0
0.8836204460892813,0.1281214776797649,1.0,0.0
0.8836204460892813,0.13108905520622313,1.0,0.0
0.8836204460892813,0.1340566327326814,1.0,0.0
0.8836204460892813,0.13702421025913966,1.0,0.0
0.8836204460892813,0.1399917877855979,1.0,0.0
0.8836204460892813,0.14295936531205616,1.0,0.0
0.8836204460892813,0.14592694283851443,1.0,0.0
0.8836204460892813,0.1488945203649727,1.0,0.0
0.8836204460892813,0.15186209789143096,1.0,0.0
0.8836204460892813,0.1548296754178892,1.0,0.0
0.8836204460892813,0.15779725294434746,1.0,0.0
0.8836204460892813,0.16076483047080573,1.0,0.0
0.8836204460892813,0.16373240799726396,1.0,0.0
0.8836204460892813,0.16669998552372223,1.0,0.0
0.8836204460892813,0.1696675630501805,1.0,0.0
0.8836204460892813,0.17263514057663876,1.0,0.0
0.8836204460892813,0.17560271810309702,1.0,0.0
0.8836204460892813,0.17857029562955526,1.0,0.0
0.8836204460892813,0.18153787315601352,1.0,0.0
0.8836204460892813,0.1845054506824718,1.0,0.0
0.8836204460892813,0.18747302820893003,1.0,0.0
0.8836204460892813,0.1904406057353883,1.0,0.0
0.8865880236157395,0.09547812488872404,1.0,0.0
0.8865880236157395,0.0984457024151823,1.0,0.0
0.8865880236157395,0.10141327994164057,1.0,0.0
0.8865880236157395,0.10438085746809882,1.0,0.0
0.8865880236157395,0.10734843499455707,1.0,0.0
0.8865880236157395,0.11031601252101533,1.0,0.0
0.8865880236157395,0.1132835900474736,1.0,0.0
0.8865880236157395,0.11625116757393185,1.0,0.0
0.8865880236157395,0.1192187451003901,1.0,0.0
0.8865880236157395,0.12218632262684836,1.0,0.0
0.8865880236157395,0.12515390015330663,1.0,0.0
0.8865880236157395,0.1281214776797649,1.0,0.0
0.8865880236157395,0.13108905520622313,1.0,0.0
0.8865880236157395,0.1340566327326814,1.0,0.0
0.8865880236157395,0.13702421025913966,1.0,0.0
0.8865880236157395,0.1399917877855979,1.0,0.0
0.8865880236157395,0.14295936531205616,1.0,0.0
0.8865880236157395,0.14592694283851443,1.0,0.0
0.8865880236157395,0.1488945203649727,1.0,0.0
0.8865880236157395,0.15186209789143096,1.0,0.0
0.8865880236157395,0.1548296754178892,1.0,0.0
0.8865880236157395,0.15779725294434746,1.0,0.0
0.8865880236157395,0.16076483047080573,1.0,0.0
0.8865880236157395,0.16373240799726396,1.0,0.0
0.8865880236157395,0.16669998552372223,1.0,0.0
0.8865880236157395,0.1696675630501805,1.0,0.0
0.8865880236157395,0.17263514057663876,1.0,0.0
0.8865880236157395,0.17560271810309702,1.0,0.0
0.8865880236157395,0.17857029562955526,1.0,0.0
0.8865880236157395,0.18153787315601352,1.0,0.0
0.8865880236157395,0.1845054506824718,1.0,0.0
0.8865880236157395,0.18747302820893003,1.0,0.0
0.8865880236157395,0.1904406057353883,1.0,0.0
0.8895556011421978,0.09547812488872404,1.0,0.0
0.8895556011421978,0.0984457024151823,1.0,0.0
0.8895556011421978,0.10141327994164057,1.0,0.0
0.8895556011421978,0.10438085746809882,1.0,0.0
0.8895556011421978,0.10734843499455707,1.0,0.0
0.8895556011421978,0.11031601252101533,1.0,0.0
0.8895556011421978,0.1132835900474736,1.0,0.0
0.8895556011421978,0.11625116757393185,1.0,0.0
0.8895556011421978,0.1192187451003901,1.0,0.0
0.8895556011421978,0.12218632262684836,1.0,0.0
0.8895556011421978,0.12515390015330663,1.0,0.0
0.8895556011421978,0.1281214776797649,1.0,0.0
0.8895556011421978,0.13108905520622313,1.0,0.0
0.8895556011421978,0.1340566327326814,1.0,0.0
0.8895556011421978,0.13702421025913966,1.0,0.0
0.8895556011421978,0.1399917877855979,1.0,0.0
0.8895556011421978,0.14295936531205616,1.0,0.0
0.8895556011421978,0.14592694283851443,1.0,0.0
0.8895556011421978,0.1488945203649727,1.0,0.0
0.8895556011421978,0.15186209789143096,1.0,0.0
0.8895556011421978,0.1548296754178892,1.0,0.0
0.8895556011421978,0.15779725294434746,1.0,0.0
0.8895556011421978,0.16076483047080573,1.0,0.0
0.8895556011421978,0.16373240799726396,1.0,0.0
0.8895556011421978,0.16669998552372223,1.0,0.0
0.8895556011421978,0.1696675630501805,1.0,0.0
0.8895556011421978,0.17263514057663876,1.0,0.0
0.8895556011421978,0.17560271810309702,1.0,0.0
0.8895556011421978,0.17857029562955526,1.0,0.0
0.8895556011421978,0.18153787315601352,1.0,0.0
0.8895556011421978,0.1845054506824718,1.0,0.0
0.8895556011421978,0.18747302820893003,1.0,0.0
0.8895556011421978,0.1904406057353883,1.0,0.0
0.8895556011421978,0.19340818326184656,1.0,0.0
0.892523178668656,0.0984457024151823,1.0,0.0
0.892523178668656,0.10141327994164057,1.0,0.0
0.892523178668656,0.10438085746809882,1.0,0.0
0.892523178668656,0.10734843499455707,1.0,0.0
0.892523178668656,0.11031601252101533,1.0,0.0
0.892523178668656,0.1132835900474736,1.0,0.0
0.892523178668656,0.11625116757393185,1.0,0.0
0.892523178668656,0.1192187451003901,1.0,0.0
0.892523178668656,0.12218632262684836,1.0,0.0
0.892523178668656,0.12515390015330663,1.0,0.0
0.892523178668656,0.1281214776797649,1.0,0.0
0.892523178668656,0.13108905520622313,1.0,0.0
0.892523178668656,0.1340566327326814,1.0,0.0
0.892523178668656,0.13702421025913966,1.0,0.0
0.892523178668656,0.1399917877855979,1.0,0.0
0.892523178668656,0.14295936531205616,1.0,0.0
0.892523178668656,0.14592694283851443,1.0,0.0
0.892523178668656,0.1488945203649727,1.0,0.0
0.892523178668656,0.15186209789143096,1.0,0.0
0.892523178668656,0.1548296754178892,1.0,0.0
0.892523178668656,0.15779725294434746,1.0,0.0
0.892523178668656,0.16076483047080573,1.0,0.0
0.892523178668656,0.16373240799726396,1.0,0.0
0.892523178668656,0.16669998552372223,1.0,0.0
0.892523178668656,0.1696675630501805,1.0,0.0
0.892523178668656,0.17263514057663876,1.0,0.0
0.892523178668656,0.17560271810309702,1.0,0.0
0.892523178668656,0.17857029562955526,1.0,0.0
0.892523178668656,0.18153787315601352,1.0,0.0
0.892523178668656,0.1845054506824718,1.0,0.0
0.892523178668656,0.18747302820893003,1.0,0.0
0.892523178668656,0.1904406057353883,1.0,0.0
0.892523178668656,0.19340818326184656,1.0,0.0
0.8954907561951143,0.10141327994164057,1.0,0.0
0.8954907561951143,0.10438085746809882,1.0,0.0
0.8954907561951143,0.10734843499455707,1.0,0.0
0.8954907561951143,0.11031601252101533,1.0,0.0
0.8954907561951143,0.1132835900474736,1.0,0.0
0.8954907561951143,0.11625116757393185,1.0,0.0
0.8954907561951143,0.1192187451003901,1.0,0.0
0.8954907561951143,0.12218632262684836,1.0,0.0
0.8954907561951143,0.12515390015330663,1.0,0.0
0.8954907561951143,0.1281214776797649,1.0,0.0
0.8954907561951143,0.13108905520622313,1.0,0.0
0.8954907561951143,0.1340566327326814,1.0,0.0
0.8954907561951143,0.13702421025913966,1.0,0.0
0.8954907561951143,0.1399917877855979,1.0,0.0
0.8954907561951143,0.14295936531205616,1.0,0.0
0.8954907561951143,0.14592694283851443,1.0,0.0
0.8954907561951143,0.1488945203649727,1.0,0.0
0.8954907561951143,0.15186209789143096,1.0,0.0
0.8954907561951143,0.1548296754178892,1.0,0.0
0.8954907561951143,0.15779725294434746,1.0,0.0
0.8954907561951143,0.16076483047080573,1.0,0.0
0.8954907561951143,0.16373240799726396,1.0,0.0
0.8954907561951143,0.16669998552372223,1.0,0.0
0.8954907561951143,0.1696675630501805,1.0,0.0
0.8954907561951143,0.17263514057663876,1.0,0.0
0.8954907561951143,0.17560271810309702,1.0,0.0
0.8954907561951143,0.17857029562955526,1.0,0.0
0.8954907561951143,0.18153787315601352,1.0,0.0
0.8954907561951143,0.1845054506824718,1.0,0.0
0.8954907561951143,0.18747302820893003,1.0,0.0
0.8954907561951143,0.1904406057353883,1.0,0.0
0.8954907561951143,0.19340818326184656,1.0,0.0
0.8954907561951143,0.19637576078830482,1.0,0.0
0.8984583337215726,0.10438085746809882,1.0,0.0
0.8984583337215726,0.10734843499455707,1.0,0.0
0.8984583337215726,0.11031601252101533,1.0,0.0
0.8984583337215726,0.1132835900474736,1.0,0.0
0.8984583337215726,0.11625116757393185,1.0,0.0
0.8984583337215726,0.1192187451003901,1.0,0.0
0.8984583337215726,0.12218632262684836,1.0,0.0
0.8984583337215726,0.12515390015330663,1.0,0.0
0.8984583337215726,0.1281214776797649,1.0,0.0
0.8984583337215726,0.13108905520622313,1.0,0.0
0.8984583337215726,0.1340566327326814,1.0,0.0
0.8984583337215726,0.13702421025913966,1.0,0.0
0.8984583337215726,0.1399917877855979,1.0,0.0
0.8984583337215726,0.14295936531205616,1.0,0.0
0.8984583337215726,0.14592694283851443,1.0,0.0
0.8984583337215726,0.1488945203649727,1.0,0.0
0.8984583337215726,0.15186209789143096,1.0,0.0
0.8984583337215726,0.1548296754178892,1.0,0.0
0.8984583337215726,0.15779725294434746,1.0,0.0
0.8984583337215726,0.16076483047080573,1.0,0.0
0.8984583337215726,0.16373240799726396,1.0,0.0
0.8984583337215726,0.16669998552372223,1.0,0.0
0.8984583337215726,0.1696675630501805,1.0,0.0
0.8984583337215726,0.17263514057663876,1.0,0.0
0.8984583337215726,0.17560271810309702,1.0,0.0
0.8984583337215726,0.17857029562955526,1.0,0.0
0.8984583337215726,0.18153787315601352,1.0,0.0
0.8984583337215726,0.1845054506824718,1.0,0.0
0.8984583337215726,0.18747302820893003,1.0,0.0
0.8984583337215726,0.1904406057353883,1.0,0.0
0.8984583337215726,0.19340818326184656,1.0,0.0
0.8984583337215726,0.19637576078830482,1.0,0.0
0.9014259112480308,0.10438085746809882,1.0,0.0
0.9014259112480308,0.10734843499455707,1.0,0.0
0.9014259112480308,0.11031601252101533,1.0,0.0
0.9014259112480308,0.1132835900474736,1.0,0.0
0.9014259112480308,0.11625116757393185,1.0,0.0
0.9014259112480308,0.1192187451003901,1.0,0.0
0.9014259112480308,0.12218632262684836,1.0,0.0
0.9014259112480308,0.12515390015330663,1.0,0.0
0.9014259112480308,0.1281214776797649,1.0,0.0
0.9014259112480308,0.13108905520622313,1.0,0.0
0.9014259112480308,0.1340566327326814,1.0,0.0
0.9014259112480308,0.13702421025913966,1.0,0.0
0.9014259112480308,0.1399917877855979,1.0,0.0
0.9014259112480308,0.14295936531205616,1.0,0.0
0.9014259112480308,0.14592694283851443,1.0,0.0
0.9014259112480308,0.1488945203649727,1.0,0.0
0.9014259112480308,0.15186209789143096,1.0,0.0
0.9014259112480308,0.1548296754178892,1.0,0.0
0.9014259112480308,0.15779725294434746,1.0,0.0
0.9014259112480308,0.16076483047080573,1.0,0.0
0.9014259112480308,0.16373240799726396,1.0,0.0
0.9014259112480308,0.16669998552372223,1.0,0.0
0.9014259112480308,0.1696675630501805,1.0,0.0
0.9014259112480308,0.17263514057663876,1.0,0.0
0.9014259112480308,0.17560271810309702,1.0,0.0
0.9014259112480308,0.17857029562955526,1.0,0.0
0.9014259112480308,0.18153787315601352,1.0,0.0
0.9014259112480308,0.1845054506824718,1.0,0.0
0.9014259112480308,0.18747302820893003,1.0,0.0
0.9014259112480308,0.1904406057353883,1.0,0.0
0.9014259112480308,0.19340818326184656,1.0,0.0
0.9014259112480308,0.19637576078830482,1.0,0.0
0.9043934887744891,0.10438085746809882,1.0,0.0
0.9043934887744891,0.10734843499455707,1.0,0.0
0.9043934887744891,0.11031601252101533,1.0,0.0
0.9043934887744891,0.1132835900474736,1.0,0.0
0.9043934887744891,0.11625116757393185,1.0,0.0
0.9043934887744891,0.1192187451003901,1.0,0.0
0.9043934887744891,0.12218632262684836,1.0,0.0
0.9043934887744891,0.12515390015330663,1.0,0.0
0.9043934887744891,0.1281214776797649,1.0,0.0
0.9043934887744891,0.13108905520622313,1.0,0.0
0.9043934887744891,0.1340566327326814,1.0,0.0
0.9043934887744891,0.13702421025913966,1.0,0.0
0.9043934887744891,0.1399917877855979,1.0,0.0
0.9043934887744891,0.14295936531205616,1.0,0.0
0.9043934887744891,0.14592694283851443,1.0,0.0
0.9043934887744891,0.1488945203649727,1.0,0.0
0.9043934887744891,0.15186209789143096,1.0,0.0
0.9043934887744891,0.1548296754178892,1.0,0.0
0.9043934887744891,0.15779725294434746,1.0,0.0
0.9043934887744891,0.16076483047080573,1.0,0.0
0.9043934887744891,0.16373240799726396,1.0,0.0
0.9043934887744891,0.16669998552372223,1.0,0.0
0.9043934887744891,0.1696675630501805,1.0,0.0
0.9043934887744891,0.17263514057663876,1.0,0.0
0.9043934887744891,0.17560271810309702,1.0,0.0
0.9043934887744891,0.17857029562955526,1.0,0.0
0.9043934887744891,0.18153787315601352,1.0,0.0
0.9043934887744891,0.1845054506824718,1.0,0.0
0.9043934887744891,0.18747302820893003,1.0,0.0
0.9043934887744891,0.1904406057353883,1.0,0.0
0.9043934887744891,0.19340818326184656,1.0,0.0
0.9043934887744891,0.19637576078830482,1.0,0.0
0.9043934887744891,0.19934333831476309,1.0,0.0
0.9073610663009474,0.10734843499455707,1.0,0.0
0.9073610663009474,0.11031601252101533,1.0,0.0
0.9073610663009474,0.1132835900474736,1.0,0.0
0.9073610663009474,0.11625116757393185,1.0,0.0
0.9073610663009474,0.1192187451003901,1.0,0.0
0.9073610663009474,0.12218632262684836,1.0,0.0
0.9073610663009474,0.12515390015330663,1.0,0.0
0.9073610663009474,0.1281214776797649,1.0,0.0
0.9073610663009474,0.13108905520622313,1.0,0.0
0.9073610663009474,0.1340566327326814,1.0,0.0
0.9073610663009474,0.13702421025913966,1.0,0.0
0.9073610663009474,0.1399917877855979,1.0,0.0
0.9073610663009474,0.14295936531205616,1.0,0.0
0.9073610663009474,0.14592694283851443,1.0,0.0
0.9073610663009474,0.1488945203649727,1.0,0.0
0.9073610663009474,0.15186209789143096,1.0,0.0
0.9073610663009474,0.1548296754178892,1.0,0.0
0.9073610663009474,0.15779725294434746,1.0,0.0
0.9073610663009474,0.16076483047080573,1.0,0.0
0.9073610663009474,0.16373240799726396,1.0,0.0
0.9073610663009474,0.16669998552372223,1.0,0.0
0.9073610663009474,0.1696675630501805,1.0,0.0
0.9073610663009474,0.17263514057663876,1.0,0.0
0.9073610663009474,0.17560271810309702,1.0,0.0
0.9073610663009474,0.17857029562955526,1.0,0.0
0.9073610663009474,0.18153787315601352,1.0,0.0
0.9073610663009474,0.1845054506824718,1.0,0.0
0.9073610663009474,0.18747302820893003,1.0,0.0
0.9073610663009474,0.1904406057353883,1.0,0.0
0.9073610663009474,0.19340818326184656,1.0,0.0
0.9073610663009474,0.19637576078830482,1.0,0.0
0.9103286438274056,0.10734843499455707,1.0,0.0
0.9103286438274056,0.11031601252101533,1.0,0.0
0.9103286438274056,0.1132835900474736,1.0,0.0
0.9103286438274056,0.11625116757393185,1.0,0.0
0.9103286438274056,0.1192187451003901,1.0,0.0
0.9103286438274056,0.12218632262684836,1.0,0.0
0.9103286438274056,0.12515390015330663,1.0,0.0
0.9103286438274056,0.1281214776797649,1.0,0.0
0.9103286438274056,0.13108905520622313,1.0,0.0
0.9103286438274056,0.1340566327326814,1.0,0.0
0.9103286438274056,0.13702421025913966,1.0,0.0
0.9103286438274056,0.1399917877855979,1.0,0.0
0.9103286438274056,0.14295936531205616,1.0,0.0
0.9103286438274056,0.14592694283851443,1.0,0.0
0.9103286438274056,0.1488945203649727,1.0,0.0
0.9103286438274056,0.15186209789143096,1.0,0.0
0.9103286438274056,0.1548296754178892,1.0,0.0
0.9103286438274056,0.15779725294434746,1.0,0.0
0.9103286438274056,0.16076483047080573,1.0,0.0
0.9103286438274056,0.16373240799726396,1.0,0.0
0.9103286438274056,0.16669998552372223,1.0,0.0
0.9103286438274056,0.1696675630501805,1.0,0.0
0.9103286438274056,0.17263514057663876,1.0,0.0
0.9103286438274056,0.17560271810309702,1.0,0.0
0.9103286438274056,0.17857029562955526,1.0,0.0
0.9103286438274056,0.18153787315601352,1.0,0.0
0.9103286438274056,0.1845054506824718,1.0,0.0
0.9103286438274056,0.18747302820893003,1.0,0.0
0.9103286438274056,0.1904406057353883,1.0,0.0
0.9103286438274056,0.19340818326184656,1.0,0.0
0.9103286438274056,0.19637576078830482,1.0,0.0
0.9132962213538639,0.11031601252101533,1.0,0.0
0.9132962213538639,0.1132835900474736,1.0,0.0
0.9132962213538639,0.11625116757393185,1.0,0.0
0.9132962213538639,0.1192187451003901,1.0,0.0
0.9132962213538639,0.12218632262684836,1.0,0.0
0.9132962213538639,0.12515390015330663,1.0,0.0
0.9132962213538639,0.1281214776797649,1.0,0.0
0.9132962213538639,0.13108905520622313,1.0,0.0
0.9132962213538639,0.1340566327326814,1.0,0.0
0.9132962213538639,0.13702421025913966,1.0,0.0
0.9132962213538639,0.1399917877855979,1.0,0.0
0.9132962213538639,0.14295936531205616,1.0,0.0
0.9132962213538639,0.14592694283851443,1.0,0.0
0.9132962213538639,0.1488945203649727,1.0,0.0
0.9132962213538639,0.15186209789143096,1.0,0.0
0.9132962213538639,0.1548296754178892,1.0,0.0
0.9132962213538639,0.15779725294434746,1.0,0.0
0.9132962213538639,0.16076483047080573,1.0,0.0
0.9132962213538639,0.16373240799726396,1.0,0.0
0.9132962213538639,0.16669998552372223,1.0,0.0
0.9132962213538639,0.1696675630501805,1.0,0.0
0.9132962213538639,0.17263514057663876,1.0,0.0
0.9132962213538639,0.17560271810309702,1.0,0.0
0.9132962213538639,0.17857029562955526,1.0,0.0
0.9132962213538639,0.18153787315601352,1.0,0.0
0.9132962213538639,0.1845054506824718,1.0,0.0
0.9132962213538639,0.18747302820893003,1.0,0.0
0.9132962213538639,0.1904406057353883,1.0,0.0
0.9132962213538639,0.19340818326184656,1.0,0.0
0.9132962213538639,0.19637576078830482,1.0,0.0
0.9162637988803222,0.1132835900474736,1.0,0.0
0.9162637988803222,0.11625116757393185,1.0,0.0
0.9162637988803222,0.1192187451003901,1.0,0.0
0.9162637988803222,0.12218632262684836,1.0,0.0
0.9162637988803222,0.12515390015330663,1.0,0.0
0.9162637988803222,0.1281214776797649,1.0,0.0
0.9162637988803222,0.13108905520622313,1.0,0.0
0.9162637988803222,0.1340566327326814,1.0,0.0
0.9162637988803222,0.13702421025913966,1.0,0.0
0.9162637988803222,0.1399917877855979,1.0,0.0
0.9162637988803222,0.14295936531205616,1.0,0.0
0.9162637988803222,0.14592694283851443,1.0,0.0
0.9162637988803222,0.1488945203649727,1.0,0.0
0.9162637988803222,0.15186209789143096,1.0,0.0
0.9162637988803222,0.1548296754178892,1.0,0.0
0.9162637988803222,0.15779725294434746,1.0,0.0
0.9162637988803222,0.16076483047080573,1.0,0.0
0.9162637988803222,0.16373240799726396,1.0,0.0
0.9162637988803222,0.16669998552372223,1.0,0.0
0.9162637988803222,0.1696675630501805,1.0,0.0
0.9162637988803222,0.17263514057663876,1.0,0.0
0.9162637988803222,0.17560271810309702,1.0,0.0
0.9162637988803222,0.17857029562955526,1.0,0.0
0.9162637988803222,0.18153787315601352,1.0,0.0
0.9162637988803222,0.1845054506824718,1.0,0.0
0.9162637988803222,0.18747302820893003,1.0,0.0
0.9162637988803222,0.1904406057353883,1.0,0.0
0.9162637988803222,0.19340818326184656,1.0,0.0
0.9162637988803222,0.19637576078830482,1.0,0.0
0.9192313764067804,0.1132835900474736,1.0,0.0
0.9192313764067804,0.11625116757393185,1.0,0.0
0.9192313764067804,0.1192187451003901,1.0,0.0
0.9192313764067804,0.12218632262684836,1.0,0.0
0.9192313764067804,0.12515390015330663,1.0,0.0
0.9192313764067804,0.1281214776797649,1.0,0.0
0.9192313764067804,0.13108905520622313,1.0,0.0
0.9192313764067804,0.1340566327326814,1.0,0.0
0.9192313764067804,0.13702421025913966,1.0,0.0
0.9192313764067804,0.1399917877855979,1.0,0.0
0.9192313764067804,0.14295936531205616,1.0,0.0
0.9192313764067804,0.14592694283851443,1.0,0.0
0.9192313764067804,0.1488945203649727,1.0,0.0
0.9192313764067804,0.15186209789143096,1.0,0.0
0.9192313764067804,0.1548296754178892,1.0,0.0
0.9192313764067804,0.15779725294434746,1.0,0.0
0.9192313764067804,0.16076483047080573,1.0,0.0
0.9192313764067804,0.16373240799726396,1.0,0.0
0.9192313764067804,0.16669998552372223,1.0,0.0
0.9192313764067804,0.1696675630501805,1.0,0.0
0.9192313764067804,0.17263514057663876,1.0,0.0
0.9192313764067804,0.17560271810309702,1.0,0.0
0.9192313764067804,0.17857029562955526,1.0,0.0
0.9192313764067804,0.18153787315601352,1.0,0.0
0.9192313764067804,0.1845054506824718,1.0,0.0
0.9192313764067804,0.18747302820893003,1.0,0.0
0.9192313764067804,0.1904406057353883,1.0,0.0
0.9192313764067804,0.19340818326184656,1.0,0.0
0.9192313764067804,0.19637576078830482,1.0,0.0
0.9192313764067804,0.19934333831476309,1.0,0.0
0.9221989539332387,0.11625116757393185,1.0,0.0
0.9221989539332387,0.1192187451003901,1.0,0.0
0.9221989539332387,0.12218632262684836,1.0,0.0
0.9221989539332387,0.12515390015330663,1.0,0.0
0.9221989539332387,0.1281214776797649,1.0,0.0
0.9221989539332387,0.13108905520622313,1.0,0.0
0.9221989539332387,0.1340566327326814,1.0,0.0
0.9221989539332387,0.13702421025913966,1.0,0.0
0.9221989539332387,0.1399917877855979,1.0,0.0
0.9221989539332387,0.14295936531205616,1.0,0.0
0.9221989539332387,0.14592694283851443,1.0,0.0
0.9221989539332387,0.1488945203649727,1.0,0.0
0.9221989539332387,0.15186209789143096,1.0,0.0
0.9221989539332387,0.1548296754178892,1.0,0.0
0.9221989539332387,0.15779725294434746,1.0,0.0
0.9221989539332387,0.16076483047080573,1.0,0.0
0.9221989539332387,0.16373240799726396,1.0,0.0
0.9221989539332387,0.16669998552372223,1.0,0.0
0.9221989539332387,0.1696675630501805,1.0,0.0
0.9221989539332387,0.17263514057663876,1.0,0.0
0.9221989539332387,0.17560271810309702,1.0,0.0
0.9221989539332387,0.17857029562955526,1.0,0.0
0.9221989539332387,0.18153787315601352,1.0,0.0
0.9221989539332387,0.1845054506824718,1.0,0.0
0.9221989539332387,0.18747302820893003,1.0,0.0
0.9221989539332387,0.1904406057353883,1.0,0.0
0.9221989539332387,0.19340818326184656,1.0,0.0
0.9221989539332387,0.19637576078830482,1.0,0.0
0.9221989539332387,0.19934333831476309,1.0,0.0
0.925166531459697,0.1192187451003901,1.0,0.0
0.925166531459697,0.12218632262684836,1.0,0.0
0.925166531459697,0.12515390015330663,1.0,0.0
0.925166531459697,0.1281214776797649,1.0,0.0
0.925166531459697,0.13108905520622313,1.0,0.0
0.925166531459697,0.1340566327326814,1.0,0.0
0.925166531459697,0.13702421025913966,1.0,0.0
0.925166531459697,0.1399917877855979,1.0,0.0
0.925166531459697,0.14295936531205616,1.0,0.0
0.925166531459697,0.14592694283851443,1.0,0.0
0.925166531459697,0.1488945203649727,1.0,0.0
0.925166531459697,0.15186209789143096,1.0,0.0
0.925166531459697,0.1548296754178892,1.0,0.0
0.925166531459697,0.15779725294434746,1.0,0.0
0.925166531459697,0.16076483047080573,1.0,0.0
0.925166531459697,0.16373240799726396,1.0,0.0
0.925166531459697,0.16669998552372223,1.0,0.0
0.925166531459697,0.1696675630501805,1.0,0.0
0.925166531459697,0.17263514057663876,1.0,0.0
0.925166531459697,0.17560271810309702,1.0,0.0
0.925166531459697,0.17857029562955526,1.0,0.0
0.925166531459697,0.18153787315601352,1.0,0.0
0.925166531459697,0.1845054506824718,1.0,0.0
0.925166531459697,0.18747302820893003,1.0,0.0
0.925166531459697,0.1904406057353883,1.0,0.0
0.925166531459697,0.19340818326184656,1.0,0.0
0.925166531459697,0.19637576078830482,1.0,0.0
0.925166531459697,0.19934333831476309,1.0,0.0
0.925166531459697,0.20231091584122132,1.0,0.0
0.9281341089861552,0.1192187451003901,1.0,0.0
0.9281341089861552,0.12218632262684836,1.0,0.0
0.9281341089861552,0.12515390015330663,1.0,0.0
0.9281341089861552,0.1281214776797649,1.0,0.0
0.9281341089861552,0.13108905520622313,1.0,0.0
0.9281341089861552,0.1340566327326814,1.0,0.0
0.9281341089861552,0.13702421025913966,1.0,0.0
0.9281341089861552,0.1399917877855979,1.0,0.0
0.9281341089861552,0.14295936531205616,1.0,0.0
0.9281341089861552,0.14592694283851443,1.0,0.0
0.9281341089861552,0.1488945203649727,1.0,0.0
0.9281341089861552,0.15186209789143096,1.0,0.0
0.9281341089861552,0.1548296754178892,1.0,0.0
0.9281341089861552,0.15779725294434746,1.0,0.0
0.9281341089861552,0.16076483047080573,1.0,0.0
0.9281341089861552,0.16373240799726396,1.0,0.0
0.9281341089861552,0.16669998552372223,1.0,0.0
0.9281341089861552,0.1696675630501805,1.0,0.0
0.9281341089861552,0.17263514057663876,1.0,0.0
0.9281341089861552,0.17560271810309702,1.0,0.0
0.9281341089861552,0.17857029562955526,1.0,0.0
0.9281341089861552,0.18153787315601352,1.0,0.0
0.9281341089861552,0.1845054506824718,1.0,0.0
0.9281341089861552,0.18747302820893003,1.0,0.0
0.9281341089861552,0.1904406057353883,1.0,0.0
0.9281341089861552,0.19340818326184656,1.0,0.0
0.9281341089861552,0.19637576078830482,1.0,0.0
0.9281341089861552,0.19934333831476309,1.0,0.0
0.9281341089861552,0.20231091584122132,1.0,0.0
0.9311016865126135,0.12218632262684836,1.0,0.0
0.9311016865126135,0.12515390015330663,1.0,0.0
0.9311016865126135,0.1281214776797649,1.0,0.0
0.9311016865126135,0.13108905520622313,1.0,0.0
0.9311016865126135,0.1340566327326814,1.0,0.0
0.9311016865126135,0.13702421025913966,1.0,0.0
0.9311016865126135,0.1399917877855979,1.0,0.0
0.9311016865126135,0.14295936531205616,1.0,0.0
0.9311016865126135,0.14592694283851443,1.0,0.0
0.9311016865126135,0.1488945203649727,1.0,0.0
0.9311016865126135,0.15186209789143096,1.0,0.0
0.9311016865126135,0.1548296754178892,1.0,0.0
0.9311016865126135,0.15779725294434746,1.0,0.0
0.9311016865126135,0.16076483047080573,1.0,0.0
0.9311016865126135,0.16373240799726396,1.0,0.0
0.9311016865126135,0.16669998552372223,1.0,0.0
0.9311016865126135,0.1696675630501805,1.0,0.0
0.9311016865126135,0.17263514057663876,1.0,0.0
0.9311016865126135,0.17560271810309702,1.0,0.0
0.9311016865126135,0.17857029562955526,1.0,0.0
0.9311016865126135,0.18153787315601352,1.0,0.0
0.9311016865126135,0.1845054506824718,1.0,0.0
0.9311016865126135,0.18747302820893003,1.0,0.0
0.9311016865126135,0.1904406057353883,1.0,0.0
0.9311016865126135,0.19340818326184656,1.0,0.0
0.9311016865126135,0.19637576078830482,1.0,0.0
0.9311016865126135,0.19934333831476309,1.0,0.0
0.9311016865126135,0.20231091584122132,1.0,0.0
0.9340692640390718,0.12218632262684836,1.0,0.0
0.9340692640390718,0.12515390015330663,1.0,0.0
0.9340692640390718,0.1281214776797649,1.0,0.0
0.9340692640390718,0.13108905520622313,1.0,0.0
0.9340692640390718,0.1340566327326814,1.0,0.0
0.9340692640390718,0.13702421025913966,1.0,0.0
0.9340692640390718,0.1399917877855979,1.0,0.0
0.9340692640390718,0.14295936531205616,1.0,0.0
0.9340692640390718,0.14592694283851443,1.0,0.0
0.9340692640390718,0.1488945203649727,1.0,0.0
0.9340692640390718,0.15186209789143096,1.0,0.0
0.9340692640390718,0.1548296754178892,1.0,0.0
0.9340692640390718,0.15779725294434746,1.0,0.0
0.9340692640390718,0.16076483047080573,1.0,0.0
0.9340692640390718,0.16373240799726396,1.0,0.0
0.9340692640390718,0.16669998552372223,1.0,0.0
0.9340692640390718,0.1696675630501805,1.0,0.0
0.9340692640390718,0.17263514057663876,1.0,0.0
0.9340692640390718,0.17560271810309702,1.0,0.0
0.9340692640390718,0.17857029562955526,1.0,0.0
0.9340692640390718,0.18153787315601352,1.0,0.0
0.9340692640390718,0.1845054506824718,1.0,0.0
0.9340692640390718,0.18747302820893003,1.0,0.0
0.9340692640390718,0.1904406057353883,1.0,0.0
0.9340692640390718,0.19340818326184656,1.0,0.0
0.9340692640390718,0.19637576078830482,1.0,0.0
0.9340692640390718,0.19934333831476309,1.0,0.0
0.9340692640390718,0.20231091584122132,1.0,0.0
0.93703684156553,0.12218632262684836,1.0,0.0
0.93703684156553,0.12515390015330663,1.0,0.0
0.93703684156553,0.1281214776797649,1.0,0.0
0.93703684156553,0.13108905520622313,1.0,0.0
0.93703684156553,0.1340566327326814,1.0,0.0
0.93703684156553,0.13702421025913966,1.0,0.0
0.93703684156553,0.1399917877855979,1.0,0.0
0.93703684156553,0.14295936531205616,1.0,0.0
0.93703684156553,0.14592694283851443,1.0,0.0
0.93703684156553,0.1488945203649727,1.0,0.0
0.93703684156553,0.15186209789143096,1.0,0.0
0.93703684156553,0.1548296754178892,1.0,0.0
0.93703684156553,0.15779725294434746,1.0,0.0
0.93703684156553,0.16076483047080573,1.0,0.0
0.93703684156553,0.16373240799726396,1.0,0.0
0.93703684156553,0.16669998552372223,1.0,0.0
0.93703684156553,0.1696675630501805,1.0,0.0
0.93703684156553,0.17263514057663876,1.0,0.0
0.93703684156553,0.17560271810309702,1.0,0.0
0.93703684156553,0.17857029562955526,1.0,0.0
0.93703684156553,0.18153787315601352,1.0,0.0
0.93703684156553,0.1845054506824718,1.0,0.0
0.93703684156553,0.18747302820893003,1.0,0.0
0.93703684156553,0.1904406057353883,1.0,0.0
0.93703684156553,0.19340818326184656,1.0,0.0
0.93703684156553,0.19637576078830482,1.0,0.0
0.93703684156553,0.19934333831476309,1.0,0.0
0.93703684156553,0.20231091584122132,1.0,0.0
0.9400044190919883,0.12515390015330663,1.0,0.0
0.9400044190919883,0.1281214776797649,1.0,0.0
0.9400044190919883,0.13108905520622313,1.0,0.0
0.9400044190919883,0.1340566327326814,1.0,0.0
0.9400044190919883,0.13702421025913966,1.0,0.0
0.9400044190919883,0.1399917877855979,1.0,0.0
0.9400044190919883,0.14295936531205616,1.0,0.0
0.9400044190919883,0.14592694283851443,1.0,0.0
0.9400044190919883,0.1488945203649727,1.0,0.0
0.9400044190919883,0.15186209789143096,1.0,0.0
0.9400044190919883,0.1548296754178892,1.0,0.0
0.9400044190919883,0.15779725294434746,1.0,0.0
0.9400044190919883,0.16076483047080573,1.0,0.0
0.9400044190919883,0.16373240799726396,1.0,0.0
0.9400044190919883,0.16669998552372223,1.0,0.0
0.9400044190919883,0.1696675630501805,1.0,0.0
0.9400044190919883,0.17263514057663876,1.0,0.0
0.9400044190919883,0.17560271810309702,1.0,0.0
0.9400044190919883,0.17857029562955526,1.0,0.0
0.9400044190919883,0.18153787315601352,1.0,0.0
0.9400044190919883,0.1845054506824718,1.0,0.0
0.9400044190919883,0.18747302820893003,1.0,0.0
0.9400044190919883,0.1904406057353883,1.0,0.0
0.9400044190919883,0.19340818326184656,1.0,0.0
0.9400044190919883,0.19637576078830482,1.0,0.0
0.9400044190919883,0.19934333831476309,1.0,0.0
0.9400044190919883,0.20231091584122132,1.0,0.0
0.9429719966184466,0.1281214776797649,1.0,0.0
0.9429719966184466,0.13108905520622313,1.0,0.0
0.9429719966184466,0.1340566327326814,1.0,0.0
0.9429719966184466,0.13702421025913966,1.0,0.0
0.9429719966184466,0.1399917877855979,1.0,0.0
0.9429719966184466,0.14295936531205616,1.0,0.0
0.9429719966184466,0.14592694283851443,1.0,0.0
0.9429719966184466,0.1488945203649727,1.0,0.0
0.9429719966184466,0.15186209789143096,1.0,0.0
0.9429719966184466,0.1548296754178892,1.0,0.0
0.9429719966184466,0.15779725294434746,1.0,0.0
0.9429719966184466,0.16076483047080573,1.0,0.0
0.9429719966184466,0.16373240799726396,1.0,0.0
0.9429719966184466,0.16669998552372223,1.0,0.0
0.9429719966184466,0.1696675630501805,1.0,0.0
0.9429719966184466,0.17263514057663876,1.0,0.0
0.9429719966184466,0.17560271810309702,1.0,0.0
0.9429719966184466,0.17857029562955526,1.0,0.0
0.9429719966184466,0.18153787315601352,1.0,0.0
0.9429719966184466,0.1845054506824718,1.0,0.0
0.9429719966184466,0.18747302820893003,1.0,0.0
0.9429719966184466,0.1904406057353883,1.0,0.0
0.9429719966184466,0.19340818326184656,1.0,0.0
0.9429719966184466,0.19637576078830482,1.0,0.0
0.9429719966184466,0.19934333831476309,1.0,0.0
0.9429719966184466,0.20231091584122132,1.0,0.0
0.9459395741449048,0.13108905520622313,1.0,0.0
0.9459395741449048,0.1340566327326814,1.0,0.0
0.9459395741449048,0.13702421025913966,1.0,0.0
0.9459395741449048,0.1399917877855979,1.0,0.0
0.9459395741449048,0.14295936531205616,1.0,0.0
0.9459395741449048,0.14592694283851443,1.0,0.0
0.9459395741449048,0.1488945203649727,1.0,0.0
0.9459395741449048,0.15186209789143096,1.0,0.0
0.9459395741449048,0.1548296754178892,1.0,0.0
0.9459395741449048,0.15779725294434746,1.0,0.0
0.9459395741449048,0.16076483047080573,1.0,0.0
0.9459395741449048,0.16373240799726396,1.0,0.0
0.9459395741449048,0.16669998552372223,1.0,0.0
0.9459395741449048,0.1696675630501805,1.0,0.0
0.9459395741449048,0.17263514057663876,1.0,0.0
0.9459395741449048,0.17560271810309702,1.0,0.0
0.9459395741449048,0.17857029562955526,1.0,0.0
0.9459395741449048,0.18153787315601352,1.0,0.0
0.9459395741449048,0.1845054506824718,1.0,0.0
0.9459395741449048,0.18747302820893003,1.0,0.0
0.9459395741449048,0.1904406057353883,1.0,0.0
0.9459395741449048,0.19340818326184656,1.0,0.0
0.9459395741449048,0.19637576078830482,1.0,0.0
0.9459395741449048,0.19934333831476309,1.0,0.0
0.9459395741449048,0.20231091584122132,1.0,0.0
0.9489071516713631,0.1340566327326814,1.0,0.0
0.9489071516713631,0.13702421025913966,1.0,0.0
0.9489071516713631,0.1399917877855979,1.0,0.0
0.9489071516713631,0.14295936531205616,1.0,0.0
0.9489071516713631,0.14592694283851443,1.0,0.0
0.9489071516713631,0.1488945203649727,1.0,0.0
0.9489071516713631,0.15186209789143096,1.0,0.0
0.9489071516713631,0.1548296754178892,1.0,0.0
0.9489071516713631,0.15779725294434746,1.0,0.0
0.9489071516713631,0.16076483047080573,1.0,0.0
0.9489071516713631,0.16373240799726396,1.0,0.0
0.9489071516713631,0.16669998552372223,1.0,0.0
0.9489071516713631,0.1696675630501805,1.0,0.0
0.9489071516713631,0.17263514057663876,1.0,0.0
0.9489071516713631,0.17560271810309702,1.0,0.0
0.9489071516713631,0.17857029562955526,1.0,0.0
0.9489071516713631,0.18153787315601352,1.0,0.0
0.9489071516713631,0.1845054506824718,1.0,0.0
0.9489071516713631,0.18747302820893003,1.0,0.0
0.9489071516713631,0.1904406057353883,1.0,0.0
0.9489071516713631,0.19340818326184656,1.0,0.0
0.9489071516713631,0.19637576078830482,1.0,0.0
0.9489071516713631,0.19934333831476309,1.0,0.0
0.9518747291978213,0.13702421025913966,1.0,0.0
0.9518747291978213,0.1399917877855979,1.0,0.0
0.9518747291978213,0.14295936531205616,1.0,0.0
0.9518747291978213,0.14592694283851443,1.0,0.0
0.9518747291978213,0.1488945203649727,1.0,0.0
0.9518747291978213,0.15186209789143096,1.0,0.0
0.9518747291978213,0.1548296754178892,1.0,0.0
0.9518747291978213,0.15779725294434746,1.0,0.0
0.9518747291978213,0.16076483047080573,1.0,0.0
0.9518747291978213,0.16373240799726396,1.0,0.0
0.9518747291978213,0.16669998552372223,1.0,0.0
0.9518747291978213,0.1696675630501805,1.0,0.0
0.9518747291978213,0.17263514057663876,1.0,0.0
0.9518747291978213,0.17560271810309702,1.0,0.0
0.9518747291978213,0.17857029562955526,1.0,0.0
0.9518747291978213,0.18153787315601352,1.0,0.0
0.9518747291978213,0.1845054506824718,1.0,0.0
0.9518747291978213,0.18747302820893003,1.0,0.0
0.9518747291978213,0.1904406057353883,1.0,0.0
0.9518747291978213,0.19340818326184656,1.0,0.0
0.9548423067242795,0.1399917877855979,1.0,0.0
0.9548423067242795,0.14295936531205616,1.0,0.0
0.9548423067242795,0.14592694283851443,1.0,0.0
0.9548423067242795,0.1488945203649727,1.0,0.0
0.9548423067242795,0.15186209789143096,1.0,0.0
0.9548423067242795,0.1548296754178892,1.0,0.0
0.9548423067242795,0.15779725294434746,1.0,0.0
0.9548423067242795,0.16076483047080573,1.0,0.0
0.9548423067242795,0.16373240799726396,1.0,0.0
0.9548423067242795,0.16669998552372223,1.0,0.0
0.9548423067242795,0.1696675630501805,1.0,0.0
0.9548423067242795,0.17263514057663876,1.0,0.0
0.9548423067242795,0.17560271810309702,1.0,0.0
0.9548423067242795,0.17857029562955526,1.0,0.0
0.9548423067242795,0.18153787315601352,1.0,0.0
0.9548423067242795,0.1845054506824718,1.0,0.0
0.9548423067242795,0.18747302820893003,1.0,0.0
0.9548423067242795,0.1904406057353883,1.0,0.0
0.9578098842507378,0.1399917877855979,1.0,0.0
0.9578098842507378,0.14295936531205616,1.0,0.0
0.9578098842507378,0.14592694283851443,1.0,0.0
0.9578098842507378,0.1488945203649727,1.0,0.0
0.9578098842507378,0.15186209789143096,1.0,0.0
0.9578098842507378,0.1548296754178892,1.0,0.0
0.9578098842507378,0.15779725294434746,1.0,0.0
0.9578098842507378,0.16076483047080573,1.0,0.0
0.9578098842507378,0.16373240799726396,1.0,0.0
0.9578098842507378,0.16669998552372223,1.0,0.0
0.9578098842507378,0.1696675630501805,1.0,0.0
0.9578098842507378,0.17263514057663876,1.0,0.0
0.9578098842507378,0.17560271810309702,1.0,0.0
0.9578098842507378,0.17857029562955526,1.0,0.0
0.9578098842507378,0.18153787315601352,1.0,0.0
0.9578098842507378,0.1845054506824718,1.0,0.0
0.9578098842507378,0.18747302820893003,1.0,0.0
0.9578098842507378,0.1904406057353883,1.0,0.0
0.960777461777196,0.14295936531205616,1.0,0.0
0.960777461777196,0.14592694283851443,1.0,0.0
0.960777461777196,0.1488945203649727,1.0,0.0
0.960777461777196,0.15186209789143096,1.0,0.0
0.960777461777196,0.1548296754178892,1.0,0.0
0.960777461777196,0.15779725294434746,1.0,0.0
0.960777461777196,0.16076483047080573,1.0,0.0
0.960777461777196,0.16373240799726396,1.0,0.0
0.960777461777196,0.16669998552372223,1.0,0.0
0.960777461777196,0.1696675630501805,1.0,0.0
0.960777461777196,0.17263514057663876,1.0,0.0
0.960777461777196,0.17560271810309702,1.0,0.0
0.960777461777196,0.17857029562955526,1.0,0.0
0.960777461777196,0.18153787315601352,1.0,0.0
0.960777461777196,0.1845054506824718,1.0,0.0
0.960777461777196,0.18747302820893003,1.0,0.0
0.960777461777196,0.1904406057353883,1.0,0.0
0.9637450393036543,0.14592694283851443,1.0,0.0
0.9637450393036543,0.1488945203649727,1.0,0.0
0.9637450393036543,0.15186209789143096,1.0,0.0
0.9637450393036543,0.1548296754178892,1.0,0.0
0.9637450393036543,0.15779725294434746,1.0,0.0
0.9637450393036543,0.16076483047080573,1.0,0.0
0.9637450393036543,0.16373240799726396,1.0,0.0
0.9637450393036543,0.16669998552372223,1.0,0.0
0.9637450393036543,0.1696675630501805,1.0,0.0
0.9637450393036543,0.17263514057663876,1.0,0.0
0.9637450393036543,0.17560271810309702,1.0,0.0
0.9637450393036543,0.17857029562955526,1.0,0.0
0.9637450393036543,0.18153787315601352,1.0,0.0
0.9637450393036543,0.1845054506824718,1.0,0.0
0.9637450393036543,0.18747302820893003,1.0,0.0
0.9667126168301126,0.1488945203649727,1.0,0.0
0.9667126168301126,0.15186209789143096,1.0,0.0
0.9667126168301126,0.1548296754178892,1.0,0.0
0.9667126168301126,0.15779725294434746,1.0,0.0
0.9667126168301126,0.16076483047080573,1.0,0.0
0.9667126168301126,0.16373240799726396,1.0,0.0
0.9667126168301126,0.16669998552372223,1.0,0.0
0.9667126168301126,0.1696675630501805,1.0,0.0
0.9667126168301126,0.17263514057663876,1.0,0.0
0.9667126168301126,0.17560271810309702,1.0,0.0
0.9667126168301126,0.17857029562955526,1.0,0.0
0.9667126168301126,0.18153787315601352,1.0,0.0
0.9667126168301126,0.1845054506824718,1.0,0.0
0.9667126168301126,0.18747302820893003,1.0,0.0
0.9696801943565708,0.15186209789143096,1.0,0.0
0.9696801943565708,0.1548296754178892,1.0,0.0
0.9696801943565708,0.15779725294434746,1.0,0.0
0.9696801943565708,0.16076483047080573,1.0,0.0
0.9696801943565708,0.16373240799726396,1.0,0.0
0.9696801943565708,0.16669998552372223,1.0,0.0
0.9696801943565708,0.1696675630501805,1.0,0.0
0.9696801943565708,0.17263514057663876,1.0,0.0
0.9696801943565708,0.17560271810309702,1.0,0.0
0.9696801943565708,0.17857029562955526,1.0,0.0
0.9696801943565708,0.18153787315601352,1.0,0.0
0.9696801943565708,0.1845054506824718,1.0,0.0
0.9696801943565708,0.18747302820893003,1.0,0.0
0.9726477718830291,0.1548296754178892,1.0,0.0
0.9726477718830291,0.15779725294434746,1.0,0.0
0.9726477718830291,0.16076483047080573,1.0,0.0
0.9726477718830291,0.16373240799726396,1.0,0.0
0.9726477718830291,0.16669998552372223,1.0,0.0
0.9726477718830291,0.1696675630501805,1.0,0.0
0.9726477718830291,0.17263514057663876,1.0,0.0
0.9726477718830291,0.17560271810309702,1.0,0.0
0.9726477718830291,0.17857029562955526,1.0,0.0
0.9726477718830291,0.18153787315601352,1.0,0.0
0.9726477718830291,0.1845054506824718,1.0,0.0
0.9726477718830291,0.18747302820893003,1.0,0.0
0.9756153494094874,0.15779725294434746,1.0,0.0
0.9756153494094874,0.16076483047080573,1.0,0.0
0.9756153494094874,0.16373240799726396,1.0,0.0
0.9756153494094874,0.16669998552372223,1.0,0.0
0.9756153494094874,0.1696675630501805,1.0,0.0
0.9756153494094874,0.17263514057663876,1.0,0.0
0.9756153494094874,0.17560271810309702,1.0,0.0
0.9756153494094874,0.17857029562955526,1.0,0.0
0.9756153494094874,0.18153787315601352,1.0,0.0
0.9756153494094874,0.1845054506824718,1.0,0.0
0.9756153494094874,0.18747302820893003,1.0,0.0
0.9785829269359456,0.16076483047080573,1.0,0.0
0.9785829269359456,0.16373240799726396,1.0,0.0
0.9785829269359456,0.16669998552372223,1.0,0.0
0.9785829269359456,0.1696675630501805,1.0,0.0
0.9785829269359456,0.17263514057663876,1.0,0.0
0.9785829269359456,0.17560271810309702,1.0,0.0
0.9785829269359456,0.17857029562955526,1.0,0.0
0.9785829269359456,0.18153787315601352,1.0,0.0
0.9785829269359456,0.1845054506824718,1.0,0.0
0.9785829269359456,0.18747302820893003,1.0,0.0
0.9815505044624039,0.16076483047080573,1.0,0.0
0.9815505044624039,0.16373240799726396,1.0,0.0
0.9815505044624039,0.16669998552372223,1.0,0.0
0.9815505044624039,0.1696675630501805,1.0,0.0
0.9815505044624039,0.17263514057663876,1.0,0.0
0.9815505044624039,0.17560271810309702,1.0,0.0
0.9815505044624039,0.17857029562955526,1.0,0.0
0.9815505044624039,0.18153787315601352,1.0,0.0
0.9815505044624039,0.1845054506824718,1.0,0.0
0.9815505044624039,0.18747302820893003,1.0,0.0
0.9845180819888621,0.16373240799726396,1.0,0.0
0.9845180819888621,0.16669998552372223,1.0,0.0
0.9845180819888621,0.1696675630501805,1.0,0.0
0.9845180819888621,0.17263514057663876,1.0,0.0
0.9845180819888621,0.17560271810309702,1.0,0.0
0.9845180819888621,0.17857029562955526,1.0,0.0
0.9845180819888621,0.18153787315601352,1.0,0.0
0.9845180819888621,0.1845054506824718,1.0,0.0
0.9874856595153204,0.16669998552372223,1.0,0.0
0.9874856595153204,0.1696675630501805,1.0,0.0
0.9874856595153204,0.17263514057663876,1.0,0.0
0.9874856595153204,0.17560271810309702,1.0,0.0
0.9874856595153204,0.17857029562955526,1.0,0.0
0.9874856595153204,0.18153787315601352,1.0,0.0
0.9904532370417787,0.17263514057663876,1.0,0.0
0.9904532370417787,0.17560271810309702,1.0,0.0
